1	2	0	0	1	0	-1	3	0	0	2	0	0
2	3	0	0	2	1	0	5	26	0	5	26	0
3	5	26	0	14	8	1	5	24	4	6	0	0
4	5	24	4	1	24	18	5	22	8	7	0	0
5	5	22	8	8	4	23	5	20	12	8	0	0
6	5	20	12	24	12	18	5	17	18	8	0	0
7	5	17	18	6	8	18	5	14	24	8	0	0
8	5	14	24	9	16	4	5	12	28	9	0	0
9	5	12	28	10	4	6	5	10	32	10	0	0
10	5	10	32	14	12	6	5	7	38	10	0	0
11	5	7	38	8	7	6	5	4	44	10	0	0
12	5	4	44	6	1	2	5	3	46	12	0	0
13	5	3	46	7	3	4	6	94	48	14	92	0
14	6	94	48	86	38	53	6	91	54	14	0	0
15	6	91	54	84	78	52	6	88	60	14	0	0
16	6	88	60	67	47	25	6	85	66	14	0	0
17	6	85	66	33	55	65	6	82	72	14	0	0
18	6	82	72	21	20	60	6	79	78	14	0	0
19	6	79	78	15	55	76	6	76	84	14	0	0
20	6	76	84	45	5	26	6	74	88	15	0	0
21	6	74	88	52	50	2	6	72	92	16	0	0
22	6	72	92	23	13	18	6	69	98	16	0	0
23	6	69	98	62	66	41	6	66	104	16	0	0
24	6	66	104	0	40	50	6	64	108	17	0	0
25	6	64	108	55	31	63	6	61	114	17	0	0
26	6	61	114	19	59	22	6	58	120	17	0	0
27	6	58	120	13	37	54	6	55	126	17	0	0
28	6	55	126	33	40	6	6	52	132	17	0	0
29	6	52	132	42	47	8	6	49	138	17	0	0
30	6	49	138	47	50	30	6	46	144	17	0	0
31	6	46	144	49	8	18	6	43	150	17	0	0
32	6	43	150	20	19	30	6	40	156	17	0	0
33	6	40	156	13	44	41	6	37	162	17	0	0
34	6	37	162	26	0	1	6	36	164	19	0	0
35	6	36	164	20	12	18	6	33	170	19	0	0
36	6	33	170	5	7	2	7	162	172	21	130	0
37	7	162	172	147	153	78	7	159	178	21	0	0
38	7	159	178	48	146	67	7	156	184	21	0	0
39	7	156	184	143	154	126	7	153	190	21	0	0
40	7	153	190	136	104	107	7	150	196	21	0	0
41	7	150	196	145	93	78	7	147	202	21	0	0
42	7	147	202	109	43	54	7	144	208	21	0	0
43	7	144	208	0	133	53	7	142	212	22	0	0
44	7	142	212	99	49	39	7	139	218	22	0	0
45	7	139	218	46	69	15	7	136	224	22	0	0
46	7	136	224	99	114	15	7	133	230	22	0	0
47	7	133	230	6	46	9	7	131	234	23	0	0
48	7	131	234	89	32	72	7	128	240	23	0	0
49	7	128	240	4	13	51	7	126	244	24	0	0
50	7	126	244	125	99	106	7	123	250	24	0	0
51	7	123	250	123	31	62	7	120	256	24	0	0
52	7	120	256	67	36	2	7	118	260	25	0	0
53	7	118	260	30	21	106	7	115	266	25	0	0
54	7	115	266	119	96	97	7	112	272	25	0	0
55	7	112	272	45	85	87	7	109	278	25	0	0
56	7	109	278	39	56	49	7	106	284	25	0	0
57	7	106	284	43	64	84	7	103	290	25	0	0
58	7	103	290	84	74	75	7	100	296	25	0	0
59	7	100	296	10	100	101	7	97	302	25	0	0
60	7	97	302	89	61	31	7	94	308	25	0	0
61	7	94	308	67	19	89	7	91	314	25	0	0
62	7	91	314	66	46	83	7	88	320	25	0	0
63	7	88	320	79	10	50	7	85	326	25	0	0
64	7	85	326	4	87	76	7	83	330	26	0	0
65	7	83	330	69	51	22	7	80	336	26	0	0
66	7	80	336	50	3	0	8	91	338	28	12	0
67	8	91	338	25	38	67	8	88	344	28	0	0
68	8	88	344	73	37	31	8	85	350	28	0	0
69	8	85	350	17	58	8	8	82	356	28	0	0
70	8	82	356	55	67	35	8	79	362	28	0	0
71	8	79	362	5	2	0	9	119	362	31	40	0
72	9	119	362	17	1	120	9	117	366	32	0	0
73	9	117	366	69	14	104	9	114	372	32	0	0
74	9	114	372	60	22	85	9	111	378	32	0	0
75	9	111	378	36	77	70	9	108	384	32	0	0
76	9	108	384	47	112	14	9	105	390	32	0	0
77	9	105	390	84	61	60	9	102	396	32	0	0
78	9	102	396	26	58	0	9	100	400	33	0	0
79	9	100	400	108	14	65	9	97	406	33	0	0
80	9	97	406	82	35	64	9	94	412	33	0	0
81	9	94	412	85	65	2	9	92	416	34	0	0
82	9	92	416	4	75	59	9	90	420	35	0	0
83	9	90	420	89	60	65	9	87	426	35	0	0
84	9	87	426	40	24	69	9	84	432	35	0	0
85	9	84	432	75	66	16	9	81	438	35	0	0
86	9	81	438	12	1	74	9	79	442	36	0	0
87	9	79	442	66	0	60	9	77	446	37	0	0
88	9	77	446	80	81	54	9	74	452	37	0	0
89	9	74	452	76	15	27	9	71	458	37	0	0
90	9	71	458	21	64	65	9	68	464	37	0	0
91	9	68	464	67	47	26	9	65	470	37	0	0
92	9	65	470	56	20	68	9	62	476	37	0	0
93	9	62	476	59	46	44	9	59	482	37	0	0
94	9	59	482	18	52	20	9	56	488	37	0	0
95	9	56	488	37	6	19	9	54	492	38	0	0
96	9	54	492	56	48	4	9	52	496	39	0	0
97	9	52	496	30	17	26	9	49	502	39	0	0
98	9	49	502	26	7	41	9	47	506	40	0	0
99	9	47	506	27	49	1	9	45	510	41	0	0
100	9	45	510	52	6	50	9	43	514	42	0	0
101	9	43	514	9	11	24	9	40	520	42	0	0
102	9	40	520	48	32	10	9	37	526	42	0	0
103	9	37	526	12	38	28	9	34	532	42	0	0
104	9	34	532	27	0	25	9	32	536	43	0	0
105	9	32	536	30	22	6	9	30	540	44	0	0
106	9	30	540	11	30	10	9	27	546	44	0	0
107	9	27	546	2	28	18	9	25	550	45	0	0
108	9	25	550	29	30	15	9	22	556	45	0	0
109	9	22	556	27	22	1	9	20	560	46	0	0
110	9	20	560	1	3	13	10	31	562	48	12	0
111	10	31	562	20	16	40	10	28	568	48	0	0
112	10	28	568	11	34	32	10	25	574	48	0	0
113	10	25	574	5	31	29	10	23	578	49	0	0
114	10	23	578	19	25	13	10	20	584	49	0	0
115	10	20	584	18	3	23	10	18	588	50	0	0
116	10	18	588	21	19	12	10	15	594	50	0	0
117	10	15	594	12	18	17	10	12	600	50	0	0
118	10	12	600	12	2	13	10	10	604	51	0	0
119	10	10	604	9	6	8	13	546	604	54	536	0
120	13	546	604	501	217	10	13	544	608	55	0	0
121	13	544	608	316	53	202	13	541	614	55	0	0
122	13	541	614	250	434	14	13	538	620	55	0	0
123	13	538	620	523	379	203	13	535	626	55	0	0
124	13	535	626	276	427	144	13	532	632	55	0	0
125	13	532	632	411	282	356	13	529	638	55	0	0
126	13	529	638	107	338	288	13	526	644	55	0	0
127	13	526	644	40	476	85	13	523	650	55	0	0
128	13	523	650	463	446	121	13	520	656	55	0	0
129	13	520	656	65	365	391	13	517	662	55	0	0
130	13	517	662	182	509	397	13	514	668	55	0	0
131	13	514	668	17	275	187	13	511	674	55	0	0
132	13	511	674	376	183	437	13	508	680	55	0	0
133	13	508	680	44	98	283	13	505	686	55	0	0
134	13	505	686	365	130	99	13	502	692	55	0	0
135	13	502	692	463	196	361	13	499	698	55	0	0
136	13	499	698	486	455	330	13	496	704	55	0	0
137	13	496	704	17	3	327	13	494	708	56	0	0
138	13	494	708	87	420	324	13	491	714	56	0	0
139	13	491	714	418	144	102	13	488	720	56	0	0
140	13	488	720	254	473	488	13	485	726	56	0	0
141	13	485	726	159	428	271	13	482	732	56	0	0
142	13	482	732	249	196	278	13	479	738	56	0	0
143	13	479	738	475	443	198	13	476	744	56	0	0
144	13	476	744	132	415	291	13	473	750	56	0	0
145	13	473	750	473	39	220	13	470	756	56	0	0
146	13	470	756	457	373	107	13	467	762	56	0	0
147	13	467	762	365	148	25	13	464	768	56	0	0
148	13	464	768	289	400	453	13	461	774	56	0	0
149	13	461	774	361	238	220	13	458	780	56	0	0
150	13	458	780	397	233	222	13	455	786	56	0	0
151	13	455	786	304	246	290	13	452	792	56	0	0
152	13	452	792	429	121	434	13	449	798	56	0	0
153	13	449	798	257	401	289	13	446	804	56	0	0
154	13	446	804	122	355	382	13	443	810	56	0	0
155	13	443	810	260	450	238	13	440	816	56	0	0
156	13	440	816	268	383	401	13	437	822	56	0	0
157	13	437	822	314	404	10	13	435	826	57	0	0
158	13	435	826	67	429	441	13	432	832	57	0	0
159	13	432	832	224	113	163	13	429	838	57	0	0
160	13	429	838	60	36	426	13	426	844	57	0	0
161	13	426	844	21	166	357	13	423	850	57	0	0
162	13	423	850	346	173	405	13	420	856	57	0	0
163	13	420	856	22	71	235	13	417	862	57	0	0
164	13	417	862	341	56	378	13	414	868	57	0	0
165	13	414	868	264	410	148	13	411	874	57	0	0
166	13	411	874	294	112	19	13	408	880	57	0	0
167	13	408	880	351	355	250	13	405	886	57	0	0
168	13	405	886	351	187	186	13	402	892	57	0	0
169	13	402	892	87	397	366	13	399	898	57	0	0
170	13	399	898	333	22	275	13	396	904	57	0	0
171	13	396	904	307	374	405	13	393	910	57	0	0
172	13	393	910	121	337	59	13	390	916	57	0	0
173	13	390	916	181	361	381	13	387	922	57	0	0
174	13	387	922	231	146	114	13	384	928	57	0	0
175	13	384	928	314	369	171	13	381	934	57	0	0
176	13	381	934	109	142	72	13	378	940	57	0	0
177	13	378	940	69	84	283	13	375	946	57	0	0
178	13	375	946	345	355	188	13	372	952	57	0	0
179	13	372	952	44	289	177	13	369	958	57	0	0
180	13	369	958	124	148	80	13	366	964	57	0	0
181	13	366	964	226	174	300	13	363	970	57	0	0
182	13	363	970	175	352	66	13	360	976	57	0	0
183	13	360	976	188	47	165	13	357	982	57	0	0
184	13	357	982	151	301	259	13	354	988	57	0	0
185	13	354	988	41	155	293	13	351	994	57	0	0
186	13	351	994	327	269	68	13	348	1000	57	0	0
187	13	348	1000	285	333	226	13	345	1006	57	0	0
188	13	345	1006	67	333	304	13	342	1012	57	0	0
189	13	342	1012	352	173	149	13	339	1018	57	0	0
190	13	339	1018	129	207	223	13	336	1024	57	0	0
191	13	336	1024	184	30	53	13	333	1030	57	0	0
192	13	333	1030	213	194	252	13	330	1036	57	0	0
193	13	330	1036	224	11	25	13	328	1040	58	0	0
194	13	328	1040	260	53	109	13	325	1046	58	0	0
195	13	325	1046	228	108	275	13	322	1052	58	0	0
196	13	322	1052	287	268	158	13	319	1058	58	0	0
197	13	319	1058	106	184	171	13	316	1064	58	0	0
198	13	316	1064	240	271	24	13	313	1070	58	0	0
199	13	313	1070	66	37	224	13	310	1076	58	0	0
200	13	310	1076	175	262	115	13	307	1082	58	0	0
201	13	307	1082	78	68	253	13	304	1088	58	0	0
202	13	304	1088	190	124	185	13	301	1094	58	0	0
203	13	301	1094	153	180	129	13	298	1100	58	0	0
204	13	298	1100	169	168	184	13	295	1106	58	0	0
205	13	295	1106	184	293	108	13	292	1112	58	0	0
206	13	292	1112	94	35	285	13	289	1118	58	0	0
207	13	289	1118	191	261	100	13	286	1124	58	0	0
208	13	286	1124	282	100	137	13	283	1130	58	0	0
209	13	283	1130	85	27	131	13	280	1136	58	0	0
210	13	280	1136	54	193	288	13	277	1142	58	0	0
211	13	277	1142	93	196	33	13	274	1148	58	0	0
212	13	274	1148	72	134	119	13	271	1154	58	0	0
213	13	271	1154	192	80	95	13	268	1160	58	0	0
214	13	268	1160	198	81	127	13	265	1166	58	0	0
215	13	265	1166	77	70	152	13	262	1172	58	0	0
216	13	262	1172	175	170	224	13	259	1178	58	0	0
217	13	259	1178	5	266	153	13	257	1182	59	0	0
218	13	257	1182	30	138	218	13	254	1188	59	0	0
219	13	254	1188	32	178	143	13	251	1194	59	0	0
220	13	251	1194	119	164	248	13	248	1200	59	0	0
221	13	248	1200	187	214	201	13	245	1206	59	0	0
222	13	245	1206	59	230	82	13	242	1212	59	0	0
223	13	242	1212	46	141	202	13	239	1218	59	0	0
224	13	239	1218	70	235	9	13	237	1222	60	0	0
225	13	237	1222	71	2	48	13	235	1226	61	0	0
226	13	235	1226	238	179	143	13	232	1232	61	0	0
227	13	232	1232	41	232	43	13	229	1238	61	0	0
228	13	229	1238	95	72	89	13	226	1244	61	0	0
229	13	226	1244	225	86	160	13	223	1250	61	0	0
230	13	223	1250	15	1	205	13	221	1254	62	0	0
231	13	221	1254	230	108	54	13	218	1260	62	0	0
232	13	218	1260	24	69	198	13	215	1266	62	0	0
233	13	215	1266	141	159	12	13	213	1270	63	0	0
234	13	213	1270	180	25	135	13	210	1276	63	0	0
235	13	210	1276	130	134	114	13	207	1282	63	0	0
236	13	207	1282	213	24	140	13	204	1288	63	0	0
237	13	204	1288	75	173	118	13	201	1294	63	0	0
238	13	201	1294	193	199	28	13	198	1300	63	0	0
239	13	198	1300	24	154	118	13	195	1306	63	0	0
240	13	195	1306	98	99	84	13	192	1312	63	0	0
241	13	192	1312	176	24	71	13	189	1318	63	0	0
242	13	189	1318	105	99	111	13	186	1324	63	0	0
243	13	186	1324	42	57	63	13	183	1330	63	0	0
244	13	183	1330	80	166	190	13	180	1336	63	0	0
245	13	180	1336	135	49	31	13	177	1342	63	0	0
246	13	177	1342	60	82	1	13	175	1346	64	0	0
247	13	175	1346	184	155	119	13	172	1352	64	0	0
248	13	172	1352	74	73	70	13	169	1358	64	0	0
249	13	169	1358	26	59	159	13	166	1364	64	0	0
250	13	166	1364	120	5	116	13	164	1368	65	0	0
251	13	164	1368	71	140	13	13	161	1374	65	0	0
252	13	161	1374	92	48	51	13	158	1380	65	0	0
253	13	158	1380	115	106	39	13	155	1386	65	0	0
254	13	155	1386	94	138	96	13	152	1392	65	0	0
255	13	152	1392	14	72	135	13	149	1398	65	0	0
256	13	149	1398	161	128	54	13	146	1404	65	0	0
257	13	146	1404	18	45	62	13	143	1410	65	0	0
258	13	143	1410	96	38	126	13	140	1416	65	0	0
259	13	140	1416	47	26	9	13	138	1420	66	0	0
260	13	138	1420	14	72	77	13	135	1426	66	0	0
261	13	135	1426	80	79	120	13	132	1432	66	0	0
262	13	132	1432	84	26	46	13	129	1438	66	0	0
263	13	129	1438	1	54	76	13	127	1442	67	0	0
264	13	127	1442	105	100	133	13	124	1448	67	0	0
265	13	124	1448	41	63	29	13	121	1454	67	0	0
266	13	121	1454	98	64	50	13	118	1460	67	0	0
267	13	118	1460	36	95	50	13	115	1466	67	0	0
268	13	115	1466	12	55	115	13	113	1470	68	0	0
269	13	113	1470	95	68	58	13	110	1476	68	0	0
270	13	110	1476	10	74	94	13	108	1480	69	0	0
271	13	108	1480	77	118	63	13	105	1486	69	0	0
272	13	105	1486	99	55	93	13	102	1492	69	0	0
273	13	102	1492	12	1	16	14	397	1494	71	296	0
274	14	397	1494	268	334	395	14	394	1500	71	0	0
275	14	394	1500	76	67	37	14	391	1506	71	0	0
276	14	391	1506	308	297	182	14	388	1512	71	0	0
277	14	388	1512	349	377	108	14	385	1518	71	0	0
278	14	385	1518	27	71	66	14	382	1524	71	0	0
279	14	382	1524	298	284	285	14	379	1530	71	0	0
280	14	379	1530	74	347	118	14	376	1536	71	0	0
281	14	376	1536	193	230	275	14	373	1542	71	0	0
282	14	373	1542	147	190	165	14	370	1548	71	0	0
283	14	370	1548	171	351	56	14	367	1554	71	0	0
284	14	367	1554	158	187	100	14	364	1560	71	0	0
285	14	364	1560	196	37	122	14	361	1566	71	0	0
286	14	361	1566	118	103	327	14	358	1572	71	0	0
287	14	358	1572	20	83	352	14	355	1578	71	0	0
288	14	355	1578	151	315	191	14	352	1584	71	0	0
289	14	352	1584	72	45	362	14	349	1590	71	0	0
290	14	349	1590	16	241	71	14	346	1596	71	0	0
291	14	346	1596	330	35	268	14	343	1602	71	0	0
292	14	343	1602	140	178	83	14	340	1608	71	0	0
293	14	340	1608	40	270	192	14	337	1614	71	0	0
294	14	337	1614	146	117	256	14	334	1620	71	0	0
295	14	334	1620	292	166	240	14	331	1626	71	0	0
296	14	331	1626	14	66	104	14	328	1632	71	0	0
297	14	328	1632	172	327	116	14	325	1638	71	0	0
298	14	325	1638	312	143	86	14	322	1644	71	0	0
299	14	322	1644	273	157	124	14	319	1650	71	0	0
300	14	319	1650	28	259	192	14	316	1656	71	0	0
301	14	316	1656	161	133	232	14	313	1662	71	0	0
302	14	313	1662	95	142	244	14	310	1668	71	0	0
303	14	310	1668	223	204	272	14	307	1674	71	0	0
304	14	307	1674	297	285	9	14	305	1678	72	0	0
305	14	305	1678	18	156	276	14	302	1684	72	0	0
306	14	302	1684	124	128	38	14	299	1690	72	0	0
307	14	299	1690	154	173	23	14	296	1696	72	0	0
308	14	296	1696	12	228	122	14	294	1700	73	0	0
309	14	294	1700	136	237	51	14	291	1706	73	0	0
310	14	291	1706	200	73	85	14	288	1712	73	0	0
311	14	288	1712	254	243	86	14	285	1718	73	0	0
312	14	285	1718	8	241	144	14	283	1722	74	0	0
313	14	283	1722	110	24	248	14	280	1728	74	0	0
314	14	280	1728	64	57	230	14	277	1734	74	0	0
315	14	277	1734	136	99	148	14	274	1740	74	0	0
316	14	274	1740	131	57	195	14	271	1746	74	0	0
317	14	271	1746	190	24	147	14	268	1752	74	0	0
318	14	268	1752	115	87	108	14	265	1758	74	0	0
319	14	265	1758	187	71	213	14	262	1764	74	0	0
320	14	262	1764	269	122	252	14	259	1770	74	0	0
321	14	259	1770	33	136	236	14	256	1776	74	0	0
322	14	256	1776	46	204	267	14	253	1782	74	0	0
323	14	253	1782	222	263	80	14	250	1788	74	0	0
324	14	250	1788	12	124	137	14	248	1792	75	0	0
325	14	248	1792	204	127	117	14	245	1798	75	0	0
326	14	245	1798	126	60	11	14	243	1802	76	0	0
327	14	243	1802	75	162	225	14	240	1808	76	0	0
328	14	240	1808	125	244	175	14	237	1814	76	0	0
329	14	237	1814	69	198	35	14	234	1820	76	0	0
330	14	234	1820	38	78	69	14	231	1826	76	0	0
331	14	231	1826	136	237	232	14	228	1832	76	0	0
332	14	228	1832	232	65	220	14	225	1838	76	0	0
333	14	225	1838	14	75	128	14	222	1844	76	0	0
334	14	222	1844	133	154	77	14	219	1850	76	0	0
335	14	219	1850	56	202	109	14	216	1856	76	0	0
336	14	216	1856	117	190	22	14	213	1862	76	0	0
337	14	213	1862	169	122	55	14	210	1868	76	0	0
338	14	210	1868	146	216	87	14	207	1874	76	0	0
339	14	207	1874	79	123	128	14	204	1880	76	0	0
340	14	204	1880	146	134	85	14	201	1886	76	0	0
341	14	201	1886	143	203	128	14	198	1892	76	0	0
342	14	198	1892	19	158	182	14	195	1898	76	0	0
343	14	195	1898	139	122	193	14	192	1904	76	0	0
344	14	192	1904	132	205	94	14	189	1910	76	0	0
345	14	189	1910	68	145	172	14	186	1916	76	0	0
346	14	186	1916	28	24	168	14	183	1922	76	0	0
347	14	183	1922	19	99	152	14	180	1928	76	0	0
348	14	180	1928	173	181	175	14	177	1934	76	0	0
349	14	177	1934	1	107	176	14	175	1938	77	0	0
350	14	175	1938	173	92	10	14	173	1942	78	0	0
351	14	173	1942	146	131	66	14	170	1948	78	0	0
352	14	170	1948	14	100	70	14	167	1954	78	0	0
353	14	167	1954	51	169	61	14	164	1960	78	0	0
354	14	164	1960	129	154	92	14	161	1966	78	0	0
355	14	161	1966	128	96	55	14	158	1972	78	0	0
356	14	158	1972	163	155	98	14	155	1978	78	0	0
357	14	155	1978	75	49	14	14	152	1984	78	0	0
358	14	152	1984	100	85	54	14	149	1990	78	0	0
359	14	149	1990	70	35	2	14	147	1994	79	0	0
360	14	147	1994	102	15	17	14	144	2000	79	0	0
361	14	144	2000	93	122	106	14	141	2006	79	0	0
362	14	141	2006	125	57	0	14	139	2010	80	0	0
363	14	139	2010	58	62	83	14	136	2016	80	0	0
364	14	136	2016	56	64	105	14	133	2022	80	0	0
365	14	133	2022	61	97	54	14	130	2028	80	0	0
366	14	130	2028	7	37	17	14	128	2032	81	0	0
367	14	128	2032	46	127	45	14	125	2038	81	0	0
368	14	125	2038	43	76	3	14	123	2042	82	0	0
369	14	123	2042	32	38	92	14	120	2048	82	0	0
370	14	120	2048	57	127	1	14	118	2052	83	0	0
371	14	118	2052	87	75	37	14	115	2058	83	0	0
372	14	115	2058	17	55	123	14	112	2064	83	0	0
373	14	112	2064	5	93	9	15	163	2066	85	52	0
374	15	163	2066	164	110	113	15	160	2072	85	0	0
375	15	160	2072	53	98	138	15	157	2078	85	0	0
376	15	157	2078	150	112	101	15	154	2084	85	0	0
377	15	154	2084	5	153	164	15	152	2088	86	0	0
378	15	152	2088	41	139	101	15	149	2094	86	0	0
379	15	149	2094	103	94	113	15	146	2100	86	0	0
380	15	146	2100	95	50	19	15	143	2106	86	0	0
381	15	143	2106	24	101	61	15	140	2112	86	0	0
382	15	140	2112	31	88	132	15	137	2118	86	0	0
383	15	137	2118	91	71	69	15	134	2124	86	0	0
384	15	134	2124	114	51	30	15	131	2130	86	0	0
385	15	131	2130	22	126	141	15	128	2136	86	0	0
386	15	128	2136	55	1	98	15	126	2140	87	0	0
387	15	126	2140	70	75	44	15	123	2146	87	0	0
388	15	123	2146	75	29	107	15	120	2152	87	0	0
389	15	120	2152	121	89	77	15	117	2158	87	0	0
390	15	117	2158	81	93	37	15	114	2164	87	0	0
391	15	114	2164	33	44	14	15	112	2168	88	0	0
392	15	112	2168	113	17	0	15	110	2172	89	0	0
393	15	110	2172	33	110	84	15	107	2178	89	0	0
394	15	107	2178	57	61	77	15	104	2184	89	0	0
395	15	104	2184	110	18	115	15	101	2190	89	0	0
396	15	101	2190	2	49	28	15	99	2194	90	0	0
397	15	99	2194	71	29	30	15	96	2200	90	0	0
398	15	96	2200	108	94	58	15	93	2206	90	0	0
399	15	93	2206	40	5	94	15	91	2210	91	0	0
400	15	91	2210	29	62	0	15	89	2214	92	0	0
401	15	89	2214	76	82	18	15	86	2220	92	0	0
402	15	86	2220	100	53	16	15	83	2226	92	0	0
403	15	83	2226	77	47	4	15	81	2230	93	0	0
404	15	81	2230	30	64	40	15	78	2236	93	0	0
405	15	78	2236	25	17	43	15	75	2242	93	0	0
406	15	75	2242	18	14	52	15	73	2246	94	0	0
407	15	73	2246	85	61	11	15	71	2250	95	0	0
408	15	71	2250	4	48	46	15	69	2254	96	0	0
409	15	69	2254	49	43	56	15	66	2260	96	0	0
410	15	66	2260	6	68	28	15	64	2264	97	0	0
411	15	64	2264	0	32	70	15	62	2268	98	0	0
412	15	62	2268	23	62	56	15	59	2274	98	0	0
413	15	59	2274	52	33	59	15	56	2280	98	0	0
414	15	56	2280	21	11	37	15	54	2284	99	0	0
415	15	54	2284	45	31	60	15	51	2290	99	0	0
416	15	51	2290	40	63	21	15	48	2296	99	0	0
417	15	48	2296	5	32	2	15	47	2298	101	0	0
418	15	47	2298	59	19	28	15	44	2304	101	0	0
419	15	44	2304	35	29	47	15	41	2310	101	0	0
420	15	41	2310	33	18	29	15	38	2316	101	0	0
421	15	38	2316	2	5	33	15	37	2318	103	0	0
422	15	37	2318	48	20	14	15	35	2322	104	0	0
423	15	35	2322	4	47	36	15	33	2326	105	0	0
424	15	33	2326	33	23	47	15	30	2332	105	0	0
425	15	30	2332	39	44	5	15	28	2336	106	0	0
426	15	28	2336	9	2	36	16	51	2338	108	24	0
427	16	51	2338	11	26	3	17	372	2340	110	322	0
428	17	372	2340	236	111	12	17	370	2344	111	0	0
429	17	370	2344	373	145	86	17	367	2350	111	0	0
430	17	367	2350	346	103	248	17	364	2356	111	0	0
431	17	364	2356	268	101	279	17	361	2362	111	0	0
432	17	361	2362	230	121	166	17	358	2368	111	0	0
433	17	358	2368	288	251	238	17	355	2374	111	0	0
434	17	355	2374	357	302	45	17	352	2380	111	0	0
435	17	352	2380	20	206	298	17	349	2386	111	0	0
436	17	349	2386	271	131	43	17	346	2392	111	0	0
437	17	346	2392	31	56	326	17	343	2398	111	0	0
438	17	343	2398	248	82	332	17	340	2404	111	0	0
439	17	340	2404	327	274	190	17	337	2410	111	0	0
440	17	337	2410	345	166	228	17	334	2416	111	0	0
441	17	334	2416	280	37	121	17	331	2422	111	0	0
442	17	331	2422	333	209	325	17	328	2428	111	0	0
443	17	328	2428	173	295	285	17	325	2434	111	0	0
444	17	325	2434	85	312	193	17	322	2440	111	0	0
445	17	322	2440	275	295	310	17	319	2446	111	0	0
446	17	319	2446	209	288	109	17	316	2452	111	0	0
447	17	316	2452	99	63	167	17	313	2458	111	0	0
448	17	313	2458	138	156	268	17	310	2464	111	0	0
449	17	310	2464	207	253	244	17	307	2470	111	0	0
450	17	307	2470	296	60	41	17	304	2476	111	0	0
451	17	304	2476	273	102	221	17	301	2482	111	0	0
452	17	301	2482	279	296	176	17	298	2488	111	0	0
453	17	298	2488	83	236	227	17	295	2494	111	0	0
454	17	295	2494	238	145	87	17	292	2500	111	0	0
455	17	292	2500	5	7	46	18	397	2502	113	106	0
456	18	397	2502	119	270	118	18	394	2508	113	0	0
457	18	394	2508	88	398	229	18	391	2514	113	0	0
458	18	391	2514	20	255	133	18	388	2520	113	0	0
459	18	388	2520	49	242	249	18	385	2526	113	0	0
460	18	385	2526	39	132	343	18	382	2532	113	0	0
461	18	382	2532	302	88	95	18	379	2538	113	0	0
462	18	379	2538	179	168	162	18	376	2544	113	0	0
463	18	376	2544	212	180	204	18	373	2550	113	0	0
464	18	373	2550	232	229	201	18	370	2556	113	0	0
465	18	370	2556	21	380	103	18	367	2562	113	0	0
466	18	367	2562	172	56	35	18	364	2568	113	0	0
467	18	364	2568	139	291	29	18	361	2574	113	0	0
468	18	361	2574	61	364	240	18	358	2580	113	0	0
469	18	358	2580	304	51	359	18	355	2586	113	0	0
470	18	355	2586	28	196	251	18	352	2592	113	0	0
471	18	352	2592	313	0	162	18	350	2596	114	0	0
472	18	350	2596	157	187	318	18	347	2602	114	0	0
473	18	347	2602	153	235	184	18	344	2608	114	0	0
474	18	344	2608	200	61	269	18	341	2614	114	0	0
475	18	341	2614	16	349	207	18	339	2618	115	0	0
476	18	339	2618	0	237	161	18	337	2622	116	0	0
477	18	337	2622	127	176	153	18	334	2628	116	0	0
478	18	334	2628	165	228	14	18	332	2632	117	0	0
479	18	332	2632	239	13	263	18	330	2636	118	0	0
480	18	330	2636	314	186	170	18	327	2642	118	0	0
481	18	327	2642	3	252	80	18	325	2646	119	0	0
482	18	325	2646	198	84	233	18	322	2652	119	0	0
483	18	322	2652	273	112	217	18	319	2658	119	0	0
484	18	319	2658	316	235	313	18	316	2664	119	0	0
485	18	316	2664	214	155	13	18	314	2668	120	0	0
486	18	314	2668	309	146	73	18	311	2674	120	0	0
487	18	311	2674	59	129	218	18	308	2680	120	0	0
488	18	308	2680	167	131	183	18	305	2686	120	0	0
489	18	305	2686	216	225	221	18	302	2692	120	0	0
490	18	302	2692	150	75	253	18	299	2698	120	0	0
491	18	299	2698	56	27	41	18	296	2704	120	0	0
492	18	296	2704	152	298	101	18	293	2710	120	0	0
493	18	293	2710	76	55	199	18	290	2716	120	0	0
494	18	290	2716	245	159	155	18	287	2722	120	0	0
495	18	287	2722	281	163	32	18	284	2728	120	0	0
496	18	284	2728	123	182	184	18	281	2734	120	0	0
497	18	281	2734	186	46	45	18	278	2740	120	0	0
498	18	278	2740	285	119	144	18	275	2746	120	0	0
499	18	275	2746	95	80	158	18	272	2752	120	0	0
500	18	272	2752	219	173	289	18	269	2758	120	0	0
501	18	269	2758	62	40	39	18	266	2764	120	0	0
502	18	266	2764	252	204	222	18	263	2770	120	0	0
503	18	263	2770	134	253	200	18	260	2776	120	0	0
504	18	260	2776	20	186	89	18	257	2782	120	0	0
505	18	257	2782	168	85	2	18	255	2786	121	0	0
506	18	255	2786	180	63	119	18	252	2792	121	0	0
507	18	252	2792	76	114	182	18	249	2798	121	0	0
508	18	249	2798	11	145	76	18	247	2802	122	0	0
509	18	247	2802	230	44	150	18	244	2808	122	0	0
510	18	244	2808	248	54	239	18	241	2814	122	0	0
511	18	241	2814	27	245	87	18	238	2820	122	0	0
512	18	238	2820	224	159	172	18	235	2826	122	0	0
513	18	235	2826	31	11	127	18	233	2830	123	0	0
514	18	233	2830	214	90	246	18	230	2836	123	0	0
515	18	230	2836	185	52	194	18	227	2842	123	0	0
516	18	227	2842	111	193	92	18	224	2848	123	0	0
517	18	224	2848	57	121	40	18	221	2854	123	0	0
518	18	221	2854	67	211	189	18	218	2860	123	0	0
519	18	218	2860	182	49	231	18	215	2866	123	0	0
520	18	215	2866	54	167	21	18	212	2872	123	0	0
521	18	212	2872	20	165	132	18	209	2878	123	0	0
522	18	209	2878	147	82	31	18	206	2884	123	0	0
523	18	206	2884	215	154	184	18	203	2890	123	0	0
524	18	203	2890	174	215	130	18	200	2896	123	0	0
525	18	200	2896	78	176	47	18	197	2902	123	0	0
526	18	197	2902	42	88	103	18	194	2908	123	0	0
527	18	194	2908	80	36	165	18	191	2914	123	0	0
528	18	191	2914	1	164	207	18	189	2918	124	0	0
529	18	189	2918	59	136	175	18	186	2924	124	0	0
530	18	186	2924	140	119	181	18	183	2930	124	0	0
531	18	183	2930	82	117	115	18	180	2936	124	0	0
532	18	180	2936	23	36	185	18	177	2942	124	0	0
533	18	177	2942	194	113	170	18	174	2948	124	0	0
534	18	174	2948	136	98	0	18	172	2952	125	0	0
535	18	172	2952	38	139	118	18	169	2958	125	0	0
536	18	169	2958	186	160	113	18	166	2964	125	0	0
537	18	166	2964	97	13	104	18	164	2968	126	0	0
538	18	164	2968	140	39	87	18	161	2974	126	0	0
539	18	161	2974	36	163	145	18	158	2980	126	0	0
540	18	158	2980	78	17	56	18	156	2984	127	0	0
541	18	156	2984	84	7	59	18	154	2988	128	0	0
542	18	154	2988	139	30	14	18	152	2992	129	0	0
543	18	152	2992	144	87	19	18	149	2998	129	0	0
544	18	149	2998	155	138	120	18	146	3004	129	0	0
545	18	146	3004	129	159	14	18	144	3008	130	0	0
546	18	144	3008	94	73	51	18	141	3014	130	0	0
547	18	141	3014	77	38	122	18	138	3020	130	0	0
548	18	138	3020	6	4	70	19	205	3022	132	68	0
549	19	205	3022	42	17	93	19	203	3026	133	0	0
550	19	203	3026	218	155	71	19	200	3032	133	0	0
551	19	200	3032	145	102	2	19	198	3036	134	0	0
552	19	198	3036	63	115	48	19	195	3042	134	0	0
553	19	195	3042	55	71	130	19	192	3048	134	0	0
554	19	192	3048	71	91	111	19	189	3054	134	0	0
555	19	189	3054	4	47	49	19	187	3058	135	0	0
556	19	187	3058	181	49	66	19	184	3064	135	0	0
557	19	184	3064	191	11	151	19	182	3068	136	0	0
558	19	182	3068	145	143	30	19	179	3074	136	0	0
559	19	179	3074	70	46	186	19	176	3080	136	0	0
560	19	176	3080	19	39	49	19	173	3086	136	0	0
561	19	173	3086	36	60	105	19	170	3092	136	0	0
562	19	170	3092	29	65	25	19	167	3098	136	0	0
563	19	167	3098	144	165	184	19	164	3104	136	0	0
564	19	164	3104	121	131	81	19	161	3110	136	0	0
565	19	161	3110	5	80	82	19	159	3114	137	0	0
566	19	159	3114	37	42	134	19	156	3120	137	0	0
567	19	156	3120	141	50	83	19	153	3126	137	0	0
568	19	153	3126	116	123	82	19	150	3132	137	0	0
569	19	150	3132	109	14	121	19	148	3136	138	0	0
570	19	148	3136	141	163	17	19	146	3140	139	0	0
571	19	146	3140	31	22	132	19	143	3146	139	0	0
572	19	143	3146	49	125	122	19	140	3152	139	0	0
573	19	140	3152	123	135	99	19	137	3158	139	0	0
574	19	137	3158	104	49	18	19	135	3162	140	0	0
575	19	135	3162	34	125	82	19	132	3168	140	0	0
576	19	132	3168	89	7	143	19	130	3172	141	0	0
577	19	130	3172	54	24	50	19	127	3178	141	0	0
578	19	127	3178	25	127	93	19	124	3184	141	0	0
579	19	124	3184	92	65	70	19	121	3190	141	0	0
580	19	121	3190	11	60	56	19	119	3194	142	0	0
581	19	119	3194	80	60	16	19	117	3198	143	0	0
582	19	117	3198	6	94	39	19	115	3202	144	0	0
583	19	115	3202	73	64	79	19	112	3208	144	0	0
584	19	112	3208	52	83	23	19	109	3214	144	0	0
585	19	109	3214	110	25	93	19	106	3220	144	0	0
586	19	106	3220	88	82	63	19	103	3226	144	0	0
587	19	103	3226	112	68	108	19	100	3232	144	0	0
588	19	100	3232	113	39	60	19	97	3238	144	0	0
589	19	97	3238	77	14	94	19	95	3242	145	0	0
590	19	95	3242	44	12	100	19	93	3246	146	0	0
591	19	93	3246	70	45	2	19	91	3250	147	0	0
592	19	91	3250	25	38	29	19	88	3256	147	0	0
593	19	88	3256	80	45	78	19	85	3262	147	0	0
594	19	85	3262	75	48	93	19	82	3268	147	0	0
595	19	82	3268	95	41	43	19	79	3274	147	0	0
596	19	79	3274	41	67	34	19	76	3280	147	0	0
597	19	76	3280	62	70	11	19	74	3284	148	0	0
598	19	74	3284	88	91	28	19	71	3290	148	0	0
599	19	71	3290	12	4	88	20	186	3292	150	116	0
600	20	186	3292	197	68	34	20	183	3298	150	0	0
601	20	183	3298	91	47	49	20	180	3304	150	0	0
602	20	180	3304	67	184	2	20	178	3308	151	0	0
603	20	178	3308	34	100	113	20	175	3314	151	0	0
604	20	175	3314	154	135	34	20	172	3320	151	0	0
605	20	172	3320	70	167	121	20	169	3326	151	0	0
606	20	169	3326	30	46	20	20	166	3332	151	0	0
607	20	166	3332	8	86	140	20	164	3336	152	0	0
608	20	164	3336	92	77	61	20	161	3342	152	0	0
609	20	161	3342	143	58	41	20	158	3348	152	0	0
610	20	158	3348	76	61	64	20	155	3354	152	0	0
611	20	155	3354	63	23	160	20	152	3360	152	0	0
612	20	152	3360	113	3	150	20	150	3364	153	0	0
613	20	150	3364	6	78	26	20	148	3368	154	0	0
614	20	148	3368	130	138	42	20	145	3374	154	0	0
615	20	145	3374	148	23	1	20	143	3378	155	0	0
616	20	143	3378	28	111	121	20	140	3384	155	0	0
617	20	140	3384	145	51	114	20	137	3390	155	0	0
618	20	137	3390	123	64	135	20	134	3396	155	0	0
619	20	134	3396	68	124	112	20	131	3402	155	0	0
620	20	131	3402	150	77	138	20	128	3408	155	0	0
621	20	128	3408	96	140	147	20	125	3414	155	0	0
622	20	125	3414	126	87	38	20	122	3420	155	0	0
623	20	122	3420	89	135	8	20	120	3424	156	0	0
624	20	120	3424	53	44	22	20	117	3430	156	0	0
625	20	117	3430	91	118	16	20	115	3434	157	0	0
626	20	115	3434	95	118	98	20	112	3440	157	0	0
627	20	112	3440	97	80	21	20	109	3446	157	0	0
628	20	109	3446	5	79	95	20	107	3450	158	0	0
629	20	107	3450	70	75	113	20	104	3456	158	0	0
630	20	104	3456	32	97	63	20	101	3462	158	0	0
631	20	101	3462	69	107	100	20	98	3468	158	0	0
632	20	98	3468	2	80	23	20	96	3472	159	0	0
633	20	96	3472	69	45	8	20	94	3476	160	0	0
634	20	94	3476	38	71	39	20	91	3482	160	0	0
635	20	91	3482	73	25	13	20	89	3486	161	0	0
636	20	89	3486	43	3	63	20	87	3490	162	0	0
637	20	87	3490	38	77	32	20	84	3496	162	0	0
638	20	84	3496	97	52	45	20	81	3502	162	0	0
639	20	81	3502	99	4	66	20	79	3506	163	0	0
640	20	79	3506	82	62	75	20	76	3512	163	0	0
641	20	76	3512	20	23	2	20	74	3516	164	0	0
642	20	74	3516	2	48	39	20	72	3520	165	0	0
643	20	72	3520	33	22	88	20	69	3526	165	0	0
644	20	69	3526	47	24	13	20	67	3530	166	0	0
645	20	67	3530	69	76	32	20	64	3536	166	0	0
646	20	64	3536	4	18	0	23	472	3536	169	408	0
647	23	472	3536	308	392	124	23	469	3542	169	0	0
648	23	469	3542	394	133	171	23	466	3548	169	0	0
649	23	466	3548	130	300	328	23	463	3554	169	0	0
650	23	463	3554	75	316	439	23	460	3560	169	0	0
651	23	460	3560	424	231	475	23	457	3566	169	0	0
652	23	457	3566	351	36	141	23	454	3572	169	0	0
653	23	454	3572	289	54	375	23	451	3578	169	0	0
654	23	451	3578	317	125	381	23	448	3584	169	0	0
655	23	448	3584	298	177	338	23	445	3590	169	0	0
656	23	445	3590	64	375	381	23	442	3596	169	0	0
657	23	442	3596	378	42	455	23	439	3602	169	0	0
658	23	439	3602	311	214	419	23	436	3608	169	0	0
659	23	436	3608	183	305	103	23	433	3614	169	0	0
660	23	433	3614	4	89	327	23	431	3618	170	0	0
661	23	431	3618	338	197	282	23	428	3624	170	0	0
662	23	428	3624	434	187	211	23	425	3630	170	0	0
663	23	425	3630	15	318	210	23	423	3634	171	0	0
664	23	423	3634	175	59	145	23	420	3640	171	0	0
665	23	420	3640	135	279	168	23	417	3646	171	0	0
666	23	417	3646	127	123	69	23	414	3652	171	0	0
667	23	414	3652	205	275	120	23	411	3658	171	0	0
668	23	411	3658	269	303	385	23	408	3664	171	0	0
669	23	408	3664	234	161	117	23	405	3670	171	0	0
670	23	405	3670	349	404	215	23	402	3676	171	0	0
671	23	402	3676	24	302	372	23	399	3682	171	0	0
672	23	399	3682	117	231	33	23	396	3688	171	0	0
673	23	396	3688	5	385	17	24	645	3690	173	250	0
674	24	645	3690	549	259	379	24	642	3696	173	0	0
675	24	642	3696	435	77	485	24	639	3702	173	0	0
676	24	639	3702	275	582	438	24	636	3708	173	0	0
677	24	636	3708	581	107	111	24	633	3714	173	0	0
678	24	633	3714	468	339	586	24	630	3720	173	0	0
679	24	630	3720	300	558	626	24	627	3726	173	0	0
680	24	627	3726	340	3	639	24	625	3730	174	0	0
681	24	625	3730	62	321	392	24	622	3736	174	0	0
682	24	622	3736	127	98	230	24	619	3742	174	0	0
683	24	619	3742	294	470	117	24	616	3748	174	0	0
684	24	616	3748	245	340	528	24	613	3754	174	0	0
685	24	613	3754	428	238	262	24	610	3760	174	0	0
686	24	610	3760	51	36	396	24	607	3766	174	0	0
687	24	607	3766	567	162	577	24	604	3772	174	0	0
688	24	604	3772	508	179	30	24	601	3778	174	0	0
689	24	601	3778	187	282	146	24	598	3784	174	0	0
690	24	598	3784	456	94	424	24	595	3790	174	0	0
691	24	595	3790	62	409	350	24	592	3796	174	0	0
692	24	592	3796	218	250	269	24	589	3802	174	0	0
693	24	589	3802	8	300	276	24	587	3806	175	0	0
694	24	587	3806	75	211	573	24	584	3812	175	0	0
695	24	584	3812	335	148	241	24	581	3818	175	0	0
696	24	581	3818	77	249	346	24	578	3824	175	0	0
697	24	578	3824	363	506	135	24	575	3830	175	0	0
698	24	575	3830	277	79	182	24	572	3836	175	0	0
699	24	572	3836	402	538	451	24	569	3842	175	0	0
700	24	569	3842	581	522	425	24	566	3848	175	0	0
701	24	566	3848	334	294	279	24	563	3854	175	0	0
702	24	563	3854	193	312	309	24	560	3860	175	0	0
703	24	560	3860	338	536	555	24	557	3866	175	0	0
704	24	557	3866	48	532	351	24	554	3872	175	0	0
705	24	554	3872	521	404	339	24	551	3878	175	0	0
706	24	551	3878	52	199	418	24	548	3884	175	0	0
707	24	548	3884	271	60	353	24	545	3890	175	0	0
708	24	545	3890	239	45	188	24	542	3896	175	0	0
709	24	542	3896	405	349	323	24	539	3902	175	0	0
710	24	539	3902	326	203	280	24	536	3908	175	0	0
711	24	536	3908	464	225	24	24	533	3914	175	0	0
712	24	533	3914	362	519	74	24	530	3920	175	0	0
713	24	530	3920	273	253	379	24	527	3926	175	0	0
714	24	527	3926	367	177	33	24	524	3932	175	0	0
715	24	524	3932	260	438	102	24	521	3938	175	0	0
716	24	521	3938	155	114	46	24	518	3944	175	0	0
717	24	518	3944	416	149	13	24	516	3948	176	0	0
718	24	516	3948	419	37	273	24	513	3954	176	0	0
719	24	513	3954	346	414	83	24	510	3960	176	0	0
720	24	510	3960	326	164	142	24	507	3966	176	0	0
721	24	507	3966	349	205	88	24	504	3972	176	0	0
722	24	504	3972	290	194	457	24	501	3978	176	0	0
723	24	501	3978	257	56	195	24	498	3984	176	0	0
724	24	498	3984	108	70	262	24	495	3990	176	0	0
725	24	495	3990	188	32	344	24	492	3996	176	0	0
726	24	492	3996	384	313	194	24	489	4002	176	0	0
727	24	489	4002	206	166	228	24	486	4008	176	0	0
728	24	486	4008	129	423	472	24	483	4014	176	0	0
729	24	483	4014	235	471	3	24	481	4018	177	0	0
730	24	481	4018	126	154	358	24	478	4024	177	0	0
731	24	478	4024	296	313	480	24	475	4030	177	0	0
732	24	475	4030	107	151	193	24	472	4036	177	0	0
733	24	472	4036	9	431	455	24	470	4040	178	0	0
734	24	470	4040	189	52	85	24	467	4046	178	0	0
735	24	467	4046	439	425	29	24	464	4052	178	0	0
736	24	464	4052	420	313	102	24	461	4058	178	0	0
737	24	461	4058	131	345	224	24	458	4064	178	0	0
738	24	458	4064	155	376	185	24	455	4070	178	0	0
739	24	455	4070	120	30	239	24	452	4076	178	0	0
740	24	452	4076	217	450	175	24	449	4082	178	0	0
741	24	449	4082	417	74	314	24	446	4088	178	0	0
742	24	446	4088	188	65	398	24	443	4094	178	0	0
743	24	443	4094	281	380	274	24	440	4100	178	0	0
744	24	440	4100	159	53	35	24	437	4106	178	0	0
745	24	437	4106	338	212	219	24	434	4112	178	0	0
746	24	434	4112	204	400	243	24	431	4118	178	0	0
747	24	431	4118	409	47	396	24	428	4124	178	0	0
748	24	428	4124	197	386	162	24	425	4130	178	0	0
749	24	425	4130	363	205	176	24	422	4136	178	0	0
750	24	422	4136	23	353	319	24	420	4140	179	0	0
751	24	420	4140	40	377	198	24	417	4146	179	0	0
752	24	417	4146	364	199	154	24	414	4152	179	0	0
753	24	414	4152	189	98	145	24	411	4158	179	0	0
754	24	411	4158	340	195	287	24	408	4164	179	0	0
755	24	408	4164	64	216	255	24	405	4170	179	0	0
756	24	405	4170	269	243	197	24	402	4176	179	0	0
757	24	402	4176	278	153	76	24	399	4182	179	0	0
758	24	399	4182	268	178	199	24	396	4188	179	0	0
759	24	396	4188	241	236	79	24	393	4194	179	0	0
760	24	393	4194	49	290	64	24	390	4200	179	0	0
761	24	390	4200	81	192	406	24	387	4206	179	0	0
762	24	387	4206	167	364	207	24	384	4212	179	0	0
763	24	384	4212	158	156	344	24	381	4218	179	0	0
764	24	381	4218	288	191	293	24	378	4224	179	0	0
765	24	378	4224	306	373	41	24	375	4230	179	0	0
766	24	375	4230	250	199	319	24	372	4236	179	0	0
767	24	372	4236	89	199	337	24	369	4242	179	0	0
768	24	369	4242	42	148	373	24	366	4248	179	0	0
769	24	366	4248	239	118	192	24	363	4254	179	0	0
770	24	363	4254	318	331	118	24	360	4260	179	0	0
771	24	360	4260	73	357	365	24	357	4266	179	0	0
772	24	357	4266	307	299	65	24	354	4272	179	0	0
773	24	354	4272	139	341	251	24	351	4278	179	0	0
774	24	351	4278	192	353	73	24	348	4284	179	0	0
775	24	348	4284	244	120	123	24	345	4290	179	0	0
776	24	345	4290	252	355	112	24	342	4296	179	0	0
777	24	342	4296	145	212	235	24	339	4302	179	0	0
778	24	339	4302	330	51	14	24	337	4306	180	0	0
779	24	337	4306	133	92	234	24	334	4312	180	0	0
780	24	334	4312	232	347	354	24	331	4318	180	0	0
781	24	331	4318	206	30	64	24	328	4324	180	0	0
782	24	328	4324	230	237	59	24	325	4330	180	0	0
783	24	325	4330	157	175	272	24	322	4336	180	0	0
784	24	322	4336	246	110	253	24	319	4342	180	0	0
785	24	319	4342	122	217	19	24	317	4346	181	0	0
786	24	317	4346	292	141	108	24	314	4352	181	0	0
787	24	314	4352	134	172	149	24	311	4358	181	0	0
788	24	311	4358	13	156	162	24	309	4362	182	0	0
789	24	309	4362	246	287	136	24	306	4368	182	0	0
790	24	306	4368	282	81	145	24	303	4374	182	0	0
791	24	303	4374	209	46	253	24	300	4380	182	0	0
792	24	300	4380	58	87	270	24	297	4386	182	0	0
793	24	297	4386	136	99	163	24	294	4392	182	0	0
794	24	294	4392	313	273	217	24	291	4398	182	0	0
795	24	291	4398	169	108	314	24	288	4404	182	0	0
796	24	288	4404	159	310	46	24	285	4410	182	0	0
797	24	285	4410	214	97	126	24	282	4416	182	0	0
798	24	282	4416	117	106	122	24	279	4422	182	0	0
799	24	279	4422	95	135	270	24	276	4428	182	0	0
800	24	276	4428	293	299	139	24	273	4434	182	0	0
801	24	273	4434	31	106	19	24	271	4438	183	0	0
802	24	271	4438	282	196	12	24	269	4442	184	0	0
803	24	269	4442	208	239	148	24	266	4448	184	0	0
804	24	266	4448	250	198	220	24	263	4454	184	0	0
805	24	263	4454	54	40	276	24	260	4460	184	0	0
806	24	260	4460	125	212	111	24	257	4466	184	0	0
807	24	257	4466	188	70	89	24	254	4472	184	0	0
808	24	254	4472	86	23	137	24	252	4476	185	0	0
809	24	252	4476	80	23	3	25	669	4478	187	418	0
810	25	669	4478	184	15	398	25	667	4482	188	0	0
811	25	667	4482	373	131	118	25	664	4488	188	0	0
812	25	664	4488	521	546	561	25	661	4494	188	0	0
813	25	661	4494	442	592	233	25	658	4500	188	0	0
814	25	658	4500	413	546	38	25	655	4506	188	0	0
815	25	655	4506	16	116	418	25	653	4510	189	0	0
816	25	653	4510	523	4	450	25	651	4514	190	0	0
817	25	651	4514	463	570	613	25	648	4520	190	0	0
818	25	648	4520	342	48	597	25	645	4526	190	0	0
819	25	645	4526	582	583	648	25	642	4532	190	0	0
820	25	642	4532	393	630	244	25	639	4538	190	0	0
821	25	639	4538	231	177	538	25	636	4544	190	0	0
822	25	636	4544	442	99	357	25	633	4550	190	0	0
823	25	633	4550	536	344	275	25	630	4556	190	0	0
824	25	630	4556	600	611	126	25	627	4562	190	0	0
825	25	627	4562	574	0	258	25	625	4566	191	0	0
826	25	625	4566	29	195	140	25	622	4572	191	0	0
827	25	622	4572	269	467	70	25	619	4578	191	0	0
828	25	619	4578	434	506	275	25	616	4584	191	0	0
829	25	616	4584	461	276	27	25	613	4590	191	0	0
830	25	613	4590	71	153	485	25	610	4596	191	0	0
831	25	610	4596	624	406	38	25	607	4602	191	0	0
832	25	607	4602	311	123	183	25	604	4608	191	0	0
833	25	604	4608	237	301	74	25	601	4614	191	0	0
834	25	601	4614	625	419	297	25	598	4620	191	0	0
835	25	598	4620	300	239	268	25	595	4626	191	0	0
836	25	595	4626	121	459	618	25	592	4632	191	0	0
837	25	592	4632	186	204	334	25	589	4638	191	0	0
838	25	589	4638	394	310	563	25	586	4644	191	0	0
839	25	586	4644	12	371	605	25	584	4648	192	0	0
840	25	584	4648	56	469	385	25	581	4654	192	0	0
841	25	581	4654	458	293	346	25	578	4660	192	0	0
842	25	578	4660	130	349	273	25	575	4666	192	0	0
843	25	575	4666	596	481	4	25	573	4670	193	0	0
844	25	573	4670	193	327	369	25	570	4676	193	0	0
845	25	570	4676	437	461	589	25	567	4682	193	0	0
846	25	567	4682	217	426	569	25	564	4688	193	0	0
847	25	564	4688	390	386	329	25	561	4694	193	0	0
848	25	561	4694	250	194	187	25	558	4700	193	0	0
849	25	558	4700	353	272	95	25	555	4706	193	0	0
850	25	555	4706	36	277	500	25	552	4712	193	0	0
851	25	552	4712	393	558	537	25	549	4718	193	0	0
852	25	549	4718	481	562	566	25	546	4724	193	0	0
853	25	546	4724	408	525	219	25	543	4730	193	0	0
854	25	543	4730	91	314	264	25	540	4736	193	0	0
855	25	540	4736	303	503	170	25	537	4742	193	0	0
856	25	537	4742	288	515	204	25	534	4748	193	0	0
857	25	534	4748	423	150	218	25	531	4754	193	0	0
858	25	531	4754	193	79	187	25	528	4760	193	0	0
859	25	528	4760	288	229	66	25	525	4766	193	0	0
860	25	525	4766	511	133	308	25	522	4772	193	0	0
861	25	522	4772	56	514	264	25	519	4778	193	0	0
862	25	519	4778	34	125	129	25	516	4784	193	0	0
863	25	516	4784	242	467	267	25	513	4790	193	0	0
864	25	513	4790	137	87	30	25	510	4796	193	0	0
865	25	510	4796	298	519	391	25	507	4802	193	0	0
866	25	507	4802	294	46	484	25	504	4808	193	0	0
867	25	504	4808	7	19	389	26	917	4810	195	414	0
868	26	917	4810	646	538	836	26	914	4816	195	0	0
869	26	914	4816	177	250	224	26	911	4822	195	0	0
870	26	911	4822	78	130	657	26	908	4828	195	0	0
871	26	908	4828	897	828	880	26	905	4834	195	0	0
872	26	905	4834	337	190	357	26	902	4840	195	0	0
873	26	902	4840	535	825	833	26	899	4846	195	0	0
874	26	899	4846	240	620	193	26	896	4852	195	0	0
875	26	896	4852	652	132	647	26	893	4858	195	0	0
876	26	893	4858	499	376	17	26	891	4862	196	0	0
877	26	891	4862	896	153	821	26	888	4868	196	0	0
878	26	888	4868	684	678	705	26	885	4874	196	0	0
879	26	885	4874	859	247	80	26	882	4880	196	0	0
880	26	882	4880	880	299	25	26	880	4884	197	0	0
881	26	880	4884	49	656	200	26	877	4890	197	0	0
882	26	877	4890	319	472	589	26	874	4896	197	0	0
883	26	874	4896	716	480	706	26	871	4902	197	0	0
884	26	871	4902	204	797	273	26	868	4908	197	0	0
885	26	868	4908	213	492	692	26	865	4914	197	0	0
886	26	865	4914	791	469	755	26	862	4920	197	0	0
887	26	862	4920	865	30	17	26	860	4924	198	0	0
888	26	860	4924	782	424	148	26	857	4930	198	0	0
889	26	857	4930	531	203	435	26	854	4936	198	0	0
890	26	854	4936	775	818	325	26	851	4942	198	0	0
891	26	851	4942	367	280	816	26	848	4948	198	0	0
892	26	848	4948	264	847	329	26	845	4954	198	0	0
893	26	845	4954	548	323	792	26	842	4960	198	0	0
894	26	842	4960	103	133	459	26	839	4966	198	0	0
895	26	839	4966	681	405	0	26	837	4970	199	0	0
896	26	837	4970	849	710	465	26	834	4976	199	0	0
897	26	834	4976	846	788	746	26	831	4982	199	0	0
898	26	831	4982	124	501	499	26	828	4988	199	0	0
899	26	828	4988	428	754	644	26	825	4994	199	0	0
900	26	825	4994	671	27	480	26	822	5000	199	0	0
901	26	822	5000	41	435	134	26	819	5006	199	0	0
902	26	819	5006	395	551	708	26	816	5012	199	0	0
903	26	816	5012	570	393	561	26	813	5018	199	0	0
904	26	813	5018	441	515	116	26	810	5024	199	0	0
905	26	810	5024	721	300	276	26	807	5030	199	0	0
906	26	807	5030	265	284	434	26	804	5036	199	0	0
907	26	804	5036	178	604	242	26	801	5042	199	0	0
908	26	801	5042	407	106	664	26	798	5048	199	0	0
909	26	798	5048	805	579	134	26	795	5054	199	0	0
910	26	795	5054	370	244	346	26	792	5060	199	0	0
911	26	792	5060	490	777	657	26	789	5066	199	0	0
912	26	789	5066	520	488	58	26	786	5072	199	0	0
913	26	786	5072	678	125	692	26	783	5078	199	0	0
914	26	783	5078	192	552	803	26	780	5084	199	0	0
915	26	780	5084	670	677	52	26	777	5090	199	0	0
916	26	777	5090	15	789	534	26	775	5094	200	0	0
917	26	775	5094	476	504	722	26	772	5100	200	0	0
918	26	772	5100	521	91	646	26	769	5106	200	0	0
919	26	769	5106	40	489	474	26	766	5112	200	0	0
920	26	766	5112	723	661	652	26	763	5118	200	0	0
921	26	763	5118	375	282	653	26	760	5124	200	0	0
922	26	760	5124	669	463	49	26	757	5130	200	0	0
923	26	757	5130	161	468	264	26	754	5136	200	0	0
924	26	754	5136	373	44	491	26	751	5142	200	0	0
925	26	751	5142	547	53	288	26	748	5148	200	0	0
926	26	748	5148	519	214	394	26	745	5154	200	0	0
927	26	745	5154	456	304	576	26	742	5160	200	0	0
928	26	742	5160	268	188	286	26	739	5166	200	0	0
929	26	739	5166	106	35	66	26	736	5172	200	0	0
930	26	736	5172	750	709	376	26	733	5178	200	0	0
931	26	733	5178	229	278	665	26	730	5184	200	0	0
932	26	730	5184	424	550	475	26	727	5190	200	0	0
933	26	727	5190	362	671	552	26	724	5196	200	0	0
934	26	724	5196	584	92	297	26	721	5202	200	0	0
935	26	721	5202	170	441	319	26	718	5208	200	0	0
936	26	718	5208	93	15	201	26	716	5212	201	0	0
937	26	716	5212	509	389	73	26	713	5218	201	0	0
938	26	713	5218	153	268	615	26	710	5224	201	0	0
939	26	710	5224	55	485	649	26	707	5230	201	0	0
940	26	707	5230	538	121	630	26	704	5236	201	0	0
941	26	704	5236	143	363	345	26	701	5242	201	0	0
942	26	701	5242	625	464	369	26	698	5248	201	0	0
943	26	698	5248	15	693	11	27	931	5250	203	234	0
944	27	931	5250	508	622	746	27	928	5256	203	0	0
945	27	928	5256	921	238	304	27	925	5262	203	0	0
946	27	925	5262	754	820	725	27	922	5268	203	0	0
947	27	922	5268	341	912	714	27	919	5274	203	0	0
948	27	919	5274	471	365	573	27	916	5280	203	0	0
949	27	916	5280	476	155	163	27	913	5286	203	0	0
950	27	913	5286	319	373	329	27	910	5292	203	0	0
951	27	910	5292	876	475	244	27	907	5298	203	0	0
952	27	907	5298	197	492	379	27	904	5304	203	0	0
953	27	904	5304	830	116	613	27	901	5310	203	0	0
954	27	901	5310	346	707	792	27	898	5316	203	0	0
955	27	898	5316	340	611	287	27	895	5322	203	0	0
956	27	895	5322	763	520	295	27	892	5328	203	0	0
957	27	892	5328	670	849	836	27	889	5334	203	0	0
958	27	889	5334	10	718	273	27	887	5338	204	0	0
959	27	887	5338	617	686	741	27	884	5344	204	0	0
960	27	884	5344	502	24	576	27	882	5348	205	0	0
961	27	882	5348	234	698	754	27	879	5354	205	0	0
962	27	879	5354	352	705	81	27	876	5360	205	0	0
963	27	876	5360	874	323	701	27	873	5366	205	0	0
964	27	873	5366	884	674	171	27	870	5372	205	0	0
965	27	870	5372	29	300	604	27	867	5378	205	0	0
966	27	867	5378	514	855	275	27	864	5384	205	0	0
967	27	864	5384	473	297	677	27	861	5390	205	0	0
968	27	861	5390	539	509	297	27	858	5396	205	0	0
969	27	858	5396	488	74	645	27	855	5402	205	0	0
970	27	855	5402	10	522	204	27	853	5406	206	0	0
971	27	853	5406	844	347	169	27	850	5412	206	0	0
972	27	850	5412	823	834	193	27	847	5418	206	0	0
973	27	847	5418	13	492	208	27	845	5422	207	0	0
974	27	845	5422	93	203	671	27	842	5428	207	0	0
975	27	842	5428	82	89	805	27	839	5434	207	0	0
976	27	839	5434	313	87	701	27	836	5440	207	0	0
977	27	836	5440	787	389	319	27	833	5446	207	0	0
978	27	833	5446	503	277	456	27	830	5452	207	0	0
979	27	830	5452	73	661	160	27	827	5458	207	0	0
980	27	827	5458	272	632	21	27	825	5462	208	0	0
981	27	825	5462	658	98	317	27	822	5468	208	0	0
982	27	822	5468	446	621	54	27	819	5474	208	0	0
983	27	819	5474	422	680	212	27	816	5480	208	0	0
984	27	816	5480	174	251	267	27	813	5486	208	0	0
985	27	813	5486	66	239	90	27	810	5492	208	0	0
986	27	810	5492	443	8	572	27	808	5496	209	0	0
987	27	808	5496	487	315	313	27	805	5502	209	0	0
988	27	805	5502	176	68	301	27	802	5508	209	0	0
989	27	802	5508	198	695	37	27	799	5514	209	0	0
990	27	799	5514	762	740	382	27	796	5520	209	0	0
991	27	796	5520	363	641	562	27	793	5526	209	0	0
992	27	793	5526	95	85	804	27	790	5532	209	0	0
993	27	790	5532	246	189	676	27	787	5538	209	0	0
994	27	787	5538	25	298	695	27	785	5542	210	0	0
995	27	785	5542	474	356	30	27	782	5548	210	0	0
996	27	782	5548	498	424	125	27	779	5554	210	0	0
997	27	779	5554	253	175	68	27	776	5560	210	0	0
998	27	776	5560	230	649	497	27	773	5566	210	0	0
999	27	773	5566	235	296	277	27	770	5572	210	0	0
1000	27	770	5572	26	274	689	27	768	5576	211	0	0
1001	27	768	5576	740	149	38	27	765	5582	211	0	0
1002	27	765	5582	225	551	354	27	762	5588	211	0	0
1003	27	762	5588	215	351	374	27	759	5594	211	0	0
1004	27	759	5594	490	320	677	27	756	5600	211	0	0
1005	27	756	5600	371	722	477	27	753	5606	211	0	0
1006	27	753	5606	674	682	168	27	750	5612	211	0	0
1007	27	750	5612	82	763	750	27	747	5618	211	0	0
1008	27	747	5618	115	260	571	27	744	5624	211	0	0
1009	27	744	5624	41	632	508	27	741	5630	211	0	0
1010	27	741	5630	315	48	281	27	738	5636	211	0	0
1011	27	738	5636	680	118	86	27	735	5642	211	0	0
1012	27	735	5642	401	218	271	27	732	5648	211	0	0
1013	27	732	5648	688	737	288	27	729	5654	211	0	0
1014	27	729	5654	417	467	674	27	726	5660	211	0	0
1015	27	726	5660	18	577	272	27	724	5664	212	0	0
1016	27	724	5664	42	607	542	27	721	5670	212	0	0
1017	27	721	5670	475	538	420	27	718	5676	212	0	0
1018	27	718	5676	675	16	246	27	716	5680	213	0	0
1019	27	716	5680	712	736	200	27	713	5686	213	0	0
1020	27	713	5686	490	407	546	27	710	5692	213	0	0
1021	27	710	5692	506	542	72	27	707	5698	213	0	0
1022	27	707	5698	558	488	602	27	704	5704	213	0	0
1023	27	704	5704	248	323	320	27	701	5710	213	0	0
1024	27	701	5710	482	445	15	27	699	5714	214	0	0
1025	27	699	5714	202	603	467	27	696	5720	214	0	0
1026	27	696	5720	10	530	232	27	694	5724	215	0	0
1027	27	694	5724	19	284	598	27	692	5728	216	0	0
1028	27	692	5728	306	385	396	27	689	5734	216	0	0
1029	27	689	5734	183	698	579	27	686	5740	216	0	0
1030	27	686	5740	272	686	46	27	683	5746	216	0	0
1031	27	683	5746	172	76	197	27	680	5752	216	0	0
1032	27	680	5752	630	89	344	27	677	5758	216	0	0
1033	27	677	5758	629	638	664	27	674	5764	216	0	0
1034	27	674	5764	245	192	504	27	671	5770	216	0	0
1035	27	671	5770	456	138	459	27	668	5776	216	0	0
1036	27	668	5776	525	647	662	27	665	5782	216	0	0
1037	27	665	5782	244	178	225	27	662	5788	216	0	0
1038	27	662	5788	143	688	191	27	659	5794	216	0	0
1039	27	659	5794	133	547	390	27	656	5800	216	0	0
1040	27	656	5800	10	251	71	27	654	5804	217	0	0
1041	27	654	5804	416	380	259	27	651	5810	217	0	0
1042	27	651	5810	517	656	672	27	648	5816	217	0	0
1043	27	648	5816	13	460	651	27	646	5820	218	0	0
1044	27	646	5820	235	360	454	27	643	5826	218	0	0
1045	27	643	5826	325	329	372	27	640	5832	218	0	0
1046	27	640	5832	421	340	196	27	637	5838	218	0	0
1047	27	637	5838	316	385	338	27	634	5844	218	0	0
1048	27	634	5844	120	29	618	27	631	5850	218	0	0
1049	27	631	5850	619	259	354	27	628	5856	218	0	0
1050	27	628	5856	481	641	130	27	625	5862	218	0	0
1051	27	625	5862	491	520	309	27	622	5868	218	0	0
1052	27	622	5868	558	191	54	27	619	5874	218	0	0
1053	27	619	5874	44	98	183	27	616	5880	218	0	0
1054	27	616	5880	427	25	475	27	614	5884	219	0	0
1055	27	614	5884	539	334	81	27	611	5890	219	0	0
1056	27	611	5890	454	499	411	27	608	5896	219	0	0
1057	27	608	5896	561	148	359	27	605	5902	219	0	0
1058	27	605	5902	331	194	253	27	602	5908	219	0	0
1059	27	602	5908	577	390	113	27	599	5914	219	0	0
1060	27	599	5914	247	155	185	27	596	5920	219	0	0
1061	27	596	5920	315	383	90	27	593	5926	219	0	0
1062	27	593	5926	30	578	274	27	590	5932	219	0	0
1063	27	590	5932	413	112	575	27	587	5938	219	0	0
1064	27	587	5938	613	523	205	27	584	5944	219	0	0
1065	27	584	5944	176	305	465	27	581	5950	219	0	0
1066	27	581	5950	467	42	259	27	578	5956	219	0	0
1067	27	578	5956	561	375	424	27	575	5962	219	0	0
1068	27	575	5962	411	512	566	27	572	5968	219	0	0
1069	27	572	5968	197	527	122	27	569	5974	219	0	0
1070	27	569	5974	154	417	444	27	566	5980	219	0	0
1071	27	566	5980	371	197	26	27	564	5984	220	0	0
1072	27	564	5984	558	564	132	27	561	5990	220	0	0
1073	27	561	5990	505	342	331	27	558	5996	220	0	0
1074	27	558	5996	137	86	181	27	555	6002	220	0	0
1075	27	555	6002	65	199	61	27	552	6008	220	0	0
1076	27	552	6008	266	272	351	27	549	6014	220	0	0
1077	27	549	6014	281	379	397	27	546	6020	220	0	0
1078	27	546	6020	173	60	399	27	543	6026	220	0	0
1079	27	543	6026	446	354	167	27	540	6032	220	0	0
1080	27	540	6032	56	395	284	27	537	6038	220	0	0
1081	27	537	6038	84	152	531	27	534	6044	220	0	0
1082	27	534	6044	154	65	403	27	531	6050	220	0	0
1083	27	531	6050	174	285	108	27	528	6056	220	0	0
1084	27	528	6056	82	0	243	27	526	6060	221	0	0
1085	27	526	6060	101	172	317	27	523	6066	221	0	0
1086	27	523	6066	483	87	289	27	520	6072	221	0	0
1087	27	520	6072	278	199	440	27	517	6078	221	0	0
1088	27	517	6078	251	231	201	27	514	6084	221	0	0
1089	27	514	6084	495	146	466	27	511	6090	221	0	0
1090	27	511	6090	225	499	381	27	508	6096	221	0	0
1091	27	508	6096	214	286	17	27	506	6100	222	0	0
1092	27	506	6100	37	9	444	27	504	6104	223	0	0
1093	27	504	6104	263	524	450	27	501	6110	223	0	0
1094	27	501	6110	250	193	399	27	498	6116	223	0	0
1095	27	498	6116	327	439	515	27	495	6122	223	0	0
1096	27	495	6122	422	232	18	27	493	6126	224	0	0
1097	27	493	6126	465	258	470	27	490	6132	224	0	0
1098	27	490	6132	297	477	92	27	487	6138	224	0	0
1099	27	487	6138	184	262	404	27	484	6144	224	0	0
1100	27	484	6144	223	431	169	27	481	6150	224	0	0
1101	27	481	6150	311	412	323	27	478	6156	224	0	0
1102	27	478	6156	233	151	297	27	475	6162	224	0	0
1103	27	475	6162	408	152	320	27	472	6168	224	0	0
1104	27	472	6168	34	171	328	27	469	6174	224	0	0
1105	27	469	6174	344	476	445	27	466	6180	224	0	0
1106	27	466	6180	398	125	471	27	463	6186	224	0	0
1107	27	463	6186	38	382	108	27	460	6192	224	0	0
1108	27	460	6192	188	251	440	27	457	6198	224	0	0
1109	27	457	6198	370	116	203	27	454	6204	224	0	0
1110	27	454	6204	430	226	1	27	452	6208	225	0	0
1111	27	452	6208	394	363	319	27	449	6214	225	0	0
1112	27	449	6214	470	404	296	27	446	6220	225	0	0
1113	27	446	6220	84	22	65	27	444	6224	226	0	0
1114	27	444	6224	440	163	73	27	441	6230	226	0	0
1115	27	441	6230	18	46	241	27	439	6234	227	0	0
1116	27	439	6234	312	169	34	27	436	6240	227	0	0
1117	27	436	6240	18	146	346	27	434	6244	228	0	0
1118	27	434	6244	174	344	39	27	431	6250	228	0	0
1119	27	431	6250	230	380	421	27	428	6256	228	0	0
1120	27	428	6256	400	446	77	27	425	6262	228	0	0
1121	27	425	6262	306	116	152	27	422	6268	228	0	0
1122	27	422	6268	268	233	256	27	419	6274	228	0	0
1123	27	419	6274	149	197	347	27	416	6280	228	0	0
1124	27	416	6280	291	191	208	27	413	6286	228	0	0
1125	27	413	6286	350	191	12	27	411	6290	229	0	0
1126	27	411	6290	330	327	10	27	409	6294	230	0	0
1127	27	409	6294	279	401	129	27	406	6300	230	0	0
1128	27	406	6300	194	215	213	27	403	6306	230	0	0
1129	27	403	6306	277	338	393	27	400	6312	230	0	0
1130	27	400	6312	194	231	352	27	397	6318	230	0	0
1131	27	397	6318	4	154	16	28	828	6320	232	432	0
1132	28	828	6320	411	207	113	28	825	6326	232	0	0
1133	28	825	6326	477	34	815	28	822	6332	232	0	0
1134	28	822	6332	431	126	361	28	819	6338	232	0	0
1135	28	819	6338	735	119	130	28	816	6344	232	0	0
1136	28	816	6344	258	598	697	28	813	6350	232	0	0
1137	28	813	6350	109	9	400	28	811	6354	233	0	0
1138	28	811	6354	524	467	124	28	808	6360	233	0	0
1139	28	808	6360	787	372	729	28	805	6366	233	0	0
1140	28	805	6366	703	472	537	28	802	6372	233	0	0
1141	28	802	6372	260	268	196	28	799	6378	233	0	0
1142	28	799	6378	90	795	214	28	796	6384	233	0	0
1143	28	796	6384	300	74	333	28	793	6390	233	0	0
1144	28	793	6390	527	209	97	28	790	6396	233	0	0
1145	28	790	6396	178	158	530	28	787	6402	233	0	0
1146	28	787	6402	699	222	458	28	784	6408	233	0	0
1147	28	784	6408	783	444	492	28	781	6414	233	0	0
1148	28	781	6414	699	651	549	28	778	6420	233	0	0
1149	28	778	6420	186	384	101	28	775	6426	233	0	0
1150	28	775	6426	133	227	208	28	772	6432	233	0	0
1151	28	772	6432	74	546	152	28	769	6438	233	0	0
1152	28	769	6438	66	67	600	28	766	6444	233	0	0
1153	28	766	6444	73	130	749	28	763	6450	233	0	0
1154	28	763	6450	523	377	387	28	760	6456	233	0	0
1155	28	760	6456	65	204	175	28	757	6462	233	0	0
1156	28	757	6462	135	616	561	28	754	6468	233	0	0
1157	28	754	6468	442	475	240	28	751	6474	233	0	0
1158	28	751	6474	114	136	354	28	748	6480	233	0	0
1159	28	748	6480	721	552	100	28	745	6486	233	0	0
1160	28	745	6486	52	291	476	28	742	6492	233	0	0
1161	28	742	6492	635	365	367	28	739	6498	233	0	0
1162	28	739	6498	713	324	682	28	736	6504	233	0	0
1163	28	736	6504	669	390	15	28	734	6508	234	0	0
1164	28	734	6508	660	433	209	28	731	6514	234	0	0
1165	28	731	6514	523	756	280	28	728	6520	234	0	0
1166	28	728	6520	608	586	496	28	725	6526	234	0	0
1167	28	725	6526	376	163	70	28	722	6532	234	0	0
1168	28	722	6532	84	281	218	28	719	6538	234	0	0
1169	28	719	6538	75	73	519	28	716	6544	234	0	0
1170	28	716	6544	250	482	195	28	713	6550	234	0	0
1171	28	713	6550	458	369	69	28	710	6556	234	0	0
1172	28	710	6556	64	642	326	28	707	6562	234	0	0
1173	28	707	6562	197	235	495	28	704	6568	234	0	0
1174	28	704	6568	166	547	159	28	701	6574	234	0	0
1175	28	701	6574	115	464	166	28	698	6580	234	0	0
1176	28	698	6580	6	88	223	28	696	6584	235	0	0
1177	28	696	6584	717	20	25	29	1315	6586	237	620	0
1178	29	1315	6586	962	1090	293	29	1312	6592	237	0	0
1179	29	1312	6592	695	321	473	29	1309	6598	237	0	0
1180	29	1309	6598	116	505	169	29	1306	6604	237	0	0
1181	29	1306	6604	1244	1019	683	29	1303	6610	237	0	0
1182	29	1303	6610	199	46	180	29	1300	6616	237	0	0
1183	29	1300	6616	184	1133	1256	29	1297	6622	237	0	0
1184	29	1297	6622	531	910	1104	29	1294	6628	237	0	0
1185	29	1294	6628	593	22	682	29	1292	6632	238	0	0
1186	29	1292	6632	658	65	781	29	1289	6638	238	0	0
1187	29	1289	6638	1074	676	231	29	1286	6644	238	0	0
1188	29	1286	6644	298	466	701	29	1283	6650	238	0	0
1189	29	1283	6650	21	218	791	29	1281	6654	239	0	0
1190	29	1281	6654	953	14	931	29	1279	6658	240	0	0
1191	29	1279	6658	102	1128	63	29	1276	6664	240	0	0
1192	29	1276	6664	854	906	1071	29	1273	6670	240	0	0
1193	29	1273	6670	791	480	819	29	1270	6676	240	0	0
1194	29	1270	6676	423	391	530	29	1267	6682	240	0	0
1195	29	1267	6682	862	188	332	29	1264	6688	240	0	0
1196	29	1264	6688	774	10	917	29	1262	6692	241	0	0
1197	29	1262	6692	945	626	489	29	1259	6698	241	0	0
1198	29	1259	6698	714	373	1276	29	1256	6704	241	0	0
1199	29	1256	6704	653	351	930	29	1253	6710	241	0	0
1200	29	1253	6710	384	1205	1122	29	1250	6716	241	0	0
1201	29	1250	6716	744	500	625	29	1247	6722	241	0	0
1202	29	1247	6722	923	578	1270	29	1244	6728	241	0	0
1203	29	1244	6728	1042	749	1034	29	1241	6734	241	0	0
1204	29	1241	6734	102	656	415	29	1238	6740	241	0	0
1205	29	1238	6740	526	761	463	29	1235	6746	241	0	0
1206	29	1235	6746	158	1145	387	29	1232	6752	241	0	0
1207	29	1232	6752	306	231	629	29	1229	6758	241	0	0
1208	29	1229	6758	562	614	971	29	1226	6764	241	0	0
1209	29	1226	6764	294	208	574	29	1223	6770	241	0	0
1210	29	1223	6770	1196	127	672	29	1220	6776	241	0	0
1211	29	1220	6776	946	607	1172	29	1217	6782	241	0	0
1212	29	1217	6782	144	528	301	29	1214	6788	241	0	0
1213	29	1214	6788	907	1081	557	29	1211	6794	241	0	0
1214	29	1211	6794	1187	656	243	29	1208	6800	241	0	0
1215	29	1208	6800	547	222	551	29	1205	6806	241	0	0
1216	29	1205	6806	982	22	1002	29	1203	6810	242	0	0
1217	29	1203	6810	1128	307	423	29	1200	6816	242	0	0
1218	29	1200	6816	796	21	1165	29	1198	6820	243	0	0
1219	29	1198	6820	11	129	746	29	1196	6824	244	0	0
1220	29	1196	6824	112	1131	478	29	1193	6830	244	0	0
1221	29	1193	6830	435	600	776	29	1190	6836	244	0	0
1222	29	1190	6836	510	166	714	29	1187	6842	244	0	0
1223	29	1187	6842	816	338	321	29	1184	6848	244	0	0
1224	29	1184	6848	729	284	1211	29	1181	6854	244	0	0
1225	29	1181	6854	767	205	610	29	1178	6860	244	0	0
1226	29	1178	6860	178	113	324	29	1175	6866	244	0	0
1227	29	1175	6866	240	936	782	29	1172	6872	244	0	0
1228	29	1172	6872	330	786	378	29	1169	6878	244	0	0
1229	29	1169	6878	1185	983	103	29	1166	6884	244	0	0
1230	29	1166	6884	699	429	367	29	1163	6890	244	0	0
1231	29	1163	6890	980	236	269	29	1160	6896	244	0	0
1232	29	1160	6896	179	151	286	29	1157	6902	244	0	0
1233	29	1157	6902	1117	1161	146	29	1154	6908	244	0	0
1234	29	1154	6908	81	299	495	29	1151	6914	244	0	0
1235	29	1151	6914	959	783	477	29	1148	6920	244	0	0
1236	29	1148	6920	22	458	419	29	1146	6924	245	0	0
1237	29	1146	6924	239	16	609	29	1144	6928	246	0	0
1238	29	1144	6928	12	938	1113	29	1142	6932	247	0	0
1239	29	1142	6932	921	18	31	29	1140	6936	248	0	0
1240	29	1140	6936	739	702	760	29	1137	6942	248	0	0
1241	29	1137	6942	269	1049	345	29	1134	6948	248	0	0
1242	29	1134	6948	965	114	93	29	1131	6954	248	0	0
1243	29	1131	6954	1039	888	287	29	1128	6960	248	0	0
1244	29	1128	6960	726	765	186	29	1125	6966	248	0	0
1245	29	1125	6966	360	872	821	29	1122	6972	248	0	0
1246	29	1122	6972	179	954	1068	29	1119	6978	248	0	0
1247	29	1119	6978	275	871	554	29	1116	6984	248	0	0
1248	29	1116	6984	278	54	650	29	1113	6990	248	0	0
1249	29	1113	6990	1032	647	672	29	1110	6996	248	0	0
1250	29	1110	6996	157	206	891	29	1107	7002	248	0	0
1251	29	1107	7002	1104	756	591	29	1104	7008	248	0	0
1252	29	1104	7008	739	1007	628	29	1101	7014	248	0	0
1253	29	1101	7014	593	1089	169	29	1098	7020	248	0	0
1254	29	1098	7020	527	520	904	29	1095	7026	248	0	0
1255	29	1095	7026	387	1103	770	29	1092	7032	248	0	0
1256	29	1092	7032	658	771	501	29	1089	7038	248	0	0
1257	29	1089	7038	807	588	111	29	1086	7044	248	0	0
1258	29	1086	7044	255	877	793	29	1083	7050	248	0	0
1259	29	1083	7050	735	708	1002	29	1080	7056	248	0	0
1260	29	1080	7056	1053	1068	803	29	1077	7062	248	0	0
1261	29	1077	7062	650	798	146	29	1074	7068	248	0	0
1262	29	1074	7068	788	1052	934	29	1071	7074	248	0	0
1263	29	1071	7074	155	742	200	29	1068	7080	248	0	0
1264	29	1068	7080	220	917	67	29	1065	7086	248	0	0
1265	29	1065	7086	412	353	898	29	1062	7092	248	0	0
1266	29	1062	7092	720	906	65	29	1059	7098	248	0	0
1267	29	1059	7098	847	550	193	29	1056	7104	248	0	0
1268	29	1056	7104	23	703	279	29	1054	7108	249	0	0
1269	29	1054	7108	434	732	796	29	1051	7114	249	0	0
1270	29	1051	7114	850	370	285	29	1048	7120	249	0	0
1271	29	1048	7120	298	837	646	29	1045	7126	249	0	0
1272	29	1045	7126	9	807	869	29	1043	7130	250	0	0
1273	29	1043	7130	282	88	1062	29	1040	7136	250	0	0
1274	29	1040	7136	378	636	216	29	1037	7142	250	0	0
1275	29	1037	7142	534	237	355	29	1034	7148	250	0	0
1276	29	1034	7148	347	308	743	29	1031	7154	250	0	0
1277	29	1031	7154	475	662	750	29	1028	7160	250	0	0
1278	29	1028	7160	534	244	794	29	1025	7166	250	0	0
1279	29	1025	7166	450	969	461	29	1022	7172	250	0	0
1280	29	1022	7172	781	528	859	29	1019	7178	250	0	0
1281	29	1019	7178	450	478	323	29	1016	7184	250	0	0
1282	29	1016	7184	852	782	781	29	1013	7190	250	0	0
1283	29	1013	7190	287	611	338	29	1010	7196	250	0	0
1284	29	1010	7196	39	294	65	29	1007	7202	250	0	0
1285	29	1007	7202	589	798	101	29	1004	7208	250	0	0
1286	29	1004	7208	901	246	24	29	1002	7212	251	0	0
1287	29	1002	7212	940	834	844	29	999	7218	251	0	0
1288	29	999	7218	998	131	829	29	996	7224	251	0	0
1289	29	996	7224	858	1013	32	29	993	7230	251	0	0
1290	29	993	7230	194	196	464	29	990	7236	251	0	0
1291	29	990	7236	881	671	273	29	987	7242	251	0	0
1292	29	987	7242	226	497	541	29	984	7248	251	0	0
1293	29	984	7248	939	225	625	29	981	7254	251	0	0
1294	29	981	7254	181	802	782	29	978	7260	251	0	0
1295	29	978	7260	770	676	261	29	975	7266	251	0	0
1296	29	975	7266	479	58	134	29	972	7272	251	0	0
1297	29	972	7272	648	297	224	29	969	7278	251	0	0
1298	29	969	7278	847	428	743	29	966	7284	251	0	0
1299	29	966	7284	143	566	138	29	963	7290	251	0	0
1300	29	963	7290	602	635	384	29	960	7296	251	0	0
1301	29	960	7296	786	0	798	29	958	7300	252	0	0
1302	29	958	7300	333	339	740	29	955	7306	252	0	0
1303	29	955	7306	738	406	660	29	952	7312	252	0	0
1304	29	952	7312	453	7	680	29	950	7316	253	0	0
1305	29	950	7316	790	681	879	29	947	7322	253	0	0
1306	29	947	7322	968	262	431	29	944	7328	253	0	0
1307	29	944	7328	242	741	355	29	941	7334	253	0	0
1308	29	941	7334	326	843	137	29	938	7340	253	0	0
1309	29	938	7340	215	27	510	29	936	7344	254	0	0
1310	29	936	7344	854	553	181	29	933	7350	254	0	0
1311	29	933	7350	94	336	819	29	930	7356	254	0	0
1312	29	930	7356	344	38	6	29	928	7360	255	0	0
1313	29	928	7360	294	380	312	29	925	7366	255	0	0
1314	29	925	7366	735	407	556	29	922	7372	255	0	0
1315	29	922	7372	150	377	464	29	919	7378	255	0	0
1316	29	919	7378	813	500	98	29	916	7384	255	0	0
1317	29	916	7384	570	732	347	29	913	7390	255	0	0
1318	29	913	7390	659	211	384	29	910	7396	255	0	0
1319	29	910	7396	594	509	177	29	907	7402	255	0	0
1320	29	907	7402	193	807	110	29	904	7408	255	0	0
1321	29	904	7408	740	532	707	29	901	7414	255	0	0
1322	29	901	7414	122	107	927	29	898	7420	255	0	0
1323	29	898	7420	466	395	73	29	895	7426	255	0	0
1324	29	895	7426	863	783	175	29	892	7432	255	0	0
1325	29	892	7432	698	40	141	29	889	7438	255	0	0
1326	29	889	7438	161	341	239	29	886	7444	255	0	0
1327	29	886	7444	97	246	250	29	883	7450	255	0	0
1328	29	883	7450	77	568	314	29	880	7456	255	0	0
1329	29	880	7456	567	906	147	29	877	7462	255	0	0
1330	29	877	7462	904	513	544	29	874	7468	255	0	0
1331	29	874	7468	192	833	373	29	871	7474	255	0	0
1332	29	871	7474	263	432	299	29	868	7480	255	0	0
1333	29	868	7480	210	832	335	29	865	7486	255	0	0
1334	29	865	7486	204	470	33	29	862	7492	255	0	0
1335	29	862	7492	256	857	803	29	859	7498	255	0	0
1336	29	859	7498	400	91	605	29	856	7504	255	0	0
1337	29	856	7504	371	516	123	29	853	7510	255	0	0
1338	29	853	7510	316	97	400	29	850	7516	255	0	0
1339	29	850	7516	415	93	541	29	847	7522	255	0	0
1340	29	847	7522	591	35	490	29	844	7528	255	0	0
1341	29	844	7528	556	270	37	29	841	7534	255	0	0
1342	29	841	7534	271	784	632	29	838	7540	255	0	0
1343	29	838	7540	554	387	358	29	835	7546	255	0	0
1344	29	835	7546	17	410	613	29	833	7550	256	0	0
1345	29	833	7550	116	133	576	29	830	7556	256	0	0
1346	29	830	7556	31	405	837	29	827	7562	256	0	0
1347	29	827	7562	766	65	501	29	824	7568	256	0	0
1348	29	824	7568	42	62	108	29	821	7574	256	0	0
1349	29	821	7574	415	834	484	29	818	7580	256	0	0
1350	29	818	7580	805	338	174	29	815	7586	256	0	0
1351	29	815	7586	552	277	89	29	812	7592	256	0	0
1352	29	812	7592	358	836	263	29	809	7598	256	0	0
1353	29	809	7598	315	57	590	29	806	7604	256	0	0
1354	29	806	7604	506	277	325	29	803	7610	256	0	0
1355	29	803	7610	480	6	205	29	801	7614	257	0	0
1356	29	801	7614	514	246	606	29	798	7620	257	0	0
1357	29	798	7620	709	757	34	29	795	7626	257	0	0
1358	29	795	7626	482	182	56	29	792	7632	257	0	0
1359	29	792	7632	754	281	481	29	789	7638	257	0	0
1360	29	789	7638	401	234	699	29	786	7644	257	0	0
1361	29	786	7644	482	414	776	29	783	7650	257	0	0
1362	29	783	7650	203	209	237	29	780	7656	257	0	0
1363	29	780	7656	137	200	313	29	777	7662	257	0	0
1364	29	777	7662	450	458	272	29	774	7668	257	0	0
1365	29	774	7668	785	547	48	29	771	7674	257	0	0
1366	29	771	7674	405	671	702	29	768	7680	257	0	0
1367	29	768	7680	327	587	211	29	765	7686	257	0	0
1368	29	765	7686	296	376	637	29	762	7692	257	0	0
1369	29	762	7692	378	161	691	29	759	7698	257	0	0
1370	29	759	7698	537	498	416	29	756	7704	257	0	0
1371	29	756	7704	85	78	498	29	753	7710	257	0	0
1372	29	753	7710	62	690	652	29	750	7716	257	0	0
1373	29	750	7716	237	298	688	29	747	7722	257	0	0
1374	29	747	7722	443	121	745	29	744	7728	257	0	0
1375	29	744	7728	591	224	345	29	741	7734	257	0	0
1376	29	741	7734	95	94	487	29	738	7740	257	0	0
1377	29	738	7740	48	560	624	29	735	7746	257	0	0
1378	29	735	7746	87	362	92	29	732	7752	257	0	0
1379	29	732	7752	115	193	623	29	729	7758	257	0	0
1380	29	729	7758	267	379	344	29	726	7764	257	0	0
1381	29	726	7764	633	623	325	29	723	7770	257	0	0
1382	29	723	7770	702	126	170	29	720	7776	257	0	0
1383	29	720	7776	363	198	598	29	717	7782	257	0	0
1384	29	717	7782	415	484	246	29	714	7788	257	0	0
1385	29	714	7788	215	35	250	29	711	7794	257	0	0
1386	29	711	7794	12	477	619	29	709	7798	258	0	0
1387	29	709	7798	730	423	196	29	706	7804	258	0	0
1388	29	706	7804	715	569	568	29	703	7810	258	0	0
1389	29	703	7810	426	702	487	29	700	7816	258	0	0
1390	29	700	7816	488	305	562	29	697	7822	258	0	0
1391	29	697	7822	581	643	483	29	694	7828	258	0	0
1392	29	694	7828	522	451	207	29	691	7834	258	0	0
1393	29	691	7834	283	358	190	29	688	7840	258	0	0
1394	29	688	7840	56	439	279	29	685	7846	258	0	0
1395	29	685	7846	163	402	501	29	682	7852	258	0	0
1396	29	682	7852	244	176	127	29	679	7858	258	0	0
1397	29	679	7858	66	609	167	29	676	7864	258	0	0
1398	29	676	7864	501	505	655	29	673	7870	258	0	0
1399	29	673	7870	596	644	694	29	670	7876	258	0	0
1400	29	670	7876	409	304	123	29	667	7882	258	0	0
1401	29	667	7882	504	100	113	29	664	7888	258	0	0
1402	29	664	7888	476	594	105	29	661	7894	258	0	0
1403	29	661	7894	523	507	232	29	658	7900	258	0	0
1404	29	658	7900	102	455	683	29	655	7906	258	0	0
1405	29	655	7906	673	477	574	29	652	7912	258	0	0
1406	29	652	7912	29	79	115	29	649	7918	258	0	0
1407	29	649	7918	393	69	471	29	646	7924	258	0	0
1408	29	646	7924	332	638	389	29	643	7930	258	0	0
1409	29	643	7930	193	48	96	29	640	7936	258	0	0
1410	29	640	7936	320	579	465	29	637	7942	258	0	0
1411	29	637	7942	651	270	461	29	634	7948	258	0	0
1412	29	634	7948	319	302	534	29	631	7954	258	0	0
1413	29	631	7954	50	155	218	29	628	7960	258	0	0
1414	29	628	7960	567	140	335	29	625	7966	258	0	0
1415	29	625	7966	641	391	54	29	622	7972	258	0	0
1416	29	622	7972	3	272	313	29	620	7976	259	0	0
1417	29	620	7976	582	306	232	29	617	7982	259	0	0
1418	29	617	7982	87	449	425	29	614	7988	259	0	0
1419	29	614	7988	51	482	409	29	611	7994	259	0	0
1420	29	611	7994	118	210	488	29	608	8000	259	0	0
1421	29	608	8000	580	286	450	29	605	8006	259	0	0
1422	29	605	8006	625	149	612	29	602	8012	259	0	0
1423	29	602	8012	100	67	537	29	599	8018	259	0	0
1424	29	599	8018	619	394	362	29	596	8024	259	0	0
1425	29	596	8024	391	576	465	29	593	8030	259	0	0
1426	29	593	8030	460	193	199	29	590	8036	259	0	0
1427	29	590	8036	155	28	129	29	588	8040	260	0	0
1428	29	588	8040	384	261	513	29	585	8046	260	0	0
1429	29	585	8046	553	334	542	29	582	8052	260	0	0
1430	29	582	8052	412	578	382	29	579	8058	260	0	0
1431	29	579	8058	44	451	175	29	576	8064	260	0	0
1432	29	576	8064	82	83	78	29	573	8070	260	0	0
1433	29	573	8070	417	358	470	29	570	8076	260	0	0
1434	29	570	8076	375	78	238	29	567	8082	260	0	0
1435	29	567	8082	342	270	590	29	564	8088	260	0	0
1436	29	564	8088	514	260	482	29	561	8094	260	0	0
1437	29	561	8094	50	569	35	29	558	8100	260	0	0
1438	29	558	8100	573	511	11	29	556	8104	261	0	0
1439	29	556	8104	347	313	69	29	553	8110	261	0	0
1440	29	553	8110	518	133	213	29	550	8116	261	0	0
1441	29	550	8116	93	200	54	29	547	8122	261	0	0
1442	29	547	8122	95	112	30	29	544	8128	261	0	0
1443	29	544	8128	302	270	57	29	541	8134	261	0	0
1444	29	541	8134	529	187	234	29	538	8140	261	0	0
1445	29	538	8140	497	118	237	29	535	8146	261	0	0
1446	29	535	8146	427	539	433	29	532	8152	261	0	0
1447	29	532	8152	134	371	138	29	529	8158	261	0	0
1448	29	529	8158	248	543	207	29	526	8164	261	0	0
1449	29	526	8164	147	501	278	29	523	8170	261	0	0
1450	29	523	8170	428	18	510	29	521	8174	262	0	0
1451	29	521	8174	71	373	346	29	518	8180	262	0	0
1452	29	518	8180	442	153	275	29	515	8186	262	0	0
1453	29	515	8186	324	358	23	29	513	8190	263	0	0
1454	29	513	8190	29	408	282	29	510	8196	263	0	0
1455	29	510	8196	464	521	478	29	507	8202	263	0	0
1456	29	507	8202	371	456	398	29	504	8208	263	0	0
1457	29	504	8208	203	272	42	29	501	8214	263	0	0
1458	29	501	8214	101	527	330	29	498	8220	263	0	0
1459	29	498	8220	76	478	453	29	495	8226	263	0	0
1460	29	495	8226	119	108	133	29	492	8232	263	0	0
1461	29	492	8232	281	291	243	29	489	8238	263	0	0
1462	29	489	8238	131	111	130	29	486	8244	263	0	0
1463	29	486	8244	385	294	69	29	483	8250	263	0	0
1464	29	483	8250	315	66	332	29	480	8256	263	0	0
1465	29	480	8256	136	456	263	29	477	8262	263	0	0
1466	29	477	8262	420	492	100	29	474	8268	263	0	0
1467	29	474	8268	141	63	140	29	471	8274	263	0	0
1468	29	471	8274	413	264	287	29	468	8280	263	0	0
1469	29	468	8280	241	475	57	29	465	8286	263	0	0
1470	29	465	8286	56	225	208	29	462	8292	263	0	0
1471	29	462	8292	483	114	147	29	459	8298	263	0	0
1472	29	459	8298	213	85	418	29	456	8304	263	0	0
1473	29	456	8304	39	356	358	29	453	8310	263	0	0
1474	29	453	8310	252	76	186	29	450	8316	263	0	0
1475	29	450	8316	110	234	71	29	447	8322	263	0	0
1476	29	447	8322	333	377	345	29	444	8328	263	0	0
1477	29	444	8328	46	304	85	29	441	8334	263	0	0
1478	29	441	8334	346	10	149	29	439	8338	264	0	0
1479	29	439	8338	77	312	106	29	436	8344	264	0	0
1480	29	436	8344	20	344	169	29	434	8348	265	0	0
1481	29	434	8348	172	432	287	29	431	8354	265	0	0
1482	29	431	8354	427	76	218	29	428	8360	265	0	0
1483	29	428	8360	168	110	263	29	425	8366	265	0	0
1484	29	425	8366	30	409	127	29	422	8372	265	0	0
1485	29	422	8372	62	48	447	29	419	8378	265	0	0
1486	29	419	8378	213	221	345	29	416	8384	265	0	0
1487	29	416	8384	241	418	189	29	413	8390	265	0	0
1488	29	413	8390	351	197	112	29	410	8396	265	0	0
1489	29	410	8396	424	428	67	29	407	8402	265	0	0
1490	29	407	8402	254	387	315	29	404	8408	265	0	0
1491	29	404	8408	225	238	387	29	401	8414	265	0	0
1492	29	401	8414	293	415	250	29	398	8420	265	0	0
1493	29	398	8420	182	334	165	29	395	8426	265	0	0
1494	29	395	8426	88	286	81	29	392	8432	265	0	0
1495	29	392	8432	328	317	178	29	389	8438	265	0	0
1496	29	389	8438	218	134	264	29	386	8444	265	0	0
1497	29	386	8444	232	106	267	29	383	8450	265	0	0
1498	29	383	8450	334	38	324	29	380	8456	265	0	0
1499	29	380	8456	230	252	178	29	377	8462	265	0	0
1500	29	377	8462	236	216	332	29	374	8468	265	0	0
1501	29	374	8468	32	19	398	29	372	8472	266	0	0
1502	29	372	8472	43	42	328	29	369	8478	266	0	0
1503	29	369	8478	155	224	223	29	366	8484	266	0	0
1504	29	366	8484	18	237	123	29	364	8488	267	0	0
1505	29	364	8488	123	78	303	29	361	8494	267	0	0
1506	29	361	8494	312	129	26	29	359	8498	268	0	0
1507	29	359	8498	62	239	113	29	356	8504	268	0	0
1508	29	356	8504	39	233	315	29	353	8510	268	0	0
1509	29	353	8510	171	128	3	29	351	8514	269	0	0
1510	29	351	8514	212	211	91	29	348	8520	269	0	0
1511	29	348	8520	308	52	157	29	345	8526	269	0	0
1512	29	345	8526	260	165	111	29	342	8532	269	0	0
1513	29	342	8532	323	85	245	29	339	8538	269	0	0
1514	29	339	8538	296	302	42	29	336	8544	269	0	0
1515	29	336	8544	330	197	248	29	333	8550	269	0	0
1516	29	333	8550	174	216	38	29	330	8556	269	0	0
1517	29	330	8556	4	287	179	29	328	8560	270	0	0
1518	29	328	8560	226	121	275	29	325	8566	270	0	0
1519	29	325	8566	171	47	286	29	322	8572	270	0	0
1520	29	322	8572	276	23	145	29	320	8576	271	0	0
1521	29	320	8576	39	105	91	29	317	8582	271	0	0
1522	29	317	8582	152	142	213	29	314	8588	271	0	0
1523	29	314	8588	73	63	92	29	311	8594	271	0	0
1524	29	311	8594	46	113	315	29	308	8600	271	0	0
1525	29	308	8600	95	170	28	29	306	8604	272	0	0
1526	29	306	8604	248	121	256	29	303	8610	272	0	0
1527	29	303	8610	205	20	276	29	301	8614	273	0	0
1528	29	301	8614	117	27	236	29	299	8618	274	0	0
1529	29	299	8618	244	32	324	29	296	8624	274	0	0
1530	29	296	8624	207	313	99	29	293	8630	274	0	0
1531	29	293	8630	34	170	152	29	290	8636	274	0	0
1532	29	290	8636	37	163	119	29	287	8642	274	0	0
1533	29	287	8642	211	19	100	29	285	8646	275	0	0
1534	29	285	8646	14	165	126	29	283	8650	276	0	0
1535	29	283	8650	151	229	263	29	280	8656	276	0	0
1536	29	280	8656	17	0	200	30	367	8658	278	88	0
1537	30	367	8658	336	71	319	30	364	8664	278	0	0
1538	30	364	8664	115	209	128	30	361	8670	278	0	0
1539	30	361	8670	127	287	313	30	358	8676	278	0	0
1540	30	358	8676	15	141	295	30	356	8680	279	0	0
1541	30	356	8680	333	340	245	30	353	8686	279	0	0
1542	30	353	8686	16	152	237	30	351	8690	280	0	0
1543	30	351	8690	319	351	93	30	348	8696	280	0	0
1544	30	348	8696	373	22	7	31	753	8698	282	406	0
1545	31	753	8698	682	723	762	31	750	8704	282	0	0
1546	31	750	8704	412	415	620	31	747	8710	282	0	0
1547	31	747	8710	290	385	528	31	744	8716	282	0	0
1548	31	744	8716	771	21	609	31	742	8720	283	0	0
1549	31	742	8720	306	280	355	31	739	8726	283	0	0
1550	31	739	8726	599	548	471	31	736	8732	283	0	0
1551	31	736	8732	153	427	107	31	733	8738	283	0	0
1552	31	733	8738	38	437	45	31	730	8744	283	0	0
1553	31	730	8744	242	48	271	31	727	8750	283	0	0
1554	31	727	8750	517	187	633	31	724	8756	283	0	0
1555	31	724	8756	312	252	164	31	721	8762	283	0	0
1556	31	721	8762	471	698	606	31	718	8768	283	0	0
1557	31	718	8768	396	12	306	31	716	8772	284	0	0
1558	31	716	8772	112	195	155	31	713	8778	284	0	0
1559	31	713	8778	290	258	624	31	710	8784	284	0	0
1560	31	710	8784	626	289	118	31	707	8790	284	0	0
1561	31	707	8790	584	622	334	31	704	8796	284	0	0
1562	31	704	8796	432	36	311	31	701	8802	284	0	0
1563	31	701	8802	59	260	119	31	698	8808	284	0	0
1564	31	698	8808	84	2	500	31	696	8812	285	0	0
1565	31	696	8812	420	292	611	31	693	8818	285	0	0
1566	31	693	8818	29	113	680	31	691	8822	286	0	0
1567	31	691	8822	652	656	706	31	688	8828	286	0	0
1568	31	688	8828	11	179	284	31	686	8832	287	0	0
1569	31	686	8832	15	227	289	31	684	8836	288	0	0
1570	31	684	8836	410	524	351	31	681	8842	288	0	0
1571	31	681	8842	84	168	482	31	678	8848	288	0	0
1572	31	678	8848	186	514	586	31	675	8854	288	0	0
1573	31	675	8854	500	491	5	31	673	8858	289	0	0
1574	31	673	8858	426	557	661	31	670	8864	289	0	0
1575	31	670	8864	635	317	665	31	667	8870	289	0	0
1576	31	667	8870	228	433	377	31	664	8876	289	0	0
1577	31	664	8876	627	681	378	31	661	8882	289	0	0
1578	31	661	8882	347	53	611	31	658	8888	289	0	0
1579	31	658	8888	352	377	11	31	656	8892	290	0	0
1580	31	656	8892	516	444	251	31	653	8898	290	0	0
1581	31	653	8898	87	635	306	31	650	8904	290	0	0
1582	31	650	8904	229	550	327	31	647	8910	290	0	0
1583	31	647	8910	274	497	163	31	644	8916	290	0	0
1584	31	644	8916	216	42	182	31	641	8922	290	0	0
1585	31	641	8922	465	216	16	31	639	8926	291	0	0
1586	31	639	8926	84	229	208	31	636	8932	291	0	0
1587	31	636	8932	332	564	179	31	633	8938	291	0	0
1588	31	633	8938	533	342	46	31	630	8944	291	0	0
1589	31	630	8944	115	221	151	31	627	8950	291	0	0
1590	31	627	8950	448	430	645	31	624	8956	291	0	0
1591	31	624	8956	40	3	317	31	622	8960	292	0	0
1592	31	622	8960	322	234	453	31	619	8966	292	0	0
1593	31	619	8966	24	71	587	31	617	8970	293	0	0
1594	31	617	8970	61	479	414	31	614	8976	293	0	0
1595	31	614	8976	303	338	366	31	611	8982	293	0	0
1596	31	611	8982	76	587	288	31	608	8988	293	0	0
1597	31	608	8988	104	19	519	31	606	8992	294	0	0
1598	31	606	8992	468	560	12	31	604	8996	295	0	0
1599	31	604	8996	450	8	198	31	602	9000	296	0	0
1600	31	602	9000	161	249	196	31	599	9006	296	0	0
1601	31	599	9006	591	247	109	31	596	9012	296	0	0
1602	31	596	9012	179	589	590	31	593	9018	296	0	0
1603	31	593	9018	268	519	368	31	590	9024	296	0	0
1604	31	590	9024	314	541	182	31	587	9030	296	0	0
1605	31	587	9030	458	586	301	31	584	9036	296	0	0
1606	31	584	9036	68	122	372	31	581	9042	296	0	0
1607	31	581	9042	348	533	192	31	578	9048	296	0	0
1608	31	578	9048	74	33	197	31	575	9054	296	0	0
1609	31	575	9054	162	151	133	31	572	9060	296	0	0
1610	31	572	9060	599	153	103	31	569	9066	296	0	0
1611	31	569	9066	247	100	232	31	566	9072	296	0	0
1612	31	566	9072	43	359	316	31	563	9078	296	0	0
1613	31	563	9078	482	295	470	31	560	9084	296	0	0
1614	31	560	9084	77	549	396	31	557	9090	296	0	0
1615	31	557	9090	151	81	505	31	554	9096	296	0	0
1616	31	554	9096	298	30	516	31	552	9100	297	0	0
1617	31	552	9100	73	41	157	31	549	9106	297	0	0
1618	31	549	9106	261	465	15	31	547	9110	298	0	0
1619	31	547	9110	260	48	145	31	544	9116	298	0	0
1620	31	544	9116	46	380	535	31	541	9122	298	0	0
1621	31	541	9122	487	77	399	31	538	9128	298	0	0
1622	31	538	9128	500	354	13	31	536	9132	299	0	0
1623	31	536	9132	27	282	332	31	534	9136	300	0	0
1624	31	534	9136	83	34	39	31	531	9142	300	0	0
1625	31	531	9142	90	419	556	31	528	9148	300	0	0
1626	31	528	9148	551	555	334	31	525	9154	300	0	0
1627	31	525	9154	481	381	266	31	522	9160	300	0	0
1628	31	522	9160	32	95	208	31	519	9166	300	0	0
1629	31	519	9166	112	301	104	31	516	9172	300	0	0
1630	31	516	9172	181	301	546	31	513	9178	300	0	0
1631	31	513	9178	378	370	443	31	510	9184	300	0	0
1632	31	510	9184	158	116	457	31	507	9190	300	0	0
1633	31	507	9190	438	207	370	31	504	9196	300	0	0
1634	31	504	9196	200	221	353	31	501	9202	300	0	0
1635	31	501	9202	345	167	295	31	498	9208	300	0	0
1636	31	498	9208	270	55	100	31	495	9214	300	0	0
1637	31	495	9214	520	194	439	31	492	9220	300	0	0
1638	31	492	9220	231	15	420	31	490	9224	301	0	0
1639	31	490	9224	61	188	356	31	487	9230	301	0	0
1640	31	487	9230	438	255	166	31	484	9236	301	0	0
1641	31	484	9236	493	510	101	31	481	9242	301	0	0
1642	31	481	9242	148	306	7	31	479	9246	302	0	0
1643	31	479	9246	185	22	413	31	477	9250	303	0	0
1644	31	477	9250	47	495	447	31	474	9256	303	0	0
1645	31	474	9256	379	209	298	31	471	9262	303	0	0
1646	31	471	9262	156	87	433	31	468	9268	303	0	0
1647	31	468	9268	188	53	222	31	465	9274	303	0	0
1648	31	465	9274	9	343	461	31	463	9278	304	0	0
1649	31	463	9278	379	135	91	31	460	9284	304	0	0
1650	31	460	9284	206	18	404	31	458	9288	305	0	0
1651	31	458	9288	242	88	470	31	455	9294	305	0	0
1652	31	455	9294	130	469	310	31	452	9300	305	0	0
1653	31	452	9300	31	88	15	31	450	9304	306	0	0
1654	31	450	9304	398	422	245	31	447	9310	306	0	0
1655	31	447	9310	142	311	70	31	444	9316	306	0	0
1656	31	444	9316	226	391	366	31	441	9322	306	0	0
1657	31	441	9322	112	159	323	31	438	9328	306	0	0
1658	31	438	9328	60	371	37	31	435	9334	306	0	0
1659	31	435	9334	390	12	341	31	433	9338	307	0	0
1660	31	433	9338	407	48	150	31	430	9344	307	0	0
1661	31	430	9344	211	133	328	31	427	9350	307	0	0
1662	31	427	9350	184	396	71	31	424	9356	307	0	0
1663	31	424	9356	182	113	211	31	421	9362	307	0	0
1664	31	421	9362	160	142	390	31	418	9368	307	0	0
1665	31	418	9368	358	250	345	31	415	9374	307	0	0
1666	31	415	9374	218	401	29	31	413	9378	308	0	0
1667	31	413	9378	124	387	113	31	410	9384	308	0	0
1668	31	410	9384	91	408	26	31	408	9388	309	0	0
1669	31	408	9388	247	295	253	31	405	9394	309	0	0
1670	31	405	9394	274	221	120	31	402	9400	309	0	0
1671	31	402	9400	361	6	233	31	400	9404	310	0	0
1672	31	400	9404	424	14	238	31	398	9408	311	0	0
1673	31	398	9408	11	279	76	31	396	9412	312	0	0
1674	31	396	9412	303	25	59	31	394	9416	313	0	0
1675	31	394	9416	83	377	400	31	391	9422	313	0	0
1676	31	391	9422	289	83	58	31	388	9428	313	0	0
1677	31	388	9428	408	307	0	31	386	9432	314	0	0
1678	31	386	9432	410	300	62	31	383	9438	314	0	0
1679	31	383	9438	164	202	354	31	380	9444	314	0	0
1680	31	380	9444	215	192	22	31	378	9448	315	0	0
1681	31	378	9448	132	183	77	31	375	9454	315	0	0
1682	31	375	9454	47	188	319	31	372	9460	315	0	0
1683	31	372	9460	37	306	359	31	369	9466	315	0	0
1684	31	369	9466	149	343	116	31	366	9472	315	0	0
1685	31	366	9472	206	186	69	31	363	9478	315	0	0
1686	31	363	9478	155	57	296	31	360	9484	315	0	0
1687	31	360	9484	229	318	257	31	357	9490	315	0	0
1688	31	357	9490	184	228	199	31	354	9496	315	0	0
1689	31	354	9496	267	83	26	31	352	9500	316	0	0
1690	31	352	9500	95	69	262	31	349	9506	316	0	0
1691	31	349	9506	300	16	242	31	347	9510	317	0	0
1692	31	347	9510	253	227	315	31	344	9516	317	0	0
1693	31	344	9516	295	179	125	31	341	9522	317	0	0
1694	31	341	9522	281	124	115	31	338	9528	317	0	0
1695	31	338	9528	190	186	273	31	335	9534	317	0	0
1696	31	335	9534	38	222	339	31	332	9540	317	0	0
1697	31	332	9540	335	165	341	31	329	9546	317	0	0
1698	31	329	9546	235	215	61	31	326	9552	317	0	0
1699	31	326	9552	220	80	279	31	323	9558	317	0	0
1700	31	323	9558	329	279	24	31	321	9562	318	0	0
1701	31	321	9562	299	302	105	31	318	9568	318	0	0
1702	31	318	9568	306	142	214	31	315	9574	318	0	0
1703	31	315	9574	157	286	224	31	312	9580	318	0	0
1704	31	312	9580	77	308	143	31	309	9586	318	0	0
1705	31	309	9586	246	268	241	31	306	9592	318	0	0
1706	31	306	9592	258	208	29	31	304	9596	319	0	0
1707	31	304	9596	115	143	304	31	301	9602	319	0	0
1708	31	301	9602	164	87	118	31	298	9608	319	0	0
1709	31	298	9608	168	40	89	31	295	9614	319	0	0
1710	31	295	9614	4	17	158	32	382	9616	321	88	0
1711	32	382	9616	45	285	180	32	379	9622	321	0	0
1712	32	379	9622	143	13	50	32	377	9626	322	0	0
1713	32	377	9626	123	390	267	32	374	9632	322	0	0
1714	32	374	9632	354	272	5	32	372	9636	323	0	0
1715	32	372	9636	142	238	226	32	369	9642	323	0	0
1716	32	369	9642	204	195	203	32	366	9648	323	0	0
1717	32	366	9648	256	65	9	32	364	9652	324	0	0
1718	32	364	9652	9	46	7	33	399	9654	326	36	0
1719	33	399	9654	170	47	85	33	396	9660	326	0	0
1720	33	396	9660	381	330	14	33	394	9664	327	0	0
1721	33	394	9664	361	75	349	33	391	9670	327	0	0
1722	33	391	9670	368	378	117	33	388	9676	327	0	0
1723	33	388	9676	56	334	314	33	385	9682	327	0	0
1724	33	385	9682	46	137	208	33	382	9688	327	0	0
1725	33	382	9688	133	152	123	33	379	9694	327	0	0
1726	33	379	9694	166	260	121	33	376	9700	327	0	0
1727	33	376	9700	83	276	266	33	373	9706	327	0	0
1728	33	373	9706	307	216	82	33	370	9712	327	0	0
1729	33	370	9712	123	248	292	33	367	9718	327	0	0
1730	33	367	9718	223	12	335	33	365	9722	328	0	0
1731	33	365	9722	293	368	360	33	362	9728	328	0	0
1732	33	362	9728	158	283	323	33	359	9734	328	0	0
1733	33	359	9734	386	83	55	33	356	9740	328	0	0
1734	33	356	9740	349	298	162	33	353	9746	328	0	0
1735	33	353	9746	169	115	58	33	350	9752	328	0	0
1736	33	350	9752	242	35	38	33	347	9758	328	0	0
1737	33	347	9758	119	200	66	33	344	9764	328	0	0
1738	33	344	9764	151	71	325	33	341	9770	328	0	0
1739	33	341	9770	272	68	335	33	338	9776	328	0	0
1740	33	338	9776	295	280	273	33	335	9782	328	0	0
1741	33	335	9782	246	211	13	33	333	9786	329	0	0
1742	33	333	9786	231	223	234	33	330	9792	329	0	0
1743	33	330	9792	72	0	266	33	328	9796	330	0	0
1744	33	328	9796	281	64	171	33	325	9802	330	0	0
1745	33	325	9802	213	181	330	33	322	9808	330	0	0
1746	33	322	9808	95	293	208	33	319	9814	330	0	0
1747	33	319	9814	180	271	120	33	316	9820	330	0	0
1748	33	316	9820	170	193	177	33	313	9826	330	0	0
1749	33	313	9826	166	31	184	33	311	9830	331	0	0
1750	33	311	9830	132	224	333	33	308	9836	331	0	0
1751	33	308	9836	14	160	101	33	306	9840	332	0	0
1752	33	306	9840	128	229	208	33	303	9846	332	0	0
1753	33	303	9846	165	331	150	33	300	9852	332	0	0
1754	33	300	9852	87	248	177	33	297	9858	332	0	0
1755	33	297	9858	175	203	173	33	294	9864	332	0	0
1756	33	294	9864	159	88	243	33	291	9870	332	0	0
1757	33	291	9870	3	320	306	33	289	9874	333	0	0
1758	33	289	9874	170	186	269	33	286	9880	333	0	0
1759	33	286	9880	155	308	238	33	283	9886	333	0	0
1760	33	283	9886	229	301	309	33	280	9892	333	0	0
1761	33	280	9892	244	98	69	33	277	9898	333	0	0
1762	33	277	9898	149	290	48	33	274	9904	333	0	0
1763	33	274	9904	74	190	50	33	271	9910	333	0	0
1764	33	271	9910	26	165	245	33	269	9914	334	0	0
1765	33	269	9914	224	32	171	33	267	9918	335	0	0
1766	33	267	9918	193	142	132	33	264	9924	335	0	0
1767	33	264	9924	108	87	227	33	261	9930	335	0	0
1768	33	261	9930	33	171	176	33	258	9936	335	0	0
1769	33	258	9936	180	129	238	33	255	9942	335	0	0
1770	33	255	9942	175	185	213	33	252	9948	335	0	0
1771	33	252	9948	266	119	158	33	249	9954	335	0	0
1772	33	249	9954	123	112	122	33	246	9960	335	0	0
1773	33	246	9960	199	106	10	33	244	9964	336	0	0
1774	33	244	9964	89	115	265	33	241	9970	336	0	0
1775	33	241	9970	196	35	210	33	238	9976	336	0	0
1776	33	238	9976	241	3	196	33	236	9980	337	0	0
1777	33	236	9980	44	161	265	33	233	9986	337	0	0
1778	33	233	9986	81	166	154	33	230	9992	337	0	0
1779	33	230	9992	42	10	54	33	228	9996	338	0	0
1780	33	228	9996	49	244	25	33	226	10000	339	0	0
1781	33	226	10000	170	110	223	33	223	10006	339	0	0
1782	33	223	10006	224	176	231	33	220	10012	339	0	0
1783	33	220	10012	108	57	35	33	217	10018	339	0	0
1784	33	217	10018	212	174	247	33	214	10024	339	0	0
1785	33	214	10024	218	160	168	33	211	10030	339	0	0
1786	33	211	10030	47	0	91	33	209	10034	340	0	0
1787	33	209	10034	127	135	60	33	206	10040	340	0	0
1788	33	206	10040	158	159	176	33	203	10046	340	0	0
1789	33	203	10046	176	168	131	33	200	10052	340	0	0
1790	33	200	10052	101	81	51	33	197	10058	340	0	0
1791	33	197	10058	87	214	222	33	194	10064	340	0	0
1792	33	194	10064	35	36	108	33	191	10070	340	0	0
1793	33	191	10070	95	195	30	33	189	10074	341	0	0
1794	33	189	10074	210	150	5	33	187	10078	342	0	0
1795	33	187	10078	154	167	143	33	184	10084	342	0	0
1796	33	184	10084	144	107	34	33	181	10090	342	0	0
1797	33	181	10090	169	64	103	33	178	10096	342	0	0
1798	33	178	10096	59	108	163	33	175	10102	342	0	0
1799	33	175	10102	143	100	39	33	172	10108	342	0	0
1800	33	172	10108	140	171	100	33	169	10114	342	0	0
1801	33	169	10114	102	80	51	33	166	10120	342	0	0
1802	33	166	10120	190	153	50	33	163	10126	342	0	0
1803	33	163	10126	41	109	139	33	160	10132	342	0	0
1804	33	160	10132	48	121	170	33	157	10138	342	0	0
1805	33	157	10138	93	98	115	33	154	10144	342	0	0
1806	33	154	10144	85	50	102	33	151	10150	342	0	0
1807	33	151	10150	145	41	149	33	148	10156	342	0	0
1808	33	148	10156	116	17	44	33	146	10160	343	0	0
1809	33	146	10160	120	44	20	33	144	10164	344	0	0
1810	33	144	10164	45	48	49	33	141	10170	344	0	0
1811	33	141	10170	155	134	114	33	138	10176	344	0	0
1812	33	138	10176	160	151	163	33	135	10182	344	0	0
1813	33	135	10182	81	93	125	33	132	10188	344	0	0
1814	33	132	10188	59	68	80	33	129	10194	344	0	0
1815	33	129	10194	62	138	2	33	127	10198	345	0	0
1816	33	127	10198	2	91	63	33	125	10202	346	0	0
1817	33	125	10202	49	115	20	33	123	10206	347	0	0
1818	33	123	10206	108	51	20	33	121	10210	348	0	0
1819	33	121	10210	153	34	117	33	118	10216	348	0	0
1820	33	118	10216	14	66	25	34	563	10218	350	446	0
1821	34	563	10218	523	127	562	34	560	10224	350	0	0
1822	34	560	10224	304	139	109	34	557	10230	350	0	0
1823	34	557	10230	101	119	583	34	554	10236	350	0	0
1824	34	554	10236	400	388	118	34	551	10242	350	0	0
1825	34	551	10242	270	224	70	34	548	10248	350	0	0
1826	34	548	10248	132	235	7	34	546	10252	351	0	0
1827	34	546	10252	384	291	542	34	543	10258	351	0	0
1828	34	543	10258	416	483	565	34	540	10264	351	0	0
1829	34	540	10264	418	133	491	34	537	10270	351	0	0
1830	34	537	10270	452	437	310	34	534	10276	351	0	0
1831	34	534	10276	558	546	57	34	531	10282	351	0	0
1832	34	531	10282	238	95	292	34	528	10288	351	0	0
1833	34	528	10288	453	546	344	34	525	10294	351	0	0
1834	34	525	10294	138	68	332	34	522	10300	351	0	0
1835	34	522	10300	302	224	478	34	519	10306	351	0	0
1836	34	519	10306	370	154	451	34	516	10312	351	0	0
1837	34	516	10312	31	384	428	34	514	10316	352	0	0
1838	34	514	10316	435	223	385	34	511	10322	352	0	0
1839	34	511	10322	318	320	83	34	508	10328	352	0	0
1840	34	508	10328	355	334	200	34	505	10334	352	0	0
1841	34	505	10334	473	38	475	34	502	10340	352	0	0
1842	34	502	10340	522	430	80	34	499	10346	352	0	0
1843	34	499	10346	393	416	21	34	497	10350	353	0	0
1844	34	497	10350	254	116	111	34	494	10356	353	0	0
1845	34	494	10356	298	213	377	34	491	10362	353	0	0
1846	34	491	10362	472	90	142	34	488	10368	353	0	0
1847	34	488	10368	329	106	432	34	485	10374	353	0	0
1848	34	485	10374	432	399	213	34	482	10380	353	0	0
1849	34	482	10380	405	489	80	34	479	10386	353	0	0
1850	34	479	10386	34	326	457	34	476	10392	353	0	0
1851	34	476	10392	201	219	71	34	473	10398	353	0	0
1852	34	473	10398	428	180	153	34	470	10404	353	0	0
1853	34	470	10404	374	185	173	34	467	10410	353	0	0
1854	34	467	10410	98	481	439	34	464	10416	353	0	0
1855	34	464	10416	130	455	70	34	461	10422	353	0	0
1856	34	461	10422	185	29	332	34	459	10426	354	0	0
1857	34	459	10426	156	197	238	34	456	10432	354	0	0
1858	34	456	10432	400	487	121	34	453	10438	354	0	0
1859	34	453	10438	339	305	477	34	450	10444	354	0	0
1860	34	450	10444	2	16	399	35	629	10446	356	180	0
1861	35	629	10446	253	120	625	35	626	10452	356	0	0
1862	35	626	10452	346	233	111	35	623	10458	356	0	0
1863	35	623	10458	207	500	329	35	620	10464	356	0	0
1864	35	620	10464	423	642	323	35	617	10470	356	0	0
1865	35	617	10470	375	250	382	35	614	10476	356	0	0
1866	35	614	10476	364	206	500	35	611	10482	356	0	0
1867	35	611	10482	202	331	428	35	608	10488	356	0	0
1868	35	608	10488	544	78	117	35	605	10494	356	0	0
1869	35	605	10494	472	500	544	35	602	10500	356	0	0
1870	35	602	10500	419	507	385	35	599	10506	356	0	0
1871	35	599	10506	443	373	69	35	596	10512	356	0	0
1872	35	596	10512	39	203	476	35	593	10518	356	0	0
1873	35	593	10518	290	465	195	35	590	10524	356	0	0
1874	35	590	10524	206	320	193	35	587	10530	356	0	0
1875	35	587	10530	69	226	278	35	584	10536	356	0	0
1876	35	584	10536	154	210	460	35	581	10542	356	0	0
1877	35	581	10542	460	156	215	35	578	10548	356	0	0
1878	35	578	10548	531	178	223	35	575	10554	356	0	0
1879	35	575	10554	22	535	334	35	573	10558	357	0	0
1880	35	573	10558	473	78	484	35	570	10564	357	0	0
1881	35	570	10564	572	192	471	35	567	10570	357	0	0
1882	35	567	10570	593	1	476	35	565	10574	358	0	0
1883	35	565	10574	519	316	495	35	562	10580	358	0	0
1884	35	562	10580	444	42	14	35	560	10584	359	0	0
1885	35	560	10584	239	347	550	35	557	10590	359	0	0
1886	35	557	10590	573	199	85	35	554	10596	359	0	0
1887	35	554	10596	231	29	245	35	552	10600	360	0	0
1888	35	552	10600	495	530	45	35	549	10606	360	0	0
1889	35	549	10606	25	567	440	35	547	10610	361	0	0
1890	35	547	10610	291	450	111	35	544	10616	361	0	0
1891	35	544	10616	542	180	414	35	541	10622	361	0	0
1892	35	541	10622	551	430	559	35	538	10628	361	0	0
1893	35	538	10628	243	161	435	35	535	10634	361	0	0
1894	35	535	10634	504	459	393	35	532	10640	361	0	0
1895	35	532	10640	186	246	332	35	529	10646	361	0	0
1896	35	529	10646	550	323	49	35	526	10652	361	0	0
1897	35	526	10652	13	188	236	35	524	10656	362	0	0
1898	35	524	10656	143	244	279	35	521	10662	362	0	0
1899	35	521	10662	152	343	418	35	518	10668	362	0	0
1900	35	518	10668	210	434	420	35	515	10674	362	0	0
1901	35	515	10674	251	386	113	35	512	10680	362	0	0
1902	35	512	10680	324	154	25	35	510	10684	363	0	0
1903	35	510	10684	436	426	177	35	507	10690	363	0	0
1904	35	507	10690	150	498	458	35	504	10696	363	0	0
1905	35	504	10696	529	289	178	35	501	10702	363	0	0
1906	35	501	10702	144	73	335	35	498	10708	363	0	0
1907	35	498	10708	217	202	18	35	496	10712	364	0	0
1908	35	496	10712	149	278	26	35	494	10716	365	0	0
1909	35	494	10716	69	446	505	35	491	10722	365	0	0
1910	35	491	10722	501	507	188	35	488	10728	365	0	0
1911	35	488	10728	44	241	273	35	485	10734	365	0	0
1912	35	485	10734	117	487	386	35	482	10740	365	0	0
1913	35	482	10740	401	369	449	35	479	10746	365	0	0
1914	35	479	10746	351	255	342	35	476	10752	365	0	0
1915	35	476	10752	256	317	426	35	473	10758	365	0	0
1916	35	473	10758	388	303	157	35	470	10764	365	0	0
1917	35	470	10764	478	437	263	35	467	10770	365	0	0
1918	35	467	10770	464	432	400	35	464	10776	365	0	0
1919	35	464	10776	193	86	250	35	461	10782	365	0	0
1920	35	461	10782	288	356	57	35	458	10788	365	0	0
1921	35	458	10788	466	286	101	35	455	10794	365	0	0
1922	35	455	10794	200	206	360	35	452	10800	365	0	0
1923	35	452	10800	144	311	381	35	449	10806	365	0	0
1924	35	449	10806	131	210	482	35	446	10812	365	0	0
1925	35	446	10812	313	194	376	35	443	10818	365	0	0
1926	35	443	10818	80	458	305	35	440	10824	365	0	0
1927	35	440	10824	212	394	439	35	437	10830	365	0	0
1928	35	437	10830	423	243	57	35	434	10836	365	0	0
1929	35	434	10836	248	466	362	35	431	10842	365	0	0
1930	35	431	10842	25	351	324	35	429	10846	366	0	0
1931	35	429	10846	444	220	450	35	426	10852	366	0	0
1932	35	426	10852	432	99	332	35	423	10858	366	0	0
1933	35	423	10858	183	141	100	35	420	10864	366	0	0
1934	35	420	10864	86	176	453	35	417	10870	366	0	0
1935	35	417	10870	350	378	53	35	414	10876	366	0	0
1936	35	414	10876	20	373	440	35	412	10880	367	0	0
1937	35	412	10880	164	359	71	35	409	10886	367	0	0
1938	35	409	10886	279	117	171	35	406	10892	367	0	0
1939	35	406	10892	168	207	159	35	403	10898	367	0	0
1940	35	403	10898	264	41	217	35	400	10904	367	0	0
1941	35	400	10904	130	143	47	35	397	10910	367	0	0
1942	35	397	10910	377	196	315	35	394	10916	367	0	0
1943	35	394	10916	311	304	46	35	391	10922	367	0	0
1944	35	391	10922	269	419	368	35	388	10928	367	0	0
1945	35	388	10928	21	319	269	35	386	10932	368	0	0
1946	35	386	10932	90	212	334	35	383	10938	368	0	0
1947	35	383	10938	187	145	161	35	380	10944	368	0	0
1948	35	380	10944	366	265	179	35	377	10950	368	0	0
1949	35	377	10950	181	350	395	35	374	10956	368	0	0
1950	35	374	10956	191	230	263	35	371	10962	368	0	0
1951	35	371	10962	69	383	159	35	368	10968	368	0	0
1952	35	368	10968	198	228	206	35	365	10974	368	0	0
1953	35	365	10974	243	159	385	35	362	10980	368	0	0
1954	35	362	10980	117	51	322	35	359	10986	368	0	0
1955	35	359	10986	317	188	155	35	356	10992	368	0	0
1956	35	356	10992	262	189	270	35	353	10998	368	0	0
1957	35	353	10998	136	102	79	35	350	11004	368	0	0
1958	35	350	11004	104	135	274	35	347	11010	368	0	0
1959	35	347	11010	202	71	259	35	344	11016	368	0	0
1960	35	344	11016	178	157	244	35	341	11022	368	0	0
1961	35	341	11022	66	174	338	35	338	11028	368	0	0
1962	35	338	11028	123	306	119	35	335	11034	368	0	0
1963	35	335	11034	281	28	11	36	1128	11036	370	794	0
1964	36	1128	11036	528	143	745	36	1125	11042	370	0	0
1965	36	1125	11042	808	708	402	36	1122	11048	370	0	0
1966	36	1122	11048	872	1048	763	36	1119	11054	370	0	0
1967	36	1119	11054	350	1031	837	36	1116	11060	370	0	0
1968	36	1116	11060	941	724	814	36	1113	11066	370	0	0
1969	36	1113	11066	972	168	1004	36	1110	11072	370	0	0
1970	36	1110	11072	321	62	336	36	1107	11078	370	0	0
1971	36	1107	11078	958	452	46	36	1104	11084	370	0	0
1972	36	1104	11084	918	799	405	36	1101	11090	370	0	0
1973	36	1101	11090	981	198	381	36	1098	11096	370	0	0
1974	36	1098	11096	774	846	615	36	1095	11102	370	0	0
1975	36	1095	11102	503	1002	426	36	1092	11108	370	0	0
1976	36	1092	11108	1058	193	8	36	1090	11112	371	0	0
1977	36	1090	11112	865	563	482	36	1087	11118	371	0	0
1978	36	1087	11118	82	714	515	36	1084	11124	371	0	0
1979	36	1084	11124	483	589	794	36	1081	11130	371	0	0
1980	36	1081	11130	317	475	873	36	1078	11136	371	0	0
1981	36	1078	11136	609	480	180	36	1075	11142	371	0	0
1982	36	1075	11142	598	502	151	36	1072	11148	371	0	0
1983	36	1072	11148	848	394	350	36	1069	11154	371	0	0
1984	36	1069	11154	644	614	914	36	1066	11160	371	0	0
1985	36	1066	11160	404	1071	236	36	1063	11166	371	0	0
1986	36	1063	11166	761	201	228	36	1060	11172	371	0	0
1987	36	1060	11172	511	617	704	36	1057	11178	371	0	0
1988	36	1057	11178	670	840	198	36	1054	11184	371	0	0
1989	36	1054	11184	1026	594	402	36	1051	11190	371	0	0
1990	36	1051	11190	200	751	264	36	1048	11196	371	0	0
1991	36	1048	11196	523	953	178	36	1045	11202	371	0	0
1992	36	1045	11202	229	529	274	36	1042	11208	371	0	0
1993	36	1042	11208	872	86	159	36	1039	11214	371	0	0
1994	36	1039	11214	59	665	910	36	1036	11220	371	0	0
1995	36	1036	11220	231	814	1060	36	1033	11226	371	0	0
1996	36	1033	11226	278	1012	928	36	1030	11232	371	0	0
1997	36	1030	11232	121	554	280	36	1027	11238	371	0	0
1998	36	1027	11238	957	3	609	36	1025	11242	372	0	0
1999	36	1025	11242	8	540	64	36	1023	11246	373	0	0
2000	36	1023	11246	613	31	241	36	1021	11250	374	0	0
2001	36	1021	11250	424	668	445	36	1018	11256	374	0	0
2002	36	1018	11256	324	899	607	36	1015	11262	374	0	0
2003	36	1015	11262	216	383	1	36	1013	11266	375	0	0
2004	36	1013	11266	295	696	368	36	1010	11272	375	0	0
2005	36	1010	11272	963	945	715	36	1007	11278	375	0	0
2006	36	1007	11278	451	201	694	36	1004	11284	375	0	0
2007	36	1004	11284	895	105	249	36	1001	11290	375	0	0
2008	36	1001	11290	832	895	103	36	998	11296	375	0	0
2009	36	998	11296	520	457	454	36	995	11302	375	0	0
2010	36	995	11302	7	794	762	36	993	11306	376	0	0
2011	36	993	11306	70	768	265	36	990	11312	376	0	0
2012	36	990	11312	841	303	173	36	987	11318	376	0	0
2013	36	987	11318	849	715	501	36	984	11324	376	0	0
2014	36	984	11324	526	515	670	36	981	11330	376	0	0
2015	36	981	11330	872	373	244	36	978	11336	376	0	0
2016	36	978	11336	35	317	897	36	976	11340	377	0	0
2017	36	976	11340	41	647	638	36	973	11346	377	0	0
2018	36	973	11346	354	113	499	36	970	11352	377	0	0
2019	36	970	11352	23	21	772	37	1427	11354	379	458	0
2020	37	1427	11354	940	345	198	37	1424	11360	379	0	0
2021	37	1424	11360	942	1100	992	37	1421	11366	379	0	0
2022	37	1421	11366	654	430	728	37	1418	11372	379	0	0
2023	37	1418	11372	890	982	1045	37	1415	11378	379	0	0
2024	37	1415	11378	845	209	834	37	1412	11384	379	0	0
2025	37	1412	11384	89	893	567	37	1409	11390	379	0	0
2026	37	1409	11390	1011	521	651	37	1406	11396	379	0	0
2027	37	1406	11396	1118	127	716	37	1403	11402	379	0	0
2028	37	1403	11402	1171	1096	476	37	1400	11408	379	0	0
2029	37	1400	11408	177	1352	1012	37	1397	11414	379	0	0
2030	37	1397	11414	1346	328	1420	37	1394	11420	379	0	0
2031	37	1394	11420	90	1387	723	37	1391	11426	379	0	0
2032	37	1391	11426	772	640	265	37	1388	11432	379	0	0
2033	37	1388	11432	313	1092	1116	37	1385	11438	379	0	0
2034	37	1385	11438	176	221	644	37	1382	11444	379	0	0
2035	37	1382	11444	1309	607	62	37	1379	11450	379	0	0
2036	37	1379	11450	661	362	1391	37	1376	11456	379	0	0
2037	37	1376	11456	778	344	780	37	1373	11462	379	0	0
2038	37	1373	11462	337	351	1359	37	1370	11468	379	0	0
2039	37	1370	11468	481	1252	6	37	1368	11472	380	0	0
2040	37	1368	11472	77	1256	708	37	1365	11478	380	0	0
2041	37	1365	11478	1239	65	1101	37	1362	11484	380	0	0
2042	37	1362	11484	849	816	248	37	1359	11490	380	0	0
2043	37	1359	11490	257	478	718	37	1356	11496	380	0	0
2044	37	1356	11496	500	1168	438	37	1353	11502	380	0	0
2045	37	1353	11502	24	420	289	37	1351	11506	381	0	0
2046	37	1351	11506	1180	317	1110	37	1348	11512	381	0	0
2047	37	1348	11512	365	739	780	37	1345	11518	381	0	0
2048	37	1345	11518	637	90	117	37	1342	11524	381	0	0
2049	37	1342	11524	1163	881	815	37	1339	11530	381	0	0
2050	37	1339	11530	718	584	1101	37	1336	11536	381	0	0
2051	37	1336	11536	44	141	826	37	1333	11542	381	0	0
2052	37	1333	11542	230	995	1310	37	1330	11548	381	0	0
2053	37	1330	11548	409	590	74	37	1327	11554	381	0	0
2054	37	1327	11554	1215	90	1291	37	1324	11560	381	0	0
2055	37	1324	11560	212	614	472	37	1321	11566	381	0	0
2056	37	1321	11566	350	1304	82	37	1318	11572	381	0	0
2057	37	1318	11572	414	630	386	37	1315	11578	381	0	0
2058	37	1315	11578	795	43	267	37	1312	11584	381	0	0
2059	37	1312	11584	35	412	1130	37	1310	11588	382	0	0
2060	37	1310	11588	1175	1332	906	37	1307	11594	382	0	0
2061	37	1307	11594	1337	272	1338	37	1304	11600	382	0	0
2062	37	1304	11600	566	63	1032	37	1301	11606	382	0	0
2063	37	1301	11606	103	421	1284	37	1298	11612	382	0	0
2064	37	1298	11612	359	1137	746	37	1295	11618	382	0	0
2065	37	1295	11618	1016	1047	826	37	1292	11624	382	0	0
2066	37	1292	11624	1187	940	775	37	1289	11630	382	0	0
2067	37	1289	11630	876	689	791	37	1286	11636	382	0	0
2068	37	1286	11636	1235	1204	897	37	1283	11642	382	0	0
2069	37	1283	11642	1237	1097	1246	37	1280	11648	382	0	0
2070	37	1280	11648	66	1203	273	37	1277	11654	382	0	0
2071	37	1277	11654	738	10	533	37	1275	11658	383	0	0
2072	37	1275	11658	931	294	394	37	1272	11664	383	0	0
2073	37	1272	11664	402	950	572	37	1269	11670	383	0	0
2074	37	1269	11670	1220	595	63	37	1266	11676	383	0	0
2075	37	1266	11676	48	422	478	37	1263	11682	383	0	0
2076	37	1263	11682	696	1100	660	37	1260	11688	383	0	0
2077	37	1260	11688	1236	839	691	37	1257	11694	383	0	0
2078	37	1257	11694	802	1186	611	37	1254	11700	383	0	0
2079	37	1254	11700	216	191	876	37	1251	11706	383	0	0
2080	37	1251	11706	2	944	534	37	1249	11710	384	0	0
2081	37	1249	11710	679	130	532	37	1246	11716	384	0	0
2082	37	1246	11716	1193	1168	1085	37	1243	11722	384	0	0
2083	37	1243	11722	459	568	4	37	1241	11726	385	0	0
2084	37	1241	11726	1132	200	367	37	1238	11732	385	0	0
2085	37	1238	11732	882	872	291	37	1235	11738	385	0	0
2086	37	1235	11738	750	1051	546	37	1232	11744	385	0	0
2087	37	1232	11744	1178	54	913	37	1229	11750	385	0	0
2088	37	1229	11750	770	540	748	37	1226	11756	385	0	0
2089	37	1226	11756	1152	249	137	37	1223	11762	385	0	0
2090	37	1223	11762	202	454	795	37	1220	11768	385	0	0
2091	37	1220	11768	183	578	395	37	1217	11774	385	0	0
2092	37	1217	11774	748	614	142	37	1214	11780	385	0	0
2093	37	1214	11780	485	1080	1165	37	1211	11786	385	0	0
2094	37	1211	11786	470	293	20	37	1209	11790	386	0	0
2095	37	1209	11790	502	742	903	37	1206	11796	386	0	0
2096	37	1206	11796	32	726	607	37	1204	11800	387	0	0
2097	37	1204	11800	262	424	14	37	1202	11804	388	0	0
2098	37	1202	11804	951	903	409	37	1199	11810	388	0	0
2099	37	1199	11810	813	985	207	37	1196	11816	388	0	0
2100	37	1196	11816	789	648	567	37	1193	11822	388	0	0
2101	37	1193	11822	783	875	925	37	1190	11828	388	0	0
2102	37	1190	11828	740	134	433	37	1187	11834	388	0	0
2103	37	1187	11834	287	745	1055	37	1184	11840	388	0	0
2104	37	1184	11840	90	500	409	37	1181	11846	388	0	0
2105	37	1181	11846	451	765	297	37	1178	11852	388	0	0
2106	37	1178	11852	512	387	1211	37	1175	11858	388	0	0
2107	37	1175	11858	324	357	1138	37	1172	11864	388	0	0
2108	37	1172	11864	1142	160	64	37	1169	11870	388	0	0
2109	37	1169	11870	1150	80	500	37	1166	11876	388	0	0
2110	37	1166	11876	788	652	584	37	1163	11882	388	0	0
2111	37	1163	11882	479	472	956	37	1160	11888	388	0	0
2112	37	1160	11888	210	1144	457	37	1157	11894	388	0	0
2113	37	1157	11894	853	1046	369	37	1154	11900	388	0	0
2114	37	1154	11900	741	52	967	37	1151	11906	388	0	0
2115	37	1151	11906	1034	860	181	37	1148	11912	388	0	0
2116	37	1148	11912	98	1008	950	37	1145	11918	388	0	0
2117	37	1145	11918	735	891	87	37	1142	11924	388	0	0
2118	37	1142	11924	184	653	797	37	1139	11930	388	0	0
2119	37	1139	11930	1069	797	717	37	1136	11936	388	0	0
2120	37	1136	11936	924	984	672	37	1133	11942	388	0	0
2121	37	1133	11942	493	836	696	37	1130	11948	388	0	0
2122	37	1130	11948	379	256	855	37	1127	11954	388	0	0
2123	37	1127	11954	48	1158	783	37	1124	11960	388	0	0
2124	37	1124	11960	949	548	972	37	1121	11966	388	0	0
2125	37	1121	11966	179	546	964	37	1118	11972	388	0	0
2126	37	1118	11972	829	989	256	37	1115	11978	388	0	0
2127	37	1115	11978	1005	249	34	37	1113	11982	389	0	0
2128	37	1113	11982	1079	605	500	37	1110	11988	389	0	0
2129	37	1110	11988	41	482	409	37	1107	11994	389	0	0
2130	37	1107	11994	257	106	10	37	1105	11998	390	0	0
2131	37	1105	11998	1000	1107	466	37	1102	12004	390	0	0
2132	37	1102	12004	187	14	569	37	1100	12008	391	0	0
2133	37	1100	12008	588	745	146	37	1097	12014	391	0	0
2134	37	1097	12014	147	781	594	37	1094	12020	391	0	0
2135	37	1094	12020	1104	771	854	37	1091	12026	391	0	0
2136	37	1091	12026	580	739	744	37	1088	12032	391	0	0
2137	37	1088	12032	780	143	58	37	1085	12038	391	0	0
2138	37	1085	12038	405	90	849	37	1082	12044	391	0	0
2139	37	1082	12044	209	910	1069	37	1079	12050	391	0	0
2140	37	1079	12050	335	611	724	37	1076	12056	391	0	0
2141	37	1076	12056	425	976	993	37	1073	12062	391	0	0
2142	37	1073	12062	262	305	153	37	1070	12068	391	0	0
2143	37	1070	12068	217	944	847	37	1067	12074	391	0	0
2144	37	1067	12074	709	1082	951	37	1064	12080	391	0	0
2145	37	1064	12080	774	379	961	37	1061	12086	391	0	0
2146	37	1061	12086	18	278	225	37	1059	12090	392	0	0
2147	37	1059	12090	49	528	170	37	1056	12096	392	0	0
2148	37	1056	12096	945	1029	1042	37	1053	12102	392	0	0
2149	37	1053	12102	326	557	251	37	1050	12108	392	0	0
2150	37	1050	12108	285	293	856	37	1047	12114	392	0	0
2151	37	1047	12114	286	833	822	37	1044	12120	392	0	0
2152	37	1044	12120	304	438	1037	37	1041	12126	392	0	0
2153	37	1041	12126	637	1000	481	37	1038	12132	392	0	0
2154	37	1038	12132	784	855	897	37	1035	12138	392	0	0
2155	37	1035	12138	26	287	1008	37	1033	12142	393	0	0
2156	37	1033	12142	553	441	606	37	1030	12148	393	0	0
2157	37	1030	12148	559	569	178	37	1027	12154	393	0	0
2158	37	1027	12154	255	495	225	37	1024	12160	393	0	0
2159	37	1024	12160	624	905	524	37	1021	12166	393	0	0
2160	37	1021	12166	632	722	295	37	1018	12172	393	0	0
2161	37	1018	12172	84	160	850	37	1015	12178	393	0	0
2162	37	1015	12178	852	100	505	37	1012	12184	393	0	0
2163	37	1012	12184	550	773	237	37	1009	12190	393	0	0
2164	37	1009	12190	906	728	666	37	1006	12196	393	0	0
2165	37	1006	12196	172	529	905	37	1003	12202	393	0	0
2166	37	1003	12202	64	146	479	37	1000	12208	393	0	0
2167	37	1000	12208	35	385	172	37	998	12212	394	0	0
2168	37	998	12212	614	872	507	37	995	12218	394	0	0
2169	37	995	12218	412	539	611	37	992	12224	394	0	0
2170	37	992	12224	610	967	437	37	989	12230	394	0	0
2171	37	989	12230	416	290	929	37	986	12236	394	0	0
2172	37	986	12236	19	43	250	37	984	12240	395	0	0
2173	37	984	12240	498	993	41	37	981	12246	395	0	0
2174	37	981	12246	461	156	181	37	978	12252	395	0	0
2175	37	978	12252	499	417	870	37	975	12258	395	0	0
2176	37	975	12258	414	745	981	37	972	12264	395	0	0
2177	37	972	12264	313	19	976	37	970	12268	396	0	0
2178	37	970	12268	292	884	82	37	967	12274	396	0	0
2179	37	967	12274	260	190	412	37	964	12280	396	0	0
2180	37	964	12280	738	475	488	37	961	12286	396	0	0
2181	37	961	12286	409	564	423	37	958	12292	396	0	0
2182	37	958	12292	610	926	777	37	955	12298	396	0	0
2183	37	955	12298	56	588	428	37	952	12304	396	0	0
2184	37	952	12304	850	678	775	37	949	12310	396	0	0
2185	37	949	12310	587	392	245	37	946	12316	396	0	0
2186	37	946	12316	657	654	325	37	943	12322	396	0	0
2187	37	943	12322	441	245	90	37	940	12328	396	0	0
2188	37	940	12328	883	231	732	37	937	12334	396	0	0
2189	37	937	12334	859	867	319	37	934	12340	396	0	0
2190	37	934	12340	915	57	437	37	931	12346	396	0	0
2191	37	931	12346	100	390	715	37	928	12352	396	0	0
2192	37	928	12352	4	364	859	37	926	12356	397	0	0
2193	37	926	12356	104	120	643	37	923	12362	397	0	0
2194	37	923	12362	834	287	71	37	920	12368	397	0	0
2195	37	920	12368	480	911	518	37	917	12374	397	0	0
2196	37	917	12374	154	915	302	37	914	12380	397	0	0
2197	37	914	12380	24	565	619	37	912	12384	398	0	0
2198	37	912	12384	683	943	424	37	909	12390	398	0	0
2199	37	909	12390	63	864	503	37	906	12396	398	0	0
2200	37	906	12396	163	518	445	37	903	12402	398	0	0
2201	37	903	12402	188	796	919	37	900	12408	398	0	0
2202	37	900	12408	758	231	379	37	897	12414	398	0	0
2203	37	897	12414	310	679	826	37	894	12420	398	0	0
2204	37	894	12420	794	324	876	37	891	12426	398	0	0
2205	37	891	12426	807	438	517	37	888	12432	398	0	0
2206	37	888	12432	686	452	570	37	885	12438	398	0	0
2207	37	885	12438	577	180	218	37	882	12444	398	0	0
2208	37	882	12444	147	487	623	37	879	12450	398	0	0
2209	37	879	12450	412	95	348	37	876	12456	398	0	0
2210	37	876	12456	636	1	291	37	874	12460	399	0	0
2211	37	874	12460	290	749	398	37	871	12466	399	0	0
2212	37	871	12466	4	246	813	37	869	12470	400	0	0
2213	37	869	12470	828	91	232	37	866	12476	400	0	0
2214	37	866	12476	865	60	350	37	863	12482	400	0	0
2215	37	863	12482	486	324	211	37	860	12488	400	0	0
2216	37	860	12488	476	702	707	37	857	12494	400	0	0
2217	37	857	12494	890	855	344	37	854	12500	400	0	0
2218	37	854	12500	198	618	115	37	851	12506	400	0	0
2219	37	851	12506	793	826	418	37	848	12512	400	0	0
2220	37	848	12512	342	347	39	37	845	12518	400	0	0
2221	37	845	12518	54	421	443	37	842	12524	400	0	0
2222	37	842	12524	821	845	374	37	839	12530	400	0	0
2223	37	839	12530	95	41	465	37	836	12536	400	0	0
2224	37	836	12536	45	141	317	37	833	12542	400	0	0
2225	37	833	12542	69	530	66	37	830	12548	400	0	0
2226	37	830	12548	750	495	228	37	827	12554	400	0	0
2227	37	827	12554	51	559	757	37	824	12560	400	0	0
2228	37	824	12560	139	473	808	37	821	12566	400	0	0
2229	37	821	12566	124	586	476	37	818	12572	400	0	0
2230	37	818	12572	393	701	361	37	815	12578	400	0	0
2231	37	815	12578	637	444	129	37	812	12584	400	0	0
2232	37	812	12584	225	508	774	37	809	12590	400	0	0
2233	37	809	12590	480	462	340	37	806	12596	400	0	0
2234	37	806	12596	183	274	814	37	803	12602	400	0	0
2235	37	803	12602	691	291	729	37	800	12608	400	0	0
2236	37	800	12608	413	775	80	37	797	12614	400	0	0
2237	37	797	12614	354	554	238	37	794	12620	400	0	0
2238	37	794	12620	406	792	199	37	791	12626	400	0	0
2239	37	791	12626	476	553	751	37	788	12632	400	0	0
2240	37	788	12632	629	177	518	37	785	12638	400	0	0
2241	37	785	12638	88	125	752	37	782	12644	400	0	0
2242	37	782	12644	119	143	240	37	779	12650	400	0	0
2243	37	779	12650	591	460	565	37	776	12656	400	0	0
2244	37	776	12656	378	499	635	37	773	12662	400	0	0
2245	37	773	12662	42	718	359	37	770	12668	400	0	0
2246	37	770	12668	75	403	613	37	767	12674	400	0	0
2247	37	767	12674	512	385	319	37	764	12680	400	0	0
2248	37	764	12680	468	151	214	37	761	12686	400	0	0
2249	37	761	12686	5	472	568	37	759	12690	401	0	0
2250	37	759	12690	186	437	415	37	756	12696	401	0	0
2251	37	756	12696	112	786	153	37	753	12702	401	0	0
2252	37	753	12702	444	155	294	37	750	12708	401	0	0
2253	37	750	12708	513	460	209	37	747	12714	401	0	0
2254	37	747	12714	658	583	730	37	744	12720	401	0	0
2255	37	744	12720	42	249	214	37	741	12726	401	0	0
2256	37	741	12726	526	335	771	37	738	12732	401	0	0
2257	37	738	12732	376	524	633	37	735	12738	401	0	0
2258	37	735	12738	36	271	267	37	733	12742	402	0	0
2259	37	733	12742	731	598	84	37	730	12748	402	0	0
2260	37	730	12748	41	352	231	37	727	12754	402	0	0
2261	37	727	12754	329	562	481	37	724	12760	402	0	0
2262	37	724	12760	312	673	43	37	721	12766	402	0	0
2263	37	721	12766	283	675	165	37	718	12772	402	0	0
2264	37	718	12772	372	557	511	37	715	12778	402	0	0
2265	37	715	12778	133	653	574	37	712	12784	402	0	0
2266	37	712	12784	452	438	736	37	709	12790	402	0	0
2267	37	709	12790	437	596	329	37	706	12796	402	0	0
2268	37	706	12796	240	389	328	37	703	12802	402	0	0
2269	37	703	12802	298	64	220	37	700	12808	402	0	0
2270	37	700	12808	394	392	717	37	697	12814	402	0	0
2271	37	697	12814	511	177	351	37	694	12820	402	0	0
2272	37	694	12820	298	234	578	37	691	12826	402	0	0
2273	37	691	12826	355	197	106	37	688	12832	402	0	0
2274	37	688	12832	122	262	509	37	685	12838	402	0	0
2275	37	685	12838	606	11	277	37	683	12842	403	0	0
2276	37	683	12842	270	705	86	37	680	12848	403	0	0
2277	37	680	12848	185	71	534	37	677	12854	403	0	0
2278	37	677	12854	263	485	244	37	674	12860	403	0	0
2279	37	674	12860	366	679	222	37	671	12866	403	0	0
2280	37	671	12866	583	147	459	37	668	12872	403	0	0
2281	37	668	12872	50	456	636	37	665	12878	403	0	0
2282	37	665	12878	329	533	590	37	662	12884	403	0	0
2283	37	662	12884	295	495	358	37	659	12890	403	0	0
2284	37	659	12890	141	537	331	37	656	12896	403	0	0
2285	37	656	12896	524	9	641	37	654	12900	404	0	0
2286	37	654	12900	15	419	123	37	652	12904	405	0	0
2287	37	652	12904	577	73	335	37	649	12910	405	0	0
2288	37	649	12910	545	216	471	37	646	12916	405	0	0
2289	37	646	12916	331	190	129	37	643	12922	405	0	0
2290	37	643	12922	214	336	114	37	640	12928	405	0	0
2291	37	640	12928	281	359	111	37	637	12934	405	0	0
2292	37	637	12934	522	9	549	37	635	12938	406	0	0
2293	37	635	12938	254	578	642	37	632	12944	406	0	0
2294	37	632	12944	23	394	530	37	630	12948	407	0	0
2295	37	630	12948	148	36	407	37	628	12952	408	0	0
2296	37	628	12952	513	121	54	37	625	12958	408	0	0
2297	37	625	12958	195	169	357	37	622	12964	408	0	0
2298	37	622	12964	463	18	564	37	620	12968	409	0	0
2299	37	620	12968	475	429	355	37	617	12974	409	0	0
2300	37	617	12974	406	134	620	37	614	12980	409	0	0
2301	37	614	12980	88	284	147	37	611	12986	409	0	0
2302	37	611	12986	402	335	537	37	608	12992	409	0	0
2303	37	608	12992	568	424	432	37	605	12998	409	0	0
2304	37	605	12998	83	120	78	37	602	13004	409	0	0
2305	37	602	13004	278	463	570	37	599	13010	409	0	0
2306	37	599	13010	553	257	587	37	596	13016	409	0	0
2307	37	596	13016	542	407	130	37	593	13022	409	0	0
2308	37	593	13022	278	358	342	37	590	13028	409	0	0
2309	37	590	13028	190	212	348	37	587	13034	409	0	0
2310	37	587	13034	113	552	412	37	584	13040	409	0	0
2311	37	584	13040	454	539	489	37	581	13046	409	0	0
2312	37	581	13046	516	494	355	37	578	13052	409	0	0
2313	37	578	13052	596	6	90	37	576	13056	410	0	0
2314	37	576	13056	122	494	434	37	573	13062	410	0	0
2315	37	573	13062	532	267	503	37	570	13068	410	0	0
2316	37	570	13068	459	163	408	37	567	13074	410	0	0
2317	37	567	13074	101	49	19	37	565	13078	411	0	0
2318	37	565	13078	374	526	155	37	562	13084	411	0	0
2319	37	562	13084	165	102	1	37	560	13088	412	0	0
2320	37	560	13088	336	137	201	37	557	13094	412	0	0
2321	37	557	13094	128	78	256	37	554	13100	412	0	0
2322	37	554	13100	332	186	141	37	551	13106	412	0	0
2323	37	551	13106	476	210	70	37	548	13112	412	0	0
2324	37	548	13112	55	94	521	37	545	13118	412	0	0
2325	37	545	13118	559	133	2	37	543	13122	413	0	0
2326	37	543	13122	164	220	474	37	540	13128	413	0	0
2327	37	540	13128	565	224	353	37	537	13134	413	0	0
2328	37	537	13134	548	255	454	37	534	13140	413	0	0
2329	37	534	13140	120	283	457	37	531	13146	413	0	0
2330	37	531	13146	377	113	154	37	528	13152	413	0	0
2331	37	528	13152	54	419	367	37	525	13158	413	0	0
2332	37	525	13158	371	274	474	37	522	13164	413	0	0
2333	37	522	13164	202	488	221	37	519	13170	413	0	0
2334	37	519	13170	78	13	301	37	517	13174	414	0	0
2335	37	517	13174	446	21	440	37	515	13178	415	0	0
2336	37	515	13178	171	267	3	37	513	13182	416	0	0
2337	37	513	13182	479	419	3	37	511	13186	417	0	0
2338	37	511	13186	258	61	240	37	508	13192	417	0	0
2339	37	508	13192	489	163	167	37	505	13198	417	0	0
2340	37	505	13198	77	335	427	37	502	13204	417	0	0
2341	37	502	13204	344	106	290	37	499	13210	417	0	0
2342	37	499	13210	284	181	3	37	497	13214	418	0	0
2343	37	497	13214	26	301	459	37	495	13218	419	0	0
2344	37	495	13218	348	272	310	37	492	13224	419	0	0
2345	37	492	13224	361	349	279	37	489	13230	419	0	0
2346	37	489	13230	364	306	502	37	486	13236	419	0	0
2347	37	486	13236	197	245	457	37	483	13242	419	0	0
2348	37	483	13242	512	446	270	37	480	13248	419	0	0
2349	37	480	13248	237	158	194	37	477	13254	419	0	0
2350	37	477	13254	38	443	293	37	474	13260	419	0	0
2351	37	474	13260	208	26	508	37	472	13264	420	0	0
2352	37	472	13264	489	500	201	37	469	13270	420	0	0
2353	37	469	13270	63	353	193	37	466	13276	420	0	0
2354	37	466	13276	268	89	389	37	463	13282	420	0	0
2355	37	463	13282	19	92	409	37	461	13286	421	0	0
2356	37	461	13286	17	377	352	37	459	13290	422	0	0
2357	37	459	13290	181	108	12	37	457	13294	423	0	0
2358	37	457	13294	74	338	238	37	454	13300	423	0	0
2359	37	454	13300	396	439	61	37	451	13306	423	0	0
2360	37	451	13306	91	264	27	37	449	13310	424	0	0
2361	37	449	13310	55	51	430	37	446	13316	424	0	0
2362	37	446	13316	199	417	69	37	443	13322	424	0	0
2363	37	443	13322	87	397	391	37	440	13328	424	0	0
2364	37	440	13328	147	337	185	37	437	13334	424	0	0
2365	37	437	13334	31	35	469	38	1878	13336	426	1442	0
2366	38	1878	13336	1228	631	114	38	1875	13342	426	0	0
2367	38	1875	13342	120	1199	1001	38	1872	13348	426	0	0
2368	38	1872	13348	631	1100	23	38	1870	13352	427	0	0
2369	38	1870	13352	1292	1880	1679	38	1867	13358	427	0	0
2370	38	1867	13358	1246	1758	179	38	1864	13364	427	0	0
2371	38	1864	13364	1331	1558	1458	38	1861	13370	427	0	0
2372	38	1861	13370	1175	675	1326	38	1858	13376	427	0	0
2373	38	1858	13376	962	1420	1437	38	1855	13382	427	0	0
2374	38	1855	13382	541	1603	1818	38	1852	13388	427	0	0
2375	38	1852	13388	1532	433	581	38	1849	13394	427	0	0
2376	38	1849	13394	665	1006	1612	38	1846	13400	427	0	0
2377	38	1846	13400	1117	1531	610	38	1843	13406	427	0	0
2378	38	1843	13406	937	1620	1435	38	1840	13412	427	0	0
2379	38	1840	13412	1057	195	1851	38	1837	13418	427	0	0
2380	38	1837	13418	1072	1359	106	38	1834	13424	427	0	0
2381	38	1834	13424	1440	1464	1361	38	1831	13430	427	0	0
2382	38	1831	13430	1367	177	1520	38	1828	13436	427	0	0
2383	38	1828	13436	640	381	123	38	1825	13442	427	0	0
2384	38	1825	13442	1379	936	1775	38	1822	13448	427	0	0
2385	38	1822	13448	1823	1257	1316	38	1819	13454	427	0	0
2386	38	1819	13454	1440	367	468	38	1816	13460	427	0	0
2387	38	1816	13460	1325	1748	1256	38	1813	13466	427	0	0
2388	38	1813	13466	1499	58	34	38	1811	13470	428	0	0
2389	38	1811	13470	705	678	65	38	1808	13476	428	0	0
2390	38	1808	13476	13	53	1311	38	1806	13480	429	0	0
2391	38	1806	13480	823	54	1522	38	1803	13486	429	0	0
2392	38	1803	13486	1296	904	1223	38	1800	13492	429	0	0
2393	38	1800	13492	1329	1665	121	38	1797	13498	429	0	0
2394	38	1797	13498	394	900	1416	38	1794	13504	429	0	0
2395	38	1794	13504	1828	1382	1541	38	1791	13510	429	0	0
2396	38	1791	13510	975	1782	234	38	1788	13516	429	0	0
2397	38	1788	13516	1659	583	1342	38	1785	13522	429	0	0
2398	38	1785	13522	657	1362	959	38	1782	13528	429	0	0
2399	38	1782	13528	1342	874	1399	38	1779	13534	429	0	0
2400	38	1779	13534	1139	57	1473	38	1776	13540	429	0	0
2401	38	1776	13540	1649	397	1625	38	1773	13546	429	0	0
2402	38	1773	13546	1004	1024	640	38	1770	13552	429	0	0
2403	38	1770	13552	116	335	480	38	1767	13558	429	0	0
2404	38	1767	13558	450	726	1142	38	1764	13564	429	0	0
2405	38	1764	13564	707	1354	1762	38	1761	13570	429	0	0
2406	38	1761	13570	753	473	452	38	1758	13576	429	0	0
2407	38	1758	13576	1241	1103	1296	38	1755	13582	429	0	0
2408	38	1755	13582	197	1549	1188	38	1752	13588	429	0	0
2409	38	1752	13588	1105	323	1516	38	1749	13594	429	0	0
2410	38	1749	13594	1746	1667	595	38	1746	13600	429	0	0
2411	38	1746	13600	1348	192	363	38	1743	13606	429	0	0
2412	38	1743	13606	1224	1674	1214	38	1740	13612	429	0	0
2413	38	1740	13612	883	1380	205	38	1737	13618	429	0	0
2414	38	1737	13618	883	403	1431	38	1734	13624	429	0	0
2415	38	1734	13624	915	1139	990	38	1731	13630	429	0	0
2416	38	1731	13630	1224	1260	873	38	1728	13636	429	0	0
2417	38	1728	13636	602	1743	352	38	1725	13642	429	0	0
2418	38	1725	13642	534	1058	1353	38	1722	13648	429	0	0
2419	38	1722	13648	1252	332	824	38	1719	13654	429	0	0
2420	38	1719	13654	265	514	1001	38	1716	13660	429	0	0
2421	38	1716	13660	1300	595	663	38	1713	13666	429	0	0
2422	38	1713	13666	687	1642	1736	38	1710	13672	429	0	0
2423	38	1710	13672	492	796	588	38	1707	13678	429	0	0
2424	38	1707	13678	1582	1741	54	38	1704	13684	429	0	0
2425	38	1704	13684	1108	350	1208	38	1701	13690	429	0	0
2426	38	1701	13690	783	174	1442	38	1698	13696	429	0	0
2427	38	1698	13696	763	1551	681	38	1695	13702	429	0	0
2428	38	1695	13702	177	255	422	38	1692	13708	429	0	0
2429	38	1692	13708	1455	1341	946	38	1689	13714	429	0	0
2430	38	1689	13714	705	447	183	38	1686	13720	429	0	0
2431	38	1686	13720	1144	546	1711	38	1683	13726	429	0	0
2432	38	1683	13726	1619	425	895	38	1680	13732	429	0	0
2433	38	1680	13732	1615	705	718	38	1677	13738	429	0	0
2434	38	1677	13738	524	603	754	38	1674	13744	429	0	0
2435	38	1674	13744	255	549	420	38	1671	13750	429	0	0
2436	38	1671	13750	314	1410	1086	38	1668	13756	429	0	0
2437	38	1668	13756	1461	273	1482	38	1665	13762	429	0	0
2438	38	1665	13762	686	1549	960	38	1662	13768	429	0	0
2439	38	1662	13768	204	1255	543	38	1659	13774	429	0	0
2440	38	1659	13774	358	20	58	38	1657	13778	430	0	0
2441	38	1657	13778	962	1650	954	38	1654	13784	430	0	0
2442	38	1654	13784	414	1640	1365	38	1651	13790	430	0	0
2443	38	1651	13790	1392	609	434	38	1648	13796	430	0	0
2444	38	1648	13796	114	146	2	38	1646	13800	431	0	0
2445	38	1646	13800	1466	306	1296	38	1643	13806	431	0	0
2446	38	1643	13806	302	1078	100	38	1640	13812	431	0	0
2447	38	1640	13812	1169	646	782	38	1637	13818	431	0	0
2448	38	1637	13818	475	1644	1568	38	1634	13824	431	0	0
2449	38	1634	13824	512	790	714	38	1631	13830	431	0	0
2450	38	1631	13830	1513	20	1303	38	1629	13834	432	0	0
2451	38	1629	13834	1486	1387	359	38	1626	13840	432	0	0
2452	38	1626	13840	631	230	389	38	1623	13846	432	0	0
2453	38	1623	13846	1006	133	141	38	1620	13852	432	0	0
2454	38	1620	13852	757	610	835	38	1617	13858	432	0	0
2455	38	1617	13858	768	1288	522	38	1614	13864	432	0	0
2456	38	1614	13864	102	1440	364	38	1611	13870	432	0	0
2457	38	1611	13870	539	1063	1404	38	1608	13876	432	0	0
2458	38	1608	13876	423	26	540	38	1606	13880	433	0	0
2459	38	1606	13880	1300	585	913	38	1603	13886	433	0	0
2460	38	1603	13886	464	1268	1432	38	1600	13892	433	0	0
2461	38	1600	13892	1013	419	831	38	1597	13898	433	0	0
2462	38	1597	13898	464	1430	1495	38	1594	13904	433	0	0
2463	38	1594	13904	2	534	700	38	1592	13908	434	0	0
2464	38	1592	13908	1438	631	175	38	1589	13914	434	0	0
2465	38	1589	13914	382	1119	729	38	1586	13920	434	0	0
2466	38	1586	13920	1209	1168	1241	38	1583	13926	434	0	0
2467	38	1583	13926	133	90	1088	38	1580	13932	434	0	0
2468	38	1580	13932	632	1538	627	38	1577	13938	434	0	0
2469	38	1577	13938	228	1287	772	38	1574	13944	434	0	0
2470	38	1574	13944	715	1422	430	38	1571	13950	434	0	0
2471	38	1571	13950	361	1108	885	38	1568	13956	434	0	0
2472	38	1568	13956	82	1154	517	38	1565	13962	434	0	0
2473	38	1565	13962	611	1417	588	38	1562	13968	434	0	0
2474	38	1562	13968	589	742	1376	38	1559	13974	434	0	0
2475	38	1559	13974	91	383	1432	38	1556	13980	434	0	0
2476	38	1556	13980	1576	533	485	38	1553	13986	434	0	0
2477	38	1553	13986	1152	453	693	38	1550	13992	434	0	0
2478	38	1550	13992	1289	663	1200	38	1547	13998	434	0	0
2479	38	1547	13998	1240	746	1459	38	1544	14004	434	0	0
2480	38	1544	14004	1207	941	1569	38	1541	14010	434	0	0
2481	38	1541	14010	7	238	1507	38	1539	14014	435	0	0
2482	38	1539	14014	1453	420	1456	38	1536	14020	435	0	0
2483	38	1536	14020	1350	383	685	38	1533	14026	435	0	0
2484	38	1533	14026	1455	400	457	38	1530	14032	435	0	0
2485	38	1530	14032	900	716	439	38	1527	14038	435	0	0
2486	38	1527	14038	90	1227	1215	38	1524	14044	435	0	0
2487	38	1524	14044	1515	954	1065	38	1521	14050	435	0	0
2488	38	1521	14050	1355	272	267	38	1518	14056	435	0	0
2489	38	1518	14056	216	1254	550	38	1515	14062	435	0	0
2490	38	1515	14062	1176	773	443	38	1512	14068	435	0	0
2491	38	1512	14068	1074	1255	558	38	1509	14074	435	0	0
2492	38	1509	14074	205	834	973	38	1506	14080	435	0	0
2493	38	1506	14080	966	471	381	38	1503	14086	435	0	0
2494	38	1503	14086	255	236	450	38	1500	14092	435	0	0
2495	38	1500	14092	1147	428	1532	38	1497	14098	435	0	0
2496	38	1497	14098	954	460	567	38	1494	14104	435	0	0
2497	38	1494	14104	193	409	1463	38	1491	14110	435	0	0
2498	38	1491	14110	305	671	78	38	1488	14116	435	0	0
2499	38	1488	14116	1001	175	488	38	1485	14122	435	0	0
2500	38	1485	14122	28	437	232	38	1483	14126	436	0	0
2501	38	1483	14126	414	1245	1450	38	1480	14132	436	0	0
2502	38	1480	14132	766	1052	1427	38	1477	14138	436	0	0
2503	38	1477	14138	1242	1389	1464	38	1474	14144	436	0	0
2504	38	1474	14144	1125	986	915	38	1471	14150	436	0	0
2505	38	1471	14150	1027	1477	951	38	1468	14156	436	0	0
2506	38	1468	14156	114	928	1333	38	1465	14162	436	0	0
2507	38	1465	14162	1021	1445	914	38	1462	14168	436	0	0
2508	38	1462	14168	455	1312	1263	38	1459	14174	436	0	0
2509	38	1459	14174	1263	372	488	38	1456	14180	436	0	0
2510	38	1456	14180	324	75	1439	38	1453	14186	436	0	0
2511	38	1453	14186	1371	612	143	38	1450	14192	436	0	0
2512	38	1450	14192	749	378	1041	38	1447	14198	436	0	0
2513	38	1447	14198	772	321	513	38	1444	14204	436	0	0
2514	38	1444	14204	1405	842	48	38	1441	14210	436	0	0
2515	38	1441	14210	623	541	1212	38	1438	14216	436	0	0
2516	38	1438	14216	862	588	375	38	1435	14222	436	0	0
2517	38	1435	14222	1057	443	904	38	1432	14228	436	0	0
2518	38	1432	14228	715	72	777	38	1429	14234	436	0	0
2519	38	1429	14234	742	1240	901	38	1426	14240	436	0	0
2520	38	1426	14240	1372	327	1432	38	1423	14246	436	0	0
2521	38	1423	14246	1279	653	1077	38	1420	14252	436	0	0
2522	38	1420	14252	1110	1017	1416	38	1417	14258	436	0	0
2523	38	1417	14258	74	749	618	38	1414	14264	436	0	0
2524	38	1414	14264	1110	122	705	38	1411	14270	436	0	0
2525	38	1411	14270	370	708	74	38	1408	14276	436	0	0
2526	38	1408	14276	368	350	80	38	1405	14282	436	0	0
2527	38	1405	14282	785	205	1267	38	1402	14288	436	0	0
2528	38	1402	14288	324	994	702	38	1399	14294	436	0	0
2529	38	1399	14294	22	889	665	38	1397	14298	437	0	0
2530	38	1397	14298	146	1251	957	38	1394	14304	437	0	0
2531	38	1394	14304	1022	454	1097	38	1391	14310	437	0	0
2532	38	1391	14310	284	616	991	38	1388	14316	437	0	0
2533	38	1388	14316	708	567	111	38	1385	14322	437	0	0
2534	38	1385	14322	1079	314	674	38	1382	14328	437	0	0
2535	38	1382	14328	970	257	1184	38	1379	14334	437	0	0
2536	38	1379	14334	1162	517	456	38	1376	14340	437	0	0
2537	38	1376	14340	1094	328	722	38	1373	14346	437	0	0
2538	38	1373	14346	870	949	611	38	1370	14352	437	0	0
2539	38	1370	14352	1231	419	207	38	1367	14358	437	0	0
2540	38	1367	14358	522	397	1122	38	1364	14364	437	0	0
2541	38	1364	14364	230	1397	87	38	1361	14370	437	0	0
2542	38	1361	14370	479	801	1260	38	1358	14376	437	0	0
2543	38	1358	14376	327	922	944	38	1355	14382	437	0	0
2544	38	1355	14382	229	202	1092	38	1352	14388	437	0	0
2545	38	1352	14388	1019	223	964	38	1349	14394	437	0	0
2546	38	1349	14394	56	93	546	38	1346	14400	437	0	0
2547	38	1346	14400	419	1015	723	38	1343	14406	437	0	0
2548	38	1343	14406	1241	807	1310	38	1340	14412	437	0	0
2549	38	1340	14412	588	1067	1243	38	1337	14418	437	0	0
2550	38	1337	14418	1235	126	958	38	1334	14424	437	0	0
2551	38	1334	14424	851	1024	744	38	1331	14430	437	0	0
2552	38	1331	14430	478	139	524	38	1328	14436	437	0	0
2553	38	1328	14436	843	439	1098	38	1325	14442	437	0	0
2554	38	1325	14442	802	936	547	38	1322	14448	437	0	0
2555	38	1322	14448	1057	1244	411	38	1319	14454	437	0	0
2556	38	1319	14454	380	1070	589	38	1316	14460	437	0	0
2557	38	1316	14460	741	206	559	38	1313	14466	437	0	0
2558	38	1313	14466	753	462	52	38	1310	14472	437	0	0
2559	38	1310	14472	860	1128	1107	38	1307	14478	437	0	0
2560	38	1307	14478	269	1250	1093	38	1304	14484	437	0	0
2561	38	1304	14484	302	684	889	38	1301	14490	437	0	0
2562	38	1301	14490	266	1245	145	38	1298	14496	437	0	0
2563	38	1298	14496	338	769	924	38	1295	14502	437	0	0
2564	38	1295	14502	1038	191	1287	38	1292	14508	437	0	0
2565	38	1292	14508	602	1106	1144	38	1289	14514	437	0	0
2566	38	1289	14514	669	728	47	38	1286	14520	437	0	0
2567	38	1286	14520	1151	225	211	38	1283	14526	437	0	0
2568	38	1283	14526	1314	81	234	38	1280	14532	437	0	0
2569	38	1280	14532	365	99	1186	38	1277	14538	437	0	0
2570	38	1277	14538	1304	99	1242	38	1274	14544	437	0	0
2571	38	1274	14544	1275	973	1311	38	1271	14550	437	0	0
2572	38	1271	14550	405	334	961	38	1268	14556	437	0	0
2573	38	1268	14556	836	1052	206	38	1265	14562	437	0	0
2574	38	1265	14562	227	813	229	38	1262	14568	437	0	0
2575	38	1262	14568	638	804	475	38	1259	14574	437	0	0
2576	38	1259	14574	653	1250	447	38	1256	14580	437	0	0
2577	38	1256	14580	417	888	986	38	1253	14586	437	0	0
2578	38	1253	14586	667	1084	869	38	1250	14592	437	0	0
2579	38	1250	14592	1053	160	1022	38	1247	14598	437	0	0
2580	38	1247	14598	49	434	100	38	1244	14604	437	0	0
2581	38	1244	14604	677	322	1276	38	1241	14610	437	0	0
2582	38	1241	14610	443	164	962	38	1238	14616	437	0	0
2583	38	1238	14616	503	1175	511	38	1235	14622	437	0	0
2584	38	1235	14622	970	742	444	38	1232	14628	437	0	0
2585	38	1232	14628	608	1125	553	38	1229	14634	437	0	0
2586	38	1229	14634	310	926	1089	38	1226	14640	437	0	0
2587	38	1226	14640	1116	1113	993	38	1223	14646	437	0	0
2588	38	1223	14646	197	123	604	38	1220	14652	437	0	0
2589	38	1220	14652	493	1217	918	38	1217	14658	437	0	0
2590	38	1217	14658	682	277	1251	38	1214	14664	437	0	0
2591	38	1214	14664	778	699	392	38	1211	14670	437	0	0
2592	38	1211	14670	124	1139	250	38	1208	14676	437	0	0
2593	38	1208	14676	482	461	758	38	1205	14682	437	0	0
2594	38	1205	14682	180	1127	1030	38	1202	14688	437	0	0
2595	38	1202	14688	61	773	396	38	1199	14694	437	0	0
2596	38	1199	14694	761	926	829	38	1196	14700	437	0	0
2597	38	1196	14700	220	649	790	38	1193	14706	437	0	0
2598	38	1193	14706	530	98	973	38	1190	14712	437	0	0
2599	38	1190	14712	71	411	575	38	1187	14718	437	0	0
2600	38	1187	14718	321	1167	729	38	1184	14724	437	0	0
2601	38	1184	14724	1027	573	904	38	1181	14730	437	0	0
2602	38	1181	14730	1006	1119	65	38	1178	14736	437	0	0
2603	38	1178	14736	294	1022	1031	38	1175	14742	437	0	0
2604	38	1175	14742	536	1007	76	38	1172	14748	437	0	0
2605	38	1172	14748	514	239	180	38	1169	14754	437	0	0
2606	38	1169	14754	767	927	663	38	1166	14760	437	0	0
2607	38	1166	14760	572	834	905	38	1163	14766	437	0	0
2608	38	1163	14766	1109	873	642	38	1160	14772	437	0	0
2609	38	1160	14772	134	432	1040	38	1157	14778	437	0	0
2610	38	1157	14778	678	1171	684	38	1154	14784	437	0	0
2611	38	1154	14784	510	674	1119	38	1151	14790	437	0	0
2612	38	1151	14790	545	1181	359	38	1148	14796	437	0	0
2613	38	1148	14796	1113	1098	689	38	1145	14802	437	0	0
2614	38	1145	14802	716	46	126	38	1142	14808	437	0	0
2615	38	1142	14808	365	290	1079	38	1139	14814	437	0	0
2616	38	1139	14814	749	253	545	38	1136	14820	437	0	0
2617	38	1136	14820	853	366	786	38	1133	14826	437	0	0
2618	38	1133	14826	33	747	216	38	1131	14830	438	0	0
2619	38	1131	14830	603	9	795	38	1129	14834	439	0	0
2620	38	1129	14834	632	199	610	38	1126	14840	439	0	0
2621	38	1126	14840	190	246	30	38	1124	14844	440	0	0
2622	38	1124	14844	528	65	1061	38	1121	14850	440	0	0
2623	38	1121	14850	907	1030	421	38	1118	14856	440	0	0
2624	38	1118	14856	255	278	1072	38	1115	14862	440	0	0
2625	38	1115	14862	1108	475	935	38	1112	14868	440	0	0
2626	38	1112	14868	243	1059	715	38	1109	14874	440	0	0
2627	38	1109	14874	1142	324	220	38	1106	14880	440	0	0
2628	38	1106	14880	557	871	612	38	1103	14886	440	0	0
2629	38	1103	14886	719	748	776	38	1100	14892	440	0	0
2630	38	1100	14892	406	1093	588	38	1097	14898	440	0	0
2631	38	1097	14898	895	941	323	38	1094	14904	440	0	0
2632	38	1094	14904	478	415	609	38	1091	14910	440	0	0
2633	38	1091	14910	572	846	958	38	1088	14916	440	0	0
2634	38	1088	14916	709	415	865	38	1085	14922	440	0	0
2635	38	1085	14922	301	358	755	38	1082	14928	440	0	0
2636	38	1082	14928	876	177	410	38	1079	14934	440	0	0
2637	38	1079	14934	886	206	1111	38	1076	14940	440	0	0
2638	38	1076	14940	437	392	529	38	1073	14946	440	0	0
2639	38	1073	14946	425	253	420	38	1070	14952	440	0	0
2640	38	1070	14952	436	524	668	38	1067	14958	440	0	0
2641	38	1067	14958	586	1080	293	38	1064	14964	440	0	0
2642	38	1064	14964	941	1034	103	38	1061	14970	440	0	0
2643	38	1061	14970	442	1019	972	38	1058	14976	440	0	0
2644	38	1058	14976	128	972	460	38	1055	14982	440	0	0
2645	38	1055	14982	254	103	137	38	1052	14988	440	0	0
2646	38	1052	14988	764	881	178	38	1049	14994	440	0	0
2647	38	1049	14994	877	522	395	38	1046	15000	440	0	0
2648	38	1046	15000	725	58	719	38	1043	15006	440	0	0
2649	38	1043	15006	305	720	874	38	1040	15012	440	0	0
2650	38	1040	15012	827	992	1010	38	1037	15018	440	0	0
2651	38	1037	15018	847	633	867	38	1034	15024	440	0	0
2652	38	1034	15024	214	655	488	38	1031	15030	440	0	0
2653	38	1031	15030	1049	618	478	38	1028	15036	440	0	0
2654	38	1028	15036	435	385	1021	38	1025	15042	440	0	0
2655	38	1025	15042	287	968	498	38	1022	15048	440	0	0
2656	38	1022	15048	605	542	455	38	1019	15054	440	0	0
2657	38	1019	15054	956	16	659	38	1017	15058	441	0	0
2658	38	1017	15058	857	79	732	38	1014	15064	441	0	0
2659	38	1014	15064	531	757	731	38	1011	15070	441	0	0
2660	38	1011	15070	200	144	733	38	1008	15076	441	0	0
2661	38	1008	15076	470	748	582	38	1005	15082	441	0	0
2662	38	1005	15082	931	12	729	38	1003	15086	442	0	0
2663	38	1003	15086	844	870	464	38	1000	15092	442	0	0
2664	38	1000	15092	334	646	922	38	997	15098	442	0	0
2665	38	997	15098	523	975	882	38	994	15104	442	0	0
2666	38	994	15104	379	550	632	38	991	15110	442	0	0
2667	38	991	15110	199	1022	0	38	989	15114	443	0	0
2668	38	989	15114	218	753	257	38	986	15120	443	0	0
2669	38	986	15120	298	865	185	38	983	15126	443	0	0
2670	38	983	15126	276	477	1003	38	980	15132	443	0	0
2671	38	980	15132	460	136	467	38	977	15138	443	0	0
2672	38	977	15138	636	879	69	38	974	15144	443	0	0
2673	38	974	15144	298	165	396	38	971	15150	443	0	0
2674	38	971	15150	667	156	334	38	968	15156	443	0	0
2675	38	968	15156	158	161	329	38	965	15162	443	0	0
2676	38	965	15162	924	461	107	38	962	15168	443	0	0
2677	38	962	15168	587	485	539	38	959	15174	443	0	0
2678	38	959	15174	358	959	713	38	956	15180	443	0	0
2679	38	956	15180	527	842	326	38	953	15186	443	0	0
2680	38	953	15186	318	567	266	38	950	15192	443	0	0
2681	38	950	15192	81	503	933	38	947	15198	443	0	0
2682	38	947	15198	277	753	626	38	944	15204	443	0	0
2683	38	944	15204	298	369	8	38	942	15208	444	0	0
2684	38	942	15208	47	722	90	38	939	15214	444	0	0
2685	38	939	15214	682	596	120	38	936	15220	444	0	0
2686	38	936	15220	731	334	787	38	933	15226	444	0	0
2687	38	933	15226	665	677	529	38	930	15232	444	0	0
2688	38	930	15232	157	6	289	38	928	15236	445	0	0
2689	38	928	15236	661	269	522	38	925	15242	445	0	0
2690	38	925	15242	65	737	40	38	922	15248	445	0	0
2691	38	922	15248	878	429	144	38	919	15254	445	0	0
2692	38	919	15254	177	546	807	38	916	15260	445	0	0
2693	38	916	15260	160	119	12	38	914	15264	446	0	0
2694	38	914	15264	289	162	255	38	911	15270	446	0	0
2695	38	911	15270	909	793	677	38	908	15276	446	0	0
2696	38	908	15276	645	903	910	38	905	15282	446	0	0
2697	38	905	15282	939	118	182	38	902	15288	446	0	0
2698	38	902	15288	703	830	532	38	899	15294	446	0	0
2699	38	899	15294	613	840	411	38	896	15300	446	0	0
2700	38	896	15300	638	529	716	38	893	15306	446	0	0
2701	38	893	15306	883	895	454	38	890	15312	446	0	0
2702	38	890	15312	43	744	768	38	887	15318	446	0	0
2703	38	887	15318	374	623	655	38	884	15324	446	0	0
2704	38	884	15324	88	624	501	38	881	15330	446	0	0
2705	38	881	15330	198	72	772	38	878	15336	446	0	0
2706	38	878	15336	258	304	60	38	875	15342	446	0	0
2707	38	875	15342	791	843	346	38	872	15348	446	0	0
2708	38	872	15348	239	63	405	38	869	15354	446	0	0
2709	38	869	15354	820	576	410	38	866	15360	446	0	0
2710	38	866	15360	294	621	471	38	863	15366	446	0	0
2711	38	863	15366	512	443	279	38	860	15372	446	0	0
2712	38	860	15372	412	319	36	38	858	15376	447	0	0
2713	38	858	15376	644	198	491	38	855	15382	447	0	0
2714	38	855	15382	847	418	56	38	852	15388	447	0	0
2715	38	852	15388	432	823	826	38	849	15394	447	0	0
2716	38	849	15394	214	192	512	38	846	15400	447	0	0
2717	38	846	15400	663	676	593	38	843	15406	447	0	0
2718	38	843	15406	586	203	39	38	840	15412	447	0	0
2719	38	840	15412	296	874	700	38	837	15418	447	0	0
2720	38	837	15418	459	29	432	38	835	15422	448	0	0
2721	38	835	15422	600	39	43	38	832	15428	448	0	0
2722	38	832	15428	593	780	261	38	829	15434	448	0	0
2723	38	829	15434	442	620	30	38	827	15438	449	0	0
2724	38	827	15438	90	504	780	38	824	15444	449	0	0
2725	38	824	15444	476	757	704	38	821	15450	449	0	0
2726	38	821	15450	60	327	352	38	818	15456	449	0	0
2727	38	818	15456	325	280	211	38	815	15462	449	0	0
2728	38	815	15462	87	649	461	38	812	15468	449	0	0
2729	38	812	15468	309	490	97	38	809	15474	449	0	0
2730	38	809	15474	118	387	682	38	806	15480	449	0	0
2731	38	806	15480	390	648	438	38	803	15486	449	0	0
2732	38	803	15486	56	129	450	38	800	15492	449	0	0
2733	38	800	15492	280	140	584	38	797	15498	449	0	0
2734	38	797	15498	485	216	685	38	794	15504	449	0	0
2735	38	794	15504	29	330	585	38	792	15508	450	0	0
2736	38	792	15508	518	54	253	38	789	15514	450	0	0
2737	38	789	15514	125	684	541	38	786	15520	450	0	0
2738	38	786	15520	697	189	74	38	783	15526	450	0	0
2739	38	783	15526	523	456	346	38	780	15532	450	0	0
2740	38	780	15532	650	249	313	38	777	15538	450	0	0
2741	38	777	15538	424	662	478	38	774	15544	450	0	0
2742	38	774	15544	323	361	254	38	771	15550	450	0	0
2743	38	771	15550	659	373	242	38	768	15556	450	0	0
2744	38	768	15556	186	643	540	38	765	15562	450	0	0
2745	38	765	15562	635	38	372	38	762	15568	450	0	0
2746	38	762	15568	38	691	3	38	760	15572	451	0	0
2747	38	760	15572	665	98	524	38	757	15578	451	0	0
2748	38	757	15578	522	408	227	38	754	15584	451	0	0
2749	38	754	15584	718	86	527	38	751	15590	451	0	0
2750	38	751	15590	365	529	250	38	748	15596	451	0	0
2751	38	748	15596	178	481	516	38	745	15602	451	0	0
2752	38	745	15602	236	19	521	38	743	15606	452	0	0
2753	38	743	15606	333	454	113	38	740	15612	452	0	0
2754	38	740	15612	725	316	4	38	738	15616	453	0	0
2755	38	738	15616	94	443	556	38	735	15622	453	0	0
2756	38	735	15622	296	251	120	38	732	15628	453	0	0
2757	38	732	15628	344	504	477	38	729	15634	453	0	0
2758	38	729	15634	186	716	347	38	726	15640	453	0	0
2759	38	726	15640	542	278	677	38	723	15646	453	0	0
2760	38	723	15646	318	652	377	38	720	15652	453	0	0
2761	38	720	15652	424	223	534	38	717	15658	453	0	0
2762	38	717	15658	195	383	257	38	714	15664	453	0	0
2763	38	714	15664	21	70	282	38	712	15668	454	0	0
2764	38	712	15668	692	616	680	38	709	15674	454	0	0
2765	38	709	15674	238	23	590	38	707	15678	455	0	0
2766	38	707	15678	552	641	506	38	704	15684	455	0	0
2767	38	704	15684	303	193	637	38	701	15690	455	0	0
2768	38	701	15690	52	413	458	38	698	15696	455	0	0
2769	38	698	15696	615	274	567	38	695	15702	455	0	0
2770	38	695	15702	654	662	21	38	693	15706	456	0	0
2771	38	693	15706	76	537	338	38	690	15712	456	0	0
2772	38	690	15712	575	472	345	38	687	15718	456	0	0
2773	38	687	15718	129	288	640	38	684	15724	456	0	0
2774	38	684	15724	54	83	542	38	681	15730	456	0	0
2775	38	681	15730	112	15	622	38	679	15734	457	0	0
2776	38	679	15734	602	107	267	38	676	15740	457	0	0
2777	38	676	15740	673	360	219	38	673	15746	457	0	0
2778	38	673	15746	141	375	666	38	670	15752	457	0	0
2779	38	670	15752	203	393	70	38	667	15758	457	0	0
2780	38	667	15758	390	48	446	38	664	15764	457	0	0
2781	38	664	15764	208	486	664	38	661	15770	457	0	0
2782	38	661	15770	344	508	364	38	658	15776	457	0	0
2783	38	658	15776	89	501	164	38	655	15782	457	0	0
2784	38	655	15782	478	302	672	38	652	15788	457	0	0
2785	38	652	15788	579	470	599	38	649	15794	457	0	0
2786	38	649	15794	2	491	544	38	647	15798	458	0	0
2787	38	647	15798	605	224	518	38	644	15804	458	0	0
2788	38	644	15804	574	674	609	38	641	15810	458	0	0
2789	38	641	15810	530	288	291	38	638	15816	458	0	0
2790	38	638	15816	72	244	544	38	635	15822	458	0	0
2791	38	635	15822	362	190	63	38	632	15828	458	0	0
2792	38	632	15828	362	508	118	38	629	15834	458	0	0
2793	38	629	15834	351	581	511	38	626	15840	458	0	0
2794	38	626	15840	532	204	408	38	623	15846	458	0	0
2795	38	623	15846	324	50	477	38	620	15852	458	0	0
2796	38	620	15852	457	251	438	38	617	15858	458	0	0
2797	38	617	15858	593	455	397	38	614	15864	458	0	0
2798	38	614	15864	439	112	493	38	611	15870	458	0	0
2799	38	611	15870	75	424	45	38	608	15876	458	0	0
2800	38	608	15876	559	56	394	38	605	15882	458	0	0
2801	38	605	15882	213	264	28	38	603	15886	459	0	0
2802	38	603	15886	418	56	599	38	600	15892	459	0	0
2803	38	600	15892	199	432	454	38	597	15898	459	0	0
2804	38	597	15898	438	464	117	38	594	15904	459	0	0
2805	38	594	15904	201	44	287	38	591	15910	459	0	0
2806	38	591	15910	254	80	256	38	588	15916	459	0	0
2807	38	588	15916	465	575	307	38	585	15922	459	0	0
2808	38	585	15922	403	585	297	38	582	15928	459	0	0
2809	38	582	15928	93	359	457	38	579	15934	459	0	0
2810	38	579	15934	372	315	104	38	576	15940	459	0	0
2811	38	576	15940	189	2	181	38	574	15944	460	0	0
2812	38	574	15944	65	127	505	38	571	15950	460	0	0
2813	38	571	15950	358	294	101	38	568	15956	460	0	0
2814	38	568	15956	388	581	557	38	565	15962	460	0	0
2815	38	565	15962	78	58	458	38	562	15968	460	0	0
2816	38	562	15968	401	472	354	38	559	15974	460	0	0
2817	38	559	15974	115	407	443	38	556	15980	460	0	0
2818	38	556	15980	384	387	354	38	553	15986	460	0	0
2819	38	553	15986	77	45	277	38	550	15992	460	0	0
2820	38	550	15992	228	4	80	38	548	15996	461	0	0
2821	38	548	15996	173	512	335	38	545	16002	461	0	0
2822	38	545	16002	73	60	550	38	542	16008	461	0	0
2823	38	542	16008	313	531	281	38	539	16014	461	0	0
2824	38	539	16014	283	285	140	38	536	16020	461	0	0
2825	38	536	16020	175	253	289	38	533	16026	461	0	0
2826	38	533	16026	327	69	500	38	530	16032	461	0	0
2827	38	530	16032	326	329	257	38	527	16038	461	0	0
2828	38	527	16038	369	346	444	38	524	16044	461	0	0
2829	38	524	16044	301	349	415	38	521	16050	461	0	0
2830	38	521	16050	388	391	137	38	518	16056	461	0	0
2831	38	518	16056	48	524	527	38	515	16062	461	0	0
2832	38	515	16062	27	31	546	39	1164	16064	463	650	0
2833	39	1164	16064	40	472	327	39	1161	16070	463	0	0
2834	39	1161	16070	935	356	779	39	1158	16076	463	0	0
2835	39	1158	16076	323	440	202	39	1155	16082	463	0	0
2836	39	1155	16082	878	792	555	39	1152	16088	463	0	0
2837	39	1152	16088	838	539	472	39	1149	16094	463	0	0
2838	39	1149	16094	821	544	742	39	1146	16100	463	0	0
2839	39	1146	16100	175	328	1176	39	1143	16106	463	0	0
2840	39	1143	16106	293	436	155	39	1140	16112	463	0	0
2841	39	1140	16112	54	306	1042	39	1137	16118	463	0	0
2842	39	1137	16118	177	781	227	39	1134	16124	463	0	0
2843	39	1134	16124	949	123	437	39	1131	16130	463	0	0
2844	39	1131	16130	844	978	1136	39	1128	16136	463	0	0
2845	39	1128	16136	965	52	580	39	1125	16142	463	0	0
2846	39	1125	16142	698	16	355	39	1123	16146	464	0	0
2847	39	1123	16146	617	989	815	39	1120	16152	464	0	0
2848	39	1120	16152	272	2	979	39	1118	16156	465	0	0
2849	39	1118	16156	746	868	974	39	1115	16162	465	0	0
2850	39	1115	16162	1127	974	197	39	1112	16168	465	0	0
2851	39	1112	16168	823	574	525	39	1109	16174	465	0	0
2852	39	1109	16174	1010	139	671	39	1106	16180	465	0	0
2853	39	1106	16180	371	501	975	39	1103	16186	465	0	0
2854	39	1103	16186	398	913	499	39	1100	16192	465	0	0
2855	39	1100	16192	635	274	453	39	1097	16198	465	0	0
2856	39	1097	16198	204	278	791	39	1094	16204	465	0	0
2857	39	1094	16204	472	765	533	39	1091	16210	465	0	0
2858	39	1091	16210	944	97	895	39	1088	16216	465	0	0
2859	39	1088	16216	222	898	906	39	1085	16222	465	0	0
2860	39	1085	16222	857	405	617	39	1082	16228	465	0	0
2861	39	1082	16228	130	761	717	39	1079	16234	465	0	0
2862	39	1079	16234	589	296	622	39	1076	16240	465	0	0
2863	39	1076	16240	971	801	876	39	1073	16246	465	0	0
2864	39	1073	16246	641	39	927	39	1070	16252	465	0	0
2865	39	1070	16252	598	318	405	39	1067	16258	465	0	0
2866	39	1067	16258	160	406	341	39	1064	16264	465	0	0
2867	39	1064	16264	1098	991	993	39	1061	16270	465	0	0
2868	39	1061	16270	667	1021	184	39	1058	16276	465	0	0
2869	39	1058	16276	191	356	221	39	1055	16282	465	0	0
2870	39	1055	16282	626	942	855	39	1052	16288	465	0	0
2871	39	1052	16288	823	120	770	39	1049	16294	465	0	0
2872	39	1049	16294	408	1042	546	39	1046	16300	465	0	0
2873	39	1046	16300	973	665	1000	39	1043	16306	465	0	0
2874	39	1043	16306	676	515	113	39	1040	16312	465	0	0
2875	39	1040	16312	33	292	563	39	1038	16316	466	0	0
2876	39	1038	16316	860	122	407	39	1035	16322	466	0	0
2877	39	1035	16322	828	47	179	39	1032	16328	466	0	0
2878	39	1032	16328	729	576	328	39	1029	16334	466	0	0
2879	39	1029	16334	124	1006	616	39	1026	16340	466	0	0
2880	39	1026	16340	977	938	324	39	1023	16346	466	0	0
2881	39	1023	16346	551	668	953	39	1020	16352	466	0	0
2882	39	1020	16352	267	972	393	39	1017	16358	466	0	0
2883	39	1017	16358	688	1006	579	39	1014	16364	466	0	0
2884	39	1014	16364	735	1026	9	39	1012	16368	467	0	0
2885	39	1012	16368	31	983	238	39	1010	16372	468	0	0
2886	39	1010	16372	455	718	526	39	1007	16378	468	0	0
2887	39	1007	16378	502	731	26	39	1005	16382	469	0	0
2888	39	1005	16382	837	1015	1039	39	1002	16388	469	0	0
2889	39	1002	16388	35	583	115	39	1000	16392	470	0	0
2890	39	1000	16392	76	791	599	39	997	16398	470	0	0
2891	39	997	16398	915	989	694	39	994	16404	470	0	0
2892	39	994	16404	959	951	886	39	991	16410	470	0	0
2893	39	991	16410	1007	496	1023	39	988	16416	470	0	0
2894	39	988	16416	442	332	584	39	985	16422	470	0	0
2895	39	985	16422	886	652	128	39	982	16428	470	0	0
2896	39	982	16428	170	111	94	39	979	16434	470	0	0
2897	39	979	16434	280	244	212	39	976	16440	470	0	0
2898	39	976	16440	712	968	663	39	973	16446	470	0	0
2899	39	973	16446	723	896	384	39	970	16452	470	0	0
2900	39	970	16452	29	275	977	39	968	16456	471	0	0
2901	39	968	16456	287	709	123	39	965	16462	471	0	0
2902	39	965	16462	547	300	623	39	962	16468	471	0	0
2903	39	962	16468	759	936	764	39	959	16474	471	0	0
2904	39	959	16474	897	416	686	39	956	16480	471	0	0
2905	39	956	16480	148	158	258	39	953	16486	471	0	0
2906	39	953	16486	574	536	935	39	950	16492	471	0	0
2907	39	950	16492	322	865	468	39	947	16498	471	0	0
2908	39	947	16498	487	664	597	39	944	16504	471	0	0
2909	39	944	16504	0	453	386	39	942	16508	472	0	0
2910	39	942	16508	972	31	444	39	940	16512	473	0	0
2911	39	940	16512	832	193	101	39	937	16518	473	0	0
2912	39	937	16518	463	144	96	39	934	16524	473	0	0
2913	39	934	16524	532	357	419	39	931	16530	473	0	0
2914	39	931	16530	858	419	145	39	928	16536	473	0	0
2915	39	928	16536	569	850	289	39	925	16542	473	0	0
2916	39	925	16542	17	294	298	39	923	16546	474	0	0
2917	39	923	16546	499	894	958	39	920	16552	474	0	0
2918	39	920	16552	97	318	542	39	917	16558	474	0	0
2919	39	917	16558	588	357	617	39	914	16564	474	0	0
2920	39	914	16564	711	64	121	39	911	16570	474	0	0
2921	39	911	16570	269	723	251	39	908	16576	474	0	0
2922	39	908	16576	14	857	659	39	906	16580	475	0	0
2923	39	906	16580	10	415	290	39	904	16584	476	0	0
2924	39	904	16584	680	553	421	39	901	16590	476	0	0
2925	39	901	16590	40	507	790	39	898	16596	476	0	0
2926	39	898	16596	866	514	934	39	895	16602	476	0	0
2927	39	895	16602	144	333	382	39	892	16608	476	0	0
2928	39	892	16608	237	257	392	39	889	16614	476	0	0
2929	39	889	16614	903	504	725	39	886	16620	476	0	0
2930	39	886	16620	886	787	170	39	883	16626	476	0	0
2931	39	883	16626	583	378	777	39	880	16632	476	0	0
2932	39	880	16632	174	372	345	39	877	16638	476	0	0
2933	39	877	16638	132	659	487	39	874	16644	476	0	0
2934	39	874	16644	541	535	20	39	872	16648	477	0	0
2935	39	872	16648	667	601	723	39	869	16654	477	0	0
2936	39	869	16654	282	645	788	39	866	16660	477	0	0
2937	39	866	16660	432	363	324	39	863	16666	477	0	0
2938	39	863	16666	596	454	635	39	860	16672	477	0	0
2939	39	860	16672	21	317	167	39	858	16676	478	0	0
2940	39	858	16676	709	732	310	39	855	16682	478	0	0
2941	39	855	16682	764	191	670	39	852	16688	478	0	0
2942	39	852	16688	208	808	598	39	849	16694	478	0	0
2943	39	849	16694	635	450	852	39	846	16700	478	0	0
2944	39	846	16700	798	88	845	39	843	16706	478	0	0
2945	39	843	16706	490	500	289	39	840	16712	478	0	0
2946	39	840	16712	664	348	508	39	837	16718	478	0	0
2947	39	837	16718	430	501	26	39	835	16722	479	0	0
2948	39	835	16722	454	177	39	39	832	16728	479	0	0
2949	39	832	16728	644	616	662	39	829	16734	479	0	0
2950	39	829	16734	375	737	590	39	826	16740	479	0	0
2951	39	826	16740	330	818	531	39	823	16746	479	0	0
2952	39	823	16746	388	188	402	39	820	16752	479	0	0
2953	39	820	16752	152	155	55	39	817	16758	479	0	0
2954	39	817	16758	557	418	792	39	814	16764	479	0	0
2955	39	814	16764	152	622	843	39	811	16770	479	0	0
2956	39	811	16770	622	705	5	39	809	16774	480	0	0
2957	39	809	16774	368	614	671	39	806	16780	480	0	0
2958	39	806	16780	286	375	411	39	803	16786	480	0	0
2959	39	803	16786	451	120	44	39	800	16792	480	0	0
2960	39	800	16792	585	388	509	39	797	16798	480	0	0
2961	39	797	16798	378	155	360	39	794	16804	480	0	0
2962	39	794	16804	71	58	718	39	791	16810	480	0	0
2963	39	791	16810	246	708	657	39	788	16816	480	0	0
2964	39	788	16816	394	406	455	39	785	16822	480	0	0
2965	39	785	16822	232	780	494	39	782	16828	480	0	0
2966	39	782	16828	68	189	766	39	779	16834	480	0	0
2967	39	779	16834	814	57	364	39	776	16840	480	0	0
2968	39	776	16840	114	463	388	39	773	16846	480	0	0
2969	39	773	16846	401	417	391	39	770	16852	480	0	0
2970	39	770	16852	441	60	187	39	767	16858	480	0	0
2971	39	767	16858	239	694	482	39	764	16864	480	0	0
2972	39	764	16864	1	735	384	39	762	16868	481	0	0
2973	39	762	16868	291	604	527	39	759	16874	481	0	0
2974	39	759	16874	732	639	542	39	756	16880	481	0	0
2975	39	756	16880	599	553	693	39	753	16886	481	0	0
2976	39	753	16886	738	527	540	39	750	16892	481	0	0
2977	39	750	16892	377	86	656	39	747	16898	481	0	0
2978	39	747	16898	28	94	452	39	745	16902	482	0	0
2979	39	745	16902	415	348	224	39	742	16908	482	0	0
2980	39	742	16908	725	254	57	39	739	16914	482	0	0
2981	39	739	16914	552	602	232	39	736	16920	482	0	0
2982	39	736	16920	144	526	405	39	733	16926	482	0	0
2983	39	733	16926	383	51	239	39	730	16932	482	0	0
2984	39	730	16932	533	524	268	39	727	16938	482	0	0
2985	39	727	16938	671	322	689	39	724	16944	482	0	0
2986	39	724	16944	435	712	57	39	721	16950	482	0	0
2987	39	721	16950	334	70	659	39	718	16956	482	0	0
2988	39	718	16956	475	383	344	39	715	16962	482	0	0
2989	39	715	16962	331	357	548	39	712	16968	482	0	0
2990	39	712	16968	670	706	265	39	709	16974	482	0	0
2991	39	709	16974	195	367	502	39	706	16980	482	0	0
2992	39	706	16980	728	649	339	39	703	16986	482	0	0
2993	39	703	16986	507	512	395	39	700	16992	482	0	0
2994	39	700	16992	81	717	100	39	697	16998	482	0	0
2995	39	697	16998	57	468	266	39	694	17004	482	0	0
2996	39	694	17004	90	561	447	39	691	17010	482	0	0
2997	39	691	17010	162	350	538	39	688	17016	482	0	0
2998	39	688	17016	339	140	502	39	685	17022	482	0	0
2999	39	685	17022	343	175	593	39	682	17028	482	0	0
3000	39	682	17028	18	234	712	39	680	17032	483	0	0
3001	39	680	17032	280	597	255	39	677	17038	483	0	0
3002	39	677	17038	233	309	289	39	674	17044	483	0	0
3003	39	674	17044	569	322	391	39	671	17050	483	0	0
3004	39	671	17050	297	33	413	39	669	17054	484	0	0
3005	39	669	17054	150	524	19	39	667	17058	485	0	0
3006	39	667	17058	82	167	455	39	664	17064	485	0	0
3007	39	664	17064	297	20	532	39	662	17068	486	0	0
3008	39	662	17068	333	384	245	39	659	17074	486	0	0
3009	39	659	17074	82	522	403	39	656	17080	486	0	0
3010	39	656	17080	460	585	21	39	654	17084	487	0	0
3011	39	654	17084	321	92	426	39	651	17090	487	0	0
3012	39	651	17090	384	239	452	39	648	17096	487	0	0
3013	39	648	17096	18	560	242	39	646	17100	488	0	0
3014	39	646	17100	395	205	247	39	643	17106	488	0	0
3015	39	643	17106	258	275	38	39	641	17110	489	0	0
3016	39	641	17110	636	578	619	39	638	17116	489	0	0
3017	39	638	17116	613	378	489	39	635	17122	489	0	0
3018	39	635	17122	251	160	93	39	632	17128	489	0	0
3019	39	632	17128	665	537	407	39	629	17134	489	0	0
3020	39	629	17134	185	119	75	39	626	17140	489	0	0
3021	39	626	17140	339	351	67	39	623	17146	489	0	0
3022	39	623	17146	429	21	433	39	621	17150	490	0	0
3023	39	621	17150	646	118	183	39	618	17156	490	0	0
3024	39	618	17156	142	56	379	39	615	17162	490	0	0
3025	39	615	17162	531	442	176	39	612	17168	490	0	0
3026	39	612	17168	120	494	62	39	609	17174	490	0	0
3027	39	609	17174	421	128	519	39	606	17180	490	0	0
3028	39	606	17180	62	329	92	39	603	17186	490	0	0
3029	39	603	17186	269	204	110	39	600	17192	490	0	0
3030	39	600	17192	610	41	503	39	597	17198	490	0	0
3031	39	597	17198	290	148	21	39	595	17202	491	0	0
3032	39	595	17202	361	166	310	39	592	17208	491	0	0
3033	39	592	17208	151	564	327	39	589	17214	491	0	0
3034	39	589	17214	383	150	498	39	586	17220	491	0	0
3035	39	586	17220	370	588	478	39	583	17226	491	0	0
3036	39	583	17226	2	590	0	39	582	17228	493	0	0
3037	39	582	17228	490	345	544	39	579	17234	493	0	0
3038	39	579	17234	261	408	495	39	576	17240	493	0	0
3039	39	576	17240	50	146	582	39	573	17246	493	0	0
3040	39	573	17246	422	280	307	39	570	17252	493	0	0
3041	39	570	17252	91	179	51	39	567	17258	493	0	0
3042	39	567	17258	568	298	355	39	564	17264	493	0	0
3043	39	564	17264	573	461	159	39	561	17270	493	0	0
3044	39	561	17270	349	568	276	39	558	17276	493	0	0
3045	39	558	17276	447	378	71	39	555	17282	493	0	0
3046	39	555	17282	9	210	135	39	553	17286	494	0	0
3047	39	553	17286	124	111	122	39	550	17292	494	0	0
3048	39	550	17292	82	29	90	39	548	17296	495	0	0
3049	39	548	17296	547	240	169	39	545	17302	495	0	0
3050	39	545	17302	232	275	231	39	542	17308	495	0	0
3051	39	542	17308	124	580	149	39	539	17314	495	0	0
3052	39	539	17314	477	168	152	39	536	17320	495	0	0
3053	39	536	17320	167	244	222	39	533	17326	495	0	0
3054	39	533	17326	325	304	229	39	530	17332	495	0	0
3055	39	530	17332	263	545	180	39	527	17338	495	0	0
3056	39	527	17338	348	365	142	39	524	17344	495	0	0
3057	39	524	17344	84	312	206	39	521	17350	495	0	0
3058	39	521	17350	520	496	105	39	518	17356	495	0	0
3059	39	518	17356	26	277	368	39	516	17360	496	0	0
3060	39	516	17360	352	321	413	39	513	17366	496	0	0
3061	39	513	17366	423	431	241	39	510	17372	496	0	0
3062	39	510	17372	261	244	303	39	507	17378	496	0	0
3063	39	507	17378	455	352	44	39	504	17384	496	0	0
3064	39	504	17384	113	196	416	39	501	17390	496	0	0
3065	39	501	17390	75	205	371	39	498	17396	496	0	0
3066	39	498	17396	71	138	61	39	495	17402	496	0	0
3067	39	495	17402	60	204	45	39	492	17408	496	0	0
3068	39	492	17408	479	389	417	39	489	17414	496	0	0
3069	39	489	17414	393	24	446	39	487	17418	497	0	0
3070	39	487	17418	366	425	341	39	484	17424	497	0	0
3071	39	484	17424	88	388	335	39	481	17430	497	0	0
3072	39	481	17430	280	216	25	39	479	17434	498	0	0
3073	39	479	17434	212	480	39	39	476	17440	498	0	0
3074	39	476	17440	487	432	102	39	473	17446	498	0	0
3075	39	473	17446	76	59	283	39	470	17452	498	0	0
3076	39	470	17452	63	79	226	39	467	17458	498	0	0
3077	39	467	17458	110	149	86	39	464	17464	498	0	0
3078	39	464	17464	296	268	495	39	461	17470	498	0	0
3079	39	461	17470	383	218	420	39	458	17476	498	0	0
3080	39	458	17476	104	458	129	39	455	17482	498	0	0
3081	39	455	17482	381	27	233	39	453	17486	499	0	0
3082	39	453	17486	24	328	21	40	1108	17488	501	656	0
3083	40	1108	17488	327	240	525	40	1105	17494	501	0	0
3084	40	1105	17494	453	808	354	40	1102	17500	501	0	0
3085	40	1102	17500	1129	891	839	40	1099	17506	501	0	0
3086	40	1099	17506	333	213	516	40	1096	17512	501	0	0
3087	40	1096	17512	842	324	822	40	1093	17518	501	0	0
3088	40	1093	17518	885	986	563	40	1090	17524	501	0	0
3089	40	1090	17524	76	1109	698	40	1087	17530	501	0	0
3090	40	1087	17530	985	479	840	40	1084	17536	501	0	0
3091	40	1084	17536	51	337	286	40	1081	17542	501	0	0
3092	40	1081	17542	84	0	853	40	1079	17546	502	0	0
3093	40	1079	17546	1020	871	181	40	1076	17552	502	0	0
3094	40	1076	17552	1047	425	145	40	1073	17558	502	0	0
3095	40	1073	17558	372	708	680	40	1070	17564	502	0	0
3096	40	1070	17564	577	244	336	40	1067	17570	502	0	0
3097	40	1067	17570	609	246	146	40	1064	17576	502	0	0
3098	40	1064	17576	594	858	42	40	1061	17582	502	0	0
3099	40	1061	17582	835	607	43	40	1058	17588	502	0	0
3100	40	1058	17588	855	407	674	40	1055	17594	502	0	0
3101	40	1055	17594	630	103	283	40	1052	17600	502	0	0
3102	40	1052	17600	666	1043	327	40	1049	17606	502	0	0
3103	40	1049	17606	16	835	408	40	1047	17610	503	0	0
3104	40	1047	17610	1027	485	513	40	1044	17616	503	0	0
3105	40	1044	17616	970	887	844	40	1041	17622	503	0	0
3106	40	1041	17622	142	935	544	40	1038	17628	503	0	0
3107	40	1038	17628	745	829	603	40	1035	17634	503	0	0
3108	40	1035	17634	118	921	980	40	1032	17640	503	0	0
3109	40	1032	17640	487	491	814	40	1029	17646	503	0	0
3110	40	1029	17646	480	518	782	40	1026	17652	503	0	0
3111	40	1026	17652	870	53	1056	40	1023	17658	503	0	0
3112	40	1023	17658	812	279	41	40	1020	17664	503	0	0
3113	40	1020	17664	26	184	605	40	1018	17668	504	0	0
3114	40	1018	17668	580	278	879	40	1015	17674	504	0	0
3115	40	1015	17674	908	362	804	40	1012	17680	504	0	0
3116	40	1012	17680	793	218	897	40	1009	17686	504	0	0
3117	40	1009	17686	220	517	957	40	1006	17692	504	0	0
3118	40	1006	17692	949	618	246	40	1003	17698	504	0	0
3119	40	1003	17698	927	888	424	40	1000	17704	504	0	0
3120	40	1000	17704	839	405	157	40	997	17710	504	0	0
3121	40	997	17710	1031	376	1018	40	994	17716	504	0	0
3122	40	994	17716	849	210	339	40	991	17722	504	0	0
3123	40	991	17722	76	985	192	40	988	17728	504	0	0
3124	40	988	17728	317	225	469	40	985	17734	504	0	0
3125	40	985	17734	470	1006	974	40	982	17740	504	0	0
3126	40	982	17740	876	150	857	40	979	17746	504	0	0
3127	40	979	17746	701	581	290	40	976	17752	504	0	0
3128	40	976	17752	190	899	541	40	973	17758	504	0	0
3129	40	973	17758	648	178	297	40	970	17764	504	0	0
3130	40	970	17764	421	858	375	40	967	17770	504	0	0
3131	40	967	17770	719	27	14	41	1250	17772	506	284	0
3132	41	1250	17772	661	1149	726	41	1247	17778	506	0	0
3133	41	1247	17778	1236	1157	563	41	1244	17784	506	0	0
3134	41	1244	17784	908	1061	795	41	1241	17790	506	0	0
3135	41	1241	17790	347	911	682	41	1238	17796	506	0	0
3136	41	1238	17796	171	415	400	41	1235	17802	506	0	0
3137	41	1235	17802	599	594	667	41	1232	17808	506	0	0
3138	41	1232	17808	1174	131	236	41	1229	17814	506	0	0
3139	41	1229	17814	1232	996	704	41	1226	17820	506	0	0
3140	41	1226	17820	1013	1187	818	41	1223	17826	506	0	0
3141	41	1223	17826	754	743	1061	41	1220	17832	506	0	0
3142	41	1220	17832	367	160	535	41	1217	17838	506	0	0
3143	41	1217	17838	917	951	323	41	1214	17844	506	0	0
3144	41	1214	17844	793	625	889	41	1211	17850	506	0	0
3145	41	1211	17850	853	265	35	41	1209	17854	507	0	0
3146	41	1209	17854	1	314	172	41	1207	17858	508	0	0
3147	41	1207	17858	702	1160	77	41	1204	17864	508	0	0
3148	41	1204	17864	491	1046	464	41	1201	17870	508	0	0
3149	41	1201	17870	230	1135	880	41	1198	17876	508	0	0
3150	41	1198	17876	170	868	16	41	1196	17880	509	0	0
3151	41	1196	17880	189	94	801	41	1193	17886	509	0	0
3152	41	1193	17886	191	391	1043	41	1190	17892	509	0	0
3153	41	1190	17892	615	1116	629	41	1187	17898	509	0	0
3154	41	1187	17898	737	647	986	41	1184	17904	509	0	0
3155	41	1184	17904	838	594	758	41	1181	17910	509	0	0
3156	41	1181	17910	638	424	585	41	1178	17916	509	0	0
3157	41	1178	17916	239	556	233	41	1175	17922	509	0	0
3158	41	1175	17922	45	906	976	41	1172	17928	509	0	0
3159	41	1172	17928	675	581	42	41	1169	17934	509	0	0
3160	41	1169	17934	470	699	624	41	1166	17940	509	0	0
3161	41	1166	17940	785	489	1060	41	1163	17946	509	0	0
3162	41	1163	17946	399	691	396	41	1160	17952	509	0	0
3163	41	1160	17952	22	1092	785	41	1158	17956	510	0	0
3164	41	1158	17956	1109	645	286	41	1155	17962	510	0	0
3165	41	1155	17962	746	389	72	41	1152	17968	510	0	0
3166	41	1152	17968	298	777	227	41	1149	17974	510	0	0
3167	41	1149	17974	614	356	749	41	1146	17980	510	0	0
3168	41	1146	17980	362	186	950	41	1143	17986	510	0	0
3169	41	1143	17986	674	625	957	41	1140	17992	510	0	0
3170	41	1140	17992	12	1031	462	41	1138	17996	511	0	0
3171	41	1138	17996	637	785	744	41	1135	18002	511	0	0
3172	41	1135	18002	300	753	1140	41	1132	18008	511	0	0
3173	41	1132	18008	597	224	786	41	1129	18014	511	0	0
3174	41	1129	18014	1109	843	550	41	1126	18020	511	0	0
3175	41	1126	18020	574	573	609	41	1123	18026	511	0	0
3176	41	1123	18026	360	1130	724	41	1120	18032	511	0	0
3177	41	1120	18032	513	108	1103	41	1117	18038	511	0	0
3178	41	1117	18038	237	1135	912	41	1114	18044	511	0	0
3179	41	1114	18044	877	33	823	41	1112	18048	512	0	0
3180	41	1112	18048	997	269	951	41	1109	18054	512	0	0
3181	41	1109	18054	824	793	74	41	1106	18060	512	0	0
3182	41	1106	18060	617	421	21	41	1104	18064	513	0	0
3183	41	1104	18064	102	1021	93	41	1101	18070	513	0	0
3184	41	1101	18070	1003	1138	326	41	1098	18076	513	0	0
3185	41	1098	18076	624	898	647	41	1095	18082	513	0	0
3186	41	1095	18082	1093	849	337	41	1092	18088	513	0	0
3187	41	1092	18088	130	348	980	41	1089	18094	513	0	0
3188	41	1089	18094	930	117	1067	41	1086	18100	513	0	0
3189	41	1086	18100	120	355	859	41	1083	18106	513	0	0
3190	41	1083	18106	1004	953	541	41	1080	18112	513	0	0
3191	41	1080	18112	4	130	156	41	1078	18116	514	0	0
3192	41	1078	18116	457	378	1048	41	1075	18122	514	0	0
3193	41	1075	18122	742	298	696	41	1072	18128	514	0	0
3194	41	1072	18128	51	838	36	41	1070	18132	515	0	0
3195	41	1070	18132	216	869	149	41	1067	18138	515	0	0
3196	41	1067	18138	568	720	865	41	1064	18144	515	0	0
3197	41	1064	18144	623	728	36	41	1062	18148	516	0	0
3198	41	1062	18148	1032	397	172	41	1059	18154	516	0	0
3199	41	1059	18154	388	640	615	41	1056	18160	516	0	0
3200	41	1056	18160	292	115	64	41	1053	18166	516	0	0
3201	41	1053	18166	170	940	792	41	1050	18172	516	0	0
3202	41	1050	18172	41	790	600	41	1047	18178	516	0	0
3203	41	1047	18178	806	737	642	41	1044	18184	516	0	0
3204	41	1044	18184	487	438	94	41	1041	18190	516	0	0
3205	41	1041	18190	434	829	73	41	1038	18196	516	0	0
3206	41	1038	18196	565	614	892	41	1035	18202	516	0	0
3207	41	1035	18202	125	140	522	41	1032	18208	516	0	0
3208	41	1032	18208	445	123	1005	41	1029	18214	516	0	0
3209	41	1029	18214	849	899	430	41	1026	18220	516	0	0
3210	41	1026	18220	525	475	161	41	1023	18226	516	0	0
3211	41	1023	18226	138	61	69	41	1020	18232	516	0	0
3212	41	1020	18232	995	392	242	41	1017	18238	516	0	0
3213	41	1017	18238	468	645	736	41	1014	18244	516	0	0
3214	41	1014	18244	752	883	715	41	1011	18250	516	0	0
3215	41	1011	18250	877	1002	1050	41	1008	18256	516	0	0
3216	41	1008	18256	482	884	187	41	1005	18262	516	0	0
3217	41	1005	18262	972	409	59	41	1002	18268	516	0	0
3218	41	1002	18268	608	375	247	41	999	18274	516	0	0
3219	41	999	18274	595	539	276	41	996	18280	516	0	0
3220	41	996	18280	961	182	614	41	993	18286	516	0	0
3221	41	993	18286	61	672	932	41	990	18292	516	0	0
3222	41	990	18292	473	265	148	41	987	18298	516	0	0
3223	41	987	18298	329	727	215	41	984	18304	516	0	0
3224	41	984	18304	51	822	26	41	982	18308	517	0	0
3225	41	982	18308	487	703	795	41	979	18314	517	0	0
3226	41	979	18314	832	386	235	41	976	18320	517	0	0
3227	41	976	18320	259	875	341	41	973	18326	517	0	0
3228	41	973	18326	735	109	443	41	970	18332	517	0	0
3229	41	970	18332	417	151	392	41	967	18338	517	0	0
3230	41	967	18338	108	50	563	41	964	18344	517	0	0
3231	41	964	18344	742	972	359	41	961	18350	517	0	0
3232	41	961	18350	782	159	441	41	958	18356	517	0	0
3233	41	958	18356	327	2	462	41	956	18360	518	0	0
3234	41	956	18360	205	234	129	41	953	18366	518	0	0
3235	41	953	18366	284	314	758	41	950	18372	518	0	0
3236	41	950	18372	31	405	530	41	948	18376	519	0	0
3237	41	948	18376	433	840	954	41	945	18382	519	0	0
3238	41	945	18382	759	898	212	41	942	18388	519	0	0
3239	41	942	18388	64	292	665	41	939	18394	519	0	0
3240	41	939	18394	805	286	35	41	937	18398	520	0	0
3241	41	937	18398	823	99	904	41	934	18404	520	0	0
3242	41	934	18404	640	74	373	41	931	18410	520	0	0
3243	41	931	18410	378	236	118	41	928	18416	520	0	0
3244	41	928	18416	172	226	422	41	925	18422	520	0	0
3245	41	925	18422	494	822	385	41	922	18428	520	0	0
3246	41	922	18428	777	799	297	41	919	18434	520	0	0
3247	41	919	18434	859	509	15	41	917	18438	521	0	0
3248	41	917	18438	197	750	558	41	914	18444	521	0	0
3249	41	914	18444	820	459	5	41	912	18448	522	0	0
3250	41	912	18448	390	668	582	41	909	18454	522	0	0
3251	41	909	18454	765	460	844	41	906	18460	522	0	0
3252	41	906	18460	276	499	477	41	903	18466	522	0	0
3253	41	903	18466	422	246	710	41	900	18472	522	0	0
3254	41	900	18472	426	644	536	41	897	18478	522	0	0
3255	41	897	18478	348	852	834	41	894	18484	522	0	0
3256	41	894	18484	195	847	179	41	891	18490	522	0	0
3257	41	891	18490	428	570	895	41	888	18496	522	0	0
3258	41	888	18496	28	543	531	41	886	18500	523	0	0
3259	41	886	18500	135	142	728	41	883	18506	523	0	0
3260	41	883	18506	184	911	176	41	880	18512	523	0	0
3261	41	880	18512	742	504	879	41	877	18518	523	0	0
3262	41	877	18518	95	258	149	41	874	18524	523	0	0
3263	41	874	18524	753	547	19	41	872	18528	524	0	0
3264	41	872	18528	304	671	767	41	869	18534	524	0	0
3265	41	869	18534	721	505	831	41	866	18540	524	0	0
3266	41	866	18540	867	889	461	41	863	18546	524	0	0
3267	41	863	18546	465	8	98	41	861	18550	525	0	0
3268	41	861	18550	715	866	423	41	858	18556	525	0	0
3269	41	858	18556	29	523	828	41	856	18560	526	0	0
3270	41	856	18560	802	609	724	41	853	18566	526	0	0
3271	41	853	18566	128	149	172	41	850	18572	526	0	0
3272	41	850	18572	448	271	311	41	847	18578	526	0	0
3273	41	847	18578	167	391	107	41	844	18584	526	0	0
3274	41	844	18584	376	703	10	41	842	18588	527	0	0
3275	41	842	18588	339	467	110	41	839	18594	527	0	0
3276	41	839	18594	859	643	152	41	836	18600	527	0	0
3277	41	836	18600	546	148	53	41	833	18606	527	0	0
3278	41	833	18606	737	764	74	41	830	18612	527	0	0
3279	41	830	18612	666	349	27	41	828	18616	528	0	0
3280	41	828	18616	690	260	63	41	825	18622	528	0	0
3281	41	825	18622	335	315	361	41	822	18628	528	0	0
3282	41	822	18628	12	464	389	41	820	18632	529	0	0
3283	41	820	18632	449	271	261	41	817	18638	529	0	0
3284	41	817	18638	300	431	809	41	814	18644	529	0	0
3285	41	814	18644	841	633	31	41	812	18648	530	0	0
3286	41	812	18648	78	406	667	41	809	18654	530	0	0
3287	41	809	18654	802	222	772	41	806	18660	530	0	0
3288	41	806	18660	372	405	253	41	803	18666	530	0	0
3289	41	803	18666	731	190	426	41	800	18672	530	0	0
3290	41	800	18672	832	600	348	41	797	18678	530	0	0
3291	41	797	18678	100	449	414	41	794	18684	530	0	0
3292	41	794	18684	736	718	143	41	791	18690	530	0	0
3293	41	791	18690	202	173	127	41	788	18696	530	0	0
3294	41	788	18696	86	574	767	41	785	18702	530	0	0
3295	41	785	18702	137	756	248	41	782	18708	530	0	0
3296	41	782	18708	229	565	418	41	779	18714	530	0	0
3297	41	779	18714	453	536	700	41	776	18720	530	0	0
3298	41	776	18720	551	200	678	41	773	18726	530	0	0
3299	41	773	18726	368	301	315	41	770	18732	530	0	0
3300	41	770	18732	381	154	199	41	767	18738	530	0	0
3301	41	767	18738	659	479	456	41	764	18744	530	0	0
3302	41	764	18744	166	321	252	41	761	18750	530	0	0
3303	41	761	18750	8	698	751	41	759	18754	531	0	0
3304	41	759	18754	359	388	150	41	756	18760	531	0	0
3305	41	756	18760	471	722	532	41	753	18766	531	0	0
3306	41	753	18766	182	383	204	41	750	18772	531	0	0
3307	41	750	18772	411	139	198	41	747	18778	531	0	0
3308	41	747	18778	233	741	170	41	744	18784	531	0	0
3309	41	744	18784	566	179	546	41	741	18790	531	0	0
3310	41	741	18790	149	65	313	41	738	18796	531	0	0
3311	41	738	18796	534	209	78	41	735	18802	531	0	0
3312	41	735	18802	647	704	604	41	732	18808	531	0	0
3313	41	732	18808	369	169	492	41	729	18814	531	0	0
3314	41	729	18814	595	700	522	41	726	18820	531	0	0
3315	41	726	18820	222	529	703	41	723	18826	531	0	0
3316	41	723	18826	753	207	744	41	720	18832	531	0	0
3317	41	720	18832	205	52	454	41	717	18838	531	0	0
3318	41	717	18838	562	197	485	41	714	18844	531	0	0
3319	41	714	18844	274	653	557	41	711	18850	531	0	0
3320	41	711	18850	302	741	502	41	708	18856	531	0	0
3321	41	708	18856	659	88	401	41	705	18862	531	0	0
3322	41	705	18862	416	588	673	41	702	18868	531	0	0
3323	41	702	18868	124	131	170	41	699	18874	531	0	0
3324	41	699	18874	186	19	387	41	697	18878	532	0	0
3325	41	697	18878	545	600	547	41	694	18884	532	0	0
3326	41	694	18884	52	594	454	41	691	18890	532	0	0
3327	41	691	18890	452	574	388	41	688	18896	532	0	0
3328	41	688	18896	186	152	518	41	685	18902	532	0	0
3329	41	685	18902	399	157	280	41	682	18908	532	0	0
3330	41	682	18908	534	714	251	41	679	18914	532	0	0
3331	41	679	18914	369	509	224	41	676	18920	532	0	0
3332	41	676	18920	51	202	358	41	673	18926	532	0	0
3333	41	673	18926	165	501	263	41	670	18932	532	0	0
3334	41	670	18932	224	251	355	41	667	18938	532	0	0
3335	41	667	18938	206	123	548	41	664	18944	532	0	0
3336	41	664	18944	389	628	131	41	661	18950	532	0	0
3337	41	661	18950	464	672	466	41	658	18956	532	0	0
3338	41	658	18956	283	106	61	41	655	18962	532	0	0
3339	41	655	18962	411	168	501	41	652	18968	532	0	0
3340	41	652	18968	22	136	380	41	650	18972	533	0	0
3341	41	650	18972	506	608	492	41	647	18978	533	0	0
3342	41	647	18978	468	341	571	41	644	18984	533	0	0
3343	41	644	18984	609	453	349	41	641	18990	533	0	0
3344	41	641	18990	558	489	211	41	638	18996	533	0	0
3345	41	638	18996	310	248	108	41	635	19002	533	0	0
3346	41	635	19002	356	52	299	41	632	19008	533	0	0
3347	41	632	19008	567	349	173	41	629	19014	533	0	0
3348	41	629	19014	89	345	543	41	626	19020	533	0	0
3349	41	626	19020	578	558	573	41	623	19026	533	0	0
3350	41	623	19026	78	320	481	41	620	19032	533	0	0
3351	41	620	19032	645	442	243	41	617	19038	533	0	0
3352	41	617	19038	566	573	252	41	614	19044	533	0	0
3353	41	614	19044	122	332	507	41	611	19050	533	0	0
3354	41	611	19050	112	44	70	41	608	19056	533	0	0
3355	41	608	19056	571	255	508	41	605	19062	533	0	0
3356	41	605	19062	103	562	502	41	602	19068	533	0	0
3357	41	602	19068	270	442	301	41	599	19074	533	0	0
3358	41	599	19074	284	451	305	41	596	19080	533	0	0
3359	41	596	19080	555	610	211	41	593	19086	533	0	0
3360	41	593	19086	484	18	374	41	591	19090	534	0	0
3361	41	591	19090	148	222	443	41	588	19096	534	0	0
3362	41	588	19096	358	284	414	41	585	19102	534	0	0
3363	41	585	19102	404	420	298	41	582	19108	534	0	0
3364	41	582	19108	577	288	231	41	579	19114	534	0	0
3365	41	579	19114	513	479	423	41	576	19120	534	0	0
3366	41	576	19120	428	153	241	41	573	19126	534	0	0
3367	41	573	19126	319	2	253	41	571	19130	535	0	0
3368	41	571	19130	538	572	422	41	568	19136	535	0	0
3369	41	568	19136	359	477	329	41	565	19142	535	0	0
3370	41	565	19142	405	2	470	41	563	19146	536	0	0
3371	41	563	19146	58	217	155	41	560	19152	536	0	0
3372	41	560	19152	324	493	316	41	557	19158	536	0	0
3373	41	557	19158	149	508	288	41	554	19164	536	0	0
3374	41	554	19164	264	385	167	41	551	19170	536	0	0
3375	41	551	19170	72	135	38	41	549	19174	537	0	0
3376	41	549	19174	134	394	422	41	546	19180	537	0	0
3377	41	546	19180	91	311	205	41	543	19186	537	0	0
3378	41	543	19186	512	163	306	41	540	19192	537	0	0
3379	41	540	19192	572	235	175	41	537	19198	537	0	0
3380	41	537	19198	426	271	527	41	534	19204	537	0	0
3381	41	534	19204	111	172	507	41	531	19210	537	0	0
3382	41	531	19210	173	149	228	41	528	19216	537	0	0
3383	41	528	19216	449	476	308	41	525	19222	537	0	0
3384	41	525	19222	454	321	184	41	522	19228	537	0	0
3385	41	522	19228	398	232	554	41	519	19234	537	0	0
3386	41	519	19234	420	295	242	41	516	19240	537	0	0
3387	41	516	19240	207	301	306	41	513	19246	537	0	0
3388	41	513	19246	35	382	160	41	511	19250	538	0	0
3389	41	511	19250	32	163	99	41	509	19254	539	0	0
3390	41	509	19254	83	397	242	41	506	19260	539	0	0
3391	41	506	19260	428	272	358	41	503	19266	539	0	0
3392	41	503	19266	361	506	398	41	500	19272	539	0	0
3393	41	500	19272	425	273	179	41	497	19278	539	0	0
3394	41	497	19278	338	321	484	41	494	19284	539	0	0
3395	41	494	19284	455	139	345	41	491	19290	539	0	0
3396	41	491	19290	353	422	404	41	488	19296	539	0	0
3397	41	488	19296	257	401	114	41	485	19302	539	0	0
3398	41	485	19302	232	0	17	41	484	19304	541	0	0
3399	41	484	19304	275	491	206	41	481	19310	541	0	0
3400	41	481	19310	436	471	93	41	478	19316	541	0	0
3401	41	478	19316	367	17	83	41	476	19320	542	0	0
3402	41	476	19320	11	20	121	42	611	19322	544	136	0
3403	42	611	19322	550	226	392	42	608	19328	544	0	0
3404	42	608	19328	195	597	626	42	605	19334	544	0	0
3405	42	605	19334	18	267	358	42	603	19338	545	0	0
3406	42	603	19338	330	222	594	42	600	19344	545	0	0
3407	42	600	19344	502	624	70	42	597	19350	545	0	0
3408	42	597	19350	622	233	403	42	594	19356	545	0	0
3409	42	594	19356	501	570	212	42	591	19362	545	0	0
3410	42	591	19362	0	3	490	42	590	19364	547	0	0
3411	42	590	19364	296	408	459	42	587	19370	547	0	0
3412	42	587	19370	127	455	283	42	584	19376	547	0	0
3413	42	584	19376	560	391	206	42	581	19382	547	0	0
3414	42	581	19382	529	329	239	42	578	19388	547	0	0
3415	42	578	19388	235	498	145	42	575	19394	547	0	0
3416	42	575	19394	248	527	482	42	572	19400	547	0	0
3417	42	572	19400	28	254	422	42	570	19404	548	0	0
3418	42	570	19404	385	118	233	42	567	19410	548	0	0
3419	42	567	19410	50	209	94	42	564	19416	548	0	0
3420	42	564	19416	400	266	163	42	561	19422	548	0	0
3421	42	561	19422	40	134	445	42	559	19426	549	0	0
3422	42	559	19426	188	96	355	42	556	19432	549	0	0
3423	42	556	19432	206	5	443	42	554	19436	550	0	0
3424	42	554	19436	12	340	549	42	552	19440	551	0	0
3425	42	552	19440	559	329	301	42	549	19446	551	0	0
3426	42	549	19446	50	51	451	42	546	19452	551	0	0
3427	42	546	19452	28	330	195	42	544	19456	552	0	0
3428	42	544	19456	186	385	509	42	541	19462	552	0	0
3429	42	541	19462	67	472	311	42	538	19468	552	0	0
3430	42	538	19468	85	83	295	42	535	19474	552	0	0
3431	42	535	19474	197	114	71	42	532	19480	552	0	0
3432	42	532	19480	124	153	133	42	529	19486	552	0	0
3433	42	529	19486	442	345	85	42	526	19492	552	0	0
3434	42	526	19492	92	177	80	42	523	19498	552	0	0
3435	42	523	19498	470	306	81	42	520	19504	552	0	0
3436	42	520	19504	218	92	137	42	517	19510	552	0	0
3437	42	517	19510	392	308	448	42	514	19516	552	0	0
3438	42	514	19516	335	267	297	42	511	19522	552	0	0
3439	42	511	19522	328	533	78	42	508	19528	552	0	0
3440	42	508	19528	387	282	541	42	505	19534	552	0	0
3441	42	505	19534	239	102	308	42	502	19540	552	0	0
3442	42	502	19540	11	382	6	43	625	19542	554	124	0
3443	43	625	19542	38	222	396	43	623	19546	555	0	0
3444	43	623	19546	47	343	360	43	620	19552	555	0	0
3445	43	620	19552	604	79	233	43	617	19558	555	0	0
3446	43	617	19558	129	271	657	43	614	19564	555	0	0
3447	43	614	19564	20	12	648	44	741	19566	557	128	0
3448	44	741	19566	529	68	206	44	738	19572	557	0	0
3449	44	738	19572	270	763	21	44	736	19576	558	0	0
3450	44	736	19576	703	13	335	44	734	19580	559	0	0
3451	44	734	19580	134	62	648	44	731	19586	559	0	0
3452	44	731	19586	6	3	344	45	798	19588	561	68	0
3453	45	798	19588	548	815	458	45	795	19594	561	0	0
3454	45	795	19594	255	484	585	45	792	19600	561	0	0
3455	45	792	19600	762	106	216	45	789	19606	561	0	0
3456	45	789	19606	566	164	391	45	786	19612	561	0	0
3457	45	786	19612	685	300	508	45	783	19618	561	0	0
3458	45	783	19618	122	583	98	45	780	19624	561	0	0
3459	45	780	19624	601	86	648	45	777	19630	561	0	0
3460	45	777	19630	383	596	378	45	774	19636	561	0	0
3461	45	774	19636	309	365	739	45	771	19642	561	0	0
3462	45	771	19642	230	638	544	45	768	19648	561	0	0
3463	45	768	19648	735	147	447	45	765	19654	561	0	0
3464	45	765	19654	688	549	655	45	762	19660	561	0	0
3465	45	762	19660	781	156	361	45	759	19666	561	0	0
3466	45	759	19666	652	412	364	45	756	19672	561	0	0
3467	45	756	19672	89	571	476	45	753	19678	561	0	0
3468	45	753	19678	126	302	334	45	750	19684	561	0	0
3469	45	750	19684	723	213	496	45	747	19690	561	0	0
3470	45	747	19690	527	241	708	45	744	19696	561	0	0
3471	45	744	19696	424	420	55	45	741	19702	561	0	0
3472	45	741	19702	557	619	441	45	738	19708	561	0	0
3473	45	738	19708	218	695	81	45	735	19714	561	0	0
3474	45	735	19714	434	585	54	45	732	19720	561	0	0
3475	45	732	19720	484	763	326	45	729	19726	561	0	0
3476	45	729	19726	480	474	226	45	726	19732	561	0	0
3477	45	726	19732	236	136	487	45	723	19738	561	0	0
3478	45	723	19738	328	373	375	45	720	19744	561	0	0
3479	45	720	19744	337	717	56	45	717	19750	561	0	0
3480	45	717	19750	337	606	402	45	714	19756	561	0	0
3481	45	714	19756	257	720	562	45	711	19762	561	0	0
3482	45	711	19762	96	77	547	45	708	19768	561	0	0
3483	45	708	19768	36	77	590	45	706	19772	562	0	0
3484	45	706	19772	615	491	487	45	703	19778	562	0	0
3485	45	703	19778	377	67	292	45	700	19784	562	0	0
3486	45	700	19784	65	77	318	45	697	19790	562	0	0
3487	45	697	19790	465	150	450	45	694	19796	562	0	0
3488	45	694	19796	238	361	528	45	691	19802	562	0	0
3489	45	691	19802	416	554	650	45	688	19808	562	0	0
3490	45	688	19808	104	244	40	45	686	19812	563	0	0
3491	45	686	19812	156	390	428	45	683	19818	563	0	0
3492	45	683	19818	172	542	167	45	680	19824	563	0	0
3493	45	680	19824	303	304	698	45	677	19830	563	0	0
3494	45	677	19830	276	510	10	45	675	19834	564	0	0
3495	45	675	19834	697	375	427	45	672	19840	564	0	0
3496	45	672	19840	592	572	714	45	669	19846	564	0	0
3497	45	669	19846	505	145	533	45	666	19852	564	0	0
3498	45	666	19852	19	550	20	46	845	19854	566	180	0
3499	46	845	19854	190	570	350	46	842	19860	566	0	0
3500	46	842	19860	392	630	33	46	840	19864	567	0	0
3501	46	840	19864	135	157	804	46	837	19870	567	0	0
3502	46	837	19870	192	102	788	46	834	19876	567	0	0
3503	46	834	19876	804	23	105	46	832	19880	568	0	0
3504	46	832	19880	16	851	873	46	830	19884	569	0	0
3505	46	830	19884	753	571	822	46	827	19890	569	0	0
3506	46	827	19890	137	435	76	46	824	19896	569	0	0
3507	46	824	19896	385	751	686	46	821	19902	569	0	0
3508	46	821	19902	203	501	574	46	818	19908	569	0	0
3509	46	818	19908	163	403	148	46	815	19914	569	0	0
3510	46	815	19914	844	730	735	46	812	19920	569	0	0
3511	46	812	19920	403	32	301	46	810	19924	570	0	0
3512	46	810	19924	509	257	812	46	807	19930	570	0	0
3513	46	807	19930	506	342	671	46	804	19936	570	0	0
3514	46	804	19936	143	543	747	46	801	19942	570	0	0
3515	46	801	19942	491	818	244	46	798	19948	570	0	0
3516	46	798	19948	252	463	821	46	795	19954	570	0	0
3517	46	795	19954	285	309	516	46	792	19960	570	0	0
3518	46	792	19960	659	67	22	46	790	19964	571	0	0
3519	46	790	19964	773	298	319	46	787	19970	571	0	0
3520	46	787	19970	6	624	696	46	785	19974	572	0	0
3521	46	785	19974	32	116	576	46	783	19978	573	0	0
3522	46	783	19978	81	243	669	46	780	19984	573	0	0
3523	46	780	19984	671	715	175	46	777	19990	573	0	0
3524	46	777	19990	521	572	745	46	774	19996	573	0	0
3525	46	774	19996	219	96	104	46	771	20002	573	0	0
3526	46	771	20002	431	126	66	46	768	20008	573	0	0
3527	46	768	20008	123	562	319	46	765	20014	573	0	0
3528	46	765	20014	321	371	427	46	762	20020	573	0	0
3529	46	762	20020	611	587	412	46	759	20026	573	0	0
3530	46	759	20026	783	25	220	46	757	20030	574	0	0
3531	46	757	20030	507	625	112	46	754	20036	574	0	0
3532	46	754	20036	784	714	799	46	751	20042	574	0	0
3533	46	751	20042	470	459	195	46	748	20048	574	0	0
3534	46	748	20048	660	383	119	46	745	20054	574	0	0
3535	46	745	20054	485	398	363	46	742	20060	574	0	0
3536	46	742	20060	30	331	235	46	740	20064	575	0	0
3537	46	740	20064	36	697	90	46	738	20068	576	0	0
3538	46	738	20068	128	136	124	46	735	20074	576	0	0
3539	46	735	20074	196	3	72	46	733	20078	577	0	0
3540	46	733	20078	337	623	570	46	730	20084	577	0	0
3541	46	730	20084	642	295	527	46	727	20090	577	0	0
3542	46	727	20090	465	342	398	46	724	20096	577	0	0
3543	46	724	20096	422	594	213	46	721	20102	577	0	0
3544	46	721	20102	173	245	595	46	718	20108	577	0	0
3545	46	718	20108	235	72	589	46	715	20114	577	0	0
3546	46	715	20114	513	370	130	46	712	20120	577	0	0
3547	46	712	20120	100	740	74	46	709	20126	577	0	0
3548	46	709	20126	263	449	725	46	706	20132	577	0	0
3549	46	706	20132	304	8	211	46	704	20136	578	0	0
3550	46	704	20136	518	254	321	46	701	20142	578	0	0
3551	46	701	20142	642	140	315	46	698	20148	578	0	0
3552	46	698	20148	623	486	494	46	695	20154	578	0	0
3553	46	695	20154	738	398	659	46	692	20160	578	0	0
3554	46	692	20160	721	513	659	46	689	20166	578	0	0
3555	46	689	20166	321	461	309	46	686	20172	578	0	0
3556	46	686	20172	390	360	188	46	683	20178	578	0	0
3557	46	683	20178	502	102	227	46	680	20184	578	0	0
3558	46	680	20184	190	598	568	46	677	20190	578	0	0
3559	46	677	20190	382	430	719	46	674	20196	578	0	0
3560	46	674	20196	94	329	685	46	671	20202	578	0	0
3561	46	671	20202	356	330	408	46	668	20208	578	0	0
3562	46	668	20208	65	70	450	46	665	20214	578	0	0
3563	46	665	20214	651	343	459	46	662	20220	578	0	0
3564	46	662	20220	168	570	401	46	659	20226	578	0	0
3565	46	659	20226	623	302	389	46	656	20232	578	0	0
3566	46	656	20232	264	630	629	46	653	20238	578	0	0
3567	46	653	20238	437	366	538	46	650	20244	578	0	0
3568	46	650	20244	685	438	355	46	647	20250	578	0	0
3569	46	647	20250	442	583	431	46	644	20256	578	0	0
3570	46	644	20256	137	183	505	46	641	20262	578	0	0
3571	46	641	20262	349	375	296	46	638	20268	578	0	0
3572	46	638	20268	518	489	23	46	636	20272	579	0	0
3573	46	636	20272	569	178	273	46	633	20278	579	0	0
3574	46	633	20278	554	595	106	46	630	20284	579	0	0
3575	46	630	20284	243	138	435	46	627	20290	579	0	0
3576	46	627	20290	391	479	100	46	624	20296	579	0	0
3577	46	624	20296	15	107	463	46	622	20300	580	0	0
3578	46	622	20300	47	482	323	46	619	20306	580	0	0
3579	46	619	20306	522	147	79	46	616	20312	580	0	0
3580	46	616	20312	11	430	21	47	823	20314	582	208	0
3581	47	823	20314	10	210	486	47	821	20318	583	0	0
3582	47	821	20318	410	834	543	47	818	20324	583	0	0
3583	47	818	20324	115	775	599	47	815	20330	583	0	0
3584	47	815	20330	481	417	187	47	812	20336	583	0	0
3585	47	812	20336	246	22	342	47	810	20340	584	0	0
3586	47	810	20340	7	175	134	47	808	20344	585	0	0
3587	47	808	20344	87	485	554	47	805	20350	585	0	0
3588	47	805	20350	174	139	64	47	802	20356	585	0	0
3589	47	802	20356	697	149	550	47	799	20362	585	0	0
3590	47	799	20362	237	705	214	47	796	20368	585	0	0
3591	47	796	20368	17	647	320	47	794	20372	586	0	0
3592	47	794	20372	501	16	526	47	792	20376	587	0	0
3593	47	792	20376	538	639	732	47	789	20382	587	0	0
3594	47	789	20382	19	771	452	47	787	20386	588	0	0
3595	47	787	20386	373	715	372	47	784	20392	588	0	0
3596	47	784	20392	324	346	318	47	781	20398	588	0	0
3597	47	781	20398	565	765	642	47	778	20404	588	0	0
3598	47	778	20404	565	146	149	47	775	20410	588	0	0
3599	47	775	20410	464	156	639	47	772	20416	588	0	0
3600	47	772	20416	384	425	744	47	769	20422	588	0	0
3601	47	769	20422	450	440	326	47	766	20428	588	0	0
3602	47	766	20428	801	343	376	47	763	20434	588	0	0
3603	47	763	20434	145	58	490	47	760	20440	588	0	0
3604	47	760	20440	206	427	484	47	757	20446	588	0	0
3605	47	757	20446	498	170	371	47	754	20452	588	0	0
3606	47	754	20452	191	219	593	47	751	20458	588	0	0
3607	47	751	20458	775	100	501	47	748	20464	588	0	0
3608	47	748	20464	593	575	646	47	745	20470	588	0	0
3609	47	745	20470	434	135	587	47	742	20476	588	0	0
3610	47	742	20476	157	357	16	47	740	20480	589	0	0
3611	47	740	20480	685	402	766	47	737	20486	589	0	0
3612	47	737	20486	667	99	435	47	734	20492	589	0	0
3613	47	734	20492	473	182	117	47	731	20498	589	0	0
3614	47	731	20498	703	414	554	47	728	20504	589	0	0
3615	47	728	20504	470	133	206	47	725	20510	589	0	0
3616	47	725	20510	529	746	385	47	722	20516	589	0	0
3617	47	722	20516	725	378	103	47	719	20522	589	0	0
3618	47	719	20522	425	305	397	47	716	20528	589	0	0
3619	47	716	20528	342	77	142	47	713	20534	589	0	0
3620	47	713	20534	587	532	478	47	710	20540	589	0	0
3621	47	710	20540	94	25	370	47	708	20544	590	0	0
3622	47	708	20544	532	609	585	47	705	20550	590	0	0
3623	47	705	20550	443	420	521	47	702	20556	590	0	0
3624	47	702	20556	232	204	137	47	699	20562	590	0	0
3625	47	699	20562	309	43	680	47	697	20566	591	0	0
3626	47	697	20566	181	436	268	47	694	20572	591	0	0
3627	47	694	20572	347	391	448	47	691	20578	591	0	0
3628	47	691	20578	590	69	597	47	688	20584	591	0	0
3629	47	688	20584	31	17	132	48	823	20586	593	136	0
3630	48	823	20586	293	111	837	48	820	20592	593	0	0
3631	48	820	20592	189	249	472	48	817	20598	593	0	0
3632	48	817	20598	279	671	487	48	814	20604	593	0	0
3633	48	814	20604	357	181	209	48	811	20610	593	0	0
3634	48	811	20610	260	127	575	48	808	20616	593	0	0
3635	48	808	20616	618	346	13	48	806	20620	594	0	0
3636	48	806	20620	200	64	696	48	803	20626	594	0	0
3637	48	803	20626	624	349	544	48	800	20632	594	0	0
3638	48	800	20632	320	372	176	48	797	20638	594	0	0
3639	48	797	20638	557	435	377	48	794	20644	594	0	0
3640	48	794	20644	234	772	144	48	791	20650	594	0	0
3641	48	791	20650	171	701	646	48	788	20656	594	0	0
3642	48	788	20656	241	770	386	48	785	20662	594	0	0
3643	48	785	20662	663	88	259	48	782	20668	594	0	0
3644	48	782	20668	393	699	155	48	779	20674	594	0	0
3645	48	779	20674	61	692	327	48	776	20680	594	0	0
3646	48	776	20680	115	97	417	48	773	20686	594	0	0
3647	48	773	20686	131	819	114	48	770	20692	594	0	0
3648	48	770	20692	497	458	475	48	767	20698	594	0	0
3649	48	767	20698	701	524	335	48	764	20704	594	0	0
3650	48	764	20704	14	777	740	48	762	20708	595	0	0
3651	48	762	20708	570	457	148	48	759	20714	595	0	0
3652	48	759	20714	708	184	181	48	756	20720	595	0	0
3653	48	756	20720	496	154	319	48	753	20726	595	0	0
3654	48	753	20726	407	582	527	48	750	20732	595	0	0
3655	48	750	20732	156	545	533	48	747	20738	595	0	0
3656	48	747	20738	645	51	668	48	744	20744	595	0	0
3657	48	744	20744	560	556	760	48	741	20750	595	0	0
3658	48	741	20750	381	506	443	48	738	20756	595	0	0
3659	48	738	20756	280	199	215	48	735	20762	595	0	0
3660	48	735	20762	324	351	507	48	732	20768	595	0	0
3661	48	732	20768	610	347	255	48	729	20774	595	0	0
3662	48	729	20774	597	76	43	48	727	20778	596	0	0
3663	48	727	20778	742	447	744	48	724	20784	596	0	0
3664	48	724	20784	184	468	82	48	721	20790	596	0	0
3665	48	721	20790	522	75	439	48	718	20796	596	0	0
3666	48	718	20796	680	541	366	48	715	20802	596	0	0
3667	48	715	20802	671	726	71	48	712	20808	596	0	0
3668	48	712	20808	686	393	122	48	709	20814	596	0	0
3669	48	709	20814	445	614	427	48	706	20820	596	0	0
3670	48	706	20820	17	139	97	48	704	20824	597	0	0
3671	48	704	20824	652	69	100	48	701	20830	597	0	0
3672	48	701	20830	0	637	734	48	699	20834	598	0	0
3673	48	699	20834	505	352	451	48	696	20840	598	0	0
3674	48	696	20840	613	114	399	48	693	20846	598	0	0
3675	48	693	20846	230	644	457	48	690	20852	598	0	0
3676	48	690	20852	46	595	487	48	688	20856	599	0	0
3677	48	688	20856	492	447	608	48	685	20862	599	0	0
3678	48	685	20862	256	393	332	48	682	20868	599	0	0
3679	48	682	20868	375	473	36	48	680	20872	600	0	0
3680	48	680	20872	346	499	201	48	677	20878	600	0	0
3681	48	677	20878	125	296	42	48	675	20882	601	0	0
3682	48	675	20882	562	15	192	48	673	20886	602	0	0
3683	48	673	20886	328	27	658	48	671	20890	603	0	0
3684	48	671	20890	268	214	169	48	668	20896	603	0	0
3685	48	668	20896	262	669	182	48	665	20902	603	0	0
3686	48	665	20902	692	320	236	48	662	20908	603	0	0
3687	48	662	20908	3	616	19	49	829	20910	605	168	0
3688	49	829	20910	449	183	81	49	826	20916	605	0	0
3689	49	826	20916	662	359	597	49	823	20922	605	0	0
3690	49	823	20922	9	411	634	49	821	20926	606	0	0
3691	49	821	20926	607	511	836	49	818	20932	606	0	0
3692	49	818	20932	754	425	58	49	815	20938	606	0	0
3693	49	815	20938	258	541	319	49	812	20944	606	0	0
3694	49	812	20944	824	628	319	49	809	20950	606	0	0
3695	49	809	20950	610	90	112	49	806	20956	606	0	0
3696	49	806	20956	276	492	717	49	803	20962	606	0	0
3697	49	803	20962	599	438	74	49	800	20968	606	0	0
3698	49	800	20968	479	698	8	49	798	20972	607	0	0
3699	49	798	20972	491	681	662	49	795	20978	607	0	0
3700	49	795	20978	636	345	607	49	792	20984	607	0	0
3701	49	792	20984	465	712	456	49	789	20990	607	0	0
3702	49	789	20990	300	779	13	49	787	20994	608	0	0
3703	49	787	20994	172	813	523	49	784	21000	608	0	0
3704	49	784	21000	557	372	744	49	781	21006	608	0	0
3705	49	781	21006	48	516	201	49	779	21010	609	0	0
3706	49	779	21010	687	679	379	49	776	21016	609	0	0
3707	49	776	21016	792	520	614	49	773	21022	609	0	0
3708	49	773	21022	365	259	158	49	770	21028	609	0	0
3709	49	770	21028	97	377	80	49	767	21034	609	0	0
3710	49	767	21034	487	355	24	49	765	21038	610	0	0
3711	49	765	21038	756	133	681	49	762	21044	610	0	0
3712	49	762	21044	354	523	144	49	759	21050	610	0	0
3713	49	759	21050	339	85	754	49	756	21056	610	0	0
3714	49	756	21056	629	111	250	49	753	21062	610	0	0
3715	49	753	21062	296	748	322	49	750	21068	610	0	0
3716	49	750	21068	37	398	524	49	748	21072	611	0	0
3717	49	748	21072	702	332	152	49	745	21078	611	0	0
3718	49	745	21078	673	243	380	49	742	21084	611	0	0
3719	49	742	21084	403	545	731	49	739	21090	611	0	0
3720	49	739	21090	601	598	420	49	736	21096	611	0	0
3721	49	736	21096	452	782	602	49	733	21102	611	0	0
3722	49	733	21102	591	6	552	49	731	21106	612	0	0
3723	49	731	21106	518	32	505	49	729	21110	613	0	0
3724	49	729	21110	597	430	618	49	726	21116	613	0	0
3725	49	726	21116	620	21	180	49	724	21120	614	0	0
3726	49	724	21120	672	93	305	49	721	21126	614	0	0
3727	49	721	21126	634	149	133	49	718	21132	614	0	0
3728	49	718	21132	320	372	60	49	715	21138	614	0	0
3729	49	715	21138	355	576	545	49	712	21144	614	0	0
3730	49	712	21144	65	547	224	49	709	21150	614	0	0
3731	49	709	21150	466	235	501	49	706	21156	614	0	0
3732	49	706	21156	583	539	564	49	703	21162	614	0	0
3733	49	703	21162	213	171	613	49	700	21168	614	0	0
3734	49	700	21168	53	530	245	49	697	21174	614	0	0
3735	49	697	21174	602	17	3	50	784	21176	616	88	0
3736	50	784	21176	236	776	514	50	781	21182	616	0	0
3737	50	781	21182	24	658	425	50	779	21186	617	0	0
3738	50	779	21186	409	642	45	50	777	21190	618	0	0
3739	50	777	21190	667	606	521	50	774	21196	618	0	0
3740	50	774	21196	336	557	410	50	771	21202	618	0	0
3741	50	771	21202	558	628	197	50	768	21208	618	0	0
3742	50	768	21208	195	49	812	50	766	21212	619	0	0
3743	50	766	21212	732	235	324	50	763	21218	619	0	0
3744	50	763	21218	153	646	48	50	761	21222	620	0	0
3745	50	761	21222	34	795	257	50	759	21226	621	0	0
3746	50	759	21226	642	298	551	50	756	21232	621	0	0
3747	50	756	21232	798	16	239	50	754	21236	622	0	0
3748	50	754	21236	225	473	774	50	751	21242	622	0	0
3749	50	751	21242	728	658	202	50	748	21248	622	0	0
3750	50	748	21248	511	506	736	50	745	21254	622	0	0
3751	50	745	21254	173	135	387	50	742	21260	622	0	0
3752	50	742	21260	206	444	21	50	740	21264	623	0	0
3753	50	740	21264	502	672	520	50	737	21270	623	0	0
3754	50	737	21270	326	203	136	50	734	21276	623	0	0
3755	50	734	21276	242	126	107	50	731	21282	623	0	0
3756	50	731	21282	341	161	253	50	728	21288	623	0	0
3757	50	728	21288	502	167	168	50	725	21294	623	0	0
3758	50	725	21294	350	131	553	50	722	21300	623	0	0
3759	50	722	21300	695	347	140	50	719	21306	623	0	0
3760	50	719	21306	37	542	82	50	717	21310	624	0	0
3761	50	717	21310	560	759	319	50	714	21316	624	0	0
3762	50	714	21316	318	222	208	50	711	21322	624	0	0
3763	50	711	21322	389	600	495	50	708	21328	624	0	0
3764	50	708	21328	442	178	530	50	705	21334	624	0	0
3765	50	705	21334	566	164	172	50	702	21340	624	0	0
3766	50	702	21340	456	240	750	50	699	21346	624	0	0
3767	50	699	21346	163	406	577	50	696	21352	624	0	0
3768	50	696	21352	433	13	319	50	694	21356	625	0	0
3769	50	694	21356	343	345	705	50	691	21362	625	0	0
3770	50	691	21362	643	568	325	50	688	21368	625	0	0
3771	50	688	21368	415	161	718	50	685	21374	625	0	0
3772	50	685	21374	21	669	14	51	884	21376	627	200	0
3773	51	884	21376	737	600	393	51	881	21382	627	0	0
3774	51	881	21382	733	926	812	51	878	21388	627	0	0
3775	51	878	21388	504	714	682	51	875	21394	627	0	0
3776	51	875	21394	909	720	560	51	872	21400	627	0	0
3777	51	872	21400	820	711	710	51	869	21406	627	0	0
3778	51	869	21406	125	807	894	51	866	21412	627	0	0
3779	51	866	21412	112	726	327	51	863	21418	627	0	0
3780	51	863	21418	246	740	462	51	860	21424	627	0	0
3781	51	860	21424	598	405	228	51	857	21430	627	0	0
3782	51	857	21430	710	545	283	51	854	21436	627	0	0
3783	51	854	21436	22	345	725	51	852	21440	628	0	0
3784	51	852	21440	693	742	487	51	849	21446	628	0	0
3785	51	849	21446	707	353	544	51	846	21452	628	0	0
3786	51	846	21452	323	54	726	51	843	21458	628	0	0
3787	51	843	21458	450	698	300	51	840	21464	628	0	0
3788	51	840	21464	269	726	349	51	837	21470	628	0	0
3789	51	837	21470	74	360	489	51	834	21476	628	0	0
3790	51	834	21476	219	84	312	51	831	21482	628	0	0
3791	51	831	21482	36	255	288	51	829	21486	629	0	0
3792	51	829	21486	502	684	97	51	826	21492	629	0	0
3793	51	826	21492	675	538	175	51	823	21498	629	0	0
3794	51	823	21498	783	336	663	51	820	21504	629	0	0
3795	51	820	21504	547	102	412	51	817	21510	629	0	0
3796	51	817	21510	27	468	490	51	815	21514	630	0	0
3797	51	815	21514	404	409	145	51	812	21520	630	0	0
3798	51	812	21520	193	574	336	51	809	21526	630	0	0
3799	51	809	21526	154	270	670	51	806	21532	630	0	0
3800	51	806	21532	849	680	148	51	803	21538	630	0	0
3801	51	803	21538	453	276	439	51	800	21544	630	0	0
3802	51	800	21544	551	313	585	51	797	21550	630	0	0
3803	51	797	21550	311	38	477	51	795	21554	631	0	0
3804	51	795	21554	399	454	461	51	792	21560	631	0	0
3805	51	792	21560	768	408	822	51	789	21566	631	0	0
3806	51	789	21566	10	132	54	51	787	21570	632	0	0
3807	51	787	21570	601	598	60	51	784	21576	632	0	0
3808	51	784	21576	490	751	80	51	781	21582	632	0	0
3809	51	781	21582	462	114	190	51	778	21588	632	0	0
3810	51	778	21588	662	205	96	51	775	21594	632	0	0
3811	51	775	21594	263	361	348	51	772	21600	632	0	0
3812	51	772	21600	756	687	774	51	769	21606	632	0	0
3813	51	769	21606	763	278	560	51	766	21612	632	0	0
3814	51	766	21612	236	309	672	51	763	21618	632	0	0
3815	51	763	21618	311	409	158	51	760	21624	632	0	0
3816	51	760	21624	174	321	737	51	757	21630	632	0	0
3817	51	757	21630	320	82	334	51	754	21636	632	0	0
3818	51	754	21636	370	600	614	51	751	21642	632	0	0
3819	51	751	21642	664	564	163	51	748	21648	632	0	0
3820	51	748	21648	699	358	280	51	745	21654	632	0	0
3821	51	745	21654	392	672	553	51	742	21660	632	0	0
3822	51	742	21660	379	599	419	51	739	21666	632	0	0
3823	51	739	21666	324	725	546	51	736	21672	632	0	0
3824	51	736	21672	290	289	580	51	733	21678	632	0	0
3825	51	733	21678	775	428	143	51	730	21684	632	0	0
3826	51	730	21684	55	565	332	51	727	21690	632	0	0
3827	51	727	21690	446	590	35	51	725	21694	633	0	0
3828	51	725	21694	250	236	344	51	722	21700	633	0	0
3829	51	722	21700	570	337	354	51	719	21706	633	0	0
3830	51	719	21706	504	149	224	51	716	21712	633	0	0
3831	51	716	21712	180	568	729	51	713	21718	633	0	0
3832	51	713	21718	726	571	720	51	710	21724	633	0	0
3833	51	710	21724	695	509	672	51	707	21730	633	0	0
3834	51	707	21730	146	16	692	51	705	21734	634	0	0
3835	51	705	21734	32	365	531	51	703	21738	635	0	0
3836	51	703	21738	468	241	712	51	700	21744	635	0	0
3837	51	700	21744	448	113	369	51	697	21750	635	0	0
3838	51	697	21750	150	739	84	51	694	21756	635	0	0
3839	51	694	21756	719	316	80	51	691	21762	635	0	0
3840	51	691	21762	49	219	89	51	689	21766	636	0	0
3841	51	689	21766	587	128	377	51	686	21772	636	0	0
3842	51	686	21772	6	402	650	51	684	21776	637	0	0
3843	51	684	21776	548	376	701	51	681	21782	637	0	0
3844	51	681	21782	450	705	209	51	678	21788	637	0	0
3845	51	678	21788	41	135	654	51	676	21792	638	0	0
3846	51	676	21792	444	110	282	51	673	21798	638	0	0
3847	51	673	21798	495	91	424	51	670	21804	638	0	0
3848	51	670	21804	469	657	616	51	667	21810	638	0	0
3849	51	667	21810	663	350	232	51	664	21816	638	0	0
3850	51	664	21816	79	647	160	51	661	21822	638	0	0
3851	51	661	21822	312	682	186	51	658	21828	638	0	0
3852	51	658	21828	15	632	36	52	1543	21830	640	886	0
3853	52	1543	21830	491	381	230	52	1540	21836	640	0	0
3854	52	1540	21836	807	106	1024	52	1537	21842	640	0	0
3855	52	1537	21842	1027	136	233	52	1534	21848	640	0	0
3856	52	1534	21848	1504	958	285	52	1531	21854	640	0	0
3857	52	1531	21854	39	1095	174	52	1529	21858	641	0	0
3858	52	1529	21858	721	959	1184	52	1526	21864	641	0	0
3859	52	1526	21864	24	492	1444	52	1524	21868	642	0	0
3860	52	1524	21868	166	720	845	52	1521	21874	642	0	0
3861	52	1521	21874	1346	1529	522	52	1518	21880	642	0	0
3862	52	1518	21880	679	335	402	52	1515	21886	642	0	0
3863	52	1515	21886	1532	1111	353	52	1512	21892	642	0	0
3864	52	1512	21892	808	1481	602	52	1509	21898	642	0	0
3865	52	1509	21898	1000	733	426	52	1506	21904	642	0	0
3866	52	1506	21904	974	470	777	52	1503	21910	642	0	0
3867	52	1503	21910	326	1091	830	52	1500	21916	642	0	0
3868	52	1500	21916	948	659	1326	52	1497	21922	642	0	0
3869	52	1497	21922	591	224	1463	52	1494	21928	642	0	0
3870	52	1494	21928	1230	487	1445	52	1491	21934	642	0	0
3871	52	1491	21934	989	725	496	52	1488	21940	642	0	0
3872	52	1488	21940	1035	296	1430	52	1485	21946	642	0	0
3873	52	1485	21946	1286	153	10	52	1483	21950	643	0	0
3874	52	1483	21950	580	56	130	52	1480	21956	643	0	0
3875	52	1480	21956	1004	63	650	52	1477	21962	643	0	0
3876	52	1477	21962	1147	1344	1312	52	1474	21968	643	0	0
3877	52	1474	21968	451	643	289	52	1471	21974	643	0	0
3878	52	1471	21974	693	381	158	52	1468	21980	643	0	0
3879	52	1468	21980	842	1369	517	52	1465	21986	643	0	0
3880	52	1465	21986	1264	212	419	52	1462	21992	643	0	0
3881	52	1462	21992	822	870	705	52	1459	21998	643	0	0
3882	52	1459	21998	1291	1462	1303	52	1456	22004	643	0	0
3883	52	1456	22004	1293	742	388	52	1453	22010	643	0	0
3884	52	1453	22010	168	1164	458	52	1450	22016	643	0	0
3885	52	1450	22016	556	441	470	52	1447	22022	643	0	0
3886	52	1447	22022	900	1133	879	52	1444	22028	643	0	0
3887	52	1444	22028	1150	1192	240	52	1441	22034	643	0	0
3888	52	1441	22034	1211	387	830	52	1438	22040	643	0	0
3889	52	1438	22040	949	1394	1271	52	1435	22046	643	0	0
3890	52	1435	22046	481	584	55	52	1432	22052	643	0	0
3891	52	1432	22052	658	483	644	52	1429	22058	643	0	0
3892	52	1429	22058	159	1472	730	52	1426	22064	643	0	0
3893	52	1426	22064	1350	26	886	52	1424	22068	644	0	0
3894	52	1424	22068	913	668	366	52	1421	22074	644	0	0
3895	52	1421	22074	794	324	1127	52	1418	22080	644	0	0
3896	52	1418	22080	579	239	771	52	1415	22086	644	0	0
3897	52	1415	22086	307	792	252	52	1412	22092	644	0	0
3898	52	1412	22092	939	511	201	52	1409	22098	644	0	0
3899	52	1409	22098	1273	930	920	52	1406	22104	644	0	0
3900	52	1406	22104	1417	5	482	52	1404	22108	645	0	0
3901	52	1404	22108	1153	1356	1219	52	1401	22114	645	0	0
3902	52	1401	22114	262	792	23	52	1399	22118	646	0	0
3903	52	1399	22118	154	354	724	52	1396	22124	646	0	0
3904	52	1396	22124	1021	623	528	52	1393	22130	646	0	0
3905	52	1393	22130	450	217	1349	52	1390	22136	646	0	0
3906	52	1390	22136	337	86	988	52	1387	22142	646	0	0
3907	52	1387	22142	1134	1103	1114	52	1384	22148	646	0	0
3908	52	1384	22148	1340	407	269	52	1381	22154	646	0	0
3909	52	1381	22154	1286	425	726	52	1378	22160	646	0	0
3910	52	1378	22160	1250	522	1149	52	1375	22166	646	0	0
3911	52	1375	22166	457	1209	1275	52	1372	22172	646	0	0
3912	52	1372	22172	721	277	570	52	1369	22178	646	0	0
3913	52	1369	22178	396	1016	25	52	1367	22182	647	0	0
3914	52	1367	22182	767	477	90	52	1364	22188	647	0	0
3915	52	1364	22188	922	1227	743	52	1361	22194	647	0	0
3916	52	1361	22194	1134	335	491	52	1358	22200	647	0	0
3917	52	1358	22200	371	350	296	52	1355	22206	647	0	0
3918	52	1355	22206	387	193	576	52	1352	22212	647	0	0
3919	52	1352	22212	361	404	301	52	1349	22218	647	0	0
3920	52	1349	22218	1045	615	1356	52	1346	22224	647	0	0
3921	52	1346	22224	553	679	402	52	1343	22230	647	0	0
3922	52	1343	22230	623	947	226	52	1340	22236	647	0	0
3923	52	1340	22236	562	714	1095	52	1337	22242	647	0	0
3924	52	1337	22242	826	728	858	52	1334	22248	647	0	0
3925	52	1334	22248	16	1060	739	52	1332	22252	648	0	0
3926	52	1332	22252	673	654	800	52	1329	22258	648	0	0
3927	52	1329	22258	56	376	268	52	1326	22264	648	0	0
3928	52	1326	22264	760	775	800	52	1323	22270	648	0	0
3929	52	1323	22270	904	575	1171	52	1320	22276	648	0	0
3930	52	1320	22276	135	63	586	52	1317	22282	648	0	0
3931	52	1317	22282	697	1214	114	52	1314	22288	648	0	0
3932	52	1314	22288	23	515	69	52	1312	22292	649	0	0
3933	52	1312	22292	996	626	13	52	1310	22296	650	0	0
3934	52	1310	22296	423	673	366	52	1307	22302	650	0	0
3935	52	1307	22302	345	1075	42	52	1305	22306	651	0	0
3936	52	1305	22306	1272	1091	690	52	1302	22312	651	0	0
3937	52	1302	22312	40	120	180	52	1300	22316	652	0	0
3938	52	1300	22316	632	1032	566	52	1297	22322	652	0	0
3939	52	1297	22322	290	345	1166	52	1294	22328	652	0	0
3940	52	1294	22328	278	29	184	52	1292	22332	653	0	0
3941	52	1292	22332	81	163	1342	52	1289	22338	653	0	0
3942	52	1289	22338	912	955	580	52	1286	22344	653	0	0
3943	52	1286	22344	741	44	563	52	1284	22348	654	0	0
3944	52	1284	22348	614	313	323	52	1281	22354	654	0	0
3945	52	1281	22354	467	373	138	52	1278	22360	654	0	0
3946	52	1278	22360	312	897	364	52	1275	22366	654	0	0
3947	52	1275	22366	172	1156	354	52	1272	22372	654	0	0
3948	52	1272	22372	965	501	844	52	1269	22378	654	0	0
3949	52	1269	22378	1142	26	610	52	1267	22382	655	0	0
3950	52	1267	22382	1221	820	1182	52	1264	22388	655	0	0
3951	52	1264	22388	504	647	31	52	1262	22392	656	0	0
3952	52	1262	22392	831	693	1135	52	1259	22398	656	0	0
3953	52	1259	22398	803	69	1079	52	1256	22404	656	0	0
3954	52	1256	22404	39	184	535	52	1254	22408	657	0	0
3955	52	1254	22408	270	811	87	52	1251	22414	657	0	0
3956	52	1251	22414	1093	853	408	52	1248	22420	657	0	0
3957	52	1248	22420	338	300	731	52	1245	22426	657	0	0
3958	52	1245	22426	256	166	355	52	1242	22432	657	0	0
3959	52	1242	22432	701	424	484	52	1239	22438	657	0	0
3960	52	1239	22438	507	963	993	52	1236	22444	657	0	0
3961	52	1236	22444	88	4	292	52	1234	22448	658	0	0
3962	52	1234	22448	706	668	1241	52	1231	22454	658	0	0
3963	52	1231	22454	841	719	1171	52	1228	22460	658	0	0
3964	52	1228	22460	919	79	209	52	1225	22466	658	0	0
3965	52	1225	22466	304	1183	215	52	1222	22472	658	0	0
3966	52	1222	22472	1232	102	439	52	1219	22478	658	0	0
3967	52	1219	22478	1258	77	505	52	1216	22484	658	0	0
3968	52	1216	22484	990	284	778	52	1213	22490	658	0	0
3969	52	1213	22490	274	248	538	52	1210	22496	658	0	0
3970	52	1210	22496	887	923	543	52	1207	22502	658	0	0
3971	52	1207	22502	428	810	11	52	1205	22506	659	0	0
3972	52	1205	22506	939	287	215	52	1202	22512	659	0	0
3973	52	1202	22512	767	46	991	52	1200	22516	660	0	0
3974	52	1200	22516	821	828	661	52	1197	22522	660	0	0
3975	52	1197	22522	1032	682	831	52	1194	22528	660	0	0
3976	52	1194	22528	948	534	956	52	1191	22534	660	0	0
3977	52	1191	22534	825	570	849	52	1188	22540	660	0	0
3978	52	1188	22540	119	673	76	52	1185	22546	660	0	0
3979	52	1185	22546	935	491	613	52	1182	22552	660	0	0
3980	52	1182	22552	877	120	106	52	1179	22558	660	0	0
3981	52	1179	22558	1142	647	1043	52	1176	22564	660	0	0
3982	52	1176	22564	196	364	537	52	1173	22570	660	0	0
3983	52	1173	22570	955	213	74	52	1170	22576	660	0	0
3984	52	1170	22576	660	163	349	52	1167	22582	660	0	0
3985	52	1167	22582	875	291	388	52	1164	22588	660	0	0
3986	52	1164	22588	1165	114	331	52	1161	22594	660	0	0
3987	52	1161	22594	1075	790	9	52	1159	22598	661	0	0
3988	52	1159	22598	271	641	119	52	1156	22604	661	0	0
3989	52	1156	22604	166	1067	1022	52	1153	22610	661	0	0
3990	52	1153	22610	210	1113	675	52	1150	22616	661	0	0
3991	52	1150	22616	275	970	180	52	1147	22622	661	0	0
3992	52	1147	22622	1070	966	238	52	1144	22628	661	0	0
3993	52	1144	22628	426	98	470	52	1141	22634	661	0	0
3994	52	1141	22634	1096	101	669	52	1138	22640	661	0	0
3995	52	1138	22640	266	949	1025	52	1135	22646	661	0	0
3996	52	1135	22646	903	233	1157	52	1132	22652	661	0	0
3997	52	1132	22652	1065	1014	574	52	1129	22658	661	0	0
3998	52	1129	22658	1033	437	213	52	1126	22664	661	0	0
3999	52	1126	22664	14	745	237	52	1124	22668	662	0	0
4000	52	1124	22668	1132	615	256	52	1121	22674	662	0	0
4001	52	1121	22674	25	104	947	52	1119	22678	663	0	0
4002	52	1119	22678	500	641	339	52	1116	22684	663	0	0
4003	52	1116	22684	335	284	68	52	1113	22690	663	0	0
4004	52	1113	22690	946	671	1041	52	1110	22696	663	0	0
4005	52	1110	22696	1086	728	758	52	1107	22702	663	0	0
4006	52	1107	22702	160	16	1075	52	1105	22706	664	0	0
4007	52	1105	22706	746	681	464	52	1102	22712	664	0	0
4008	52	1102	22712	1053	1097	881	52	1099	22718	664	0	0
4009	52	1099	22718	255	932	201	52	1096	22724	664	0	0
4010	52	1096	22724	27	690	767	52	1094	22728	665	0	0
4011	52	1094	22728	143	583	289	52	1091	22734	665	0	0
4012	52	1091	22734	612	904	748	52	1088	22740	665	0	0
4013	52	1088	22740	861	1100	118	52	1085	22746	665	0	0
4014	52	1085	22746	535	156	289	52	1082	22752	665	0	0
4015	52	1082	22752	447	1100	680	52	1079	22758	665	0	0
4016	52	1079	22758	1043	552	470	52	1076	22764	665	0	0
4017	52	1076	22764	1096	208	114	52	1073	22770	665	0	0
4018	52	1073	22770	1063	718	530	52	1070	22776	665	0	0
4019	52	1070	22776	479	707	59	52	1067	22782	665	0	0
4020	52	1067	22782	413	747	272	52	1064	22788	665	0	0
4021	52	1064	22788	269	1108	922	52	1061	22794	665	0	0
4022	52	1061	22794	733	440	149	52	1058	22800	665	0	0
4023	52	1058	22800	38	506	576	52	1056	22804	666	0	0
4024	52	1056	22804	95	363	404	52	1053	22810	666	0	0
4025	52	1053	22810	110	1085	313	52	1050	22816	666	0	0
4026	52	1050	22816	108	28	794	52	1048	22820	667	0	0
4027	52	1048	22820	622	861	1014	52	1045	22826	667	0	0
4028	52	1045	22826	430	46	72	52	1043	22830	668	0	0
4029	52	1043	22830	665	973	927	52	1040	22836	668	0	0
4030	52	1040	22836	218	576	172	52	1037	22842	668	0	0
4031	52	1037	22842	959	1004	96	52	1034	22848	668	0	0
4032	52	1034	22848	177	848	162	52	1031	22854	668	0	0
4033	52	1031	22854	242	252	676	52	1028	22860	668	0	0
4034	52	1028	22860	1056	621	174	52	1025	22866	668	0	0
4035	52	1025	22866	602	809	654	52	1022	22872	668	0	0
4036	52	1022	22872	149	887	23	52	1020	22876	669	0	0
4037	52	1020	22876	263	105	443	52	1017	22882	669	0	0
4038	52	1017	22882	1014	946	477	52	1014	22888	669	0	0
4039	52	1014	22888	711	564	539	52	1011	22894	669	0	0
4040	52	1011	22894	966	793	888	52	1008	22900	669	0	0
4041	52	1008	22900	901	281	996	52	1005	22906	669	0	0
4042	52	1005	22906	494	547	221	52	1002	22912	669	0	0
4043	52	1002	22912	339	551	918	52	999	22918	669	0	0
4044	52	999	22918	419	355	745	52	996	22924	669	0	0
4045	52	996	22924	139	856	1033	52	993	22930	669	0	0
4046	52	993	22930	66	1007	880	52	990	22936	669	0	0
4047	52	990	22936	43	534	569	52	988	22940	670	0	0
4048	52	988	22940	687	790	535	52	985	22946	670	0	0
4049	52	985	22946	575	172	88	52	982	22952	670	0	0
4050	52	982	22952	254	635	982	52	979	22958	670	0	0
4051	52	979	22958	986	485	726	52	976	22964	670	0	0
4052	52	976	22964	110	808	650	52	973	22970	670	0	0
4053	52	973	22970	135	323	601	52	970	22976	670	0	0
4054	52	970	22976	110	21	505	52	968	22980	671	0	0
4055	52	968	22980	295	444	477	52	965	22986	671	0	0
4056	52	965	22986	685	1002	1010	52	962	22992	671	0	0
4057	52	962	22992	437	419	675	52	959	22998	671	0	0
4058	52	959	22998	375	415	431	52	956	23004	671	0	0
4059	52	956	23004	615	677	530	52	953	23010	671	0	0
4060	52	953	23010	802	58	250	52	950	23016	671	0	0
4061	52	950	23016	115	775	735	52	947	23022	671	0	0
4062	52	947	23022	928	397	642	52	944	23028	671	0	0
4063	52	944	23028	838	680	49	52	942	23032	672	0	0
4064	52	942	23032	950	113	932	52	939	23038	672	0	0
4065	52	939	23038	744	281	227	52	936	23044	672	0	0
4066	52	936	23044	457	837	210	52	933	23050	672	0	0
4067	52	933	23050	610	807	736	52	930	23056	672	0	0
4068	52	930	23056	140	945	265	52	927	23062	672	0	0
4069	52	927	23062	802	200	471	52	924	23068	672	0	0
4070	52	924	23068	880	172	105	52	921	23074	672	0	0
4071	52	921	23074	263	950	94	52	918	23080	672	0	0
4072	52	918	23080	305	750	225	52	915	23086	672	0	0
4073	52	915	23086	788	582	297	52	912	23092	672	0	0
4074	52	912	23092	313	73	591	52	909	23098	672	0	0
4075	52	909	23098	448	890	36	52	907	23102	673	0	0
4076	52	907	23102	582	509	117	52	904	23108	673	0	0
4077	52	904	23108	102	10	295	52	902	23112	674	0	0
4078	52	902	23112	908	413	518	52	899	23118	674	0	0
4079	52	899	23118	391	750	455	52	896	23124	674	0	0
4080	52	896	23124	197	484	909	52	893	23130	674	0	0
4081	52	893	23130	936	554	478	52	890	23136	674	0	0
4082	52	890	23136	910	860	68	52	887	23142	674	0	0
4083	52	887	23142	782	624	322	52	884	23148	674	0	0
4084	52	884	23148	767	735	872	52	881	23154	674	0	0
4085	52	881	23154	537	97	888	52	878	23160	674	0	0
4086	52	878	23160	335	650	100	52	875	23166	674	0	0
4087	52	875	23166	383	441	380	52	872	23172	674	0	0
4088	52	872	23172	95	220	269	52	869	23178	674	0	0
4089	52	869	23178	777	811	331	52	866	23184	674	0	0
4090	52	866	23184	139	149	867	52	863	23190	674	0	0
4091	52	863	23190	902	289	549	52	860	23196	674	0	0
4092	52	860	23196	824	496	590	52	857	23202	674	0	0
4093	52	857	23202	195	754	444	52	854	23208	674	0	0
4094	52	854	23208	635	345	572	52	851	23214	674	0	0
4095	52	851	23214	336	345	365	52	848	23220	674	0	0
4096	52	848	23220	418	614	562	52	845	23226	674	0	0
4097	52	845	23226	481	749	666	52	842	23232	674	0	0
4098	52	842	23232	830	763	508	52	839	23238	674	0	0
4099	52	839	23238	385	106	164	52	836	23244	674	0	0
4100	52	836	23244	630	297	290	52	833	23250	674	0	0
4101	52	833	23250	206	9	488	52	831	23254	675	0	0
4102	52	831	23254	682	770	667	52	828	23260	675	0	0
4103	52	828	23260	242	684	707	52	825	23266	675	0	0
4104	52	825	23266	799	181	135	52	822	23272	675	0	0
4105	52	822	23272	642	148	241	52	819	23278	675	0	0
4106	52	819	23278	370	701	213	52	816	23284	675	0	0
4107	52	816	23284	27	374	100	52	814	23288	676	0	0
4108	52	814	23288	366	377	685	52	811	23294	676	0	0
4109	52	811	23294	101	330	172	52	808	23300	676	0	0
4110	52	808	23300	159	817	133	52	805	23306	676	0	0
4111	52	805	23306	663	329	191	52	802	23312	676	0	0
4112	52	802	23312	837	348	753	52	799	23318	676	0	0
4113	52	799	23318	832	28	274	52	797	23322	677	0	0
4114	52	797	23322	734	85	326	52	794	23328	677	0	0
4115	52	794	23328	262	646	169	52	791	23334	677	0	0
4116	52	791	23334	204	345	11	52	789	23338	678	0	0
4117	52	789	23338	829	654	386	52	786	23344	678	0	0
4118	52	786	23344	165	511	330	52	783	23350	678	0	0
4119	52	783	23350	452	795	201	52	780	23356	678	0	0
4120	52	780	23356	667	799	358	52	777	23362	678	0	0
4121	52	777	23362	626	103	24	52	775	23366	679	0	0
4122	52	775	23366	257	391	262	52	772	23372	679	0	0
4123	52	772	23372	329	768	435	52	769	23378	679	0	0
4124	52	769	23378	17	546	354	52	767	23382	680	0	0
4125	52	767	23382	586	308	16	52	765	23386	681	0	0
4126	52	765	23386	286	782	310	52	762	23392	681	0	0
4127	52	762	23392	247	225	524	52	759	23398	681	0	0
4128	52	759	23398	26	494	53	52	757	23402	682	0	0
4129	52	757	23402	309	284	674	52	754	23408	682	0	0
4130	52	754	23408	245	511	74	52	751	23414	682	0	0
4131	52	751	23414	121	752	269	52	748	23420	682	0	0
4132	52	748	23420	410	594	640	52	745	23426	682	0	0
4133	52	745	23426	612	398	48	52	743	23430	683	0	0
4134	52	743	23430	640	526	255	52	740	23436	683	0	0
4135	52	740	23436	728	223	699	52	737	23442	683	0	0
4136	52	737	23442	740	262	50	52	735	23446	684	0	0
4137	52	735	23446	355	315	771	52	732	23452	684	0	0
4138	52	732	23452	7	110	423	52	730	23456	685	0	0
4139	52	730	23456	592	5	536	52	728	23460	686	0	0
4140	52	728	23460	292	619	473	52	725	23466	686	0	0
4141	52	725	23466	91	394	495	52	722	23472	686	0	0
4142	52	722	23472	309	23	458	52	720	23476	687	0	0
4143	52	720	23476	112	592	25	52	718	23480	688	0	0
4144	52	718	23480	156	105	273	52	715	23486	688	0	0
4145	52	715	23486	431	516	235	52	712	23492	688	0	0
4146	52	712	23492	669	139	567	52	709	23498	688	0	0
4147	52	709	23498	108	6	476	52	707	23502	689	0	0
4148	52	707	23502	321	461	440	52	704	23508	689	0	0
4149	52	704	23508	538	275	297	52	701	23514	689	0	0
4150	52	701	23514	80	176	4	52	699	23518	690	0	0
4151	52	699	23518	19	475	327	52	697	23522	691	0	0
4152	52	697	23522	527	51	439	52	695	23526	692	0	0
4153	52	695	23526	642	701	353	52	692	23532	692	0	0
4154	52	692	23532	609	576	684	52	689	23538	692	0	0
4155	52	689	23538	178	81	16	52	687	23542	693	0	0
4156	52	687	23542	656	97	172	52	684	23548	693	0	0
4157	52	684	23548	679	485	555	52	681	23554	693	0	0
4158	52	681	23554	110	483	517	52	678	23560	693	0	0
4159	52	678	23560	387	468	243	52	675	23566	693	0	0
4160	52	675	23566	305	188	434	52	672	23572	693	0	0
4161	52	672	23572	335	604	283	52	669	23578	693	0	0
4162	52	669	23578	669	90	109	52	666	23584	693	0	0
4163	52	666	23584	536	171	604	52	663	23590	693	0	0
4164	52	663	23590	16	100	106	52	661	23594	694	0	0
4165	52	661	23594	669	386	628	52	658	23600	694	0	0
4166	52	658	23600	340	597	172	52	655	23606	694	0	0
4167	52	655	23606	216	419	99	52	652	23612	694	0	0
4168	52	652	23612	57	422	41	52	650	23616	695	0	0
4169	52	650	23616	580	468	371	52	647	23622	695	0	0
4170	52	647	23622	91	173	393	52	644	23628	695	0	0
4171	52	644	23628	4	341	333	52	642	23632	696	0	0
4172	52	642	23632	526	218	451	52	639	23638	696	0	0
4173	52	639	23638	151	125	560	52	636	23644	696	0	0
4174	52	636	23644	367	365	32	52	634	23648	697	0	0
4175	52	634	23648	282	303	500	52	631	23654	697	0	0
4176	52	631	23654	226	549	379	52	628	23660	697	0	0
4177	52	628	23660	234	300	573	52	625	23666	697	0	0
4178	52	625	23666	342	41	488	52	623	23670	698	0	0
4179	52	623	23670	80	358	159	52	620	23676	698	0	0
4180	52	620	23676	245	346	452	52	617	23682	698	0	0
4181	52	617	23682	114	303	281	52	614	23688	698	0	0
4182	52	614	23688	636	71	124	52	611	23694	698	0	0
4183	52	611	23694	483	441	317	52	608	23700	698	0	0
4184	52	608	23700	376	8	641	52	606	23704	699	0	0
4185	52	606	23704	351	253	483	52	603	23710	699	0	0
4186	52	603	23710	643	32	235	52	601	23714	700	0	0
4187	52	601	23714	171	574	243	52	598	23720	700	0	0
4188	52	598	23720	511	454	421	52	595	23726	700	0	0
4189	52	595	23726	525	164	232	52	592	23732	700	0	0
4190	52	592	23732	96	495	307	52	589	23738	700	0	0
4191	52	589	23738	158	404	640	52	586	23744	700	0	0
4192	52	586	23744	194	587	33	52	584	23748	701	0	0
4193	52	584	23748	448	566	153	52	581	23754	701	0	0
4194	52	581	23754	602	285	540	52	578	23760	701	0	0
4195	52	578	23760	503	85	203	52	575	23766	701	0	0
4196	52	575	23766	301	249	478	52	572	23772	701	0	0
4197	52	572	23772	621	383	524	52	569	23778	701	0	0
4198	52	569	23778	96	210	60	52	566	23784	701	0	0
4199	52	566	23784	281	195	16	52	564	23788	702	0	0
4200	52	564	23788	108	490	357	52	561	23794	702	0	0
4201	52	561	23794	69	332	106	52	558	23800	702	0	0
4202	52	558	23800	608	561	6	52	556	23804	703	0	0
4203	52	556	23804	588	333	176	52	553	23810	703	0	0
4204	52	553	23810	101	319	357	52	550	23816	703	0	0
4205	52	550	23816	135	412	322	52	547	23822	703	0	0
4206	52	547	23822	240	342	468	52	544	23828	703	0	0
4207	52	544	23828	563	208	571	52	541	23834	703	0	0
4208	52	541	23834	309	435	263	52	538	23840	703	0	0
4209	52	538	23840	285	395	248	52	535	23846	703	0	0
4210	52	535	23846	408	549	526	52	532	23852	703	0	0
4211	52	532	23852	342	63	201	52	529	23858	703	0	0
4212	52	529	23858	358	214	150	52	526	23864	703	0	0
4213	52	526	23864	395	173	497	52	523	23870	703	0	0
4214	52	523	23870	274	33	507	52	521	23874	704	0	0
4215	52	521	23874	146	241	126	52	518	23880	704	0	0
4216	52	518	23880	262	423	473	52	515	23886	704	0	0
4217	52	515	23886	392	73	433	52	512	23892	704	0	0
4218	52	512	23892	441	390	377	52	509	23898	704	0	0
4219	52	509	23898	197	354	447	52	506	23904	704	0	0
4220	52	506	23904	302	2	439	52	504	23908	705	0	0
4221	52	504	23908	107	136	315	52	501	23914	705	0	0
4222	52	501	23914	99	380	15	52	499	23918	706	0	0
4223	52	499	23918	407	115	455	52	496	23924	706	0	0
4224	52	496	23924	38	311	520	52	494	23928	707	0	0
4225	52	494	23928	488	120	538	52	491	23934	707	0	0
4226	52	491	23934	276	24	140	52	489	23938	708	0	0
4227	52	489	23938	51	267	5	53	1614	23940	710	1126	0
4228	53	1614	23940	510	420	202	53	1611	23946	710	0	0
4229	53	1611	23946	301	859	705	53	1608	23952	710	0	0
4230	53	1608	23952	535	749	1318	53	1605	23958	710	0	0
4231	53	1605	23958	1083	552	1281	53	1602	23964	710	0	0
4232	53	1602	23964	712	1617	1135	53	1599	23970	710	0	0
4233	53	1599	23970	105	840	392	53	1596	23976	710	0	0
4234	53	1596	23976	1347	1255	1243	53	1593	23982	710	0	0
4235	53	1593	23982	316	1287	1526	53	1590	23988	710	0	0
4236	53	1590	23988	1276	1365	1049	53	1587	23994	710	0	0
4237	53	1587	23994	411	1147	21	53	1585	23998	711	0	0
4238	53	1585	23998	149	1018	12	53	1583	24002	712	0	0
4239	53	1583	24002	161	705	31	53	1581	24006	713	0	0
4240	53	1581	24006	973	504	465	53	1578	24012	713	0	0
4241	53	1578	24012	1072	226	1429	53	1575	24018	713	0	0
4242	53	1575	24018	86	1367	260	53	1572	24024	713	0	0
4243	53	1572	24024	296	707	909	53	1569	24030	713	0	0
4244	53	1569	24030	862	1570	367	53	1566	24036	713	0	0
4245	53	1566	24036	96	103	1233	53	1563	24042	713	0	0
4246	53	1563	24042	1007	1266	1586	53	1560	24048	713	0	0
4247	53	1560	24048	190	916	1169	53	1557	24054	713	0	0
4248	53	1557	24054	1595	1527	850	53	1554	24060	713	0	0
4249	53	1554	24060	324	920	1248	53	1551	24066	713	0	0
4250	53	1551	24066	677	1426	35	53	1549	24070	714	0	0
4251	53	1549	24070	1087	493	1013	53	1546	24076	714	0	0
4252	53	1546	24076	1387	842	611	53	1543	24082	714	0	0
4253	53	1543	24082	1530	1461	1350	53	1540	24088	714	0	0
4254	53	1540	24088	1043	177	924	53	1537	24094	714	0	0
4255	53	1537	24094	1278	1560	290	53	1534	24100	714	0	0
4256	53	1534	24100	679	1477	409	53	1531	24106	714	0	0
4257	53	1531	24106	1571	382	748	53	1528	24112	714	0	0
4258	53	1528	24112	834	1031	481	53	1525	24118	714	0	0
4259	53	1525	24118	799	772	566	53	1522	24124	714	0	0
4260	53	1522	24124	18	701	630	53	1520	24128	715	0	0
4261	53	1520	24128	328	1112	1296	53	1517	24134	715	0	0
4262	53	1517	24134	864	1326	705	53	1514	24140	715	0	0
4263	53	1514	24140	1083	128	305	53	1511	24146	715	0	0
4264	53	1511	24146	962	1100	1284	53	1508	24152	715	0	0
4265	53	1508	24152	1165	252	1167	53	1505	24158	715	0	0
4266	53	1505	24158	808	1234	102	53	1502	24164	715	0	0
4267	53	1502	24164	53	1456	194	53	1499	24170	715	0	0
4268	53	1499	24170	1131	1429	137	53	1496	24176	715	0	0
4269	53	1496	24176	342	744	1128	53	1493	24182	715	0	0
4270	53	1493	24182	1254	867	592	53	1490	24188	715	0	0
4271	53	1490	24188	750	86	736	53	1487	24194	715	0	0
4272	53	1487	24194	483	352	740	53	1484	24200	715	0	0
4273	53	1484	24200	1156	1503	2	53	1482	24204	716	0	0
4274	53	1482	24204	327	1515	248	53	1479	24210	716	0	0
4275	53	1479	24210	916	1012	250	53	1476	24216	716	0	0
4276	53	1476	24216	1188	1250	423	53	1473	24222	716	0	0
4277	53	1473	24222	184	1126	16	53	1471	24226	717	0	0
4278	53	1471	24226	544	382	229	53	1468	24232	717	0	0
4279	53	1468	24232	1457	962	1106	53	1465	24238	717	0	0
4280	53	1465	24238	514	1193	767	53	1462	24244	717	0	0
4281	53	1462	24244	212	985	1318	53	1459	24250	717	0	0
4282	53	1459	24250	260	297	570	53	1456	24256	717	0	0
4283	53	1456	24256	686	835	721	53	1453	24262	717	0	0
4284	53	1453	24262	729	7	319	53	1451	24266	718	0	0
4285	53	1451	24266	950	947	1226	53	1448	24272	718	0	0
4286	53	1448	24272	300	1354	1205	53	1445	24278	718	0	0
4287	53	1445	24278	1227	421	1256	53	1442	24284	718	0	0
4288	53	1442	24284	1433	906	1115	53	1439	24290	718	0	0
4289	53	1439	24290	1258	1298	98	53	1436	24296	718	0	0
4290	53	1436	24296	1266	1279	332	53	1433	24302	718	0	0
4291	53	1433	24302	753	745	974	53	1430	24308	718	0	0
4292	53	1430	24308	589	901	1228	53	1427	24314	718	0	0
4293	53	1427	24314	785	118	1025	53	1424	24320	718	0	0
4294	53	1424	24320	977	517	411	53	1421	24326	718	0	0
4295	53	1421	24326	37	668	1081	53	1419	24330	719	0	0
4296	53	1419	24330	671	424	301	53	1416	24336	719	0	0
4297	53	1416	24336	1397	20	861	53	1414	24340	720	0	0
4298	53	1414	24340	285	1348	1358	53	1411	24346	720	0	0
4299	53	1411	24346	785	5	981	53	1409	24350	721	0	0
4300	53	1409	24350	1134	697	1115	53	1406	24356	721	0	0
4301	53	1406	24356	763	357	731	53	1403	24362	721	0	0
4302	53	1403	24362	172	440	52	53	1401	24366	722	0	0
4303	53	1401	24366	415	753	295	53	1398	24372	722	0	0
4304	53	1398	24372	1252	1302	530	53	1395	24378	722	0	0
4305	53	1395	24378	306	1093	1420	53	1392	24384	722	0	0
4306	53	1392	24384	397	526	1359	53	1389	24390	722	0	0
4307	53	1389	24390	194	1280	777	53	1386	24396	722	0	0
4308	53	1386	24396	962	501	908	53	1383	24402	722	0	0
4309	53	1383	24402	1211	1402	886	53	1380	24408	722	0	0
4310	53	1380	24408	1414	598	791	53	1377	24414	722	0	0
4311	53	1377	24414	375	281	1072	53	1374	24420	722	0	0
4312	53	1374	24420	1154	705	1030	53	1371	24426	722	0	0
4313	53	1371	24426	659	502	706	53	1368	24432	722	0	0
4314	53	1368	24432	1074	1076	153	53	1365	24438	722	0	0
4315	53	1365	24438	521	911	208	53	1362	24444	722	0	0
4316	53	1362	24444	1378	960	652	53	1359	24450	722	0	0
4317	53	1359	24450	453	1334	1191	53	1356	24456	722	0	0
4318	53	1356	24456	1293	108	913	53	1353	24462	722	0	0
4319	53	1353	24462	624	443	1331	53	1350	24468	722	0	0
4320	53	1350	24468	581	1234	270	53	1347	24474	722	0	0
4321	53	1347	24474	760	522	1345	53	1344	24480	722	0	0
4322	53	1344	24480	1223	1049	160	53	1341	24486	722	0	0
4323	53	1341	24486	1348	269	291	53	1338	24492	722	0	0
4324	53	1338	24492	796	931	149	53	1335	24498	722	0	0
4325	53	1335	24498	1358	112	1187	53	1332	24504	722	0	0
4326	53	1332	24504	401	375	1303	53	1329	24510	722	0	0
4327	53	1329	24510	620	942	585	53	1326	24516	722	0	0
4328	53	1326	24516	732	241	688	53	1323	24522	722	0	0
4329	53	1323	24522	331	813	559	53	1320	24528	722	0	0
4330	53	1320	24528	492	658	905	53	1317	24534	722	0	0
4331	53	1317	24534	258	807	93	53	1314	24540	722	0	0
4332	53	1314	24540	859	149	505	53	1311	24546	722	0	0
4333	53	1311	24546	612	663	116	53	1308	24552	722	0	0
4334	53	1308	24552	267	450	1111	53	1305	24558	722	0	0
4335	53	1305	24558	48	220	614	53	1303	24562	723	0	0
4336	53	1303	24562	549	1280	1297	53	1300	24568	723	0	0
4337	53	1300	24568	1001	482	369	53	1297	24574	723	0	0
4338	53	1297	24574	1232	85	325	53	1294	24580	723	0	0
4339	53	1294	24580	1038	947	225	53	1291	24586	723	0	0
4340	53	1291	24586	1149	338	652	53	1288	24592	723	0	0
4341	53	1288	24592	623	648	147	53	1285	24598	723	0	0
4342	53	1285	24598	906	1021	512	53	1282	24604	723	0	0
4343	53	1282	24604	1023	598	225	53	1279	24610	723	0	0
4344	53	1279	24610	907	678	1184	53	1276	24616	723	0	0
4345	53	1276	24616	863	1288	375	53	1273	24622	723	0	0
4346	53	1273	24622	63	899	212	53	1270	24628	723	0	0
4347	53	1270	24628	179	200	112	53	1267	24634	723	0	0
4348	53	1267	24634	474	1283	516	53	1264	24640	723	0	0
4349	53	1264	24640	350	1311	504	53	1261	24646	723	0	0
4350	53	1261	24646	1298	1272	42	53	1259	24650	724	0	0
4351	53	1259	24650	189	378	820	53	1256	24656	724	0	0
4352	53	1256	24656	289	72	365	53	1253	24662	724	0	0
4353	53	1253	24662	948	206	1045	53	1250	24668	724	0	0
4354	53	1250	24668	386	669	1221	53	1247	24674	724	0	0
4355	53	1247	24674	109	829	1251	53	1244	24680	724	0	0
4356	53	1244	24680	197	341	397	53	1241	24686	724	0	0
4357	53	1241	24686	972	532	429	53	1238	24692	724	0	0
4358	53	1238	24692	543	1123	810	53	1235	24698	724	0	0
4359	53	1235	24698	1080	660	119	53	1232	24704	724	0	0
4360	53	1232	24704	736	290	486	53	1229	24710	724	0	0
4361	53	1229	24710	955	931	289	53	1226	24716	724	0	0
4362	53	1226	24716	12	837	1266	53	1224	24720	725	0	0
4363	53	1224	24720	891	385	950	53	1221	24726	725	0	0
4364	53	1221	24726	1051	384	65	53	1218	24732	725	0	0
4365	53	1218	24732	305	909	884	53	1215	24738	725	0	0
4366	53	1215	24738	125	1018	269	53	1212	24744	725	0	0
4367	53	1212	24744	505	920	572	53	1209	24750	725	0	0
4368	53	1209	24750	46	1212	41	54	2264	24752	727	1056	0
4369	54	2264	24752	628	1009	249	54	2261	24758	727	0	0
4370	54	2261	24758	1913	263	2109	54	2258	24764	727	0	0
4371	54	2258	24764	554	1480	2025	54	2255	24770	727	0	0
4372	54	2255	24770	72	1895	1454	54	2252	24776	727	0	0
4373	54	2252	24776	1411	1221	964	54	2249	24782	727	0	0
4374	54	2249	24782	69	909	1597	54	2246	24788	727	0	0
4375	54	2246	24788	123	1429	1602	54	2243	24794	727	0	0
4376	54	2243	24794	803	2216	461	54	2240	24800	727	0	0
4377	54	2240	24800	1298	1202	1133	54	2237	24806	727	0	0
4378	54	2237	24806	523	1605	572	54	2234	24812	727	0	0
4379	54	2234	24812	1548	1176	2004	54	2231	24818	727	0	0
4380	54	2231	24818	177	1577	1589	54	2228	24824	727	0	0
4381	54	2228	24824	18	323	177	54	2226	24828	728	0	0
4382	54	2226	24828	664	284	2109	54	2223	24834	728	0	0
4383	54	2223	24834	1190	236	351	54	2220	24840	728	0	0
4384	54	2220	24840	839	552	1634	54	2217	24846	728	0	0
4385	54	2217	24846	852	1822	1926	54	2214	24852	728	0	0
4386	54	2214	24852	2142	427	1290	54	2211	24858	728	0	0
4387	54	2211	24858	1300	58	175	54	2208	24864	728	0	0
4388	54	2208	24864	545	1502	1289	54	2205	24870	728	0	0
4389	54	2205	24870	1457	1872	135	54	2202	24876	728	0	0
4390	54	2202	24876	1441	944	2254	54	2199	24882	728	0	0
4391	54	2199	24882	1373	24	1834	54	2197	24886	729	0	0
4392	54	2197	24886	789	2201	1893	54	2194	24892	729	0	0
4393	54	2194	24892	2150	76	1276	54	2191	24898	729	0	0
4394	54	2191	24898	1007	1343	647	54	2188	24904	729	0	0
4395	54	2188	24904	1990	203	1626	54	2185	24910	729	0	0
4396	54	2185	24910	378	1208	1800	54	2182	24916	729	0	0
4397	54	2182	24916	1032	106	2082	54	2179	24922	729	0	0
4398	54	2179	24922	622	2034	1473	54	2176	24928	729	0	0
4399	54	2176	24928	1283	1323	1020	54	2173	24934	729	0	0
4400	54	2173	24934	1915	27	478	54	2171	24938	730	0	0
4401	54	2171	24938	886	549	248	54	2168	24944	730	0	0
4402	54	2168	24944	1086	1946	1380	54	2165	24950	730	0	0
4403	54	2165	24950	2142	260	1004	54	2162	24956	730	0	0
4404	54	2162	24956	1221	778	1515	54	2159	24962	730	0	0
4405	54	2159	24962	2195	1128	412	54	2156	24968	730	0	0
4406	54	2156	24968	1929	913	1975	54	2153	24974	730	0	0
4407	54	2153	24974	169	572	1399	54	2150	24980	730	0	0
4408	54	2150	24980	1302	1200	1692	54	2147	24986	730	0	0
4409	54	2147	24986	560	705	1375	54	2144	24992	730	0	0
4410	54	2144	24992	1455	1588	683	54	2141	24998	730	0	0
4411	54	2141	24998	2060	532	1956	54	2138	25004	730	0	0
4412	54	2138	25004	518	1546	760	54	2135	25010	730	0	0
4413	54	2135	25010	359	1428	2177	54	2132	25016	730	0	0
4414	54	2132	25016	754	1655	1312	54	2129	25022	730	0	0
4415	54	2129	25022	1943	1434	1992	54	2126	25028	730	0	0
4416	54	2126	25028	891	224	1192	54	2123	25034	730	0	0
4417	54	2123	25034	223	901	1233	54	2120	25040	730	0	0
4418	54	2120	25040	144	609	1698	54	2117	25046	730	0	0
4419	54	2117	25046	1437	1790	1912	54	2114	25052	730	0	0
4420	54	2114	25052	607	814	874	54	2111	25058	730	0	0
4421	54	2111	25058	2105	473	916	54	2108	25064	730	0	0
4422	54	2108	25064	1167	252	351	54	2105	25070	730	0	0
4423	54	2105	25070	1735	1970	451	54	2102	25076	730	0	0
4424	54	2102	25076	1005	525	1446	54	2099	25082	730	0	0
4425	54	2099	25082	368	1425	201	54	2096	25088	730	0	0
4426	54	2096	25088	1643	465	971	54	2093	25094	730	0	0
4427	54	2093	25094	2007	1321	2050	54	2090	25100	730	0	0
4428	54	2090	25100	1388	1335	1106	54	2087	25106	730	0	0
4429	54	2087	25106	617	1464	218	54	2084	25112	730	0	0
4430	54	2084	25112	315	243	1572	54	2081	25118	730	0	0
4431	54	2081	25118	662	1118	189	54	2078	25124	730	0	0
4432	54	2078	25124	536	2044	693	54	2075	25130	730	0	0
4433	54	2075	25130	336	1988	174	54	2072	25136	730	0	0
4434	54	2072	25136	1430	964	834	54	2069	25142	730	0	0
4435	54	2069	25142	1383	1659	1764	54	2066	25148	730	0	0
4436	54	2066	25148	1727	2026	680	54	2063	25154	730	0	0
4437	54	2063	25154	1513	1387	201	54	2060	25160	730	0	0
4438	54	2060	25160	1247	1810	196	54	2057	25166	730	0	0
4439	54	2057	25166	1589	564	1744	54	2054	25172	730	0	0
4440	54	2054	25172	735	1464	214	54	2051	25178	730	0	0
4441	54	2051	25178	88	1467	998	54	2048	25184	730	0	0
4442	54	2048	25184	1088	94	533	54	2045	25190	730	0	0
4443	54	2045	25190	1815	1245	7	54	2043	25194	731	0	0
4444	54	2043	25194	347	1341	721	54	2040	25200	731	0	0
4445	54	2040	25200	1130	2054	127	54	2037	25206	731	0	0
4446	54	2037	25206	303	253	1608	54	2034	25212	731	0	0
4447	54	2034	25212	609	1242	397	54	2031	25218	731	0	0
4448	54	2031	25218	76	406	609	54	2028	25224	731	0	0
4449	54	2028	25224	5	1021	1701	54	2026	25228	732	0	0
4450	54	2026	25228	670	1533	946	54	2023	25234	732	0	0
4451	54	2023	25234	1569	930	43	54	2021	25238	733	0	0
4452	54	2021	25238	390	1361	29	54	2019	25242	734	0	0
4453	54	2019	25242	335	1454	1711	54	2016	25248	734	0	0
4454	54	2016	25248	1446	1102	686	54	2013	25254	734	0	0
4455	54	2013	25254	1946	968	306	54	2010	25260	734	0	0
4456	54	2010	25260	816	1415	1395	54	2007	25266	734	0	0
4457	54	2007	25266	1756	1999	1791	54	2004	25272	734	0	0
4458	54	2004	25272	1291	1762	1701	54	2001	25278	734	0	0
4459	54	2001	25278	221	634	1506	54	1998	25284	734	0	0
4460	54	1998	25284	1724	838	526	54	1995	25290	734	0	0
4461	54	1995	25290	716	566	1389	54	1992	25296	734	0	0
4462	54	1992	25296	1018	1840	96	54	1989	25302	734	0	0
4463	54	1989	25302	620	1489	1227	54	1986	25308	734	0	0
4464	54	1986	25308	1524	1781	583	54	1983	25314	734	0	0
4465	54	1983	25314	1371	409	1668	54	1980	25320	734	0	0
4466	54	1980	25320	1618	1711	1542	54	1977	25326	734	0	0
4467	54	1977	25326	47	1623	88	54	1975	25330	735	0	0
4468	54	1975	25330	100	611	358	54	1972	25336	735	0	0
4469	54	1972	25336	96	913	1229	54	1969	25342	735	0	0
4470	54	1969	25342	209	992	783	54	1966	25348	735	0	0
4471	54	1966	25348	1670	1743	1908	54	1963	25354	735	0	0
4472	54	1963	25354	1175	1736	89	54	1960	25360	735	0	0
4473	54	1960	25360	884	89	1729	54	1957	25366	735	0	0
4474	54	1957	25366	1349	861	1719	54	1954	25372	735	0	0
4475	54	1954	25372	947	1299	1119	54	1951	25378	735	0	0
4476	54	1951	25378	880	37	1072	54	1949	25382	736	0	0
4477	54	1949	25382	1380	1975	161	54	1946	25388	736	0	0
4478	54	1946	25388	858	1856	196	54	1943	25394	736	0	0
4479	54	1943	25394	992	957	1593	54	1940	25400	736	0	0
4480	54	1940	25400	1414	1826	1980	54	1937	25406	736	0	0
4481	54	1937	25406	1576	115	1015	54	1934	25412	736	0	0
4482	54	1934	25412	269	1301	1184	54	1931	25418	736	0	0
4483	54	1931	25418	401	853	420	54	1928	25424	736	0	0
4484	54	1928	25424	1323	180	1539	54	1925	25430	736	0	0
4485	54	1925	25430	882	186	614	54	1922	25436	736	0	0
4486	54	1922	25436	755	790	941	54	1919	25442	736	0	0
4487	54	1919	25442	1777	1765	1153	54	1916	25448	736	0	0
4488	54	1916	25448	167	135	1567	54	1913	25454	736	0	0
4489	54	1913	25454	1273	70	6	54	1911	25458	737	0	0
4490	54	1911	25458	266	399	1547	54	1908	25464	737	0	0
4491	54	1908	25464	1731	1590	1664	54	1905	25470	737	0	0
4492	54	1905	25470	1617	1075	1698	54	1902	25476	737	0	0
4493	54	1902	25476	1829	1814	884	54	1899	25482	737	0	0
4494	54	1899	25482	107	1145	1087	54	1896	25488	737	0	0
4495	54	1896	25488	631	144	286	54	1893	25494	737	0	0
4496	54	1893	25494	787	1490	669	54	1890	25500	737	0	0
4497	54	1890	25500	419	191	561	54	1887	25506	737	0	0
4498	54	1887	25506	1221	186	438	54	1884	25512	737	0	0
4499	54	1884	25512	364	1530	556	54	1881	25518	737	0	0
4500	54	1881	25518	296	999	1404	54	1878	25524	737	0	0
4501	54	1878	25524	1873	304	422	54	1875	25530	737	0	0
4502	54	1875	25530	1584	214	273	54	1872	25536	737	0	0
4503	54	1872	25536	641	825	1703	54	1869	25542	737	0	0
4504	54	1869	25542	1270	1063	1068	54	1866	25548	737	0	0
4505	54	1866	25548	70	1342	115	54	1863	25554	737	0	0
4506	54	1863	25554	716	280	1252	54	1860	25560	737	0	0
4507	54	1860	25560	1701	1765	23	54	1858	25564	738	0	0
4508	54	1858	25564	731	818	770	54	1855	25570	738	0	0
4509	54	1855	25570	206	978	295	54	1852	25576	738	0	0
4510	54	1852	25576	809	592	492	54	1849	25582	738	0	0
4511	54	1849	25582	606	1107	133	54	1846	25588	738	0	0
4512	54	1846	25588	529	727	853	54	1843	25594	738	0	0
4513	54	1843	25594	1127	382	1591	54	1840	25600	738	0	0
4514	54	1840	25600	1433	1371	1156	54	1837	25606	738	0	0
4515	54	1837	25606	873	742	1290	54	1834	25612	738	0	0
4516	54	1834	25612	168	259	1622	54	1831	25618	738	0	0
4517	54	1831	25618	600	212	1724	54	1828	25624	738	0	0
4518	54	1828	25624	980	297	765	54	1825	25630	738	0	0
4519	54	1825	25630	629	980	1817	54	1822	25636	738	0	0
4520	54	1822	25636	181	39	806	54	1820	25640	739	0	0
4521	54	1820	25640	1864	1348	362	54	1817	25646	739	0	0
4522	54	1817	25646	231	642	469	54	1814	25652	739	0	0
4523	54	1814	25652	1591	412	1506	54	1811	25658	739	0	0
4524	54	1811	25658	1166	727	1261	54	1808	25664	739	0	0
4525	54	1808	25664	1506	118	162	54	1805	25670	739	0	0
4526	54	1805	25670	1744	8	343	54	1803	25674	740	0	0
4527	54	1803	25674	217	1687	45	54	1801	25678	741	0	0
4528	54	1801	25678	151	1515	1292	54	1798	25684	741	0	0
4529	54	1798	25684	583	1205	1781	54	1795	25690	741	0	0
4530	54	1795	25690	928	309	1310	54	1792	25696	741	0	0
4531	54	1792	25696	8	1623	691	54	1790	25700	742	0	0
4532	54	1790	25700	986	634	1422	54	1787	25706	742	0	0
4533	54	1787	25706	1570	722	187	54	1784	25712	742	0	0
4534	54	1784	25712	1564	657	1272	54	1781	25718	742	0	0
4535	54	1781	25718	1783	1594	240	54	1778	25724	742	0	0
4536	54	1778	25724	595	47	207	54	1776	25728	743	0	0
4537	54	1776	25728	740	422	127	54	1773	25734	743	0	0
4538	54	1773	25734	1095	929	574	54	1770	25740	743	0	0
4539	54	1770	25740	1592	1690	401	54	1767	25746	743	0	0
4540	54	1767	25746	569	1001	1068	54	1764	25752	743	0	0
4541	54	1764	25752	1024	1165	1756	54	1761	25758	743	0	0
4542	54	1761	25758	18	1275	552	54	1759	25762	744	0	0
4543	54	1759	25762	208	1145	1478	54	1756	25768	744	0	0
4544	54	1756	25768	667	1695	724	54	1753	25774	744	0	0
4545	54	1753	25774	290	53	541	54	1751	25778	745	0	0
4546	54	1751	25778	970	1231	706	54	1748	25784	745	0	0
4547	54	1748	25784	1533	566	669	54	1745	25790	745	0	0
4548	54	1745	25790	812	1220	515	54	1742	25796	745	0	0
4549	54	1742	25796	1738	1359	1628	54	1739	25802	745	0	0
4550	54	1739	25802	737	924	170	54	1736	25808	745	0	0
4551	54	1736	25808	1494	460	1183	54	1733	25814	745	0	0
4552	54	1733	25814	337	1532	1096	54	1730	25820	745	0	0
4553	54	1730	25820	534	673	1019	54	1727	25826	745	0	0
4554	54	1727	25826	1160	1725	923	54	1724	25832	745	0	0
4555	54	1724	25832	685	1676	825	54	1721	25838	745	0	0
4556	54	1721	25838	44	1288	1197	54	1719	25842	746	0	0
4557	54	1719	25842	702	1610	950	54	1716	25848	746	0	0
4558	54	1716	25848	396	1657	326	54	1713	25854	746	0	0
4559	54	1713	25854	459	1738	1699	54	1710	25860	746	0	0
4560	54	1710	25860	225	1737	1141	54	1707	25866	746	0	0
4561	54	1707	25866	1141	1537	112	54	1704	25872	746	0	0
4562	54	1704	25872	532	7	549	54	1702	25876	747	0	0
4563	54	1702	25876	924	125	1128	54	1699	25882	747	0	0
4564	54	1699	25882	310	1131	996	54	1696	25888	747	0	0
4565	54	1696	25888	139	1432	512	54	1693	25894	747	0	0
4566	54	1693	25894	293	968	366	54	1690	25900	747	0	0
4567	54	1690	25900	1418	251	512	54	1687	25906	747	0	0
4568	54	1687	25906	2	961	916	54	1685	25910	748	0	0
4569	54	1685	25910	1357	1647	1597	54	1682	25916	748	0	0
4570	54	1682	25916	685	40	1217	54	1680	25920	749	0	0
4571	54	1680	25920	1027	1414	793	54	1677	25926	749	0	0
4572	54	1677	25926	1073	1684	914	54	1674	25932	749	0	0
4573	54	1674	25932	179	1292	1645	54	1671	25938	749	0	0
4574	54	1671	25938	1673	1120	1476	54	1668	25944	749	0	0
4575	54	1668	25944	1571	121	1557	54	1665	25950	749	0	0
4576	54	1665	25950	1501	775	12	54	1663	25954	750	0	0
4577	54	1663	25954	451	1614	551	54	1660	25960	750	0	0
4578	54	1660	25960	1326	400	1019	54	1657	25966	750	0	0
4579	54	1657	25966	943	1111	1221	54	1654	25972	750	0	0
4580	54	1654	25972	690	208	769	54	1651	25978	750	0	0
4581	54	1651	25978	1217	952	989	54	1648	25984	750	0	0
4582	54	1648	25984	1286	34	1509	54	1646	25988	751	0	0
4583	54	1646	25988	1083	607	1215	54	1643	25994	751	0	0
4584	54	1643	25994	710	217	1126	54	1640	26000	751	0	0
4585	54	1640	26000	1519	1129	1340	54	1637	26006	751	0	0
4586	54	1637	26006	1432	956	580	54	1634	26012	751	0	0
4587	54	1634	26012	1298	1294	1129	54	1631	26018	751	0	0
4588	54	1631	26018	580	664	1309	54	1628	26024	751	0	0
4589	54	1628	26024	1422	711	972	54	1625	26030	751	0	0
4590	54	1625	26030	302	300	1294	54	1622	26036	751	0	0
4591	54	1622	26036	1535	1498	1282	54	1619	26042	751	0	0
4592	54	1619	26042	601	1136	1369	54	1616	26048	751	0	0
4593	54	1616	26048	351	920	720	54	1613	26054	751	0	0
4594	54	1613	26054	700	1054	869	54	1610	26060	751	0	0
4595	54	1610	26060	451	1049	726	54	1607	26066	751	0	0
4596	54	1607	26066	812	1358	939	54	1604	26072	751	0	0
4597	54	1604	26072	590	1485	778	54	1601	26078	751	0	0
4598	54	1601	26078	1302	147	1421	54	1598	26084	751	0	0
4599	54	1598	26084	1221	926	1612	54	1595	26090	751	0	0
4600	54	1595	26090	1478	658	1462	54	1592	26096	751	0	0
4601	54	1592	26096	588	669	343	54	1589	26102	751	0	0
4602	54	1589	26102	726	998	1565	54	1586	26108	751	0	0
4603	54	1586	26108	149	1473	1458	54	1583	26114	751	0	0
4604	54	1583	26114	383	204	1417	54	1580	26120	751	0	0
4605	54	1580	26120	307	584	948	54	1577	26126	751	0	0
4606	54	1577	26126	727	603	818	54	1574	26132	751	0	0
4607	54	1574	26132	1584	136	994	54	1571	26138	751	0	0
4608	54	1571	26138	1467	228	645	54	1568	26144	751	0	0
4609	54	1568	26144	887	1433	831	54	1565	26150	751	0	0
4610	54	1565	26150	1485	457	1383	54	1562	26156	751	0	0
4611	54	1562	26156	136	1265	773	54	1559	26162	751	0	0
4612	54	1559	26162	35	663	1187	54	1557	26166	752	0	0
4613	54	1557	26166	476	1512	453	54	1554	26172	752	0	0
4614	54	1554	26172	231	1247	958	54	1551	26178	752	0	0
4615	54	1551	26178	308	433	376	54	1548	26184	752	0	0
4616	54	1548	26184	1292	982	1271	54	1545	26190	752	0	0
4617	54	1545	26190	245	349	69	54	1542	26196	752	0	0
4618	54	1542	26196	179	1169	1323	54	1539	26202	752	0	0
4619	54	1539	26202	340	108	1175	54	1536	26208	752	0	0
4620	54	1536	26208	519	945	1328	54	1533	26214	752	0	0
4621	54	1533	26214	1503	66	288	54	1530	26220	752	0	0
4622	54	1530	26220	898	1369	728	54	1527	26226	752	0	0
4623	54	1527	26226	928	1313	255	54	1524	26232	752	0	0
4624	54	1524	26232	1122	5	1158	54	1522	26236	753	0	0
4625	54	1522	26236	300	76	14	54	1520	26240	754	0	0
4626	54	1520	26240	1013	1560	755	54	1517	26246	754	0	0
4627	54	1517	26246	818	670	1507	54	1514	26252	754	0	0
4628	54	1514	26252	1135	1395	536	54	1511	26258	754	0	0
4629	54	1511	26258	791	731	1242	54	1508	26264	754	0	0
4630	54	1508	26264	747	333	284	54	1505	26270	754	0	0
4631	54	1505	26270	1403	1543	724	54	1502	26276	754	0	0
4632	54	1502	26276	952	631	48	54	1500	26280	755	0	0
4633	54	1500	26280	659	377	302	54	1497	26286	755	0	0
4634	54	1497	26286	504	820	1417	54	1494	26292	755	0	0
4635	54	1494	26292	998	1011	1506	54	1491	26298	755	0	0
4636	54	1491	26298	326	1239	433	54	1488	26304	755	0	0
4637	54	1488	26304	405	488	1432	54	1485	26310	755	0	0
4638	54	1485	26310	1490	642	144	54	1482	26316	755	0	0
4639	54	1482	26316	144	965	593	54	1479	26322	755	0	0
4640	54	1479	26322	1395	32	1141	54	1477	26326	756	0	0
4641	54	1477	26326	1341	794	606	54	1474	26332	756	0	0
4642	54	1474	26332	1327	51	690	54	1472	26336	757	0	0
4643	54	1472	26336	1294	969	963	54	1469	26342	757	0	0
4644	54	1469	26342	1432	836	1000	54	1466	26348	757	0	0
4645	54	1466	26348	708	37	1267	54	1464	26352	758	0	0
4646	54	1464	26352	1238	381	287	54	1461	26358	758	0	0
4647	54	1461	26358	280	201	820	54	1458	26364	758	0	0
4648	54	1458	26364	302	613	17	54	1456	26368	759	0	0
4649	54	1456	26368	290	1119	1066	54	1453	26374	759	0	0
4650	54	1453	26374	544	700	942	54	1450	26380	759	0	0
4651	54	1450	26380	1212	840	179	54	1447	26386	759	0	0
4652	54	1447	26386	936	302	85	54	1444	26392	759	0	0
4653	54	1444	26392	585	595	1315	54	1441	26398	759	0	0
4654	54	1441	26398	726	748	1329	54	1438	26404	759	0	0
4655	54	1438	26404	35	632	1244	54	1436	26408	760	0	0
4656	54	1436	26408	867	1460	1276	54	1433	26414	760	0	0
4657	54	1433	26414	295	716	1435	54	1430	26420	760	0	0
4658	54	1430	26420	71	187	425	54	1427	26426	760	0	0
4659	54	1427	26426	660	224	447	54	1424	26432	760	0	0
4660	54	1424	26432	1275	616	1447	54	1421	26438	760	0	0
4661	54	1421	26438	60	856	1254	54	1418	26444	760	0	0
4662	54	1418	26444	738	33	347	54	1416	26448	761	0	0
4663	54	1416	26448	640	460	800	54	1413	26454	761	0	0
4664	54	1413	26454	809	381	827	54	1410	26460	761	0	0
4665	54	1410	26460	388	1110	328	54	1407	26466	761	0	0
4666	54	1407	26466	546	1143	415	54	1404	26472	761	0	0
4667	54	1404	26472	1033	1316	337	54	1401	26478	761	0	0
4668	54	1401	26478	1039	460	778	54	1398	26484	761	0	0
4669	54	1398	26484	595	160	237	54	1395	26490	761	0	0
4670	54	1395	26490	1130	1085	895	54	1392	26496	761	0	0
4671	54	1392	26496	227	293	1050	54	1389	26502	761	0	0
4672	54	1389	26502	976	585	691	54	1386	26508	761	0	0
4673	54	1386	26508	970	673	1371	54	1383	26514	761	0	0
4674	54	1383	26514	937	1254	1244	54	1380	26520	761	0	0
4675	54	1380	26520	385	1203	1190	54	1377	26526	761	0	0
4676	54	1377	26526	1041	1184	178	54	1374	26532	761	0	0
4677	54	1374	26532	877	78	97	54	1371	26538	761	0	0
4678	54	1371	26538	1371	405	569	54	1368	26544	761	0	0
4679	54	1368	26544	1176	666	872	54	1365	26550	761	0	0
4680	54	1365	26550	1182	627	931	54	1362	26556	761	0	0
4681	54	1362	26556	1019	1260	1158	54	1359	26562	761	0	0
4682	54	1359	26562	566	875	858	54	1356	26568	761	0	0
4683	54	1356	26568	698	359	165	54	1353	26574	761	0	0
4684	54	1353	26574	369	899	1356	54	1350	26580	761	0	0
4685	54	1350	26580	147	538	1382	54	1347	26586	761	0	0
4686	54	1347	26586	1370	1257	733	54	1344	26592	761	0	0
4687	54	1344	26592	685	553	892	54	1341	26598	761	0	0
4688	54	1341	26598	1241	324	112	54	1338	26604	761	0	0
4689	54	1338	26604	1183	492	1313	54	1335	26610	761	0	0
4690	54	1335	26610	1261	1251	687	54	1332	26616	761	0	0
4691	54	1332	26616	135	969	395	54	1329	26622	761	0	0
4692	54	1329	26622	211	990	1164	54	1326	26628	761	0	0
4693	54	1326	26628	1001	99	1172	54	1323	26634	761	0	0
4694	54	1323	26634	197	263	1122	54	1320	26640	761	0	0
4695	54	1320	26640	723	870	461	54	1317	26646	761	0	0
4696	54	1317	26646	1119	837	856	54	1314	26652	761	0	0
4697	54	1314	26652	1102	968	986	54	1311	26658	761	0	0
4698	54	1311	26658	1203	801	1068	54	1308	26664	761	0	0
4699	54	1308	26664	1108	1007	1041	54	1305	26670	761	0	0
4700	54	1305	26670	72	1289	713	54	1302	26676	761	0	0
4701	54	1302	26676	92	37	747	54	1300	26680	762	0	0
4702	54	1300	26680	318	753	1352	54	1297	26686	762	0	0
4703	54	1297	26686	208	1065	354	54	1294	26692	762	0	0
4704	54	1294	26692	579	1033	301	54	1291	26698	762	0	0
4705	54	1291	26698	1303	378	970	54	1288	26704	762	0	0
4706	54	1288	26704	106	1254	812	54	1285	26710	762	0	0
4707	54	1285	26710	792	825	969	54	1282	26716	762	0	0
4708	54	1282	26716	171	845	16	54	1280	26720	763	0	0
4709	54	1280	26720	749	360	919	54	1277	26726	763	0	0
4710	54	1277	26726	1074	1287	421	54	1274	26732	763	0	0
4711	54	1274	26732	880	1135	247	54	1271	26738	763	0	0
4712	54	1271	26738	534	364	474	54	1268	26744	763	0	0
4713	54	1268	26744	358	690	506	54	1265	26750	763	0	0
4714	54	1265	26750	304	759	963	54	1262	26756	763	0	0
4715	54	1262	26756	532	662	234	54	1259	26762	763	0	0
4716	54	1259	26762	292	922	538	54	1256	26768	763	0	0
4717	54	1256	26768	489	1048	1248	54	1253	26774	763	0	0
4718	54	1253	26774	1279	1224	10	54	1251	26778	764	0	0
4719	54	1251	26778	73	506	555	54	1248	26784	764	0	0
4720	54	1248	26784	782	1196	0	54	1246	26788	765	0	0
4721	54	1246	26788	710	1140	592	54	1243	26794	765	0	0
4722	54	1243	26794	201	1221	667	54	1240	26800	765	0	0
4723	54	1240	26800	1055	872	700	54	1237	26806	765	0	0
4724	54	1237	26806	1128	193	195	54	1234	26812	765	0	0
4725	54	1234	26812	183	373	268	54	1231	26818	765	0	0
4726	54	1231	26818	1149	1167	817	54	1228	26824	765	0	0
4727	54	1228	26824	235	878	679	54	1225	26830	765	0	0
4728	54	1225	26830	92	1051	385	54	1222	26836	765	0	0
4729	54	1222	26836	67	803	341	54	1219	26842	765	0	0
4730	54	1219	26842	952	251	3	54	1217	26846	766	0	0
4731	54	1217	26846	388	274	1141	54	1214	26852	766	0	0
4732	54	1214	26852	980	154	945	54	1211	26858	766	0	0
4733	54	1211	26858	755	1178	1195	54	1208	26864	766	0	0
4734	54	1208	26864	1192	1151	526	54	1205	26870	766	0	0
4735	54	1205	26870	979	910	627	54	1202	26876	766	0	0
4736	54	1202	26876	698	1230	494	54	1199	26882	766	0	0
4737	54	1199	26882	787	969	625	54	1196	26888	766	0	0
4738	54	1196	26888	55	1158	920	54	1193	26894	766	0	0
4739	54	1193	26894	77	299	260	54	1190	26900	766	0	0
4740	54	1190	26900	1096	1115	441	54	1187	26906	766	0	0
4741	54	1187	26906	926	1181	963	54	1184	26912	766	0	0
4742	54	1184	26912	42	1211	189	54	1182	26916	767	0	0
4743	54	1182	26916	114	943	1147	54	1179	26922	767	0	0
4744	54	1179	26922	151	1151	827	54	1176	26928	767	0	0
4745	54	1176	26928	912	879	1050	54	1173	26934	767	0	0
4746	54	1173	26934	156	730	1162	54	1170	26940	767	0	0
4747	54	1170	26940	919	113	1169	54	1167	26946	767	0	0
4748	54	1167	26946	818	273	1212	54	1164	26952	767	0	0
4749	54	1164	26952	342	910	1015	54	1161	26958	767	0	0
4750	54	1161	26958	292	331	1092	54	1158	26964	767	0	0
4751	54	1158	26964	630	1132	399	54	1155	26970	767	0	0
4752	54	1155	26970	1101	354	166	54	1152	26976	767	0	0
4753	54	1152	26976	407	707	255	54	1149	26982	767	0	0
4754	54	1149	26982	1037	301	1019	54	1146	26988	767	0	0
4755	54	1146	26988	302	1013	201	54	1143	26994	767	0	0
4756	54	1143	26994	274	497	271	54	1140	27000	767	0	0
4757	54	1140	27000	1075	174	81	54	1137	27006	767	0	0
4758	54	1137	27006	769	117	1138	54	1134	27012	767	0	0
4759	54	1134	27012	266	617	635	54	1131	27018	767	0	0
4760	54	1131	27018	594	738	244	54	1128	27024	767	0	0
4761	54	1128	27024	429	975	1128	54	1125	27030	767	0	0
4762	54	1125	27030	305	59	119	54	1122	27036	767	0	0
4763	54	1122	27036	78	1030	97	54	1119	27042	767	0	0
4764	54	1119	27042	239	103	589	54	1116	27048	767	0	0
4765	54	1116	27048	1129	563	348	54	1113	27054	767	0	0
4766	54	1113	27054	278	704	912	54	1110	27060	767	0	0
4767	54	1110	27060	169	423	199	54	1107	27066	767	0	0
4768	54	1107	27066	304	822	688	54	1104	27072	767	0	0
4769	54	1104	27072	306	172	966	54	1101	27078	767	0	0
4770	54	1101	27078	894	848	107	54	1098	27084	767	0	0
4771	54	1098	27084	554	939	824	54	1095	27090	767	0	0
4772	54	1095	27090	1134	906	1088	54	1092	27096	767	0	0
4773	54	1092	27096	11	468	73	54	1090	27100	768	0	0
4774	54	1090	27100	156	17	732	54	1088	27104	769	0	0
4775	54	1088	27104	337	767	694	54	1085	27110	769	0	0
4776	54	1085	27110	598	520	856	54	1082	27116	769	0	0
4777	54	1082	27116	886	743	398	54	1079	27122	769	0	0
4778	54	1079	27122	1125	81	869	54	1076	27128	769	0	0
4779	54	1076	27128	599	221	1094	54	1073	27134	769	0	0
4780	54	1073	27134	761	1036	625	54	1070	27140	769	0	0
4781	54	1070	27140	647	548	724	54	1067	27146	769	0	0
4782	54	1067	27146	765	1027	806	54	1064	27152	769	0	0
4783	54	1064	27152	872	812	255	54	1061	27158	769	0	0
4784	54	1061	27158	642	768	514	54	1058	27164	769	0	0
4785	54	1058	27164	879	654	538	54	1055	27170	769	0	0
4786	54	1055	27170	1029	1063	559	54	1052	27176	769	0	0
4787	54	1052	27176	374	352	160	54	1049	27182	769	0	0
4788	54	1049	27182	183	1026	96	54	1046	27188	769	0	0
4789	54	1046	27188	558	661	875	54	1043	27194	769	0	0
4790	54	1043	27194	413	873	358	54	1040	27200	769	0	0
4791	54	1040	27200	315	170	616	54	1037	27206	769	0	0
4792	54	1037	27206	401	583	256	54	1034	27212	769	0	0
4793	54	1034	27212	463	89	337	54	1031	27218	769	0	0
4794	54	1031	27218	197	454	719	54	1028	27224	769	0	0
4795	54	1028	27224	757	211	632	54	1025	27230	769	0	0
4796	54	1025	27230	87	1024	482	54	1022	27236	769	0	0
4797	54	1022	27236	21	1000	565	54	1020	27240	770	0	0
4798	54	1020	27240	1021	429	1045	54	1017	27246	770	0	0
4799	54	1017	27246	98	493	112	54	1014	27252	770	0	0
4800	54	1014	27252	230	110	1037	54	1011	27258	770	0	0
4801	54	1011	27258	122	623	761	54	1008	27264	770	0	0
4802	54	1008	27264	463	644	481	54	1005	27270	770	0	0
4803	54	1005	27270	934	457	598	54	1002	27276	770	0	0
4804	54	1002	27276	648	457	825	54	999	27282	770	0	0
4805	54	999	27282	510	819	76	54	996	27288	770	0	0
4806	54	996	27288	271	884	158	54	993	27294	770	0	0
4807	54	993	27294	368	780	490	54	990	27300	770	0	0
4808	54	990	27300	57	298	84	54	987	27306	770	0	0
4809	54	987	27306	22	52	478	55	2428	27308	772	1442	0
4810	55	2428	27308	695	1812	1350	55	2425	27314	772	0	0
4811	55	2425	27314	2387	107	461	55	2422	27320	772	0	0
4812	55	2422	27320	1447	517	1902	55	2419	27326	772	0	0
4813	55	2419	27326	1790	798	1475	55	2416	27332	772	0	0
4814	55	2416	27332	1311	1772	997	55	2413	27338	772	0	0
4815	55	2413	27338	2268	1171	32	55	2411	27342	773	0	0
4816	55	2411	27342	1940	307	1796	55	2408	27348	773	0	0
4817	55	2408	27348	1314	2241	1956	55	2405	27354	773	0	0
4818	55	2405	27354	1416	2405	428	55	2402	27360	773	0	0
4819	55	2402	27360	1225	398	691	55	2399	27366	773	0	0
4820	55	2399	27366	1791	2241	396	55	2396	27372	773	0	0
4821	55	2396	27372	878	1855	1464	55	2393	27378	773	0	0
4822	55	2393	27378	1136	479	1399	55	2390	27384	773	0	0
4823	55	2390	27384	907	146	1052	55	2387	27390	773	0	0
4824	55	2387	27390	1443	1404	2301	55	2384	27396	773	0	0
4825	55	2384	27396	307	2430	1656	55	2381	27402	773	0	0
4826	55	2381	27402	1261	2168	806	55	2378	27408	773	0	0
4827	55	2378	27408	1204	108	1701	55	2375	27414	773	0	0
4828	55	2375	27414	107	2041	1712	55	2372	27420	773	0	0
4829	55	2372	27420	1518	929	415	55	2369	27426	773	0	0
4830	55	2369	27426	1950	1425	384	55	2366	27432	773	0	0
4831	55	2366	27432	1854	1559	237	55	2363	27438	773	0	0
4832	55	2363	27438	791	1490	63	55	2360	27444	773	0	0
4833	55	2360	27444	1140	2201	1814	55	2357	27450	773	0	0
4834	55	2357	27450	3	1762	1508	55	2355	27454	774	0	0
4835	55	2355	27454	98	1552	2067	55	2352	27460	774	0	0
4836	55	2352	27460	878	614	813	55	2349	27466	774	0	0
4837	55	2349	27466	1747	773	1105	55	2346	27472	774	0	0
4838	55	2346	27472	2355	1154	2397	55	2343	27478	774	0	0
4839	55	2343	27478	1277	1917	967	55	2340	27484	774	0	0
4840	55	2340	27484	39	221	529	55	2338	27488	775	0	0
4841	55	2338	27488	2053	679	1276	55	2335	27494	775	0	0
4842	55	2335	27494	1747	800	1088	55	2332	27500	775	0	0
4843	55	2332	27500	1290	212	1605	55	2329	27506	775	0	0
4844	55	2329	27506	560	2186	656	55	2326	27512	775	0	0
4845	55	2326	27512	1463	1889	964	55	2323	27518	775	0	0
4846	55	2323	27518	994	1578	1380	55	2320	27524	775	0	0
4847	55	2320	27524	490	2228	1509	55	2317	27530	775	0	0
4848	55	2317	27530	160	147	669	55	2314	27536	775	0	0
4849	55	2314	27536	2	1656	230	55	2312	27540	776	0	0
4850	55	2312	27540	545	2256	376	55	2309	27546	776	0	0
4851	55	2309	27546	1345	1093	1592	55	2306	27552	776	0	0
4852	55	2306	27552	328	1934	2113	55	2303	27558	776	0	0
4853	55	2303	27558	2045	1819	1010	55	2300	27564	776	0	0
4854	55	2300	27564	436	2290	636	55	2297	27570	776	0	0
4855	55	2297	27570	1836	1077	1336	55	2294	27576	776	0	0
4856	55	2294	27576	1276	2081	2028	55	2291	27582	776	0	0
4857	55	2291	27582	1326	1586	2027	55	2288	27588	776	0	0
4858	55	2288	27588	646	1666	874	55	2285	27594	776	0	0
4859	55	2285	27594	2213	1770	495	55	2282	27600	776	0	0
4860	55	2282	27600	834	1578	1252	55	2279	27606	776	0	0
4861	55	2279	27606	1242	297	220	55	2276	27612	776	0	0
4862	55	2276	27612	1079	404	30	55	2274	27616	777	0	0
4863	55	2274	27616	44	1545	1251	55	2272	27620	778	0	0
4864	55	2272	27620	2018	487	2171	55	2269	27626	778	0	0
4865	55	2269	27626	537	292	1074	55	2266	27632	778	0	0
4866	55	2266	27632	1423	1610	1596	55	2263	27638	778	0	0
4867	55	2263	27638	1463	1826	145	55	2260	27644	778	0	0
4868	55	2260	27644	1376	2236	2005	55	2257	27650	778	0	0
4869	55	2257	27650	1268	88	377	55	2254	27656	778	0	0
4870	55	2254	27656	141	255	681	55	2251	27662	778	0	0
4871	55	2251	27662	2134	158	180	55	2248	27668	778	0	0
4872	55	2248	27668	205	884	1063	55	2245	27674	778	0	0
4873	55	2245	27674	854	241	1205	55	2242	27680	778	0	0
4874	55	2242	27680	1020	2192	2043	55	2239	27686	778	0	0
4875	55	2239	27686	2191	852	824	55	2236	27692	778	0	0
4876	55	2236	27692	1474	598	2191	55	2233	27698	778	0	0
4877	55	2233	27698	1263	1042	1355	55	2230	27704	778	0	0
4878	55	2230	27704	851	804	1018	55	2227	27710	778	0	0
4879	55	2227	27710	1900	1695	2150	55	2224	27716	778	0	0
4880	55	2224	27716	2083	400	309	55	2221	27722	778	0	0
4881	55	2221	27722	2041	889	1225	55	2218	27728	778	0	0
4882	55	2218	27728	1594	864	304	55	2215	27734	778	0	0
4883	55	2215	27734	1239	1837	553	55	2212	27740	778	0	0
4884	55	2212	27740	394	1686	719	55	2209	27746	778	0	0
4885	55	2209	27746	1102	1252	1248	55	2206	27752	778	0	0
4886	55	2206	27752	1699	60	181	55	2203	27758	778	0	0
4887	55	2203	27758	1409	947	1671	55	2200	27764	778	0	0
4888	55	2200	27764	1772	702	1342	55	2197	27770	778	0	0
4889	55	2197	27770	1409	961	1821	55	2194	27776	778	0	0
4890	55	2194	27776	105	512	332	55	2191	27782	778	0	0
4891	55	2191	27782	2222	267	1692	55	2188	27788	778	0	0
4892	55	2188	27788	979	445	1109	55	2185	27794	778	0	0
4893	55	2185	27794	642	1313	265	55	2182	27800	778	0	0
4894	55	2182	27800	572	991	1098	55	2179	27806	778	0	0
4895	55	2179	27806	1642	1038	549	55	2176	27812	778	0	0
4896	55	2176	27812	2145	2080	1744	55	2173	27818	778	0	0
4897	55	2173	27818	1146	2084	1186	55	2170	27824	778	0	0
4898	55	2170	27824	14	1764	2065	55	2168	27828	779	0	0
4899	55	2168	27828	1200	1848	1177	55	2165	27834	779	0	0
4900	55	2165	27834	1728	566	1105	55	2162	27840	779	0	0
4901	55	2162	27840	2006	1625	914	55	2159	27846	779	0	0
4902	55	2159	27846	1462	878	1353	55	2156	27852	779	0	0
4903	55	2156	27852	764	2206	1988	55	2153	27858	779	0	0
4904	55	2153	27858	512	1488	44	55	2151	27862	780	0	0
4905	55	2151	27862	487	1745	1873	55	2148	27868	780	0	0
4906	55	2148	27868	1808	482	1796	55	2145	27874	780	0	0
4907	55	2145	27874	83	1577	1867	55	2142	27880	780	0	0
4908	55	2142	27880	169	1529	940	55	2139	27886	780	0	0
4909	55	2139	27886	379	951	122	55	2136	27892	780	0	0
4910	55	2136	27892	831	1882	672	55	2133	27898	780	0	0
4911	55	2133	27898	1432	503	1341	55	2130	27904	780	0	0
4912	55	2130	27904	2184	1400	472	55	2127	27910	780	0	0
4913	55	2127	27910	1068	2105	2056	55	2124	27916	780	0	0
4914	55	2124	27916	630	86	1338	55	2121	27922	780	0	0
4915	55	2121	27922	74	329	1333	55	2118	27928	780	0	0
4916	55	2118	27928	1649	1396	2044	55	2115	27934	780	0	0
4917	55	2115	27934	1446	2038	1953	55	2112	27940	780	0	0
4918	55	2112	27940	1201	1448	904	55	2109	27946	780	0	0
4919	55	2109	27946	1669	1879	776	55	2106	27952	780	0	0
4920	55	2106	27952	1069	1026	1093	55	2103	27958	780	0	0
4921	55	2103	27958	2010	2017	312	55	2100	27964	780	0	0
4922	55	2100	27964	710	84	442	55	2097	27970	780	0	0
4923	55	2097	27970	1381	1812	1674	55	2094	27976	780	0	0
4924	55	2094	27976	11	922	1086	55	2092	27980	781	0	0
4925	55	2092	27980	497	1405	723	55	2089	27986	781	0	0
4926	55	2089	27986	1480	1022	269	55	2086	27992	781	0	0
4927	55	2086	27992	2117	2080	2126	55	2083	27998	781	0	0
4928	55	2083	27998	213	1470	1929	55	2080	28004	781	0	0
4929	55	2080	28004	1032	1656	1360	55	2077	28010	781	0	0
4930	55	2077	28010	1129	1282	1955	55	2074	28016	781	0	0
4931	55	2074	28016	988	1706	1793	55	2071	28022	781	0	0
4932	55	2071	28022	513	1309	1854	55	2068	28028	781	0	0
4933	55	2068	28028	785	327	364	55	2065	28034	781	0	0
4934	55	2065	28034	404	828	1113	55	2062	28040	781	0	0
4935	55	2062	28040	1456	524	2042	55	2059	28046	781	0	0
4936	55	2059	28046	128	241	928	55	2056	28052	781	0	0
4937	55	2056	28052	368	1982	28	55	2054	28056	782	0	0
4938	55	2054	28056	686	905	162	55	2051	28062	782	0	0
4939	55	2051	28062	702	318	2049	55	2048	28068	782	0	0
4940	55	2048	28068	1551	676	1828	55	2045	28074	782	0	0
4941	55	2045	28074	1122	539	1869	55	2042	28080	782	0	0
4942	55	2042	28080	1641	669	626	55	2039	28086	782	0	0
4943	55	2039	28086	1871	1656	308	55	2036	28092	782	0	0
4944	55	2036	28092	1248	1959	1791	55	2033	28098	782	0	0
4945	55	2033	28098	1062	920	1883	55	2030	28104	782	0	0
4946	55	2030	28104	98	170	893	55	2027	28110	782	0	0
4947	55	2027	28110	152	1783	1674	55	2024	28116	782	0	0
4948	55	2024	28116	217	1726	998	55	2021	28122	782	0	0
4949	55	2021	28122	521	125	1747	55	2018	28128	782	0	0
4950	55	2018	28128	1722	12	422	55	2016	28132	783	0	0
4951	55	2016	28132	766	30	201	55	2014	28136	784	0	0
4952	55	2014	28136	415	406	1197	55	2011	28142	784	0	0
4953	55	2011	28142	1369	1275	1426	55	2008	28148	784	0	0
4954	55	2008	28148	876	811	45	55	2006	28152	785	0	0
4955	55	2006	28152	1438	1968	1781	55	2003	28158	785	0	0
4956	55	2003	28158	561	322	462	55	2000	28164	785	0	0
4957	55	2000	28164	58	624	1464	55	1997	28170	785	0	0
4958	55	1997	28170	731	1257	539	55	1994	28176	785	0	0
4959	55	1994	28176	1734	248	1469	55	1991	28182	785	0	0
4960	55	1991	28182	423	1419	1339	55	1988	28188	785	0	0
4961	55	1988	28188	1557	570	1771	55	1985	28194	785	0	0
4962	55	1985	28194	1571	1440	606	55	1982	28200	785	0	0
4963	55	1982	28200	339	1467	902	55	1979	28206	785	0	0
4964	55	1979	28206	1659	1253	1234	55	1976	28212	785	0	0
4965	55	1976	28212	1337	524	1884	55	1973	28218	785	0	0
4966	55	1973	28218	495	1675	1352	55	1970	28224	785	0	0
4967	55	1970	28224	73	1397	1591	55	1967	28230	785	0	0
4968	55	1967	28230	2000	1463	1487	55	1964	28236	785	0	0
4969	55	1964	28236	981	36	608	55	1962	28240	786	0	0
4970	55	1962	28240	215	903	114	55	1959	28246	786	0	0
4971	55	1959	28246	965	1517	1194	55	1956	28252	786	0	0
4972	55	1956	28252	888	32	337	55	1954	28256	787	0	0
4973	55	1954	28256	293	1831	1388	55	1951	28262	787	0	0
4974	55	1951	28262	1807	278	108	55	1948	28268	787	0	0
4975	55	1948	28268	995	57	1265	55	1945	28274	787	0	0
4976	55	1945	28274	1394	1559	202	55	1942	28280	787	0	0
4977	55	1942	28280	1946	364	1783	55	1939	28286	787	0	0
4978	55	1939	28286	1273	1834	717	55	1936	28292	787	0	0
4979	55	1936	28292	849	1202	950	55	1933	28298	787	0	0
4980	55	1933	28298	112	1247	74	55	1930	28304	787	0	0
4981	55	1930	28304	1810	1029	283	55	1927	28310	787	0	0
4982	55	1927	28310	1441	1097	1096	55	1924	28316	787	0	0
4983	55	1924	28316	419	1118	1130	55	1921	28322	787	0	0
4984	55	1921	28322	937	1057	627	55	1918	28328	787	0	0
4985	55	1918	28328	112	1299	1832	55	1915	28334	787	0	0
4986	55	1915	28334	49	612	147	55	1913	28338	788	0	0
4987	55	1913	28338	218	845	54	55	1911	28342	789	0	0
4988	55	1911	28342	1073	1788	522	55	1908	28348	789	0	0
4989	55	1908	28348	1414	904	420	55	1905	28354	789	0	0
4990	55	1905	28354	583	832	1859	55	1902	28360	789	0	0
4991	55	1902	28360	589	498	1023	55	1899	28366	789	0	0
4992	55	1899	28366	1889	322	172	55	1896	28372	789	0	0
4993	55	1896	28372	519	1602	452	55	1893	28378	789	0	0
4994	55	1893	28378	1857	1609	600	55	1890	28384	789	0	0
4995	55	1890	28384	1771	1806	998	55	1887	28390	789	0	0
4996	55	1887	28390	1941	579	823	55	1884	28396	789	0	0
4997	55	1884	28396	1217	584	1092	55	1881	28402	789	0	0
4998	55	1881	28402	284	1897	675	55	1878	28408	789	0	0
4999	55	1878	28408	860	1610	1898	55	1875	28414	789	0	0
5000	55	1875	28414	929	963	1	55	1873	28418	790	0	0
5001	55	1873	28418	1298	208	1634	55	1870	28424	790	0	0
5002	55	1870	28424	837	491	894	55	1867	28430	790	0	0
5003	55	1867	28430	730	1445	778	55	1864	28436	790	0	0
5004	55	1864	28436	259	993	570	55	1861	28442	790	0	0
5005	55	1861	28442	1695	1218	1382	55	1858	28448	790	0	0
5006	55	1858	28448	661	1500	1193	55	1855	28454	790	0	0
5007	55	1855	28454	769	869	860	55	1852	28460	790	0	0
5008	55	1852	28460	1549	97	1274	55	1849	28466	790	0	0
5009	55	1849	28466	930	1648	1586	55	1846	28472	790	0	0
5010	55	1846	28472	294	696	1217	55	1843	28478	790	0	0
5011	55	1843	28478	501	1737	486	55	1840	28484	790	0	0
5012	55	1840	28484	161	1263	750	55	1837	28490	790	0	0
5013	55	1837	28490	933	979	1415	55	1834	28496	790	0	0
5014	55	1834	28496	338	1448	1204	55	1831	28502	790	0	0
5015	55	1831	28502	987	1716	51	55	1829	28506	791	0	0
5016	55	1829	28506	245	14	371	55	1827	28510	792	0	0
5017	55	1827	28510	167	1468	934	55	1824	28516	792	0	0
5018	55	1824	28516	85	588	1346	55	1821	28522	792	0	0
5019	55	1821	28522	357	1251	1457	55	1818	28528	792	0	0
5020	55	1818	28528	480	269	1314	55	1815	28534	792	0	0
5021	55	1815	28534	136	873	1392	55	1812	28540	792	0	0
5022	55	1812	28540	98	543	1014	55	1809	28546	792	0	0
5023	55	1809	28546	1105	1048	1462	55	1806	28552	792	0	0
5024	55	1806	28552	426	1437	337	55	1803	28558	792	0	0
5025	55	1803	28558	203	1212	1196	55	1800	28564	792	0	0
5026	55	1800	28564	419	1009	1109	55	1797	28570	792	0	0
5027	55	1797	28570	1497	1767	162	55	1794	28576	792	0	0
5028	55	1794	28576	732	691	1467	55	1791	28582	792	0	0
5029	55	1791	28582	1256	138	1365	55	1788	28588	792	0	0
5030	55	1788	28588	1839	713	1602	55	1785	28594	792	0	0
5031	55	1785	28594	379	645	1605	55	1782	28600	792	0	0
5032	55	1782	28600	552	1696	1228	55	1779	28606	792	0	0
5033	55	1779	28606	1812	918	771	55	1776	28612	792	0	0
5034	55	1776	28612	1560	1332	1262	55	1773	28618	792	0	0
5035	55	1773	28618	1281	82	1167	55	1770	28624	792	0	0
5036	55	1770	28624	449	1417	1220	55	1767	28630	792	0	0
5037	55	1767	28630	845	1293	298	55	1764	28636	792	0	0
5038	55	1764	28636	910	1806	151	55	1761	28642	792	0	0
5039	55	1761	28642	125	1349	1311	55	1758	28648	792	0	0
5040	55	1758	28648	449	1634	227	55	1755	28654	792	0	0
5041	55	1755	28654	459	1307	1576	55	1752	28660	792	0	0
5042	55	1752	28660	833	472	1562	55	1749	28666	792	0	0
5043	55	1749	28666	1223	131	1263	55	1746	28672	792	0	0
5044	55	1746	28672	409	201	555	55	1743	28678	792	0	0
5045	55	1743	28678	1795	1053	1107	55	1740	28684	792	0	0
5046	55	1740	28684	296	1019	29	55	1738	28688	793	0	0
5047	55	1738	28688	1379	885	433	55	1735	28694	793	0	0
5048	55	1735	28694	735	627	30	55	1733	28698	794	0	0
5049	55	1733	28698	47	362	225	55	1731	28702	795	0	0
5050	55	1731	28702	120	1618	1539	55	1728	28708	795	0	0
5051	55	1728	28708	466	1510	950	55	1725	28714	795	0	0
5052	55	1725	28714	1537	1748	1753	55	1722	28720	795	0	0
5053	55	1722	28720	1391	683	495	55	1719	28726	795	0	0
5054	55	1719	28726	2	1734	12	56	1834	28728	797	116	0
5055	56	1834	28728	112	813	253	56	1831	28734	797	0	0
5056	56	1831	28734	1274	1400	606	56	1828	28740	797	0	0
5057	56	1828	28740	1176	774	140	56	1825	28746	797	0	0
5058	56	1825	28746	308	1749	1147	56	1822	28752	797	0	0
5059	56	1822	28752	1341	1065	1609	56	1819	28758	797	0	0
5060	56	1819	28758	372	1336	1357	56	1816	28764	797	0	0
5061	56	1816	28764	1272	1677	926	56	1813	28770	797	0	0
5062	56	1813	28770	626	841	773	56	1810	28776	797	0	0
5063	56	1810	28776	818	532	1310	56	1807	28782	797	0	0
5064	56	1807	28782	744	1603	1362	56	1804	28788	797	0	0
5065	56	1804	28788	1731	225	882	56	1801	28794	797	0	0
5066	56	1801	28794	727	322	129	56	1798	28800	797	0	0
5067	56	1798	28800	1557	338	911	56	1795	28806	797	0	0
5068	56	1795	28806	898	1422	47	56	1793	28810	798	0	0
5069	56	1793	28810	107	366	1129	56	1790	28816	798	0	0
5070	56	1790	28816	887	1271	929	56	1787	28822	798	0	0
5071	56	1787	28822	1092	1211	1775	56	1784	28828	798	0	0
5072	56	1784	28828	1547	277	34	56	1782	28832	799	0	0
5073	56	1782	28832	1442	997	1227	56	1779	28838	799	0	0
5074	56	1779	28838	770	429	343	56	1776	28844	799	0	0
5075	56	1776	28844	1115	1279	1822	56	1773	28850	799	0	0
5076	56	1773	28850	1406	1703	1559	56	1770	28856	799	0	0
5077	56	1770	28856	1081	1136	1580	56	1767	28862	799	0	0
5078	56	1767	28862	1534	1578	987	56	1764	28868	799	0	0
5079	56	1764	28868	837	11	431	56	1762	28872	800	0	0
5080	56	1762	28872	586	907	18	56	1760	28876	801	0	0
5081	56	1760	28876	1567	192	831	56	1757	28882	801	0	0
5082	56	1757	28882	1375	21	1464	56	1755	28886	802	0	0
5083	56	1755	28886	1806	576	950	56	1752	28892	802	0	0
5084	56	1752	28892	1687	1645	1241	56	1749	28898	802	0	0
5085	56	1749	28898	867	1518	803	56	1746	28904	802	0	0
5086	56	1746	28904	1159	1769	1355	56	1743	28910	802	0	0
5087	56	1743	28910	476	211	1342	56	1740	28916	802	0	0
5088	56	1740	28916	1639	1640	1418	56	1737	28922	802	0	0
5089	56	1737	28922	1081	1380	1359	56	1734	28928	802	0	0
5090	56	1734	28928	1681	563	857	56	1731	28934	802	0	0
5091	56	1731	28934	806	227	236	56	1728	28940	802	0	0
5092	56	1728	28940	1177	1760	553	56	1725	28946	802	0	0
5093	56	1725	28946	1454	1591	1746	56	1722	28952	802	0	0
5094	56	1722	28952	541	581	111	56	1719	28958	802	0	0
5095	56	1719	28958	1594	911	1605	56	1716	28964	802	0	0
5096	56	1716	28964	1020	1659	62	56	1713	28970	802	0	0
5097	56	1713	28970	1396	984	246	56	1710	28976	802	0	0
5098	56	1710	28976	133	1120	1322	56	1707	28982	802	0	0
5099	56	1707	28982	1474	295	1302	56	1704	28988	802	0	0
5100	56	1704	28988	834	1665	997	56	1701	28994	802	0	0
5101	56	1701	28994	378	464	1616	56	1698	29000	802	0	0
5102	56	1698	29000	880	978	476	56	1695	29006	802	0	0
5103	56	1695	29006	1517	1585	1213	56	1692	29012	802	0	0
5104	56	1692	29012	1384	1563	1224	56	1689	29018	802	0	0
5105	56	1689	29018	1660	496	1025	56	1686	29024	802	0	0
5106	56	1686	29024	1219	771	40	56	1684	29028	803	0	0
5107	56	1684	29028	1547	1699	209	56	1681	29034	803	0	0
5108	56	1681	29034	726	458	1492	56	1678	29040	803	0	0
5109	56	1678	29040	142	1498	1179	56	1675	29046	803	0	0
5110	56	1675	29046	1364	607	1695	56	1672	29052	803	0	0
5111	56	1672	29052	390	57	1339	56	1669	29058	803	0	0
5112	56	1669	29058	665	1419	1428	56	1666	29064	803	0	0
5113	56	1666	29064	1681	81	637	56	1663	29070	803	0	0
5114	56	1663	29070	137	697	1456	56	1660	29076	803	0	0
5115	56	1660	29076	1390	1667	27	56	1658	29080	804	0	0
5116	56	1658	29080	807	1203	1013	56	1655	29086	804	0	0
5117	56	1655	29086	754	1153	235	56	1652	29092	804	0	0
5118	56	1652	29092	1380	1020	1613	56	1649	29098	804	0	0
5119	56	1649	29098	314	683	481	56	1646	29104	804	0	0
5120	56	1646	29104	919	430	1449	56	1643	29110	804	0	0
5121	56	1643	29110	237	1218	264	56	1640	29116	804	0	0
5122	56	1640	29116	1254	1075	1088	56	1637	29122	804	0	0
5123	56	1637	29122	1332	1316	522	56	1634	29128	804	0	0
5124	56	1634	29128	990	140	1138	56	1631	29134	804	0	0
5125	56	1631	29134	727	1368	1192	56	1628	29140	804	0	0
5126	56	1628	29140	871	327	1480	56	1625	29146	804	0	0
5127	56	1625	29146	922	1365	1078	56	1622	29152	804	0	0
5128	56	1622	29152	1356	1407	1354	56	1619	29158	804	0	0
5129	56	1619	29158	328	533	302	56	1616	29164	804	0	0
5130	56	1616	29164	754	714	388	56	1613	29170	804	0	0
5131	56	1613	29170	1284	825	1050	56	1610	29176	804	0	0
5132	56	1610	29176	735	1518	1449	56	1607	29182	804	0	0
5133	56	1607	29182	1368	986	723	56	1604	29188	804	0	0
5134	56	1604	29188	43	1236	142	56	1602	29192	805	0	0
5135	56	1602	29192	1508	1567	724	56	1599	29198	805	0	0
5136	56	1599	29198	1468	1648	1322	56	1596	29204	805	0	0
5137	56	1596	29204	442	1235	40	56	1594	29208	806	0	0
5138	56	1594	29208	1193	101	566	56	1591	29214	806	0	0
5139	56	1591	29214	555	1479	173	56	1588	29220	806	0	0
5140	56	1588	29220	1023	772	1614	56	1585	29226	806	0	0
5141	56	1585	29226	765	399	1115	56	1582	29232	806	0	0
5142	56	1582	29232	1129	1483	1176	56	1579	29238	806	0	0
5143	56	1579	29238	963	927	1573	56	1576	29244	806	0	0
5144	56	1576	29244	182	1423	681	56	1573	29250	806	0	0
5145	56	1573	29250	786	653	73	56	1570	29256	806	0	0
5146	56	1570	29256	1481	1010	335	56	1567	29262	806	0	0
5147	56	1567	29262	705	1503	660	56	1564	29268	806	0	0
5148	56	1564	29268	1328	71	1368	56	1561	29274	806	0	0
5149	56	1561	29274	104	1528	1373	56	1558	29280	806	0	0
5150	56	1558	29280	1120	387	1358	56	1555	29286	806	0	0
5151	56	1555	29286	84	1288	127	56	1552	29292	806	0	0
5152	56	1552	29292	197	704	1446	56	1549	29298	806	0	0
5153	56	1549	29298	393	382	307	56	1546	29304	806	0	0
5154	56	1546	29304	786	1228	659	56	1543	29310	806	0	0
5155	56	1543	29310	1211	1171	721	56	1540	29316	806	0	0
5156	56	1540	29316	773	1178	761	56	1537	29322	806	0	0
5157	56	1537	29322	761	280	324	56	1534	29328	806	0	0
5158	56	1534	29328	959	1163	494	56	1531	29334	806	0	0
5159	56	1531	29334	771	736	758	56	1528	29340	806	0	0
5160	56	1528	29340	580	836	840	56	1525	29346	806	0	0
5161	56	1525	29346	729	1090	408	56	1522	29352	806	0	0
5162	56	1522	29352	746	393	1292	56	1519	29358	806	0	0
5163	56	1519	29358	1019	676	246	56	1516	29364	806	0	0
5164	56	1516	29364	193	132	268	56	1513	29370	806	0	0
5165	56	1513	29370	1367	289	1365	56	1510	29376	806	0	0
5166	56	1510	29376	978	813	1048	56	1507	29382	806	0	0
5167	56	1507	29382	1314	1423	205	56	1504	29388	806	0	0
5168	56	1504	29388	1255	878	592	56	1501	29394	806	0	0
5169	56	1501	29394	1130	33	1498	56	1499	29398	807	0	0
5170	56	1499	29398	749	7	1260	56	1497	29402	808	0	0
5171	56	1497	29402	759	998	1149	56	1494	29408	808	0	0
5172	56	1494	29408	496	687	1233	56	1491	29414	808	0	0
5173	56	1491	29414	873	1041	821	56	1488	29420	808	0	0
5174	56	1488	29420	735	162	1403	56	1485	29426	808	0	0
5175	56	1485	29426	545	648	20	56	1483	29430	809	0	0
5176	56	1483	29430	962	658	413	56	1480	29436	809	0	0
5177	56	1480	29436	189	59	305	56	1477	29442	809	0	0
5178	56	1477	29442	899	603	1206	56	1474	29448	809	0	0
5179	56	1474	29448	524	1391	70	56	1471	29454	809	0	0
5180	56	1471	29454	863	1266	1279	56	1468	29460	809	0	0
5181	56	1468	29460	498	1208	50	56	1466	29464	810	0	0
5182	56	1466	29464	1373	626	562	56	1463	29470	810	0	0
5183	56	1463	29470	199	671	610	56	1460	29476	810	0	0
5184	56	1460	29476	1433	456	1436	56	1457	29482	810	0	0
5185	56	1457	29482	687	286	1136	56	1454	29488	810	0	0
5186	56	1454	29488	1458	1375	421	56	1451	29494	810	0	0
5187	56	1451	29494	1353	1478	372	56	1448	29500	810	0	0
5188	56	1448	29500	963	30	1461	56	1446	29504	811	0	0
5189	56	1446	29504	378	60	1452	56	1443	29510	811	0	0
5190	56	1443	29510	848	1449	339	56	1440	29516	811	0	0
5191	56	1440	29516	1349	968	989	56	1437	29522	811	0	0
5192	56	1437	29522	1105	1355	847	56	1434	29528	811	0	0
5193	56	1434	29528	956	210	540	56	1431	29534	811	0	0
5194	56	1431	29534	1152	1137	955	56	1428	29540	811	0	0
5195	56	1428	29540	275	1460	1459	56	1425	29546	811	0	0
5196	56	1425	29546	633	810	905	56	1422	29552	811	0	0
5197	56	1422	29552	53	1137	466	56	1420	29556	812	0	0
5198	56	1420	29556	858	67	557	56	1417	29562	812	0	0
5199	56	1417	29562	261	169	139	56	1414	29568	812	0	0
5200	56	1414	29568	1195	1066	1078	56	1411	29574	812	0	0
5201	56	1411	29574	662	156	187	56	1408	29580	812	0	0
5202	56	1408	29580	578	1305	597	56	1405	29586	812	0	0
5203	56	1405	29586	646	1163	867	56	1402	29592	812	0	0
5204	56	1402	29592	273	267	761	56	1399	29598	812	0	0
5205	56	1399	29598	888	1072	1076	56	1396	29604	812	0	0
5206	56	1396	29604	140	297	1231	56	1393	29610	812	0	0
5207	56	1393	29610	416	670	195	56	1390	29616	812	0	0
5208	56	1390	29616	58	1037	1236	56	1387	29622	812	0	0
5209	56	1387	29622	1197	697	519	56	1384	29628	812	0	0
5210	56	1384	29628	815	494	249	56	1381	29634	812	0	0
5211	56	1381	29634	1124	370	524	56	1378	29640	812	0	0
5212	56	1378	29640	1406	1120	985	56	1375	29646	812	0	0
5213	56	1375	29646	1160	218	1342	56	1372	29652	812	0	0
5214	56	1372	29652	917	923	798	56	1369	29658	812	0	0
5215	56	1369	29658	767	1285	823	56	1366	29664	812	0	0
5216	56	1366	29664	307	972	584	56	1363	29670	812	0	0
5217	56	1363	29670	891	457	512	56	1360	29676	812	0	0
5218	56	1360	29676	1134	814	4	56	1358	29680	813	0	0
5219	56	1358	29680	1252	347	1274	56	1355	29686	813	0	0
5220	56	1355	29686	666	113	471	56	1352	29692	813	0	0
5221	56	1352	29692	1267	721	699	56	1349	29698	813	0	0
5222	56	1349	29698	811	1158	526	56	1346	29704	813	0	0
5223	56	1346	29704	773	340	589	56	1343	29710	813	0	0
5224	56	1343	29710	1274	1155	1247	56	1340	29716	813	0	0
5225	56	1340	29716	923	21	955	56	1338	29720	814	0	0
5226	56	1338	29720	735	303	1003	56	1335	29726	814	0	0
5227	56	1335	29726	1336	945	871	56	1332	29732	814	0	0
5228	56	1332	29732	795	341	1212	56	1329	29738	814	0	0
5229	56	1329	29738	1260	964	688	56	1326	29744	814	0	0
5230	56	1326	29744	986	1352	1050	56	1323	29750	814	0	0
5231	56	1323	29750	443	1105	299	56	1320	29756	814	0	0
5232	56	1320	29756	858	892	988	56	1317	29762	814	0	0
5233	56	1317	29762	859	889	545	56	1314	29768	814	0	0
5234	56	1314	29768	418	422	333	56	1311	29774	814	0	0
5235	56	1311	29774	640	546	952	56	1308	29780	814	0	0
5236	56	1308	29780	468	1072	19	56	1306	29784	815	0	0
5237	56	1306	29784	202	786	274	56	1303	29790	815	0	0
5238	56	1303	29790	1239	1117	81	56	1300	29796	815	0	0
5239	56	1300	29796	970	964	866	56	1297	29802	815	0	0
5240	56	1297	29802	110	1251	1191	56	1294	29808	815	0	0
5241	56	1294	29808	937	190	264	56	1291	29814	815	0	0
5242	56	1291	29814	461	915	531	56	1288	29820	815	0	0
5243	56	1288	29820	256	329	1271	56	1285	29826	815	0	0
5244	56	1285	29826	1078	576	1312	56	1282	29832	815	0	0
5245	56	1282	29832	129	1254	470	56	1279	29838	815	0	0
5246	56	1279	29838	809	374	1029	56	1276	29844	815	0	0
5247	56	1276	29844	289	112	1040	56	1273	29850	815	0	0
5248	56	1273	29850	324	233	312	56	1270	29856	815	0	0
5249	56	1270	29856	1172	858	144	56	1267	29862	815	0	0
5250	56	1267	29862	103	3	346	56	1265	29866	816	0	0
5251	56	1265	29866	657	819	658	56	1262	29872	816	0	0
5252	56	1262	29872	653	821	1310	56	1259	29878	816	0	0
5253	56	1259	29878	491	1053	56	56	1256	29884	816	0	0
5254	56	1256	29884	1090	48	1160	56	1254	29888	817	0	0
5255	56	1254	29888	908	48	362	56	1252	29892	818	0	0
5256	56	1252	29892	184	338	154	56	1249	29898	818	0	0
5257	56	1249	29898	851	74	828	56	1246	29904	818	0	0
5258	56	1246	29904	542	504	873	56	1243	29910	818	0	0
5259	56	1243	29910	76	793	691	56	1240	29916	818	0	0
5260	56	1240	29916	337	372	26	56	1238	29920	819	0	0
5261	56	1238	29920	443	1215	454	56	1235	29926	819	0	0
5262	56	1235	29926	647	935	382	56	1232	29932	819	0	0
5263	56	1232	29932	627	746	603	56	1229	29938	819	0	0
5264	56	1229	29938	69	428	1281	56	1226	29944	819	0	0
5265	56	1226	29944	471	668	225	56	1223	29950	819	0	0
5266	56	1223	29950	1245	288	908	56	1220	29956	819	0	0
5267	56	1220	29956	571	120	601	56	1217	29962	819	0	0
5268	56	1217	29962	842	751	12	56	1215	29966	820	0	0
5269	56	1215	29966	1130	620	1197	56	1212	29972	820	0	0
5270	56	1212	29972	1038	218	1187	56	1209	29978	820	0	0
5271	56	1209	29978	1222	761	1172	56	1206	29984	820	0	0
5272	56	1206	29984	649	1035	801	56	1203	29990	820	0	0
5273	56	1203	29990	719	418	543	56	1200	29996	820	0	0
5274	56	1200	29996	174	1122	1067	56	1197	30002	820	0	0
5275	56	1197	30002	1152	354	106	56	1194	30008	820	0	0
5276	56	1194	30008	948	184	1188	56	1191	30014	820	0	0
5277	56	1191	30014	1199	267	23	56	1189	30018	821	0	0
5278	56	1189	30018	853	818	211	56	1186	30024	821	0	0
5279	56	1186	30024	985	958	50	56	1184	30028	822	0	0
5280	56	1184	30028	1121	1052	1162	56	1181	30034	822	0	0
5281	56	1181	30034	567	634	225	56	1178	30040	822	0	0
5282	56	1178	30040	1122	709	449	56	1175	30046	822	0	0
5283	56	1175	30046	34	832	723	56	1173	30050	823	0	0
5284	56	1173	30050	232	500	572	56	1170	30056	823	0	0
5285	56	1170	30056	1141	332	388	56	1167	30062	823	0	0
5286	56	1167	30062	38	514	1054	56	1165	30066	824	0	0
5287	56	1165	30066	217	323	425	56	1162	30072	824	0	0
5288	56	1162	30072	395	256	164	56	1159	30078	824	0	0
5289	56	1159	30078	562	35	661	56	1157	30082	825	0	0
5290	56	1157	30082	887	449	84	56	1154	30088	825	0	0
5291	56	1154	30088	1092	426	619	56	1151	30094	825	0	0
5292	56	1151	30094	1151	757	705	56	1148	30100	825	0	0
5293	56	1148	30100	1064	494	798	56	1145	30106	825	0	0
5294	56	1145	30106	706	7	1069	56	1143	30110	826	0	0
5295	56	1143	30110	682	717	777	56	1140	30116	826	0	0
5296	56	1140	30116	639	621	19	56	1138	30120	827	0	0
5297	56	1138	30120	641	260	959	56	1135	30126	827	0	0
5298	56	1135	30126	174	862	662	56	1132	30132	827	0	0
5299	56	1132	30132	760	356	253	56	1129	30138	827	0	0
5300	56	1129	30138	63	281	905	56	1126	30144	827	0	0
5301	56	1126	30144	906	632	378	56	1123	30150	827	0	0
5302	56	1123	30150	1027	274	988	56	1120	30156	827	0	0
5303	56	1120	30156	553	1128	503	56	1117	30162	827	0	0
5304	56	1117	30162	452	263	844	56	1114	30168	827	0	0
5305	56	1114	30168	672	563	945	56	1111	30174	827	0	0
5306	56	1111	30174	728	904	663	56	1108	30180	827	0	0
5307	56	1108	30180	937	385	161	56	1105	30186	827	0	0
5308	56	1105	30186	718	370	1100	56	1102	30192	827	0	0
5309	56	1102	30192	942	919	1119	56	1099	30198	827	0	0
5310	56	1099	30198	124	350	23	56	1097	30202	828	0	0
5311	56	1097	30202	1092	886	611	56	1094	30208	828	0	0
5312	56	1094	30208	1040	757	187	56	1091	30214	828	0	0
5313	56	1091	30214	992	815	253	56	1088	30220	828	0	0
5314	56	1088	30220	6	892	307	56	1086	30224	829	0	0
5315	56	1086	30224	672	544	1029	56	1083	30230	829	0	0
5316	56	1083	30230	668	1032	77	56	1080	30236	829	0	0
5317	56	1080	30236	554	361	898	56	1077	30242	829	0	0
5318	56	1077	30242	144	122	572	56	1074	30248	829	0	0
5319	56	1074	30248	816	855	132	56	1071	30254	829	0	0
5320	56	1071	30254	344	625	747	56	1068	30260	829	0	0
5321	56	1068	30260	320	1083	40	56	1066	30264	830	0	0
5322	56	1066	30264	600	529	1085	56	1063	30270	830	0	0
5323	56	1063	30270	267	364	27	56	1061	30274	831	0	0
5324	56	1061	30274	406	187	223	56	1058	30280	831	0	0
5325	56	1058	30280	70	557	215	56	1055	30286	831	0	0
5326	56	1055	30286	519	637	995	56	1052	30292	831	0	0
5327	56	1052	30292	47	472	322	56	1050	30296	832	0	0
5328	56	1050	30296	792	731	73	56	1047	30302	832	0	0
5329	56	1047	30302	1035	311	229	56	1044	30308	832	0	0
5330	56	1044	30308	167	686	468	56	1041	30314	832	0	0
5331	56	1041	30314	326	882	111	56	1038	30320	832	0	0
5332	56	1038	30320	7	831	942	56	1036	30324	833	0	0
5333	56	1036	30324	724	581	990	56	1033	30330	833	0	0
5334	56	1033	30330	399	1072	391	56	1030	30336	833	0	0
5335	56	1030	30336	922	832	844	56	1027	30342	833	0	0
5336	56	1027	30342	390	895	442	56	1024	30348	833	0	0
5337	56	1024	30348	515	109	298	56	1021	30354	833	0	0
5338	56	1021	30354	660	1050	779	56	1018	30360	833	0	0
5339	56	1018	30360	853	204	301	56	1015	30366	833	0	0
5340	56	1015	30366	43	753	625	56	1013	30370	834	0	0
5341	56	1013	30370	647	363	586	56	1010	30376	834	0	0
5342	56	1010	30376	509	1054	450	56	1007	30382	834	0	0
5343	56	1007	30382	934	367	603	56	1004	30388	834	0	0
5344	56	1004	30388	863	566	1052	56	1001	30394	834	0	0
5345	56	1001	30394	329	81	852	56	998	30400	834	0	0
5346	56	998	30400	165	18	47	57	1685	30402	836	688	0
5347	57	1685	30402	325	1262	88	57	1682	30408	836	0	0
5348	57	1682	30408	1046	1182	1627	57	1679	30414	836	0	0
5349	57	1679	30414	749	334	698	57	1676	30420	836	0	0
5350	57	1676	30420	332	1281	1263	57	1673	30426	836	0	0
5351	57	1673	30426	982	176	1405	57	1670	30432	836	0	0
5352	57	1670	30432	993	463	1330	57	1667	30438	836	0	0
5353	57	1667	30438	1702	960	161	57	1664	30444	836	0	0
5354	57	1664	30444	375	1073	423	57	1661	30450	836	0	0
5355	57	1661	30450	68	669	280	57	1658	30456	836	0	0
5356	57	1658	30456	1341	40	1656	57	1656	30460	837	0	0
5357	57	1656	30460	1070	1383	982	57	1653	30466	837	0	0
5358	57	1653	30466	199	739	477	57	1650	30472	837	0	0
5359	57	1650	30472	578	1603	384	57	1647	30478	837	0	0
5360	57	1647	30478	382	1165	959	57	1644	30484	837	0	0
5361	57	1644	30484	300	1047	236	57	1641	30490	837	0	0
5362	57	1641	30490	1150	197	1052	57	1638	30496	837	0	0
5363	57	1638	30496	490	1614	1379	57	1635	30502	837	0	0
5364	57	1635	30502	1182	485	909	57	1632	30508	837	0	0
5365	57	1632	30508	524	1115	1551	57	1629	30514	837	0	0
5366	57	1629	30514	366	701	845	57	1626	30520	837	0	0
5367	57	1626	30520	314	1552	1614	57	1623	30526	837	0	0
5368	57	1623	30526	1537	545	300	57	1620	30532	837	0	0
5369	57	1620	30532	692	635	1670	57	1617	30538	837	0	0
5370	57	1617	30538	777	764	628	57	1614	30544	837	0	0
5371	57	1614	30544	944	459	529	57	1611	30550	837	0	0
5372	57	1611	30550	1149	1580	789	57	1608	30556	837	0	0
5373	57	1608	30556	877	589	591	57	1605	30562	837	0	0
5374	57	1605	30562	1508	247	484	57	1602	30568	837	0	0
5375	57	1602	30568	261	832	662	57	1599	30574	837	0	0
5376	57	1599	30574	1078	1139	722	57	1596	30580	837	0	0
5377	57	1596	30580	950	865	680	57	1593	30586	837	0	0
5378	57	1593	30586	1158	1425	1472	57	1590	30592	837	0	0
5379	57	1590	30592	216	1585	1323	57	1587	30598	837	0	0
5380	57	1587	30598	72	660	591	57	1584	30604	837	0	0
5381	57	1584	30604	696	1524	1402	57	1581	30610	837	0	0
5382	57	1581	30610	446	1021	1287	57	1578	30616	837	0	0
5383	57	1578	30616	399	277	1027	57	1575	30622	837	0	0
5384	57	1575	30622	1099	789	1219	57	1572	30628	837	0	0
5385	57	1572	30628	122	247	1380	57	1569	30634	837	0	0
5386	57	1569	30634	570	205	1003	57	1566	30640	837	0	0
5387	57	1566	30640	1509	614	178	57	1563	30646	837	0	0
5388	57	1563	30646	213	834	782	57	1560	30652	837	0	0
5389	57	1560	30652	1346	318	27	57	1558	30656	838	0	0
5390	57	1558	30656	1511	231	226	57	1555	30662	838	0	0
5391	57	1555	30662	1469	586	978	57	1552	30668	838	0	0
5392	57	1552	30668	987	206	51	57	1550	30672	839	0	0
5393	57	1550	30672	1357	1040	1366	57	1547	30678	839	0	0
5394	57	1547	30678	732	1213	182	57	1544	30684	839	0	0
5395	57	1544	30684	694	1329	261	57	1541	30690	839	0	0
5396	57	1541	30690	1253	1488	990	57	1538	30696	839	0	0
5397	57	1538	30696	217	869	292	57	1535	30702	839	0	0
5398	57	1535	30702	493	324	305	57	1532	30708	839	0	0
5399	57	1532	30708	1394	941	31	57	1530	30712	840	0	0
5400	57	1530	30712	278	152	1468	57	1527	30718	840	0	0
5401	57	1527	30718	509	1087	1095	57	1524	30724	840	0	0
5402	57	1524	30724	1552	80	797	57	1521	30730	840	0	0
5403	57	1521	30730	492	281	972	57	1518	30736	840	0	0
5404	57	1518	30736	761	1125	1002	57	1515	30742	840	0	0
5405	57	1515	30742	1456	1118	1469	57	1512	30748	840	0	0
5406	57	1512	30748	1230	831	1074	57	1509	30754	840	0	0
5407	57	1509	30754	1085	1004	1470	57	1506	30760	840	0	0
5408	57	1506	30760	1335	786	447	57	1503	30766	840	0	0
5409	57	1503	30766	1255	167	550	57	1500	30772	840	0	0
5410	57	1500	30772	126	1406	242	57	1497	30778	840	0	0
5411	57	1497	30778	1125	1215	781	57	1494	30784	840	0	0
5412	57	1494	30784	62	873	384	57	1491	30790	840	0	0
5413	57	1491	30790	1313	918	843	57	1488	30796	840	0	0
5414	57	1488	30796	808	1188	1024	57	1485	30802	840	0	0
5415	57	1485	30802	104	758	1250	57	1482	30808	840	0	0
5416	57	1482	30808	354	1095	1310	57	1479	30814	840	0	0
5417	57	1479	30814	710	577	371	57	1476	30820	840	0	0
5418	57	1476	30820	202	226	658	57	1473	30826	840	0	0
5419	57	1473	30826	1327	1232	1141	57	1470	30832	840	0	0
5420	57	1470	30832	992	1516	366	57	1467	30838	840	0	0
5421	57	1467	30838	1291	304	519	57	1464	30844	840	0	0
5422	57	1464	30844	792	408	802	57	1461	30850	840	0	0
5423	57	1461	30850	668	1390	886	57	1458	30856	840	0	0
5424	57	1458	30856	1491	656	1272	57	1455	30862	840	0	0
5425	57	1455	30862	75	234	1428	57	1452	30868	840	0	0
5426	57	1452	30868	8	694	389	57	1450	30872	841	0	0
5427	57	1450	30872	822	519	112	57	1447	30878	841	0	0
5428	57	1447	30878	1049	1204	960	57	1444	30884	841	0	0
5429	57	1444	30884	2	843	1281	57	1442	30888	842	0	0
5430	57	1442	30888	1399	826	580	57	1439	30894	842	0	0
5431	57	1439	30894	39	903	456	57	1437	30898	843	0	0
5432	57	1437	30898	254	65	1215	57	1434	30904	843	0	0
5433	57	1434	30904	728	931	655	57	1431	30910	843	0	0
5434	57	1431	30910	887	431	461	57	1428	30916	843	0	0
5435	57	1428	30916	212	1419	1016	57	1425	30922	843	0	0
5436	57	1425	30922	566	800	1130	57	1422	30928	843	0	0
5437	57	1422	30928	52	1061	319	57	1420	30932	844	0	0
5438	57	1420	30932	1033	538	995	57	1417	30938	844	0	0
5439	57	1417	30938	584	1259	1395	57	1414	30944	844	0	0
5440	57	1414	30944	686	825	1075	57	1411	30950	844	0	0
5441	57	1411	30950	487	581	49	57	1409	30954	845	0	0
5442	57	1409	30954	1306	860	737	57	1406	30960	845	0	0
5443	57	1406	30960	829	1308	1097	57	1403	30966	845	0	0
5444	57	1403	30966	984	1046	1059	57	1400	30972	845	0	0
5445	57	1400	30972	298	198	69	57	1397	30978	845	0	0
5446	57	1397	30978	1200	1228	198	57	1394	30984	845	0	0
5447	57	1394	30984	24	162	614	57	1392	30988	846	0	0
5448	57	1392	30988	53	797	280	57	1390	30992	847	0	0
5449	57	1390	30992	720	652	604	57	1387	30998	847	0	0
5450	57	1387	30998	47	801	814	57	1385	31002	848	0	0
5451	57	1385	31002	407	405	618	57	1382	31008	848	0	0
5452	57	1382	31008	1325	412	119	57	1379	31014	848	0	0
5453	57	1379	31014	1062	1070	870	57	1376	31020	848	0	0
5454	57	1376	31020	201	114	18	57	1374	31024	849	0	0
5455	57	1374	31024	165	676	164	57	1371	31030	849	0	0
5456	57	1371	31030	455	675	819	57	1368	31036	849	0	0
5457	57	1368	31036	1095	844	411	57	1365	31042	849	0	0
5458	57	1365	31042	581	267	1109	57	1362	31048	849	0	0
5459	57	1362	31048	7	232	858	57	1360	31052	850	0	0
5460	57	1360	31052	287	331	663	57	1357	31058	850	0	0
5461	57	1357	31058	623	36	1217	57	1355	31062	851	0	0
5462	57	1355	31062	192	44	1129	57	1353	31066	852	0	0
5463	57	1353	31066	968	1059	681	57	1350	31072	852	0	0
5464	57	1350	31072	343	81	974	57	1347	31078	852	0	0
5465	57	1347	31078	1	141	488	57	1345	31082	853	0	0
5466	57	1345	31082	287	645	1148	57	1342	31088	853	0	0
5467	57	1342	31088	857	869	883	57	1339	31094	853	0	0
5468	57	1339	31094	1329	969	1347	57	1336	31100	853	0	0
5469	57	1336	31100	89	344	352	57	1333	31106	853	0	0
5470	57	1333	31106	1389	38	1197	57	1331	31110	854	0	0
5471	57	1331	31110	154	1144	378	57	1328	31116	854	0	0
5472	57	1328	31116	931	1225	689	57	1325	31122	854	0	0
5473	57	1325	31122	546	1110	479	57	1322	31128	854	0	0
5474	57	1322	31128	612	498	768	57	1319	31134	854	0	0
5475	57	1319	31134	181	731	1176	57	1316	31140	854	0	0
5476	57	1316	31140	350	1344	1365	57	1313	31146	854	0	0
5477	57	1313	31146	763	325	1108	57	1310	31152	854	0	0
5478	57	1310	31152	1042	1047	216	57	1307	31158	854	0	0
5479	57	1307	31158	846	602	815	57	1304	31164	854	0	0
5480	57	1304	31164	492	1251	438	57	1301	31170	854	0	0
5481	57	1301	31170	1246	1035	1291	57	1298	31176	854	0	0
5482	57	1298	31176	995	408	61	57	1295	31182	854	0	0
5483	57	1295	31182	0	1146	443	57	1293	31186	855	0	0
5484	57	1293	31186	193	319	305	57	1290	31192	855	0	0
5485	57	1290	31192	873	471	88	57	1287	31198	855	0	0
5486	57	1287	31198	594	471	539	57	1284	31204	855	0	0
5487	57	1284	31204	655	3	1325	57	1282	31208	856	0	0
5488	57	1282	31208	688	684	167	57	1279	31214	856	0	0
5489	57	1279	31214	940	571	795	57	1276	31220	856	0	0
5490	57	1276	31220	262	278	264	57	1273	31226	856	0	0
5491	57	1273	31226	1009	7	31	58	1408	31228	858	136	0
5492	58	1408	31228	328	622	1256	58	1405	31234	858	0	0
5493	58	1405	31234	593	1162	72	58	1402	31240	858	0	0
5494	58	1402	31240	598	552	737	58	1399	31246	858	0	0
5495	58	1399	31246	1441	951	645	58	1396	31252	858	0	0
5496	58	1396	31252	487	1232	1278	58	1393	31258	858	0	0
5497	58	1393	31258	833	702	1003	58	1390	31264	858	0	0
5498	58	1390	31264	478	1320	14	58	1388	31268	859	0	0
5499	58	1388	31268	1272	930	338	58	1385	31274	859	0	0
5500	58	1385	31274	1177	80	192	58	1382	31280	859	0	0
5501	58	1382	31280	838	436	1348	58	1379	31286	859	0	0
5502	58	1379	31286	202	250	38	58	1377	31290	860	0	0
5503	58	1377	31290	1421	903	1389	58	1374	31296	860	0	0
5504	58	1374	31296	258	1297	1040	58	1371	31302	860	0	0
5505	58	1371	31302	345	1298	409	58	1368	31308	860	0	0
5506	58	1368	31308	141	1061	138	58	1365	31314	860	0	0
5507	58	1365	31314	358	830	1222	58	1362	31320	860	0	0
5508	58	1362	31320	714	1102	200	58	1359	31326	860	0	0
5509	58	1359	31326	1150	646	909	58	1356	31332	860	0	0
5510	58	1356	31332	870	369	881	58	1353	31338	860	0	0
5511	58	1353	31338	455	808	924	58	1350	31344	860	0	0
5512	58	1350	31344	628	1052	1024	58	1347	31350	860	0	0
5513	58	1347	31350	798	968	1239	58	1344	31356	860	0	0
5514	58	1344	31356	395	749	821	58	1341	31362	860	0	0
5515	58	1341	31362	403	1341	211	58	1338	31368	860	0	0
5516	58	1338	31368	1184	1368	155	58	1335	31374	860	0	0
5517	58	1335	31374	1229	956	1121	58	1332	31380	860	0	0
5518	58	1332	31380	445	515	826	58	1329	31386	860	0	0
5519	58	1329	31386	783	663	447	58	1326	31392	860	0	0
5520	58	1326	31392	1160	1279	1131	58	1323	31398	860	0	0
5521	58	1323	31398	34	240	1290	58	1321	31402	861	0	0
5522	58	1321	31402	1062	425	120	58	1318	31408	861	0	0
5523	58	1318	31408	1063	1032	190	58	1315	31414	861	0	0
5524	58	1315	31414	115	334	415	58	1312	31420	861	0	0
5525	58	1312	31420	367	1251	260	58	1309	31426	861	0	0
5526	58	1309	31426	384	810	1209	58	1306	31432	861	0	0
5527	58	1306	31432	1268	1008	144	58	1303	31438	861	0	0
5528	58	1303	31438	770	972	558	58	1300	31444	861	0	0
5529	58	1300	31444	187	54	1266	58	1298	31448	862	0	0
5530	58	1298	31448	33	1066	1258	58	1296	31452	863	0	0
5531	58	1296	31452	425	1016	357	58	1293	31458	863	0	0
5532	58	1293	31458	42	1258	92	58	1291	31462	864	0	0
5533	58	1291	31462	385	435	267	58	1288	31468	864	0	0
5534	58	1288	31468	1	34	1269	59	1819	31470	866	532	0
5535	59	1819	31470	894	519	1601	59	1816	31476	866	0	0
5536	59	1816	31476	68	1486	1375	59	1813	31482	866	0	0
5537	59	1813	31482	1318	349	704	59	1810	31488	866	0	0
5538	59	1810	31488	667	897	919	59	1807	31494	866	0	0
5539	59	1807	31494	1268	879	1315	59	1804	31500	866	0	0
5540	59	1804	31500	624	1165	26	59	1802	31504	867	0	0
5541	59	1802	31504	1833	442	291	59	1799	31510	867	0	0
5542	59	1799	31510	1108	1806	1645	59	1796	31516	867	0	0
5543	59	1796	31516	1848	263	1218	59	1793	31522	867	0	0
5544	59	1793	31522	646	1516	1703	59	1790	31528	867	0	0
5545	59	1790	31528	1268	1419	587	59	1787	31534	867	0	0
5546	59	1787	31534	1683	386	1771	59	1784	31540	867	0	0
5547	59	1784	31540	646	1641	1635	59	1781	31546	867	0	0
5548	59	1781	31546	1691	1599	1765	59	1778	31552	867	0	0
5549	59	1778	31552	1310	26	609	59	1776	31556	868	0	0
5550	59	1776	31556	1133	1208	743	59	1773	31562	868	0	0
5551	59	1773	31562	53	1210	567	59	1771	31566	869	0	0
5552	59	1771	31566	1817	1709	1596	59	1768	31572	869	0	0
5553	59	1768	31572	1118	1658	499	59	1765	31578	869	0	0
5554	59	1765	31578	1721	171	1126	59	1762	31584	869	0	0
5555	59	1762	31584	658	1123	1634	59	1759	31590	869	0	0
5556	59	1759	31590	386	488	1035	59	1756	31596	869	0	0
5557	59	1756	31596	416	1663	1183	59	1753	31602	869	0	0
5558	59	1753	31602	1556	358	851	59	1750	31608	869	0	0
5559	59	1750	31608	746	1284	303	59	1747	31614	869	0	0
5560	59	1747	31614	214	15	44	60	2066	31616	871	320	0
5561	60	2066	31616	1063	720	1054	60	2063	31622	871	0	0
5562	60	2063	31622	1052	1200	1894	60	2060	31628	871	0	0
5563	60	2060	31628	579	880	1606	60	2057	31634	871	0	0
5564	60	2057	31634	894	95	1881	60	2054	31640	871	0	0
5565	60	2054	31640	751	1170	981	60	2051	31646	871	0	0
5566	60	2051	31646	443	1541	1335	60	2048	31652	871	0	0
5567	60	2048	31652	1655	1721	841	60	2045	31658	871	0	0
5568	60	2045	31658	1426	1162	2052	60	2042	31664	871	0	0
5569	60	2042	31664	1668	1558	1813	60	2039	31670	871	0	0
5570	60	2039	31670	2034	412	1291	60	2036	31676	871	0	0
5571	60	2036	31676	1682	1756	1759	60	2033	31682	871	0	0
5572	60	2033	31682	1999	402	1120	60	2030	31688	871	0	0
5573	60	2030	31688	1831	968	913	60	2027	31694	871	0	0
5574	60	2027	31694	2016	856	1254	60	2024	31700	871	0	0
5575	60	2024	31700	1661	541	172	60	2021	31706	871	0	0
5576	60	2021	31706	1446	799	1264	60	2018	31712	871	0	0
5577	60	2018	31712	293	61	5	60	2016	31716	872	0	0
5578	60	2016	31716	1601	1607	432	60	2013	31722	872	0	0
5579	60	2013	31722	1407	883	1356	60	2010	31728	872	0	0
5580	60	2010	31728	699	1021	1699	60	2007	31734	872	0	0
5581	60	2007	31734	1826	1668	1905	60	2004	31740	872	0	0
5582	60	2004	31740	42	718	265	60	2002	31744	873	0	0
5583	60	2002	31744	753	1154	783	60	1999	31750	873	0	0
5584	60	1999	31750	989	199	916	60	1996	31756	873	0	0
5585	60	1996	31756	692	1257	1573	60	1993	31762	873	0	0
5586	60	1993	31762	790	328	1958	60	1990	31768	873	0	0
5587	60	1990	31768	1714	195	1721	60	1987	31774	873	0	0
5588	60	1987	31774	23	206	1474	60	1985	31778	874	0	0
5589	60	1985	31778	306	114	1152	60	1982	31784	874	0	0
5590	60	1982	31784	1231	1292	760	60	1979	31790	874	0	0
5591	60	1979	31790	362	1843	479	60	1976	31796	874	0	0
5592	60	1976	31796	2031	1286	959	60	1973	31802	874	0	0
5593	60	1973	31802	1352	373	1115	60	1970	31808	874	0	0
5594	60	1970	31808	1274	386	819	60	1967	31814	874	0	0
5595	60	1967	31814	672	433	13	60	1965	31818	875	0	0
5596	60	1965	31818	1473	1331	1541	60	1962	31824	875	0	0
5597	60	1962	31824	399	944	61	60	1959	31830	875	0	0
5598	60	1959	31830	621	181	1060	60	1956	31836	875	0	0
5599	60	1956	31836	985	234	339	60	1953	31842	875	0	0
5600	60	1953	31842	753	573	0	60	1951	31846	876	0	0
5601	60	1951	31846	453	974	1896	60	1948	31852	876	0	0
5602	60	1948	31852	102	1815	5	60	1946	31856	877	0	0
5603	60	1946	31856	581	402	603	60	1943	31862	877	0	0
5604	60	1943	31862	1776	1650	1872	60	1940	31868	877	0	0
5605	60	1940	31868	762	1285	1818	60	1937	31874	877	0	0
5606	60	1937	31874	1990	563	1781	60	1934	31880	877	0	0
5607	60	1934	31880	1089	940	1861	60	1931	31886	877	0	0
5608	60	1931	31886	1842	1269	1460	60	1928	31892	877	0	0
5609	60	1928	31892	1641	1745	1470	60	1925	31898	877	0	0
5610	60	1925	31898	843	1210	1945	60	1922	31904	877	0	0
5611	60	1922	31904	420	1334	329	60	1919	31910	877	0	0
5612	60	1919	31910	939	438	1637	60	1916	31916	877	0	0
5613	60	1916	31916	170	1021	198	60	1913	31922	877	0	0
5614	60	1913	31922	985	1813	130	60	1910	31928	877	0	0
5615	60	1910	31928	650	601	141	60	1907	31934	877	0	0
5616	60	1907	31934	1813	396	1133	60	1904	31940	877	0	0
5617	60	1904	31940	446	1270	1766	60	1901	31946	877	0	0
5618	60	1901	31946	451	1182	207	60	1898	31952	877	0	0
5619	60	1898	31952	485	36	1641	60	1896	31956	878	0	0
5620	60	1896	31956	480	1425	936	60	1893	31962	878	0	0
5621	60	1893	31962	144	558	70	60	1890	31968	878	0	0
5622	60	1890	31968	1125	1412	1422	60	1887	31974	878	0	0
5623	60	1887	31974	400	1801	440	60	1884	31980	878	0	0
5624	60	1884	31980	443	683	191	60	1881	31986	878	0	0
5625	60	1881	31986	1736	1302	1779	60	1878	31992	878	0	0
5626	60	1878	31992	293	1558	899	60	1875	31998	878	0	0
5627	60	1875	31998	1838	1282	793	60	1872	32004	878	0	0
5628	60	1872	32004	800	736	787	60	1869	32010	878	0	0
5629	60	1869	32010	1918	1819	929	60	1866	32016	878	0	0
5630	60	1866	32016	425	702	1466	60	1863	32022	878	0	0
5631	60	1863	32022	5	1408	709	60	1861	32026	879	0	0
5632	60	1861	32026	1014	1328	655	60	1858	32032	879	0	0
5633	60	1858	32032	1827	741	1126	60	1855	32038	879	0	0
5634	60	1855	32038	191	693	616	60	1852	32044	879	0	0
5635	60	1852	32044	953	1131	1430	60	1849	32050	879	0	0
5636	60	1849	32050	1508	466	1761	60	1846	32056	879	0	0
5637	60	1846	32056	667	553	233	60	1843	32062	879	0	0
5638	60	1843	32062	1255	1872	1309	60	1840	32068	879	0	0
5639	60	1840	32068	400	397	658	60	1837	32074	879	0	0
5640	60	1837	32074	1658	965	1111	60	1834	32080	879	0	0
5641	60	1834	32080	1869	286	1135	60	1831	32086	879	0	0
5642	60	1831	32086	927	458	534	60	1828	32092	879	0	0
5643	60	1828	32092	839	195	537	60	1825	32098	879	0	0
5644	60	1825	32098	135	286	978	60	1822	32104	879	0	0
5645	60	1822	32104	1386	1642	1372	60	1819	32110	879	0	0
5646	60	1819	32110	1080	1386	1260	60	1816	32116	879	0	0
5647	60	1816	32116	1005	1288	1297	60	1813	32122	879	0	0
5648	60	1813	32122	123	1527	582	60	1810	32128	879	0	0
5649	60	1810	32128	1409	467	204	60	1807	32134	879	0	0
5650	60	1807	32134	1556	1648	1166	60	1804	32140	879	0	0
5651	60	1804	32140	509	1197	1237	60	1801	32146	879	0	0
5652	60	1801	32146	984	1596	1690	60	1798	32152	879	0	0
5653	60	1798	32152	1786	409	1438	60	1795	32158	879	0	0
5654	60	1795	32158	1164	1323	798	60	1792	32164	879	0	0
5655	60	1792	32164	135	446	1217	60	1789	32170	879	0	0
5656	60	1789	32170	1557	1721	586	60	1786	32176	879	0	0
5657	60	1786	32176	1411	1612	1376	60	1783	32182	879	0	0
5658	60	1783	32182	422	934	118	60	1780	32188	879	0	0
5659	60	1780	32188	183	1105	1370	60	1777	32194	879	0	0
5660	60	1777	32194	881	1445	231	60	1774	32200	879	0	0
5661	60	1774	32200	1485	1586	1298	60	1771	32206	879	0	0
5662	60	1771	32206	138	282	1548	60	1768	32212	879	0	0
5663	60	1768	32212	208	1060	1228	60	1765	32218	879	0	0
5664	60	1765	32218	60	1427	1066	60	1762	32224	879	0	0
5665	60	1762	32224	1183	634	773	60	1759	32230	879	0	0
5666	60	1759	32230	714	1284	190	60	1756	32236	879	0	0
5667	60	1756	32236	1485	499	1435	60	1753	32242	879	0	0
5668	60	1753	32242	428	1163	510	60	1750	32248	879	0	0
5669	60	1750	32248	115	609	494	60	1747	32254	879	0	0
5670	60	1747	32254	462	1257	775	60	1744	32260	879	0	0
5671	60	1744	32260	382	301	644	60	1741	32266	879	0	0
5672	60	1741	32266	1716	98	698	60	1738	32272	879	0	0
5673	60	1738	32272	1596	1181	89	60	1735	32278	879	0	0
5674	60	1735	32278	1693	529	1136	60	1732	32284	879	0	0
5675	60	1732	32284	1754	1513	688	60	1729	32290	879	0	0
5676	60	1729	32290	1490	572	3	60	1727	32294	880	0	0
5677	60	1727	32294	592	1437	174	60	1724	32300	880	0	0
5678	60	1724	32300	428	533	1608	60	1721	32306	880	0	0
5679	60	1721	32306	800	1398	38	60	1719	32310	881	0	0
5680	60	1719	32310	1298	751	1455	60	1716	32316	881	0	0
5681	60	1716	32316	652	1707	140	60	1713	32322	881	0	0
5682	60	1713	32322	1075	624	1159	60	1710	32328	881	0	0
5683	60	1710	32328	1068	299	491	60	1707	32334	881	0	0
5684	60	1707	32334	687	948	832	60	1704	32340	881	0	0
5685	60	1704	32340	435	1508	879	60	1701	32346	881	0	0
5686	60	1701	32346	403	1308	1385	60	1698	32352	881	0	0
5687	60	1698	32352	1611	1389	1610	60	1695	32358	881	0	0
5688	60	1695	32358	1345	1439	423	60	1692	32364	881	0	0
5689	60	1692	32364	1584	794	969	60	1689	32370	881	0	0
5690	60	1689	32370	1396	852	1459	60	1686	32376	881	0	0
5691	60	1686	32376	283	1598	1302	60	1683	32382	881	0	0
5692	60	1683	32382	514	999	13	60	1681	32386	882	0	0
5693	60	1681	32386	830	791	1723	60	1678	32392	882	0	0
5694	60	1678	32392	1615	1215	1072	60	1675	32398	882	0	0
5695	60	1675	32398	1147	681	257	60	1672	32404	882	0	0
5696	60	1672	32404	1715	1090	1065	60	1669	32410	882	0	0
5697	60	1669	32410	1581	268	670	60	1666	32416	882	0	0
5698	60	1666	32416	1043	1107	1061	60	1663	32422	882	0	0
5699	60	1663	32422	297	1699	731	60	1660	32428	882	0	0
5700	60	1660	32428	1439	32	21	61	1989	32430	884	330	0
5701	61	1989	32430	983	1579	1422	61	1986	32436	884	0	0
5702	61	1986	32436	89	1587	1223	61	1983	32442	884	0	0
5703	61	1983	32442	635	186	1098	61	1980	32448	884	0	0
5704	61	1980	32448	1051	1514	635	61	1977	32454	884	0	0
5705	61	1977	32454	332	1366	652	61	1974	32460	884	0	0
5706	61	1974	32460	1401	717	1586	61	1971	32466	884	0	0
5707	61	1971	32466	33	1845	603	61	1969	32470	885	0	0
5708	61	1969	32470	1384	410	1640	61	1966	32476	885	0	0
5709	61	1966	32476	527	1202	1415	61	1963	32482	885	0	0
5710	61	1963	32482	1196	452	193	61	1960	32488	885	0	0
5711	61	1960	32488	1243	311	798	61	1957	32494	885	0	0
5712	61	1957	32494	1772	116	849	61	1954	32500	885	0	0
5713	61	1954	32500	617	649	949	61	1951	32506	885	0	0
5714	61	1951	32506	887	1085	1562	61	1948	32512	885	0	0
5715	61	1948	32512	1648	926	816	61	1945	32518	885	0	0
5716	61	1945	32518	1212	1617	227	61	1942	32524	885	0	0
5717	61	1942	32524	427	1188	1923	61	1939	32530	885	0	0
5718	61	1939	32530	962	1286	202	61	1936	32536	885	0	0
5719	61	1936	32536	577	1987	23	61	1934	32540	886	0	0
5720	61	1934	32540	1401	1885	834	61	1931	32546	886	0	0
5721	61	1931	32546	1521	1943	955	61	1928	32552	886	0	0
5722	61	1928	32552	23	660	1711	61	1926	32556	887	0	0
5723	61	1926	32556	1205	341	364	61	1923	32562	887	0	0
5724	61	1923	32562	1257	689	626	61	1920	32568	887	0	0
5725	61	1920	32568	604	87	962	61	1917	32574	887	0	0
5726	61	1917	32574	1021	208	820	61	1914	32580	887	0	0
5727	61	1914	32580	1389	274	1033	61	1911	32586	887	0	0
5728	61	1911	32586	1813	1864	680	61	1908	32592	887	0	0
5729	61	1908	32592	748	778	42	61	1906	32596	888	0	0
5730	61	1906	32596	1233	706	1397	61	1903	32602	888	0	0
5731	61	1903	32602	8	1350	1135	61	1901	32606	889	0	0
5732	61	1901	32606	1547	1555	579	61	1898	32612	889	0	0
5733	61	1898	32612	984	1336	209	61	1895	32618	889	0	0
5734	61	1895	32618	135	1749	933	61	1892	32624	889	0	0
5735	61	1892	32624	1933	817	1117	61	1889	32630	889	0	0
5736	61	1889	32630	672	1625	937	61	1886	32636	889	0	0
5737	61	1886	32636	1594	693	857	61	1883	32642	889	0	0
5738	61	1883	32642	640	1867	1668	61	1880	32648	889	0	0
5739	61	1880	32648	417	390	423	61	1877	32654	889	0	0
5740	61	1877	32654	1734	792	192	61	1874	32660	889	0	0
5741	61	1874	32660	290	516	1708	61	1871	32666	889	0	0
5742	61	1871	32666	924	489	1386	61	1868	32672	889	0	0
5743	61	1868	32672	240	340	1879	61	1865	32678	889	0	0
5744	61	1865	32678	1320	1074	1675	61	1862	32684	889	0	0
5745	61	1862	32684	1115	374	1009	61	1859	32690	889	0	0
5746	61	1859	32690	1359	1703	1115	61	1856	32696	889	0	0
5747	61	1856	32696	1841	1398	9	61	1854	32700	890	0	0
5748	61	1854	32700	1735	1601	553	61	1851	32706	890	0	0
5749	61	1851	32706	1736	1508	1010	61	1848	32712	890	0	0
5750	61	1848	32712	1097	1255	1207	61	1845	32718	890	0	0
5751	61	1845	32718	1141	281	894	61	1842	32724	890	0	0
5752	61	1842	32724	1856	1304	528	61	1839	32730	890	0	0
5753	61	1839	32730	1343	563	1696	61	1836	32736	890	0	0
5754	61	1836	32736	498	1349	184	61	1833	32742	890	0	0
5755	61	1833	32742	1665	888	1085	61	1830	32748	890	0	0
5756	61	1830	32748	244	92	1780	61	1827	32754	890	0	0
5757	61	1827	32754	1020	264	398	61	1824	32760	890	0	0
5758	61	1824	32760	1698	1404	713	61	1821	32766	890	0	0
5759	61	1821	32766	409	1474	1527	61	1818	32772	890	0	0
5760	61	1818	32772	341	92	1209	61	1815	32778	890	0	0
5761	61	1815	32778	1707	630	300	61	1812	32784	890	0	0
5762	61	1812	32784	1368	882	805	61	1809	32790	890	0	0
5763	61	1809	32790	1455	1607	1238	61	1806	32796	890	0	0
5764	61	1806	32796	1292	1555	875	61	1803	32802	890	0	0
5765	61	1803	32802	1641	838	278	61	1800	32808	890	0	0
5766	61	1800	32808	477	335	833	61	1797	32814	890	0	0
5767	61	1797	32814	1500	964	1594	61	1794	32820	890	0	0
5768	61	1794	32820	1094	1487	1416	61	1791	32826	890	0	0
5769	61	1791	32826	1803	648	369	61	1788	32832	890	0	0
5770	61	1788	32832	1379	394	511	61	1785	32838	890	0	0
5771	61	1785	32838	1383	407	654	61	1782	32844	890	0	0
5772	61	1782	32844	139	1794	835	61	1779	32850	890	0	0
5773	61	1779	32850	1077	765	1004	61	1776	32856	890	0	0
5774	61	1776	32856	547	414	1164	61	1773	32862	890	0	0
5775	61	1773	32862	970	805	1680	61	1770	32868	890	0	0
5776	61	1770	32868	172	42	1557	61	1768	32872	891	0	0
5777	61	1768	32872	132	539	1228	61	1765	32878	891	0	0
5778	61	1765	32878	1491	787	442	61	1762	32884	891	0	0
5779	61	1762	32884	479	494	143	61	1759	32890	891	0	0
5780	61	1759	32890	1138	99	1406	61	1756	32896	891	0	0
5781	61	1756	32896	500	1490	1709	61	1753	32902	891	0	0
5782	61	1753	32902	928	973	153	61	1750	32908	891	0	0
5783	61	1750	32908	213	595	1009	61	1747	32914	891	0	0
5784	61	1747	32914	106	122	1277	61	1744	32920	891	0	0
5785	61	1744	32920	1523	688	1083	61	1741	32926	891	0	0
5786	61	1741	32926	1577	1129	1712	61	1738	32932	891	0	0
5787	61	1738	32932	484	1348	1577	61	1735	32938	891	0	0
5788	61	1735	32938	920	1424	1319	61	1732	32944	891	0	0
5789	61	1732	32944	1253	1573	589	61	1729	32950	891	0	0
5790	61	1729	32950	1095	1264	1298	61	1726	32956	891	0	0
5791	61	1726	32956	557	1534	1116	61	1723	32962	891	0	0
5792	61	1723	32962	516	238	1593	61	1720	32968	891	0	0
5793	61	1720	32968	612	1629	1125	61	1717	32974	891	0	0
5794	61	1717	32974	188	1265	1111	61	1714	32980	891	0	0
5795	61	1714	32980	948	462	513	61	1711	32986	891	0	0
5796	61	1711	32986	177	1298	1458	61	1708	32992	891	0	0
5797	61	1708	32992	657	714	419	61	1705	32998	891	0	0
5798	61	1705	32998	1338	1026	1352	61	1702	33004	891	0	0
5799	61	1702	33004	1433	1194	1556	61	1699	33010	891	0	0
5800	61	1699	33010	441	475	34	61	1697	33014	892	0	0
5801	61	1697	33014	111	1010	509	61	1694	33020	892	0	0
5802	61	1694	33020	1678	805	1484	61	1691	33026	892	0	0
5803	61	1691	33026	105	1729	396	61	1688	33032	892	0	0
5804	61	1688	33032	1481	1095	1623	61	1685	33038	892	0	0
5805	61	1685	33038	547	502	721	61	1682	33044	892	0	0
5806	61	1682	33044	911	1298	1702	61	1679	33050	892	0	0
5807	61	1679	33050	103	779	367	61	1676	33056	892	0	0
5808	61	1676	33056	811	457	553	61	1673	33062	892	0	0
5809	61	1673	33062	1347	231	1210	61	1670	33068	892	0	0
5810	61	1670	33068	323	1564	695	61	1667	33074	892	0	0
5811	61	1667	33074	501	1080	988	61	1664	33080	892	0	0
5812	61	1664	33080	232	1714	31	61	1662	33084	893	0	0
5813	61	1662	33084	34	531	1605	61	1660	33088	894	0	0
5814	61	1660	33088	1073	1579	169	61	1657	33094	894	0	0
5815	61	1657	33094	1128	881	539	61	1654	33100	894	0	0
5816	61	1654	33100	311	1094	1589	61	1651	33106	894	0	0
5817	61	1651	33106	63	1288	938	61	1648	33112	894	0	0
5818	61	1648	33112	440	573	1531	61	1645	33118	894	0	0
5819	61	1645	33118	1269	485	922	61	1642	33124	894	0	0
5820	61	1642	33124	1112	573	1353	61	1639	33130	894	0	0
5821	61	1639	33130	1110	638	519	61	1636	33136	894	0	0
5822	61	1636	33136	1333	119	303	61	1633	33142	894	0	0
5823	61	1633	33142	743	1045	256	61	1630	33148	894	0	0
5824	61	1630	33148	971	56	1680	61	1628	33152	895	0	0
5825	61	1628	33152	152	829	906	61	1625	33158	895	0	0
5826	61	1625	33158	1088	768	76	61	1622	33164	895	0	0
5827	61	1622	33164	617	258	1003	61	1619	33170	895	0	0
5828	61	1619	33170	825	1419	1429	61	1616	33176	895	0	0
5829	61	1616	33176	1261	398	87	61	1613	33182	895	0	0
5830	61	1613	33182	1326	1441	1359	61	1610	33188	895	0	0
5831	61	1610	33188	266	1468	1141	61	1607	33194	895	0	0
5832	61	1607	33194	614	858	1232	61	1604	33200	895	0	0
5833	61	1604	33200	897	71	1203	61	1601	33206	895	0	0
5834	61	1601	33206	451	1314	1105	61	1598	33212	895	0	0
5835	61	1598	33212	19	198	370	61	1596	33216	896	0	0
5836	61	1596	33216	703	1233	1364	61	1593	33222	896	0	0
5837	61	1593	33222	1022	398	834	61	1590	33228	896	0	0
5838	61	1590	33228	932	1232	1355	61	1587	33234	896	0	0
5839	61	1587	33234	1327	1307	893	61	1584	33240	896	0	0
5840	61	1584	33240	404	1091	1252	61	1581	33246	896	0	0
5841	61	1581	33246	704	1066	180	61	1578	33252	896	0	0
5842	61	1578	33252	149	1068	708	61	1575	33258	896	0	0
5843	61	1575	33258	1618	123	9	61	1573	33262	897	0	0
5844	61	1573	33262	458	408	467	61	1570	33268	897	0	0
5845	61	1570	33268	126	1059	1021	61	1567	33274	897	0	0
5846	61	1567	33274	8	1037	513	61	1565	33278	898	0	0
5847	61	1565	33278	283	1550	1218	61	1562	33284	898	0	0
5848	61	1562	33284	620	645	269	61	1559	33290	898	0	0
5849	61	1559	33290	595	188	859	61	1556	33296	898	0	0
5850	61	1556	33296	680	1011	1272	61	1553	33302	898	0	0
5851	61	1553	33302	614	955	1369	61	1550	33308	898	0	0
5852	61	1550	33308	748	1327	106	61	1547	33314	898	0	0
5853	61	1547	33314	986	151	641	61	1544	33320	898	0	0
5854	61	1544	33320	714	1382	1083	61	1541	33326	898	0	0
5855	61	1541	33326	251	351	822	61	1538	33332	898	0	0
5856	61	1538	33332	1238	1228	834	61	1535	33338	898	0	0
5857	61	1535	33338	503	748	991	61	1532	33344	898	0	0
5858	61	1532	33344	870	1349	1450	61	1529	33350	898	0	0
5859	61	1529	33350	1208	641	1231	61	1526	33356	898	0	0
5860	61	1526	33356	446	1006	1097	61	1523	33362	898	0	0
5861	61	1523	33362	772	1204	133	61	1520	33368	898	0	0
5862	61	1520	33368	1268	796	126	61	1517	33374	898	0	0
5863	61	1517	33374	1316	1554	626	61	1514	33380	898	0	0
5864	61	1514	33380	464	878	1414	61	1511	33386	898	0	0
5865	61	1511	33386	1303	18	1163	61	1509	33390	899	0	0
5866	61	1509	33390	1397	630	1028	61	1506	33396	899	0	0
5867	61	1506	33396	930	277	844	61	1503	33402	899	0	0
5868	61	1503	33402	1260	571	190	61	1500	33408	899	0	0
5869	61	1500	33408	474	612	1031	61	1497	33414	899	0	0
5870	61	1497	33414	721	155	1516	61	1494	33420	899	0	0
5871	61	1494	33420	195	92	440	61	1491	33426	899	0	0
5872	61	1491	33426	819	182	895	61	1488	33432	899	0	0
5873	61	1488	33432	515	2	748	61	1486	33436	900	0	0
5874	61	1486	33436	1065	889	1388	61	1483	33442	900	0	0
5875	61	1483	33442	180	725	1480	61	1480	33448	900	0	0
5876	61	1480	33448	1523	1152	1405	61	1477	33454	900	0	0
5877	61	1477	33454	882	234	399	61	1474	33460	900	0	0
5878	61	1474	33460	628	988	960	61	1471	33466	900	0	0
5879	61	1471	33466	581	1055	1471	61	1468	33472	900	0	0
5880	61	1468	33472	117	1059	161	61	1465	33478	900	0	0
5881	61	1465	33478	91	32	1164	61	1463	33482	901	0	0
5882	61	1463	33482	918	1278	672	61	1460	33488	901	0	0
5883	61	1460	33488	9	1094	196	61	1458	33492	902	0	0
5884	61	1458	33492	1142	454	21	61	1456	33496	903	0	0
5885	61	1456	33496	448	1513	826	61	1453	33502	903	0	0
5886	61	1453	33502	1493	361	827	61	1450	33508	903	0	0
5887	61	1450	33508	26	614	1231	61	1448	33512	904	0	0
5888	61	1448	33512	249	1323	921	61	1445	33518	904	0	0
5889	61	1445	33518	450	587	351	61	1442	33524	904	0	0
5890	61	1442	33524	1429	38	1282	61	1440	33528	905	0	0
5891	61	1440	33528	696	1265	975	61	1437	33534	905	0	0
5892	61	1437	33534	830	692	785	61	1434	33540	905	0	0
5893	61	1434	33540	1047	580	1235	61	1431	33546	905	0	0
5894	61	1431	33546	1254	886	819	61	1428	33552	905	0	0
5895	61	1428	33552	150	1417	2	61	1426	33556	906	0	0
5896	61	1426	33556	1186	973	197	61	1423	33562	906	0	0
5897	61	1423	33562	8	286	931	61	1421	33566	907	0	0
5898	61	1421	33566	1218	487	940	61	1418	33572	907	0	0
5899	61	1418	33572	1266	222	620	61	1415	33578	907	0	0
5900	61	1415	33578	397	1248	1321	61	1412	33584	907	0	0
5901	61	1412	33584	319	865	223	61	1409	33590	907	0	0
5902	61	1409	33590	465	1169	483	61	1406	33596	907	0	0
5903	61	1406	33596	991	795	1032	61	1403	33602	907	0	0
5904	61	1403	33602	1118	838	979	61	1400	33608	907	0	0
5905	61	1400	33608	1134	18	822	61	1398	33612	908	0	0
5906	61	1398	33612	745	302	1053	61	1395	33618	908	0	0
5907	61	1395	33618	1229	101	102	61	1392	33624	908	0	0
5908	61	1392	33624	415	1261	1383	61	1389	33630	908	0	0
5909	61	1389	33630	878	1251	690	61	1386	33636	908	0	0
5910	61	1386	33636	364	926	1131	61	1383	33642	908	0	0
5911	61	1383	33642	955	950	853	61	1380	33648	908	0	0
5912	61	1380	33648	193	271	212	61	1377	33654	908	0	0
5913	61	1377	33654	881	1115	29	61	1375	33658	909	0	0
5914	61	1375	33658	432	1352	308	61	1372	33664	909	0	0
5915	61	1372	33664	410	192	175	61	1369	33670	909	0	0
5916	61	1369	33670	805	210	1232	61	1366	33676	909	0	0
5917	61	1366	33676	1401	186	755	61	1363	33682	909	0	0
5918	61	1363	33682	300	856	991	61	1360	33688	909	0	0
5919	61	1360	33688	792	1404	453	61	1357	33694	909	0	0
5920	61	1357	33694	513	511	842	61	1354	33700	909	0	0
5921	61	1354	33700	859	986	91	61	1351	33706	909	0	0
5922	61	1351	33706	1073	1352	516	61	1348	33712	909	0	0
5923	61	1348	33712	372	1193	1188	61	1345	33718	909	0	0
5924	61	1345	33718	613	402	980	61	1342	33724	909	0	0
5925	61	1342	33724	830	43	357	61	1340	33728	910	0	0
5926	61	1340	33728	1355	80	312	61	1337	33734	910	0	0
5927	61	1337	33734	432	490	1103	61	1334	33740	910	0	0
5928	61	1334	33740	981	448	239	61	1331	33746	910	0	0
5929	61	1331	33746	481	747	1339	61	1328	33752	910	0	0
5930	61	1328	33752	1021	908	131	61	1325	33758	910	0	0
5931	61	1325	33758	647	1055	210	61	1322	33764	910	0	0
5932	61	1322	33764	738	1092	445	61	1319	33770	910	0	0
5933	61	1319	33770	1276	170	76	61	1316	33776	910	0	0
5934	61	1316	33776	1232	121	1238	61	1313	33782	910	0	0
5935	61	1313	33782	1172	983	847	61	1310	33788	910	0	0
5936	61	1310	33788	97	1366	473	61	1307	33794	910	0	0
5937	61	1307	33794	785	193	240	61	1304	33800	910	0	0
5938	61	1304	33800	877	884	1102	61	1301	33806	910	0	0
5939	61	1301	33806	1009	697	494	61	1298	33812	910	0	0
5940	61	1298	33812	1309	394	1190	61	1295	33818	910	0	0
5941	61	1295	33818	337	791	564	61	1292	33824	910	0	0
5942	61	1292	33824	68	148	1069	61	1289	33830	910	0	0
5943	61	1289	33830	1017	340	486	61	1286	33836	910	0	0
5944	61	1286	33836	1264	1210	550	61	1283	33842	910	0	0
5945	61	1283	33842	234	66	512	61	1280	33848	910	0	0
5946	61	1280	33848	1331	130	259	61	1277	33854	910	0	0
5947	61	1277	33854	489	1265	995	61	1274	33860	910	0	0
5948	61	1274	33860	1033	1195	497	61	1271	33866	910	0	0
5949	61	1271	33866	382	758	1253	61	1268	33872	910	0	0
5950	61	1268	33872	79	677	881	61	1265	33878	910	0	0
5951	61	1265	33878	1289	671	240	61	1262	33884	910	0	0
5952	61	1262	33884	623	1286	71	61	1259	33890	910	0	0
5953	61	1259	33890	1244	1027	726	61	1256	33896	910	0	0
5954	61	1256	33896	984	367	1106	61	1253	33902	910	0	0
5955	61	1253	33902	481	499	469	61	1250	33908	910	0	0
5956	61	1250	33908	442	252	21	61	1248	33912	911	0	0
5957	61	1248	33912	138	980	31	61	1246	33916	912	0	0
5958	61	1246	33916	903	862	336	61	1243	33922	912	0	0
5959	61	1243	33922	1078	38	12	62	2310	33924	914	1068	0
5960	62	2310	33924	2275	1070	1965	62	2307	33930	914	0	0
5961	62	2307	33930	2248	244	780	62	2304	33936	914	0	0
5962	62	2304	33936	2055	738	1570	62	2301	33942	914	0	0
5963	62	2301	33942	770	1407	706	62	2298	33948	914	0	0
5964	62	2298	33948	503	1635	1812	62	2295	33954	914	0	0
5965	62	2295	33954	1820	1226	552	62	2292	33960	914	0	0
5966	62	2292	33960	2113	1065	1547	62	2289	33966	914	0	0
5967	62	2289	33966	1638	1814	57	62	2287	33970	915	0	0
5968	62	2287	33970	1521	1433	2094	62	2284	33976	915	0	0
5969	62	2284	33976	1739	1717	1248	62	2281	33982	915	0	0
5970	62	2281	33982	2247	784	586	62	2278	33988	915	0	0
5971	62	2278	33988	552	651	1696	62	2275	33994	915	0	0
5972	62	2275	33994	977	373	1585	62	2272	34000	915	0	0
5973	62	2272	34000	1161	788	1547	62	2269	34006	915	0	0
5974	62	2269	34006	1023	797	1693	62	2266	34012	915	0	0
5975	62	2266	34012	2176	1976	1372	62	2263	34018	915	0	0
5976	62	2263	34018	1024	621	2151	62	2260	34024	915	0	0
5977	62	2260	34024	318	15	1003	62	2258	34028	916	0	0
5978	62	2258	34028	787	1650	340	62	2255	34034	916	0	0
5979	62	2255	34034	1309	675	2281	62	2252	34040	916	0	0
5980	62	2252	34040	820	2147	1701	62	2249	34046	916	0	0
5981	62	2249	34046	640	116	1999	62	2246	34052	916	0	0
5982	62	2246	34052	651	1233	1715	62	2243	34058	916	0	0
5983	62	2243	34058	866	40	1045	62	2241	34062	917	0	0
5984	62	2241	34062	760	208	1893	62	2238	34068	917	0	0
5985	62	2238	34068	1813	1494	2255	62	2235	34074	917	0	0
5986	62	2235	34074	1715	1669	1724	62	2232	34080	917	0	0
5987	62	2232	34080	877	201	1982	62	2229	34086	917	0	0
5988	62	2229	34086	925	2276	229	62	2226	34092	917	0	0
5989	62	2226	34092	769	1509	1988	62	2223	34098	917	0	0
5990	62	2223	34098	1153	1093	1098	62	2220	34104	917	0	0
5991	62	2220	34104	1310	120	1800	62	2217	34110	917	0	0
5992	62	2217	34110	443	28	116	62	2215	34114	918	0	0
5993	62	2215	34114	1150	709	1629	62	2212	34120	918	0	0
5994	62	2212	34120	1675	215	1222	62	2209	34126	918	0	0
5995	62	2209	34126	2246	1474	1085	62	2206	34132	918	0	0
5996	62	2206	34132	1606	1294	1853	62	2203	34138	918	0	0
5997	62	2203	34138	630	1548	969	62	2200	34144	918	0	0
5998	62	2200	34144	2159	869	1514	62	2197	34150	918	0	0
5999	62	2197	34150	440	1100	1719	62	2194	34156	918	0	0
6000	62	2194	34156	1279	315	1122	62	2191	34162	918	0	0
6001	62	2191	34162	395	2139	711	62	2188	34168	918	0	0
6002	62	2188	34168	730	66	2189	62	2185	34174	918	0	0
6003	62	2185	34174	2200	199	1156	62	2182	34180	918	0	0
6004	62	2182	34180	1823	1932	1852	62	2179	34186	918	0	0
6005	62	2179	34186	968	539	357	62	2176	34192	918	0	0
6006	62	2176	34192	1036	664	1113	62	2173	34198	918	0	0
6007	62	2173	34198	867	1721	1039	62	2170	34204	918	0	0
6008	62	2170	34204	1904	1299	1352	62	2167	34210	918	0	0
6009	62	2167	34210	1682	566	1938	62	2164	34216	918	0	0
6010	62	2164	34216	535	791	517	62	2161	34222	918	0	0
6011	62	2161	34222	1339	341	1011	62	2158	34228	918	0	0
6012	62	2158	34228	1997	1743	954	62	2155	34234	918	0	0
6013	62	2155	34234	603	1660	1830	62	2152	34240	918	0	0
6014	62	2152	34240	64	2104	1119	62	2149	34246	918	0	0
6015	62	2149	34246	1562	824	1615	62	2146	34252	918	0	0
6016	62	2146	34252	2012	610	1210	62	2143	34258	918	0	0
6017	62	2143	34258	1063	1673	613	62	2140	34264	918	0	0
6018	62	2140	34264	1662	2123	361	62	2137	34270	918	0	0
6019	62	2137	34270	1000	1877	1310	62	2134	34276	918	0	0
6020	62	2134	34276	501	524	1277	62	2131	34282	918	0	0
6021	62	2131	34282	1645	1333	1274	62	2128	34288	918	0	0
6022	62	2128	34288	1654	1253	56	62	2126	34292	919	0	0
6023	62	2126	34292	1592	689	961	62	2123	34298	919	0	0
6024	62	2123	34298	2025	147	1563	62	2120	34304	919	0	0
6025	62	2120	34304	536	2128	64	62	2117	34310	919	0	0
6026	62	2117	34310	410	1542	883	62	2114	34316	919	0	0
6027	62	2114	34316	145	2065	629	62	2111	34322	919	0	0
6028	62	2111	34322	1066	560	1769	62	2108	34328	919	0	0
6029	62	2108	34328	93	1446	1869	62	2105	34334	919	0	0
6030	62	2105	34334	932	1123	138	62	2102	34340	919	0	0
6031	62	2102	34340	1647	1824	570	62	2099	34346	919	0	0
6032	62	2099	34346	1973	348	1520	62	2096	34352	919	0	0
6033	62	2096	34352	815	1374	1807	62	2093	34358	919	0	0
6034	62	2093	34358	1733	1265	393	62	2090	34364	919	0	0
6035	62	2090	34364	1193	1746	463	62	2087	34370	919	0	0
6036	62	2087	34370	1008	1648	1301	62	2084	34376	919	0	0
6037	62	2084	34376	1782	1303	952	62	2081	34382	919	0	0
6038	62	2081	34382	1409	1682	1199	62	2078	34388	919	0	0
6039	62	2078	34388	1313	1096	1889	62	2075	34394	919	0	0
6040	62	2075	34394	621	132	2112	62	2072	34400	919	0	0
6041	62	2072	34400	407	673	1445	62	2069	34406	919	0	0
6042	62	2069	34406	673	1333	1115	62	2066	34412	919	0	0
6043	62	2066	34412	1412	1907	1981	62	2063	34418	919	0	0
6044	62	2063	34418	578	421	392	62	2060	34424	919	0	0
6045	62	2060	34424	864	526	1493	62	2057	34430	919	0	0
6046	62	2057	34430	1927	536	1554	62	2054	34436	919	0	0
6047	62	2054	34436	1160	669	1996	62	2051	34442	919	0	0
6048	62	2051	34442	343	1014	975	62	2048	34448	919	0	0
6049	62	2048	34448	902	1333	2005	62	2045	34454	919	0	0
6050	62	2045	34454	1697	94	1670	62	2042	34460	919	0	0
6051	62	2042	34460	1034	1326	113	62	2039	34466	919	0	0
6052	62	2039	34466	882	883	1030	62	2036	34472	919	0	0
6053	62	2036	34472	1860	769	2061	62	2033	34478	919	0	0
6054	62	2033	34478	296	467	1563	62	2030	34484	919	0	0
6055	62	2030	34484	1082	817	444	62	2027	34490	919	0	0
6056	62	2027	34490	540	1216	191	62	2024	34496	919	0	0
6057	62	2024	34496	1751	1190	1080	62	2021	34502	919	0	0
6058	62	2021	34502	727	289	876	62	2018	34508	919	0	0
6059	62	2018	34508	125	1892	1137	62	2015	34514	919	0	0
6060	62	2015	34514	1145	1948	928	62	2012	34520	919	0	0
6061	62	2012	34520	1679	1624	745	62	2009	34526	919	0	0
6062	62	2009	34526	1246	368	2022	62	2006	34532	919	0	0
6063	62	2006	34532	136	1642	1826	62	2003	34538	919	0	0
6064	62	2003	34538	1439	1697	259	62	2000	34544	919	0	0
6065	62	2000	34544	1461	1303	435	62	1997	34550	919	0	0
6066	62	1997	34550	145	861	404	62	1994	34556	919	0	0
6067	62	1994	34556	45	401	1349	62	1992	34560	920	0	0
6068	62	1992	34560	1993	244	1739	62	1989	34566	920	0	0
6069	62	1989	34566	1348	811	1234	62	1986	34572	920	0	0
6070	62	1986	34572	1691	1637	1802	62	1983	34578	920	0	0
6071	62	1983	34578	1255	1370	339	62	1980	34584	920	0	0
6072	62	1980	34584	1111	980	1734	62	1977	34590	920	0	0
6073	62	1977	34590	989	845	296	62	1974	34596	920	0	0
6074	62	1974	34596	1308	1559	1628	62	1971	34602	920	0	0
6075	62	1971	34602	1754	555	736	62	1968	34608	920	0	0
6076	62	1968	34608	1978	914	284	62	1965	34614	920	0	0
6077	62	1965	34614	156	1396	1360	62	1962	34620	920	0	0
6078	62	1962	34620	722	1217	568	62	1959	34626	920	0	0
6079	62	1959	34626	434	1149	874	62	1956	34632	920	0	0
6080	62	1956	34632	1829	921	1448	62	1953	34638	920	0	0
6081	62	1953	34638	1275	1300	1881	62	1950	34644	920	0	0
6082	62	1950	34644	93	1370	1816	62	1947	34650	920	0	0
6083	62	1947	34650	1265	60	634	62	1945	34654	921	0	0
6084	62	1945	34654	823	1055	721	62	1942	34660	921	0	0
6085	62	1942	34660	319	1751	54	62	1940	34664	922	0	0
6086	62	1940	34664	751	1125	159	62	1937	34670	922	0	0
6087	62	1937	34670	484	1332	224	62	1934	34676	922	0	0
6088	62	1934	34676	400	1341	721	62	1931	34682	922	0	0
6089	62	1931	34682	1881	465	1061	62	1928	34688	922	0	0
6090	62	1928	34688	1408	1301	248	62	1925	34694	922	0	0
6091	62	1925	34694	1071	1395	1380	62	1922	34700	922	0	0
6092	62	1922	34700	457	252	235	62	1919	34706	922	0	0
6093	62	1919	34706	1726	1490	523	62	1916	34712	922	0	0
6094	62	1916	34712	1596	336	1266	62	1913	34718	922	0	0
6095	62	1913	34718	912	564	1725	62	1910	34724	922	0	0
6096	62	1910	34724	1592	1772	1523	62	1907	34730	922	0	0
6097	62	1907	34730	1251	1268	490	62	1904	34736	922	0	0
6098	62	1904	34736	1141	920	59	62	1902	34740	923	0	0
6099	62	1902	34740	82	355	1015	62	1899	34746	923	0	0
6100	62	1899	34746	258	750	1057	62	1896	34752	923	0	0
6101	62	1896	34752	899	349	712	62	1893	34758	923	0	0
6102	62	1893	34758	8	689	1303	62	1891	34762	924	0	0
6103	62	1891	34762	1355	887	1567	62	1888	34768	924	0	0
6104	62	1888	34768	657	738	947	62	1885	34774	924	0	0
6105	62	1885	34774	1882	1515	1926	62	1882	34780	924	0	0
6106	62	1882	34780	1913	798	228	62	1879	34786	924	0	0
6107	62	1879	34786	1692	1641	1201	62	1876	34792	924	0	0
6108	62	1876	34792	745	809	206	62	1873	34798	924	0	0
6109	62	1873	34798	1226	678	501	62	1870	34804	924	0	0
6110	62	1870	34804	967	45	1127	62	1868	34808	925	0	0
6111	62	1868	34808	43	1740	349	62	1866	34812	926	0	0
6112	62	1866	34812	63	9	200	62	1864	34816	927	0	0
6113	62	1864	34816	1870	1401	773	62	1861	34822	927	0	0
6114	62	1861	34822	1273	155	1573	62	1858	34828	927	0	0
6115	62	1858	34828	45	1157	1223	62	1856	34832	928	0	0
6116	62	1856	34832	1531	987	1566	62	1853	34838	928	0	0
6117	62	1853	34838	712	1574	1205	62	1850	34844	928	0	0
6118	62	1850	34844	327	902	1746	62	1847	34850	928	0	0
6119	62	1847	34850	605	1358	934	62	1844	34856	928	0	0
6120	62	1844	34856	1032	130	302	62	1841	34862	928	0	0
6121	62	1841	34862	503	784	1158	62	1838	34868	928	0	0
6122	62	1838	34868	993	944	857	62	1835	34874	928	0	0
6123	62	1835	34874	1079	1183	341	62	1832	34880	928	0	0
6124	62	1832	34880	1094	1275	1317	62	1829	34886	928	0	0
6125	62	1829	34886	174	1770	1144	62	1826	34892	928	0	0
6126	62	1826	34892	421	1403	1060	62	1823	34898	928	0	0
6127	62	1823	34898	197	499	1754	62	1820	34904	928	0	0
6128	62	1820	34904	672	422	1315	62	1817	34910	928	0	0
6129	62	1817	34910	46	681	898	62	1815	34914	929	0	0
6130	62	1815	34914	1223	73	426	62	1812	34920	929	0	0
6131	62	1812	34920	1396	1155	1580	62	1809	34926	929	0	0
6132	62	1809	34926	1029	1719	597	62	1806	34932	929	0	0
6133	62	1806	34932	1674	1160	1666	62	1803	34938	929	0	0
6134	62	1803	34938	461	981	89	62	1800	34944	929	0	0
6135	62	1800	34944	1799	334	690	62	1797	34950	929	0	0
6136	62	1797	34950	1524	1559	478	62	1794	34956	929	0	0
6137	62	1794	34956	88	1660	944	62	1791	34962	929	0	0
6138	62	1791	34962	1667	778	1280	62	1788	34968	929	0	0
6139	62	1788	34968	98	1612	654	62	1785	34974	929	0	0
6140	62	1785	34974	1279	1320	110	62	1782	34980	929	0	0
6141	62	1782	34980	1780	1450	704	62	1779	34986	929	0	0
6142	62	1779	34986	1317	863	782	62	1776	34992	929	0	0
6143	62	1776	34992	775	641	1731	62	1773	34998	929	0	0
6144	62	1773	34998	831	1385	623	62	1770	35004	929	0	0
6145	62	1770	35004	36	1016	916	62	1768	35008	930	0	0
6146	62	1768	35008	1603	305	378	62	1765	35014	930	0	0
6147	62	1765	35014	1296	1501	403	62	1762	35020	930	0	0
6148	62	1762	35020	84	1071	315	62	1759	35026	930	0	0
6149	62	1759	35026	104	229	179	62	1756	35032	930	0	0
6150	62	1756	35032	236	59	592	62	1754	35036	931	0	0
6151	62	1754	35036	943	1018	379	62	1751	35042	931	0	0
6152	62	1751	35042	151	288	167	62	1748	35048	931	0	0
6153	62	1748	35048	1288	1750	401	62	1745	35054	931	0	0
6154	62	1745	35054	841	1486	130	62	1742	35060	931	0	0
6155	62	1742	35060	981	842	281	62	1739	35066	931	0	0
6156	62	1739	35066	1016	612	360	62	1736	35072	931	0	0
6157	62	1736	35072	1134	105	997	62	1733	35078	931	0	0
6158	62	1733	35078	300	1102	1543	62	1730	35084	931	0	0
6159	62	1730	35084	30	115	1137	62	1728	35088	932	0	0
6160	62	1728	35088	1342	18	27	63	2015	35090	934	288	0
6161	63	2015	35090	439	1334	786	63	2012	35096	934	0	0
6162	63	2012	35096	1880	45	1447	63	2010	35100	935	0	0
6163	63	2010	35100	487	1056	237	63	2007	35106	935	0	0
6164	63	2007	35106	1666	1842	440	63	2004	35112	935	0	0
6165	63	2004	35112	249	711	1689	63	2001	35118	935	0	0
6166	63	2001	35118	105	1992	870	63	1998	35124	935	0	0
6167	63	1998	35124	1467	349	1760	63	1995	35130	935	0	0
6168	63	1995	35130	300	523	50	63	1993	35134	936	0	0
6169	63	1993	35134	322	1561	536	63	1990	35140	936	0	0
6170	63	1990	35140	120	324	64	63	1987	35146	936	0	0
6171	63	1987	35146	238	1246	408	63	1984	35152	936	0	0
6172	63	1984	35152	460	627	994	63	1981	35158	936	0	0
6173	63	1981	35158	1685	656	605	63	1978	35164	936	0	0
6174	63	1978	35164	1998	207	161	63	1975	35170	936	0	0
6175	63	1975	35170	1292	1311	450	63	1972	35176	936	0	0
6176	63	1972	35176	1131	1609	1965	63	1969	35182	936	0	0
6177	63	1969	35182	626	807	744	63	1966	35188	936	0	0
6178	63	1966	35188	1346	1925	1643	63	1963	35194	936	0	0
6179	63	1963	35194	1513	2013	1393	63	1960	35200	936	0	0
6180	63	1960	35200	1157	37	444	63	1958	35204	937	0	0
6181	63	1958	35204	594	1642	902	63	1955	35210	937	0	0
6182	63	1955	35210	1681	1383	1123	63	1952	35216	937	0	0
6183	63	1952	35216	1626	1390	1874	63	1949	35222	937	0	0
6184	63	1949	35222	1827	405	210	63	1946	35228	937	0	0
6185	63	1946	35228	1270	1576	1170	63	1943	35234	937	0	0
6186	63	1943	35234	26	309	1250	63	1941	35238	938	0	0
6187	63	1941	35238	161	466	1396	63	1938	35244	938	0	0
6188	63	1938	35244	296	960	90	63	1935	35250	938	0	0
6189	63	1935	35250	367	1760	668	63	1932	35256	938	0	0
6190	63	1932	35256	802	1418	1218	63	1929	35262	938	0	0
6191	63	1929	35262	640	252	1184	63	1926	35268	938	0	0
6192	63	1926	35268	1325	1931	651	63	1923	35274	938	0	0
6193	63	1923	35274	1838	1565	150	63	1920	35280	938	0	0
6194	63	1920	35280	304	524	1701	63	1917	35286	938	0	0
6195	63	1917	35286	499	793	1768	63	1914	35292	938	0	0
6196	63	1914	35292	1164	1701	1780	63	1911	35298	938	0	0
6197	63	1911	35298	1649	131	26	63	1909	35302	939	0	0
6198	63	1909	35302	1669	543	1922	63	1906	35308	939	0	0
6199	63	1906	35308	1190	1753	1964	63	1903	35314	939	0	0
6200	63	1903	35314	1417	1792	1387	63	1900	35320	939	0	0
6201	63	1900	35320	1061	1446	334	63	1897	35326	939	0	0
6202	63	1897	35326	825	1037	96	63	1894	35332	939	0	0
6203	63	1894	35332	890	1	72	63	1892	35336	940	0	0
6204	63	1892	35336	1662	884	1765	63	1889	35342	940	0	0
6205	63	1889	35342	600	287	1659	63	1886	35348	940	0	0
6206	63	1886	35348	1647	1558	875	63	1883	35354	940	0	0
6207	63	1883	35354	117	1701	1046	63	1880	35360	940	0	0
6208	63	1880	35360	1621	1290	225	63	1877	35366	940	0	0
6209	63	1877	35366	1201	441	1440	63	1874	35372	940	0	0
6210	63	1874	35372	1011	1831	1883	63	1871	35378	940	0	0
6211	63	1871	35378	671	1918	1603	63	1868	35384	940	0	0
6212	63	1868	35384	978	111	1889	63	1865	35390	940	0	0
6213	63	1865	35390	846	1588	868	63	1862	35396	940	0	0
6214	63	1862	35396	596	1128	1506	63	1859	35402	940	0	0
6215	63	1859	35402	1689	910	450	63	1856	35408	940	0	0
6216	63	1856	35408	809	112	1610	63	1853	35414	940	0	0
6217	63	1853	35414	65	577	463	63	1850	35420	940	0	0
6218	63	1850	35420	1518	589	210	63	1847	35426	940	0	0
6219	63	1847	35426	1449	1864	638	63	1844	35432	940	0	0
6220	63	1844	35432	1720	1152	1486	63	1841	35438	940	0	0
6221	63	1841	35438	1095	1384	1464	63	1838	35444	940	0	0
6222	63	1838	35444	543	1042	1683	63	1835	35450	940	0	0
6223	63	1835	35450	1608	1127	818	63	1832	35456	940	0	0
6224	63	1832	35456	1232	727	1105	63	1829	35462	940	0	0
6225	63	1829	35462	539	1163	750	63	1826	35468	940	0	0
6226	63	1826	35468	523	1617	663	63	1823	35474	940	0	0
6227	63	1823	35474	295	1066	673	63	1820	35480	940	0	0
6228	63	1820	35480	1853	298	1080	63	1817	35486	940	0	0
6229	63	1817	35486	1090	1589	1062	63	1814	35492	940	0	0
6230	63	1814	35492	1175	577	1312	63	1811	35498	940	0	0
6231	63	1811	35498	740	1429	365	63	1808	35504	940	0	0
6232	63	1808	35504	1366	1516	1387	63	1805	35510	940	0	0
6233	63	1805	35510	1778	592	1511	63	1802	35516	940	0	0
6234	63	1802	35516	1237	846	22	63	1800	35520	941	0	0
6235	63	1800	35520	590	876	1225	63	1797	35526	941	0	0
6236	63	1797	35526	817	175	807	63	1794	35532	941	0	0
6237	63	1794	35532	20	1834	558	63	1792	35536	942	0	0
6238	63	1792	35536	894	1489	1500	63	1789	35542	942	0	0
6239	63	1789	35542	1801	824	1274	63	1786	35548	942	0	0
6240	63	1786	35548	1275	898	1045	63	1783	35554	942	0	0
6241	63	1783	35554	1195	395	899	63	1780	35560	942	0	0
6242	63	1780	35560	1227	420	1377	63	1777	35566	942	0	0
6243	63	1777	35566	1610	1065	101	63	1774	35572	942	0	0
6244	63	1774	35572	483	408	209	63	1771	35578	942	0	0
6245	63	1771	35578	1263	300	1036	63	1768	35584	942	0	0
6246	63	1768	35584	120	372	1632	63	1765	35590	942	0	0
6247	63	1765	35590	167	1743	378	63	1762	35596	942	0	0
6248	63	1762	35596	217	205	1628	63	1759	35602	942	0	0
6249	63	1759	35602	905	676	1374	63	1756	35608	942	0	0
6250	63	1756	35608	1708	1061	1760	63	1753	35614	942	0	0
6251	63	1753	35614	501	686	1121	63	1750	35620	942	0	0
6252	63	1750	35620	509	1259	629	63	1747	35626	942	0	0
6253	63	1747	35626	835	641	1342	63	1744	35632	942	0	0
6254	63	1744	35632	1687	117	280	63	1741	35638	942	0	0
6255	63	1741	35638	1132	531	564	63	1738	35644	942	0	0
6256	63	1738	35644	1364	407	340	63	1735	35650	942	0	0
6257	63	1735	35650	1413	1490	1514	63	1732	35656	942	0	0
6258	63	1732	35656	1239	796	483	63	1729	35662	942	0	0
6259	63	1729	35662	947	1021	324	63	1726	35668	942	0	0
6260	63	1726	35668	1725	143	738	63	1723	35674	942	0	0
6261	63	1723	35674	1522	690	1711	63	1720	35680	942	0	0
6262	63	1720	35680	667	720	1490	63	1717	35686	942	0	0
6263	63	1717	35686	1298	407	1709	63	1714	35692	942	0	0
6264	63	1714	35692	1415	133	126	63	1711	35698	942	0	0
6265	63	1711	35698	1247	556	1579	63	1708	35704	942	0	0
6266	63	1708	35704	227	1522	334	63	1705	35710	942	0	0
6267	63	1705	35710	86	873	1175	63	1702	35716	942	0	0
6268	63	1702	35716	325	1592	265	63	1699	35722	942	0	0
6269	63	1699	35722	1638	1491	902	63	1696	35728	942	0	0
6270	63	1696	35728	1757	189	785	63	1693	35734	942	0	0
6271	63	1693	35734	1634	646	410	63	1690	35740	942	0	0
6272	63	1690	35740	1078	1411	935	63	1687	35746	942	0	0
6273	63	1687	35746	16	1012	1614	63	1685	35750	943	0	0
6274	63	1685	35750	1490	745	22	63	1683	35754	944	0	0
6275	63	1683	35754	1191	1291	1389	63	1680	35760	944	0	0
6276	63	1680	35760	200	235	486	63	1677	35766	944	0	0
6277	63	1677	35766	1729	1688	1175	63	1674	35772	944	0	0
6278	63	1674	35772	738	1349	21	63	1672	35776	945	0	0
6279	63	1672	35776	585	277	1007	63	1669	35782	945	0	0
6280	63	1669	35782	1647	433	1662	63	1666	35788	945	0	0
6281	63	1666	35788	1671	258	1442	63	1663	35794	945	0	0
6282	63	1663	35794	394	362	539	63	1660	35800	945	0	0
6283	63	1660	35800	1486	1159	908	63	1657	35806	945	0	0
6284	63	1657	35806	1117	309	1084	63	1654	35812	945	0	0
6285	63	1654	35812	922	1067	661	63	1651	35818	945	0	0
6286	63	1651	35818	546	129	1622	63	1648	35824	945	0	0
6287	63	1648	35824	1691	352	216	63	1645	35830	945	0	0
6288	63	1645	35830	1005	457	623	63	1642	35836	945	0	0
6289	63	1642	35836	500	1119	1244	63	1639	35842	945	0	0
6290	63	1639	35842	627	59	920	63	1637	35846	946	0	0
6291	63	1637	35846	1466	836	1235	63	1634	35852	946	0	0
6292	63	1634	35852	334	1177	1213	63	1631	35858	946	0	0
6293	63	1631	35858	863	92	1061	63	1628	35864	946	0	0
6294	63	1628	35864	1280	755	974	63	1625	35870	946	0	0
6295	63	1625	35870	594	1519	466	63	1622	35876	946	0	0
6296	63	1622	35876	945	512	1	63	1620	35880	947	0	0
6297	63	1620	35880	321	20	433	63	1618	35884	948	0	0
6298	63	1618	35884	1467	467	400	63	1615	35890	948	0	0
6299	63	1615	35890	1513	196	1035	63	1612	35896	948	0	0
6300	63	1612	35896	1618	301	1646	63	1609	35902	948	0	0
6301	63	1609	35902	302	605	83	63	1606	35908	948	0	0
6302	63	1606	35908	1544	462	1469	63	1603	35914	948	0	0
6303	63	1603	35914	1660	1635	1452	63	1600	35920	948	0	0
6304	63	1600	35920	506	614	690	63	1597	35926	948	0	0
6305	63	1597	35926	737	1566	1179	63	1594	35932	948	0	0
6306	63	1594	35932	98	878	765	63	1591	35938	948	0	0
6307	63	1591	35938	390	1146	701	63	1588	35944	948	0	0
6308	63	1588	35944	1207	1424	1256	63	1585	35950	948	0	0
6309	63	1585	35950	939	891	613	63	1582	35956	948	0	0
6310	63	1582	35956	834	1133	359	63	1579	35962	948	0	0
6311	63	1579	35962	49	1588	478	63	1577	35966	949	0	0
6312	63	1577	35966	854	749	305	63	1574	35972	949	0	0
6313	63	1574	35972	1301	416	643	63	1571	35978	949	0	0
6314	63	1571	35978	862	1625	950	63	1568	35984	949	0	0
6315	63	1568	35984	1153	424	1279	63	1565	35990	949	0	0
6316	63	1565	35990	571	596	477	63	1562	35996	949	0	0
6317	63	1562	35996	1402	379	1013	63	1559	36002	949	0	0
6318	63	1559	36002	1490	448	637	63	1556	36008	949	0	0
6319	63	1556	36008	757	990	785	63	1553	36014	949	0	0
6320	63	1553	36014	221	239	1583	63	1550	36020	949	0	0
6321	63	1550	36020	1334	155	1079	63	1547	36026	949	0	0
6322	63	1547	36026	569	1418	401	63	1544	36032	949	0	0
6323	63	1544	36032	528	78	1593	63	1541	36038	949	0	0
6324	63	1541	36038	1069	852	250	63	1538	36044	949	0	0
6325	63	1538	36044	1336	1380	1295	63	1535	36050	949	0	0
6326	63	1535	36050	1251	344	407	63	1532	36056	949	0	0
6327	63	1532	36056	49	505	945	63	1530	36060	950	0	0
6328	63	1530	36060	1106	138	1218	63	1527	36066	950	0	0
6329	63	1527	36066	320	1445	600	63	1524	36072	950	0	0
6330	63	1524	36072	119	134	620	63	1521	36078	950	0	0
6331	63	1521	36078	287	683	563	63	1518	36084	950	0	0
6332	63	1518	36084	300	215	1172	63	1515	36090	950	0	0
6333	63	1515	36090	245	1411	1351	63	1512	36096	950	0	0
6334	63	1512	36096	721	1416	989	63	1509	36102	950	0	0
6335	63	1509	36102	813	698	1119	63	1506	36108	950	0	0
6336	63	1506	36108	890	190	1216	63	1503	36114	950	0	0
6337	63	1503	36114	1477	1397	1005	63	1500	36120	950	0	0
6338	63	1500	36120	1365	998	1548	63	1497	36126	950	0	0
6339	63	1497	36126	834	660	754	63	1494	36132	950	0	0
6340	63	1494	36132	758	1314	846	63	1491	36138	950	0	0
6341	63	1491	36138	1469	659	60	63	1489	36142	951	0	0
6342	63	1489	36142	205	224	1323	63	1486	36148	951	0	0
6343	63	1486	36148	369	645	1228	63	1483	36154	951	0	0
6344	63	1483	36154	43	855	1340	63	1481	36158	952	0	0
6345	63	1481	36158	1527	1123	1097	63	1478	36164	952	0	0
6346	63	1478	36164	882	5	507	63	1476	36168	953	0	0
6347	63	1476	36168	757	392	198	63	1473	36174	953	0	0
6348	63	1473	36174	1180	179	678	63	1470	36180	953	0	0
6349	63	1470	36180	468	1199	336	63	1467	36186	953	0	0
6350	63	1467	36186	1136	1498	528	63	1464	36192	953	0	0
6351	63	1464	36192	1511	250	976	63	1461	36198	953	0	0
6352	63	1461	36198	1292	1362	50	63	1459	36202	954	0	0
6353	63	1459	36202	109	1034	1398	63	1456	36208	954	0	0
6354	63	1456	36208	948	1372	59	63	1454	36212	955	0	0
6355	63	1454	36212	688	1006	903	63	1451	36218	955	0	0
6356	63	1451	36218	1364	1348	1009	63	1448	36224	955	0	0
6357	63	1448	36224	585	295	1420	63	1445	36230	955	0	0
6358	63	1445	36230	1124	83	1170	63	1442	36236	955	0	0
6359	63	1442	36236	204	1221	819	63	1439	36242	955	0	0
6360	63	1439	36242	713	307	1458	63	1436	36248	955	0	0
6361	63	1436	36248	1166	901	186	63	1433	36254	955	0	0
6362	63	1433	36254	23	145	665	63	1431	36258	956	0	0
6363	63	1431	36258	947	808	544	63	1428	36264	956	0	0
6364	63	1428	36264	178	553	1473	63	1425	36270	956	0	0
6365	63	1425	36270	676	536	20	63	1423	36274	957	0	0
6366	63	1423	36274	378	649	1293	63	1420	36280	957	0	0
6367	63	1420	36280	725	435	1272	63	1417	36286	957	0	0
6368	63	1417	36286	1058	1388	303	63	1414	36292	957	0	0
6369	63	1414	36292	1349	263	824	63	1411	36298	957	0	0
6370	63	1411	36298	1073	1242	410	63	1408	36304	957	0	0
6371	63	1408	36304	146	1104	649	63	1405	36310	957	0	0
6372	63	1405	36310	770	460	68	63	1402	36316	957	0	0
6373	63	1402	36316	323	714	211	63	1399	36322	957	0	0
6374	63	1399	36322	555	345	950	63	1396	36328	957	0	0
6375	63	1396	36328	1179	1197	360	63	1393	36334	957	0	0
6376	63	1393	36334	241	661	1193	63	1390	36340	957	0	0
6377	63	1390	36340	1203	438	355	63	1387	36346	957	0	0
6378	63	1387	36346	809	285	219	63	1384	36352	957	0	0
6379	63	1384	36352	780	812	811	63	1381	36358	957	0	0
6380	63	1381	36358	1381	561	805	63	1378	36364	957	0	0
6381	63	1378	36364	1429	1230	662	63	1375	36370	957	0	0
6382	63	1375	36370	986	426	165	63	1372	36376	957	0	0
6383	63	1372	36376	1318	277	1301	63	1369	36382	957	0	0
6384	63	1369	36382	646	1277	425	63	1366	36388	957	0	0
6385	63	1366	36388	1036	1172	465	63	1363	36394	957	0	0
6386	63	1363	36394	12	43	1064	64	1798	36396	959	436	0
6387	64	1798	36396	600	1335	1628	64	1795	36402	959	0	0
6388	64	1795	36402	1805	1585	159	64	1792	36408	959	0	0
6389	64	1792	36408	767	494	55	64	1790	36412	960	0	0
6390	64	1790	36412	443	645	1554	64	1787	36418	960	0	0
6391	64	1787	36418	1561	692	1577	64	1784	36424	960	0	0
6392	64	1784	36424	1729	746	1484	64	1781	36430	960	0	0
6393	64	1781	36430	509	1495	150	64	1778	36436	960	0	0
6394	64	1778	36436	679	436	139	64	1775	36442	960	0	0
6395	64	1775	36442	1399	1679	1776	64	1772	36448	960	0	0
6396	64	1772	36448	639	1797	553	64	1769	36454	960	0	0
6397	64	1769	36454	987	89	1076	64	1766	36460	960	0	0
6398	64	1766	36460	916	1168	1541	64	1763	36466	960	0	0
6399	64	1763	36466	926	363	717	64	1760	36472	960	0	0
6400	64	1760	36472	1548	1389	164	64	1757	36478	960	0	0
6401	64	1757	36478	1777	788	226	64	1754	36484	960	0	0
6402	64	1754	36484	387	687	1649	64	1751	36490	960	0	0
6403	64	1751	36490	270	956	12	64	1749	36494	961	0	0
6404	64	1749	36494	1708	535	1781	64	1746	36500	961	0	0
6405	64	1746	36500	988	309	1166	64	1743	36506	961	0	0
6406	64	1743	36506	1387	1689	585	64	1740	36512	961	0	0
6407	64	1740	36512	1220	826	1451	64	1737	36518	961	0	0
6408	64	1737	36518	49	1422	226	64	1735	36522	962	0	0
6409	64	1735	36522	1017	912	1171	64	1732	36528	962	0	0
6410	64	1732	36528	827	1610	634	64	1729	36534	962	0	0
6411	64	1729	36534	1317	137	1046	64	1726	36540	962	0	0
6412	64	1726	36540	210	885	208	64	1723	36546	962	0	0
6413	64	1723	36546	919	1103	1628	64	1720	36552	962	0	0
6414	64	1720	36552	1594	1066	1000	64	1717	36558	962	0	0
6415	64	1717	36558	786	1238	929	64	1714	36564	962	0	0
6416	64	1714	36564	143	1114	1439	64	1711	36570	962	0	0
6417	64	1711	36570	134	1069	442	64	1708	36576	962	0	0
6418	64	1708	36576	884	802	195	64	1705	36582	962	0	0
6419	64	1705	36582	885	69	512	64	1702	36588	962	0	0
6420	64	1702	36588	890	533	1445	64	1699	36594	962	0	0
6421	64	1699	36594	568	856	713	64	1696	36600	962	0	0
6422	64	1696	36600	559	188	1253	64	1693	36606	962	0	0
6423	64	1693	36606	1277	1211	1752	64	1690	36612	962	0	0
6424	64	1690	36612	26	1130	534	64	1688	36616	963	0	0
6425	64	1688	36616	876	511	1278	64	1685	36622	963	0	0
6426	64	1685	36622	1094	1456	47	64	1683	36626	964	0	0
6427	64	1683	36626	702	534	384	64	1680	36632	964	0	0
6428	64	1680	36632	580	369	1573	64	1677	36638	964	0	0
6429	64	1677	36638	877	1678	1620	64	1674	36644	964	0	0
6430	64	1674	36644	990	1183	206	64	1671	36650	964	0	0
6431	64	1671	36650	1124	396	1582	64	1668	36656	964	0	0
6432	64	1668	36656	1209	1046	1429	64	1665	36662	964	0	0
6433	64	1665	36662	1676	175	855	64	1662	36668	964	0	0
6434	64	1662	36668	513	1676	1026	64	1659	36674	964	0	0
6435	64	1659	36674	1606	1712	1245	64	1656	36680	964	0	0
6436	64	1656	36680	416	771	34	64	1654	36684	965	0	0
6437	64	1654	36684	586	1239	926	64	1651	36690	965	0	0
6438	64	1651	36690	108	373	692	64	1648	36696	965	0	0
6439	64	1648	36696	1388	479	383	64	1645	36702	965	0	0
6440	64	1645	36702	1489	1082	1348	64	1642	36708	965	0	0
6441	64	1642	36708	59	220	1662	64	1640	36712	966	0	0
6442	64	1640	36712	1581	706	1040	64	1637	36718	966	0	0
6443	64	1637	36718	1545	446	1046	64	1634	36724	966	0	0
6444	64	1634	36724	105	1546	818	64	1631	36730	966	0	0
6445	64	1631	36730	1286	1377	1408	64	1628	36736	966	0	0
6446	64	1628	36736	366	708	933	64	1625	36742	966	0	0
6447	64	1625	36742	1446	1187	1506	64	1622	36748	966	0	0
6448	64	1622	36748	756	1031	508	64	1619	36754	966	0	0
6449	64	1619	36754	231	946	698	64	1616	36760	966	0	0
6450	64	1616	36760	1018	708	458	64	1613	36766	966	0	0
6451	64	1613	36766	740	1255	317	64	1610	36772	966	0	0
6452	64	1610	36772	758	1313	1364	64	1607	36778	966	0	0
6453	64	1607	36778	1141	539	692	64	1604	36784	966	0	0
6454	64	1604	36784	463	608	564	64	1601	36790	966	0	0
6455	64	1601	36790	1527	1219	874	64	1598	36796	966	0	0
6456	64	1598	36796	684	1354	746	64	1595	36802	966	0	0
6457	64	1595	36802	1386	1133	560	64	1592	36808	966	0	0
6458	64	1592	36808	1350	820	385	64	1589	36814	966	0	0
6459	64	1589	36814	931	1240	1516	64	1586	36820	966	0	0
6460	64	1586	36820	138	517	589	64	1583	36826	966	0	0
6461	64	1583	36826	42	793	1310	64	1581	36830	967	0	0
6462	64	1581	36830	1385	344	948	64	1578	36836	967	0	0
6463	64	1578	36836	528	624	1567	64	1575	36842	967	0	0
6464	64	1575	36842	601	1083	1448	64	1572	36848	967	0	0
6465	64	1572	36848	1410	790	1166	64	1569	36854	967	0	0
6466	64	1569	36854	606	1487	494	64	1566	36860	967	0	0
6467	64	1566	36860	1620	1408	553	64	1563	36866	967	0	0
6468	64	1563	36866	1253	512	1094	64	1560	36872	967	0	0
6469	64	1560	36872	849	552	1569	64	1557	36878	967	0	0
6470	64	1557	36878	463	163	230	64	1554	36884	967	0	0
6471	64	1554	36884	7	1070	1452	64	1552	36888	968	0	0
6472	64	1552	36888	13	1175	1391	64	1550	36892	969	0	0
6473	64	1550	36892	411	1151	790	64	1547	36898	969	0	0
6474	64	1547	36898	1372	205	535	64	1544	36904	969	0	0
6475	64	1544	36904	1285	452	1275	64	1541	36910	969	0	0
6476	64	1541	36910	1541	585	620	64	1538	36916	969	0	0
6477	64	1538	36916	289	868	1096	64	1535	36922	969	0	0
6478	64	1535	36922	1340	487	986	64	1532	36928	969	0	0
6479	64	1532	36928	794	870	392	64	1529	36934	969	0	0
6480	64	1529	36934	105	822	1339	64	1526	36940	969	0	0
6481	64	1526	36940	73	76	88	64	1523	36946	969	0	0
6482	64	1523	36946	139	1224	447	64	1520	36952	969	0	0
6483	64	1520	36952	966	490	361	64	1517	36958	969	0	0
6484	64	1517	36958	1288	836	935	64	1514	36964	969	0	0
6485	64	1514	36964	62	1090	445	64	1512	36968	970	0	0
6486	64	1512	36968	320	742	454	64	1509	36974	970	0	0
6487	64	1509	36974	662	792	206	64	1506	36980	970	0	0
6488	64	1506	36980	1448	1228	1544	64	1503	36986	970	0	0
6489	64	1503	36986	692	689	844	64	1500	36992	970	0	0
6490	64	1500	36992	1539	689	1392	64	1497	36998	970	0	0
6491	64	1497	36998	1456	25	984	64	1495	37002	971	0	0
6492	64	1495	37002	1146	923	1309	64	1492	37008	971	0	0
6493	64	1492	37008	169	1276	520	64	1489	37014	971	0	0
6494	64	1489	37014	291	114	569	64	1486	37020	971	0	0
6495	64	1486	37020	294	1274	1016	64	1483	37026	971	0	0
6496	64	1483	37026	1105	640	252	64	1480	37032	971	0	0
6497	64	1480	37032	1213	448	227	64	1477	37038	971	0	0
6498	64	1477	37038	1495	653	1346	64	1474	37044	971	0	0
6499	64	1474	37044	1194	156	489	64	1471	37050	971	0	0
6500	64	1471	37050	906	1331	75	64	1468	37056	971	0	0
6501	64	1468	37056	646	250	808	64	1465	37062	971	0	0
6502	64	1465	37062	1370	35	1159	64	1463	37066	972	0	0
6503	64	1463	37066	1257	83	374	64	1460	37072	972	0	0
6504	64	1460	37072	362	175	1110	64	1457	37078	972	0	0
6505	64	1457	37078	548	302	1054	64	1454	37084	972	0	0
6506	64	1454	37084	386	171	1261	64	1451	37090	972	0	0
6507	64	1451	37090	516	640	218	64	1448	37096	972	0	0
6508	64	1448	37096	1493	1486	366	64	1445	37102	972	0	0
6509	64	1445	37102	610	1419	831	64	1442	37108	972	0	0
6510	64	1442	37108	192	1168	1249	64	1439	37114	972	0	0
6511	64	1439	37114	663	972	742	64	1436	37120	972	0	0
6512	64	1436	37120	1356	723	540	64	1433	37126	972	0	0
6513	64	1433	37126	472	624	1374	64	1430	37132	972	0	0
6514	64	1430	37132	1298	75	943	64	1427	37138	972	0	0
6515	64	1427	37138	1129	720	554	64	1424	37144	972	0	0
6516	64	1424	37144	420	157	1476	64	1421	37150	972	0	0
6517	64	1421	37150	1050	1436	650	64	1418	37156	972	0	0
6518	64	1418	37156	2	1117	24	65	1637	37158	974	220	0
6519	65	1637	37158	1040	26	945	65	1635	37162	975	0	0
6520	65	1635	37162	154	163	228	65	1632	37168	975	0	0
6521	65	1632	37168	896	89	1588	65	1629	37174	975	0	0
6522	65	1629	37174	1490	486	484	65	1626	37180	975	0	0
6523	65	1626	37180	1216	1408	570	65	1623	37186	975	0	0
6524	65	1623	37186	654	694	1282	65	1620	37192	975	0	0
6525	65	1620	37192	1156	323	855	65	1617	37198	975	0	0
6526	65	1617	37198	1197	479	80	65	1614	37204	975	0	0
6527	65	1614	37204	1366	35	1535	65	1612	37208	976	0	0
6528	65	1612	37208	637	700	1633	65	1609	37214	976	0	0
6529	65	1609	37214	1157	832	1020	65	1606	37220	976	0	0
6530	65	1606	37220	984	576	408	65	1603	37226	976	0	0
6531	65	1603	37226	550	773	839	65	1600	37232	976	0	0
6532	65	1600	37232	678	20	1121	65	1598	37236	977	0	0
6533	65	1598	37236	73	1495	1649	65	1595	37242	977	0	0
6534	65	1595	37242	843	1324	558	65	1592	37248	977	0	0
6535	65	1592	37248	1119	628	1004	65	1589	37254	977	0	0
6536	65	1589	37254	505	68	484	65	1586	37260	977	0	0
6537	65	1586	37260	1090	66	1220	65	1583	37266	977	0	0
6538	65	1583	37266	1558	186	397	65	1580	37272	977	0	0
6539	65	1580	37272	121	1206	228	65	1577	37278	977	0	0
6540	65	1577	37278	928	240	1434	65	1574	37284	977	0	0
6541	65	1574	37284	988	160	232	65	1571	37290	977	0	0
6542	65	1571	37290	1262	1206	1612	65	1568	37296	977	0	0
6543	65	1568	37296	193	905	1192	65	1565	37302	977	0	0
6544	65	1565	37302	1513	861	1584	65	1562	37308	977	0	0
6545	65	1562	37308	1190	1337	1126	65	1559	37314	977	0	0
6546	65	1559	37314	569	582	289	65	1556	37320	977	0	0
6547	65	1556	37320	131	668	927	65	1553	37326	977	0	0
6548	65	1553	37326	766	1164	905	65	1550	37332	977	0	0
6549	65	1550	37332	342	367	1377	65	1547	37338	977	0	0
6550	65	1547	37338	178	16	296	65	1545	37342	978	0	0
6551	65	1545	37342	370	68	14	65	1543	37346	979	0	0
6552	65	1543	37346	1381	344	587	65	1540	37352	979	0	0
6553	65	1540	37352	154	932	1600	65	1537	37358	979	0	0
6554	65	1537	37358	1370	866	1339	65	1534	37364	979	0	0
6555	65	1534	37364	983	485	72	65	1531	37370	979	0	0
6556	65	1531	37370	756	1495	884	65	1528	37376	979	0	0
6557	65	1528	37376	1341	1098	277	65	1525	37382	979	0	0
6558	65	1525	37382	122	1242	758	65	1522	37388	979	0	0
6559	65	1522	37388	1429	400	1562	65	1519	37394	979	0	0
6560	65	1519	37394	755	976	937	65	1516	37400	979	0	0
6561	65	1516	37400	65	899	71	65	1513	37406	979	0	0
6562	65	1513	37406	1204	854	1481	65	1510	37412	979	0	0
6563	65	1510	37412	26	219	1504	65	1508	37416	980	0	0
6564	65	1508	37416	1479	1297	622	65	1505	37422	980	0	0
6565	65	1505	37422	425	517	590	65	1502	37428	980	0	0
6566	65	1502	37428	596	1258	1563	65	1499	37434	980	0	0
6567	65	1499	37434	670	739	1314	65	1496	37440	980	0	0
6568	65	1496	37440	117	348	639	65	1493	37446	980	0	0
6569	65	1493	37446	792	1039	324	65	1490	37452	980	0	0
6570	65	1490	37452	239	297	1100	65	1487	37458	980	0	0
6571	65	1487	37458	1405	69	710	65	1484	37464	980	0	0
6572	65	1484	37464	415	1268	635	65	1481	37470	980	0	0
6573	65	1481	37470	1069	604	975	65	1478	37476	980	0	0
6574	65	1478	37476	505	1436	105	65	1475	37482	980	0	0
6575	65	1475	37482	1259	386	188	65	1472	37488	980	0	0
6576	65	1472	37488	910	56	64	66	3061	37490	982	1590	0
6577	66	3061	37490	166	532	1735	66	3058	37496	982	0	0
6578	66	3058	37496	928	2500	1733	66	3055	37502	982	0	0
6579	66	3055	37502	2811	1917	1718	66	3052	37508	982	0	0
6580	66	3052	37508	2663	1423	2899	66	3049	37514	982	0	0
6581	66	3049	37514	2910	1219	1274	66	3046	37520	982	0	0
6582	66	3046	37520	2467	259	2752	66	3043	37526	982	0	0
6583	66	3043	37526	542	1751	328	66	3040	37532	982	0	0
6584	66	3040	37532	1495	1234	300	66	3037	37538	982	0	0
6585	66	3037	37538	260	2697	2120	66	3034	37544	982	0	0
6586	66	3034	37544	2824	2398	446	66	3031	37550	982	0	0
6587	66	3031	37550	2894	88	1895	66	3028	37556	982	0	0
6588	66	3028	37556	1241	2646	1192	66	3025	37562	982	0	0
6589	66	3025	37562	994	1020	585	66	3022	37568	982	0	0
6590	66	3022	37568	409	2544	1182	66	3019	37574	982	0	0
6591	66	3019	37574	2992	2345	401	66	3016	37580	982	0	0
6592	66	3016	37580	898	2543	465	66	3013	37586	982	0	0
6593	66	3013	37586	1043	796	2360	66	3010	37592	982	0	0
6594	66	3010	37592	1699	70	1628	66	3007	37598	982	0	0
6595	66	3007	37598	58	2911	969	66	3005	37602	983	0	0
6596	66	3005	37602	3069	1900	343	66	3002	37608	983	0	0
6597	66	3002	37608	3058	1642	2177	66	2999	37614	983	0	0
6598	66	2999	37614	882	409	1454	66	2996	37620	983	0	0
6599	66	2996	37620	1126	556	1001	66	2993	37626	983	0	0
6600	66	2993	37626	1914	898	1983	66	2990	37632	983	0	0
6601	66	2990	37632	2712	729	507	66	2987	37638	983	0	0
6602	66	2987	37638	1232	597	495	66	2984	37644	983	0	0
6603	66	2984	37644	1127	1968	157	66	2981	37650	983	0	0
6604	66	2981	37650	2096	3000	2885	66	2978	37656	983	0	0
6605	66	2978	37656	2567	2215	382	66	2975	37662	983	0	0
6606	66	2975	37662	2706	1565	1790	66	2972	37668	983	0	0
6607	66	2972	37668	2854	2373	632	66	2969	37674	983	0	0
6608	66	2969	37674	2034	2900	962	66	2966	37680	983	0	0
6609	66	2966	37680	1429	1538	2560	66	2963	37686	983	0	0
6610	66	2963	37686	1579	693	1813	66	2960	37692	983	0	0
6611	66	2960	37692	2790	2999	2079	66	2957	37698	983	0	0
6612	66	2957	37698	2678	350	1773	66	2954	37704	983	0	0
6613	66	2954	37704	800	165	2181	66	2951	37710	983	0	0
6614	66	2951	37710	2906	2186	1080	66	2948	37716	983	0	0
6615	66	2948	37716	1813	2451	958	66	2945	37722	983	0	0
6616	66	2945	37722	1114	166	2821	66	2942	37728	983	0	0
6617	66	2942	37728	1915	1291	1785	66	2939	37734	983	0	0
6618	66	2939	37734	1344	1146	568	66	2936	37740	983	0	0
6619	66	2936	37740	484	707	772	66	2933	37746	983	0	0
6620	66	2933	37746	121	2108	2657	66	2930	37752	983	0	0
6621	66	2930	37752	1227	54	114	66	2928	37756	984	0	0
6622	66	2928	37756	1066	1045	1995	66	2925	37762	984	0	0
6623	66	2925	37762	1741	135	1212	66	2922	37768	984	0	0
6624	66	2922	37768	2910	2654	1027	66	2919	37774	984	0	0
6625	66	2919	37774	1667	2902	267	66	2916	37780	984	0	0
6626	66	2916	37780	1660	2307	2803	66	2913	37786	984	0	0
6627	66	2913	37786	2955	1393	5	66	2911	37790	985	0	0
6628	66	2911	37790	2469	1355	800	66	2908	37796	985	0	0
6629	66	2908	37796	2348	2124	2324	66	2905	37802	985	0	0
6630	66	2905	37802	1977	1305	856	66	2902	37808	985	0	0
6631	66	2902	37808	1457	84	1635	66	2899	37814	985	0	0
6632	66	2899	37814	963	2928	565	66	2896	37820	985	0	0
6633	66	2896	37820	1781	822	317	66	2893	37826	985	0	0
6634	66	2893	37826	2509	224	1580	66	2890	37832	985	0	0
6635	66	2890	37832	2135	436	490	66	2887	37838	985	0	0
6636	66	2887	37838	2868	1828	1066	66	2884	37844	985	0	0
6637	66	2884	37844	949	2775	674	66	2881	37850	985	0	0
6638	66	2881	37850	606	1894	2409	66	2878	37856	985	0	0
6639	66	2878	37856	2106	1893	639	66	2875	37862	985	0	0
6640	66	2875	37862	1619	79	2178	66	2872	37868	985	0	0
6641	66	2872	37868	417	1569	1388	66	2869	37874	985	0	0
6642	66	2869	37874	2012	335	2601	66	2866	37880	985	0	0
6643	66	2866	37880	1948	2140	2512	66	2863	37886	985	0	0
6644	66	2863	37886	1469	204	444	66	2860	37892	985	0	0
6645	66	2860	37892	1601	448	1982	66	2857	37898	985	0	0
6646	66	2857	37898	2497	1460	1789	66	2854	37904	985	0	0
6647	66	2854	37904	506	576	2376	66	2851	37910	985	0	0
6648	66	2851	37910	216	1611	2564	66	2848	37916	985	0	0
6649	66	2848	37916	1644	2691	285	66	2845	37922	985	0	0
6650	66	2845	37922	1453	2199	2321	66	2842	37928	985	0	0
6651	66	2842	37928	1681	1851	1710	66	2839	37934	985	0	0
6652	66	2839	37934	2753	478	2185	66	2836	37940	985	0	0
6653	66	2836	37940	1743	2334	1413	66	2833	37946	985	0	0
6654	66	2833	37946	2619	608	2575	66	2830	37952	985	0	0
6655	66	2830	37952	2063	1375	196	66	2827	37958	985	0	0
6656	66	2827	37958	2464	2745	408	66	2824	37964	985	0	0
6657	66	2824	37964	2110	2624	36	66	2822	37968	986	0	0
6658	66	2822	37968	1569	2619	716	66	2819	37974	986	0	0
6659	66	2819	37974	1962	135	1392	66	2816	37980	986	0	0
6660	66	2816	37980	156	2081	1454	66	2813	37986	986	0	0
6661	66	2813	37986	651	1754	1064	66	2810	37992	986	0	0
6662	66	2810	37992	899	2087	1437	66	2807	37998	986	0	0
6663	66	2807	37998	2378	1494	1522	66	2804	38004	986	0	0
6664	66	2804	38004	928	2469	2695	66	2801	38010	986	0	0
6665	66	2801	38010	2631	1650	1825	66	2798	38016	986	0	0
6666	66	2798	38016	2013	2437	2500	66	2795	38022	986	0	0
6667	66	2795	38022	2570	1489	132	66	2792	38028	986	0	0
6668	66	2792	38028	466	1120	2429	66	2789	38034	986	0	0
6669	66	2789	38034	738	2198	1763	66	2786	38040	986	0	0
6670	66	2786	38040	2822	1183	1582	66	2783	38046	986	0	0
6671	66	2783	38046	2158	2835	12	66	2781	38050	987	0	0
6672	66	2781	38050	1821	612	1015	66	2778	38056	987	0	0
6673	66	2778	38056	2766	2	1447	66	2776	38060	988	0	0
6674	66	2776	38060	2292	2750	1222	66	2773	38066	988	0	0
6675	66	2773	38066	2442	2125	551	66	2770	38072	988	0	0
6676	66	2770	38072	417	1217	1799	66	2767	38078	988	0	0
6677	66	2767	38078	643	2512	317	66	2764	38084	988	0	0
6678	66	2764	38084	1636	1670	416	66	2761	38090	988	0	0
6679	66	2761	38090	411	738	2129	66	2758	38096	988	0	0
6680	66	2758	38096	1580	2559	1733	66	2755	38102	988	0	0
6681	66	2755	38102	1703	1817	2145	66	2752	38108	988	0	0
6682	66	2752	38108	943	2765	1257	66	2749	38114	988	0	0
6683	66	2749	38114	365	2586	316	66	2746	38120	988	0	0
6684	66	2746	38120	2565	2156	2472	66	2743	38126	988	0	0
6685	66	2743	38126	875	77	1566	66	2740	38132	988	0	0
6686	66	2740	38132	119	394	2297	66	2737	38138	988	0	0
6687	66	2737	38138	617	2280	1841	66	2734	38144	988	0	0
6688	66	2734	38144	1904	737	1568	66	2731	38150	988	0	0
6689	66	2731	38150	2308	1607	2673	66	2728	38156	988	0	0
6690	66	2728	38156	2733	1950	898	66	2725	38162	988	0	0
6691	66	2725	38162	1175	464	1699	66	2722	38168	988	0	0
6692	66	2722	38168	598	2303	2046	66	2719	38174	988	0	0
6693	66	2719	38174	1883	228	1912	66	2716	38180	988	0	0
6694	66	2716	38180	1571	987	1997	66	2713	38186	988	0	0
6695	66	2713	38186	1898	163	2375	66	2710	38192	988	0	0
6696	66	2710	38192	1293	303	2390	66	2707	38198	988	0	0
6697	66	2707	38198	2356	2270	428	66	2704	38204	988	0	0
6698	66	2704	38204	968	641	796	66	2701	38210	988	0	0
6699	66	2701	38210	1889	2175	1152	66	2698	38216	988	0	0
6700	66	2698	38216	538	2269	2481	66	2695	38222	988	0	0
6701	66	2695	38222	390	2481	1322	66	2692	38228	988	0	0
6702	66	2692	38228	2284	1627	7	66	2690	38232	989	0	0
6703	66	2690	38232	1261	1072	2574	66	2687	38238	989	0	0
6704	66	2687	38238	2004	2023	849	66	2684	38244	989	0	0
6705	66	2684	38244	1618	1339	2567	66	2681	38250	989	0	0
6706	66	2681	38250	1369	239	976	66	2678	38256	989	0	0
6707	66	2678	38256	1782	79	2471	66	2675	38262	989	0	0
6708	66	2675	38262	1104	1101	2373	66	2672	38268	989	0	0
6709	66	2672	38268	2291	60	2608	66	2670	38272	990	0	0
6710	66	2670	38272	2149	774	1117	66	2667	38278	990	0	0
6711	66	2667	38278	2575	2386	660	66	2664	38284	990	0	0
6712	66	2664	38284	2402	1373	2707	66	2661	38290	990	0	0
6713	66	2661	38290	1804	2094	2104	66	2658	38296	990	0	0
6714	66	2658	38296	980	2055	2678	66	2655	38302	990	0	0
6715	66	2655	38302	1756	2640	876	66	2652	38308	990	0	0
6716	66	2652	38308	2619	2311	2217	66	2649	38314	990	0	0
6717	66	2649	38314	1793	670	735	66	2646	38320	990	0	0
6718	66	2646	38320	1	1276	374	66	2644	38324	991	0	0
6719	66	2644	38324	2304	316	2111	66	2641	38330	991	0	0
6720	66	2641	38330	1685	1044	1374	66	2638	38336	991	0	0
6721	66	2638	38336	366	2679	697	66	2635	38342	991	0	0
6722	66	2635	38342	50	842	1158	66	2633	38346	992	0	0
6723	66	2633	38346	1112	19	586	66	2631	38350	993	0	0
6724	66	2631	38350	525	787	2588	66	2628	38356	993	0	0
6725	66	2628	38356	212	761	798	66	2625	38362	993	0	0
6726	66	2625	38362	2212	584	767	66	2622	38368	993	0	0
6727	66	2622	38368	712	577	111	66	2619	38374	993	0	0
6728	66	2619	38374	829	605	1837	66	2616	38380	993	0	0
6729	66	2616	38380	1392	2002	1611	66	2613	38386	993	0	0
6730	66	2613	38386	2391	2114	45	66	2611	38390	994	0	0
6731	66	2611	38390	1515	2146	2116	66	2608	38396	994	0	0
6732	66	2608	38396	468	687	1560	66	2605	38402	994	0	0
6733	66	2605	38402	2574	2517	153	66	2602	38408	994	0	0
6734	66	2602	38408	907	1628	1440	66	2599	38414	994	0	0
6735	66	2599	38414	2084	221	2231	66	2596	38420	994	0	0
6736	66	2596	38420	2661	2062	1073	66	2593	38426	994	0	0
6737	66	2593	38426	1608	2042	2418	66	2590	38432	994	0	0
6738	66	2590	38432	416	395	2498	66	2587	38438	994	0	0
6739	66	2587	38438	1436	865	556	66	2584	38444	994	0	0
6740	66	2584	38444	2642	2287	236	66	2581	38450	994	0	0
6741	66	2581	38450	1096	2033	398	66	2578	38456	994	0	0
6742	66	2578	38456	1963	101	892	66	2575	38462	994	0	0
6743	66	2575	38462	877	2090	1623	66	2572	38468	994	0	0
6744	66	2572	38468	2331	2597	2072	66	2569	38474	994	0	0
6745	66	2569	38474	25	710	443	66	2567	38478	995	0	0
6746	66	2567	38478	95	1384	1574	66	2564	38484	995	0	0
6747	66	2564	38484	1963	412	1986	66	2561	38490	995	0	0
6748	66	2561	38490	723	2497	2	66	2559	38494	996	0	0
6749	66	2559	38494	207	845	790	66	2556	38500	996	0	0
6750	66	2556	38500	1695	1974	373	66	2553	38506	996	0	0
6751	66	2553	38506	2251	1324	1692	66	2550	38512	996	0	0
6752	66	2550	38512	90	914	1925	66	2547	38518	996	0	0
6753	66	2547	38518	1988	209	1661	66	2544	38524	996	0	0
6754	66	2544	38524	1832	2096	2588	66	2541	38530	996	0	0
6755	66	2541	38530	691	2473	318	66	2538	38536	996	0	0
6756	66	2538	38536	1490	2196	311	66	2535	38542	996	0	0
6757	66	2535	38542	359	173	553	66	2532	38548	996	0	0
6758	66	2532	38548	1754	1963	983	66	2529	38554	996	0	0
6759	66	2529	38554	897	151	1697	66	2526	38560	996	0	0
6760	66	2526	38560	2287	1611	621	66	2523	38566	996	0	0
6761	66	2523	38566	2532	2223	1293	66	2520	38572	996	0	0
6762	66	2520	38572	1911	760	998	66	2517	38578	996	0	0
6763	66	2517	38578	1583	1043	397	66	2514	38584	996	0	0
6764	66	2514	38584	2380	1743	2550	66	2511	38590	996	0	0
6765	66	2511	38590	1402	1823	821	66	2508	38596	996	0	0
6766	66	2508	38596	874	2422	295	66	2505	38602	996	0	0
6767	66	2505	38602	2317	1345	1691	66	2502	38608	996	0	0
6768	66	2502	38608	909	1789	173	66	2499	38614	996	0	0
6769	66	2499	38614	1333	1539	1312	66	2496	38620	996	0	0
6770	66	2496	38620	234	1683	227	66	2493	38626	996	0	0
6771	66	2493	38626	1122	482	1286	66	2490	38632	996	0	0
6772	66	2490	38632	340	747	826	66	2487	38638	996	0	0
6773	66	2487	38638	913	2470	2387	66	2484	38644	996	0	0
6774	66	2484	38644	2373	1180	945	66	2481	38650	996	0	0
6775	66	2481	38650	2354	793	971	66	2478	38656	996	0	0
6776	66	2478	38656	2521	1973	1852	66	2475	38662	996	0	0
6777	66	2475	38662	1757	2358	291	66	2472	38668	996	0	0
6778	66	2472	38668	1620	2022	2210	66	2469	38674	996	0	0
6779	66	2469	38674	2026	1772	2089	66	2466	38680	996	0	0
6780	66	2466	38680	1118	2089	460	66	2463	38686	996	0	0
6781	66	2463	38686	2433	2393	1558	66	2460	38692	996	0	0
6782	66	2460	38692	2146	151	1177	66	2457	38698	996	0	0
6783	66	2457	38698	1003	374	2415	66	2454	38704	996	0	0
6784	66	2454	38704	178	2517	899	66	2451	38710	996	0	0
6785	66	2451	38710	1610	194	611	66	2448	38716	996	0	0
6786	66	2448	38716	624	2033	2148	66	2445	38722	996	0	0
6787	66	2445	38722	1650	877	1480	66	2442	38728	996	0	0
6788	66	2442	38728	1620	1574	905	66	2439	38734	996	0	0
6789	66	2439	38734	1634	1932	2227	66	2436	38740	996	0	0
6790	66	2436	38740	1368	1819	645	66	2433	38746	996	0	0
6791	66	2433	38746	111	2181	7	66	2431	38750	997	0	0
6792	66	2431	38750	1828	1771	1028	66	2428	38756	997	0	0
6793	66	2428	38756	2356	155	827	66	2425	38762	997	0	0
6794	66	2425	38762	539	1286	771	66	2422	38768	997	0	0
6795	66	2422	38768	2062	1916	674	66	2419	38774	997	0	0
6796	66	2419	38774	2348	170	911	66	2416	38780	997	0	0
6797	66	2416	38780	1035	1937	2451	66	2413	38786	997	0	0
6798	66	2413	38786	1485	1009	310	66	2410	38792	997	0	0
6799	66	2410	38792	1492	1249	1501	66	2407	38798	997	0	0
6800	66	2407	38798	2034	1287	885	66	2404	38804	997	0	0
6801	66	2404	38804	2039	16	79	66	2402	38808	998	0	0
6802	66	2402	38808	2449	996	1619	66	2399	38814	998	0	0
6803	66	2399	38814	1224	1193	295	66	2396	38820	998	0	0
6804	66	2396	38820	1240	1143	2430	66	2393	38826	998	0	0
6805	66	2393	38826	1138	2448	502	66	2390	38832	998	0	0
6806	66	2390	38832	1930	624	1170	66	2387	38838	998	0	0
6807	66	2387	38838	912	881	2194	66	2384	38844	998	0	0
6808	66	2384	38844	2410	1815	1217	66	2381	38850	998	0	0
6809	66	2381	38850	2126	582	2121	66	2378	38856	998	0	0
6810	66	2378	38856	898	577	1434	66	2375	38862	998	0	0
6811	66	2375	38862	392	81	199	66	2372	38868	998	0	0
6812	66	2372	38868	291	696	564	66	2369	38874	998	0	0
6813	66	2369	38874	1494	1648	1409	66	2366	38880	998	0	0
6814	66	2366	38880	1745	348	1863	66	2363	38886	998	0	0
6815	66	2363	38886	1242	1314	972	66	2360	38892	998	0	0
6816	66	2360	38892	1522	225	22	66	2358	38896	999	0	0
6817	66	2358	38896	2414	57	1717	66	2356	38900	1000	0	0
6818	66	2356	38900	65	1272	2333	66	2354	38904	1001	0	0
6819	66	2354	38904	342	2084	841	66	2351	38910	1001	0	0
6820	66	2351	38910	1580	2026	2249	66	2348	38916	1001	0	0
6821	66	2348	38916	2012	983	1211	66	2345	38922	1001	0	0
6822	66	2345	38922	1295	696	2152	66	2342	38928	1001	0	0
6823	66	2342	38928	862	2000	2401	66	2339	38934	1001	0	0
6824	66	2339	38934	866	1360	1210	66	2336	38940	1001	0	0
6825	66	2336	38940	124	438	2317	66	2333	38946	1001	0	0
6826	66	2333	38946	299	1402	2009	66	2330	38952	1001	0	0
6827	66	2330	38952	1572	461	49	66	2328	38956	1002	0	0
6828	66	2328	38956	1063	1703	1628	66	2325	38962	1002	0	0
6829	66	2325	38962	347	489	1588	66	2322	38968	1002	0	0
6830	66	2322	38968	838	1916	2298	66	2319	38974	1002	0	0
6831	66	2319	38974	1213	110	140	66	2316	38980	1002	0	0
6832	66	2316	38980	2352	1292	2225	66	2313	38986	1002	0	0
6833	66	2313	38986	1102	1669	1797	66	2310	38992	1002	0	0
6834	66	2310	38992	1046	784	694	66	2307	38998	1002	0	0
6835	66	2307	38998	1215	228	1825	66	2304	39004	1002	0	0
6836	66	2304	39004	1280	772	2105	66	2301	39010	1002	0	0
6837	66	2301	39010	91	2110	645	66	2298	39016	1002	0	0
6838	66	2298	39016	88	1247	1543	66	2295	39022	1002	0	0
6839	66	2295	39022	486	572	1834	66	2292	39028	1002	0	0
6840	66	2292	39028	1278	660	561	66	2289	39034	1002	0	0
6841	66	2289	39034	302	872	1663	66	2286	39040	1002	0	0
6842	66	2286	39040	1507	2029	1291	66	2283	39046	1002	0	0
6843	66	2283	39046	2009	373	961	66	2280	39052	1002	0	0
6844	66	2280	39052	1638	67	2103	66	2277	39058	1002	0	0
6845	66	2277	39058	1518	283	176	66	2274	39064	1002	0	0
6846	66	2274	39064	2231	311	2230	66	2271	39070	1002	0	0
6847	66	2271	39070	1682	2152	835	66	2268	39076	1002	0	0
6848	66	2268	39076	1382	394	337	66	2265	39082	1002	0	0
6849	66	2265	39082	544	601	381	66	2262	39088	1002	0	0
6850	66	2262	39088	1965	1324	365	66	2259	39094	1002	0	0
6851	66	2259	39094	1682	2219	2233	66	2256	39100	1002	0	0
6852	66	2256	39100	1110	112	1975	66	2253	39106	1002	0	0
6853	66	2253	39106	2099	550	2288	66	2250	39112	1002	0	0
6854	66	2250	39112	799	2026	619	66	2247	39118	1002	0	0
6855	66	2247	39118	348	1426	2068	66	2244	39124	1002	0	0
6856	66	2244	39124	2250	1052	450	66	2241	39130	1002	0	0
6857	66	2241	39130	2289	641	1675	66	2238	39136	1002	0	0
6858	66	2238	39136	2148	761	1436	66	2235	39142	1002	0	0
6859	66	2235	39142	357	1533	1086	66	2232	39148	1002	0	0
6860	66	2232	39148	374	748	2276	66	2229	39154	1002	0	0
6861	66	2229	39154	1949	299	289	66	2226	39160	1002	0	0
6862	66	2226	39160	1756	1929	498	66	2223	39166	1002	0	0
6863	66	2223	39166	57	1579	870	66	2221	39170	1003	0	0
6864	66	2221	39170	209	2218	13	66	2219	39174	1004	0	0
6865	66	2219	39174	813	688	42	66	2217	39178	1005	0	0
6866	66	2217	39178	379	1218	1376	66	2214	39184	1005	0	0
6867	66	2214	39184	1718	1734	1419	66	2211	39190	1005	0	0
6868	66	2211	39190	111	1552	2065	66	2208	39196	1005	0	0
6869	66	2208	39196	202	1258	799	66	2205	39202	1005	0	0
6870	66	2205	39202	54	1959	954	66	2203	39206	1006	0	0
6871	66	2203	39206	1213	1514	1024	66	2200	39212	1006	0	0
6872	66	2200	39212	190	1206	2162	66	2197	39218	1006	0	0
6873	66	2197	39218	650	3	2039	66	2195	39222	1007	0	0
6874	66	2195	39222	1355	1146	1389	66	2192	39228	1007	0	0
6875	66	2192	39228	2029	1488	466	66	2189	39234	1007	0	0
6876	66	2189	39234	453	1292	1173	66	2186	39240	1007	0	0
6877	66	2186	39240	508	210	829	66	2183	39246	1007	0	0
6878	66	2183	39246	1495	1586	1758	66	2180	39252	1007	0	0
6879	66	2180	39252	1103	1019	172	66	2177	39258	1007	0	0
6880	66	2177	39258	970	907	1874	66	2174	39264	1007	0	0
6881	66	2174	39264	760	1576	583	66	2171	39270	1007	0	0
6882	66	2171	39270	1092	1989	1635	66	2168	39276	1007	0	0
6883	66	2168	39276	2165	2153	1171	66	2165	39282	1007	0	0
6884	66	2165	39282	584	675	234	66	2162	39288	1007	0	0
6885	66	2162	39288	515	822	932	66	2159	39294	1007	0	0
6886	66	2159	39294	281	1512	2009	66	2156	39300	1007	0	0
6887	66	2156	39300	792	1955	1433	66	2153	39306	1007	0	0
6888	66	2153	39306	1915	786	883	66	2150	39312	1007	0	0
6889	66	2150	39312	17	1711	742	66	2148	39316	1008	0	0
6890	66	2148	39316	1798	805	1945	66	2145	39322	1008	0	0
6891	66	2145	39322	1045	2054	1613	66	2142	39328	1008	0	0
6892	66	2142	39328	78	388	549	66	2139	39334	1008	0	0
6893	66	2139	39334	1334	2131	574	66	2136	39340	1008	0	0
6894	66	2136	39340	1663	427	376	66	2133	39346	1008	0	0
6895	66	2133	39346	987	435	252	66	2130	39352	1008	0	0
6896	66	2130	39352	2122	318	1227	66	2127	39358	1008	0	0
6897	66	2127	39358	176	808	138	66	2124	39364	1008	0	0
6898	66	2124	39364	812	1930	238	66	2121	39370	1008	0	0
6899	66	2121	39370	2093	116	239	66	2118	39376	1008	0	0
6900	66	2118	39376	146	1977	340	66	2115	39382	1008	0	0
6901	66	2115	39382	2008	254	1234	66	2112	39388	1008	0	0
6902	66	2112	39388	1071	1180	1553	66	2109	39394	1008	0	0
6903	66	2109	39394	2044	1433	1671	66	2106	39400	1008	0	0
6904	66	2106	39400	369	2093	1399	66	2103	39406	1008	0	0
6905	66	2103	39406	1981	2104	214	66	2100	39412	1008	0	0
6906	66	2100	39412	1986	717	742	66	2097	39418	1008	0	0
6907	66	2097	39418	378	1812	1334	66	2094	39424	1008	0	0
6908	66	2094	39424	753	793	1877	66	2091	39430	1008	0	0
6909	66	2091	39430	595	964	1353	66	2088	39436	1008	0	0
6910	66	2088	39436	1636	110	1487	66	2085	39442	1008	0	0
6911	66	2085	39442	1209	1908	1715	66	2082	39448	1008	0	0
6912	66	2082	39448	1268	1037	1767	66	2079	39454	1008	0	0
6913	66	2079	39454	1152	1075	2082	66	2076	39460	1008	0	0
6914	66	2076	39460	628	1481	721	66	2073	39466	1008	0	0
6915	66	2073	39466	1656	423	939	66	2070	39472	1008	0	0
6916	66	2070	39472	139	1495	1205	66	2067	39478	1008	0	0
6917	66	2067	39478	484	127	2002	66	2064	39484	1008	0	0
6918	66	2064	39484	2123	1015	543	66	2061	39490	1008	0	0
6919	66	2061	39490	907	249	2123	66	2058	39496	1008	0	0
6920	66	2058	39496	1070	459	789	66	2055	39502	1008	0	0
6921	66	2055	39502	577	282	356	66	2052	39508	1008	0	0
6922	66	2052	39508	1669	87	1875	66	2049	39514	1008	0	0
6923	66	2049	39514	1406	1267	421	66	2046	39520	1008	0	0
6924	66	2046	39520	1409	454	1903	66	2043	39526	1008	0	0
6925	66	2043	39526	659	60	1426	66	2041	39530	1009	0	0
6926	66	2041	39530	1247	1009	343	66	2038	39536	1009	0	0
6927	66	2038	39536	773	1798	1445	66	2035	39542	1009	0	0
6928	66	2035	39542	1727	1628	271	66	2032	39548	1009	0	0
6929	66	2032	39548	1875	276	323	66	2029	39554	1009	0	0
6930	66	2029	39554	811	919	202	66	2026	39560	1009	0	0
6931	66	2026	39560	918	725	253	66	2023	39566	1009	0	0
6932	66	2023	39566	1883	1910	1835	66	2020	39572	1009	0	0
6933	66	2020	39572	1050	1054	1794	66	2017	39578	1009	0	0
6934	66	2017	39578	1060	2032	983	66	2014	39584	1009	0	0
6935	66	2014	39584	975	1346	891	66	2011	39590	1009	0	0
6936	66	2011	39590	954	138	1792	66	2008	39596	1009	0	0
6937	66	2008	39596	1306	2004	1106	66	2005	39602	1009	0	0
6938	66	2005	39602	1598	827	1307	66	2002	39608	1009	0	0
6939	66	2002	39608	1199	530	593	66	1999	39614	1009	0	0
6940	66	1999	39614	1053	1202	1979	66	1996	39620	1009	0	0
6941	66	1996	39620	1788	983	1396	66	1993	39626	1009	0	0
6942	66	1993	39626	1426	54	1224	66	1991	39630	1010	0	0
6943	66	1991	39630	896	1016	646	66	1988	39636	1010	0	0
6944	66	1988	39636	1869	930	1467	66	1985	39642	1010	0	0
6945	66	1985	39642	678	1566	1799	66	1982	39648	1010	0	0
6946	66	1982	39648	1684	1932	1154	66	1979	39654	1010	0	0
6947	66	1979	39654	957	477	592	66	1976	39660	1010	0	0
6948	66	1976	39660	1002	79	345	66	1973	39666	1010	0	0
6949	66	1973	39666	1771	1764	301	66	1970	39672	1010	0	0
6950	66	1970	39672	1941	1502	1919	66	1967	39678	1010	0	0
6951	66	1967	39678	1389	826	289	66	1964	39684	1010	0	0
6952	66	1964	39684	2010	983	970	66	1961	39690	1010	0	0
6953	66	1961	39690	1801	1864	260	66	1958	39696	1010	0	0
6954	66	1958	39696	288	282	481	66	1955	39702	1010	0	0
6955	66	1955	39702	80	1872	1799	66	1952	39708	1010	0	0
6956	66	1952	39708	1319	1928	264	66	1949	39714	1010	0	0
6957	66	1949	39714	1931	1594	188	66	1946	39720	1010	0	0
6958	66	1946	39720	1160	840	408	66	1943	39726	1010	0	0
6959	66	1943	39726	1709	1799	1903	66	1940	39732	1010	0	0
6960	66	1940	39732	399	1218	334	66	1937	39738	1010	0	0
6961	66	1937	39738	1014	1027	949	66	1934	39744	1010	0	0
6962	66	1934	39744	139	547	780	66	1931	39750	1010	0	0
6963	66	1931	39750	1384	1606	78	66	1928	39756	1010	0	0
6964	66	1928	39756	1754	852	1917	66	1925	39762	1010	0	0
6965	66	1925	39762	702	1969	1833	66	1922	39768	1010	0	0
6966	66	1922	39768	810	1136	337	66	1919	39774	1010	0	0
6967	66	1919	39774	553	955	1840	66	1916	39780	1010	0	0
6968	66	1916	39780	13	1587	1405	66	1914	39784	1011	0	0
6969	66	1914	39784	615	1904	1570	66	1911	39790	1011	0	0
6970	66	1911	39790	1862	1695	920	66	1908	39796	1011	0	0
6971	66	1908	39796	334	1049	1696	66	1905	39802	1011	0	0
6972	66	1905	39802	1231	1936	1075	66	1902	39808	1011	0	0
6973	66	1902	39808	227	943	1612	66	1899	39814	1011	0	0
6974	66	1899	39814	1466	610	1638	66	1896	39820	1011	0	0
6975	66	1896	39820	1728	1424	1548	66	1893	39826	1011	0	0
6976	66	1893	39826	1115	1358	1291	66	1890	39832	1011	0	0
6977	66	1890	39832	1480	986	934	66	1887	39838	1011	0	0
6978	66	1887	39838	1460	1643	1646	66	1884	39844	1011	0	0
6979	66	1884	39844	1607	1174	203	66	1881	39850	1011	0	0
6980	66	1881	39850	954	1249	444	66	1878	39856	1011	0	0
6981	66	1878	39856	313	1334	614	66	1875	39862	1011	0	0
6982	66	1875	39862	317	1774	1271	66	1872	39868	1011	0	0
6983	66	1872	39868	566	1278	1110	66	1869	39874	1011	0	0
6984	66	1869	39874	1247	1807	303	66	1866	39880	1011	0	0
6985	66	1866	39880	1114	1340	1764	66	1863	39886	1011	0	0
6986	66	1863	39886	1693	1680	474	66	1860	39892	1011	0	0
6987	66	1860	39892	1117	640	1886	66	1857	39898	1011	0	0
6988	66	1857	39898	374	276	1610	66	1854	39904	1011	0	0
6989	66	1854	39904	1421	1369	19	66	1852	39908	1012	0	0
6990	66	1852	39908	749	1018	561	66	1849	39914	1012	0	0
6991	66	1849	39914	1216	1556	766	66	1846	39920	1012	0	0
6992	66	1846	39920	1744	529	608	66	1843	39926	1012	0	0
6993	66	1843	39926	1566	1780	440	66	1840	39932	1012	0	0
6994	66	1840	39932	159	748	38	66	1838	39936	1013	0	0
6995	66	1838	39936	482	1080	345	66	1835	39942	1013	0	0
6996	66	1835	39942	413	1772	1425	66	1832	39948	1013	0	0
6997	66	1832	39948	1196	348	898	66	1829	39954	1013	0	0
6998	66	1829	39954	935	1340	599	66	1826	39960	1013	0	0
6999	66	1826	39960	590	1700	202	66	1823	39966	1013	0	0
7000	66	1823	39966	937	781	524	66	1820	39972	1013	0	0
7001	66	1820	39972	931	413	673	66	1817	39978	1013	0	0
7002	66	1817	39978	390	1648	1080	66	1814	39984	1013	0	0
7003	66	1814	39984	1768	426	286	66	1811	39990	1013	0	0
7004	66	1811	39990	258	1536	662	66	1808	39996	1013	0	0
7005	66	1808	39996	1008	1641	1743	66	1805	40002	1013	0	0
7006	66	1805	40002	15	1184	132	66	1803	40006	1014	0	0
7007	66	1803	40006	1679	1777	1110	66	1800	40012	1014	0	0
7008	66	1800	40012	1107	524	1249	66	1797	40018	1014	0	0
7009	66	1797	40018	1123	271	420	66	1794	40024	1014	0	0
7010	66	1794	40024	587	182	1128	66	1791	40030	1014	0	0
7011	66	1791	40030	571	1361	806	66	1788	40036	1014	0	0
7012	66	1788	40036	1604	1410	1367	66	1785	40042	1014	0	0
7013	66	1785	40042	1044	1402	766	66	1782	40048	1014	0	0
7014	66	1782	40048	1521	776	762	66	1779	40054	1014	0	0
7015	66	1779	40054	530	302	1345	66	1776	40060	1014	0	0
7016	66	1776	40060	1532	877	325	66	1773	40066	1014	0	0
7017	66	1773	40066	1011	222	1453	66	1770	40072	1014	0	0
7018	66	1770	40072	1635	843	1131	66	1767	40078	1014	0	0
7019	66	1767	40078	1243	1344	1730	66	1764	40084	1014	0	0
7020	66	1764	40084	638	1814	750	66	1761	40090	1014	0	0
7021	66	1761	40090	608	780	975	66	1758	40096	1014	0	0
7022	66	1758	40096	566	1587	1718	66	1755	40102	1014	0	0
7023	66	1755	40102	721	399	746	66	1752	40108	1014	0	0
7024	66	1752	40108	579	1177	1661	66	1749	40114	1014	0	0
7025	66	1749	40114	682	213	811	66	1746	40120	1014	0	0
7026	66	1746	40120	289	1543	1391	66	1743	40126	1014	0	0
7027	66	1743	40126	130	840	719	66	1740	40132	1014	0	0
7028	66	1740	40132	1671	18	101	66	1738	40136	1015	0	0
7029	66	1738	40136	1243	1158	481	66	1735	40142	1015	0	0
7030	66	1735	40142	1018	715	408	66	1732	40148	1015	0	0
7031	66	1732	40148	84	1122	1068	66	1729	40154	1015	0	0
7032	66	1729	40154	142	46	379	66	1727	40158	1016	0	0
7033	66	1727	40158	1298	1520	1350	66	1724	40164	1016	0	0
7034	66	1724	40164	1630	1596	204	66	1721	40170	1016	0	0
7035	66	1721	40170	610	1619	800	66	1718	40176	1016	0	0
7036	66	1718	40176	394	1583	846	66	1715	40182	1016	0	0
7037	66	1715	40182	902	1307	1115	66	1712	40188	1016	0	0
7038	66	1712	40188	1631	183	269	66	1709	40194	1016	0	0
7039	66	1709	40194	1768	1562	1435	66	1706	40200	1016	0	0
7040	66	1706	40200	524	276	16	66	1704	40204	1017	0	0
7041	66	1704	40204	1350	477	1768	66	1701	40210	1017	0	0
7042	66	1701	40210	1368	1470	280	66	1698	40216	1017	0	0
7043	66	1698	40216	1449	1467	1678	66	1695	40222	1017	0	0
7044	66	1695	40222	1233	1670	696	66	1692	40228	1017	0	0
7045	66	1692	40228	416	921	1410	66	1689	40234	1017	0	0
7046	66	1689	40234	1080	1159	776	66	1686	40240	1017	0	0
7047	66	1686	40240	306	1083	1178	66	1683	40246	1017	0	0
7048	66	1683	40246	1075	776	587	66	1680	40252	1017	0	0
7049	66	1680	40252	995	1427	844	66	1677	40258	1017	0	0
7050	66	1677	40258	873	932	1538	66	1674	40264	1017	0	0
7051	66	1674	40264	547	861	1684	66	1671	40270	1017	0	0
7052	66	1671	40270	1447	130	1501	66	1668	40276	1017	0	0
7053	66	1668	40276	604	595	1017	66	1665	40282	1017	0	0
7054	66	1665	40282	51	520	627	66	1663	40286	1018	0	0
7055	66	1663	40286	1086	707	628	66	1660	40292	1018	0	0
7056	66	1660	40292	291	1183	251	66	1657	40298	1018	0	0
7057	66	1657	40298	885	590	1339	66	1654	40304	1018	0	0
7058	66	1654	40304	542	484	318	66	1651	40310	1018	0	0
7059	66	1651	40310	238	212	931	66	1648	40316	1018	0	0
7060	66	1648	40316	546	219	723	66	1645	40322	1018	0	0
7061	66	1645	40322	359	903	1410	66	1642	40328	1018	0	0
7062	66	1642	40328	1343	623	795	66	1639	40334	1018	0	0
7063	66	1639	40334	879	1552	1431	66	1636	40340	1018	0	0
7064	66	1636	40340	133	1404	1306	66	1633	40346	1018	0	0
7065	66	1633	40346	1204	1679	1163	66	1630	40352	1018	0	0
7066	66	1630	40352	190	1149	1448	66	1627	40358	1018	0	0
7067	66	1627	40358	1228	1379	1271	66	1624	40364	1018	0	0
7068	66	1624	40364	1255	694	604	66	1621	40370	1018	0	0
7069	66	1621	40370	127	1130	1619	66	1618	40376	1018	0	0
7070	66	1618	40376	1473	1457	364	66	1615	40382	1018	0	0
7071	66	1615	40382	366	1155	512	66	1612	40388	1018	0	0
7072	66	1612	40388	842	643	1318	66	1609	40394	1018	0	0
7073	66	1609	40394	1155	930	523	66	1606	40400	1018	0	0
7074	66	1606	40400	827	763	331	66	1603	40406	1018	0	0
7075	66	1603	40406	1146	1167	272	66	1600	40412	1018	0	0
7076	66	1600	40412	1333	1459	1012	66	1597	40418	1018	0	0
7077	66	1597	40418	1415	912	75	66	1594	40424	1018	0	0
7078	66	1594	40424	2	1243	1113	66	1592	40428	1019	0	0
7079	66	1592	40428	12	1637	623	66	1590	40432	1020	0	0
7080	66	1590	40432	345	1437	1518	66	1587	40438	1020	0	0
7081	66	1587	40438	752	1593	1080	66	1584	40444	1020	0	0
7082	66	1584	40444	453	687	1621	66	1581	40450	1020	0	0
7083	66	1581	40450	527	417	1268	66	1578	40456	1020	0	0
7084	66	1578	40456	946	931	1202	66	1575	40462	1020	0	0
7085	66	1575	40462	1357	606	780	66	1572	40468	1020	0	0
7086	66	1572	40468	99	1080	956	66	1569	40474	1020	0	0
7087	66	1569	40474	23	855	159	66	1567	40478	1021	0	0
7088	66	1567	40478	1313	459	1315	66	1564	40484	1021	0	0
7089	66	1564	40484	1255	155	468	66	1561	40490	1021	0	0
7090	66	1561	40490	774	1401	393	66	1558	40496	1021	0	0
7091	66	1558	40496	939	1572	894	66	1555	40502	1021	0	0
7092	66	1555	40502	1446	1101	1199	66	1552	40508	1021	0	0
7093	66	1552	40508	562	1118	1007	66	1549	40514	1021	0	0
7094	66	1549	40514	1583	967	1212	66	1546	40520	1021	0	0
7095	66	1546	40520	1006	860	1262	66	1543	40526	1021	0	0
7096	66	1543	40526	926	85	541	66	1540	40532	1021	0	0
7097	66	1540	40532	1589	769	1488	66	1537	40538	1021	0	0
7098	66	1537	40538	1556	1064	1461	66	1534	40544	1021	0	0
7099	66	1534	40544	1172	1251	1311	66	1531	40550	1021	0	0
7100	66	1531	40550	431	603	278	66	1528	40556	1021	0	0
7101	66	1528	40556	789	69	235	66	1525	40562	1021	0	0
7102	66	1525	40562	204	621	1370	66	1522	40568	1021	0	0
7103	66	1522	40568	568	1064	949	66	1519	40574	1021	0	0
7104	66	1519	40574	623	1186	1480	66	1516	40580	1021	0	0
7105	66	1516	40580	1145	1297	108	66	1513	40586	1021	0	0
7106	66	1513	40586	379	909	1324	66	1510	40592	1021	0	0
7107	66	1510	40592	832	600	185	66	1507	40598	1021	0	0
7108	66	1507	40598	1051	1038	446	66	1504	40604	1021	0	0
7109	66	1504	40604	508	641	346	66	1501	40610	1021	0	0
7110	66	1501	40610	1359	137	1043	66	1498	40616	1021	0	0
7111	66	1498	40616	331	9	274	66	1496	40620	1022	0	0
7112	66	1496	40620	34	1395	643	66	1494	40624	1023	0	0
7113	66	1494	40624	621	1190	1297	66	1491	40630	1023	0	0
7114	66	1491	40630	472	515	586	66	1488	40636	1023	0	0
7115	66	1488	40636	428	1046	36	66	1486	40640	1024	0	0
7116	66	1486	40640	1392	294	772	66	1483	40646	1024	0	0
7117	66	1483	40646	454	1527	1383	66	1480	40652	1024	0	0
7118	66	1480	40652	390	263	1375	66	1477	40658	1024	0	0
7119	66	1477	40658	678	1453	757	66	1474	40664	1024	0	0
7120	66	1474	40664	1059	964	690	66	1471	40670	1024	0	0
7121	66	1471	40670	1290	977	1270	66	1468	40676	1024	0	0
7122	66	1468	40676	37	413	803	66	1466	40680	1025	0	0
7123	66	1466	40680	617	48	1205	66	1464	40684	1026	0	0
7124	66	1464	40684	96	914	778	66	1461	40690	1026	0	0
7125	66	1461	40690	576	754	262	66	1458	40696	1026	0	0
7126	66	1458	40696	1035	770	670	66	1455	40702	1026	0	0
7127	66	1455	40702	990	186	423	66	1452	40708	1026	0	0
7128	66	1452	40708	1196	1060	757	66	1449	40714	1026	0	0
7129	66	1449	40714	1445	1441	554	66	1446	40720	1026	0	0
7130	66	1446	40720	953	209	1379	66	1443	40726	1026	0	0
7131	66	1443	40726	334	1283	775	66	1440	40732	1026	0	0
7132	66	1440	40732	369	830	906	66	1437	40738	1026	0	0
7133	66	1437	40738	1288	566	412	66	1434	40744	1026	0	0
7134	66	1434	40744	348	486	1151	66	1431	40750	1026	0	0
7135	66	1431	40750	724	1200	179	66	1428	40756	1026	0	0
7136	66	1428	40756	526	474	471	66	1425	40762	1026	0	0
7137	66	1425	40762	233	437	529	66	1422	40768	1026	0	0
7138	66	1422	40768	1054	210	610	66	1419	40774	1026	0	0
7139	66	1419	40774	1076	658	1036	66	1416	40780	1026	0	0
7140	66	1416	40780	994	216	355	66	1413	40786	1026	0	0
7141	66	1413	40786	431	583	234	66	1410	40792	1026	0	0
7142	66	1410	40792	1094	439	834	66	1407	40798	1026	0	0
7143	66	1407	40798	385	177	1183	66	1404	40804	1026	0	0
7144	66	1404	40804	213	241	598	66	1401	40810	1026	0	0
7145	66	1401	40810	590	275	104	66	1398	40816	1026	0	0
7146	66	1398	40816	41	1332	27	67	1717	40818	1028	320	0
7147	67	1717	40818	738	192	1485	67	1714	40824	1028	0	0
7148	67	1714	40824	3	427	1063	67	1712	40828	1029	0	0
7149	67	1712	40828	753	487	1127	67	1709	40834	1029	0	0
7150	67	1709	40834	1285	1726	165	67	1706	40840	1029	0	0
7151	67	1706	40840	590	670	1330	67	1703	40846	1029	0	0
7152	67	1703	40846	321	1208	132	67	1700	40852	1029	0	0
7153	67	1700	40852	1545	789	1221	67	1697	40858	1029	0	0
7154	67	1697	40858	512	1178	1729	67	1694	40864	1029	0	0
7155	67	1694	40864	5	524	1741	67	1692	40868	1030	0	0
7156	67	1692	40868	862	566	1034	67	1689	40874	1030	0	0
7157	67	1689	40874	717	726	19	67	1687	40878	1031	0	0
7158	67	1687	40878	135	279	764	67	1684	40884	1031	0	0
7159	67	1684	40884	1504	75	157	67	1681	40890	1031	0	0
7160	67	1681	40890	458	875	1090	67	1678	40896	1031	0	0
7161	67	1678	40896	456	801	892	67	1675	40902	1031	0	0
7162	67	1675	40902	991	940	15	67	1673	40906	1032	0	0
7163	67	1673	40906	549	763	650	67	1670	40912	1032	0	0
7164	67	1670	40912	1327	60	813	67	1668	40916	1033	0	0
7165	67	1668	40916	871	89	190	67	1665	40922	1033	0	0
7166	67	1665	40922	1429	641	808	67	1662	40928	1033	0	0
7167	67	1662	40928	366	334	311	67	1659	40934	1033	0	0
7168	67	1659	40934	369	1289	1252	67	1656	40940	1033	0	0
7169	67	1656	40940	630	74	684	67	1653	40946	1033	0	0
7170	67	1653	40946	815	1042	1223	67	1650	40952	1033	0	0
7171	67	1650	40952	1331	357	1546	67	1647	40958	1033	0	0
7172	67	1647	40958	790	7	261	67	1645	40962	1034	0	0
7173	67	1645	40962	1128	822	951	67	1642	40968	1034	0	0
7174	67	1642	40968	109	1403	874	67	1639	40974	1034	0	0
7175	67	1639	40974	1326	1090	1583	67	1636	40980	1034	0	0
7176	67	1636	40980	1408	5	855	67	1634	40984	1035	0	0
7177	67	1634	40984	430	860	1555	67	1631	40990	1035	0	0
7178	67	1631	40990	1348	408	301	67	1628	40996	1035	0	0
7179	67	1628	40996	297	1458	249	67	1625	41002	1035	0	0
7180	67	1625	41002	1391	1340	396	67	1622	41008	1035	0	0
7181	67	1622	41008	1520	670	1284	67	1619	41014	1035	0	0
7182	67	1619	41014	265	604	1030	67	1616	41020	1035	0	0
7183	67	1616	41020	1539	659	483	67	1613	41026	1035	0	0
7184	67	1613	41026	1095	649	1250	67	1610	41032	1035	0	0
7185	67	1610	41032	1601	547	724	67	1607	41038	1035	0	0
7186	67	1607	41038	713	98	1234	67	1604	41044	1035	0	0
7187	67	1604	41044	411	1204	425	67	1601	41050	1035	0	0
7188	67	1601	41050	1337	714	140	67	1598	41056	1035	0	0
7189	67	1598	41056	778	1036	184	67	1595	41062	1035	0	0
7190	67	1595	41062	686	1267	1464	67	1592	41068	1035	0	0
7191	67	1592	41068	1446	1242	104	67	1589	41074	1035	0	0
7192	67	1589	41074	1286	781	239	67	1586	41080	1035	0	0
7193	67	1586	41080	1514	1300	898	67	1583	41086	1035	0	0
7194	67	1583	41086	350	510	790	67	1580	41092	1035	0	0
7195	67	1580	41092	48	745	1259	67	1578	41096	1036	0	0
7196	67	1578	41096	552	485	388	67	1575	41102	1036	0	0
7197	67	1575	41102	1333	80	716	67	1572	41108	1036	0	0
7198	67	1572	41108	619	1515	72	67	1569	41114	1036	0	0
7199	67	1569	41114	590	1613	813	67	1566	41120	1036	0	0
7200	67	1566	41120	384	926	1016	67	1563	41126	1036	0	0
7201	67	1563	41126	1042	1616	243	67	1560	41132	1036	0	0
7202	67	1560	41132	197	468	19	67	1558	41136	1037	0	0
7203	67	1558	41136	172	1203	1383	67	1555	41142	1037	0	0
7204	67	1555	41142	885	472	214	67	1552	41148	1037	0	0
7205	67	1552	41148	1514	960	885	67	1549	41154	1037	0	0
7206	67	1549	41154	591	583	1010	67	1546	41160	1037	0	0
7207	67	1546	41160	1114	1058	1214	67	1543	41166	1037	0	0
7208	67	1543	41166	842	1383	858	67	1540	41172	1037	0	0
7209	67	1540	41172	1324	475	197	67	1537	41178	1037	0	0
7210	67	1537	41178	1546	1111	612	67	1534	41184	1037	0	0
7211	67	1534	41184	125	1587	767	67	1531	41190	1037	0	0
7212	67	1531	41190	204	276	1301	67	1528	41196	1037	0	0
7213	67	1528	41196	552	1364	167	67	1525	41202	1037	0	0
7214	67	1525	41202	1134	1304	1274	67	1522	41208	1037	0	0
7215	67	1522	41208	1488	179	685	67	1519	41214	1037	0	0
7216	67	1519	41214	1140	34	185	67	1517	41218	1038	0	0
7217	67	1517	41218	769	754	727	67	1514	41224	1038	0	0
7218	67	1514	41224	298	1386	1281	67	1511	41230	1038	0	0
7219	67	1511	41230	1455	0	1031	67	1509	41234	1039	0	0
7220	67	1509	41234	1191	889	1083	67	1506	41240	1039	0	0
7221	67	1506	41240	390	397	560	67	1503	41246	1039	0	0
7222	67	1503	41246	1355	1333	618	67	1500	41252	1039	0	0
7223	67	1500	41252	39	97	417	67	1498	41256	1040	0	0
7224	67	1498	41256	290	956	1443	67	1495	41262	1040	0	0
7225	67	1495	41262	641	917	1042	67	1492	41268	1040	0	0
7226	67	1492	41268	1157	1011	1248	67	1489	41274	1040	0	0
7227	67	1489	41274	639	446	1397	67	1486	41280	1040	0	0
7228	67	1486	41280	31	27	98	67	1485	41282	1042	0	0
7229	67	1485	41282	930	1009	1338	67	1482	41288	1042	0	0
7230	67	1482	41288	89	1498	153	67	1479	41294	1042	0	0
7231	67	1479	41294	1044	167	866	67	1476	41300	1042	0	0
7232	67	1476	41300	16	66	1060	68	2521	41302	1044	1046	0
7233	68	2521	41302	1716	6	218	68	2519	41306	1045	0	0
7234	68	2519	41306	1878	1533	1681	68	2516	41312	1045	0	0
7235	68	2516	41312	207	311	1882	68	2513	41318	1045	0	0
7236	68	2513	41318	2525	1062	491	68	2510	41324	1045	0	0
7237	68	2510	41324	526	742	457	68	2507	41330	1045	0	0
7238	68	2507	41330	834	2313	505	68	2504	41336	1045	0	0
7239	68	2504	41336	2220	68	2218	68	2501	41342	1045	0	0
7240	68	2501	41342	1613	657	2123	68	2498	41348	1045	0	0
7241	68	2498	41348	1329	453	389	68	2495	41354	1045	0	0
7242	68	2495	41354	392	2529	2161	68	2492	41360	1045	0	0
7243	68	2492	41360	1674	627	772	68	2489	41366	1045	0	0
7244	68	2489	41366	1143	1949	490	68	2486	41372	1045	0	0
7245	68	2486	41372	1014	2340	1605	68	2483	41378	1045	0	0
7246	68	2483	41378	2528	491	865	68	2480	41384	1045	0	0
7247	68	2480	41384	2287	1521	618	68	2477	41390	1045	0	0
7248	68	2477	41390	1600	153	2039	68	2474	41396	1045	0	0
7249	68	2474	41396	206	2392	2117	68	2471	41402	1045	0	0
7250	68	2471	41402	2129	1460	2058	68	2468	41408	1045	0	0
7251	68	2468	41408	2010	2403	38	68	2466	41412	1046	0	0
7252	68	2466	41412	198	353	399	68	2463	41418	1046	0	0
7253	68	2463	41418	1718	2141	1265	68	2460	41424	1046	0	0
7254	68	2460	41424	1712	2296	315	68	2457	41430	1046	0	0
7255	68	2457	41430	971	2097	2495	68	2454	41436	1046	0	0
7256	68	2454	41436	159	1359	2049	68	2451	41442	1046	0	0
7257	68	2451	41442	613	928	2264	68	2448	41448	1046	0	0
7258	68	2448	41448	688	2113	1122	68	2445	41454	1046	0	0
7259	68	2445	41454	901	2103	339	68	2442	41460	1046	0	0
7260	68	2442	41460	1866	1889	1375	68	2439	41466	1046	0	0
7261	68	2439	41466	1643	397	2439	68	2436	41472	1046	0	0
7262	68	2436	41472	913	2289	697	68	2433	41478	1046	0	0
7263	68	2433	41478	544	1560	1102	68	2430	41484	1046	0	0
7264	68	2430	41484	1066	33	1639	68	2428	41488	1047	0	0
7265	68	2428	41488	1339	1866	1809	68	2425	41494	1047	0	0
7266	68	2425	41494	1497	15	1272	68	2423	41498	1048	0	0
7267	68	2423	41498	653	2482	1505	68	2420	41504	1048	0	0
7268	68	2420	41504	869	1768	1403	68	2417	41510	1048	0	0
7269	68	2417	41510	1471	1453	1334	68	2414	41516	1048	0	0
7270	68	2414	41516	1902	1899	646	68	2411	41522	1048	0	0
7271	68	2411	41522	52	81	1032	68	2409	41526	1049	0	0
7272	68	2409	41526	630	1596	1647	68	2406	41532	1049	0	0
7273	68	2406	41532	80	2346	1050	68	2403	41538	1049	0	0
7274	68	2403	41538	1782	389	493	68	2400	41544	1049	0	0
7275	68	2400	41544	98	1611	1317	68	2397	41550	1049	0	0
7276	68	2397	41550	922	1830	1495	68	2394	41556	1049	0	0
7277	68	2394	41556	1693	1330	865	68	2391	41562	1049	0	0
7278	68	2391	41562	922	1879	252	68	2388	41568	1049	0	0
7279	68	2388	41568	619	1052	761	68	2385	41574	1049	0	0
7280	68	2385	41574	35	2404	2430	68	2383	41578	1050	0	0
7281	68	2383	41578	274	732	1727	68	2380	41584	1050	0	0
7282	68	2380	41584	714	2209	272	68	2377	41590	1050	0	0
7283	68	2377	41590	1714	773	733	68	2374	41596	1050	0	0
7284	68	2374	41596	1385	609	1233	68	2371	41602	1050	0	0
7285	68	2371	41602	1927	2257	570	68	2368	41608	1050	0	0
7286	68	2368	41608	490	432	1181	68	2365	41614	1050	0	0
7287	68	2365	41614	1304	1882	1977	68	2362	41620	1050	0	0
7288	68	2362	41620	199	1584	229	68	2359	41626	1050	0	0
7289	68	2359	41626	524	362	251	68	2356	41632	1050	0	0
7290	68	2356	41632	896	1946	207	68	2353	41638	1050	0	0
7291	68	2353	41638	927	915	1112	68	2350	41644	1050	0	0
7292	68	2350	41644	2155	1603	1670	68	2347	41650	1050	0	0
7293	68	2347	41650	10	1878	230	68	2345	41654	1051	0	0
7294	68	2345	41654	2172	2342	632	68	2342	41660	1051	0	0
7295	68	2342	41660	1303	1760	1004	68	2339	41666	1051	0	0
7296	68	2339	41666	1256	1945	634	68	2336	41672	1051	0	0
7297	68	2336	41672	1074	1988	1607	68	2333	41678	1051	0	0
7298	68	2333	41678	1979	2014	98	68	2330	41684	1051	0	0
7299	68	2330	41684	1050	927	214	68	2327	41690	1051	0	0
7300	68	2327	41690	602	585	805	68	2324	41696	1051	0	0
7301	68	2324	41696	883	1785	2260	68	2321	41702	1051	0	0
7302	68	2321	41702	1090	455	1969	68	2318	41708	1051	0	0
7303	68	2318	41708	1950	741	1354	68	2315	41714	1051	0	0
7304	68	2315	41714	504	527	1131	68	2312	41720	1051	0	0
7305	68	2312	41720	1515	827	1524	68	2309	41726	1051	0	0
7306	68	2309	41726	1770	1091	1159	68	2306	41732	1051	0	0
7307	68	2306	41732	518	179	261	68	2303	41738	1051	0	0
7308	68	2303	41738	107	752	538	68	2300	41744	1051	0	0
7309	68	2300	41744	1774	1255	1862	68	2297	41750	1051	0	0
7310	68	2297	41750	754	1977	1543	68	2294	41756	1051	0	0
7311	68	2294	41756	1518	1598	2106	68	2291	41762	1051	0	0
7312	68	2291	41762	355	1298	1149	68	2288	41768	1051	0	0
7313	68	2288	41768	2185	1708	280	68	2285	41774	1051	0	0
7314	68	2285	41774	1700	1272	1698	68	2282	41780	1051	0	0
7315	68	2282	41780	242	279	864	68	2279	41786	1051	0	0
7316	68	2279	41786	2142	1683	325	68	2276	41792	1051	0	0
7317	68	2276	41792	591	569	2076	68	2273	41798	1051	0	0
7318	68	2273	41798	96	567	160	68	2270	41804	1051	0	0
7319	68	2270	41804	1079	1394	1588	68	2267	41810	1051	0	0
7320	68	2267	41810	647	20	149	68	2265	41814	1052	0	0
7321	68	2265	41814	1853	2293	549	68	2262	41820	1052	0	0
7322	68	2262	41820	1957	60	1444	68	2260	41824	1053	0	0
7323	68	2260	41824	1523	2111	1608	68	2257	41830	1053	0	0
7324	68	2257	41830	1369	321	1662	68	2254	41836	1053	0	0
7325	68	2254	41836	78	425	730	68	2251	41842	1053	0	0
7326	68	2251	41842	2154	1318	434	68	2248	41848	1053	0	0
7327	68	2248	41848	1427	1201	1596	68	2245	41854	1053	0	0
7328	68	2245	41854	449	998	767	68	2242	41860	1053	0	0
7329	68	2242	41860	139	1459	65	68	2240	41864	1054	0	0
7330	68	2240	41864	450	911	2044	68	2237	41870	1054	0	0
7331	68	2237	41870	1855	878	2238	68	2234	41876	1054	0	0
7332	68	2234	41876	128	1613	855	68	2231	41882	1054	0	0
7333	68	2231	41882	1958	1224	1026	68	2228	41888	1054	0	0
7334	68	2228	41888	214	552	1093	68	2225	41894	1054	0	0
7335	68	2225	41894	2042	937	1740	68	2222	41900	1054	0	0
7336	68	2222	41900	33	2160	909	68	2220	41904	1055	0	0
7337	68	2220	41904	104	527	602	68	2217	41910	1055	0	0
7338	68	2217	41910	1247	97	389	68	2214	41916	1055	0	0
7339	68	2214	41916	1196	252	1661	68	2211	41922	1055	0	0
7340	68	2211	41922	2205	763	1453	68	2208	41928	1055	0	0
7341	68	2208	41928	1709	718	1463	68	2205	41934	1055	0	0
7342	68	2205	41934	571	1323	1413	68	2202	41940	1055	0	0
7343	68	2202	41940	323	1764	1248	68	2199	41946	1055	0	0
7344	68	2199	41946	1614	2206	886	68	2196	41952	1055	0	0
7345	68	2196	41952	944	1448	368	68	2193	41958	1055	0	0
7346	68	2193	41958	230	986	2028	68	2190	41964	1055	0	0
7347	68	2190	41964	7	938	1164	68	2188	41968	1056	0	0
7348	68	2188	41968	1715	2001	545	68	2185	41974	1056	0	0
7349	68	2185	41974	1570	2050	573	68	2182	41980	1056	0	0
7350	68	2182	41980	660	1846	900	68	2179	41986	1056	0	0
7351	68	2179	41986	1559	84	1645	68	2176	41992	1056	0	0
7352	68	2176	41992	1023	1218	1654	68	2173	41998	1056	0	0
7353	68	2173	41998	1622	1279	1140	68	2170	42004	1056	0	0
7354	68	2170	42004	533	91	1922	68	2167	42010	1056	0	0
7355	68	2167	42010	158	413	730	68	2164	42016	1056	0	0
7356	68	2164	42016	80	1379	829	68	2161	42022	1056	0	0
7357	68	2161	42022	684	818	824	68	2158	42028	1056	0	0
7358	68	2158	42028	60	978	174	68	2156	42032	1057	0	0
7359	68	2156	42032	959	1065	356	68	2153	42038	1057	0	0
7360	68	2153	42038	1745	1207	1706	68	2150	42044	1057	0	0
7361	68	2150	42044	1006	250	229	68	2147	42050	1057	0	0
7362	68	2147	42050	959	375	1544	68	2144	42056	1057	0	0
7363	68	2144	42056	1327	719	1032	68	2141	42062	1057	0	0
7364	68	2141	42062	2202	2164	449	68	2138	42068	1057	0	0
7365	68	2138	42068	162	1054	857	68	2135	42074	1057	0	0
7366	68	2135	42074	679	937	1494	68	2132	42080	1057	0	0
7367	68	2132	42080	336	2178	1433	68	2129	42086	1057	0	0
7368	68	2129	42086	1892	65	2175	68	2127	42090	1058	0	0
7369	68	2127	42090	1670	1539	1735	68	2124	42096	1058	0	0
7370	68	2124	42096	1849	2133	1161	68	2121	42102	1058	0	0
7371	68	2121	42102	293	10	1290	68	2119	42106	1059	0	0
7372	68	2119	42106	891	814	1959	68	2116	42112	1059	0	0
7373	68	2116	42112	1539	1650	1026	68	2113	42118	1059	0	0
7374	68	2113	42118	655	326	891	68	2110	42124	1059	0	0
7375	68	2110	42124	275	821	332	68	2107	42130	1059	0	0
7376	68	2107	42130	1203	1197	580	68	2104	42136	1059	0	0
7377	68	2104	42136	2028	1	1026	68	2102	42140	1060	0	0
7378	68	2102	42140	1882	1179	1567	68	2099	42146	1060	0	0
7379	68	2099	42146	1828	956	398	68	2096	42152	1060	0	0
7380	68	2096	42152	1975	2025	846	68	2093	42158	1060	0	0
7381	68	2093	42158	769	249	577	68	2090	42164	1060	0	0
7382	68	2090	42164	1493	749	1809	68	2087	42170	1060	0	0
7383	68	2087	42170	140	1175	1759	68	2084	42176	1060	0	0
7384	68	2084	42176	360	1171	421	68	2081	42182	1060	0	0
7385	68	2081	42182	15	774	1274	68	2079	42186	1061	0	0
7386	68	2079	42186	1882	8	1377	68	2077	42190	1062	0	0
7387	68	2077	42190	886	2027	1479	68	2074	42196	1062	0	0
7388	68	2074	42196	550	1453	1738	68	2071	42202	1062	0	0
7389	68	2071	42202	1490	619	256	68	2068	42208	1062	0	0
7390	68	2068	42208	1040	1703	80	68	2065	42214	1062	0	0
7391	68	2065	42214	379	1585	356	68	2062	42220	1062	0	0
7392	68	2062	42220	548	1179	1715	68	2059	42226	1062	0	0
7393	68	2059	42226	161	91	1586	68	2056	42232	1062	0	0
7394	68	2056	42232	1499	1120	929	68	2053	42238	1062	0	0
7395	68	2053	42238	690	538	1490	68	2050	42244	1062	0	0
7396	68	2050	42244	1556	164	2040	68	2047	42250	1062	0	0
7397	68	2047	42250	304	1647	1840	68	2044	42256	1062	0	0
7398	68	2044	42256	143	1633	97	68	2041	42262	1062	0	0
7399	68	2041	42262	1386	358	1059	68	2038	42268	1062	0	0
7400	68	2038	42268	848	1755	1417	68	2035	42274	1062	0	0
7401	68	2035	42274	141	1880	1128	68	2032	42280	1062	0	0
7402	68	2032	42280	149	294	2015	68	2029	42286	1062	0	0
7403	68	2029	42286	501	468	1751	68	2026	42292	1062	0	0
7404	68	2026	42292	22	1490	1091	68	2024	42296	1063	0	0
7405	68	2024	42296	1213	2067	479	68	2021	42302	1063	0	0
7406	68	2021	42302	551	553	900	68	2018	42308	1063	0	0
7407	68	2018	42308	1631	1205	501	68	2015	42314	1063	0	0
7408	68	2015	42314	1674	118	21	68	2013	42318	1064	0	0
7409	68	2013	42318	890	96	324	68	2010	42324	1064	0	0
7410	68	2010	42324	701	1082	2002	68	2007	42330	1064	0	0
7411	68	2007	42330	1969	1449	921	68	2004	42336	1064	0	0
7412	68	2004	42336	465	1279	960	68	2001	42342	1064	0	0
7413	68	2001	42342	413	623	1460	68	1998	42348	1064	0	0
7414	68	1998	42348	78	1977	614	68	1995	42354	1064	0	0
7415	68	1995	42354	489	975	478	68	1992	42360	1064	0	0
7416	68	1992	42360	192	965	516	68	1989	42366	1064	0	0
7417	68	1989	42366	1061	56	758	68	1987	42370	1065	0	0
7418	68	1987	42370	1091	171	1810	68	1984	42376	1065	0	0
7419	68	1984	42376	1339	1277	1046	68	1981	42382	1065	0	0
7420	68	1981	42382	1257	1447	851	68	1978	42388	1065	0	0
7421	68	1978	42388	1955	938	241	68	1975	42394	1065	0	0
7422	68	1975	42394	196	199	954	68	1972	42400	1065	0	0
7423	68	1972	42400	344	1889	979	68	1969	42406	1065	0	0
7424	68	1969	42406	1302	1202	740	68	1966	42412	1065	0	0
7425	68	1966	42412	1158	301	1632	68	1963	42418	1065	0	0
7426	68	1963	42418	799	980	1536	68	1960	42424	1065	0	0
7427	68	1960	42424	575	1747	776	68	1957	42430	1065	0	0
7428	68	1957	42430	1341	195	713	68	1954	42436	1065	0	0
7429	68	1954	42436	1641	901	958	68	1951	42442	1065	0	0
7430	68	1951	42442	1166	1811	1721	68	1948	42448	1065	0	0
7431	68	1948	42448	487	77	1967	68	1945	42454	1065	0	0
7432	68	1945	42454	723	1225	2000	68	1942	42460	1065	0	0
7433	68	1942	42460	532	1633	118	68	1939	42466	1065	0	0
7434	68	1939	42466	1080	93	1382	68	1936	42472	1065	0	0
7435	68	1936	42472	1160	734	1134	68	1933	42478	1065	0	0
7436	68	1933	42478	460	1981	987	68	1930	42484	1065	0	0
7437	68	1930	42484	773	1409	1839	68	1927	42490	1065	0	0
7438	68	1927	42490	87	880	1646	68	1924	42496	1065	0	0
7439	68	1924	42496	324	1565	342	68	1921	42502	1065	0	0
7440	68	1921	42502	417	851	18	68	1919	42506	1066	0	0
7441	68	1919	42506	1674	883	300	68	1916	42512	1066	0	0
7442	68	1916	42512	126	918	540	68	1913	42518	1066	0	0
7443	68	1913	42518	186	1383	237	68	1910	42524	1066	0	0
7444	68	1910	42524	1550	255	509	68	1907	42530	1066	0	0
7445	68	1907	42530	913	21	328	68	1905	42534	1067	0	0
7446	68	1905	42534	531	822	417	68	1902	42540	1067	0	0
7447	68	1902	42540	1620	1358	1766	68	1899	42546	1067	0	0
7448	68	1899	42546	766	396	1719	68	1896	42552	1067	0	0
7449	68	1896	42552	1021	670	1447	68	1893	42558	1067	0	0
7450	68	1893	42558	308	168	1113	68	1890	42564	1067	0	0
7451	68	1890	42564	1187	1892	1828	68	1887	42570	1067	0	0
7452	68	1887	42570	356	839	349	68	1884	42576	1067	0	0
7453	68	1884	42576	1894	623	1217	68	1881	42582	1067	0	0
7454	68	1881	42582	584	1402	884	68	1878	42588	1067	0	0
7455	68	1878	42588	1644	823	382	68	1875	42594	1067	0	0
7456	68	1875	42594	713	1932	1316	68	1872	42600	1067	0	0
7457	68	1872	42600	236	1865	712	68	1869	42606	1067	0	0
7458	68	1869	42606	1170	61	1528	68	1867	42610	1068	0	0
7459	68	1867	42610	529	1632	332	68	1864	42616	1068	0	0
7460	68	1864	42616	1821	1245	1640	68	1861	42622	1068	0	0
7461	68	1861	42622	1348	213	351	68	1858	42628	1068	0	0
7462	68	1858	42628	1150	447	1737	68	1855	42634	1068	0	0
7463	68	1855	42634	1436	1148	12	68	1853	42638	1069	0	0
7464	68	1853	42638	1709	1198	1713	68	1850	42644	1069	0	0
7465	68	1850	42644	877	841	1818	68	1847	42650	1069	0	0
7466	68	1847	42650	962	583	421	68	1844	42656	1069	0	0
7467	68	1844	42656	466	1010	188	68	1841	42662	1069	0	0
7468	68	1841	42662	1784	673	1488	68	1838	42668	1069	0	0
7469	68	1838	42668	868	467	1161	68	1835	42674	1069	0	0
7470	68	1835	42674	135	93	383	68	1832	42680	1069	0	0
7471	68	1832	42680	1656	1127	62	68	1830	42684	1070	0	0
7472	68	1830	42684	1715	1491	932	68	1827	42690	1070	0	0
7473	68	1827	42690	1011	42	566	68	1825	42694	1071	0	0
7474	68	1825	42694	1430	1248	1071	68	1822	42700	1071	0	0
7475	68	1822	42700	1443	125	1147	68	1819	42706	1071	0	0
7476	68	1819	42706	1	399	576	68	1817	42710	1072	0	0
7477	68	1817	42710	1051	1694	808	68	1814	42716	1072	0	0
7478	68	1814	42716	1002	444	476	68	1811	42722	1072	0	0
7479	68	1811	42722	1149	717	469	68	1808	42728	1072	0	0
7480	68	1808	42728	334	1155	462	68	1805	42734	1072	0	0
7481	68	1805	42734	85	1124	324	68	1802	42740	1072	0	0
7482	68	1802	42740	1261	1462	1790	68	1799	42746	1072	0	0
7483	68	1799	42746	1762	996	1052	68	1796	42752	1072	0	0
7484	68	1796	42752	629	1679	1197	68	1793	42758	1072	0	0
7485	68	1793	42758	241	1575	439	68	1790	42764	1072	0	0
7486	68	1790	42764	766	1693	1823	68	1787	42770	1072	0	0
7487	68	1787	42770	887	1412	1175	68	1784	42776	1072	0	0
7488	68	1784	42776	1777	924	1079	68	1781	42782	1072	0	0
7489	68	1781	42782	1124	568	871	68	1778	42788	1072	0	0
7490	68	1778	42788	546	1829	1794	68	1775	42794	1072	0	0
7491	68	1775	42794	891	641	1164	68	1772	42800	1072	0	0
7492	68	1772	42800	851	982	1664	68	1769	42806	1072	0	0
7493	68	1769	42806	576	617	552	68	1766	42812	1072	0	0
7494	68	1766	42812	699	150	791	68	1763	42818	1072	0	0
7495	68	1763	42818	854	1149	1224	68	1760	42824	1072	0	0
7496	68	1760	42824	560	1118	198	68	1757	42830	1072	0	0
7497	68	1757	42830	1156	1239	761	68	1754	42836	1072	0	0
7498	68	1754	42836	656	183	784	68	1751	42842	1072	0	0
7499	68	1751	42842	618	349	1708	68	1748	42848	1072	0	0
7500	68	1748	42848	441	1314	1513	68	1745	42854	1072	0	0
7501	68	1745	42854	708	825	1739	68	1742	42860	1072	0	0
7502	68	1742	42860	97	1379	243	68	1739	42866	1072	0	0
7503	68	1739	42866	91	936	1051	68	1736	42872	1072	0	0
7504	68	1736	42872	384	1322	1260	68	1733	42878	1072	0	0
7505	68	1733	42878	1772	1304	1296	68	1730	42884	1072	0	0
7506	68	1730	42884	1769	708	758	68	1727	42890	1072	0	0
7507	68	1727	42890	950	449	451	68	1724	42896	1072	0	0
7508	68	1724	42896	720	85	1061	68	1721	42902	1072	0	0
7509	68	1721	42902	1078	1101	1587	68	1718	42908	1072	0	0
7510	68	1718	42908	1740	1219	1181	68	1715	42914	1072	0	0
7511	68	1715	42914	92	529	38	68	1713	42918	1073	0	0
7512	68	1713	42918	1575	442	15	68	1711	42922	1074	0	0
7513	68	1711	42922	145	1136	1708	68	1708	42928	1074	0	0
7514	68	1708	42928	1131	111	238	68	1705	42934	1074	0	0
7515	68	1705	42934	99	843	1718	68	1702	42940	1074	0	0
7516	68	1702	42940	1739	312	236	68	1699	42946	1074	0	0
7517	68	1699	42946	1485	479	1036	68	1696	42952	1074	0	0
7518	68	1696	42952	303	206	82	68	1693	42958	1074	0	0
7519	68	1693	42958	554	1144	1472	68	1690	42964	1074	0	0
7520	68	1690	42964	610	1752	1084	68	1687	42970	1074	0	0
7521	68	1687	42970	792	534	444	68	1684	42976	1074	0	0
7522	68	1684	42976	1648	330	1250	68	1681	42982	1074	0	0
7523	68	1681	42982	226	843	1577	68	1678	42988	1074	0	0
7524	68	1678	42988	1524	238	1462	68	1675	42994	1074	0	0
7525	68	1675	42994	516	746	721	68	1672	43000	1074	0	0
7526	68	1672	43000	1108	911	64	68	1670	43004	1075	0	0
7527	68	1670	43004	1612	1155	1714	68	1667	43010	1075	0	0
7528	68	1667	43010	1402	706	679	68	1664	43016	1075	0	0
7529	68	1664	43016	1190	465	925	68	1661	43022	1075	0	0
7530	68	1661	43022	1628	1181	1228	68	1658	43028	1075	0	0
7531	68	1658	43028	693	1445	485	68	1655	43034	1075	0	0
7532	68	1655	43034	150	471	262	68	1652	43040	1075	0	0
7533	68	1652	43040	1428	475	1566	68	1649	43046	1075	0	0
7534	68	1649	43046	1304	1081	1279	68	1646	43052	1075	0	0
7535	68	1646	43052	1590	1567	262	68	1643	43058	1075	0	0
7536	68	1643	43058	614	843	1461	68	1640	43064	1075	0	0
7537	68	1640	43064	428	924	1249	68	1637	43070	1075	0	0
7538	68	1637	43070	1286	1189	355	68	1634	43076	1075	0	0
7539	68	1634	43076	245	1106	140	68	1631	43082	1075	0	0
7540	68	1631	43082	1358	1558	782	68	1628	43088	1075	0	0
7541	68	1628	43088	212	573	652	68	1625	43094	1075	0	0
7542	68	1625	43094	744	1071	398	68	1622	43100	1075	0	0
7543	68	1622	43100	1275	1373	1244	68	1619	43106	1075	0	0
7544	68	1619	43106	1457	1336	1343	68	1616	43112	1075	0	0
7545	68	1616	43112	997	570	1076	68	1613	43118	1075	0	0
7546	68	1613	43118	929	1027	698	68	1610	43124	1075	0	0
7547	68	1610	43124	518	1409	382	68	1607	43130	1075	0	0
7548	68	1607	43130	1371	1064	823	68	1604	43136	1075	0	0
7549	68	1604	43136	449	865	1291	68	1601	43142	1075	0	0
7550	68	1601	43142	1649	3	1618	68	1599	43146	1076	0	0
7551	68	1599	43146	1374	1155	899	68	1596	43152	1076	0	0
7552	68	1596	43152	1594	80	23	68	1594	43156	1077	0	0
7553	68	1594	43156	879	1606	1414	68	1591	43162	1077	0	0
7554	68	1591	43162	226	1272	47	68	1589	43166	1078	0	0
7555	68	1589	43166	108	810	1076	68	1586	43172	1078	0	0
7556	68	1586	43172	92	512	1286	68	1583	43178	1078	0	0
7557	68	1583	43178	863	309	1288	68	1580	43184	1078	0	0
7558	68	1580	43184	280	570	1245	68	1577	43190	1078	0	0
7559	68	1577	43190	137	798	1479	68	1574	43196	1078	0	0
7560	68	1574	43196	1057	692	1489	68	1571	43202	1078	0	0
7561	68	1571	43202	1007	1382	434	68	1568	43208	1078	0	0
7562	68	1568	43208	541	358	1439	68	1565	43214	1078	0	0
7563	68	1565	43214	85	1400	1196	68	1562	43220	1078	0	0
7564	68	1562	43220	905	1408	1272	68	1559	43226	1078	0	0
7565	68	1559	43226	1585	869	925	68	1556	43232	1078	0	0
7566	68	1556	43232	755	329	1143	68	1553	43238	1078	0	0
7567	68	1553	43238	407	210	480	68	1550	43244	1078	0	0
7568	68	1550	43244	810	852	1370	68	1547	43250	1078	0	0
7569	68	1547	43250	522	558	1572	68	1544	43256	1078	0	0
7570	68	1544	43256	1096	1047	91	68	1541	43262	1078	0	0
7571	68	1541	43262	104	358	1272	68	1538	43268	1078	0	0
7572	68	1538	43268	747	515	820	68	1535	43274	1078	0	0
7573	68	1535	43274	1597	85	157	68	1532	43280	1078	0	0
7574	68	1532	43280	1041	1323	664	68	1529	43286	1078	0	0
7575	68	1529	43286	359	847	1060	68	1526	43292	1078	0	0
7576	68	1526	43292	1376	1248	1331	68	1523	43298	1078	0	0
7577	68	1523	43298	742	1514	414	68	1520	43304	1078	0	0
7578	68	1520	43304	1064	1457	1255	68	1517	43310	1078	0	0
7579	68	1517	43310	1063	296	1478	68	1514	43316	1078	0	0
7580	68	1514	43316	1068	455	1270	68	1511	43322	1078	0	0
7581	68	1511	43322	87	255	585	68	1508	43328	1078	0	0
7582	68	1508	43328	516	220	241	68	1505	43334	1078	0	0
7583	68	1505	43334	294	1332	453	68	1502	43340	1078	0	0
7584	68	1502	43340	601	1464	1128	68	1499	43346	1078	0	0
7585	68	1499	43346	209	493	965	68	1496	43352	1078	0	0
7586	68	1496	43352	854	988	406	68	1493	43358	1078	0	0
7587	68	1493	43358	240	932	126	68	1490	43364	1078	0	0
7588	68	1490	43364	1337	1363	137	68	1487	43370	1078	0	0
7589	68	1487	43370	1188	897	590	68	1484	43376	1078	0	0
7590	68	1484	43376	298	99	122	68	1481	43382	1078	0	0
7591	68	1481	43382	1050	1151	884	68	1478	43388	1078	0	0
7592	68	1478	43388	1223	1335	1426	68	1475	43394	1078	0	0
7593	68	1475	43394	1488	1221	154	68	1472	43400	1078	0	0
7594	68	1472	43400	31	998	1050	68	1470	43404	1079	0	0
7595	68	1470	43404	1397	221	952	68	1467	43410	1079	0	0
7596	68	1467	43410	535	1201	997	68	1464	43416	1079	0	0
7597	68	1464	43416	583	1046	1448	68	1461	43422	1079	0	0
7598	68	1461	43422	404	51	879	68	1459	43426	1080	0	0
7599	68	1459	43426	1247	146	282	68	1456	43432	1080	0	0
7600	68	1456	43432	880	638	1181	68	1453	43438	1080	0	0
7601	68	1453	43438	995	847	451	68	1450	43444	1080	0	0
7602	68	1450	43444	385	147	601	68	1447	43450	1080	0	0
7603	68	1447	43450	714	862	986	68	1444	43456	1080	0	0
7604	68	1444	43456	1432	981	162	68	1441	43462	1080	0	0
7605	68	1441	43462	575	1001	1229	68	1438	43468	1080	0	0
7606	68	1438	43468	747	261	1153	68	1435	43474	1080	0	0
7607	68	1435	43474	918	622	420	68	1432	43480	1080	0	0
7608	68	1432	43480	261	1195	363	68	1429	43486	1080	0	0
7609	68	1429	43486	866	1108	1045	68	1426	43492	1080	0	0
7610	68	1426	43492	1362	836	457	68	1423	43498	1080	0	0
7611	68	1423	43498	834	132	454	68	1420	43504	1080	0	0
7612	68	1420	43504	965	17	945	68	1418	43508	1081	0	0
7613	68	1418	43508	401	875	1353	68	1415	43514	1081	0	0
7614	68	1415	43514	425	33	471	68	1413	43518	1082	0	0
7615	68	1413	43518	510	1308	1434	68	1410	43524	1082	0	0
7616	68	1410	43524	1098	400	868	68	1407	43530	1082	0	0
7617	68	1407	43530	398	1321	576	68	1404	43536	1082	0	0
7618	68	1404	43536	3	1225	1228	68	1402	43540	1083	0	0
7619	68	1402	43540	1045	273	796	68	1399	43546	1083	0	0
7620	68	1399	43546	948	1249	206	68	1396	43552	1083	0	0
7621	68	1396	43552	1021	606	497	68	1393	43558	1083	0	0
7622	68	1393	43558	1420	845	333	68	1390	43564	1083	0	0
7623	68	1390	43564	237	1069	328	68	1387	43570	1083	0	0
7624	68	1387	43570	64	700	1351	68	1385	43574	1084	0	0
7625	68	1385	43574	195	1379	719	68	1382	43580	1084	0	0
7626	68	1382	43580	484	1376	443	68	1379	43586	1084	0	0
7627	68	1379	43586	744	1155	1047	68	1376	43592	1084	0	0
7628	68	1376	43592	849	1312	730	68	1373	43598	1084	0	0
7629	68	1373	43598	965	1163	738	68	1370	43604	1084	0	0
7630	68	1370	43604	1028	679	1214	68	1367	43610	1084	0	0
7631	68	1367	43610	678	1212	1372	68	1364	43616	1084	0	0
7632	68	1364	43616	112	946	255	68	1361	43622	1084	0	0
7633	68	1361	43622	1422	48	332	68	1359	43626	1085	0	0
7634	68	1359	43626	138	592	99	68	1356	43632	1085	0	0
7635	68	1356	43632	1190	697	369	68	1353	43638	1085	0	0
7636	68	1353	43638	1420	324	1354	68	1350	43644	1085	0	0
7637	68	1350	43644	273	797	299	68	1347	43650	1085	0	0
7638	68	1347	43650	457	298	1201	68	1344	43656	1085	0	0
7639	68	1344	43656	363	1223	211	68	1341	43662	1085	0	0
7640	68	1341	43662	659	902	1213	68	1338	43668	1085	0	0
7641	68	1338	43668	1109	67	1110	68	1336	43672	1086	0	0
7642	68	1336	43672	486	1161	629	68	1333	43678	1086	0	0
7643	68	1333	43678	384	30	806	68	1331	43682	1087	0	0
7644	68	1331	43682	829	141	640	68	1328	43688	1087	0	0
7645	68	1328	43688	261	1201	210	68	1325	43694	1087	0	0
7646	68	1325	43694	329	1282	1055	68	1322	43700	1087	0	0
7647	68	1322	43700	1321	512	77	68	1319	43706	1087	0	0
7648	68	1319	43706	33	207	175	68	1317	43710	1088	0	0
7649	68	1317	43710	1003	584	554	68	1314	43716	1088	0	0
7650	68	1314	43716	862	1149	1117	68	1311	43722	1088	0	0
7651	68	1311	43722	718	259	494	68	1308	43728	1088	0	0
7652	68	1308	43728	1206	741	359	68	1305	43734	1088	0	0
7653	68	1305	43734	147	575	905	68	1302	43740	1088	0	0
7654	68	1302	43740	406	37	388	68	1300	43744	1089	0	0
7655	68	1300	43744	957	371	1030	68	1297	43750	1089	0	0
7656	68	1297	43750	947	1019	790	68	1294	43756	1089	0	0
7657	68	1294	43756	1331	508	724	68	1291	43762	1089	0	0
7658	68	1291	43762	1223	466	775	68	1288	43768	1089	0	0
7659	68	1288	43768	384	721	722	68	1285	43774	1089	0	0
7660	68	1285	43774	294	1256	820	68	1282	43780	1089	0	0
7661	68	1282	43780	556	599	1001	68	1279	43786	1089	0	0
7662	68	1279	43786	313	398	306	68	1276	43792	1089	0	0
7663	68	1276	43792	1177	1335	127	68	1273	43798	1089	0	0
7664	68	1273	43798	892	502	1338	68	1270	43804	1089	0	0
7665	68	1270	43804	554	1130	482	68	1267	43810	1089	0	0
7666	68	1267	43810	1163	970	1028	68	1264	43816	1089	0	0
7667	68	1264	43816	1232	10	295	68	1262	43820	1090	0	0
7668	68	1262	43820	394	18	1105	68	1260	43824	1091	0	0
7669	68	1260	43824	24	972	158	68	1258	43828	1092	0	0
7670	68	1258	43828	615	533	767	68	1255	43834	1092	0	0
7671	68	1255	43834	875	284	1009	68	1252	43840	1092	0	0
7672	68	1252	43840	1202	531	598	68	1249	43846	1092	0	0
7673	68	1249	43846	348	1249	1074	68	1246	43852	1092	0	0
7674	68	1246	43852	1135	534	630	68	1243	43858	1092	0	0
7675	68	1243	43858	343	9	586	68	1241	43862	1093	0	0
7676	68	1241	43862	762	751	106	68	1238	43868	1093	0	0
7677	68	1238	43868	908	236	984	68	1235	43874	1093	0	0
7678	68	1235	43874	1286	779	356	68	1232	43880	1093	0	0
7679	68	1232	43880	1298	790	1254	68	1229	43886	1093	0	0
7680	68	1229	43886	332	731	954	68	1226	43892	1093	0	0
7681	68	1226	43892	926	964	82	68	1223	43898	1093	0	0
7682	68	1223	43898	1248	573	915	68	1220	43904	1093	0	0
7683	68	1220	43904	80	1050	698	68	1217	43910	1093	0	0
7684	68	1217	43910	732	147	1095	68	1214	43916	1093	0	0
7685	68	1214	43916	1194	202	1025	68	1211	43922	1093	0	0
7686	68	1211	43922	592	345	605	68	1208	43928	1093	0	0
7687	68	1208	43928	753	970	769	68	1205	43934	1093	0	0
7688	68	1205	43934	208	429	110	68	1202	43940	1093	0	0
7689	68	1202	43940	893	163	1242	68	1199	43946	1093	0	0
7690	68	1199	43946	823	147	1087	68	1196	43952	1093	0	0
7691	68	1196	43952	1173	633	555	68	1193	43958	1093	0	0
7692	68	1193	43958	967	1112	1158	68	1190	43964	1093	0	0
7693	68	1190	43964	131	329	24	68	1188	43968	1094	0	0
7694	68	1188	43968	576	89	824	68	1185	43974	1094	0	0
7695	68	1185	43974	1133	753	896	68	1182	43980	1094	0	0
7696	68	1182	43980	553	291	409	68	1179	43986	1094	0	0
7697	68	1179	43986	675	983	421	68	1176	43992	1094	0	0
7698	68	1176	43992	934	575	238	68	1173	43998	1094	0	0
7699	68	1173	43998	142	325	1008	68	1170	44004	1094	0	0
7700	68	1170	44004	207	1135	418	68	1167	44010	1094	0	0
7701	68	1167	44010	664	989	941	68	1164	44016	1094	0	0
7702	68	1164	44016	247	683	234	68	1161	44022	1094	0	0
7703	68	1161	44022	612	1123	999	68	1158	44028	1094	0	0
7704	68	1158	44028	935	1189	68	68	1155	44034	1094	0	0
7705	68	1155	44034	1158	824	80	68	1152	44040	1094	0	0
7706	68	1152	44040	1153	792	758	68	1149	44046	1094	0	0
7707	68	1149	44046	180	1201	862	68	1146	44052	1094	0	0
7708	68	1146	44052	730	1124	1203	68	1143	44058	1094	0	0
7709	68	1143	44058	382	356	202	68	1140	44064	1094	0	0
7710	68	1140	44064	218	1172	452	68	1137	44070	1094	0	0
7711	68	1137	44070	81	139	798	68	1134	44076	1094	0	0
7712	68	1134	44076	1138	820	834	68	1131	44082	1094	0	0
7713	68	1131	44082	1046	603	348	68	1128	44088	1094	0	0
7714	68	1128	44088	1088	214	463	68	1125	44094	1094	0	0
7715	68	1125	44094	1146	56	489	68	1123	44098	1095	0	0
7716	68	1123	44098	446	554	218	68	1120	44104	1095	0	0
7717	68	1120	44104	22	241	736	68	1118	44108	1096	0	0
7718	68	1118	44108	954	555	491	68	1115	44114	1096	0	0
7719	68	1115	44114	709	122	735	68	1112	44120	1096	0	0
7720	68	1112	44120	870	101	1146	68	1109	44126	1096	0	0
7721	68	1109	44126	572	525	1088	68	1106	44132	1096	0	0
7722	68	1106	44132	662	783	1023	68	1103	44138	1096	0	0
7723	68	1103	44138	1075	12	1005	68	1101	44142	1097	0	0
7724	68	1101	44142	507	96	831	68	1098	44148	1097	0	0
7725	68	1098	44148	1125	128	859	68	1095	44154	1097	0	0
7726	68	1095	44154	580	842	1093	68	1092	44160	1097	0	0
7727	68	1092	44160	154	248	453	68	1089	44166	1097	0	0
7728	68	1089	44166	1002	486	1072	68	1086	44172	1097	0	0
7729	68	1086	44172	136	108	207	68	1083	44178	1097	0	0
7730	68	1083	44178	732	363	316	68	1080	44184	1097	0	0
7731	68	1080	44184	260	823	732	68	1077	44190	1097	0	0
7732	68	1077	44190	101	482	878	68	1074	44196	1097	0	0
7733	68	1074	44196	120	916	1054	68	1071	44202	1097	0	0
7734	68	1071	44202	463	1040	570	68	1068	44208	1097	0	0
7735	68	1068	44208	231	354	93	68	1065	44214	1097	0	0
7736	68	1065	44214	630	621	698	68	1062	44220	1097	0	0
7737	68	1062	44220	65	495	1074	68	1060	44224	1098	0	0
7738	68	1060	44224	816	256	266	68	1057	44230	1098	0	0
7739	68	1057	44230	95	113	265	68	1054	44236	1098	0	0
7740	68	1054	44236	1043	354	71	68	1051	44242	1098	0	0
7741	68	1051	44242	452	457	39	68	1049	44246	1099	0	0
7742	68	1049	44246	797	326	666	68	1046	44252	1099	0	0
7743	68	1046	44252	166	978	556	68	1043	44258	1099	0	0
7744	68	1043	44258	126	759	787	68	1040	44264	1099	0	0
7745	68	1040	44264	779	1067	91	68	1037	44270	1099	0	0
7746	68	1037	44270	957	379	599	68	1034	44276	1099	0	0
7747	68	1034	44276	640	499	187	68	1031	44282	1099	0	0
7748	68	1031	44282	642	305	416	68	1028	44288	1099	0	0
7749	68	1028	44288	712	274	866	68	1025	44294	1099	0	0
7750	68	1025	44294	55	250	169	68	1023	44298	1100	0	0
7751	68	1023	44298	704	5	142	68	1021	44302	1101	0	0
7752	68	1021	44302	318	507	985	68	1018	44308	1101	0	0
7753	68	1018	44308	997	898	982	68	1015	44314	1101	0	0
7754	68	1015	44314	156	974	947	68	1012	44320	1101	0	0
7755	68	1012	44320	285	906	470	68	1009	44326	1101	0	0
7756	68	1009	44326	1007	761	881	68	1006	44332	1101	0	0
7757	68	1006	44332	614	30	928	68	1004	44336	1102	0	0
7758	68	1004	44336	959	692	947	68	1001	44342	1102	0	0
7759	68	1001	44342	124	446	861	68	998	44348	1102	0	0
7760	68	998	44348	160	810	933	68	995	44354	1102	0	0
7761	68	995	44354	105	847	742	68	992	44360	1102	0	0
7762	68	992	44360	599	311	270	68	989	44366	1102	0	0
7763	68	989	44366	592	624	208	68	986	44372	1102	0	0
7764	68	986	44372	609	400	941	68	983	44378	1102	0	0
7765	68	983	44378	18	452	996	68	981	44382	1103	0	0
7766	68	981	44382	151	429	993	68	978	44388	1103	0	0
7767	68	978	44388	101	411	163	68	975	44394	1103	0	0
7768	68	975	44394	771	148	537	68	972	44400	1103	0	0
7769	68	972	44400	441	645	931	68	969	44406	1103	0	0
7770	68	969	44406	217	740	784	68	966	44412	1103	0	0
7771	68	966	44412	600	831	177	68	963	44418	1103	0	0
7772	68	963	44418	544	372	1029	68	960	44424	1103	0	0
7773	68	960	44424	964	201	851	68	957	44430	1103	0	0
7774	68	957	44430	923	769	948	68	954	44436	1103	0	0
7775	68	954	44436	298	397	848	68	951	44442	1103	0	0
7776	68	951	44442	413	566	58	68	949	44446	1104	0	0
7777	68	949	44446	683	904	474	68	946	44452	1104	0	0
7778	68	946	44452	579	371	443	68	943	44458	1104	0	0
7779	68	943	44458	269	987	643	68	940	44464	1104	0	0
7780	68	940	44464	621	196	677	68	937	44470	1104	0	0
7781	68	937	44470	95	747	506	68	934	44476	1104	0	0
7782	68	934	44476	100	147	939	68	931	44482	1104	0	0
7783	68	931	44482	22	835	873	68	929	44486	1105	0	0
7784	68	929	44486	186	306	72	68	926	44492	1105	0	0
7785	68	926	44492	381	875	543	68	923	44498	1105	0	0
7786	68	923	44498	818	92	388	68	920	44504	1105	0	0
7787	68	920	44504	968	565	48	68	918	44508	1106	0	0
7788	68	918	44508	513	44	700	68	916	44512	1107	0	0
7789	68	916	44512	981	17	189	68	914	44516	1108	0	0
7790	68	914	44516	766	688	959	68	911	44522	1108	0	0
7791	68	911	44522	455	35	253	68	909	44526	1109	0	0
7792	68	909	44526	585	375	552	68	906	44532	1109	0	0
7793	68	906	44532	272	555	192	68	903	44538	1109	0	0
7794	68	903	44538	152	657	910	68	900	44544	1109	0	0
7795	68	900	44544	171	953	5	68	898	44548	1110	0	0
7796	68	898	44548	257	190	234	68	895	44554	1110	0	0
7797	68	895	44554	509	20	1	69	918	44556	1112	24	0
7798	69	918	44556	735	882	974	69	915	44562	1112	0	0
7799	69	915	44562	116	466	528	69	912	44568	1112	0	0
7800	69	912	44568	13	448	794	69	910	44572	1113	0	0
7801	69	910	44572	898	848	675	69	907	44578	1113	0	0
7802	69	907	44578	723	349	506	69	904	44584	1113	0	0
7803	69	904	44584	859	418	481	69	901	44590	1113	0	0
7804	69	901	44590	800	461	107	69	898	44596	1113	0	0
7805	69	898	44596	237	83	215	69	895	44602	1113	0	0
7806	69	895	44602	308	805	496	69	892	44608	1113	0	0
7807	69	892	44608	887	66	670	69	890	44612	1114	0	0
7808	69	890	44612	3	674	780	69	888	44616	1115	0	0
7809	69	888	44616	299	570	383	69	885	44622	1115	0	0
7810	69	885	44622	373	93	283	69	882	44628	1115	0	0
7811	69	882	44628	114	494	480	69	879	44634	1115	0	0
7812	69	879	44634	494	176	7	69	877	44638	1116	0	0
7813	69	877	44638	16	79	113	69	875	44642	1117	0	0
7814	69	875	44642	838	852	202	69	872	44648	1117	0	0
7815	69	872	44648	223	295	615	69	869	44654	1117	0	0
7816	69	869	44654	267	735	343	69	866	44660	1117	0	0
7817	69	866	44660	70	529	476	69	863	44666	1117	0	0
7818	69	863	44666	305	467	928	69	860	44672	1117	0	0
7819	69	860	44672	525	365	742	69	857	44678	1117	0	0
7820	69	857	44678	476	899	133	69	854	44684	1117	0	0
7821	69	854	44684	517	591	753	69	851	44690	1117	0	0
7822	69	851	44690	821	247	428	69	848	44696	1117	0	0
7823	69	848	44696	225	144	249	69	845	44702	1117	0	0
7824	69	845	44702	272	370	174	69	842	44708	1117	0	0
7825	69	842	44708	828	331	253	69	839	44714	1117	0	0
7826	69	839	44714	75	210	672	69	836	44720	1117	0	0
7827	69	836	44720	325	165	200	69	833	44726	1117	0	0
7828	69	833	44726	664	733	72	69	830	44732	1117	0	0
7829	69	830	44732	649	834	835	69	827	44738	1117	0	0
7830	69	827	44738	886	393	267	69	824	44744	1117	0	0
7831	69	824	44744	198	153	727	69	821	44750	1117	0	0
7832	69	821	44750	847	156	626	69	818	44756	1117	0	0
7833	69	818	44756	194	354	201	69	815	44762	1117	0	0
7834	69	815	44762	36	727	19	70	1310	44764	1119	496	0
7835	70	1310	44764	690	736	684	70	1307	44770	1119	0	0
7836	70	1307	44770	533	268	1200	70	1304	44776	1119	0	0
7837	70	1304	44776	437	815	118	70	1301	44782	1119	0	0
7838	70	1301	44782	480	843	771	70	1298	44788	1119	0	0
7839	70	1298	44788	741	782	112	70	1295	44794	1119	0	0
7840	70	1295	44794	616	806	192	70	1292	44800	1119	0	0
7841	70	1292	44800	866	457	440	70	1289	44806	1119	0	0
7842	70	1289	44806	400	654	257	70	1286	44812	1119	0	0
7843	70	1286	44812	1234	167	6	70	1284	44816	1120	0	0
7844	70	1284	44816	17	420	1133	70	1282	44820	1121	0	0
7845	70	1282	44820	347	23	839	70	1280	44824	1122	0	0
7846	70	1280	44824	805	977	673	70	1277	44830	1122	0	0
7847	70	1277	44830	701	655	490	70	1274	44836	1122	0	0
7848	70	1274	44836	1129	1257	152	70	1271	44842	1122	0	0
7849	70	1271	44842	385	1257	715	70	1268	44848	1122	0	0
7850	70	1268	44848	243	508	1117	70	1265	44854	1122	0	0
7851	70	1265	44854	505	1005	1036	70	1262	44860	1122	0	0
7852	70	1262	44860	858	497	566	70	1259	44866	1122	0	0
7853	70	1259	44866	535	225	513	70	1256	44872	1122	0	0
7854	70	1256	44872	584	606	681	70	1253	44878	1122	0	0
7855	70	1253	44878	518	640	970	70	1250	44884	1122	0	0
7856	70	1250	44884	968	1280	1103	70	1247	44890	1122	0	0
7857	70	1247	44890	1277	943	1058	70	1244	44896	1122	0	0
7858	70	1244	44896	1148	228	1093	70	1241	44902	1122	0	0
7859	70	1241	44902	618	132	511	70	1238	44908	1122	0	0
7860	70	1238	44908	479	89	106	70	1235	44914	1122	0	0
7861	70	1235	44914	717	391	645	70	1232	44920	1122	0	0
7862	70	1232	44920	220	884	44	70	1230	44924	1123	0	0
7863	70	1230	44924	864	621	295	70	1227	44930	1123	0	0
7864	70	1227	44930	273	239	73	70	1224	44936	1123	0	0
7865	70	1224	44936	1009	352	1102	70	1221	44942	1123	0	0
7866	70	1221	44942	252	944	35	70	1219	44946	1124	0	0
7867	70	1219	44946	117	1206	1080	70	1216	44952	1124	0	0
7868	70	1216	44952	501	931	652	70	1213	44958	1124	0	0
7869	70	1213	44958	1275	705	820	70	1210	44964	1124	0	0
7870	70	1210	44964	1104	51	1182	70	1208	44968	1125	0	0
7871	70	1208	44968	531	1075	349	70	1205	44974	1125	0	0
7872	70	1205	44974	403	620	706	70	1202	44980	1125	0	0
7873	70	1202	44980	249	754	1098	70	1199	44986	1125	0	0
7874	70	1199	44986	1173	157	1083	70	1196	44992	1125	0	0
7875	70	1196	44992	1079	1025	560	70	1193	44998	1125	0	0
7876	70	1193	44998	565	331	49	70	1191	45002	1126	0	0
7877	70	1191	45002	57	705	661	70	1189	45006	1127	0	0
7878	70	1189	45006	145	1226	325	70	1186	45012	1127	0	0
7879	70	1186	45012	1119	1067	685	70	1183	45018	1127	0	0
7880	70	1183	45018	445	255	1168	70	1180	45024	1127	0	0
7881	70	1180	45024	78	945	246	70	1177	45030	1127	0	0
7882	70	1177	45030	1017	523	17	70	1175	45034	1128	0	0
7883	70	1175	45034	1116	627	957	70	1172	45040	1128	0	0
7884	70	1172	45040	1073	904	610	70	1169	45046	1128	0	0
7885	70	1169	45046	785	775	412	70	1166	45052	1128	0	0
7886	70	1166	45052	312	360	952	70	1163	45058	1128	0	0
7887	70	1163	45058	67	511	418	70	1161	45062	1129	0	0
7888	70	1161	45062	389	245	21	70	1159	45066	1130	0	0
7889	70	1159	45066	570	529	388	70	1156	45072	1130	0	0
7890	70	1156	45072	210	754	692	70	1153	45078	1130	0	0
7891	70	1153	45078	691	651	503	70	1150	45084	1130	0	0
7892	70	1150	45084	790	1160	744	70	1147	45090	1130	0	0
7893	70	1147	45090	707	1162	73	70	1144	45096	1130	0	0
7894	70	1144	45096	942	915	1201	70	1141	45102	1130	0	0
7895	70	1141	45102	474	558	581	70	1138	45108	1130	0	0
7896	70	1138	45108	370	165	320	70	1135	45114	1130	0	0
7897	70	1135	45114	90	745	895	70	1132	45120	1130	0	0
7898	70	1132	45120	292	1037	1124	70	1129	45126	1130	0	0
7899	70	1129	45126	349	932	602	70	1126	45132	1130	0	0
7900	70	1126	45132	963	424	910	70	1123	45138	1130	0	0
7901	70	1123	45138	445	183	668	70	1120	45144	1130	0	0
7902	70	1120	45144	544	1078	520	70	1117	45150	1130	0	0
7903	70	1117	45150	1132	500	153	70	1114	45156	1130	0	0
7904	70	1114	45156	642	460	3	70	1112	45160	1131	0	0
7905	70	1112	45160	82	950	406	70	1109	45166	1131	0	0
7906	70	1109	45166	424	945	706	70	1106	45172	1131	0	0
7907	70	1106	45172	1051	387	1031	70	1103	45178	1131	0	0
7908	70	1103	45178	700	723	26	70	1101	45182	1132	0	0
7909	70	1101	45182	291	265	697	70	1098	45188	1132	0	0
7910	70	1098	45188	701	398	897	70	1095	45194	1132	0	0
7911	70	1095	45194	619	775	611	70	1092	45200	1132	0	0
7912	70	1092	45200	265	950	1027	70	1089	45206	1132	0	0
7913	70	1089	45206	285	325	705	70	1086	45212	1132	0	0
7914	70	1086	45212	1024	572	789	70	1083	45218	1132	0	0
7915	70	1083	45218	1039	269	302	70	1080	45224	1132	0	0
7916	70	1080	45224	59	465	686	70	1078	45228	1133	0	0
7917	70	1078	45228	374	722	860	70	1075	45234	1133	0	0
7918	70	1075	45234	1056	711	163	70	1072	45240	1133	0	0
7919	70	1072	45240	1056	343	1068	70	1069	45246	1133	0	0
7920	70	1069	45246	664	1067	348	70	1066	45252	1133	0	0
7921	70	1066	45252	836	981	911	70	1063	45258	1133	0	0
7922	70	1063	45258	766	605	959	70	1060	45264	1133	0	0
7923	70	1060	45264	715	46	83	70	1058	45268	1134	0	0
7924	70	1058	45268	1088	963	93	70	1055	45274	1134	0	0
7925	70	1055	45274	798	1039	399	70	1052	45280	1134	0	0
7926	70	1052	45280	403	474	57	70	1050	45284	1135	0	0
7927	70	1050	45284	978	286	451	70	1047	45290	1135	0	0
7928	70	1047	45290	729	991	458	70	1044	45296	1135	0	0
7929	70	1044	45296	749	76	840	70	1041	45302	1135	0	0
7930	70	1041	45302	445	550	180	70	1038	45308	1135	0	0
7931	70	1038	45308	30	510	532	70	1036	45312	1136	0	0
7932	70	1036	45312	785	648	541	70	1033	45318	1136	0	0
7933	70	1033	45318	90	364	1060	70	1030	45324	1136	0	0
7934	70	1030	45324	549	949	605	70	1027	45330	1136	0	0
7935	70	1027	45330	965	138	665	70	1024	45336	1136	0	0
7936	70	1024	45336	226	250	866	70	1021	45342	1136	0	0
7937	70	1021	45342	188	228	290	70	1018	45348	1136	0	0
7938	70	1018	45348	1078	815	766	70	1015	45354	1136	0	0
7939	70	1015	45354	520	766	608	70	1012	45360	1136	0	0
7940	70	1012	45360	93	591	462	70	1009	45366	1136	0	0
7941	70	1009	45366	963	414	435	70	1006	45372	1136	0	0
7942	70	1006	45372	869	668	908	70	1003	45378	1136	0	0
7943	70	1003	45378	869	80	499	70	1000	45384	1136	0	0
7944	70	1000	45384	327	788	150	70	997	45390	1136	0	0
7945	70	997	45390	882	528	1045	70	994	45396	1136	0	0
7946	70	994	45396	251	324	812	70	991	45402	1136	0	0
7947	70	991	45402	264	964	507	70	988	45408	1136	0	0
7948	70	988	45408	476	570	806	70	985	45414	1136	0	0
7949	70	985	45414	246	1002	57	70	983	45418	1137	0	0
7950	70	983	45418	389	129	919	70	980	45424	1137	0	0
7951	70	980	45424	339	563	607	70	977	45430	1137	0	0
7952	70	977	45430	315	494	267	70	974	45436	1137	0	0
7953	70	974	45436	584	289	106	70	971	45442	1137	0	0
7954	70	971	45442	887	229	512	70	968	45448	1137	0	0
7955	70	968	45448	354	754	472	70	965	45454	1137	0	0
7956	70	965	45454	47	691	849	70	963	45458	1138	0	0
7957	70	963	45458	476	114	151	70	960	45464	1138	0	0
7958	70	960	45464	217	575	212	70	957	45470	1138	0	0
7959	70	957	45470	783	666	267	70	954	45476	1138	0	0
7960	70	954	45476	438	450	127	70	951	45482	1138	0	0
7961	70	951	45482	910	93	16	70	949	45486	1139	0	0
7962	70	949	45486	349	523	927	70	946	45492	1139	0	0
7963	70	946	45492	860	875	387	70	943	45498	1139	0	0
7964	70	943	45498	327	847	892	70	940	45504	1139	0	0
7965	70	940	45504	583	170	747	70	937	45510	1139	0	0
7966	70	937	45510	231	725	424	70	934	45516	1139	0	0
7967	70	934	45516	9	716	109	70	932	45520	1140	0	0
7968	70	932	45520	996	63	411	70	930	45524	1141	0	0
7969	70	930	45524	549	399	891	70	927	45530	1141	0	0
7970	70	927	45530	635	986	460	70	924	45536	1141	0	0
7971	70	924	45536	935	736	882	70	921	45542	1141	0	0
7972	70	921	45542	279	52	176	70	919	45546	1142	0	0
7973	70	919	45546	826	633	877	70	916	45552	1142	0	0
7974	70	916	45552	976	533	952	70	913	45558	1142	0	0
7975	70	913	45558	492	730	655	70	910	45564	1142	0	0
7976	70	910	45564	537	213	974	70	907	45570	1142	0	0
7977	70	907	45570	191	459	691	70	904	45576	1142	0	0
7978	70	904	45576	943	175	861	70	901	45582	1142	0	0
7979	70	901	45582	597	702	357	70	898	45588	1142	0	0
7980	70	898	45588	479	341	522	70	895	45594	1142	0	0
7981	70	895	45594	551	462	544	70	892	45600	1142	0	0
7982	70	892	45600	74	598	761	70	889	45606	1142	0	0
7983	70	889	45606	149	297	322	70	886	45612	1142	0	0
7984	70	886	45612	919	492	324	70	883	45618	1142	0	0
7985	70	883	45618	341	616	232	70	880	45624	1142	0	0
7986	70	880	45624	611	430	718	70	877	45630	1142	0	0
7987	70	877	45630	450	771	680	70	874	45636	1142	0	0
7988	70	874	45636	382	142	467	70	871	45642	1142	0	0
7989	70	871	45642	31	913	778	70	869	45646	1143	0	0
7990	70	869	45646	558	338	369	70	866	45652	1143	0	0
7991	70	866	45652	640	745	840	70	863	45658	1143	0	0
7992	70	863	45658	566	407	37	70	861	45662	1144	0	0
7993	70	861	45662	233	423	86	70	858	45668	1144	0	0
7994	70	858	45668	803	234	632	70	855	45674	1144	0	0
7995	70	855	45674	409	608	874	70	852	45680	1144	0	0
7996	70	852	45680	627	198	223	70	849	45686	1144	0	0
7997	70	849	45686	241	85	447	70	846	45692	1144	0	0
7998	70	846	45692	659	711	680	70	843	45698	1144	0	0
7999	70	843	45698	806	679	548	70	840	45704	1144	0	0
8000	70	840	45704	653	103	487	70	837	45710	1144	0	0
8001	70	837	45710	714	150	219	70	834	45716	1144	0	0
8002	70	834	45716	28	325	679	70	832	45720	1145	0	0
8003	70	832	45720	478	805	708	70	829	45726	1145	0	0
8004	70	829	45726	895	530	63	70	827	45730	1146	0	0
8005	70	827	45730	1	140	328	70	825	45734	1147	0	0
8006	70	825	45734	427	213	601	70	822	45740	1147	0	0
8007	70	822	45740	24	503	876	70	820	45744	1148	0	0
8008	70	820	45744	846	766	152	70	817	45750	1148	0	0
8009	70	817	45750	480	195	642	70	814	45756	1148	0	0
8010	70	814	45756	320	249	208	70	811	45762	1148	0	0
8011	70	811	45762	452	734	694	70	808	45768	1148	0	0
8012	70	808	45768	542	169	483	70	805	45774	1148	0	0
8013	70	805	45774	29	739	604	70	803	45778	1149	0	0
8014	70	803	45778	435	167	131	70	800	45784	1149	0	0
8015	70	800	45784	286	84	1	70	798	45788	1150	0	0
8016	70	798	45788	580	472	445	70	795	45794	1150	0	0
8017	70	795	45794	695	788	97	70	792	45800	1150	0	0
8018	70	792	45800	237	299	806	70	789	45806	1150	0	0
8019	70	789	45806	332	368	268	70	786	45812	1150	0	0
8020	70	786	45812	853	54	81	70	784	45816	1151	0	0
8021	70	784	45816	708	190	63	70	782	45820	1152	0	0
8022	70	782	45820	823	723	418	70	779	45826	1152	0	0
8023	70	779	45826	583	588	192	70	776	45832	1152	0	0
8024	70	776	45832	339	125	661	70	773	45838	1152	0	0
8025	70	773	45838	769	700	31	70	771	45842	1153	0	0
8026	70	771	45842	17	727	342	70	769	45846	1154	0	0
8027	70	769	45846	384	32	68	71	940	45848	1156	172	0
8028	71	940	45848	981	173	795	71	937	45854	1156	0	0
8029	71	937	45854	704	338	163	71	934	45860	1156	0	0
8030	71	934	45860	6	520	569	71	932	45864	1157	0	0
8031	71	932	45864	658	220	782	71	929	45870	1157	0	0
8032	71	929	45870	895	776	875	71	926	45876	1157	0	0
8033	71	926	45876	58	569	689	71	924	45880	1158	0	0
8034	71	924	45880	185	383	672	71	921	45886	1158	0	0
8035	71	921	45886	255	654	827	71	918	45892	1158	0	0
8036	71	918	45892	892	416	204	71	915	45898	1158	0	0
8037	71	915	45898	773	455	126	71	912	45904	1158	0	0
8038	71	912	45904	626	60	533	71	910	45908	1159	0	0
8039	71	910	45908	225	236	801	71	907	45914	1159	0	0
8040	71	907	45914	802	401	256	71	904	45920	1159	0	0
8041	71	904	45920	858	338	438	71	901	45926	1159	0	0
8042	71	901	45926	693	757	223	71	898	45932	1159	0	0
8043	71	898	45932	813	402	964	71	895	45938	1159	0	0
8044	71	895	45938	919	693	28	71	893	45942	1160	0	0
8045	71	893	45942	283	156	380	71	890	45948	1160	0	0
8046	71	890	45948	473	307	640	71	887	45954	1160	0	0
8047	71	887	45954	315	684	916	71	884	45960	1160	0	0
8048	71	884	45960	717	269	585	71	881	45966	1160	0	0
8049	71	881	45966	358	10	657	71	879	45970	1161	0	0
8050	71	879	45970	331	451	579	71	876	45976	1161	0	0
8051	71	876	45976	319	446	43	71	874	45980	1162	0	0
8052	71	874	45980	248	273	873	71	871	45986	1162	0	0
8053	71	871	45986	589	389	154	71	868	45992	1162	0	0
8054	71	868	45992	475	261	448	71	865	45998	1162	0	0
8055	71	865	45998	916	266	19	71	863	46002	1163	0	0
8056	71	863	46002	9	542	218	71	861	46006	1164	0	0
8057	71	861	46006	615	732	683	71	858	46012	1164	0	0
8058	71	858	46012	292	707	333	71	855	46018	1164	0	0
8059	71	855	46018	514	597	167	71	852	46024	1164	0	0
8060	71	852	46024	136	647	70	71	850	46028	1165	0	0
8061	71	850	46028	163	301	636	71	847	46034	1165	0	0
8062	71	847	46034	197	158	505	71	844	46040	1165	0	0
8063	71	844	46040	148	468	420	71	841	46046	1165	0	0
8064	71	841	46046	549	669	125	71	838	46052	1165	0	0
8065	71	838	46052	497	200	525	71	835	46058	1165	0	0
8066	71	835	46058	355	109	905	71	832	46064	1165	0	0
8067	71	832	46064	342	198	661	71	829	46070	1165	0	0
8068	71	829	46070	883	483	77	71	826	46076	1165	0	0
8069	71	826	46076	722	16	8	72	1029	46078	1167	204	0
8070	72	1029	46078	914	548	751	72	1026	46084	1167	0	0
8071	72	1026	46084	414	417	914	72	1023	46090	1167	0	0
8072	72	1023	46090	873	82	748	72	1020	46096	1167	0	0
8073	72	1020	46096	651	23	403	72	1018	46100	1168	0	0
8074	72	1018	46100	894	728	493	72	1015	46106	1168	0	0
8075	72	1015	46106	378	266	945	72	1012	46112	1168	0	0
8076	72	1012	46112	334	487	583	72	1009	46118	1168	0	0
8077	72	1009	46118	133	772	1069	72	1006	46124	1168	0	0
8078	72	1006	46124	643	356	1058	72	1003	46130	1168	0	0
8079	72	1003	46130	705	143	907	72	1000	46136	1168	0	0
8080	72	1000	46136	928	440	296	72	997	46142	1168	0	0
8081	72	997	46142	529	123	950	72	994	46148	1168	0	0
8082	72	994	46148	137	12	149	72	992	46152	1169	0	0
8083	72	992	46152	1040	512	63	72	990	46156	1170	0	0
8084	72	990	46156	818	937	728	72	987	46162	1170	0	0
8085	72	987	46162	53	786	527	72	985	46166	1171	0	0
8086	72	985	46166	631	856	1054	72	982	46172	1171	0	0
8087	72	982	46172	250	558	180	72	979	46178	1171	0	0
8088	72	979	46178	738	644	614	72	976	46184	1171	0	0
8089	72	976	46184	783	701	957	72	973	46190	1171	0	0
8090	72	973	46190	442	17	213	72	971	46194	1172	0	0
8091	72	971	46194	649	628	944	72	968	46200	1172	0	0
8092	72	968	46200	617	480	253	72	965	46206	1172	0	0
8093	72	965	46206	618	316	572	72	962	46212	1172	0	0
8094	72	962	46212	892	8	10	73	1361	46214	1174	400	0
8095	73	1361	46214	1316	19	74	73	1359	46218	1175	0	0
8096	73	1359	46218	1160	80	837	73	1356	46224	1175	0	0
8097	73	1356	46224	588	1401	914	73	1353	46230	1175	0	0
8098	73	1353	46230	397	193	440	73	1350	46236	1175	0	0
8099	73	1350	46236	1275	620	166	73	1347	46242	1175	0	0
8100	73	1347	46242	418	906	157	73	1344	46248	1175	0	0
8101	73	1344	46248	734	195	848	73	1341	46254	1175	0	0
8102	73	1341	46254	745	1193	198	73	1338	46260	1175	0	0
8103	73	1338	46260	512	402	714	73	1335	46266	1175	0	0
8104	73	1335	46266	955	1052	334	73	1332	46272	1175	0	0
8105	73	1332	46272	1289	258	1227	73	1329	46278	1175	0	0
8106	73	1329	46278	698	1218	481	73	1326	46284	1175	0	0
8107	73	1326	46284	363	29	141	73	1324	46288	1176	0	0
8108	73	1324	46288	235	953	2	73	1322	46292	1177	0	0
8109	73	1322	46292	1136	948	512	73	1319	46298	1177	0	0
8110	73	1319	46298	231	948	1263	73	1316	46304	1177	0	0
8111	73	1316	46304	475	824	76	73	1313	46310	1177	0	0
8112	73	1313	46310	775	1333	961	73	1310	46316	1177	0	0
8113	73	1310	46316	169	18	560	73	1308	46320	1178	0	0
8114	73	1308	46320	82	866	774	73	1305	46326	1178	0	0
8115	73	1305	46326	619	668	1259	73	1302	46332	1178	0	0
8116	73	1302	46332	350	548	797	73	1299	46338	1178	0	0
8117	73	1299	46338	1064	310	411	73	1296	46344	1178	0	0
8118	73	1296	46344	900	345	429	73	1293	46350	1178	0	0
8119	73	1293	46350	273	486	886	73	1290	46356	1178	0	0
8120	73	1290	46356	137	806	491	73	1287	46362	1178	0	0
8121	73	1287	46362	98	813	1022	73	1284	46368	1178	0	0
8122	73	1284	46368	1074	122	277	73	1281	46374	1178	0	0
8123	73	1281	46374	572	389	1317	73	1278	46380	1178	0	0
8124	73	1278	46380	554	854	1245	73	1275	46386	1178	0	0
8125	73	1275	46386	280	709	587	73	1272	46392	1178	0	0
8126	73	1272	46392	29	744	382	73	1270	46396	1179	0	0
8127	73	1270	46396	1119	551	1056	73	1267	46402	1179	0	0
8128	73	1267	46402	769	1316	1025	73	1264	46408	1179	0	0
8129	73	1264	46408	629	61	984	73	1262	46412	1180	0	0
8130	73	1262	46412	243	349	1114	73	1259	46418	1180	0	0
8131	73	1259	46418	100	433	268	73	1256	46424	1180	0	0
8132	73	1256	46424	243	385	1173	73	1253	46430	1180	0	0
8133	73	1253	46430	677	448	201	73	1250	46436	1180	0	0
8134	73	1250	46436	33	145	475	73	1248	46440	1181	0	0
8135	73	1248	46440	841	118	526	73	1245	46446	1181	0	0
8136	73	1245	46446	919	723	733	73	1242	46452	1181	0	0
8137	73	1242	46452	850	680	176	73	1239	46458	1181	0	0
8138	73	1239	46458	628	366	650	73	1236	46464	1181	0	0
8139	73	1236	46464	1252	198	48	73	1234	46468	1182	0	0
8140	73	1234	46468	1056	819	799	73	1231	46474	1182	0	0
8141	73	1231	46474	708	257	369	73	1228	46480	1182	0	0
8142	73	1228	46480	426	841	621	73	1225	46486	1182	0	0
8143	73	1225	46486	973	1189	451	73	1222	46492	1182	0	0
8144	73	1222	46492	639	975	84	73	1219	46498	1182	0	0
8145	73	1219	46498	240	382	47	73	1217	46502	1183	0	0
8146	73	1217	46502	217	519	1257	73	1214	46508	1183	0	0
8147	73	1214	46508	588	208	19	73	1212	46512	1184	0	0
8148	73	1212	46512	613	386	982	73	1209	46518	1184	0	0
8149	73	1209	46518	265	458	343	73	1206	46524	1184	0	0
8150	73	1206	46524	1234	328	497	73	1203	46530	1184	0	0
8151	73	1203	46530	985	353	770	73	1200	46536	1184	0	0
8152	73	1200	46536	1021	946	193	73	1197	46542	1184	0	0
8153	73	1197	46542	982	1201	1048	73	1194	46548	1184	0	0
8154	73	1194	46548	109	686	517	73	1191	46554	1184	0	0
8155	73	1191	46554	561	1171	530	73	1188	46560	1184	0	0
8156	73	1188	46560	903	174	304	73	1185	46566	1184	0	0
8157	73	1185	46566	787	229	1182	73	1182	46572	1184	0	0
8158	73	1182	46572	946	343	664	73	1179	46578	1184	0	0
8159	73	1179	46578	801	282	906	73	1176	46584	1184	0	0
8160	73	1176	46584	712	829	827	73	1173	46590	1184	0	0
8161	73	1173	46590	535	455	90	73	1170	46596	1184	0	0
8162	73	1170	46596	514	639	364	73	1167	46602	1184	0	0
8163	73	1167	46602	808	512	14	73	1165	46606	1185	0	0
8164	73	1165	46606	68	289	309	73	1163	46610	1186	0	0
8165	73	1163	46610	1146	1233	539	73	1160	46616	1186	0	0
8166	73	1160	46616	931	516	638	73	1157	46622	1186	0	0
8167	73	1157	46622	59	1019	1062	73	1155	46626	1187	0	0
8168	73	1155	46626	611	690	672	73	1152	46632	1187	0	0
8169	73	1152	46632	1057	416	681	73	1149	46638	1187	0	0
8170	73	1149	46638	638	630	821	73	1146	46644	1187	0	0
8171	73	1146	46644	314	60	1156	73	1144	46648	1188	0	0
8172	73	1144	46648	726	777	786	73	1141	46654	1188	0	0
8173	73	1141	46654	97	1191	299	73	1138	46660	1188	0	0
8174	73	1138	46660	828	694	713	73	1135	46666	1188	0	0
8175	73	1135	46666	607	830	153	73	1132	46672	1188	0	0
8176	73	1132	46672	1059	62	837	73	1130	46676	1189	0	0
8177	73	1130	46676	825	82	160	73	1127	46682	1189	0	0
8178	73	1127	46682	777	743	774	73	1124	46688	1189	0	0
8179	73	1124	46688	954	120	549	73	1121	46694	1189	0	0
8180	73	1121	46694	247	593	964	73	1118	46700	1189	0	0
8181	73	1118	46700	648	421	1188	73	1115	46706	1189	0	0
8182	73	1115	46706	201	734	232	73	1112	46712	1189	0	0
8183	73	1112	46712	427	1149	85	73	1109	46718	1189	0	0
8184	73	1109	46718	795	859	1119	73	1106	46724	1189	0	0
8185	73	1106	46724	1051	623	1053	73	1103	46730	1189	0	0
8186	73	1103	46730	485	877	771	73	1100	46736	1189	0	0
8187	73	1100	46736	1002	1070	337	73	1097	46742	1189	0	0
8188	73	1097	46742	477	950	586	73	1094	46748	1189	0	0
8189	73	1094	46748	669	1089	72	73	1092	46752	1190	0	0
8190	73	1092	46752	347	1016	1146	73	1089	46758	1190	0	0
8191	73	1089	46758	153	375	781	73	1086	46764	1190	0	0
8192	73	1086	46764	294	1091	411	73	1083	46770	1190	0	0
8193	73	1083	46770	231	521	734	73	1080	46776	1190	0	0
8194	73	1080	46776	899	90	626	73	1077	46782	1190	0	0
8195	73	1077	46782	672	224	396	73	1074	46788	1190	0	0
8196	73	1074	46788	843	723	1055	73	1071	46794	1190	0	0
8197	73	1071	46794	761	1073	482	73	1068	46800	1190	0	0
8198	73	1068	46800	650	107	173	73	1065	46806	1190	0	0
8199	73	1065	46806	184	503	304	73	1062	46812	1190	0	0
8200	73	1062	46812	295	342	958	73	1059	46818	1190	0	0
8201	73	1059	46818	741	420	1087	73	1056	46824	1190	0	0
8202	73	1056	46824	1111	443	1123	73	1053	46830	1190	0	0
8203	73	1053	46830	936	520	13	73	1051	46834	1191	0	0
8204	73	1051	46834	666	756	771	73	1048	46840	1191	0	0
8205	73	1048	46840	623	842	732	73	1045	46846	1191	0	0
8206	73	1045	46846	873	456	1093	73	1042	46852	1191	0	0
8207	73	1042	46852	61	536	572	73	1040	46856	1192	0	0
8208	73	1040	46856	6	788	976	73	1038	46860	1193	0	0
8209	73	1038	46860	711	86	482	73	1035	46866	1193	0	0
8210	73	1035	46866	956	172	738	73	1032	46872	1193	0	0
8211	73	1032	46872	1001	1026	668	73	1029	46878	1193	0	0
8212	73	1029	46878	1100	976	326	73	1026	46884	1193	0	0
8213	73	1026	46884	1026	893	98	73	1023	46890	1193	0	0
8214	73	1023	46890	1041	382	1004	73	1020	46896	1193	0	0
8215	73	1020	46896	455	609	1050	73	1017	46902	1193	0	0
8216	73	1017	46902	19	398	43	74	1252	46904	1195	236	0
8217	74	1252	46904	672	597	873	74	1249	46910	1195	0	0
8218	74	1249	46910	803	563	1303	74	1246	46916	1195	0	0
8219	74	1246	46916	465	791	83	74	1243	46922	1195	0	0
8220	74	1243	46922	550	632	1003	74	1240	46928	1195	0	0
8221	74	1240	46928	1132	1208	728	74	1237	46934	1195	0	0
8222	74	1237	46934	306	768	448	74	1234	46940	1195	0	0
8223	74	1234	46940	1038	317	1091	74	1231	46946	1195	0	0
8224	74	1231	46946	83	230	1116	74	1228	46952	1195	0	0
8225	74	1228	46952	177	945	107	74	1225	46958	1195	0	0
8226	74	1225	46958	715	1294	814	74	1222	46964	1195	0	0
8227	74	1222	46964	1237	230	847	74	1219	46970	1195	0	0
8228	74	1219	46970	353	952	1249	74	1216	46976	1195	0	0
8229	74	1216	46976	980	112	525	74	1213	46982	1195	0	0
8230	74	1213	46982	465	1203	505	74	1210	46988	1195	0	0
8231	74	1210	46988	96	1257	615	74	1207	46994	1195	0	0
8232	74	1207	46994	467	935	470	74	1204	47000	1195	0	0
8233	74	1204	47000	1232	34	678	74	1202	47004	1196	0	0
8234	74	1202	47004	808	425	363	74	1199	47010	1196	0	0
8235	74	1199	47010	489	618	455	74	1196	47016	1196	0	0
8236	74	1196	47016	431	457	389	74	1193	47022	1196	0	0
8237	74	1193	47022	83	146	970	74	1190	47028	1196	0	0
8238	74	1190	47028	1151	1153	738	74	1187	47034	1196	0	0
8239	74	1187	47034	322	147	890	74	1184	47040	1196	0	0
8240	74	1184	47040	541	905	940	74	1181	47046	1196	0	0
8241	74	1181	47046	1143	783	924	74	1178	47052	1196	0	0
8242	74	1178	47052	450	1097	852	74	1175	47058	1196	0	0
8243	74	1175	47058	990	101	742	74	1172	47064	1196	0	0
8244	74	1172	47064	1226	1120	733	74	1169	47070	1196	0	0
8245	74	1169	47070	1092	83	886	74	1166	47076	1196	0	0
8246	74	1166	47076	776	196	871	74	1163	47082	1196	0	0
8247	74	1163	47082	167	338	980	74	1160	47088	1196	0	0
8248	74	1160	47088	889	863	1132	74	1157	47094	1196	0	0
8249	74	1157	47094	235	1061	834	74	1154	47100	1196	0	0
8250	74	1154	47100	716	388	1117	74	1151	47106	1196	0	0
8251	74	1151	47106	982	665	404	74	1148	47112	1196	0	0
8252	74	1148	47112	191	303	1157	74	1145	47118	1196	0	0
8253	74	1145	47118	183	274	64	74	1143	47122	1197	0	0
8254	74	1143	47122	571	424	170	74	1140	47128	1197	0	0
8255	74	1140	47128	644	951	551	74	1137	47134	1197	0	0
8256	74	1137	47134	201	1184	822	74	1134	47140	1197	0	0
8257	74	1134	47140	363	401	15	74	1132	47144	1198	0	0
8258	74	1132	47144	818	133	955	74	1129	47150	1198	0	0
8259	74	1129	47150	346	764	630	74	1126	47156	1198	0	0
8260	74	1126	47156	979	742	717	74	1123	47162	1198	0	0
8261	74	1123	47162	990	931	30	74	1121	47166	1199	0	0
8262	74	1121	47166	819	284	1117	74	1118	47172	1199	0	0
8263	74	1118	47172	67	1063	174	74	1116	47176	1200	0	0
8264	74	1116	47176	760	745	1122	74	1113	47182	1200	0	0
8265	74	1113	47182	245	649	726	74	1110	47188	1200	0	0
8266	74	1110	47188	786	458	928	74	1107	47194	1200	0	0
8267	74	1107	47194	469	549	1171	74	1104	47200	1200	0	0
8268	74	1104	47200	845	103	809	74	1101	47206	1200	0	0
8269	74	1101	47206	426	264	690	74	1098	47212	1200	0	0
8270	74	1098	47212	746	33	622	74	1096	47216	1201	0	0
8271	74	1096	47216	517	1056	1145	74	1093	47222	1201	0	0
8272	74	1093	47222	771	834	1007	74	1090	47228	1201	0	0
8273	74	1090	47228	730	127	806	74	1087	47234	1201	0	0
8274	74	1087	47234	638	260	116	74	1084	47240	1201	0	0
8275	74	1084	47240	389	1154	1148	74	1081	47246	1201	0	0
8276	74	1081	47246	959	354	868	74	1078	47252	1201	0	0
8277	74	1078	47252	27	90	637	74	1076	47256	1202	0	0
8278	74	1076	47256	197	451	914	74	1073	47262	1202	0	0
8279	74	1073	47262	649	333	1026	74	1070	47268	1202	0	0
8280	74	1070	47268	175	92	909	74	1067	47274	1202	0	0
8281	74	1067	47274	76	774	244	74	1064	47280	1202	0	0
8282	74	1064	47280	587	699	518	74	1061	47286	1202	0	0
8283	74	1061	47286	784	467	905	74	1058	47292	1202	0	0
8284	74	1058	47292	279	420	876	74	1055	47298	1202	0	0
8285	74	1055	47298	755	334	1023	74	1052	47304	1202	0	0
8286	74	1052	47304	899	811	450	74	1049	47310	1202	0	0
8287	74	1049	47310	1051	1008	201	74	1046	47316	1202	0	0
8288	74	1046	47316	145	681	1033	74	1043	47322	1202	0	0
8289	74	1043	47322	444	184	627	74	1040	47328	1202	0	0
8290	74	1040	47328	480	834	784	74	1037	47334	1202	0	0
8291	74	1037	47334	1100	703	657	74	1034	47340	1202	0	0
8292	74	1034	47340	677	150	499	74	1031	47346	1202	0	0
8293	74	1031	47346	145	341	204	74	1028	47352	1202	0	0
8294	74	1028	47352	377	170	1047	74	1025	47358	1202	0	0
8295	74	1025	47358	59	562	651	74	1023	47362	1203	0	0
8296	74	1023	47362	590	430	811	74	1020	47368	1203	0	0
8297	74	1020	47368	446	668	581	74	1017	47374	1203	0	0
8298	74	1017	47374	216	1067	840	74	1014	47380	1203	0	0
8299	74	1014	47380	1	222	18	75	1121	47382	1205	108	0
8300	75	1121	47382	484	953	466	75	1118	47388	1205	0	0
8301	75	1118	47388	923	899	512	75	1115	47394	1205	0	0
8302	75	1115	47394	465	654	771	75	1112	47400	1205	0	0
8303	75	1112	47400	121	580	117	75	1109	47406	1205	0	0
8304	75	1109	47406	207	290	971	75	1106	47412	1205	0	0
8305	75	1106	47412	518	991	1066	75	1103	47418	1205	0	0
8306	75	1103	47418	1052	1021	23	75	1101	47422	1206	0	0
8307	75	1101	47422	63	1010	293	75	1099	47426	1207	0	0
8308	75	1099	47426	820	443	960	75	1096	47432	1207	0	0
8309	75	1096	47432	1121	142	345	75	1093	47438	1207	0	0
8310	75	1093	47438	183	92	724	75	1090	47444	1207	0	0
8311	75	1090	47444	66	791	82	75	1088	47448	1208	0	0
8312	75	1088	47448	862	836	148	75	1085	47454	1208	0	0
8313	75	1085	47454	692	788	1067	75	1082	47460	1208	0	0
8314	75	1082	47460	1004	519	660	75	1079	47466	1208	0	0
8315	75	1079	47466	1137	393	460	75	1076	47472	1208	0	0
8316	75	1076	47472	571	42	1143	75	1074	47476	1209	0	0
8317	75	1074	47476	745	256	320	75	1071	47482	1209	0	0
8318	75	1071	47482	125	518	552	75	1068	47488	1209	0	0
8319	75	1068	47488	822	733	671	75	1065	47494	1209	0	0
8320	75	1065	47494	93	192	975	75	1062	47500	1209	0	0
8321	75	1062	47500	354	563	955	75	1059	47506	1209	0	0
8322	75	1059	47506	915	1020	334	75	1056	47512	1209	0	0
8323	75	1056	47512	448	891	84	75	1053	47518	1209	0	0
8324	75	1053	47518	612	641	437	75	1050	47524	1209	0	0
8325	75	1050	47524	913	145	972	75	1047	47530	1209	0	0
8326	75	1047	47530	321	761	165	75	1044	47536	1209	0	0
8327	75	1044	47536	262	317	301	75	1041	47542	1209	0	0
8328	75	1041	47542	439	679	599	75	1038	47548	1209	0	0
8329	75	1038	47548	596	65	903	75	1036	47552	1210	0	0
8330	75	1036	47552	263	387	625	75	1033	47558	1210	0	0
8331	75	1033	47558	497	133	89	75	1030	47564	1210	0	0
8332	75	1030	47564	921	182	43	75	1028	47568	1211	0	0
8333	75	1028	47568	705	223	371	75	1025	47574	1211	0	0
8334	75	1025	47574	398	447	174	75	1022	47580	1211	0	0
8335	75	1022	47580	370	845	314	75	1019	47586	1211	0	0
8336	75	1019	47586	414	823	797	75	1016	47592	1211	0	0
8337	75	1016	47592	297	799	960	75	1013	47598	1211	0	0
8338	75	1013	47598	238	931	887	75	1010	47604	1211	0	0
8339	75	1010	47604	261	103	250	75	1007	47610	1211	0	0
8340	75	1007	47610	415	914	545	75	1004	47616	1211	0	0
8341	75	1004	47616	494	8	10	75	1003	47618	1213	0	0
8342	75	1003	47618	795	568	229	75	1000	47624	1213	0	0
8343	75	1000	47624	927	1019	20	75	998	47628	1214	0	0
8344	75	998	47628	391	755	216	75	995	47634	1214	0	0
8345	75	995	47634	698	288	174	75	992	47640	1214	0	0
8346	75	992	47640	119	56	424	75	990	47644	1215	0	0
8347	75	990	47644	627	500	837	75	987	47650	1215	0	0
8348	75	987	47650	1002	2	314	75	985	47654	1216	0	0
8349	75	985	47654	188	726	607	75	982	47660	1216	0	0
8350	75	982	47660	385	775	226	75	979	47666	1216	0	0
8351	75	979	47666	1049	373	533	75	976	47672	1216	0	0
8352	75	976	47672	148	288	832	75	973	47678	1216	0	0
8353	75	973	47678	554	773	346	75	970	47684	1216	0	0
8354	75	970	47684	922	951	479	75	967	47690	1216	0	0
8355	75	967	47690	239	992	901	75	964	47696	1216	0	0
8356	75	964	47696	433	332	300	75	961	47702	1216	0	0
8357	75	961	47702	563	334	886	75	958	47708	1216	0	0
8358	75	958	47708	81	785	421	75	955	47714	1216	0	0
8359	75	955	47714	753	427	193	75	952	47720	1216	0	0
8360	75	952	47720	827	605	386	75	949	47726	1216	0	0
8361	75	949	47726	578	491	460	75	946	47732	1216	0	0
8362	75	946	47732	312	404	492	75	943	47738	1216	0	0
8363	75	943	47738	179	455	687	75	940	47744	1216	0	0
8364	75	940	47744	344	116	1008	75	937	47750	1216	0	0
8365	75	937	47750	371	533	566	75	934	47756	1216	0	0
8366	75	934	47756	104	691	873	75	931	47762	1216	0	0
8367	75	931	47762	733	705	345	75	928	47768	1216	0	0
8368	75	928	47768	421	127	898	75	925	47774	1216	0	0
8369	75	925	47774	989	496	618	75	922	47780	1216	0	0
8370	75	922	47780	253	602	850	75	919	47786	1216	0	0
8371	75	919	47786	61	751	888	75	917	47790	1217	0	0
8372	75	917	47790	661	56	956	75	915	47794	1218	0	0
8373	75	915	47794	935	76	533	75	912	47800	1218	0	0
8374	75	912	47800	232	571	631	75	909	47806	1218	0	0
8375	75	909	47806	680	400	184	75	906	47812	1218	0	0
8376	75	906	47812	523	261	222	75	903	47818	1218	0	0
8377	75	903	47818	180	725	281	75	900	47824	1218	0	0
8378	75	900	47824	41	966	722	75	898	47828	1219	0	0
8379	75	898	47828	581	127	703	75	895	47834	1219	0	0
8380	75	895	47834	293	816	964	75	892	47840	1219	0	0
8381	75	892	47840	767	717	880	75	889	47846	1219	0	0
8382	75	889	47846	708	770	956	75	886	47852	1219	0	0
8383	75	886	47852	493	102	647	75	883	47858	1219	0	0
8384	75	883	47858	159	821	700	75	880	47864	1219	0	0
8385	75	880	47864	344	570	516	75	877	47870	1219	0	0
8386	75	877	47870	924	622	265	75	874	47876	1219	0	0
8387	75	874	47876	817	826	335	75	871	47882	1219	0	0
8388	75	871	47882	673	825	173	75	868	47888	1219	0	0
8389	75	868	47888	23	690	587	75	866	47892	1220	0	0
8390	75	866	47892	899	741	861	75	863	47898	1220	0	0
8391	75	863	47898	480	197	513	75	860	47904	1220	0	0
8392	75	860	47904	877	65	547	75	858	47908	1221	0	0
8393	75	858	47908	635	737	202	75	855	47914	1221	0	0
8394	75	855	47914	864	76	602	75	852	47920	1221	0	0
8395	75	852	47920	188	712	667	75	849	47926	1221	0	0
8396	75	849	47926	136	681	2	75	847	47930	1222	0	0
8397	75	847	47930	797	345	335	75	844	47936	1222	0	0
8398	75	844	47936	386	577	700	75	841	47942	1222	0	0
8399	75	841	47942	826	390	385	75	838	47948	1222	0	0
8400	75	838	47948	76	443	114	75	835	47954	1222	0	0
8401	75	835	47954	648	863	773	75	832	47960	1222	0	0
8402	75	832	47960	547	448	280	75	829	47966	1222	0	0
8403	75	829	47966	887	478	474	75	826	47972	1222	0	0
8404	75	826	47972	436	723	620	75	823	47978	1222	0	0
8405	75	823	47978	276	647	754	75	820	47984	1222	0	0
8406	75	820	47984	339	782	877	75	817	47990	1222	0	0
8407	75	817	47990	222	528	432	75	814	47996	1222	0	0
8408	75	814	47996	625	842	854	75	811	48002	1222	0	0
8409	75	811	48002	586	320	127	75	808	48008	1222	0	0
8410	75	808	48008	380	668	737	75	805	48014	1222	0	0
8411	75	805	48014	350	745	246	75	802	48020	1222	0	0
8412	75	802	48020	41	673	661	75	800	48024	1223	0	0
8413	75	800	48024	641	573	278	75	797	48030	1223	0	0
8414	75	797	48030	840	110	104	75	794	48036	1223	0	0
8415	75	794	48036	524	866	697	75	791	48042	1223	0	0
8416	75	791	48042	757	76	188	75	788	48048	1223	0	0
8417	75	788	48048	496	724	172	75	785	48054	1223	0	0
8418	75	785	48054	280	800	249	75	782	48060	1223	0	0
8419	75	782	48060	763	372	543	75	779	48066	1223	0	0
8420	75	779	48066	649	648	194	75	776	48072	1223	0	0
8421	75	776	48072	458	751	556	75	773	48078	1223	0	0
8422	75	773	48078	452	691	148	75	770	48084	1223	0	0
8423	75	770	48084	35	108	234	75	768	48088	1224	0	0
8424	75	768	48088	569	6	146	75	766	48092	1225	0	0
8425	75	766	48092	652	94	184	75	763	48098	1225	0	0
8426	75	763	48098	89	108	326	75	760	48104	1225	0	0
8427	75	760	48104	193	437	137	75	757	48110	1225	0	0
8428	75	757	48110	800	121	426	75	754	48116	1225	0	0
8429	75	754	48116	100	633	761	75	751	48122	1225	0	0
8430	75	751	48122	62	497	129	75	749	48126	1226	0	0
8431	75	749	48126	503	105	149	75	746	48132	1226	0	0
8432	75	746	48132	1	730	221	75	744	48136	1227	0	0
8433	75	744	48136	612	564	702	75	741	48142	1227	0	0
8434	75	741	48142	366	724	303	75	738	48148	1227	0	0
8435	75	738	48148	289	742	741	75	735	48154	1227	0	0
8436	75	735	48154	430	312	248	75	732	48160	1227	0	0
8437	75	732	48160	777	213	594	75	729	48166	1227	0	0
8438	75	729	48166	598	379	96	75	726	48172	1227	0	0
8439	75	726	48172	478	183	344	75	723	48178	1227	0	0
8440	75	723	48178	716	511	736	75	720	48184	1227	0	0
8441	75	720	48184	484	141	5	75	718	48188	1228	0	0
8442	75	718	48188	600	491	441	75	715	48194	1228	0	0
8443	75	715	48194	660	434	339	75	712	48200	1228	0	0
8444	75	712	48200	143	454	240	75	709	48206	1228	0	0
8445	75	709	48206	665	540	740	75	706	48212	1228	0	0
8446	75	706	48212	740	606	345	75	703	48218	1228	0	0
8447	75	703	48218	587	623	568	75	700	48224	1228	0	0
8448	75	700	48224	260	163	683	75	697	48230	1228	0	0
8449	75	697	48230	184	579	200	75	694	48236	1228	0	0
8450	75	694	48236	225	601	137	75	691	48242	1228	0	0
8451	75	691	48242	204	529	278	75	688	48248	1228	0	0
8452	75	688	48248	146	364	434	75	685	48254	1228	0	0
8453	75	685	48254	214	650	536	75	682	48260	1228	0	0
8454	75	682	48260	192	659	751	75	679	48266	1228	0	0
8455	75	679	48266	376	688	201	75	676	48272	1228	0	0
8456	75	676	48272	717	546	602	75	673	48278	1228	0	0
8457	75	673	48278	94	627	201	75	670	48284	1228	0	0
8458	75	670	48284	455	15	251	75	668	48288	1229	0	0
8459	75	668	48288	522	701	371	75	665	48294	1229	0	0
8460	75	665	48294	477	381	157	75	662	48300	1229	0	0
8461	75	662	48300	662	350	562	75	659	48306	1229	0	0
8462	75	659	48306	635	352	567	75	656	48312	1229	0	0
8463	75	656	48312	449	376	381	75	653	48318	1229	0	0
8464	75	653	48318	435	290	581	75	650	48324	1229	0	0
8465	75	650	48324	494	576	328	75	647	48330	1229	0	0
8466	75	647	48330	67	541	714	75	645	48334	1230	0	0
8467	75	645	48334	333	602	610	75	642	48340	1230	0	0
8468	75	642	48340	705	219	379	75	639	48346	1230	0	0
8469	75	639	48346	353	288	0	75	637	48350	1231	0	0
8470	75	637	48350	321	12	182	75	635	48354	1232	0	0
8471	75	635	48354	332	390	365	75	632	48360	1232	0	0
8472	75	632	48360	669	380	599	75	629	48366	1232	0	0
8473	75	629	48366	146	260	157	75	626	48372	1232	0	0
8474	75	626	48372	675	391	236	75	623	48378	1232	0	0
8475	75	623	48378	600	605	571	75	620	48384	1232	0	0
8476	75	620	48384	253	641	583	75	617	48390	1232	0	0
8477	75	617	48390	483	56	177	75	615	48394	1233	0	0
8478	75	615	48394	408	86	666	75	612	48400	1233	0	0
8479	75	612	48400	238	465	32	75	610	48404	1234	0	0
8480	75	610	48404	168	199	296	75	607	48410	1234	0	0
8481	75	607	48410	376	164	224	75	604	48416	1234	0	0
8482	75	604	48416	569	156	325	75	601	48422	1234	0	0
8483	75	601	48422	261	14	49	76	1000	48424	1236	400	0
8484	76	1000	48424	22	912	639	76	998	48428	1237	0	0
8485	76	998	48428	1007	215	696	76	995	48434	1237	0	0
8486	76	995	48434	37	407	513	76	993	48438	1238	0	0
8487	76	993	48438	1020	177	774	76	990	48444	1238	0	0
8488	76	990	48444	1000	510	955	76	987	48450	1238	0	0
8489	76	987	48450	297	488	460	76	984	48456	1238	0	0
8490	76	984	48456	777	803	378	76	981	48462	1238	0	0
8491	76	981	48462	295	63	1005	76	979	48466	1239	0	0
8492	76	979	48466	1030	183	522	76	976	48472	1239	0	0
8493	76	976	48472	424	413	368	76	973	48478	1239	0	0
8494	76	973	48478	600	580	437	76	970	48484	1239	0	0
8495	76	970	48484	979	268	44	76	968	48488	1240	0	0
8496	76	968	48488	549	507	345	76	965	48494	1240	0	0
8497	76	965	48494	123	128	340	76	962	48500	1240	0	0
8498	76	962	48500	520	896	687	76	959	48506	1240	0	0
8499	76	959	48506	478	224	418	76	956	48512	1240	0	0
8500	76	956	48512	440	507	217	76	953	48518	1240	0	0
8501	76	953	48518	627	164	752	76	950	48524	1240	0	0
8502	76	950	48524	967	363	183	76	947	48530	1240	0	0
8503	76	947	48530	902	192	1	76	945	48534	1241	0	0
8504	76	945	48534	622	235	110	76	942	48540	1241	0	0
8505	76	942	48540	964	92	715	76	939	48546	1241	0	0
8506	76	939	48546	951	570	1007	76	936	48552	1241	0	0
8507	76	936	48552	304	610	788	76	933	48558	1241	0	0
8508	76	933	48558	865	365	482	76	930	48564	1241	0	0
8509	76	930	48564	688	567	507	76	927	48570	1241	0	0
8510	76	927	48570	133	991	126	76	924	48576	1241	0	0
8511	76	924	48576	49	557	655	76	922	48580	1242	0	0
8512	76	922	48580	512	517	690	76	919	48586	1242	0	0
8513	76	919	48586	218	76	13	76	917	48590	1243	0	0
8514	76	917	48590	587	387	396	76	914	48596	1243	0	0
8515	76	914	48596	721	962	217	76	911	48602	1243	0	0
8516	76	911	48602	917	895	609	76	908	48608	1243	0	0
8517	76	908	48608	955	94	315	76	905	48614	1243	0	0
8518	76	905	48614	267	15	91	76	903	48618	1244	0	0
8519	76	903	48618	472	826	651	76	900	48624	1244	0	0
8520	76	900	48624	151	620	972	76	897	48630	1244	0	0
8521	76	897	48630	894	813	972	76	894	48636	1244	0	0
8522	76	894	48636	161	935	40	76	892	48640	1245	0	0
8523	76	892	48640	472	409	880	76	889	48646	1245	0	0
8524	76	889	48646	431	567	466	76	886	48652	1245	0	0
8525	76	886	48652	914	697	830	76	883	48658	1245	0	0
8526	76	883	48658	954	937	477	76	880	48664	1245	0	0
8527	76	880	48664	802	593	373	76	877	48670	1245	0	0
8528	76	877	48670	805	211	527	76	874	48676	1245	0	0
8529	76	874	48676	706	945	620	76	871	48682	1245	0	0
8530	76	871	48682	201	737	896	76	868	48688	1245	0	0
8531	76	868	48688	263	417	743	76	865	48694	1245	0	0
8532	76	865	48694	420	863	592	76	862	48700	1245	0	0
8533	76	862	48700	623	730	439	76	859	48706	1245	0	0
8534	76	859	48706	215	497	530	76	856	48712	1245	0	0
8535	76	856	48712	609	284	475	76	853	48718	1245	0	0
8536	76	853	48718	413	15	900	76	851	48722	1246	0	0
8537	76	851	48722	749	592	179	76	848	48728	1246	0	0
8538	76	848	48728	264	768	271	76	845	48734	1246	0	0
8539	76	845	48734	160	536	471	76	842	48740	1246	0	0
8540	76	842	48740	348	505	754	76	839	48746	1246	0	0
8541	76	839	48746	75	605	214	76	837	48750	1247	0	0
8542	76	837	48750	453	124	618	76	834	48756	1247	0	0
8543	76	834	48756	355	233	249	76	831	48762	1247	0	0
8544	76	831	48762	648	143	32	76	829	48766	1248	0	0
8545	76	829	48766	253	58	622	76	827	48770	1249	0	0
8546	76	827	48770	641	793	591	76	824	48776	1249	0	0
8547	76	824	48776	351	850	750	76	821	48782	1249	0	0
8548	76	821	48782	25	712	660	76	819	48786	1250	0	0
8549	76	819	48786	466	538	623	76	816	48792	1250	0	0
8550	76	816	48792	721	104	157	76	813	48798	1250	0	0
8551	76	813	48798	608	94	725	76	810	48804	1250	0	0
8552	76	810	48804	554	627	446	76	807	48810	1250	0	0
8553	76	807	48810	342	251	406	76	804	48816	1250	0	0
8554	76	804	48816	761	837	603	76	801	48822	1250	0	0
8555	76	801	48822	106	748	732	76	798	48828	1250	0	0
8556	76	798	48828	382	140	596	76	795	48834	1250	0	0
8557	76	795	48834	758	630	218	76	792	48840	1250	0	0
8558	76	792	48840	357	311	209	76	789	48846	1250	0	0
8559	76	789	48846	485	3	551	76	787	48850	1251	0	0
8560	76	787	48850	785	202	515	76	784	48856	1251	0	0
8561	76	784	48856	319	97	101	76	781	48862	1251	0	0
8562	76	781	48862	196	501	366	76	778	48868	1251	0	0
8563	76	778	48868	549	211	649	76	775	48874	1251	0	0
8564	76	775	48874	453	568	615	76	772	48880	1251	0	0
8565	76	772	48880	261	558	833	76	769	48886	1251	0	0
8566	76	769	48886	285	559	716	76	766	48892	1251	0	0
8567	76	766	48892	542	802	527	76	763	48898	1251	0	0
8568	76	763	48898	389	406	439	76	760	48904	1251	0	0
8569	76	760	48904	31	458	536	76	758	48908	1252	0	0
8570	76	758	48908	437	720	770	76	755	48914	1252	0	0
8571	76	755	48914	161	534	6	76	753	48918	1253	0	0
8572	76	753	48918	124	734	436	76	750	48924	1253	0	0
8573	76	750	48924	676	18	456	76	748	48928	1254	0	0
8574	76	748	48928	725	459	667	76	745	48934	1254	0	0
8575	76	745	48934	398	313	221	76	742	48940	1254	0	0
8576	76	742	48940	421	317	415	76	739	48946	1254	0	0
8577	76	739	48946	180	21	712	76	737	48950	1255	0	0
8578	76	737	48950	545	458	664	76	734	48956	1255	0	0
8579	76	734	48956	221	392	65	76	732	48960	1256	0	0
8580	76	732	48960	147	107	738	76	729	48966	1256	0	0
8581	76	729	48966	37	213	323	76	727	48970	1257	0	0
8582	76	727	48970	109	764	1	76	725	48974	1258	0	0
8583	76	725	48974	361	515	12	76	723	48978	1259	0	0
8584	76	723	48978	321	638	728	76	720	48984	1259	0	0
8585	76	720	48984	351	155	443	76	717	48990	1259	0	0
8586	76	717	48990	215	290	186	76	714	48996	1259	0	0
8587	76	714	48996	333	73	721	76	712	49000	1260	0	0
8588	76	712	49000	770	70	359	76	710	49004	1261	0	0
8589	76	710	49004	436	417	59	76	708	49008	1262	0	0
8590	76	708	49008	714	173	378	76	705	49014	1262	0	0
8591	76	705	49014	211	504	416	76	702	49020	1262	0	0
8592	76	702	49020	109	55	757	76	700	49024	1263	0	0
8593	76	700	49024	23	115	230	76	698	49028	1264	0	0
8594	76	698	49028	261	623	638	76	695	49034	1264	0	0
8595	76	695	49034	87	694	589	76	692	49040	1264	0	0
8596	76	692	49040	431	473	406	76	689	49046	1264	0	0
8597	76	689	49046	220	682	14	76	687	49050	1265	0	0
8598	76	687	49050	163	169	34	76	685	49054	1266	0	0
8599	76	685	49054	141	528	654	76	682	49060	1266	0	0
8600	76	682	49060	193	443	309	76	679	49066	1266	0	0
8601	76	679	49066	496	464	737	76	676	49072	1266	0	0
8602	76	676	49072	311	457	41	76	674	49076	1267	0	0
8603	76	674	49076	97	57	141	76	672	49080	1268	0	0
8604	76	672	49080	727	118	686	76	669	49086	1268	0	0
8605	76	669	49086	334	555	622	76	666	49092	1268	0	0
8606	76	666	49092	539	568	436	76	663	49098	1268	0	0
8607	76	663	49098	389	712	649	76	660	49104	1268	0	0
8608	76	660	49104	303	307	204	76	657	49110	1268	0	0
8609	76	657	49110	203	570	155	76	654	49116	1268	0	0
8610	76	654	49116	314	77	343	76	651	49122	1268	0	0
8611	76	651	49122	144	652	665	76	648	49128	1268	0	0
8612	76	648	49128	194	659	714	76	645	49134	1268	0	0
8613	76	645	49134	651	616	301	76	642	49140	1268	0	0
8614	76	642	49140	694	506	658	76	639	49146	1268	0	0
8615	76	639	49146	686	169	565	76	636	49152	1268	0	0
8616	76	636	49152	94	18	431	76	634	49156	1269	0	0
8617	76	634	49156	407	438	552	76	631	49162	1269	0	0
8618	76	631	49162	90	506	203	76	628	49168	1269	0	0
8619	76	628	49168	110	380	612	76	625	49174	1269	0	0
8620	76	625	49174	212	128	593	76	622	49180	1269	0	0
8621	76	622	49180	57	678	586	76	620	49184	1270	0	0
8622	76	620	49184	160	570	138	76	617	49190	1270	0	0
8623	76	617	49190	226	683	251	76	614	49196	1270	0	0
8624	76	614	49196	76	684	649	76	611	49202	1270	0	0
8625	76	611	49202	427	481	601	76	608	49208	1270	0	0
8626	76	608	49208	539	494	470	76	605	49214	1270	0	0
8627	76	605	49214	252	155	409	76	602	49220	1270	0	0
8628	76	602	49220	202	666	224	76	599	49226	1270	0	0
8629	76	599	49226	534	191	240	76	596	49232	1270	0	0
8630	76	596	49232	153	540	8	76	594	49236	1271	0	0
8631	76	594	49236	497	198	487	76	591	49242	1271	0	0
8632	76	591	49242	407	49	103	76	589	49246	1272	0	0
8633	76	589	49246	624	373	550	76	586	49252	1272	0	0
8634	76	586	49252	276	192	226	76	583	49258	1272	0	0
8635	76	583	49258	575	274	24	76	581	49262	1273	0	0
8636	76	581	49262	71	65	21	79	4271	49262	1276	3690	0
8637	79	4271	49262	4286	2327	3908	79	4268	49268	1276	0	0
8638	79	4268	49268	2695	3815	1394	79	4265	49274	1276	0	0
8639	79	4265	49274	993	927	2397	79	4262	49280	1276	0	0
8640	79	4262	49280	1278	1721	3448	79	4259	49286	1276	0	0
8641	79	4259	49286	1815	3092	1888	79	4256	49292	1276	0	0
8642	79	4256	49292	3690	2510	311	79	4253	49298	1276	0	0
8643	79	4253	49298	1378	3086	1402	79	4250	49304	1276	0	0
8644	79	4250	49304	1370	2401	418	79	4247	49310	1276	0	0
8645	79	4247	49310	1544	3388	2511	79	4244	49316	1276	0	0
8646	79	4244	49316	412	1307	1705	79	4241	49322	1276	0	0
8647	79	4241	49322	569	3730	636	79	4238	49328	1276	0	0
8648	79	4238	49328	1631	1826	1145	79	4235	49334	1276	0	0
8649	79	4235	49334	3185	2283	2915	79	4232	49340	1276	0	0
8650	79	4232	49340	442	1438	2996	79	4229	49346	1276	0	0
8651	79	4229	49346	372	3310	1264	79	4226	49352	1276	0	0
8652	79	4226	49352	1733	1727	2030	79	4223	49358	1276	0	0
8653	79	4223	49358	2478	3941	4133	79	4220	49364	1276	0	0
8654	79	4220	49364	3666	1156	2156	79	4217	49370	1276	0	0
8655	79	4217	49370	1743	2971	419	79	4214	49376	1276	0	0
8656	79	4214	49376	1794	3624	4228	79	4211	49382	1276	0	0
8657	79	4211	49382	2395	2528	3698	79	4208	49388	1276	0	0
8658	79	4208	49388	774	4123	190	79	4205	49394	1276	0	0
8659	79	4205	49394	1971	2536	630	79	4202	49400	1276	0	0
8660	79	4202	49400	2091	625	2161	79	4199	49406	1276	0	0
8661	79	4199	49406	2549	1371	449	79	4196	49412	1276	0	0
8662	79	4196	49412	913	2931	228	79	4193	49418	1276	0	0
8663	79	4193	49418	2061	1616	657	79	4190	49424	1276	0	0
8664	79	4190	49424	4198	3085	11	79	4188	49428	1277	0	0
8665	79	4188	49428	119	3754	3959	79	4185	49434	1277	0	0
8666	79	4185	49434	611	3807	1531	79	4182	49440	1277	0	0
8667	79	4182	49440	2342	1121	1716	79	4179	49446	1277	0	0
8668	79	4179	49446	218	696	1719	79	4176	49452	1277	0	0
8669	79	4176	49452	72	754	223	79	4174	49456	1278	0	0
8670	79	4174	49456	1171	1148	623	79	4171	49462	1278	0	0
8671	79	4171	49462	2838	3714	1687	79	4168	49468	1278	0	0
8672	79	4168	49468	4060	2716	2919	79	4165	49474	1278	0	0
8673	79	4165	49474	258	962	3178	79	4162	49480	1278	0	0
8674	79	4162	49480	1650	2798	4117	79	4159	49486	1278	0	0
8675	79	4159	49486	2379	2103	86	79	4156	49492	1278	0	0
8676	79	4156	49492	1357	441	2479	79	4153	49498	1278	0	0
8677	79	4153	49498	206	1103	842	79	4150	49504	1278	0	0
8678	79	4150	49504	1267	534	3260	79	4147	49510	1278	0	0
8679	79	4147	49510	2985	4082	39	79	4145	49514	1279	0	0
8680	79	4145	49514	1406	1381	2568	79	4142	49520	1279	0	0
8681	79	4142	49520	331	1050	2801	79	4139	49526	1279	0	0
8682	79	4139	49526	118	408	2987	79	4136	49532	1279	0	0
8683	79	4136	49532	820	1313	562	79	4133	49538	1279	0	0
8684	79	4133	49538	1286	3952	1391	79	4130	49544	1279	0	0
8685	79	4130	49544	702	2639	3800	79	4127	49550	1279	0	0
8686	79	4127	49550	1784	3676	3366	79	4124	49556	1279	0	0
8687	79	4124	49556	2217	926	1845	79	4121	49562	1279	0	0
8688	79	4121	49562	929	2438	1797	79	4118	49568	1279	0	0
8689	79	4118	49568	3819	2072	3277	79	4115	49574	1279	0	0
8690	79	4115	49574	3995	1822	409	79	4112	49580	1279	0	0
8691	79	4112	49580	1772	357	2338	79	4109	49586	1279	0	0
8692	79	4109	49586	3592	4092	3890	79	4106	49592	1279	0	0
8693	79	4106	49592	3518	2835	336	79	4103	49598	1279	0	0
8694	79	4103	49598	2584	2043	946	79	4100	49604	1279	0	0
8695	79	4100	49604	3583	1468	2493	79	4097	49610	1279	0	0
8696	79	4097	49610	1640	775	3678	79	4094	49616	1279	0	0
8697	79	4094	49616	2468	2355	1115	79	4091	49622	1279	0	0
8698	79	4091	49622	2897	3815	346	79	4088	49628	1279	0	0
8699	79	4088	49628	3266	3627	1842	79	4085	49634	1279	0	0
8700	79	4085	49634	302	2354	1843	79	4082	49640	1279	0	0
8701	79	4082	49640	2276	237	2202	79	4079	49646	1279	0	0
8702	79	4079	49646	2670	2121	392	79	4076	49652	1279	0	0
8703	79	4076	49652	2477	2212	3009	79	4073	49658	1279	0	0
8704	79	4073	49658	1829	4038	4147	79	4070	49664	1279	0	0
8705	79	4070	49664	223	2948	4130	79	4067	49670	1279	0	0
8706	79	4067	49670	3151	3449	2565	79	4064	49676	1279	0	0
8707	79	4064	49676	2589	1279	343	79	4061	49682	1279	0	0
8708	79	4061	49682	748	547	265	79	4058	49688	1279	0	0
8709	79	4058	49688	1263	1253	3967	79	4055	49694	1279	0	0
8710	79	4055	49694	212	2451	3686	79	4052	49700	1279	0	0
8711	79	4052	49700	4122	2277	2566	79	4049	49706	1279	0	0
8712	79	4049	49706	72	1283	3023	79	4047	49710	1280	0	0
8713	79	4047	49710	1325	2894	3304	79	4044	49716	1280	0	0
8714	79	4044	49716	2360	888	1542	79	4041	49722	1280	0	0
8715	79	4041	49722	2212	1563	884	79	4038	49728	1280	0	0
8716	79	4038	49728	1456	3784	1602	79	4035	49734	1280	0	0
8717	79	4035	49734	3587	1478	1811	79	4032	49740	1280	0	0
8718	79	4032	49740	2903	831	3827	79	4029	49746	1280	0	0
8719	79	4029	49746	2191	4102	2134	79	4026	49752	1280	0	0
8720	79	4026	49752	3639	430	2563	79	4023	49758	1280	0	0
8721	79	4023	49758	2819	2785	1224	79	4020	49764	1280	0	0
8722	79	4020	49764	2964	2208	12	79	4018	49768	1281	0	0
8723	79	4018	49768	2243	3468	450	79	4015	49774	1281	0	0
8724	79	4015	49774	1949	1998	1942	79	4012	49780	1281	0	0
8725	79	4012	49780	1256	2125	85	79	4009	49786	1281	0	0
8726	79	4009	49786	3797	2545	3191	79	4006	49792	1281	0	0
8727	79	4006	49792	1250	2148	2174	79	4003	49798	1281	0	0
8728	79	4003	49798	1114	3319	867	79	4000	49804	1281	0	0
8729	79	4000	49804	2099	3807	3715	79	3997	49810	1281	0	0
8730	79	3997	49810	3972	3220	1590	79	3994	49816	1281	0	0
8731	79	3994	49816	2225	1983	487	79	3991	49822	1281	0	0
8732	79	3991	49822	1339	2167	1228	79	3988	49828	1281	0	0
8733	79	3988	49828	96	3236	4046	79	3985	49834	1281	0	0
8734	79	3985	49834	2364	405	3519	79	3982	49840	1281	0	0
8735	79	3982	49840	1330	4047	610	79	3979	49846	1281	0	0
8736	79	3979	49846	3151	3924	2960	79	3976	49852	1281	0	0
8737	79	3976	49852	3231	3038	818	79	3973	49858	1281	0	0
8738	79	3973	49858	3843	2698	639	79	3970	49864	1281	0	0
8739	79	3970	49864	1805	1506	2813	79	3967	49870	1281	0	0
8740	79	3967	49870	950	1013	3896	79	3964	49876	1281	0	0
8741	79	3964	49876	990	3485	1890	79	3961	49882	1281	0	0
8742	79	3961	49882	1241	2852	1742	79	3958	49888	1281	0	0
8743	79	3958	49888	823	2375	1188	79	3955	49894	1281	0	0
8744	79	3955	49894	2018	1613	2168	79	3952	49900	1281	0	0
8745	79	3952	49900	1391	2232	572	79	3949	49906	1281	0	0
8746	79	3949	49906	34	169	3073	79	3947	49910	1282	0	0
8747	79	3947	49910	505	1956	3144	79	3944	49916	1282	0	0
8748	79	3944	49916	592	2712	885	79	3941	49922	1282	0	0
8749	79	3941	49922	1047	2374	1500	79	3938	49928	1282	0	0
8750	79	3938	49928	1077	3504	1154	79	3935	49934	1282	0	0
8751	79	3935	49934	1577	3971	2468	79	3932	49940	1282	0	0
8752	79	3932	49940	2867	2281	2107	79	3929	49946	1282	0	0
8753	79	3929	49946	2020	361	900	79	3926	49952	1282	0	0
8754	79	3926	49952	79	714	3539	79	3923	49958	1282	0	0
8755	79	3923	49958	2272	2519	2241	79	3920	49964	1282	0	0
8756	79	3920	49964	2635	564	2465	79	3917	49970	1282	0	0
8757	79	3917	49970	132	2914	369	79	3914	49976	1282	0	0
8758	79	3914	49976	2164	3504	2096	79	3911	49982	1282	0	0
8759	79	3911	49982	1406	890	2120	79	3908	49988	1282	0	0
8760	79	3908	49988	387	167	3083	79	3905	49994	1282	0	0
8761	79	3905	49994	1841	2318	3141	79	3902	50000	1282	0	0
8762	79	3902	50000	3465	2016	529	79	3899	50006	1282	0	0
8763	79	3899	50006	2489	2256	469	79	3896	50012	1282	0	0
8764	79	3896	50012	3620	3917	573	79	3893	50018	1282	0	0
8765	79	3893	50018	3511	2891	1669	79	3890	50024	1282	0	0
8766	79	3890	50024	3726	152	1173	79	3887	50030	1282	0	0
8767	79	3887	50030	2885	3787	1580	79	3884	50036	1282	0	0
8768	79	3884	50036	1364	911	267	79	3881	50042	1282	0	0
8769	79	3881	50042	3211	3146	799	79	3878	50048	1282	0	0
8770	79	3878	50048	1880	3695	1509	79	3875	50054	1282	0	0
8771	79	3875	50054	310	502	3482	79	3872	50060	1282	0	0
8772	79	3872	50060	1935	634	2852	79	3869	50066	1282	0	0
8773	79	3869	50066	2432	723	477	79	3866	50072	1282	0	0
8774	79	3866	50072	2768	2558	794	79	3863	50078	1282	0	0
8775	79	3863	50078	2645	3731	3194	79	3860	50084	1282	0	0
8776	79	3860	50084	347	642	2013	79	3857	50090	1282	0	0
8777	79	3857	50090	2836	2189	2390	79	3854	50096	1282	0	0
8778	79	3854	50096	1829	3872	1150	79	3851	50102	1282	0	0
8779	79	3851	50102	1110	143	1221	79	3848	50108	1282	0	0
8780	79	3848	50108	1121	807	2565	79	3845	50114	1282	0	0
8781	79	3845	50114	981	881	699	79	3842	50120	1282	0	0
8782	79	3842	50120	1447	1159	956	79	3839	50126	1282	0	0
8783	79	3839	50126	2149	3758	1590	79	3836	50132	1282	0	0
8784	79	3836	50132	853	1290	1075	79	3833	50138	1282	0	0
8785	79	3833	50138	2033	1144	1781	79	3830	50144	1282	0	0
8786	79	3830	50144	104	1771	1759	79	3827	50150	1282	0	0
8787	79	3827	50150	1604	3476	1591	79	3824	50156	1282	0	0
8788	79	3824	50156	2966	3574	3117	79	3821	50162	1282	0	0
8789	79	3821	50162	500	929	694	79	3818	50168	1282	0	0
8790	79	3818	50168	1089	392	2242	79	3815	50174	1282	0	0
8791	79	3815	50174	1572	3653	1051	79	3812	50180	1282	0	0
8792	79	3812	50180	3730	925	1364	79	3809	50186	1282	0	0
8793	79	3809	50186	2606	1249	174	79	3806	50192	1282	0	0
8794	79	3806	50192	587	3212	335	79	3803	50198	1282	0	0
8795	79	3803	50198	2487	1182	1856	79	3800	50204	1282	0	0
8796	79	3800	50204	1465	2350	2047	79	3797	50210	1282	0	0
8797	79	3797	50210	3863	2529	1828	79	3794	50216	1282	0	0
8798	79	3794	50216	2769	3484	152	79	3791	50222	1282	0	0
8799	79	3791	50222	1506	1386	3186	79	3788	50228	1282	0	0
8800	79	3788	50228	3500	3749	2705	79	3785	50234	1282	0	0
8801	79	3785	50234	395	1963	1378	79	3782	50240	1282	0	0
8802	79	3782	50240	1193	2573	1974	79	3779	50246	1282	0	0
8803	79	3779	50246	2210	2886	2317	79	3776	50252	1282	0	0
8804	79	3776	50252	3244	310	222	79	3773	50258	1282	0	0
8805	79	3773	50258	2192	670	1210	79	3770	50264	1282	0	0
8806	79	3770	50264	3056	1959	1217	79	3767	50270	1282	0	0
8807	79	3767	50270	1910	2169	2419	79	3764	50276	1282	0	0
8808	79	3764	50276	3185	1585	793	79	3761	50282	1282	0	0
8809	79	3761	50282	966	649	292	79	3758	50288	1282	0	0
8810	79	3758	50288	1692	3417	2143	79	3755	50294	1282	0	0
8811	79	3755	50294	2728	2601	1854	79	3752	50300	1282	0	0
8812	79	3752	50300	570	528	1548	79	3749	50306	1282	0	0
8813	79	3749	50306	2997	3294	223	79	3746	50312	1282	0	0
8814	79	3746	50312	2187	2239	1872	79	3743	50318	1282	0	0
8815	79	3743	50318	661	475	2899	79	3740	50324	1282	0	0
8816	79	3740	50324	1480	609	2009	79	3737	50330	1282	0	0
8817	79	3737	50330	1076	2078	468	79	3734	50336	1282	0	0
8818	79	3734	50336	2160	941	2614	79	3731	50342	1282	0	0
8819	79	3731	50342	2136	3809	2645	79	3728	50348	1282	0	0
8820	79	3728	50348	2579	2866	2095	79	3725	50354	1282	0	0
8821	79	3725	50354	3041	967	1222	79	3722	50360	1282	0	0
8822	79	3722	50360	3404	1023	2442	79	3719	50366	1282	0	0
8823	79	3719	50366	3060	886	2475	79	3716	50372	1282	0	0
8824	79	3716	50372	601	2437	903	79	3713	50378	1282	0	0
8825	79	3713	50378	3487	682	943	79	3710	50384	1282	0	0
8826	79	3710	50384	355	1733	3374	79	3707	50390	1282	0	0
8827	79	3707	50390	2070	1124	2410	79	3704	50396	1282	0	0
8828	79	3704	50396	2315	213	3553	79	3701	50402	1282	0	0
8829	79	3701	50402	921	3480	95	79	3698	50408	1282	0	0
8830	79	3698	50408	3003	668	2930	79	3695	50414	1282	0	0
8831	79	3695	50414	264	2944	129	79	3692	50420	1282	0	0
8832	79	3692	50420	120	1643	477	79	3689	50426	1282	0	0
8833	79	3689	50426	1032	2244	299	79	3686	50432	1282	0	0
8834	79	3686	50432	2180	1279	403	79	3683	50438	1282	0	0
8835	79	3683	50438	2694	2242	2361	79	3680	50444	1282	0	0
8836	79	3680	50444	1043	391	1165	79	3677	50450	1282	0	0
8837	79	3677	50450	3748	3606	117	79	3674	50456	1282	0	0
8838	79	3674	50456	1122	2998	3226	79	3671	50462	1282	0	0
8839	79	3671	50462	2081	3496	618	79	3668	50468	1282	0	0
8840	79	3668	50468	1985	2175	1320	79	3665	50474	1282	0	0
8841	79	3665	50474	3542	2069	2010	79	3662	50480	1282	0	0
8842	79	3662	50480	633	526	3287	79	3659	50486	1282	0	0
8843	79	3659	50486	479	784	2786	79	3656	50492	1282	0	0
8844	79	3656	50492	3014	3559	2121	79	3653	50498	1282	0	0
8845	79	3653	50498	548	3258	2102	79	3650	50504	1282	0	0
8846	79	3650	50504	2348	1261	1982	79	3647	50510	1282	0	0
8847	79	3647	50510	2194	3673	3301	79	3644	50516	1282	0	0
8848	79	3644	50516	2927	118	2557	79	3641	50522	1282	0	0
8849	79	3641	50522	1309	2570	2291	79	3638	50528	1282	0	0
8850	79	3638	50528	62	2885	550	79	3636	50532	1283	0	0
8851	79	3636	50532	378	981	816	79	3633	50538	1283	0	0
8852	79	3633	50538	3423	16	1471	79	3631	50542	1284	0	0
8853	79	3631	50542	1973	2106	1610	79	3628	50548	1284	0	0
8854	79	3628	50548	2208	2122	3449	79	3625	50554	1284	0	0
8855	79	3625	50554	2231	2407	749	79	3622	50560	1284	0	0
8856	79	3622	50560	985	3006	2775	79	3619	50566	1284	0	0
8857	79	3619	50566	1878	194	1003	79	3616	50572	1284	0	0
8858	79	3616	50572	2615	990	1197	79	3613	50578	1284	0	0
8859	79	3613	50578	2354	1811	1946	79	3610	50584	1284	0	0
8860	79	3610	50584	2460	3095	749	79	3607	50590	1284	0	0
8861	79	3607	50590	752	649	1407	79	3604	50596	1284	0	0
8862	79	3604	50596	2411	3117	2088	79	3601	50602	1284	0	0
8863	79	3601	50602	2556	647	2600	79	3598	50608	1284	0	0
8864	79	3598	50608	2868	653	2536	79	3595	50614	1284	0	0
8865	79	3595	50614	2987	2195	1699	79	3592	50620	1284	0	0
8866	79	3592	50620	1348	721	2283	79	3589	50626	1284	0	0
8867	79	3589	50626	1293	566	1489	79	3586	50632	1284	0	0
8868	79	3586	50632	2981	944	280	79	3583	50638	1284	0	0
8869	79	3583	50638	453	3484	380	79	3580	50644	1284	0	0
8870	79	3580	50644	3295	162	2963	79	3577	50650	1284	0	0
8871	79	3577	50650	3584	1357	246	79	3574	50656	1284	0	0
8872	79	3574	50656	2629	2580	1946	79	3571	50662	1284	0	0
8873	79	3571	50662	3539	1068	3448	79	3568	50668	1284	0	0
8874	79	3568	50668	798	1411	3403	79	3565	50674	1284	0	0
8875	79	3565	50674	1343	553	3447	79	3562	50680	1284	0	0
8876	79	3562	50680	1813	1844	2421	79	3559	50686	1284	0	0
8877	79	3559	50686	1961	1530	1621	79	3556	50692	1284	0	0
8878	79	3556	50692	553	1395	3386	79	3553	50698	1284	0	0
8879	79	3553	50698	1462	2481	2210	79	3550	50704	1284	0	0
8880	79	3550	50704	2655	2292	2236	79	3547	50710	1284	0	0
8881	79	3547	50710	2818	2097	1047	79	3544	50716	1284	0	0
8882	79	3544	50716	2360	2249	3153	79	3541	50722	1284	0	0
8883	79	3541	50722	2107	637	220	79	3538	50728	1284	0	0
8884	79	3538	50728	1509	1927	2241	79	3535	50734	1284	0	0
8885	79	3535	50734	1416	906	1959	79	3532	50740	1284	0	0
8886	79	3532	50740	1027	2097	2909	79	3529	50746	1284	0	0
8887	79	3529	50746	1960	533	2227	79	3526	50752	1284	0	0
8888	79	3526	50752	2214	1074	2453	79	3523	50758	1284	0	0
8889	79	3523	50758	2416	1444	1141	79	3520	50764	1284	0	0
8890	79	3520	50764	1188	1930	2760	79	3517	50770	1284	0	0
8891	79	3517	50770	2262	2839	1280	79	3514	50776	1284	0	0
8892	79	3514	50776	1824	1560	2699	79	3511	50782	1284	0	0
8893	79	3511	50782	3209	487	340	79	3508	50788	1284	0	0
8894	79	3508	50788	109	1804	2010	79	3505	50794	1284	0	0
8895	79	3505	50794	1780	686	194	79	3502	50800	1284	0	0
8896	79	3502	50800	884	2653	303	79	3499	50806	1284	0	0
8897	79	3499	50806	2503	2592	357	79	3496	50812	1284	0	0
8898	79	3496	50812	2387	2150	423	79	3493	50818	1284	0	0
8899	79	3493	50818	1776	2950	3317	79	3490	50824	1284	0	0
8900	79	3490	50824	168	1460	2620	79	3487	50830	1284	0	0
8901	79	3487	50830	2293	2255	1339	79	3484	50836	1284	0	0
8902	79	3484	50836	2454	441	3221	79	3481	50842	1284	0	0
8903	79	3481	50842	695	1502	1120	79	3478	50848	1284	0	0
8904	79	3478	50848	1511	833	1884	79	3475	50854	1284	0	0
8905	79	3475	50854	2904	1305	3540	79	3472	50860	1284	0	0
8906	79	3472	50860	1606	907	1212	79	3469	50866	1284	0	0
8907	79	3469	50866	2632	427	1398	79	3466	50872	1284	0	0
8908	79	3466	50872	2056	1427	1908	79	3463	50878	1284	0	0
8909	79	3463	50878	715	2898	2848	79	3460	50884	1284	0	0
8910	79	3460	50884	655	797	2502	79	3457	50890	1284	0	0
8911	79	3457	50890	3008	1512	1409	79	3454	50896	1284	0	0
8912	79	3454	50896	2880	1437	31	79	3452	50900	1285	0	0
8913	79	3452	50900	804	985	32	79	3450	50904	1286	0	0
8914	79	3450	50904	3266	1578	157	79	3447	50910	1286	0	0
8915	79	3447	50910	496	1218	1753	79	3444	50916	1286	0	0
8916	79	3444	50916	2657	2168	2561	79	3441	50922	1286	0	0
8917	79	3441	50922	1465	3376	3260	79	3438	50928	1286	0	0
8918	79	3438	50928	2338	1794	798	79	3435	50934	1286	0	0
8919	79	3435	50934	1188	2639	3429	79	3432	50940	1286	0	0
8920	79	3432	50940	178	2782	112	79	3429	50946	1286	0	0
8921	79	3429	50946	1265	1130	587	79	3426	50952	1286	0	0
8922	79	3426	50952	1425	3420	1157	79	3423	50958	1286	0	0
8923	79	3423	50958	3184	2129	956	79	3420	50964	1286	0	0
8924	79	3420	50964	29	168	3000	79	3418	50968	1287	0	0
8925	79	3418	50968	1470	3337	36	79	3416	50972	1288	0	0
8926	79	3416	50972	1409	1522	24	79	3414	50976	1289	0	0
8927	79	3414	50976	2247	1948	305	79	3411	50982	1289	0	0
8928	79	3411	50982	1588	135	2406	79	3408	50988	1289	0	0
8929	79	3408	50988	1857	519	843	79	3405	50994	1289	0	0
8930	79	3405	50994	584	102	2685	79	3402	51000	1289	0	0
8931	79	3402	51000	2139	1163	1544	79	3399	51006	1289	0	0
8932	79	3399	51006	2234	3468	2999	79	3396	51012	1289	0	0
8933	79	3396	51012	2770	2258	2681	79	3393	51018	1289	0	0
8934	79	3393	51018	237	2501	2753	79	3390	51024	1289	0	0
8935	79	3390	51024	1046	520	820	79	3387	51030	1289	0	0
8936	79	3387	51030	2771	1457	3455	79	3384	51036	1289	0	0
8937	79	3384	51036	2266	2400	2747	79	3381	51042	1289	0	0
8938	79	3381	51042	2874	2882	2729	79	3378	51048	1289	0	0
8939	79	3378	51048	3361	554	3438	79	3375	51054	1289	0	0
8940	79	3375	51054	2914	1185	2523	79	3372	51060	1289	0	0
8941	79	3372	51060	671	835	3008	79	3369	51066	1289	0	0
8942	79	3369	51066	109	743	1168	79	3366	51072	1289	0	0
8943	79	3366	51072	623	2336	2706	79	3363	51078	1289	0	0
8944	79	3363	51078	3000	1363	11	79	3361	51082	1290	0	0
8945	79	3361	51082	1672	2886	1959	79	3358	51088	1290	0	0
8946	79	3358	51088	2744	878	401	79	3355	51094	1290	0	0
8947	79	3355	51094	1923	1294	3341	79	3352	51100	1290	0	0
8948	79	3352	51100	1205	3169	762	79	3349	51106	1290	0	0
8949	79	3349	51106	2291	1018	2014	79	3346	51112	1290	0	0
8950	79	3346	51112	1911	332	633	79	3343	51118	1290	0	0
8951	79	3343	51118	295	3245	1955	79	3340	51124	1290	0	0
8952	79	3340	51124	2758	2524	3153	79	3337	51130	1290	0	0
8953	79	3337	51130	821	1288	668	79	3334	51136	1290	0	0
8954	79	3334	51136	2303	1458	1893	79	3331	51142	1290	0	0
8955	79	3331	51142	2998	2923	3146	79	3328	51148	1290	0	0
8956	79	3328	51148	3073	3201	2301	79	3325	51154	1290	0	0
8957	79	3325	51154	567	1738	443	79	3322	51160	1290	0	0
8958	79	3322	51160	2075	2988	545	79	3319	51166	1290	0	0
8959	79	3319	51166	1345	887	662	79	3316	51172	1290	0	0
8960	79	3316	51172	2255	2567	2485	79	3313	51178	1290	0	0
8961	79	3313	51178	1320	2513	709	79	3310	51184	1290	0	0
8962	79	3310	51184	2488	3274	315	79	3307	51190	1290	0	0
8963	79	3307	51190	3350	2401	2970	79	3304	51196	1290	0	0
8964	79	3304	51196	753	472	795	79	3301	51202	1290	0	0
8965	79	3301	51202	409	1106	2500	79	3298	51208	1290	0	0
8966	79	3298	51208	3088	473	1507	79	3295	51214	1290	0	0
8967	79	3295	51214	877	1804	1916	79	3292	51220	1290	0	0
8968	79	3292	51220	1396	1307	2456	79	3289	51226	1290	0	0
8969	79	3289	51226	1042	1234	1194	79	3286	51232	1290	0	0
8970	79	3286	51232	3307	2435	1142	79	3283	51238	1290	0	0
8971	79	3283	51238	2214	3178	2113	79	3280	51244	1290	0	0
8972	79	3280	51244	2173	1648	1051	79	3277	51250	1290	0	0
8973	79	3277	51250	1664	62	2877	79	3275	51254	1291	0	0
8974	79	3275	51254	2101	2839	1909	79	3272	51260	1291	0	0
8975	79	3272	51260	1759	1483	869	79	3269	51266	1291	0	0
8976	79	3269	51266	837	2308	3190	79	3266	51272	1291	0	0
8977	79	3266	51272	34	2424	2887	79	3264	51276	1292	0	0
8978	79	3264	51276	3300	2309	2811	79	3261	51282	1292	0	0
8979	79	3261	51282	922	2516	987	79	3258	51288	1292	0	0
8980	79	3258	51288	190	1954	3130	79	3255	51294	1292	0	0
8981	79	3255	51294	561	654	2777	79	3252	51300	1292	0	0
8982	79	3252	51300	3223	1339	2295	79	3249	51306	1292	0	0
8983	79	3249	51306	1858	2053	1135	79	3246	51312	1292	0	0
8984	79	3246	51312	532	2677	1675	79	3243	51318	1292	0	0
8985	79	3243	51318	1045	1929	741	79	3240	51324	1292	0	0
8986	79	3240	51324	2832	696	2674	79	3237	51330	1292	0	0
8987	79	3237	51330	1892	1949	3063	79	3234	51336	1292	0	0
8988	79	3234	51336	2067	1469	2951	79	3231	51342	1292	0	0
8989	79	3231	51342	93	1688	759	79	3228	51348	1292	0	0
8990	79	3228	51348	2465	3295	1839	79	3225	51354	1292	0	0
8991	79	3225	51354	2170	2317	1326	79	3222	51360	1292	0	0
8992	79	3222	51360	2645	1127	1433	79	3219	51366	1292	0	0
8993	79	3219	51366	649	1749	853	79	3216	51372	1292	0	0
8994	79	3216	51372	2230	1257	672	79	3213	51378	1292	0	0
8995	79	3213	51378	2121	101	2192	79	3210	51384	1292	0	0
8996	79	3210	51384	933	676	2598	79	3207	51390	1292	0	0
8997	79	3207	51390	554	1066	1709	79	3204	51396	1292	0	0
8998	79	3204	51396	2768	2629	2112	79	3201	51402	1292	0	0
8999	79	3201	51402	2034	136	1604	79	3198	51408	1292	0	0
9000	79	3198	51408	768	2190	2640	79	3195	51414	1292	0	0
9001	79	3195	51414	1053	2346	2204	79	3192	51420	1292	0	0
9002	79	3192	51420	2985	817	2921	79	3189	51426	1292	0	0
9003	79	3189	51426	1035	2293	474	79	3186	51432	1292	0	0
9004	79	3186	51432	2678	2576	11	79	3184	51436	1293	0	0
9005	79	3184	51436	560	975	2869	79	3181	51442	1293	0	0
9006	79	3181	51442	302	723	861	79	3178	51448	1293	0	0
9007	79	3178	51448	69	1124	1268	79	3176	51452	1294	0	0
9008	79	3176	51452	709	27	3066	79	3174	51456	1295	0	0
9009	79	3174	51456	1145	1979	578	79	3171	51462	1295	0	0
9010	79	3171	51462	372	2954	1472	79	3168	51468	1295	0	0
9011	79	3168	51468	2677	1022	504	79	3165	51474	1295	0	0
9012	79	3165	51474	114	2059	2803	79	3162	51480	1295	0	0
9013	79	3162	51480	801	3036	1135	79	3159	51486	1295	0	0
9014	79	3159	51486	936	364	1577	79	3156	51492	1295	0	0
9015	79	3156	51492	2999	1776	955	79	3153	51498	1295	0	0
9016	79	3153	51498	2913	2572	115	79	3150	51504	1295	0	0
9017	79	3150	51504	1118	478	2773	79	3147	51510	1295	0	0
9018	79	3147	51510	2744	2974	1408	79	3144	51516	1295	0	0
9019	79	3144	51516	1017	3165	1147	79	3141	51522	1295	0	0
9020	79	3141	51522	115	1470	3068	79	3138	51528	1295	0	0
9021	79	3138	51528	1123	2415	1709	79	3135	51534	1295	0	0
9022	79	3135	51534	1101	553	2686	79	3132	51540	1295	0	0
9023	79	3132	51540	177	1944	2615	79	3129	51546	1295	0	0
9024	79	3129	51546	3033	1618	1946	79	3126	51552	1295	0	0
9025	79	3126	51552	1396	1129	3100	79	3123	51558	1295	0	0
9026	79	3123	51558	1271	2172	2068	79	3120	51564	1295	0	0
9027	79	3120	51564	2142	2481	2725	79	3117	51570	1295	0	0
9028	79	3117	51570	316	895	1502	79	3114	51576	1295	0	0
9029	79	3114	51576	979	2167	1763	79	3111	51582	1295	0	0
9030	79	3111	51582	1671	808	2597	79	3108	51588	1295	0	0
9031	79	3108	51588	1120	403	2683	79	3105	51594	1295	0	0
9032	79	3105	51594	2304	2535	2409	79	3102	51600	1295	0	0
9033	79	3102	51600	1691	1228	1659	79	3099	51606	1295	0	0
9034	79	3099	51606	2596	2511	1356	79	3096	51612	1295	0	0
9035	79	3096	51612	2943	1735	859	79	3093	51618	1295	0	0
9036	79	3093	51618	465	2623	1307	79	3090	51624	1295	0	0
9037	79	3090	51624	1955	1780	8	79	3088	51628	1296	0	0
9038	79	3088	51628	3082	826	2186	79	3085	51634	1296	0	0
9039	79	3085	51634	2306	2400	1199	79	3082	51640	1296	0	0
9040	79	3082	51640	2988	1896	964	79	3079	51646	1296	0	0
9041	79	3079	51646	989	1051	1441	79	3076	51652	1296	0	0
9042	79	3076	51652	1272	931	1437	79	3073	51658	1296	0	0
9043	79	3073	51658	473	3014	1967	79	3070	51664	1296	0	0
9044	79	3070	51664	2899	1402	1609	79	3067	51670	1296	0	0
9045	79	3067	51670	495	2643	979	79	3064	51676	1296	0	0
9046	79	3064	51676	33	2800	206	79	3062	51680	1297	0	0
9047	79	3062	51680	2349	1196	57	79	3060	51684	1298	0	0
9048	79	3060	51684	2854	2891	3113	79	3057	51690	1298	0	0
9049	79	3057	51690	2247	1500	2626	79	3054	51696	1298	0	0
9050	79	3054	51696	542	1913	999	79	3051	51702	1298	0	0
9051	79	3051	51702	2718	98	2962	79	3048	51708	1298	0	0
9052	79	3048	51708	2079	1012	733	79	3045	51714	1298	0	0
9053	79	3045	51714	1591	72	607	79	3043	51718	1299	0	0
9054	79	3043	51718	1173	1108	2446	79	3040	51724	1299	0	0
9055	79	3040	51724	1725	3077	600	79	3037	51730	1299	0	0
9056	79	3037	51730	2931	2061	2269	79	3034	51736	1299	0	0
9057	79	3034	51736	88	704	1477	79	3031	51742	1299	0	0
9058	79	3031	51742	829	1857	3070	79	3028	51748	1299	0	0
9059	79	3028	51748	2626	715	2645	79	3025	51754	1299	0	0
9060	79	3025	51754	2104	310	2306	79	3022	51760	1299	0	0
9061	79	3022	51760	2618	1941	1915	79	3019	51766	1299	0	0
9062	79	3019	51766	1027	1621	2615	79	3016	51772	1299	0	0
9063	79	3016	51772	2797	353	839	79	3013	51778	1299	0	0
9064	79	3013	51778	936	1351	1206	79	3010	51784	1299	0	0
9065	79	3010	51784	660	314	2137	79	3007	51790	1299	0	0
9066	79	3007	51790	1500	3041	759	79	3004	51796	1299	0	0
9067	79	3004	51796	1433	3047	268	79	3001	51802	1299	0	0
9068	79	3001	51802	2894	2104	506	79	2998	51808	1299	0	0
9069	79	2998	51808	1650	43	363	79	2996	51812	1300	0	0
9070	79	2996	51812	2598	1805	1774	79	2993	51818	1300	0	0
9071	79	2993	51818	431	56	120	79	2991	51822	1301	0	0
9072	79	2991	51822	1285	525	1843	79	2988	51828	1301	0	0
9073	79	2988	51828	1951	2445	2970	79	2985	51834	1301	0	0
9074	79	2985	51834	179	2089	401	79	2982	51840	1301	0	0
9075	79	2982	51840	382	1302	346	79	2979	51846	1301	0	0
9076	79	2979	51846	918	1279	1447	79	2976	51852	1301	0	0
9077	79	2976	51852	1614	1045	1831	79	2973	51858	1301	0	0
9078	79	2973	51858	454	979	3006	79	2970	51864	1301	0	0
9079	79	2970	51864	369	1927	3042	79	2967	51870	1301	0	0
9080	79	2967	51870	843	1764	111	79	2964	51876	1301	0	0
9081	79	2964	51876	2943	1524	2629	79	2961	51882	1301	0	0
9082	79	2961	51882	3013	2268	2382	79	2958	51888	1301	0	0
9083	79	2958	51888	1388	2007	827	79	2955	51894	1301	0	0
9084	79	2955	51894	2779	1296	1552	79	2952	51900	1301	0	0
9085	79	2952	51900	1235	2734	1221	79	2949	51906	1301	0	0
9086	79	2949	51906	272	2351	898	79	2946	51912	1301	0	0
9087	79	2946	51912	1934	241	2806	79	2943	51918	1301	0	0
9088	79	2943	51918	1200	2809	922	79	2940	51924	1301	0	0
9089	79	2940	51924	2997	130	229	79	2937	51930	1301	0	0
9090	79	2937	51930	2451	2784	1464	79	2934	51936	1301	0	0
9091	79	2934	51936	765	597	1408	79	2931	51942	1301	0	0
9092	79	2931	51942	2391	1789	2892	79	2928	51948	1301	0	0
9093	79	2928	51948	2843	2697	962	79	2925	51954	1301	0	0
9094	79	2925	51954	2748	2963	1784	79	2922	51960	1301	0	0
9095	79	2922	51960	1566	2119	2766	79	2919	51966	1301	0	0
9096	79	2919	51966	2301	1206	2826	79	2916	51972	1301	0	0
9097	79	2916	51972	2822	737	2541	79	2913	51978	1301	0	0
9098	79	2913	51978	2837	1392	1524	79	2910	51984	1301	0	0
9099	79	2910	51984	243	1329	1480	79	2907	51990	1301	0	0
9100	79	2907	51990	2475	2921	2484	79	2904	51996	1301	0	0
9101	79	2904	51996	1176	133	2407	79	2901	52002	1301	0	0
9102	79	2901	52002	1963	464	1035	79	2898	52008	1301	0	0
9103	79	2898	52008	2963	191	1225	79	2895	52014	1301	0	0
9104	79	2895	52014	2810	1014	2370	79	2892	52020	1301	0	0
9105	79	2892	52020	163	2828	2897	79	2889	52026	1301	0	0
9106	79	2889	52026	2683	555	2612	79	2886	52032	1301	0	0
9107	79	2886	52032	294	2291	2178	79	2883	52038	1301	0	0
9108	79	2883	52038	359	86	1151	79	2880	52044	1301	0	0
9109	79	2880	52044	446	1323	1793	79	2877	52050	1301	0	0
9110	79	2877	52050	478	2103	2179	79	2874	52056	1301	0	0
9111	79	2874	52056	1488	8	1893	79	2872	52060	1302	0	0
9112	79	2872	52060	1747	2510	2112	79	2869	52066	1302	0	0
9113	79	2869	52066	522	438	281	79	2866	52072	1302	0	0
9114	79	2866	52072	1032	1215	475	79	2863	52078	1302	0	0
9115	79	2863	52078	2333	2406	451	79	2860	52084	1302	0	0
9116	79	2860	52084	2823	2913	20	79	2858	52088	1303	0	0
9117	79	2858	52088	2698	413	2099	79	2855	52094	1303	0	0
9118	79	2855	52094	2566	1610	2062	79	2852	52100	1303	0	0
9119	79	2852	52100	1781	1228	2160	79	2849	52106	1303	0	0
9120	79	2849	52106	56	1965	2297	79	2847	52110	1304	0	0
9121	79	2847	52110	2671	273	1530	79	2844	52116	1304	0	0
9122	79	2844	52116	2220	2543	917	79	2841	52122	1304	0	0
9123	79	2841	52122	682	1341	1284	79	2838	52128	1304	0	0
9124	79	2838	52128	675	409	1657	79	2835	52134	1304	0	0
9125	79	2835	52134	2165	1091	659	79	2832	52140	1304	0	0
9126	79	2832	52140	2491	2457	1505	79	2829	52146	1304	0	0
9127	79	2829	52146	812	820	2072	79	2826	52152	1304	0	0
9128	79	2826	52152	929	2315	2091	79	2823	52158	1304	0	0
9129	79	2823	52158	1805	1442	144	79	2820	52164	1304	0	0
9130	79	2820	52164	922	2728	912	79	2817	52170	1304	0	0
9131	79	2817	52170	1394	512	44	79	2815	52174	1305	0	0
9132	79	2815	52174	423	2892	871	79	2812	52180	1305	0	0
9133	79	2812	52180	2366	2436	111	79	2809	52186	1305	0	0
9134	79	2809	52186	2524	219	1529	79	2806	52192	1305	0	0
9135	79	2806	52192	883	2302	99	79	2803	52198	1305	0	0
9136	79	2803	52198	1251	1163	161	79	2800	52204	1305	0	0
9137	79	2800	52204	1105	1620	344	79	2797	52210	1305	0	0
9138	79	2797	52210	2212	2343	845	79	2794	52216	1305	0	0
9139	79	2794	52216	1291	2755	2774	79	2791	52222	1305	0	0
9140	79	2791	52222	772	30	2837	79	2789	52226	1306	0	0
9141	79	2789	52226	187	401	2299	79	2786	52232	1306	0	0
9142	79	2786	52232	1546	183	2523	79	2783	52238	1306	0	0
9143	79	2783	52238	1803	926	1833	79	2780	52244	1306	0	0
9144	79	2780	52244	1580	217	862	79	2777	52250	1306	0	0
9145	79	2777	52250	1252	1871	2522	79	2774	52256	1306	0	0
9146	79	2774	52256	617	1467	2596	79	2771	52262	1306	0	0
9147	79	2771	52262	864	2298	1770	79	2768	52268	1306	0	0
9148	79	2768	52268	1356	986	720	79	2765	52274	1306	0	0
9149	79	2765	52274	2835	820	1069	79	2762	52280	1306	0	0
9150	79	2762	52280	2482	2233	2134	79	2759	52286	1306	0	0
9151	79	2759	52286	65	1647	1599	79	2757	52290	1307	0	0
9152	79	2757	52290	535	1704	1981	79	2754	52296	1307	0	0
9153	79	2754	52296	2152	1003	289	79	2751	52302	1307	0	0
9154	79	2751	52302	438	542	1492	79	2748	52308	1307	0	0
9155	79	2748	52308	2650	918	2492	79	2745	52314	1307	0	0
9156	79	2745	52314	2227	185	2714	79	2742	52320	1307	0	0
9157	79	2742	52320	2455	2618	195	79	2739	52326	1307	0	0
9158	79	2739	52326	1192	1437	1745	79	2736	52332	1307	0	0
9159	79	2736	52332	2314	595	2516	79	2733	52338	1307	0	0
9160	79	2733	52338	127	2797	2561	79	2730	52344	1307	0	0
9161	79	2730	52344	392	2101	2569	79	2727	52350	1307	0	0
9162	79	2727	52350	2146	850	783	79	2724	52356	1307	0	0
9163	79	2724	52356	1342	197	2776	79	2721	52362	1307	0	0
9164	79	2721	52362	1390	236	682	79	2718	52368	1307	0	0
9165	79	2718	52368	962	1782	2299	79	2715	52374	1307	0	0
9166	79	2715	52374	818	2596	790	79	2712	52380	1307	0	0
9167	79	2712	52380	2692	1729	169	79	2709	52386	1307	0	0
9168	79	2709	52386	1526	1325	2302	79	2706	52392	1307	0	0
9169	79	2706	52392	2725	1850	186	79	2703	52398	1307	0	0
9170	79	2703	52398	337	1090	2456	79	2700	52404	1307	0	0
9171	79	2700	52404	819	1151	1428	79	2697	52410	1307	0	0
9172	79	2697	52410	2259	1545	48	79	2695	52414	1308	0	0
9173	79	2695	52414	2439	2654	173	79	2692	52420	1308	0	0
9174	79	2692	52420	1344	445	855	79	2689	52426	1308	0	0
9175	79	2689	52426	374	2577	535	79	2686	52432	1308	0	0
9176	79	2686	52432	402	1794	2714	79	2683	52438	1308	0	0
9177	79	2683	52438	2218	131	156	79	2680	52444	1308	0	0
9178	79	2680	52444	2613	2226	1177	79	2677	52450	1308	0	0
9179	79	2677	52450	474	1952	2564	79	2674	52456	1308	0	0
9180	79	2674	52456	2682	2296	2525	79	2671	52462	1308	0	0
9181	79	2671	52462	266	1158	931	79	2668	52468	1308	0	0
9182	79	2668	52468	1477	1649	668	79	2665	52474	1308	0	0
9183	79	2665	52474	2468	2638	115	79	2662	52480	1308	0	0
9184	79	2662	52480	2236	1655	2506	79	2659	52486	1308	0	0
9185	79	2659	52486	1449	778	976	79	2656	52492	1308	0	0
9186	79	2656	52492	899	27	1549	79	2654	52496	1309	0	0
9187	79	2654	52496	753	888	2306	79	2651	52502	1309	0	0
9188	79	2651	52502	1276	1511	1983	79	2648	52508	1309	0	0
9189	79	2648	52508	1078	302	2018	79	2645	52514	1309	0	0
9190	79	2645	52514	1478	2219	1537	79	2642	52520	1309	0	0
9191	79	2642	52520	1479	1953	660	79	2639	52526	1309	0	0
9192	79	2639	52526	127	2309	568	79	2636	52532	1309	0	0
9193	79	2636	52532	1790	733	1253	79	2633	52538	1309	0	0
9194	79	2633	52538	983	185	932	79	2630	52544	1309	0	0
9195	79	2630	52544	342	406	1180	79	2627	52550	1309	0	0
9196	79	2627	52550	1494	1434	965	79	2624	52556	1309	0	0
9197	79	2624	52556	1407	1815	1704	79	2621	52562	1309	0	0
9198	79	2621	52562	96	1193	359	79	2618	52568	1309	0	0
9199	79	2618	52568	558	1427	2257	79	2615	52574	1309	0	0
9200	79	2615	52574	1772	758	1222	79	2612	52580	1309	0	0
9201	79	2612	52580	1731	2400	1531	79	2609	52586	1309	0	0
9202	79	2609	52586	2527	2648	991	79	2606	52592	1309	0	0
9203	79	2606	52592	1580	479	1689	79	2603	52598	1309	0	0
9204	79	2603	52598	1262	2271	1263	79	2600	52604	1309	0	0
9205	79	2600	52604	339	776	198	79	2597	52610	1309	0	0
9206	79	2597	52610	646	2633	395	79	2594	52616	1309	0	0
9207	79	2594	52616	1189	1550	1809	79	2591	52622	1309	0	0
9208	79	2591	52622	984	754	347	79	2588	52628	1309	0	0
9209	79	2588	52628	991	2159	208	79	2585	52634	1309	0	0
9210	79	2585	52634	167	1443	2066	79	2582	52640	1309	0	0
9211	79	2582	52640	40	1987	2120	79	2580	52644	1310	0	0
9212	79	2580	52644	67	1118	2625	79	2578	52648	1311	0	0
9213	79	2578	52648	2552	616	981	79	2575	52654	1311	0	0
9214	79	2575	52654	49	1380	700	79	2573	52658	1312	0	0
9215	79	2573	52658	2454	1025	1716	79	2570	52664	1312	0	0
9216	79	2570	52664	2364	2118	1530	79	2567	52670	1312	0	0
9217	79	2567	52670	961	1023	2259	79	2564	52676	1312	0	0
9218	79	2564	52676	1479	2069	572	79	2561	52682	1312	0	0
9219	79	2561	52682	537	389	2141	79	2558	52688	1312	0	0
9220	79	2558	52688	910	373	2082	79	2555	52694	1312	0	0
9221	79	2555	52694	792	1570	424	79	2552	52700	1312	0	0
9222	79	2552	52700	1036	1885	1339	79	2549	52706	1312	0	0
9223	79	2549	52706	656	624	643	79	2546	52712	1312	0	0
9224	79	2546	52712	1854	1936	1047	79	2543	52718	1312	0	0
9225	79	2543	52718	1567	2271	97	79	2540	52724	1312	0	0
9226	79	2540	52724	1626	1930	2205	79	2537	52730	1312	0	0
9227	79	2537	52730	2313	860	1040	79	2534	52736	1312	0	0
9228	79	2534	52736	1638	379	1334	79	2531	52742	1312	0	0
9229	79	2531	52742	296	1947	2046	79	2528	52748	1312	0	0
9230	79	2528	52748	733	1425	2033	79	2525	52754	1312	0	0
9231	79	2525	52754	107	2397	1726	79	2522	52760	1312	0	0
9232	79	2522	52760	2027	832	2245	79	2519	52766	1312	0	0
9233	79	2519	52766	1160	375	614	79	2516	52772	1312	0	0
9234	79	2516	52772	1675	1888	1284	79	2513	52778	1312	0	0
9235	79	2513	52778	1400	767	1115	79	2510	52784	1312	0	0
9236	79	2510	52784	52	428	1052	79	2508	52788	1313	0	0
9237	79	2508	52788	862	791	2061	79	2505	52794	1313	0	0
9238	79	2505	52794	2485	260	448	79	2502	52800	1313	0	0
9239	79	2502	52800	22	2115	2554	79	2500	52804	1314	0	0
9240	79	2500	52804	1374	2095	1329	79	2497	52810	1314	0	0
9241	79	2497	52810	2426	961	207	79	2494	52816	1314	0	0
9242	79	2494	52816	2284	502	1049	79	2491	52822	1314	0	0
9243	79	2491	52822	470	1046	614	79	2488	52828	1314	0	0
9244	79	2488	52828	386	446	216	79	2485	52834	1314	0	0
9245	79	2485	52834	2181	1690	436	79	2482	52840	1314	0	0
9246	79	2482	52840	2096	895	1367	79	2479	52846	1314	0	0
9247	79	2479	52846	1361	1233	1618	79	2476	52852	1314	0	0
9248	79	2476	52852	1193	129	1324	79	2473	52858	1314	0	0
9249	79	2473	52858	2207	2253	781	79	2470	52864	1314	0	0
9250	79	2470	52864	375	2308	841	79	2467	52870	1314	0	0
9251	79	2467	52870	602	1606	521	79	2464	52876	1314	0	0
9252	79	2464	52876	187	206	1208	79	2461	52882	1314	0	0
9253	79	2461	52882	70	863	2175	79	2459	52886	1315	0	0
9254	79	2459	52886	2376	2197	178	79	2456	52892	1315	0	0
9255	79	2456	52892	931	396	1821	79	2453	52898	1315	0	0
9256	79	2453	52898	2403	1598	2169	79	2450	52904	1315	0	0
9257	79	2450	52904	1119	2142	577	79	2447	52910	1315	0	0
9258	79	2447	52910	22	1465	1414	79	2445	52914	1316	0	0
9259	79	2445	52914	2181	2307	568	79	2442	52920	1316	0	0
9260	79	2442	52920	681	390	748	79	2439	52926	1316	0	0
9261	79	2439	52926	1075	1193	1352	79	2436	52932	1316	0	0
9262	79	2436	52932	873	894	2208	79	2433	52938	1316	0	0
9263	79	2433	52938	2164	259	1477	79	2430	52944	1316	0	0
9264	79	2430	52944	999	1145	778	79	2427	52950	1316	0	0
9265	79	2427	52950	1270	2427	2471	79	2424	52956	1316	0	0
9266	79	2424	52956	429	691	192	79	2421	52962	1316	0	0
9267	79	2421	52962	219	1184	1162	79	2418	52968	1316	0	0
9268	79	2418	52968	397	823	242	79	2415	52974	1316	0	0
9269	79	2415	52974	1445	831	1154	79	2412	52980	1316	0	0
9270	79	2412	52980	1944	364	1947	79	2409	52986	1316	0	0
9271	79	2409	52986	1433	1175	1799	79	2406	52992	1316	0	0
9272	79	2406	52992	2470	155	837	79	2403	52998	1316	0	0
9273	79	2403	52998	266	1059	2064	79	2400	53004	1316	0	0
9274	79	2400	53004	1959	433	2393	79	2397	53010	1316	0	0
9275	79	2397	53010	2044	201	224	79	2394	53016	1316	0	0
9276	79	2394	53016	1973	416	1239	79	2391	53022	1316	0	0
9277	79	2391	53022	1786	2280	2360	79	2388	53028	1316	0	0
9278	79	2388	53028	1866	1293	2000	79	2385	53034	1316	0	0
9279	79	2385	53034	118	2067	479	79	2382	53040	1316	0	0
9280	79	2382	53040	1988	287	2341	79	2379	53046	1316	0	0
9281	79	2379	53046	232	805	38	79	2377	53050	1317	0	0
9282	79	2377	53050	2255	976	2444	79	2374	53056	1317	0	0
9283	79	2374	53056	1044	374	1251	79	2371	53062	1317	0	0
9284	79	2371	53062	1768	1958	889	79	2368	53068	1317	0	0
9285	79	2368	53068	2407	1276	650	79	2365	53074	1317	0	0
9286	79	2365	53074	238	2381	2051	79	2362	53080	1317	0	0
9287	79	2362	53080	2209	84	318	79	2359	53086	1317	0	0
9288	79	2359	53086	1686	2340	1180	79	2356	53092	1317	0	0
9289	79	2356	53092	716	2154	1069	79	2353	53098	1317	0	0
9290	79	2353	53098	103	1156	1	79	2351	53102	1318	0	0
9291	79	2351	53102	2373	1947	584	79	2348	53108	1318	0	0
9292	79	2348	53108	1963	1869	757	79	2345	53114	1318	0	0
9293	79	2345	53114	1073	1967	196	79	2342	53120	1318	0	0
9294	79	2342	53120	552	394	2143	79	2339	53126	1318	0	0
9295	79	2339	53126	260	271	1120	79	2336	53132	1318	0	0
9296	79	2336	53132	876	639	380	79	2333	53138	1318	0	0
9297	79	2333	53138	869	1193	1070	79	2330	53144	1318	0	0
9298	79	2330	53144	2294	111	2082	79	2327	53150	1318	0	0
9299	79	2327	53150	2100	1826	2079	79	2324	53156	1318	0	0
9300	79	2324	53156	585	752	1901	79	2321	53162	1318	0	0
9301	79	2321	53162	988	1206	1251	79	2318	53168	1318	0	0
9302	79	2318	53168	1037	528	1532	79	2315	53174	1318	0	0
9303	79	2315	53174	696	830	713	79	2312	53180	1318	0	0
9304	79	2312	53180	2286	711	1705	79	2309	53186	1318	0	0
9305	79	2309	53186	871	1584	2116	79	2306	53192	1318	0	0
9306	79	2306	53192	244	891	1147	79	2303	53198	1318	0	0
9307	79	2303	53198	1329	1195	1932	79	2300	53204	1318	0	0
9308	79	2300	53204	463	201	2229	79	2297	53210	1318	0	0
9309	79	2297	53210	1059	1763	893	79	2294	53216	1318	0	0
9310	79	2294	53216	1950	1799	123	79	2291	53222	1318	0	0
9311	79	2291	53222	3	213	1396	79	2289	53226	1319	0	0
9312	79	2289	53226	1902	1900	768	79	2286	53232	1319	0	0
9313	79	2286	53232	1723	1787	213	79	2283	53238	1319	0	0
9314	79	2283	53238	2118	602	1454	79	2280	53244	1319	0	0
9315	79	2280	53244	229	1271	1600	79	2277	53250	1319	0	0
9316	79	2277	53250	2102	105	1670	79	2274	53256	1319	0	0
9317	79	2274	53256	1498	1411	1078	79	2271	53262	1319	0	0
9318	79	2271	53262	2340	58	2263	79	2269	53266	1320	0	0
9319	79	2269	53266	440	803	401	79	2266	53272	1320	0	0
9320	79	2266	53272	389	24	270	79	2264	53276	1321	0	0
9321	79	2264	53276	1117	1286	2140	79	2261	53282	1321	0	0
9322	79	2261	53282	577	1309	1870	79	2258	53288	1321	0	0
9323	79	2258	53288	1812	2277	2266	79	2255	53294	1321	0	0
9324	79	2255	53294	2173	648	283	79	2252	53300	1321	0	0
9325	79	2252	53300	1601	945	658	79	2249	53306	1321	0	0
9326	79	2249	53306	734	597	1743	79	2246	53312	1321	0	0
9327	79	2246	53312	1725	734	1808	79	2243	53318	1321	0	0
9328	79	2243	53318	2161	349	322	79	2240	53324	1321	0	0
9329	79	2240	53324	2051	1503	1601	79	2237	53330	1321	0	0
9330	79	2237	53330	1019	91	2182	79	2234	53336	1321	0	0
9331	79	2234	53336	208	1212	448	79	2231	53342	1321	0	0
9332	79	2231	53342	1675	1608	2294	79	2228	53348	1321	0	0
9333	79	2228	53348	1934	424	1213	79	2225	53354	1321	0	0
9334	79	2225	53354	2039	1693	1422	79	2222	53360	1321	0	0
9335	79	2222	53360	854	2199	894	79	2219	53366	1321	0	0
9336	79	2219	53366	909	1248	453	79	2216	53372	1321	0	0
9337	79	2216	53372	1148	253	1013	79	2213	53378	1321	0	0
9338	79	2213	53378	1227	258	214	79	2210	53384	1321	0	0
9339	79	2210	53384	797	93	251	79	2207	53390	1321	0	0
9340	79	2207	53390	857	1912	317	79	2204	53396	1321	0	0
9341	79	2204	53396	1151	557	544	79	2201	53402	1321	0	0
9342	79	2201	53402	187	2162	1795	79	2198	53408	1321	0	0
9343	79	2198	53408	2177	618	1216	79	2195	53414	1321	0	0
9344	79	2195	53414	220	1845	454	79	2192	53420	1321	0	0
9345	79	2192	53420	366	1599	254	79	2189	53426	1321	0	0
9346	79	2189	53426	239	279	8	79	2187	53430	1322	0	0
9347	79	2187	53430	2234	99	785	79	2184	53436	1322	0	0
9348	79	2184	53436	2253	339	1161	79	2181	53442	1322	0	0
9349	79	2181	53442	1775	896	1791	79	2178	53448	1322	0	0
9350	79	2178	53448	1551	277	2190	79	2175	53454	1322	0	0
9351	79	2175	53454	2079	1447	599	79	2172	53460	1322	0	0
9352	79	2172	53460	1131	834	446	79	2169	53466	1322	0	0
9353	79	2169	53466	1540	183	684	79	2166	53472	1322	0	0
9354	79	2166	53472	1254	1686	1036	79	2163	53478	1322	0	0
9355	79	2163	53478	613	375	83	79	2160	53484	1322	0	0
9356	79	2160	53484	462	867	710	79	2157	53490	1322	0	0
9357	79	2157	53490	2059	804	554	79	2154	53496	1322	0	0
9358	79	2154	53496	2166	1602	670	79	2151	53502	1322	0	0
9359	79	2151	53502	1572	606	549	79	2148	53508	1322	0	0
9360	79	2148	53508	1840	935	777	79	2145	53514	1322	0	0
9361	79	2145	53514	467	1720	2037	79	2142	53520	1322	0	0
9362	79	2142	53520	1170	1671	1310	79	2139	53526	1322	0	0
9363	79	2139	53526	142	540	2133	79	2136	53532	1322	0	0
9364	79	2136	53532	1071	1861	2172	79	2133	53538	1322	0	0
9365	79	2133	53538	2181	691	1014	79	2130	53544	1322	0	0
9366	79	2130	53544	567	559	1558	79	2127	53550	1322	0	0
9367	79	2127	53550	1153	1820	2019	79	2124	53556	1322	0	0
9368	79	2124	53556	2137	587	1713	79	2121	53562	1322	0	0
9369	79	2121	53562	392	1469	34	79	2119	53566	1323	0	0
9370	79	2119	53566	1842	1496	1268	79	2116	53572	1323	0	0
9371	79	2116	53572	921	296	274	79	2113	53578	1323	0	0
9372	79	2113	53578	819	189	1140	79	2110	53584	1323	0	0
9373	79	2110	53584	1001	1112	778	79	2107	53590	1323	0	0
9374	79	2107	53590	422	1862	1688	79	2104	53596	1323	0	0
9375	79	2104	53596	1291	885	1871	79	2101	53602	1323	0	0
9376	79	2101	53602	1608	674	1289	79	2098	53608	1323	0	0
9377	79	2098	53608	1811	1028	2002	79	2095	53614	1323	0	0
9378	79	2095	53614	1881	419	1559	79	2092	53620	1323	0	0
9379	79	2092	53620	1421	1250	881	79	2089	53626	1323	0	0
9380	79	2089	53626	296	155	1364	79	2086	53632	1323	0	0
9381	79	2086	53632	1919	269	373	79	2083	53638	1323	0	0
9382	79	2083	53638	1839	1273	828	79	2080	53644	1323	0	0
9383	79	2080	53644	650	2066	490	79	2077	53650	1323	0	0
9384	79	2077	53650	1083	1038	1202	79	2074	53656	1323	0	0
9385	79	2074	53656	1665	938	1785	79	2071	53662	1323	0	0
9386	79	2071	53662	578	590	62	79	2069	53666	1324	0	0
9387	79	2069	53666	2008	1140	1476	79	2066	53672	1324	0	0
9388	79	2066	53672	1391	1818	1740	79	2063	53678	1324	0	0
9389	79	2063	53678	1624	1864	1793	79	2060	53684	1324	0	0
9390	79	2060	53684	1957	148	776	79	2057	53690	1324	0	0
9391	79	2057	53690	509	568	1489	79	2054	53696	1324	0	0
9392	79	2054	53696	66	1343	1202	79	2052	53700	1325	0	0
9393	79	2052	53700	190	36	1990	79	2050	53704	1326	0	0
9394	79	2050	53704	2112	970	907	79	2047	53710	1326	0	0
9395	79	2047	53710	409	1344	1707	79	2044	53716	1326	0	0
9396	79	2044	53716	226	1102	1440	79	2041	53722	1326	0	0
9397	79	2041	53722	2072	1190	1851	79	2038	53728	1326	0	0
9398	79	2038	53728	1733	1891	471	79	2035	53734	1326	0	0
9399	79	2035	53734	1891	1697	1432	79	2032	53740	1326	0	0
9400	79	2032	53740	164	1253	1830	79	2029	53746	1326	0	0
9401	79	2029	53746	764	1478	1914	79	2026	53752	1326	0	0
9402	79	2026	53752	951	705	1749	79	2023	53758	1326	0	0
9403	79	2023	53758	368	714	2095	79	2020	53764	1326	0	0
9404	79	2020	53764	461	1315	121	79	2017	53770	1326	0	0
9405	79	2017	53770	1825	511	984	79	2014	53776	1326	0	0
9406	79	2014	53776	1397	1547	97	79	2011	53782	1326	0	0
9407	79	2011	53782	1931	927	916	79	2008	53788	1326	0	0
9408	79	2008	53788	1652	1876	589	79	2005	53794	1326	0	0
9409	79	2005	53794	940	1811	880	79	2002	53800	1326	0	0
9410	79	2002	53800	260	2021	639	79	1999	53806	1326	0	0
9411	79	1999	53806	1021	1604	1160	79	1996	53812	1326	0	0
9412	79	1996	53812	94	2005	2008	79	1993	53818	1326	0	0
9413	79	1993	53818	498	1463	1521	79	1990	53824	1326	0	0
9414	79	1990	53824	1646	608	704	79	1987	53830	1326	0	0
9415	79	1987	53830	1205	1990	1144	79	1984	53836	1326	0	0
9416	79	1984	53836	326	215	1008	79	1981	53842	1326	0	0
9417	79	1981	53842	700	180	433	79	1978	53848	1326	0	0
9418	79	1978	53848	611	736	975	79	1975	53854	1326	0	0
9419	79	1975	53854	601	1496	920	79	1972	53860	1326	0	0
9420	79	1972	53860	450	913	1877	79	1969	53866	1326	0	0
9421	79	1969	53866	490	575	1368	79	1966	53872	1326	0	0
9422	79	1966	53872	1140	1176	1357	79	1963	53878	1326	0	0
9423	79	1963	53878	435	1538	1146	79	1960	53884	1326	0	0
9424	79	1960	53884	887	1089	1917	79	1957	53890	1326	0	0
9425	79	1957	53890	1173	1044	136	79	1954	53896	1326	0	0
9426	79	1954	53896	1735	115	1534	79	1951	53902	1326	0	0
9427	79	1951	53902	1223	1877	327	79	1948	53908	1326	0	0
9428	79	1948	53908	379	784	616	79	1945	53914	1326	0	0
9429	79	1945	53914	1586	103	345	79	1942	53920	1326	0	0
9430	79	1942	53920	1870	1806	449	79	1939	53926	1326	0	0
9431	79	1939	53926	889	1447	1355	79	1936	53932	1326	0	0
9432	79	1936	53932	1307	4	363	79	1934	53936	1327	0	0
9433	79	1934	53936	624	596	1423	79	1931	53942	1327	0	0
9434	79	1931	53942	1267	1751	538	79	1928	53948	1327	0	0
9435	79	1928	53948	420	1038	1235	79	1925	53954	1327	0	0
9436	79	1925	53954	77	1185	333	79	1923	53958	1328	0	0
9437	79	1923	53958	1488	1587	609	79	1920	53964	1328	0	0
9438	79	1920	53964	1402	813	493	79	1917	53970	1328	0	0
9439	79	1917	53970	585	651	276	79	1914	53976	1328	0	0
9440	79	1914	53976	1952	741	1387	79	1911	53982	1328	0	0
9441	79	1911	53982	1029	1473	1862	79	1908	53988	1328	0	0
9442	79	1908	53988	1895	1182	84	79	1905	53994	1328	0	0
9443	79	1905	53994	606	1489	547	79	1902	54000	1328	0	0
9444	79	1902	54000	989	73	1430	79	1900	54004	1329	0	0
9445	79	1900	54004	1039	779	652	79	1897	54010	1329	0	0
9446	79	1897	54010	764	1759	1437	79	1894	54016	1329	0	0
9447	79	1894	54016	411	937	1395	79	1891	54022	1329	0	0
9448	79	1891	54022	97	1003	1198	79	1888	54028	1329	0	0
9449	79	1888	54028	106	1046	71	79	1886	54032	1330	0	0
9450	79	1886	54032	622	1367	76	79	1884	54036	1331	0	0
9451	79	1884	54036	1704	714	1183	79	1881	54042	1331	0	0
9452	79	1881	54042	1166	1747	1169	79	1878	54048	1331	0	0
9453	79	1878	54048	1841	516	897	79	1875	54054	1331	0	0
9454	79	1875	54054	1118	1764	535	79	1872	54060	1331	0	0
9455	79	1872	54060	1153	506	489	79	1869	54066	1331	0	0
9456	79	1869	54066	885	854	1411	79	1866	54072	1331	0	0
9457	79	1866	54072	747	165	1604	79	1863	54078	1331	0	0
9458	79	1863	54078	960	1503	1204	79	1860	54084	1331	0	0
9459	79	1860	54084	422	448	1011	79	1857	54090	1331	0	0
9460	79	1857	54090	1917	773	1782	79	1854	54096	1331	0	0
9461	79	1854	54096	648	1068	1487	79	1851	54102	1331	0	0
9462	79	1851	54102	1579	1698	906	79	1848	54108	1331	0	0
9463	79	1848	54108	568	1327	973	79	1845	54114	1331	0	0
9464	79	1845	54114	299	905	805	79	1842	54120	1331	0	0
9465	79	1842	54120	1867	1511	843	79	1839	54126	1331	0	0
9466	79	1839	54126	1618	1131	973	79	1836	54132	1331	0	0
9467	79	1836	54132	1665	642	369	79	1833	54138	1331	0	0
9468	79	1833	54138	209	567	820	79	1830	54144	1331	0	0
9469	79	1830	54144	1512	1030	589	79	1827	54150	1331	0	0
9470	79	1827	54150	535	937	835	79	1824	54156	1331	0	0
9471	79	1824	54156	1511	1758	1030	79	1821	54162	1331	0	0
9472	79	1821	54162	1116	276	1	79	1819	54166	1332	0	0
9473	79	1819	54166	1236	1101	9	79	1817	54170	1333	0	0
9474	79	1817	54170	87	243	1128	79	1814	54176	1333	0	0
9475	79	1814	54176	1233	441	943	79	1811	54182	1333	0	0
9476	79	1811	54182	149	959	1688	79	1808	54188	1333	0	0
9477	79	1808	54188	1367	1064	241	79	1805	54194	1333	0	0
9478	79	1805	54194	635	123	1305	79	1802	54200	1333	0	0
9479	79	1802	54200	604	1415	588	79	1799	54206	1333	0	0
9480	79	1799	54206	1872	1778	1506	79	1796	54212	1333	0	0
9481	79	1796	54212	961	1431	1232	79	1793	54218	1333	0	0
9482	79	1793	54218	313	1228	316	79	1790	54224	1333	0	0
9483	79	1790	54224	672	393	497	79	1787	54230	1333	0	0
9484	79	1787	54230	1108	135	416	79	1784	54236	1333	0	0
9485	79	1784	54236	917	650	156	79	1781	54242	1333	0	0
9486	79	1781	54242	1051	1852	1295	79	1778	54248	1333	0	0
9487	79	1778	54248	981	1773	525	79	1775	54254	1333	0	0
9488	79	1775	54254	694	857	1842	79	1772	54260	1333	0	0
9489	79	1772	54260	200	862	577	79	1769	54266	1333	0	0
9490	79	1769	54266	445	1593	897	79	1766	54272	1333	0	0
9491	79	1766	54272	1149	1718	200	79	1763	54278	1333	0	0
9492	79	1763	54278	1463	1743	1070	79	1760	54284	1333	0	0
9493	79	1760	54284	1015	1719	767	79	1757	54290	1333	0	0
9494	79	1757	54290	670	1667	535	79	1754	54296	1333	0	0
9495	79	1754	54296	1070	73	3	80	2605	54298	1335	852	0
9496	80	2605	54298	1387	1273	300	80	2602	54304	1335	0	0
9497	80	2602	54304	1348	2213	1464	80	2599	54310	1335	0	0
9498	80	2599	54310	48	2204	1239	80	2597	54314	1336	0	0
9499	80	2597	54314	260	611	1678	80	2594	54320	1336	0	0
9500	80	2594	54320	1725	840	148	80	2591	54326	1336	0	0
9501	80	2591	54326	399	1895	267	80	2588	54332	1336	0	0
9502	80	2588	54332	497	2535	2579	80	2585	54338	1336	0	0
9503	80	2585	54338	648	1213	2546	80	2582	54344	1336	0	0
9504	80	2582	54344	784	1355	1520	80	2579	54350	1336	0	0
9505	80	2579	54350	2086	2398	1119	80	2576	54356	1336	0	0
9506	80	2576	54356	56	1542	1997	80	2574	54360	1337	0	0
9507	80	2574	54360	620	1713	1543	80	2571	54366	1337	0	0
9508	80	2571	54366	1603	502	1779	80	2568	54372	1337	0	0
9509	80	2568	54372	336	2163	613	80	2565	54378	1337	0	0
9510	80	2565	54378	1839	2473	2549	80	2562	54384	1337	0	0
9511	80	2562	54384	1769	545	1585	80	2559	54390	1337	0	0
9512	80	2559	54390	2137	30	1061	80	2557	54394	1338	0	0
9513	80	2557	54394	868	1643	1868	80	2554	54400	1338	0	0
9514	80	2554	54400	278	48	1146	80	2552	54404	1339	0	0
9515	80	2552	54404	1351	1571	890	80	2549	54410	1339	0	0
9516	80	2549	54410	68	1140	1981	80	2547	54414	1340	0	0
9517	80	2547	54414	1186	348	2516	80	2544	54420	1340	0	0
9518	80	2544	54420	1868	224	22	80	2542	54424	1341	0	0
9519	80	2542	54424	607	1300	748	80	2539	54430	1341	0	0
9520	80	2539	54430	1340	1189	886	80	2536	54436	1341	0	0
9521	80	2536	54436	2154	459	1016	80	2533	54442	1341	0	0
9522	80	2533	54442	2224	565	1477	80	2530	54448	1341	0	0
9523	80	2530	54448	1941	708	551	80	2527	54454	1341	0	0
9524	80	2527	54454	1598	693	31	80	2525	54458	1342	0	0
9525	80	2525	54458	2067	378	141	80	2522	54464	1342	0	0
9526	80	2522	54464	367	466	21	80	2520	54468	1343	0	0
9527	80	2520	54468	1337	1719	1585	80	2517	54474	1343	0	0
9528	80	2517	54474	1235	2484	1885	80	2514	54480	1343	0	0
9529	80	2514	54480	2535	997	1387	80	2511	54486	1343	0	0
9530	80	2511	54486	1236	591	825	80	2508	54492	1343	0	0
9531	80	2508	54492	1007	1808	259	80	2505	54498	1343	0	0
9532	80	2505	54498	1770	2114	2025	80	2502	54504	1343	0	0
9533	80	2502	54504	760	904	2102	80	2499	54510	1343	0	0
9534	80	2499	54510	1019	1737	2410	80	2496	54516	1343	0	0
9535	80	2496	54516	756	375	790	80	2493	54522	1343	0	0
9536	80	2493	54522	2174	280	1549	80	2490	54528	1343	0	0
9537	80	2490	54528	2090	1124	2183	80	2487	54534	1343	0	0
9538	80	2487	54534	1238	1692	2287	80	2484	54540	1343	0	0
9539	80	2484	54540	702	800	2012	80	2481	54546	1343	0	0
9540	80	2481	54546	2204	2414	1601	80	2478	54552	1343	0	0
9541	80	2478	54552	1536	627	2194	80	2475	54558	1343	0	0
9542	80	2475	54558	68	907	2208	80	2473	54562	1344	0	0
9543	80	2473	54562	913	1173	927	80	2470	54568	1344	0	0
9544	80	2470	54568	2016	191	799	80	2467	54574	1344	0	0
9545	80	2467	54574	229	2182	689	80	2464	54580	1344	0	0
9546	80	2464	54580	327	2437	1200	80	2461	54586	1344	0	0
9547	80	2461	54586	454	1967	1201	80	2458	54592	1344	0	0
9548	80	2458	54592	725	343	1764	80	2455	54598	1344	0	0
9549	80	2455	54598	1571	2255	739	80	2452	54604	1344	0	0
9550	80	2452	54604	459	729	1687	80	2449	54610	1344	0	0
9551	80	2449	54610	1669	1280	155	80	2446	54616	1344	0	0
9552	80	2446	54616	2033	1861	1071	80	2443	54622	1344	0	0
9553	80	2443	54622	1452	2251	2050	80	2440	54628	1344	0	0
9554	80	2440	54628	1805	1881	977	80	2437	54634	1344	0	0
9555	80	2437	54634	1246	461	2362	80	2434	54640	1344	0	0
9556	80	2434	54640	115	261	783	80	2431	54646	1344	0	0
9557	80	2431	54646	2001	454	738	80	2428	54652	1344	0	0
9558	80	2428	54652	730	1669	321	80	2425	54658	1344	0	0
9559	80	2425	54658	89	112	543	80	2422	54664	1344	0	0
9560	80	2422	54664	389	2357	886	80	2419	54670	1344	0	0
9561	80	2419	54670	806	759	241	80	2416	54676	1344	0	0
9562	80	2416	54676	1750	1376	2129	80	2413	54682	1344	0	0
9563	80	2413	54682	2182	1571	1386	80	2410	54688	1344	0	0
9564	80	2410	54688	2393	2128	280	80	2407	54694	1344	0	0
9565	80	2407	54694	1724	1139	1185	80	2404	54700	1344	0	0
9566	80	2404	54700	2057	1215	1135	80	2401	54706	1344	0	0
9567	80	2401	54706	2362	1044	1215	80	2398	54712	1344	0	0
9568	80	2398	54712	2042	734	1460	80	2395	54718	1344	0	0
9569	80	2395	54718	432	1434	435	80	2392	54724	1344	0	0
9570	80	2392	54724	1808	422	337	80	2389	54730	1344	0	0
9571	80	2389	54730	247	750	1692	80	2386	54736	1344	0	0
9572	80	2386	54736	446	792	1000	80	2383	54742	1344	0	0
9573	80	2383	54742	947	1552	2325	80	2380	54748	1344	0	0
9574	80	2380	54748	2228	116	1811	80	2377	54754	1344	0	0
9575	80	2377	54754	2064	1687	757	80	2374	54760	1344	0	0
9576	80	2374	54760	1667	1619	1242	80	2371	54766	1344	0	0
9577	80	2371	54766	1062	825	534	80	2368	54772	1344	0	0
9578	80	2368	54772	380	781	1793	80	2365	54778	1344	0	0
9579	80	2365	54778	1790	2427	760	80	2362	54784	1344	0	0
9580	80	2362	54784	2072	2101	1316	80	2359	54790	1344	0	0
9581	80	2359	54790	856	1869	483	80	2356	54796	1344	0	0
9582	80	2356	54796	1524	679	849	80	2353	54802	1344	0	0
9583	80	2353	54802	67	1213	265	80	2351	54806	1345	0	0
9584	80	2351	54806	1801	705	142	80	2348	54812	1345	0	0
9585	80	2348	54812	801	793	895	80	2345	54818	1345	0	0
9586	80	2345	54818	433	774	422	80	2342	54824	1345	0	0
9587	80	2342	54824	1460	315	2127	80	2339	54830	1345	0	0
9588	80	2339	54830	1840	462	238	80	2336	54836	1345	0	0
9589	80	2336	54836	620	1115	271	80	2333	54842	1345	0	0
9590	80	2333	54842	1362	2000	744	80	2330	54848	1345	0	0
9591	80	2330	54848	1159	1302	1603	80	2327	54854	1345	0	0
9592	80	2327	54854	1299	2384	198	80	2324	54860	1345	0	0
9593	80	2324	54860	2065	133	1268	80	2321	54866	1345	0	0
9594	80	2321	54866	39	1267	2194	80	2319	54870	1346	0	0
9595	80	2319	54870	995	1736	219	80	2316	54876	1346	0	0
9596	80	2316	54876	2351	48	1717	80	2314	54880	1347	0	0
9597	80	2314	54880	1555	951	63	80	2312	54884	1348	0	0
9598	80	2312	54884	371	788	458	80	2309	54890	1348	0	0
9599	80	2309	54890	645	2234	664	80	2306	54896	1348	0	0
9600	80	2306	54896	23	630	593	80	2304	54900	1349	0	0
9601	80	2304	54900	1851	584	1624	80	2301	54906	1349	0	0
9602	80	2301	54906	1057	1286	1495	80	2298	54912	1349	0	0
9603	80	2298	54912	698	2011	1552	80	2295	54918	1349	0	0
9604	80	2295	54918	524	4	713	80	2293	54922	1350	0	0
9605	80	2293	54922	216	1712	70	80	2291	54926	1351	0	0
9606	80	2291	54926	1113	618	296	80	2288	54932	1351	0	0
9607	80	2288	54932	1079	1017	833	80	2285	54938	1351	0	0
9608	80	2285	54938	2257	881	259	80	2282	54944	1351	0	0
9609	80	2282	54944	2118	985	2330	80	2279	54950	1351	0	0
9610	80	2279	54950	380	306	1752	80	2276	54956	1351	0	0
9611	80	2276	54956	2309	2336	1195	80	2273	54962	1351	0	0
9612	80	2273	54962	1344	2170	589	80	2270	54968	1351	0	0
9613	80	2270	54968	857	1759	1298	80	2267	54974	1351	0	0
9614	80	2267	54974	203	1775	2104	80	2264	54980	1351	0	0
9615	80	2264	54980	583	277	805	80	2261	54986	1351	0	0
9616	80	2261	54986	2184	1844	507	80	2258	54992	1351	0	0
9617	80	2258	54992	655	2202	2275	80	2255	54998	1351	0	0
9618	80	2255	54998	1866	2052	719	80	2252	55004	1351	0	0
9619	80	2252	55004	1319	1201	1858	80	2249	55010	1351	0	0
9620	80	2249	55010	2247	854	1220	80	2246	55016	1351	0	0
9621	80	2246	55016	608	336	283	80	2243	55022	1351	0	0
9622	80	2243	55022	497	1310	1058	80	2240	55028	1351	0	0
9623	80	2240	55028	169	745	586	80	2237	55034	1351	0	0
9624	80	2237	55034	1332	789	1776	80	2234	55040	1351	0	0
9625	80	2234	55040	2238	2199	682	80	2231	55046	1351	0	0
9626	80	2231	55046	1856	974	1601	80	2228	55052	1351	0	0
9627	80	2228	55052	1387	576	1300	80	2225	55058	1351	0	0
9628	80	2225	55058	1463	1317	1724	80	2222	55064	1351	0	0
9629	80	2222	55064	145	1271	1771	80	2219	55070	1351	0	0
9630	80	2219	55070	200	994	2251	80	2216	55076	1351	0	0
9631	80	2216	55076	1628	2003	1330	80	2213	55082	1351	0	0
9632	80	2213	55082	1030	231	1119	80	2210	55088	1351	0	0
9633	80	2210	55088	332	470	1278	80	2207	55094	1351	0	0
9634	80	2207	55094	1879	1506	1574	80	2204	55100	1351	0	0
9635	80	2204	55100	540	1932	1998	80	2201	55106	1351	0	0
9636	80	2201	55106	2252	1600	1797	80	2198	55112	1351	0	0
9637	80	2198	55112	1468	509	1418	80	2195	55118	1351	0	0
9638	80	2195	55118	619	610	2104	80	2192	55124	1351	0	0
9639	80	2192	55124	1956	332	765	80	2189	55130	1351	0	0
9640	80	2189	55130	1444	1535	2152	80	2186	55136	1351	0	0
9641	80	2186	55136	644	772	739	80	2183	55142	1351	0	0
9642	80	2183	55142	293	1335	32	80	2181	55146	1352	0	0
9643	80	2181	55146	167	1967	1649	80	2178	55152	1352	0	0
9644	80	2178	55152	823	600	320	80	2175	55158	1352	0	0
9645	80	2175	55158	983	1586	503	80	2172	55164	1352	0	0
9646	80	2172	55164	1340	1475	2251	80	2169	55170	1352	0	0
9647	80	2169	55170	727	1502	1979	80	2166	55176	1352	0	0
9648	80	2166	55176	1555	1536	684	80	2163	55182	1352	0	0
9649	80	2163	55182	304	855	544	80	2160	55188	1352	0	0
9650	80	2160	55188	403	1749	966	80	2157	55194	1352	0	0
9651	80	2157	55194	2014	1442	2092	80	2154	55200	1352	0	0
9652	80	2154	55200	532	338	2125	80	2151	55206	1352	0	0
9653	80	2151	55206	716	169	1123	80	2148	55212	1352	0	0
9654	80	2148	55212	223	1221	798	80	2145	55218	1352	0	0
9655	80	2145	55218	695	581	1262	80	2142	55224	1352	0	0
9656	80	2142	55224	2142	1794	1802	80	2139	55230	1352	0	0
9657	80	2139	55230	1371	1362	1501	80	2136	55236	1352	0	0
9658	80	2136	55236	1815	1459	912	80	2133	55242	1352	0	0
9659	80	2133	55242	1225	304	814	80	2130	55248	1352	0	0
9660	80	2130	55248	1746	1825	1999	80	2127	55254	1352	0	0
9661	80	2127	55254	1041	426	372	80	2124	55260	1352	0	0
9662	80	2124	55260	865	943	1795	80	2121	55266	1352	0	0
9663	80	2121	55266	1500	1657	471	80	2118	55272	1352	0	0
9664	80	2118	55272	291	1511	1279	80	2115	55278	1352	0	0
9665	80	2115	55278	964	1925	2186	80	2112	55284	1352	0	0
9666	80	2112	55284	355	1408	667	80	2109	55290	1352	0	0
9667	80	2109	55290	563	1250	1520	80	2106	55296	1352	0	0
9668	80	2106	55296	1542	854	1797	80	2103	55302	1352	0	0
9669	80	2103	55302	942	1961	6	80	2101	55306	1353	0	0
9670	80	2101	55306	2166	1793	529	80	2098	55312	1353	0	0
9671	80	2098	55312	2084	1979	196	80	2095	55318	1353	0	0
9672	80	2095	55318	442	2059	443	80	2092	55324	1353	0	0
9673	80	2092	55324	1799	1568	963	80	2089	55330	1353	0	0
9674	80	2089	55330	408	1168	1931	80	2086	55336	1353	0	0
9675	80	2086	55336	2088	984	524	80	2083	55342	1353	0	0
9676	80	2083	55342	1970	2106	1627	80	2080	55348	1353	0	0
9677	80	2080	55348	1286	176	390	80	2077	55354	1353	0	0
9678	80	2077	55354	439	487	526	80	2074	55360	1353	0	0
9679	80	2074	55360	1864	1681	1996	80	2071	55366	1353	0	0
9680	80	2071	55366	988	1591	901	80	2068	55372	1353	0	0
9681	80	2068	55372	1264	1710	1758	80	2065	55378	1353	0	0
9682	80	2065	55378	1800	1376	2056	80	2062	55384	1353	0	0
9683	80	2062	55384	662	26	716	80	2060	55388	1354	0	0
9684	80	2060	55388	1063	2034	131	80	2057	55394	1354	0	0
9685	80	2057	55394	1633	1579	841	80	2054	55400	1354	0	0
9686	80	2054	55400	1921	1512	1873	80	2051	55406	1354	0	0
9687	80	2051	55406	177	853	1858	80	2048	55412	1354	0	0
9688	80	2048	55412	1745	1922	782	80	2045	55418	1354	0	0
9689	80	2045	55418	3	147	1381	80	2043	55422	1355	0	0
9690	80	2043	55422	119	1440	269	80	2040	55428	1355	0	0
9691	80	2040	55428	407	325	547	80	2037	55434	1355	0	0
9692	80	2037	55434	26	830	1584	80	2035	55438	1356	0	0
9693	80	2035	55438	1917	1568	775	80	2032	55444	1356	0	0
9694	80	2032	55444	1710	1580	1996	80	2029	55450	1356	0	0
9695	80	2029	55450	244	572	479	80	2026	55456	1356	0	0
9696	80	2026	55456	1904	51	1836	80	2024	55460	1357	0	0
9697	80	2024	55460	400	1636	1301	80	2021	55466	1357	0	0
9698	80	2021	55466	149	799	459	80	2018	55472	1357	0	0
9699	80	2018	55472	778	1258	909	80	2015	55478	1357	0	0
9700	80	2015	55478	1254	985	1311	80	2012	55484	1357	0	0
9701	80	2012	55484	537	670	1099	80	2009	55490	1357	0	0
9702	80	2009	55490	1593	1291	1682	80	2006	55496	1357	0	0
9703	80	2006	55496	341	269	34	80	2004	55500	1358	0	0
9704	80	2004	55500	186	994	1849	80	2001	55506	1358	0	0
9705	80	2001	55506	1004	1634	480	80	1998	55512	1358	0	0
9706	80	1998	55512	1703	1374	1627	80	1995	55518	1358	0	0
9707	80	1995	55518	983	2056	2071	80	1992	55524	1358	0	0
9708	80	1992	55524	1611	618	9	80	1990	55528	1359	0	0
9709	80	1990	55528	1152	1355	1028	80	1987	55534	1359	0	0
9710	80	1987	55534	1943	555	988	80	1984	55540	1359	0	0
9711	80	1984	55540	124	1541	687	80	1981	55546	1359	0	0
9712	80	1981	55546	1373	144	1833	80	1978	55552	1359	0	0
9713	80	1978	55552	1304	1069	90	80	1975	55558	1359	0	0
9714	80	1975	55558	1885	271	1306	80	1972	55564	1359	0	0
9715	80	1972	55564	1706	374	271	80	1969	55570	1359	0	0
9716	80	1969	55570	1970	1081	1083	80	1966	55576	1359	0	0
9717	80	1966	55576	1347	912	752	80	1963	55582	1359	0	0
9718	80	1963	55582	676	259	29	80	1961	55586	1360	0	0
9719	80	1961	55586	909	57	980	80	1959	55590	1361	0	0
9720	80	1959	55590	1790	1109	1517	80	1956	55596	1361	0	0
9721	80	1956	55596	275	1758	1721	80	1953	55602	1361	0	0
9722	80	1953	55602	337	49	10	81	2196	55604	1363	244	0
9723	81	2196	55604	1129	990	2002	81	2193	55610	1363	0	0
9724	81	2193	55610	84	1533	708	81	2190	55616	1363	0	0
9725	81	2190	55616	947	2202	65	81	2188	55620	1364	0	0
9726	81	2188	55620	1027	1313	1737	81	2185	55626	1364	0	0
9727	81	2185	55626	485	871	1348	81	2182	55632	1364	0	0
9728	81	2182	55632	1734	132	1184	81	2179	55638	1364	0	0
9729	81	2179	55638	468	2125	971	81	2176	55644	1364	0	0
9730	81	2176	55644	603	771	186	81	2173	55650	1364	0	0
9731	81	2173	55650	1674	1988	1985	81	2170	55656	1364	0	0
9732	81	2170	55656	678	1370	290	81	2167	55662	1364	0	0
9733	81	2167	55662	792	372	1889	81	2164	55668	1364	0	0
9734	81	2164	55668	844	5	371	81	2162	55672	1365	0	0
9735	81	2162	55672	1498	165	2069	81	2159	55678	1365	0	0
9736	81	2159	55678	515	540	884	81	2156	55684	1365	0	0
9737	81	2156	55684	1112	67	1236	81	2154	55688	1366	0	0
9738	81	2154	55688	259	2189	758	81	2151	55694	1366	0	0
9739	81	2151	55694	1318	2175	881	81	2148	55700	1366	0	0
9740	81	2148	55700	535	1830	2016	81	2145	55706	1366	0	0
9741	81	2145	55706	1825	812	169	81	2142	55712	1366	0	0
9742	81	2142	55712	1823	1135	1300	81	2139	55718	1366	0	0
9743	81	2139	55718	1457	1717	534	81	2136	55724	1366	0	0
9744	81	2136	55724	865	1344	330	81	2133	55730	1366	0	0
9745	81	2133	55730	150	809	349	81	2130	55736	1366	0	0
9746	81	2130	55736	69	1045	1088	81	2128	55740	1367	0	0
9747	81	2128	55740	1125	267	769	81	2125	55746	1367	0	0
9748	81	2125	55746	879	85	788	81	2122	55752	1367	0	0
9749	81	2122	55752	864	2190	1609	81	2119	55758	1367	0	0
9750	81	2119	55758	1637	588	2180	81	2116	55764	1367	0	0
9751	81	2116	55764	627	162	719	81	2113	55770	1367	0	0
9752	81	2113	55770	1764	2073	590	81	2110	55776	1367	0	0
9753	81	2110	55776	1006	1476	1734	81	2107	55782	1367	0	0
9754	81	2107	55782	1562	927	702	81	2104	55788	1367	0	0
9755	81	2104	55788	259	1951	653	81	2101	55794	1367	0	0
9756	81	2101	55794	1802	1752	219	81	2098	55800	1367	0	0
9757	81	2098	55800	1876	136	2169	81	2095	55806	1367	0	0
9758	81	2095	55806	483	358	843	81	2092	55812	1367	0	0
9759	81	2092	55812	1549	1914	139	81	2089	55818	1367	0	0
9760	81	2089	55818	1173	784	866	81	2086	55824	1367	0	0
9761	81	2086	55824	498	430	1689	81	2083	55830	1367	0	0
9762	81	2083	55830	1756	1831	1061	81	2080	55836	1367	0	0
9763	81	2080	55836	1284	1195	1463	81	2077	55842	1367	0	0
9764	81	2077	55842	1244	533	1152	81	2074	55848	1367	0	0
9765	81	2074	55848	1094	233	1558	81	2071	55854	1367	0	0
9766	81	2071	55854	499	457	173	81	2068	55860	1367	0	0
9767	81	2068	55860	1552	405	972	81	2065	55866	1367	0	0
9768	81	2065	55866	143	592	816	81	2062	55872	1367	0	0
9769	81	2062	55872	1650	1848	109	81	2059	55878	1367	0	0
9770	81	2059	55878	320	561	739	81	2056	55884	1367	0	0
9771	81	2056	55884	1357	1222	148	81	2053	55890	1367	0	0
9772	81	2053	55890	438	2026	1822	81	2050	55896	1367	0	0
9773	81	2050	55896	880	1380	2007	81	2047	55902	1367	0	0
9774	81	2047	55902	822	1689	518	81	2044	55908	1367	0	0
9775	81	2044	55908	232	1789	11	81	2042	55912	1368	0	0
9776	81	2042	55912	1241	697	354	81	2039	55918	1368	0	0
9777	81	2039	55918	726	23	674	81	2037	55922	1369	0	0
9778	81	2037	55922	1274	1728	1287	81	2034	55928	1369	0	0
9779	81	2034	55928	13	105	31	82	2487	55930	1371	454	0
9780	82	2487	55930	992	818	1211	82	2484	55936	1371	0	0
9781	82	2484	55936	1047	2212	1136	82	2481	55942	1371	0	0
9782	82	2481	55942	2262	1760	114	82	2478	55948	1371	0	0
9783	82	2478	55948	1871	2334	1779	82	2475	55954	1371	0	0
9784	82	2475	55954	1529	1664	333	82	2472	55960	1371	0	0
9785	82	2472	55960	1069	1362	684	82	2469	55966	1371	0	0
9786	82	2469	55966	1539	2384	107	82	2466	55972	1371	0	0
9787	82	2466	55972	2415	2460	423	82	2463	55978	1371	0	0
9788	82	2463	55978	336	1373	1092	82	2460	55984	1371	0	0
9789	82	2460	55984	1381	1769	2429	82	2457	55990	1371	0	0
9790	82	2457	55990	752	538	2068	82	2454	55996	1371	0	0
9791	82	2454	55996	710	680	579	82	2451	56002	1371	0	0
9792	82	2451	56002	1608	807	1047	82	2448	56008	1371	0	0
9793	82	2448	56008	516	1083	513	82	2445	56014	1371	0	0
9794	82	2445	56014	1027	1975	166	82	2442	56020	1371	0	0
9795	82	2442	56020	2439	1930	2051	82	2439	56026	1371	0	0
9796	82	2439	56026	2112	1091	1844	82	2436	56032	1371	0	0
9797	82	2436	56032	1541	618	42	82	2434	56036	1372	0	0
9798	82	2434	56036	1007	1946	951	82	2431	56042	1372	0	0
9799	82	2431	56042	1783	2032	1394	82	2428	56048	1372	0	0
9800	82	2428	56048	1771	2075	1980	82	2425	56054	1372	0	0
9801	82	2425	56054	1475	1594	2429	82	2422	56060	1372	0	0
9802	82	2422	56060	505	2172	1925	82	2419	56066	1372	0	0
9803	82	2419	56066	129	1283	315	82	2416	56072	1372	0	0
9804	82	2416	56072	1911	1656	583	82	2413	56078	1372	0	0
9805	82	2413	56078	1533	2075	1520	82	2410	56084	1372	0	0
9806	82	2410	56084	1119	924	2338	82	2407	56090	1372	0	0
9807	82	2407	56090	1432	2133	1467	82	2404	56096	1372	0	0
9808	82	2404	56096	1206	964	2404	82	2401	56102	1372	0	0
9809	82	2401	56102	35	2247	2161	82	2399	56106	1373	0	0
9810	82	2399	56106	1101	1817	1684	82	2396	56112	1373	0	0
9811	82	2396	56112	1086	220	2050	82	2393	56118	1373	0	0
9812	82	2393	56118	643	1680	2326	82	2390	56124	1373	0	0
9813	82	2390	56124	114	2026	1642	82	2387	56130	1373	0	0
9814	82	2387	56130	260	1009	188	82	2384	56136	1373	0	0
9815	82	2384	56136	1060	2143	240	82	2381	56142	1373	0	0
9816	82	2381	56142	1186	1625	2116	82	2378	56148	1373	0	0
9817	82	2378	56148	760	1936	28	82	2376	56152	1374	0	0
9818	82	2376	56152	1978	980	217	82	2373	56158	1374	0	0
9819	82	2373	56158	721	1106	1188	82	2370	56164	1374	0	0
9820	82	2370	56164	1657	2355	226	82	2367	56170	1374	0	0
9821	82	2367	56170	1018	90	1295	82	2364	56176	1374	0	0
9822	82	2364	56176	1095	1172	89	82	2361	56182	1374	0	0
9823	82	2361	56182	1535	1478	2070	82	2358	56188	1374	0	0
9824	82	2358	56188	1628	1399	1977	82	2355	56194	1374	0	0
9825	82	2355	56194	1116	2316	617	82	2352	56200	1374	0	0
9826	82	2352	56200	1150	1854	1533	82	2349	56206	1374	0	0
9827	82	2349	56206	2106	1289	1816	82	2346	56212	1374	0	0
9828	82	2346	56212	1771	2180	976	82	2343	56218	1374	0	0
9829	82	2343	56218	309	1052	2246	82	2340	56224	1374	0	0
9830	82	2340	56224	903	1168	292	82	2337	56230	1374	0	0
9831	82	2337	56230	320	614	2042	82	2334	56236	1374	0	0
9832	82	2334	56236	873	339	2081	82	2331	56242	1374	0	0
9833	82	2331	56242	1698	1840	649	82	2328	56248	1374	0	0
9834	82	2328	56248	836	1200	1563	82	2325	56254	1374	0	0
9835	82	2325	56254	2177	1707	215	82	2322	56260	1374	0	0
9836	82	2322	56260	1164	60	116	82	2320	56264	1375	0	0
9837	82	2320	56264	476	716	895	82	2317	56270	1375	0	0
9838	82	2317	56270	1796	2053	1442	82	2314	56276	1375	0	0
9839	82	2314	56276	774	2356	76	82	2312	56280	1376	0	0
9840	82	2312	56280	374	1910	537	82	2309	56286	1376	0	0
9841	82	2309	56286	2078	1331	441	82	2306	56292	1376	0	0
9842	82	2306	56292	1709	1732	2234	82	2303	56298	1376	0	0
9843	82	2303	56298	804	776	576	82	2300	56304	1376	0	0
9844	82	2300	56304	859	1313	1052	82	2297	56310	1376	0	0
9845	82	2297	56310	1438	993	233	82	2294	56316	1376	0	0
9846	82	2294	56316	751	1988	1693	82	2291	56322	1376	0	0
9847	82	2291	56322	1428	2346	664	82	2288	56328	1376	0	0
9848	82	2288	56328	1297	1672	260	82	2285	56334	1376	0	0
9849	82	2285	56334	213	97	2213	82	2282	56340	1376	0	0
9850	82	2282	56340	29	1250	1587	82	2280	56344	1377	0	0
9851	82	2280	56344	2246	740	371	82	2277	56350	1377	0	0
9852	82	2277	56350	636	2087	2177	82	2274	56356	1377	0	0
9853	82	2274	56356	1052	1552	1567	82	2271	56362	1377	0	0
9854	82	2271	56362	71	1965	1260	82	2269	56366	1378	0	0
9855	82	2269	56366	376	1492	1551	82	2266	56372	1378	0	0
9856	82	2266	56372	1355	1233	623	82	2263	56378	1378	0	0
9857	82	2263	56378	0	49	1891	83	2398	56380	1380	136	0
9858	83	2398	56380	1131	918	2148	83	2395	56386	1380	0	0
9859	83	2395	56386	1635	53	2084	83	2393	56390	1381	0	0
9860	83	2393	56390	1843	1978	818	83	2390	56396	1381	0	0
9861	83	2390	56396	1705	979	754	83	2387	56402	1381	0	0
9862	83	2387	56402	1337	2241	288	83	2384	56408	1381	0	0
9863	83	2384	56408	639	417	1628	83	2381	56414	1381	0	0
9864	83	2381	56414	1372	674	220	83	2378	56420	1381	0	0
9865	83	2378	56420	575	576	1831	83	2375	56426	1381	0	0
9866	83	2375	56426	1672	2051	427	83	2372	56432	1381	0	0
9867	83	2372	56432	2349	1481	1403	83	2369	56438	1381	0	0
9868	83	2369	56438	310	1040	82	83	2367	56442	1382	0	0
9869	83	2367	56442	445	341	1616	83	2364	56448	1382	0	0
9870	83	2364	56448	2395	1248	2232	83	2361	56454	1382	0	0
9871	83	2361	56454	264	10	2094	83	2359	56458	1383	0	0
9872	83	2359	56458	381	574	374	83	2356	56464	1383	0	0
9873	83	2356	56464	1092	1968	535	83	2353	56470	1383	0	0
9874	83	2353	56470	620	513	1235	83	2350	56476	1383	0	0
9875	83	2350	56476	1028	2415	736	83	2347	56482	1383	0	0
9876	83	2347	56482	823	1918	1103	83	2344	56488	1383	0	0
9877	83	2344	56488	210	1024	1810	83	2341	56494	1383	0	0
9878	83	2341	56494	1837	2094	919	83	2338	56500	1383	0	0
9879	83	2338	56500	205	1976	1536	83	2335	56506	1383	0	0
9880	83	2335	56506	1495	107	728	83	2332	56512	1383	0	0
9881	83	2332	56512	679	711	2003	83	2329	56518	1383	0	0
9882	83	2329	56518	1813	1912	1616	83	2326	56524	1383	0	0
9883	83	2326	56524	1169	1640	472	83	2323	56530	1383	0	0
9884	83	2323	56530	1918	2256	1115	83	2320	56536	1383	0	0
9885	83	2320	56536	2112	383	200	83	2317	56542	1383	0	0
9886	83	2317	56542	1342	1976	1226	83	2314	56548	1383	0	0
9887	83	2314	56548	682	2221	686	83	2311	56554	1383	0	0
9888	83	2311	56554	1068	800	2245	83	2308	56560	1383	0	0
9889	83	2308	56560	540	2305	53	83	2306	56564	1384	0	0
9890	83	2306	56564	472	1240	1751	83	2303	56570	1384	0	0
9891	83	2303	56570	2121	64	1033	83	2301	56574	1385	0	0
9892	83	2301	56574	1637	1351	2221	83	2298	56580	1385	0	0
9893	83	2298	56580	1907	1410	383	83	2295	56586	1385	0	0
9894	83	2295	56586	2283	1665	1619	83	2292	56592	1385	0	0
9895	83	2292	56592	652	63	1754	83	2290	56596	1386	0	0
9896	83	2290	56596	498	1957	1352	83	2287	56602	1386	0	0
9897	83	2287	56602	1961	1098	1571	83	2284	56608	1386	0	0
9898	83	2284	56608	908	2128	546	83	2281	56614	1386	0	0
9899	83	2281	56614	1895	1052	2004	83	2278	56620	1386	0	0
9900	83	2278	56620	109	2270	85	83	2275	56626	1386	0	0
9901	83	2275	56626	2307	141	1259	83	2272	56632	1386	0	0
9902	83	2272	56632	545	1676	1613	83	2269	56638	1386	0	0
9903	83	2269	56638	1247	497	1844	83	2266	56644	1386	0	0
9904	83	2266	56644	1510	827	1884	83	2263	56650	1386	0	0
9905	83	2263	56650	1120	1881	576	83	2260	56656	1386	0	0
9906	83	2260	56656	1142	2268	294	83	2257	56662	1386	0	0
9907	83	2257	56662	1914	1177	71	83	2255	56666	1387	0	0
9908	83	2255	56666	1298	1967	590	83	2252	56672	1387	0	0
9909	83	2252	56672	2251	31	2090	83	2250	56676	1388	0	0
9910	83	2250	56676	1116	584	408	83	2247	56682	1388	0	0
9911	83	2247	56682	1265	244	2064	83	2244	56688	1388	0	0
9912	83	2244	56688	1489	349	1656	83	2241	56694	1388	0	0
9913	83	2241	56694	2268	2176	90	83	2238	56700	1388	0	0
9914	83	2238	56700	302	170	2147	83	2235	56706	1388	0	0
9915	83	2235	56706	773	474	1717	83	2232	56712	1388	0	0
9916	83	2232	56712	14	1284	1366	83	2230	56716	1389	0	0
9917	83	2230	56716	1000	251	202	83	2227	56722	1389	0	0
9918	83	2227	56722	1668	315	529	83	2224	56728	1389	0	0
9919	83	2224	56728	179	274	2082	83	2221	56734	1389	0	0
9920	83	2221	56734	1472	62	1879	83	2219	56738	1390	0	0
9921	83	2219	56738	2290	1564	2039	83	2216	56744	1390	0	0
9922	83	2216	56744	2106	934	10	83	2214	56748	1391	0	0
9923	83	2214	56748	543	15	356	83	2212	56752	1392	0	0
9924	83	2212	56752	623	1614	2012	83	2209	56758	1392	0	0
9925	83	2209	56758	2076	1105	713	83	2206	56764	1392	0	0
9926	83	2206	56764	1318	1732	861	83	2203	56770	1392	0	0
9927	83	2203	56770	1376	305	1846	83	2200	56776	1392	0	0
9928	83	2200	56776	1407	358	1111	83	2197	56782	1392	0	0
9929	83	2197	56782	1990	1267	765	83	2194	56788	1392	0	0
9930	83	2194	56788	2134	1542	916	83	2191	56794	1392	0	0
9931	83	2191	56794	1121	754	1685	83	2188	56800	1392	0	0
9932	83	2188	56800	378	1973	1213	83	2185	56806	1392	0	0
9933	83	2185	56806	1633	1209	2151	83	2182	56812	1392	0	0
9934	83	2182	56812	1169	133	214	83	2179	56818	1392	0	0
9935	83	2179	56818	2175	1543	540	83	2176	56824	1392	0	0
9936	83	2176	56824	1162	2163	55	83	2174	56828	1393	0	0
9937	83	2174	56828	1234	16	1934	83	2172	56832	1394	0	0
9938	83	2172	56832	108	1243	675	83	2169	56838	1394	0	0
9939	83	2169	56838	1374	1613	369	83	2166	56844	1394	0	0
9940	83	2166	56844	1952	1490	267	83	2163	56850	1394	0	0
9941	83	2163	56850	2027	97	665	83	2160	56856	1394	0	0
9942	83	2160	56856	1230	1431	1232	83	2157	56862	1394	0	0
9943	83	2157	56862	2226	2078	915	83	2154	56868	1394	0	0
9944	83	2154	56868	142	1960	1199	83	2151	56874	1394	0	0
9945	83	2151	56874	610	118	429	83	2148	56880	1394	0	0
9946	83	2148	56880	1434	1860	1728	83	2145	56886	1394	0	0
9947	83	2145	56886	1730	1578	1239	83	2142	56892	1394	0	0
9948	83	2142	56892	811	1372	803	83	2139	56898	1394	0	0
9949	83	2139	56898	2021	2041	52	83	2137	56902	1395	0	0
9950	83	2137	56902	166	521	122	83	2134	56908	1395	0	0
9951	83	2134	56908	1460	2203	1413	83	2131	56914	1395	0	0
9952	83	2131	56914	554	691	702	83	2128	56920	1395	0	0
9953	83	2128	56920	1903	2178	280	83	2125	56926	1395	0	0
9954	83	2125	56926	1636	256	984	83	2122	56932	1395	0	0
9955	83	2122	56932	1988	416	861	83	2119	56938	1395	0	0
9956	83	2119	56938	772	334	1911	83	2116	56944	1395	0	0
9957	83	2116	56944	1567	1034	35	83	2114	56948	1396	0	0
9958	83	2114	56948	1072	109	419	83	2111	56954	1396	0	0
9959	83	2111	56954	437	1194	1949	83	2108	56960	1396	0	0
9960	83	2108	56960	1745	1559	1798	83	2105	56966	1396	0	0
9961	83	2105	56966	729	1130	1956	83	2102	56972	1396	0	0
9962	83	2102	56972	425	625	791	83	2099	56978	1396	0	0
9963	83	2099	56978	384	1037	58	83	2097	56982	1397	0	0
9964	83	2097	56982	754	1613	1950	83	2094	56988	1397	0	0
9965	83	2094	56988	1305	727	17	83	2092	56992	1398	0	0
9966	83	2092	56992	2173	1355	1646	83	2089	56998	1398	0	0
9967	83	2089	56998	35	1851	1861	83	2087	57002	1399	0	0
9968	83	2087	57002	1160	519	1991	83	2084	57008	1399	0	0
9969	83	2084	57008	520	408	1931	83	2081	57014	1399	0	0
9970	83	2081	57014	852	46	1159	83	2079	57018	1400	0	0
9971	83	2079	57018	1909	541	770	83	2076	57024	1400	0	0
9972	83	2076	57024	301	340	828	83	2073	57030	1400	0	0
9973	83	2073	57030	1513	1789	1080	83	2070	57036	1400	0	0
9974	83	2070	57036	856	1954	132	83	2067	57042	1400	0	0
9975	83	2067	57042	740	1169	1876	83	2064	57048	1400	0	0
9976	83	2064	57048	860	801	1069	83	2061	57054	1400	0	0
9977	83	2061	57054	1591	547	1889	83	2058	57060	1400	0	0
9978	83	2058	57060	1531	1818	1240	83	2055	57066	1400	0	0
9979	83	2055	57066	677	1746	14	83	2053	57070	1401	0	0
9980	83	2053	57070	1191	1141	1497	83	2050	57076	1401	0	0
9981	83	2050	57076	406	2027	353	83	2047	57082	1401	0	0
9982	83	2047	57082	1410	1931	218	83	2044	57088	1401	0	0
9983	83	2044	57088	2091	2122	593	83	2041	57094	1401	0	0
9984	83	2041	57094	485	2025	1738	83	2038	57100	1401	0	0
9985	83	2038	57100	2119	1150	898	83	2035	57106	1401	0	0
9986	83	2035	57106	1016	358	1385	83	2032	57112	1401	0	0
9987	83	2032	57112	382	1634	1121	83	2029	57118	1401	0	0
9988	83	2029	57118	208	1692	286	83	2026	57124	1401	0	0
9989	83	2026	57124	655	1890	767	83	2023	57130	1401	0	0
9990	83	2023	57130	1351	604	469	83	2020	57136	1401	0	0
9991	83	2020	57136	802	798	1989	83	2017	57142	1401	0	0
9992	83	2017	57142	264	1644	1316	83	2014	57148	1401	0	0
9993	83	2014	57148	546	1293	1225	83	2011	57154	1401	0	0
9994	83	2011	57154	693	986	2083	83	2008	57160	1401	0	0
9995	83	2008	57160	849	1409	1569	83	2005	57166	1401	0	0
9996	83	2005	57166	191	623	1	83	2003	57170	1402	0	0
9997	83	2003	57170	1986	117	934	83	2000	57176	1402	0	0
9998	83	2000	57176	704	1336	1982	83	1997	57182	1402	0	0
9999	83	1997	57182	82	129	630	83	1995	57186	1403	0	0
10000	83	1995	57186	1266	1381	87	83	1992	57192	1403	0	0
10001	83	1992	57192	2042	672	1684	83	1989	57198	1403	0	0
10002	83	1989	57198	219	1492	1018	83	1986	57204	1403	0	0
10003	83	1986	57204	361	507	1980	83	1983	57210	1403	0	0
10004	83	1983	57210	81	131	1465	83	1981	57214	1404	0	0
10005	83	1981	57214	1799	1389	1074	83	1978	57220	1404	0	0
10006	83	1978	57220	1184	1025	327	83	1975	57226	1404	0	0
10007	83	1975	57226	1638	1818	1695	83	1972	57232	1404	0	0
10008	83	1972	57232	239	911	1747	83	1969	57238	1404	0	0
10009	83	1969	57238	100	1140	247	83	1966	57244	1404	0	0
10010	83	1966	57244	797	1694	837	83	1963	57250	1404	0	0
10011	83	1963	57250	1783	1270	527	83	1960	57256	1404	0	0
10012	83	1960	57256	889	341	1682	83	1957	57262	1404	0	0
10013	83	1957	57262	289	575	348	83	1954	57268	1404	0	0
10014	83	1954	57268	712	1662	1568	83	1951	57274	1404	0	0
10015	83	1951	57274	1758	1842	632	83	1948	57280	1404	0	0
10016	83	1948	57280	1828	518	1058	83	1945	57286	1404	0	0
10017	83	1945	57286	137	759	1022	83	1942	57292	1404	0	0
10018	83	1942	57292	1587	331	1686	83	1939	57298	1404	0	0
10019	83	1939	57298	797	1872	1339	83	1936	57304	1404	0	0
10020	83	1936	57304	1877	418	1554	83	1933	57310	1404	0	0
10021	83	1933	57310	527	909	772	83	1930	57316	1404	0	0
10022	83	1930	57316	138	1769	1921	83	1927	57322	1404	0	0
10023	83	1927	57322	1130	1621	113	83	1924	57328	1404	0	0
10024	83	1924	57328	1856	1815	694	83	1921	57334	1404	0	0
10025	83	1921	57334	418	662	503	83	1918	57340	1404	0	0
10026	83	1918	57340	335	1321	1997	83	1915	57346	1404	0	0
10027	83	1915	57346	681	1351	733	83	1912	57352	1404	0	0
10028	83	1912	57352	681	1440	1790	83	1909	57358	1404	0	0
10029	83	1909	57358	1415	25	1295	83	1907	57362	1405	0	0
10030	83	1907	57362	1726	1152	1565	83	1904	57368	1405	0	0
10031	83	1904	57368	845	1839	728	83	1901	57374	1405	0	0
10032	83	1901	57374	1581	166	87	83	1898	57380	1405	0	0
10033	83	1898	57380	1574	1788	266	83	1895	57386	1405	0	0
10034	83	1895	57386	611	523	1641	83	1892	57392	1405	0	0
10035	83	1892	57392	988	1175	1209	83	1889	57398	1405	0	0
10036	83	1889	57398	454	717	1719	83	1886	57404	1405	0	0
10037	83	1886	57404	373	746	58	83	1884	57408	1406	0	0
10038	83	1884	57408	503	761	1125	83	1881	57414	1406	0	0
10039	83	1881	57414	1395	195	565	83	1878	57420	1406	0	0
10040	83	1878	57420	585	51	971	83	1876	57424	1407	0	0
10041	83	1876	57424	1094	739	937	83	1873	57430	1407	0	0
10042	83	1873	57430	739	361	641	83	1870	57436	1407	0	0
10043	83	1870	57436	1603	899	356	83	1867	57442	1407	0	0
10044	83	1867	57442	122	320	1263	83	1864	57448	1407	0	0
10045	83	1864	57448	1286	647	939	83	1861	57454	1407	0	0
10046	83	1861	57454	1646	1858	1076	83	1858	57460	1407	0	0
10047	83	1858	57460	1664	443	50	83	1856	57464	1408	0	0
10048	83	1856	57464	1165	1072	55	83	1854	57468	1409	0	0
10049	83	1854	57468	1756	1247	1828	83	1851	57474	1409	0	0
10050	83	1851	57474	1711	604	1126	83	1848	57480	1409	0	0
10051	83	1848	57480	354	380	865	83	1845	57486	1409	0	0
10052	83	1845	57486	1884	100	227	83	1842	57492	1409	0	0
10053	83	1842	57492	935	1189	744	83	1839	57498	1409	0	0
10054	83	1839	57498	930	1090	1764	83	1836	57504	1409	0	0
10055	83	1836	57504	1816	650	1360	83	1833	57510	1409	0	0
10056	83	1833	57510	496	1822	784	83	1830	57516	1409	0	0
10057	83	1830	57516	537	515	1075	83	1827	57522	1409	0	0
10058	83	1827	57522	25	1663	1387	83	1825	57526	1410	0	0
10059	83	1825	57526	1469	1202	990	83	1822	57532	1410	0	0
10060	83	1822	57532	956	1601	1598	83	1819	57538	1410	0	0
10061	83	1819	57538	225	1440	1146	83	1816	57544	1410	0	0
10062	83	1816	57544	1694	832	189	83	1813	57550	1410	0	0
10063	83	1813	57550	1361	1176	1040	83	1810	57556	1410	0	0
10064	83	1810	57556	1857	78	297	83	1808	57560	1411	0	0
10065	83	1808	57560	609	647	1502	83	1805	57566	1411	0	0
10066	83	1805	57566	1718	536	1016	83	1802	57572	1411	0	0
10067	83	1802	57572	107	14	215	83	1800	57576	1412	0	0
10068	83	1800	57576	1262	1123	257	83	1797	57582	1412	0	0
10069	83	1797	57582	923	939	117	83	1794	57588	1412	0	0
10070	83	1794	57588	326	1513	1180	83	1791	57594	1412	0	0
10071	83	1791	57594	1203	1575	1508	83	1788	57600	1412	0	0
10072	83	1788	57600	24	966	423	83	1786	57604	1413	0	0
10073	83	1786	57604	227	1528	1142	83	1783	57610	1413	0	0
10074	83	1783	57610	904	1617	915	83	1780	57616	1413	0	0
10075	83	1780	57616	1127	194	1353	83	1777	57622	1413	0	0
10076	83	1777	57622	606	969	900	83	1774	57628	1413	0	0
10077	83	1774	57628	1322	313	895	83	1771	57634	1413	0	0
10078	83	1771	57634	1692	155	1176	83	1768	57640	1413	0	0
10079	83	1768	57640	1279	802	1318	83	1765	57646	1413	0	0
10080	83	1765	57646	1529	1490	702	83	1762	57652	1413	0	0
10081	83	1762	57652	356	1111	1007	83	1759	57658	1413	0	0
10082	83	1759	57658	1151	898	790	83	1756	57664	1413	0	0
10083	83	1756	57664	1525	1566	1502	83	1753	57670	1413	0	0
10084	83	1753	57670	763	1695	357	83	1750	57676	1413	0	0
10085	83	1750	57676	37	143	1347	83	1748	57680	1414	0	0
10086	83	1748	57680	447	1729	361	83	1745	57686	1414	0	0
10087	83	1745	57686	1569	1386	1648	83	1742	57692	1414	0	0
10088	83	1742	57692	133	1002	1608	83	1739	57698	1414	0	0
10089	83	1739	57698	522	1442	1776	83	1736	57704	1414	0	0
10090	83	1736	57704	388	690	1123	83	1733	57710	1414	0	0
10091	83	1733	57710	108	303	1408	83	1730	57716	1414	0	0
10092	83	1730	57716	1777	1371	1605	83	1727	57722	1414	0	0
10093	83	1727	57722	1743	468	640	83	1724	57728	1414	0	0
10094	83	1724	57728	1666	1481	1018	83	1721	57734	1414	0	0
10095	83	1721	57734	97	155	1031	83	1718	57740	1414	0	0
10096	83	1718	57740	38	19	1370	84	2297	57742	1416	580	0
10097	84	2297	57742	1241	234	2183	84	2294	57748	1416	0	0
10098	84	2294	57748	753	79	212	84	2292	57752	1417	0	0
10099	84	2292	57752	2095	867	943	84	2289	57758	1417	0	0
10100	84	2289	57758	2196	1930	651	84	2286	57764	1417	0	0
10101	84	2286	57764	983	926	879	84	2283	57770	1417	0	0
10102	84	2283	57770	745	1277	494	84	2280	57776	1417	0	0
10103	84	2280	57776	1231	2172	1876	84	2277	57782	1417	0	0
10104	84	2277	57782	116	2281	1867	84	2274	57788	1417	0	0
10105	84	2274	57788	1522	277	1190	84	2271	57794	1417	0	0
10106	84	2271	57794	548	803	453	84	2268	57800	1417	0	0
10107	84	2268	57800	2108	517	1830	84	2265	57806	1417	0	0
10108	84	2265	57806	1707	2191	2051	84	2262	57812	1417	0	0
10109	84	2262	57812	1685	1281	1398	84	2259	57818	1417	0	0
10110	84	2259	57818	1868	2063	1107	84	2256	57824	1417	0	0
10111	84	2256	57824	966	442	1026	84	2253	57830	1417	0	0
10112	84	2253	57830	2331	1629	1248	84	2250	57836	1417	0	0
10113	84	2250	57836	779	2163	1960	84	2247	57842	1417	0	0
10114	84	2247	57842	246	514	1781	84	2244	57848	1417	0	0
10115	84	2244	57848	44	566	101	84	2242	57852	1418	0	0
10116	84	2242	57852	653	1971	1246	84	2239	57858	1418	0	0
10117	84	2239	57858	433	1144	422	84	2236	57864	1418	0	0
10118	84	2236	57864	1759	2136	703	84	2233	57870	1418	0	0
10119	84	2233	57870	2186	2249	2282	84	2230	57876	1418	0	0
10120	84	2230	57876	1965	1189	151	84	2227	57882	1418	0	0
10121	84	2227	57882	1485	345	133	84	2224	57888	1418	0	0
10122	84	2224	57888	2287	1407	1359	84	2221	57894	1418	0	0
10123	84	2221	57894	459	1431	1415	84	2218	57900	1418	0	0
10124	84	2218	57900	110	898	677	84	2215	57906	1418	0	0
10125	84	2215	57906	324	594	816	84	2212	57912	1418	0	0
10126	84	2212	57912	34	771	1379	84	2210	57916	1419	0	0
10127	84	2210	57916	1997	2115	1724	84	2207	57922	1419	0	0
10128	84	2207	57922	984	45	2266	84	2205	57926	1420	0	0
10129	84	2205	57926	473	1443	175	84	2202	57932	1420	0	0
10130	84	2202	57932	314	1878	1791	84	2199	57938	1420	0	0
10131	84	2199	57938	1765	4	2232	84	2197	57942	1421	0	0
10132	84	2197	57942	991	2075	931	84	2194	57948	1421	0	0
10133	84	2194	57948	278	2035	799	84	2191	57954	1421	0	0
10134	84	2191	57954	538	793	1140	84	2188	57960	1421	0	0
10135	84	2188	57960	120	1491	1390	84	2185	57966	1421	0	0
10136	84	2185	57966	1380	566	1925	84	2182	57972	1421	0	0
10137	84	2182	57972	1943	449	1994	84	2179	57978	1421	0	0
10138	84	2179	57978	398	1930	2222	84	2176	57984	1421	0	0
10139	84	2176	57984	1692	1854	1923	84	2173	57990	1421	0	0
10140	84	2173	57990	791	297	1644	84	2170	57996	1421	0	0
10141	84	2170	57996	2160	2057	1122	84	2167	58002	1421	0	0
10142	84	2167	58002	707	1982	27	84	2165	58006	1422	0	0
10143	84	2165	58006	1947	332	188	84	2162	58012	1422	0	0
10144	84	2162	58012	511	1177	2086	84	2159	58018	1422	0	0
10145	84	2159	58018	710	1637	1585	84	2156	58024	1422	0	0
10146	84	2156	58024	1261	709	1614	84	2153	58030	1422	0	0
10147	84	2153	58030	650	2186	705	84	2150	58036	1422	0	0
10148	84	2150	58036	352	207	2206	84	2147	58042	1422	0	0
10149	84	2147	58042	1674	1745	1894	84	2144	58048	1422	0	0
10150	84	2144	58048	975	1701	1750	84	2141	58054	1422	0	0
10151	84	2141	58054	1672	330	1566	84	2138	58060	1422	0	0
10152	84	2138	58060	228	244	102	84	2135	58066	1422	0	0
10153	84	2135	58066	703	1875	587	84	2132	58072	1422	0	0
10154	84	2132	58072	2155	1465	1139	84	2129	58078	1422	0	0
10155	84	2129	58078	2074	363	556	84	2126	58084	1422	0	0
10156	84	2126	58084	1884	1383	743	84	2123	58090	1422	0	0
10157	84	2123	58090	1545	1456	1311	84	2120	58096	1422	0	0
10158	84	2120	58096	1888	2191	619	84	2117	58102	1422	0	0
10159	84	2117	58102	1189	491	1916	84	2114	58108	1422	0	0
10160	84	2114	58108	1255	337	1880	84	2111	58114	1422	0	0
10161	84	2111	58114	678	1407	2013	84	2108	58120	1422	0	0
10162	84	2108	58120	977	950	1022	84	2105	58126	1422	0	0
10163	84	2105	58126	17	2087	1634	84	2103	58130	1423	0	0
10164	84	2103	58130	1762	859	1520	84	2100	58136	1423	0	0
10165	84	2100	58136	864	841	335	84	2097	58142	1423	0	0
10166	84	2097	58142	1474	148	728	84	2094	58148	1423	0	0
10167	84	2094	58148	1003	2044	759	84	2091	58154	1423	0	0
10168	84	2091	58154	569	1153	170	84	2088	58160	1423	0	0
10169	84	2088	58160	1598	2119	1898	84	2085	58166	1423	0	0
10170	84	2085	58166	2080	244	747	84	2082	58172	1423	0	0
10171	84	2082	58172	1265	1504	2020	84	2079	58178	1423	0	0
10172	84	2079	58178	1547	1011	958	84	2076	58184	1423	0	0
10173	84	2076	58184	1655	507	1330	84	2073	58190	1423	0	0
10174	84	2073	58190	815	1558	1264	84	2070	58196	1423	0	0
10175	84	2070	58196	1484	1938	70	84	2068	58200	1424	0	0
10176	84	2068	58200	975	1866	2052	84	2065	58206	1424	0	0
10177	84	2065	58206	509	881	1535	84	2062	58212	1424	0	0
10178	84	2062	58212	1897	1870	1278	84	2059	58218	1424	0	0
10179	84	2059	58218	1877	2066	1718	84	2056	58224	1424	0	0
10180	84	2056	58224	429	478	1778	84	2053	58230	1424	0	0
10181	84	2053	58230	1154	2085	885	84	2050	58236	1424	0	0
10182	84	2050	58236	1791	1970	1587	84	2047	58242	1424	0	0
10183	84	2047	58242	1265	1574	605	84	2044	58248	1424	0	0
10184	84	2044	58248	280	1362	1995	84	2041	58254	1424	0	0
10185	84	2041	58254	2019	2004	688	84	2038	58260	1424	0	0
10186	84	2038	58260	81	1719	2105	84	2036	58264	1425	0	0
10187	84	2036	58264	173	1749	932	84	2033	58270	1425	0	0
10188	84	2033	58270	80	49	1141	85	2870	58272	1427	838	0
10189	85	2870	58272	1270	1741	1255	85	2867	58278	1427	0	0
10190	85	2867	58278	1259	2229	1741	85	2864	58284	1427	0	0
10191	85	2864	58284	14	1112	1413	85	2862	58288	1428	0	0
10192	85	2862	58288	562	1552	1122	85	2859	58294	1428	0	0
10193	85	2859	58294	464	1811	2926	85	2856	58300	1428	0	0
10194	85	2856	58300	1548	2595	971	85	2853	58306	1428	0	0
10195	85	2853	58306	1557	2687	1207	85	2850	58312	1428	0	0
10196	85	2850	58312	594	2674	2370	85	2847	58318	1428	0	0
10197	85	2847	58318	448	898	2848	85	2844	58324	1428	0	0
10198	85	2844	58324	489	2544	662	85	2841	58330	1428	0	0
10199	85	2841	58330	2367	2850	2266	85	2838	58336	1428	0	0
10200	85	2838	58336	1602	870	2577	85	2835	58342	1428	0	0
10201	85	2835	58342	335	45	1421	85	2833	58346	1429	0	0
10202	85	2833	58346	2808	2404	462	85	2830	58352	1429	0	0
10203	85	2830	58352	997	1313	2199	85	2827	58358	1429	0	0
10204	85	2827	58358	922	230	1892	85	2824	58364	1429	0	0
10205	85	2824	58364	1697	2575	1747	85	2821	58370	1429	0	0
10206	85	2821	58370	1809	1557	1172	85	2818	58376	1429	0	0
10207	85	2818	58376	111	286	1141	85	2815	58382	1429	0	0
10208	85	2815	58382	2542	336	2001	85	2812	58388	1429	0	0
10209	85	2812	58388	332	603	2601	85	2809	58394	1429	0	0
10210	85	2809	58394	1977	20	357	85	2807	58398	1430	0	0
10211	85	2807	58398	768	152	2736	85	2804	58404	1430	0	0
10212	85	2804	58404	1942	1162	426	85	2801	58410	1430	0	0
10213	85	2801	58410	915	123	1213	85	2798	58416	1430	0	0
10214	85	2798	58416	2657	648	818	85	2795	58422	1430	0	0
10215	85	2795	58422	1285	2307	169	85	2792	58428	1430	0	0
10216	85	2792	58428	1582	2659	2377	85	2789	58434	1430	0	0
10217	85	2789	58434	543	1065	2273	85	2786	58440	1430	0	0
10218	85	2786	58440	201	2730	290	85	2783	58446	1430	0	0
10219	85	2783	58446	217	2313	1037	85	2780	58452	1430	0	0
10220	85	2780	58452	2175	527	1329	85	2777	58458	1430	0	0
10221	85	2777	58458	2591	497	1374	85	2774	58464	1430	0	0
10222	85	2774	58464	1684	272	18	85	2772	58468	1431	0	0
10223	85	2772	58468	2230	788	2028	85	2769	58474	1431	0	0
10224	85	2769	58474	2758	510	2409	85	2766	58480	1431	0	0
10225	85	2766	58480	202	2848	2279	85	2763	58486	1431	0	0
10226	85	2763	58486	2683	2310	1151	85	2760	58492	1431	0	0
10227	85	2760	58492	2582	1325	2094	85	2757	58498	1431	0	0
10228	85	2757	58498	473	185	1235	85	2754	58504	1431	0	0
10229	85	2754	58504	2406	1712	2367	85	2751	58510	1431	0	0
10230	85	2751	58510	2168	681	669	85	2748	58516	1431	0	0
10231	85	2748	58516	17	490	597	85	2746	58520	1432	0	0
10232	85	2746	58520	534	128	2313	85	2743	58526	1432	0	0
10233	85	2743	58526	2099	19	1159	85	2741	58530	1433	0	0
10234	85	2741	58530	89	1206	1580	85	2738	58536	1433	0	0
10235	85	2738	58536	680	958	493	85	2735	58542	1433	0	0
10236	85	2735	58542	448	954	433	85	2732	58548	1433	0	0
10237	85	2732	58548	2769	130	2645	85	2729	58554	1433	0	0
10238	85	2729	58554	175	2190	2743	85	2726	58560	1433	0	0
10239	85	2726	58560	2776	1719	2291	85	2723	58566	1433	0	0
10240	85	2723	58566	78	763	1948	85	2721	58570	1434	0	0
10241	85	2721	58570	2053	1728	898	85	2718	58576	1434	0	0
10242	85	2718	58576	2685	945	2726	85	2715	58582	1434	0	0
10243	85	2715	58582	889	723	2665	85	2712	58588	1434	0	0
10244	85	2712	58588	165	834	1343	85	2709	58594	1434	0	0
10245	85	2709	58594	156	1735	265	85	2706	58600	1434	0	0
10246	85	2706	58600	1493	824	405	85	2703	58606	1434	0	0
10247	85	2703	58606	1565	2729	930	85	2700	58612	1434	0	0
10248	85	2700	58612	1531	1734	1921	85	2697	58618	1434	0	0
10249	85	2697	58618	1252	458	987	85	2694	58624	1434	0	0
10250	85	2694	58624	2428	764	2546	85	2691	58630	1434	0	0
10251	85	2691	58630	1812	2071	811	85	2688	58636	1434	0	0
10252	85	2688	58636	2350	1123	211	85	2685	58642	1434	0	0
10253	85	2685	58642	291	1993	2498	85	2682	58648	1434	0	0
10254	85	2682	58648	441	1183	1552	85	2679	58654	1434	0	0
10255	85	2679	58654	386	2686	1867	85	2676	58660	1434	0	0
10256	85	2676	58660	974	1113	1760	85	2673	58666	1434	0	0
10257	85	2673	58666	403	219	2476	85	2670	58672	1434	0	0
10258	85	2670	58672	790	424	990	85	2667	58678	1434	0	0
10259	85	2667	58678	2477	1197	2073	85	2664	58684	1434	0	0
10260	85	2664	58684	280	1737	2705	85	2661	58690	1434	0	0
10261	85	2661	58690	1711	25	33	86	3538	58692	1436	878	0
10262	86	3538	58692	249	2907	1877	86	3535	58698	1436	0	0
10263	86	3535	58698	2960	2597	2208	86	3532	58704	1436	0	0
10264	86	3532	58704	2528	2845	1116	86	3529	58710	1436	0	0
10265	86	3529	58710	2004	1655	2341	86	3526	58716	1436	0	0
10266	86	3526	58716	1570	2916	3450	86	3523	58722	1436	0	0
10267	86	3523	58722	1940	2877	1674	86	3520	58728	1436	0	0
10268	86	3520	58728	2234	2663	1534	86	3517	58734	1436	0	0
10269	86	3517	58734	265	2224	1651	86	3514	58740	1436	0	0
10270	86	3514	58740	3170	1085	2826	86	3511	58746	1436	0	0
10271	86	3511	58746	3041	1158	1222	86	3508	58752	1436	0	0
10272	86	3508	58752	778	3327	1159	86	3505	58758	1436	0	0
10273	86	3505	58758	963	1536	2084	86	3502	58764	1436	0	0
10274	86	3502	58764	1461	1642	774	86	3499	58770	1436	0	0
10275	86	3499	58770	278	1829	2393	86	3496	58776	1436	0	0
10276	86	3496	58776	740	3178	1675	86	3493	58782	1436	0	0
10277	86	3493	58782	844	2468	451	86	3490	58788	1436	0	0
10278	86	3490	58788	2320	1810	3016	86	3487	58794	1436	0	0
10279	86	3487	58794	428	800	2	86	3485	58798	1437	0	0
10280	86	3485	58798	2067	80	499	86	3483	58802	1438	0	0
10281	86	3483	58802	506	2721	1061	86	3480	58808	1438	0	0
10282	86	3480	58808	1513	1414	2633	86	3477	58814	1438	0	0
10283	86	3477	58814	2460	1067	2566	86	3474	58820	1438	0	0
10284	86	3474	58820	1578	3035	2789	86	3471	58826	1438	0	0
10285	86	3471	58826	1305	3253	3420	86	3468	58832	1438	0	0
10286	86	3468	58832	2429	2262	904	86	3465	58838	1438	0	0
10287	86	3465	58838	1753	2745	998	86	3462	58844	1438	0	0
10288	86	3462	58844	2110	967	1192	86	3459	58850	1438	0	0
10289	86	3459	58850	263	2010	3024	86	3456	58856	1438	0	0
10290	86	3456	58856	2532	1066	2385	86	3453	58862	1438	0	0
10291	86	3453	58862	2247	2278	3231	86	3450	58868	1438	0	0
10292	86	3450	58868	3317	1327	2212	86	3447	58874	1438	0	0
10293	86	3447	58874	2233	95	306	86	3444	58880	1438	0	0
10294	86	3444	58880	1922	2433	1685	86	3441	58886	1438	0	0
10295	86	3441	58886	2606	3194	3506	86	3438	58892	1438	0	0
10296	86	3438	58892	1179	1423	3260	86	3435	58898	1438	0	0
10297	86	3435	58898	751	2939	218	86	3432	58904	1438	0	0
10298	86	3432	58904	2341	2073	2683	86	3429	58910	1438	0	0
10299	86	3429	58910	2084	2892	1072	86	3426	58916	1438	0	0
10300	86	3426	58916	674	2928	3176	86	3423	58922	1438	0	0
10301	86	3423	58922	3024	461	1269	86	3420	58928	1438	0	0
10302	86	3420	58928	3262	115	3116	86	3417	58934	1438	0	0
10303	86	3417	58934	311	753	1744	86	3414	58940	1438	0	0
10304	86	3414	58940	2429	3428	1535	86	3411	58946	1438	0	0
10305	86	3411	58946	505	1261	1054	86	3408	58952	1438	0	0
10306	86	3408	58952	112	1552	3423	86	3405	58958	1438	0	0
10307	86	3405	58958	1890	147	1670	86	3402	58964	1438	0	0
10308	86	3402	58964	2390	1448	1704	86	3399	58970	1438	0	0
10309	86	3399	58970	3062	892	3207	86	3396	58976	1438	0	0
10310	86	3396	58976	1348	694	1319	86	3393	58982	1438	0	0
10311	86	3393	58982	3105	28	386	86	3391	58986	1439	0	0
10312	86	3391	58986	590	2367	2877	86	3388	58992	1439	0	0
10313	86	3388	58992	2480	596	3084	86	3385	58998	1439	0	0
10314	86	3385	58998	1962	2828	104	86	3382	59004	1439	0	0
10315	86	3382	59004	2723	646	2434	86	3379	59010	1439	0	0
10316	86	3379	59010	3323	859	2511	86	3376	59016	1439	0	0
10317	86	3376	59016	1868	521	1436	86	3373	59022	1439	0	0
10318	86	3373	59022	1904	1855	1588	86	3370	59028	1439	0	0
10319	86	3370	59028	437	223	933	86	3367	59034	1439	0	0
10320	86	3367	59034	1505	3250	1075	86	3364	59040	1439	0	0
10321	86	3364	59040	3030	2807	3323	86	3361	59046	1439	0	0
10322	86	3361	59046	2009	522	1090	86	3358	59052	1439	0	0
10323	86	3358	59052	1877	1558	1792	86	3355	59058	1439	0	0
10324	86	3355	59058	2278	1727	137	86	3352	59064	1439	0	0
10325	86	3352	59064	2473	1690	1526	86	3349	59070	1439	0	0
10326	86	3349	59070	2845	2925	1275	86	3346	59076	1439	0	0
10327	86	3346	59076	3208	305	931	86	3343	59082	1439	0	0
10328	86	3343	59082	1148	366	3318	86	3340	59088	1439	0	0
10329	86	3340	59088	2942	3303	412	86	3337	59094	1439	0	0
10330	86	3337	59094	3142	2604	756	86	3334	59100	1439	0	0
10331	86	3334	59100	814	1426	2998	86	3331	59106	1439	0	0
10332	86	3331	59106	103	30	2547	86	3329	59110	1440	0	0
10333	86	3329	59110	1332	1589	2367	86	3326	59116	1440	0	0
10334	86	3326	59116	2740	2352	621	86	3323	59122	1440	0	0
10335	86	3323	59122	203	480	1842	86	3320	59128	1440	0	0
10336	86	3320	59128	874	1361	2509	86	3317	59134	1440	0	0
10337	86	3317	59134	3379	3005	2530	86	3314	59140	1440	0	0
10338	86	3314	59140	2012	3121	1322	86	3311	59146	1440	0	0
10339	86	3311	59146	1914	2149	3098	86	3308	59152	1440	0	0
10340	86	3308	59152	130	3110	494	86	3305	59158	1440	0	0
10341	86	3305	59158	174	2459	2930	86	3302	59164	1440	0	0
10342	86	3302	59164	1003	1795	3045	86	3299	59170	1440	0	0
10343	86	3299	59170	783	1832	1811	86	3296	59176	1440	0	0
10344	86	3296	59176	1505	2808	2334	86	3293	59182	1440	0	0
10345	86	3293	59182	795	1691	942	86	3290	59188	1440	0	0
10346	86	3290	59188	1399	3344	2179	86	3287	59194	1440	0	0
10347	86	3287	59194	2006	2355	1162	86	3284	59200	1440	0	0
10348	86	3284	59200	3276	1472	2153	86	3281	59206	1440	0	0
10349	86	3281	59206	1762	3365	1059	86	3278	59212	1440	0	0
10350	86	3278	59212	3003	257	520	86	3275	59218	1440	0	0
10351	86	3275	59218	2906	2838	2319	86	3272	59224	1440	0	0
10352	86	3272	59224	1992	2107	859	86	3269	59230	1440	0	0
10353	86	3269	59230	3050	2117	2078	86	3266	59236	1440	0	0
10354	86	3266	59236	162	1646	2444	86	3263	59242	1440	0	0
10355	86	3263	59242	1556	1317	1547	86	3260	59248	1440	0	0
10356	86	3260	59248	545	1137	691	86	3257	59254	1440	0	0
10357	86	3257	59254	3234	1575	1258	86	3254	59260	1440	0	0
10358	86	3254	59260	488	720	1651	86	3251	59266	1440	0	0
10359	86	3251	59266	1092	1254	349	86	3248	59272	1440	0	0
10360	86	3248	59272	1731	2383	1327	86	3245	59278	1440	0	0
10361	86	3245	59278	73	3286	2508	86	3243	59282	1441	0	0
10362	86	3243	59282	2890	2094	3299	86	3240	59288	1441	0	0
10363	86	3240	59288	3065	518	1929	86	3237	59294	1441	0	0
10364	86	3237	59294	1056	1871	2529	86	3234	59300	1441	0	0
10365	86	3234	59300	3013	2482	1679	86	3231	59306	1441	0	0
10366	86	3231	59306	2831	104	2870	86	3228	59312	1441	0	0
10367	86	3228	59312	167	2807	2345	86	3225	59318	1441	0	0
10368	86	3225	59318	1094	1597	495	86	3222	59324	1441	0	0
10369	86	3222	59324	452	433	1584	86	3219	59330	1441	0	0
10370	86	3219	59330	689	1671	2928	86	3216	59336	1441	0	0
10371	86	3216	59336	2340	3159	2267	86	3213	59342	1441	0	0
10372	86	3213	59342	1617	2841	583	86	3210	59348	1441	0	0
10373	86	3210	59348	834	2719	1455	86	3207	59354	1441	0	0
10374	86	3207	59354	1935	1637	880	86	3204	59360	1441	0	0
10375	86	3204	59360	2540	261	2802	86	3201	59366	1441	0	0
10376	86	3201	59366	1556	1078	2368	86	3198	59372	1441	0	0
10377	86	3198	59372	2759	1693	1793	86	3195	59378	1441	0	0
10378	86	3195	59378	1206	1266	1505	86	3192	59384	1441	0	0
10379	86	3192	59384	1048	1677	27	86	3190	59388	1442	0	0
10380	86	3190	59388	3096	2919	509	86	3187	59394	1442	0	0
10381	86	3187	59394	159	3196	973	86	3184	59400	1442	0	0
10382	86	3184	59400	2278	2837	2891	86	3181	59406	1442	0	0
10383	86	3181	59406	1024	110	2987	86	3178	59412	1442	0	0
10384	86	3178	59412	1223	2819	1047	86	3175	59418	1442	0	0
10385	86	3175	59418	3021	1524	1292	86	3172	59424	1442	0	0
10386	86	3172	59424	1130	1500	2914	86	3169	59430	1442	0	0
10387	86	3169	59430	563	1499	363	86	3166	59436	1442	0	0
10388	86	3166	59436	2445	789	271	86	3163	59442	1442	0	0
10389	86	3163	59442	2508	2381	918	86	3160	59448	1442	0	0
10390	86	3160	59448	119	886	1045	86	3157	59454	1442	0	0
10391	86	3157	59454	552	1535	1955	86	3154	59460	1442	0	0
10392	86	3154	59460	442	1237	3045	86	3151	59466	1442	0	0
10393	86	3151	59466	2846	396	2278	86	3148	59472	1442	0	0
10394	86	3148	59472	3116	2866	1356	86	3145	59478	1442	0	0
10395	86	3145	59478	13	2814	731	86	3143	59482	1443	0	0
10396	86	3143	59482	549	2249	2755	86	3140	59488	1443	0	0
10397	86	3140	59488	1913	530	2725	86	3137	59494	1443	0	0
10398	86	3137	59494	2813	532	1704	86	3134	59500	1443	0	0
10399	86	3134	59500	2544	966	2869	86	3131	59506	1443	0	0
10400	86	3131	59506	1135	402	99	86	3128	59512	1443	0	0
10401	86	3128	59512	1605	1414	2828	86	3125	59518	1443	0	0
10402	86	3125	59518	1396	232	1562	86	3122	59524	1443	0	0
10403	86	3122	59524	607	1894	3103	86	3119	59530	1443	0	0
10404	86	3119	59530	2227	63	1961	86	3117	59534	1444	0	0
10405	86	3117	59534	1268	2929	831	86	3114	59540	1444	0	0
10406	86	3114	59540	2538	1300	1419	86	3111	59546	1444	0	0
10407	86	3111	59546	2136	1600	2528	86	3108	59552	1444	0	0
10408	86	3108	59552	239	1165	2091	86	3105	59558	1444	0	0
10409	86	3105	59558	197	2029	592	86	3102	59564	1444	0	0
10410	86	3102	59564	898	2444	2513	86	3099	59570	1444	0	0
10411	86	3099	59570	1647	757	248	86	3096	59576	1444	0	0
10412	86	3096	59576	3000	2058	2140	86	3093	59582	1444	0	0
10413	86	3093	59582	2780	1498	245	86	3090	59588	1444	0	0
10414	86	3090	59588	452	2416	358	86	3087	59594	1444	0	0
10415	86	3087	59594	2272	2494	1148	86	3084	59600	1444	0	0
10416	86	3084	59600	418	2104	902	86	3081	59606	1444	0	0
10417	86	3081	59606	436	3065	576	86	3078	59612	1444	0	0
10418	86	3078	59612	2030	832	1070	86	3075	59618	1444	0	0
10419	86	3075	59618	1844	1197	3122	86	3072	59624	1444	0	0
10420	86	3072	59624	1239	2235	1267	86	3069	59630	1444	0	0
10421	86	3069	59630	1683	1163	2010	86	3066	59636	1444	0	0
10422	86	3066	59636	2184	1922	1542	86	3063	59642	1444	0	0
10423	86	3063	59642	693	933	1040	86	3060	59648	1444	0	0
10424	86	3060	59648	2764	2229	242	86	3057	59654	1444	0	0
10425	86	3057	59654	1814	2348	2183	86	3054	59660	1444	0	0
10426	86	3054	59660	1332	1829	1315	86	3051	59666	1444	0	0
10427	86	3051	59666	836	2267	471	86	3048	59672	1444	0	0
10428	86	3048	59672	618	1688	1246	86	3045	59678	1444	0	0
10429	86	3045	59678	2476	2393	1464	86	3042	59684	1444	0	0
10430	86	3042	59684	2094	2810	3000	86	3039	59690	1444	0	0
10431	86	3039	59690	2642	1077	2774	86	3036	59696	1444	0	0
10432	86	3036	59696	328	1296	2813	86	3033	59702	1444	0	0
10433	86	3033	59702	929	413	2299	86	3030	59708	1444	0	0
10434	86	3030	59708	645	609	266	86	3027	59714	1444	0	0
10435	86	3027	59714	593	1546	3010	86	3024	59720	1444	0	0
10436	86	3024	59720	879	1141	1299	86	3021	59726	1444	0	0
10437	86	3021	59726	2134	2493	2812	86	3018	59732	1444	0	0
10438	86	3018	59732	2863	1304	2803	86	3015	59738	1444	0	0
10439	86	3015	59738	1370	2690	1529	86	3012	59744	1444	0	0
10440	86	3012	59744	2247	2305	147	86	3009	59750	1444	0	0
10441	86	3009	59750	2952	1742	1501	86	3006	59756	1444	0	0
10442	86	3006	59756	2548	1211	1095	86	3003	59762	1444	0	0
10443	86	3003	59762	180	377	1386	86	3000	59768	1444	0	0
10444	86	3000	59768	415	557	3031	86	2997	59774	1444	0	0
10445	86	2997	59774	1963	2714	1047	86	2994	59780	1444	0	0
10446	86	2994	59780	2768	1315	749	86	2991	59786	1444	0	0
10447	86	2991	59786	2416	611	2967	86	2988	59792	1444	0	0
10448	86	2988	59792	1427	2126	2958	86	2985	59798	1444	0	0
10449	86	2985	59798	1693	1586	2472	86	2982	59804	1444	0	0
10450	86	2982	59804	673	2840	768	86	2979	59810	1444	0	0
10451	86	2979	59810	488	2037	2586	86	2976	59816	1444	0	0
10452	86	2976	59816	2447	1318	1323	86	2973	59822	1444	0	0
10453	86	2973	59822	8	863	825	86	2971	59826	1445	0	0
10454	86	2971	59826	1891	1719	1655	86	2968	59832	1445	0	0
10455	86	2968	59832	2825	856	712	86	2965	59838	1445	0	0
10456	86	2965	59838	1002	1545	1364	86	2962	59844	1445	0	0
10457	86	2962	59844	301	927	669	86	2959	59850	1445	0	0
10458	86	2959	59850	548	1771	1638	86	2956	59856	1445	0	0
10459	86	2956	59856	1577	2912	2775	86	2953	59862	1445	0	0
10460	86	2953	59862	1851	1855	3018	86	2950	59868	1445	0	0
10461	86	2950	59868	2294	452	2829	86	2947	59874	1445	0	0
10462	86	2947	59874	2618	1871	2756	86	2944	59880	1445	0	0
10463	86	2944	59880	1153	768	1453	86	2941	59886	1445	0	0
10464	86	2941	59886	1367	1276	133	86	2938	59892	1445	0	0
10465	86	2938	59892	1493	1670	2461	86	2935	59898	1445	0	0
10466	86	2935	59898	2343	1256	869	86	2932	59904	1445	0	0
10467	86	2932	59904	1967	274	475	86	2929	59910	1445	0	0
10468	86	2929	59910	2604	2313	2270	86	2926	59916	1445	0	0
10469	86	2926	59916	2722	637	674	86	2923	59922	1445	0	0
10470	86	2923	59922	1356	1004	1529	86	2920	59928	1445	0	0
10471	86	2920	59928	2142	1482	2880	86	2917	59934	1445	0	0
10472	86	2917	59934	2578	1589	636	86	2914	59940	1445	0	0
10473	86	2914	59940	2927	1495	809	86	2911	59946	1445	0	0
10474	86	2911	59946	2367	1605	1564	86	2908	59952	1445	0	0
10475	86	2908	59952	615	726	2260	86	2905	59958	1445	0	0
10476	86	2905	59958	2093	1603	2042	86	2902	59964	1445	0	0
10477	86	2902	59964	2066	2017	835	86	2899	59970	1445	0	0
10478	86	2899	59970	824	1285	1318	86	2896	59976	1445	0	0
10479	86	2896	59976	130	45	2814	86	2894	59980	1446	0	0
10480	86	2894	59980	66	446	530	86	2892	59984	1447	0	0
10481	86	2892	59984	160	9	2616	86	2890	59988	1448	0	0
10482	86	2890	59988	1033	338	1026	86	2887	59994	1448	0	0
10483	86	2887	59994	66	1497	938	86	2885	59998	1449	0	0
10484	86	2885	59998	2055	209	1245	86	2882	60004	1449	0	0
10485	86	2882	60004	2547	2172	2804	86	2879	60010	1449	0	0
10486	86	2879	60010	879	500	2571	86	2876	60016	1449	0	0
10487	86	2876	60016	2469	1693	282	86	2873	60022	1449	0	0
10488	86	2873	60022	1372	2540	1931	86	2870	60028	1449	0	0
10489	86	2870	60028	686	2078	1968	86	2867	60034	1449	0	0
10490	86	2867	60034	1500	187	2699	86	2864	60040	1449	0	0
10491	86	2864	60040	544	2641	2872	86	2861	60046	1449	0	0
10492	86	2861	60046	898	2863	2060	86	2858	60052	1449	0	0
10493	86	2858	60052	348	1571	2673	86	2855	60058	1449	0	0
10494	86	2855	60058	1537	2317	2578	86	2852	60064	1449	0	0
10495	86	2852	60064	2121	1237	171	86	2849	60070	1449	0	0
10496	86	2849	60070	2668	758	699	86	2846	60076	1449	0	0
10497	86	2846	60076	2645	1092	2511	86	2843	60082	1449	0	0
10498	86	2843	60082	2070	459	334	86	2840	60088	1449	0	0
10499	86	2840	60088	588	1694	2424	86	2837	60094	1449	0	0
10500	86	2837	60094	2345	2550	1239	86	2834	60100	1449	0	0
10501	86	2834	60100	460	656	1971	86	2831	60106	1449	0	0
10502	86	2831	60106	2221	1630	2822	86	2828	60112	1449	0	0
10503	86	2828	60112	2365	1931	1472	86	2825	60118	1449	0	0
10504	86	2825	60118	648	243	623	86	2822	60124	1449	0	0
10505	86	2822	60124	386	489	2250	86	2819	60130	1449	0	0
10506	86	2819	60130	1304	2452	1905	86	2816	60136	1449	0	0
10507	86	2816	60136	2036	2695	875	86	2813	60142	1449	0	0
10508	86	2813	60142	2500	1674	1710	86	2810	60148	1449	0	0
10509	86	2810	60148	392	228	2146	86	2807	60154	1449	0	0
10510	86	2807	60154	1051	1112	658	86	2804	60160	1449	0	0
10511	86	2804	60160	1183	2849	1265	86	2801	60166	1449	0	0
10512	86	2801	60166	713	1726	1018	86	2798	60172	1449	0	0
10513	86	2798	60172	1415	1354	862	86	2795	60178	1449	0	0
10514	86	2795	60178	2134	178	2263	86	2792	60184	1449	0	0
10515	86	2792	60184	414	331	2372	86	2789	60190	1449	0	0
10516	86	2789	60190	2064	2245	1219	86	2786	60196	1449	0	0
10517	86	2786	60196	2088	1168	2582	86	2783	60202	1449	0	0
10518	86	2783	60202	1184	2465	2615	86	2780	60208	1449	0	0
10519	86	2780	60208	378	1048	341	86	2777	60214	1449	0	0
10520	86	2777	60214	2067	2323	1427	86	2774	60220	1449	0	0
10521	86	2774	60220	154	30	792	86	2772	60224	1450	0	0
10522	86	2772	60224	1765	1958	2389	86	2769	60230	1450	0	0
10523	86	2769	60230	1957	977	833	86	2766	60236	1450	0	0
10524	86	2766	60236	1145	1103	866	86	2763	60242	1450	0	0
10525	86	2763	60242	1051	526	2685	86	2760	60248	1450	0	0
10526	86	2760	60248	1488	2204	304	86	2757	60254	1450	0	0
10527	86	2757	60254	2321	1085	1192	86	2754	60260	1450	0	0
10528	86	2754	60260	1955	1630	1322	86	2751	60266	1450	0	0
10529	86	2751	60266	2820	424	2701	86	2748	60272	1450	0	0
10530	86	2748	60272	2082	2374	1323	86	2745	60278	1450	0	0
10531	86	2745	60278	2769	2002	1059	86	2742	60284	1450	0	0
10532	86	2742	60284	2600	1261	228	86	2739	60290	1450	0	0
10533	86	2739	60290	264	806	2335	86	2736	60296	1450	0	0
10534	86	2736	60296	720	1715	350	86	2733	60302	1450	0	0
10535	86	2733	60302	2129	2161	2735	86	2730	60308	1450	0	0
10536	86	2730	60308	1933	2581	801	86	2727	60314	1450	0	0
10537	86	2727	60314	1791	2142	2785	86	2724	60320	1450	0	0
10538	86	2724	60320	1281	412	384	86	2721	60326	1450	0	0
10539	86	2721	60326	124	700	733	86	2718	60332	1450	0	0
10540	86	2718	60332	1377	1290	598	86	2715	60338	1450	0	0
10541	86	2715	60338	1091	2548	984	86	2712	60344	1450	0	0
10542	86	2712	60344	2422	2313	2648	86	2709	60350	1450	0	0
10543	86	2709	60350	1158	1976	324	86	2706	60356	1450	0	0
10544	86	2706	60356	1085	1857	1926	86	2703	60362	1450	0	0
10545	86	2703	60362	2000	2197	287	86	2700	60368	1450	0	0
10546	86	2700	60368	639	689	207	86	2697	60374	1450	0	0
10547	86	2697	60374	1147	2352	843	86	2694	60380	1450	0	0
10548	86	2694	60380	1319	545	671	86	2691	60386	1450	0	0
10549	86	2691	60386	1121	1955	2086	86	2688	60392	1450	0	0
10550	86	2688	60392	754	387	1619	86	2685	60398	1450	0	0
10551	86	2685	60398	2031	24	392	86	2683	60402	1451	0	0
10552	86	2683	60402	847	1342	992	86	2680	60408	1451	0	0
10553	86	2680	60408	2708	2304	2346	86	2677	60414	1451	0	0
10554	86	2677	60414	513	546	2319	86	2674	60420	1451	0	0
10555	86	2674	60420	1824	1178	260	86	2671	60426	1451	0	0
10556	86	2671	60426	453	2234	2126	86	2668	60432	1451	0	0
10557	86	2668	60432	2712	454	960	86	2665	60438	1451	0	0
10558	86	2665	60438	1344	2523	578	86	2662	60444	1451	0	0
10559	86	2662	60444	1607	68	2247	86	2660	60448	1452	0	0
10560	86	2660	60448	331	2123	1726	86	2657	60454	1452	0	0
10561	86	2657	60454	506	613	233	86	2654	60460	1452	0	0
10562	86	2654	60460	1188	199	1589	86	2651	60466	1452	0	0
10563	86	2651	60466	2475	859	206	86	2648	60472	1452	0	0
10564	86	2648	60472	1876	843	2531	86	2645	60478	1452	0	0
10565	86	2645	60478	1597	2575	2682	86	2642	60484	1452	0	0
10566	86	2642	60484	402	1524	1594	86	2639	60490	1452	0	0
10567	86	2639	60490	1289	810	1644	86	2636	60496	1452	0	0
10568	86	2636	60496	2283	1142	1196	86	2633	60502	1452	0	0
10569	86	2633	60502	2676	1146	2053	86	2630	60508	1452	0	0
10570	86	2630	60508	1177	1327	742	86	2627	60514	1452	0	0
10571	86	2627	60514	2535	1507	1583	86	2624	60520	1452	0	0
10572	86	2624	60520	373	2385	100	86	2621	60526	1452	0	0
10573	86	2621	60526	1449	1314	490	86	2618	60532	1452	0	0
10574	86	2618	60532	749	507	1225	86	2615	60538	1452	0	0
10575	86	2615	60538	1798	1120	945	86	2612	60544	1452	0	0
10576	86	2612	60544	2095	1160	678	86	2609	60550	1452	0	0
10577	86	2609	60550	2692	1474	814	86	2606	60556	1452	0	0
10578	86	2606	60556	682	2266	1455	86	2603	60562	1452	0	0
10579	86	2603	60562	465	1960	2250	86	2600	60568	1452	0	0
10580	86	2600	60568	1485	2605	1672	86	2597	60574	1452	0	0
10581	86	2597	60574	590	1382	1386	86	2594	60580	1452	0	0
10582	86	2594	60580	274	324	861	86	2591	60586	1452	0	0
10583	86	2591	60586	1679	2431	585	86	2588	60592	1452	0	0
10584	86	2588	60592	1605	625	1149	86	2585	60598	1452	0	0
10585	86	2585	60598	2341	2051	2096	86	2582	60604	1452	0	0
10586	86	2582	60604	2595	1098	2515	86	2579	60610	1452	0	0
10587	86	2579	60610	1089	1176	622	86	2576	60616	1452	0	0
10588	86	2576	60616	575	1804	321	86	2573	60622	1452	0	0
10589	86	2573	60622	1842	2421	2613	86	2570	60628	1452	0	0
10590	86	2570	60628	1026	1843	2652	86	2567	60634	1452	0	0
10591	86	2567	60634	137	1363	135	86	2564	60640	1452	0	0
10592	86	2564	60640	1450	1220	842	86	2561	60646	1452	0	0
10593	86	2561	60646	338	2616	1017	86	2558	60652	1452	0	0
10594	86	2558	60652	672	44	1775	86	2556	60656	1453	0	0
10595	86	2556	60656	134	1084	1318	86	2553	60662	1453	0	0
10596	86	2553	60662	2106	172	1021	86	2550	60668	1453	0	0
10597	86	2550	60668	2388	1247	1389	86	2547	60674	1453	0	0
10598	86	2547	60674	153	1526	1267	86	2544	60680	1453	0	0
10599	86	2544	60680	2079	1160	717	86	2541	60686	1453	0	0
10600	86	2541	60686	1016	1230	983	86	2538	60692	1453	0	0
10601	86	2538	60692	2072	1071	2493	86	2535	60698	1453	0	0
10602	86	2535	60698	1033	2619	994	86	2532	60704	1453	0	0
10603	86	2532	60704	187	139	32	86	2530	60708	1454	0	0
10604	86	2530	60708	541	1529	1615	86	2527	60714	1454	0	0
10605	86	2527	60714	1403	2321	230	86	2524	60720	1454	0	0
10606	86	2524	60720	620	1211	543	86	2521	60726	1454	0	0
10607	86	2521	60726	2176	1315	513	86	2518	60732	1454	0	0
10608	86	2518	60732	1178	1022	1346	86	2515	60738	1454	0	0
10609	86	2515	60738	403	945	1105	86	2512	60744	1454	0	0
10610	86	2512	60744	2391	630	2118	86	2509	60750	1454	0	0
10611	86	2509	60750	926	670	2391	86	2506	60756	1454	0	0
10612	86	2506	60756	375	2324	2483	86	2503	60762	1454	0	0
10613	86	2503	60762	169	850	1724	86	2500	60768	1454	0	0
10614	86	2500	60768	1337	2557	1403	86	2497	60774	1454	0	0
10615	86	2497	60774	2526	1494	410	86	2494	60780	1454	0	0
10616	86	2494	60780	1994	1001	1933	86	2491	60786	1454	0	0
10617	86	2491	60786	2113	520	716	86	2488	60792	1454	0	0
10618	86	2488	60792	1100	2020	441	86	2485	60798	1454	0	0
10619	86	2485	60798	109	2095	2398	86	2482	60804	1454	0	0
10620	86	2482	60804	921	1501	1280	86	2479	60810	1454	0	0
10621	86	2479	60810	1073	1014	1287	86	2476	60816	1454	0	0
10622	86	2476	60816	2025	941	2114	86	2473	60822	1454	0	0
10623	86	2473	60822	1609	1180	214	86	2470	60828	1454	0	0
10624	86	2470	60828	1577	1153	1916	86	2467	60834	1454	0	0
10625	86	2467	60834	515	1759	2501	86	2464	60840	1454	0	0
10626	86	2464	60840	1901	2505	2345	86	2461	60846	1454	0	0
10627	86	2461	60846	1797	2526	1290	86	2458	60852	1454	0	0
10628	86	2458	60852	686	1117	410	86	2455	60858	1454	0	0
10629	86	2455	60858	2384	1057	1241	86	2452	60864	1454	0	0
10630	86	2452	60864	101	172	534	86	2449	60870	1454	0	0
10631	86	2449	60870	159	282	2516	86	2446	60876	1454	0	0
10632	86	2446	60876	2393	450	1718	86	2443	60882	1454	0	0
10633	86	2443	60882	2130	1680	1311	86	2440	60888	1454	0	0
10634	86	2440	60888	454	381	5	86	2438	60892	1455	0	0
10635	86	2438	60892	757	153	532	86	2435	60898	1455	0	0
10636	86	2435	60898	1591	2048	2089	86	2432	60904	1455	0	0
10637	86	2432	60904	48	1994	2495	86	2430	60908	1456	0	0
10638	86	2430	60908	2362	1329	614	86	2427	60914	1456	0	0
10639	86	2427	60914	1473	2465	1269	86	2424	60920	1456	0	0
10640	86	2424	60920	1141	865	1148	86	2421	60926	1456	0	0
10641	86	2421	60926	2436	141	2502	86	2418	60932	1456	0	0
10642	86	2418	60932	2368	1776	1527	86	2415	60938	1456	0	0
10643	86	2415	60938	495	555	2234	86	2412	60944	1456	0	0
10644	86	2412	60944	924	2123	1116	86	2409	60950	1456	0	0
10645	86	2409	60950	629	1572	326	86	2406	60956	1456	0	0
10646	86	2406	60956	308	1478	1709	86	2403	60962	1456	0	0
10647	86	2403	60962	2386	2225	1827	86	2400	60968	1456	0	0
10648	86	2400	60968	1722	51	806	86	2398	60972	1457	0	0
10649	86	2398	60972	314	788	2300	86	2395	60978	1457	0	0
10650	86	2395	60978	2264	2033	1645	86	2392	60984	1457	0	0
10651	86	2392	60984	869	693	2197	86	2389	60990	1457	0	0
10652	86	2389	60990	761	1096	1251	86	2386	60996	1457	0	0
10653	86	2386	60996	1913	800	863	86	2383	61002	1457	0	0
10654	86	2383	61002	2360	396	717	86	2380	61008	1457	0	0
10655	86	2380	61008	1398	1535	1885	86	2377	61014	1457	0	0
10656	86	2377	61014	1420	1489	1510	86	2374	61020	1457	0	0
10657	86	2374	61020	2185	1402	1811	86	2371	61026	1457	0	0
10658	86	2371	61026	2444	1752	1838	86	2368	61032	1457	0	0
10659	86	2368	61032	273	1890	2183	86	2365	61038	1457	0	0
10660	86	2365	61038	1004	1840	98	86	2362	61044	1457	0	0
10661	86	2362	61044	784	1420	140	86	2359	61050	1457	0	0
10662	86	2359	61050	1161	295	1971	86	2356	61056	1457	0	0
10663	86	2356	61056	2057	2399	1000	86	2353	61062	1457	0	0
10664	86	2353	61062	1336	317	4	86	2351	61066	1458	0	0
10665	86	2351	61066	2269	1127	157	86	2348	61072	1458	0	0
10666	86	2348	61072	2261	1272	491	86	2345	61078	1458	0	0
10667	86	2345	61078	2037	1162	2143	86	2342	61084	1458	0	0
10668	86	2342	61084	529	2277	577	86	2339	61090	1458	0	0
10669	86	2339	61090	1483	597	1285	86	2336	61096	1458	0	0
10670	86	2336	61096	213	312	2385	86	2333	61102	1458	0	0
10671	86	2333	61102	962	1891	1111	86	2330	61108	1458	0	0
10672	86	2330	61108	53	1458	726	86	2328	61112	1459	0	0
10673	86	2328	61112	478	820	2060	86	2325	61118	1459	0	0
10674	86	2325	61118	1850	624	657	86	2322	61124	1459	0	0
10675	86	2322	61124	220	778	2360	86	2319	61130	1459	0	0
10676	86	2319	61130	482	360	435	86	2316	61136	1459	0	0
10677	86	2316	61136	1734	1624	916	86	2313	61142	1459	0	0
10678	86	2313	61142	1868	780	1697	86	2310	61148	1459	0	0
10679	86	2310	61148	1906	1887	1808	86	2307	61154	1459	0	0
10680	86	2307	61154	603	863	1666	86	2304	61160	1459	0	0
10681	86	2304	61160	1640	2198	2017	86	2301	61166	1459	0	0
10682	86	2301	61166	198	725	1491	86	2298	61172	1459	0	0
10683	86	2298	61172	1957	474	1154	86	2295	61178	1459	0	0
10684	86	2295	61178	46	166	1755	86	2293	61182	1460	0	0
10685	86	2293	61182	1539	362	1477	86	2290	61188	1460	0	0
10686	86	2290	61188	1587	2176	1996	86	2287	61194	1460	0	0
10687	86	2287	61194	361	898	1246	86	2284	61200	1460	0	0
10688	86	2284	61200	2332	1405	1609	86	2281	61206	1460	0	0
10689	86	2281	61206	2188	2114	717	86	2278	61212	1460	0	0
10690	86	2278	61212	2020	2078	1331	86	2275	61218	1460	0	0
10691	86	2275	61218	782	1747	2213	86	2272	61224	1460	0	0
10692	86	2272	61224	129	858	1964	86	2269	61230	1460	0	0
10693	86	2269	61230	302	161	340	86	2266	61236	1460	0	0
10694	86	2266	61236	19	1360	1652	86	2264	61240	1461	0	0
10695	86	2264	61240	973	781	506	86	2261	61246	1461	0	0
10696	86	2261	61246	587	2197	670	86	2258	61252	1461	0	0
10697	86	2258	61252	177	1750	1602	86	2255	61258	1461	0	0
10698	86	2255	61258	858	1055	434	86	2252	61264	1461	0	0
10699	86	2252	61264	1373	1213	118	86	2249	61270	1461	0	0
10700	86	2249	61270	770	501	1488	86	2246	61276	1461	0	0
10701	86	2246	61276	933	1169	2171	86	2243	61282	1461	0	0
10702	86	2243	61282	1616	2242	1345	86	2240	61288	1461	0	0
10703	86	2240	61288	1204	1765	976	86	2237	61294	1461	0	0
10704	86	2237	61294	2193	1344	2301	86	2234	61300	1461	0	0
10705	86	2234	61300	1417	1755	106	86	2231	61306	1461	0	0
10706	86	2231	61306	939	1141	1886	86	2228	61312	1461	0	0
10707	86	2228	61312	1962	1995	1234	86	2225	61318	1461	0	0
10708	86	2225	61318	166	1838	768	86	2222	61324	1461	0	0
10709	86	2222	61324	2182	741	1394	86	2219	61330	1461	0	0
10710	86	2219	61330	1410	288	1105	86	2216	61336	1461	0	0
10711	86	2216	61336	2143	410	471	86	2213	61342	1461	0	0
10712	86	2213	61342	2280	1007	633	86	2210	61348	1461	0	0
10713	86	2210	61348	1247	2085	1776	86	2207	61354	1461	0	0
10714	86	2207	61354	392	131	209	86	2204	61360	1461	0	0
10715	86	2204	61360	1606	351	392	86	2201	61366	1461	0	0
10716	86	2201	61366	1973	2126	270	86	2198	61372	1461	0	0
10717	86	2198	61372	1176	1457	966	86	2195	61378	1461	0	0
10718	86	2195	61378	741	348	71	86	2193	61382	1462	0	0
10719	86	2193	61382	77	328	1312	86	2191	61386	1463	0	0
10720	86	2191	61386	953	1805	1701	86	2188	61392	1463	0	0
10721	86	2188	61392	62	278	1298	86	2186	61396	1464	0	0
10722	86	2186	61396	1956	1279	1696	86	2183	61402	1464	0	0
10723	86	2183	61402	64	96	158	86	2181	61406	1465	0	0
10724	86	2181	61406	515	1970	1690	86	2178	61412	1465	0	0
10725	86	2178	61412	191	1070	1509	86	2175	61418	1465	0	0
10726	86	2175	61418	260	1483	350	86	2172	61424	1465	0	0
10727	86	2172	61424	886	1130	1915	86	2169	61430	1465	0	0
10728	86	2169	61430	1565	1578	49	86	2167	61434	1466	0	0
10729	86	2167	61434	1738	88	1678	86	2164	61440	1466	0	0
10730	86	2164	61440	677	826	2093	86	2161	61446	1466	0	0
10731	86	2161	61446	860	2169	1483	86	2158	61452	1466	0	0
10732	86	2158	61452	1245	502	692	86	2155	61458	1466	0	0
10733	86	2155	61458	552	257	404	86	2152	61464	1466	0	0
10734	86	2152	61464	885	969	1479	86	2149	61470	1466	0	0
10735	86	2149	61470	1407	1702	538	86	2146	61476	1466	0	0
10736	86	2146	61476	2105	968	128	86	2143	61482	1466	0	0
10737	86	2143	61482	1633	389	10	86	2141	61486	1467	0	0
10738	86	2141	61486	107	1003	529	86	2138	61492	1467	0	0
10739	86	2138	61492	419	1193	1455	86	2135	61498	1467	0	0
10740	86	2135	61498	978	2062	844	86	2132	61504	1467	0	0
10741	86	2132	61504	1762	1671	1034	86	2129	61510	1467	0	0
10742	86	2129	61510	1077	579	782	86	2126	61516	1467	0	0
10743	86	2126	61516	2071	1730	824	86	2123	61522	1467	0	0
10744	86	2123	61522	1247	2020	367	86	2120	61528	1467	0	0
10745	86	2120	61528	1404	656	1076	86	2117	61534	1467	0	0
10746	86	2117	61534	578	63	1113	86	2115	61538	1468	0	0
10747	86	2115	61538	1171	1505	1134	86	2112	61544	1468	0	0
10748	86	2112	61544	135	2055	84	86	2110	61548	1469	0	0
10749	86	2110	61548	308	794	2194	86	2107	61554	1469	0	0
10750	86	2107	61554	98	1632	2058	86	2104	61560	1469	0	0
10751	86	2104	61560	524	703	426	86	2101	61566	1469	0	0
10752	86	2101	61566	704	1632	1985	86	2098	61572	1469	0	0
10753	86	2098	61572	1079	434	1651	86	2095	61578	1469	0	0
10754	86	2095	61578	1601	1254	1645	86	2092	61584	1469	0	0
10755	86	2092	61584	170	248	1883	86	2089	61590	1469	0	0
10756	86	2089	61590	545	1952	852	86	2086	61596	1469	0	0
10757	86	2086	61596	565	800	169	86	2083	61602	1469	0	0
10758	86	2083	61602	1038	463	1758	86	2080	61608	1469	0	0
10759	86	2080	61608	1262	158	906	86	2077	61614	1469	0	0
10760	86	2077	61614	175	420	2119	86	2074	61620	1469	0	0
10761	86	2074	61620	369	177	1456	86	2071	61626	1469	0	0
10762	86	2071	61626	913	204	1282	86	2068	61632	1469	0	0
10763	86	2068	61632	2056	869	1747	86	2065	61638	1469	0	0
10764	86	2065	61638	83	825	1874	86	2063	61642	1470	0	0
10765	86	2063	61642	367	1922	1979	86	2060	61648	1470	0	0
10766	86	2060	61648	799	1610	2103	86	2057	61654	1470	0	0
10767	86	2057	61654	469	1844	1875	86	2054	61660	1470	0	0
10768	86	2054	61660	85	1526	242	86	2052	61664	1471	0	0
10769	86	2052	61664	1978	2124	1875	86	2049	61670	1471	0	0
10770	86	2049	61670	739	1337	1454	86	2046	61676	1471	0	0
10771	86	2046	61676	1378	1816	1764	86	2043	61682	1471	0	0
10772	86	2043	61682	643	1321	804	86	2040	61688	1471	0	0
10773	86	2040	61688	64	1373	981	86	2038	61692	1472	0	0
10774	86	2038	61692	1229	1783	1764	86	2035	61698	1472	0	0
10775	86	2035	61698	394	445	468	86	2032	61704	1472	0	0
10776	86	2032	61704	182	843	2	86	2030	61708	1473	0	0
10777	86	2030	61708	454	834	319	86	2027	61714	1473	0	0
10778	86	2027	61714	33	1664	1442	86	2025	61718	1474	0	0
10779	86	2025	61718	1815	464	1939	86	2022	61724	1474	0	0
10780	86	2022	61724	545	290	257	86	2019	61730	1474	0	0
10781	86	2019	61730	638	2104	1838	86	2016	61736	1474	0	0
10782	86	2016	61736	960	145	1491	86	2013	61742	1474	0	0
10783	86	2013	61742	630	1190	436	86	2010	61748	1474	0	0
10784	86	2010	61748	1022	80	250	86	2008	61752	1475	0	0
10785	86	2008	61752	2053	1995	590	86	2005	61758	1475	0	0
10786	86	2005	61758	301	1657	1895	86	2002	61764	1475	0	0
10787	86	2002	61764	782	1216	1121	86	1999	61770	1475	0	0
10788	86	1999	61770	1342	476	788	86	1996	61776	1475	0	0
10789	86	1996	61776	1961	617	653	86	1993	61782	1475	0	0
10790	86	1993	61782	1695	856	137	86	1990	61788	1475	0	0
10791	86	1990	61788	1283	266	1464	86	1987	61794	1475	0	0
10792	86	1987	61794	1068	384	929	86	1984	61800	1475	0	0
10793	86	1984	61800	1469	208	1980	86	1981	61806	1475	0	0
10794	86	1981	61806	1692	472	879	86	1978	61812	1475	0	0
10795	86	1978	61812	1351	1050	1149	86	1975	61818	1475	0	0
10796	86	1975	61818	913	1024	429	86	1972	61824	1475	0	0
10797	86	1972	61824	914	1272	259	86	1969	61830	1475	0	0
10798	86	1969	61830	870	167	1991	86	1966	61836	1475	0	0
10799	86	1966	61836	586	1436	1586	86	1963	61842	1475	0	0
10800	86	1963	61842	806	449	398	86	1960	61848	1475	0	0
10801	86	1960	61848	1523	1369	1045	86	1957	61854	1475	0	0
10802	86	1957	61854	1918	487	1257	86	1954	61860	1475	0	0
10803	86	1954	61860	964	1285	197	86	1951	61866	1475	0	0
10804	86	1951	61866	583	675	431	86	1948	61872	1475	0	0
10805	86	1948	61872	965	1555	1088	86	1945	61878	1475	0	0
10806	86	1945	61878	543	1917	796	86	1942	61884	1475	0	0
10807	86	1942	61884	166	624	1079	86	1939	61890	1475	0	0
10808	86	1939	61890	1518	360	1137	86	1936	61896	1475	0	0
10809	86	1936	61896	561	536	1420	86	1933	61902	1475	0	0
10810	86	1933	61902	1615	1283	1703	86	1930	61908	1475	0	0
10811	86	1930	61908	1923	1143	162	86	1927	61914	1475	0	0
10812	86	1927	61914	171	784	284	86	1924	61920	1475	0	0
10813	86	1924	61920	393	58	843	86	1922	61924	1476	0	0
10814	86	1922	61924	264	1515	1761	86	1919	61930	1476	0	0
10815	86	1919	61930	1465	1180	1291	86	1916	61936	1476	0	0
10816	86	1916	61936	1018	382	1597	86	1913	61942	1476	0	0
10817	86	1913	61942	68	804	389	86	1911	61946	1477	0	0
10818	86	1911	61946	346	1425	1206	86	1908	61952	1477	0	0
10819	86	1908	61952	662	796	937	86	1905	61958	1477	0	0
10820	86	1905	61958	258	738	1881	86	1902	61964	1477	0	0
10821	86	1902	61964	545	427	568	86	1899	61970	1477	0	0
10822	86	1899	61970	453	1403	1243	86	1896	61976	1477	0	0
10823	86	1896	61976	1633	854	1071	86	1893	61982	1477	0	0
10824	86	1893	61982	1234	1205	1553	86	1890	61988	1477	0	0
10825	86	1890	61988	946	1972	1369	86	1887	61994	1477	0	0
10826	86	1887	61994	301	1188	458	86	1884	62000	1477	0	0
10827	86	1884	62000	701	1897	1530	86	1881	62006	1477	0	0
10828	86	1881	62006	878	430	1837	86	1878	62012	1477	0	0
10829	86	1878	62012	645	1632	930	86	1875	62018	1477	0	0
10830	86	1875	62018	447	1433	676	86	1872	62024	1477	0	0
10831	86	1872	62024	1667	326	815	86	1869	62030	1477	0	0
10832	86	1869	62030	84	265	1575	86	1867	62034	1478	0	0
10833	86	1867	62034	1050	1273	599	86	1864	62040	1478	0	0
10834	86	1864	62040	337	1338	749	86	1861	62046	1478	0	0
10835	86	1861	62046	406	947	1085	86	1858	62052	1478	0	0
10836	86	1858	62052	120	1918	1308	86	1855	62058	1478	0	0
10837	86	1855	62058	233	620	108	86	1852	62064	1478	0	0
10838	86	1852	62064	33	1659	400	86	1850	62068	1479	0	0
10839	86	1850	62068	354	1601	888	86	1847	62074	1479	0	0
10840	86	1847	62074	1006	1505	107	86	1844	62080	1479	0	0
10841	86	1844	62080	1072	468	153	86	1841	62086	1479	0	0
10842	86	1841	62086	147	492	1827	86	1838	62092	1479	0	0
10843	86	1838	62092	1865	382	779	86	1835	62098	1479	0	0
10844	86	1835	62098	889	552	977	86	1832	62104	1479	0	0
10845	86	1832	62104	273	938	989	86	1829	62110	1479	0	0
10846	86	1829	62110	1395	771	1206	86	1826	62116	1479	0	0
10847	86	1826	62116	534	1174	1567	86	1823	62122	1479	0	0
10848	86	1823	62122	251	5	541	86	1821	62126	1480	0	0
10849	86	1821	62126	250	192	767	86	1818	62132	1480	0	0
10850	86	1818	62132	1648	238	1862	86	1815	62138	1480	0	0
10851	86	1815	62138	963	990	964	86	1812	62144	1480	0	0
10852	86	1812	62144	963	894	1750	86	1809	62150	1480	0	0
10853	86	1809	62150	569	1336	1692	86	1806	62156	1480	0	0
10854	86	1806	62156	1378	296	1877	86	1803	62162	1480	0	0
10855	86	1803	62162	1711	1582	9	86	1801	62166	1481	0	0
10856	86	1801	62166	1576	1296	487	86	1798	62172	1481	0	0
10857	86	1798	62172	1134	804	554	86	1795	62178	1481	0	0
10858	86	1795	62178	1322	671	1840	86	1792	62184	1481	0	0
10859	86	1792	62184	1793	771	213	86	1789	62190	1481	0	0
10860	86	1789	62190	1759	1187	1312	86	1786	62196	1481	0	0
10861	86	1786	62196	356	1095	311	86	1783	62202	1481	0	0
10862	86	1783	62202	1715	577	297	86	1780	62208	1481	0	0
10863	86	1780	62208	986	1219	1774	86	1777	62214	1481	0	0
10864	86	1777	62214	411	1415	858	86	1774	62220	1481	0	0
10865	86	1774	62220	784	905	893	86	1771	62226	1481	0	0
10866	86	1771	62226	318	1806	1357	86	1768	62232	1481	0	0
10867	86	1768	62232	253	197	930	86	1765	62238	1481	0	0
10868	86	1765	62238	813	189	5	86	1763	62242	1482	0	0
10869	86	1763	62242	145	2	1076	86	1761	62246	1483	0	0
10870	86	1761	62246	1135	1247	1100	86	1758	62252	1483	0	0
10871	86	1758	62252	498	543	1481	86	1755	62258	1483	0	0
10872	86	1755	62258	1763	301	1757	86	1752	62264	1483	0	0
10873	86	1752	62264	488	1390	383	86	1749	62270	1483	0	0
10874	86	1749	62270	1444	997	1750	86	1746	62276	1483	0	0
10875	86	1746	62276	468	85	952	86	1744	62280	1484	0	0
10876	86	1744	62280	566	1505	224	86	1741	62286	1484	0	0
10877	86	1741	62286	685	194	573	86	1738	62292	1484	0	0
10878	86	1738	62292	1780	1805	1241	86	1735	62298	1484	0	0
10879	86	1735	62298	1666	1257	651	86	1732	62304	1484	0	0
10880	86	1732	62304	702	1813	915	86	1729	62310	1484	0	0
10881	86	1729	62310	1518	1393	843	86	1726	62316	1484	0	0
10882	86	1726	62316	1251	1571	1089	86	1723	62322	1484	0	0
10883	86	1723	62322	1615	321	685	86	1720	62328	1484	0	0
10884	86	1720	62328	1350	120	411	86	1717	62334	1484	0	0
10885	86	1717	62334	1271	532	814	86	1714	62340	1484	0	0
10886	86	1714	62340	831	641	1591	86	1711	62346	1484	0	0
10887	86	1711	62346	704	211	698	86	1708	62352	1484	0	0
10888	86	1708	62352	908	1652	1318	86	1705	62358	1484	0	0
10889	86	1705	62358	299	726	1707	86	1702	62364	1484	0	0
10890	86	1702	62364	848	802	24	86	1700	62368	1485	0	0
10891	86	1700	62368	1390	606	1018	86	1697	62374	1485	0	0
10892	86	1697	62374	88	788	113	86	1694	62380	1485	0	0
10893	86	1694	62380	661	278	1238	86	1691	62386	1485	0	0
10894	86	1691	62386	931	380	1644	86	1688	62392	1485	0	0
10895	86	1688	62392	398	1183	692	86	1685	62398	1485	0	0
10896	86	1685	62398	842	1391	1478	86	1682	62404	1485	0	0
10897	86	1682	62404	1211	1757	474	86	1679	62410	1485	0	0
10898	86	1679	62410	1295	891	1231	86	1676	62416	1485	0	0
10899	86	1676	62416	1	196	1510	86	1674	62420	1486	0	0
10900	86	1674	62420	1272	29	344	86	1672	62424	1487	0	0
10901	86	1672	62424	1645	134	1647	86	1669	62430	1487	0	0
10902	86	1669	62430	1528	1092	787	86	1666	62436	1487	0	0
10903	86	1666	62436	326	1418	493	86	1663	62442	1487	0	0
10904	86	1663	62442	610	153	350	86	1660	62448	1487	0	0
10905	86	1660	62448	451	1247	1632	86	1657	62454	1487	0	0
10906	86	1657	62454	1485	126	1193	86	1654	62460	1487	0	0
10907	86	1654	62460	339	1403	222	86	1651	62466	1487	0	0
10908	86	1651	62466	1328	1508	435	86	1648	62472	1487	0	0
10909	86	1648	62472	1605	827	839	86	1645	62478	1487	0	0
10910	86	1645	62478	1235	951	1490	86	1642	62484	1487	0	0
10911	86	1642	62484	1513	502	1151	86	1639	62490	1487	0	0
10912	86	1639	62490	94	123	735	86	1636	62496	1487	0	0
10913	86	1636	62496	925	750	511	86	1633	62502	1487	0	0
10914	86	1633	62502	251	1327	816	86	1630	62508	1487	0	0
10915	86	1630	62508	1209	1504	416	86	1627	62514	1487	0	0
10916	86	1627	62514	239	936	756	86	1624	62520	1487	0	0
10917	86	1624	62520	626	764	756	86	1621	62526	1487	0	0
10918	86	1621	62526	1437	1018	1494	86	1618	62532	1487	0	0
10919	86	1618	62532	1113	1007	365	86	1615	62538	1487	0	0
10920	86	1615	62538	427	562	126	86	1612	62544	1487	0	0
10921	86	1612	62544	1257	576	0	86	1610	62548	1488	0	0
10922	86	1610	62548	1568	1439	1196	86	1607	62554	1488	0	0
10923	86	1607	62554	323	110	35	86	1605	62558	1489	0	0
10924	86	1605	62558	123	1331	858	86	1602	62564	1489	0	0
10925	86	1602	62564	1308	1032	1231	86	1599	62570	1489	0	0
10926	86	1599	62570	899	1240	1663	86	1596	62576	1489	0	0
10927	86	1596	62576	65	704	408	86	1594	62580	1490	0	0
10928	86	1594	62580	1588	1483	539	86	1591	62586	1490	0	0
10929	86	1591	62586	1421	934	93	86	1588	62592	1490	0	0
10930	86	1588	62592	415	215	39	86	1586	62596	1491	0	0
10931	86	1586	62596	849	539	786	86	1583	62602	1491	0	0
10932	86	1583	62602	1365	1050	790	86	1580	62608	1491	0	0
10933	86	1580	62608	586	0	813	86	1578	62612	1492	0	0
10934	86	1578	62612	1577	1622	301	86	1575	62618	1492	0	0
10935	86	1575	62618	82	1438	966	86	1573	62622	1493	0	0
10936	86	1573	62622	76	281	188	86	1571	62626	1494	0	0
10937	86	1571	62626	729	859	1497	86	1568	62632	1494	0	0
10938	86	1568	62632	216	226	1114	86	1565	62638	1494	0	0
10939	86	1565	62638	1259	909	450	86	1562	62644	1494	0	0
10940	86	1562	62644	1482	1419	269	86	1559	62650	1494	0	0
10941	86	1559	62650	620	967	1347	86	1556	62656	1494	0	0
10942	86	1556	62656	1558	1624	997	86	1553	62662	1494	0	0
10943	86	1553	62662	1533	299	1183	86	1550	62668	1494	0	0
10944	86	1550	62668	529	594	1465	86	1547	62674	1494	0	0
10945	86	1547	62674	1311	1235	773	86	1544	62680	1494	0	0
10946	86	1544	62680	860	608	395	86	1541	62686	1494	0	0
10947	86	1541	62686	461	619	317	86	1538	62692	1494	0	0
10948	86	1538	62692	22	616	1159	86	1536	62696	1495	0	0
10949	86	1536	62696	279	1084	891	86	1533	62702	1495	0	0
10950	86	1533	62702	1230	511	1413	86	1530	62708	1495	0	0
10951	86	1530	62708	912	1091	651	86	1527	62714	1495	0	0
10952	86	1527	62714	1051	735	125	86	1524	62720	1495	0	0
10953	86	1524	62720	435	1226	1315	86	1521	62726	1495	0	0
10954	86	1521	62726	344	862	1075	86	1518	62732	1495	0	0
10955	86	1518	62732	1105	127	1238	86	1515	62738	1495	0	0
10956	86	1515	62738	1443	377	406	86	1512	62744	1495	0	0
10957	86	1512	62744	87	1178	367	86	1509	62750	1495	0	0
10958	86	1509	62750	872	981	1059	86	1506	62756	1495	0	0
10959	86	1506	62756	204	738	808	86	1503	62762	1495	0	0
10960	86	1503	62762	54	1168	860	86	1501	62766	1496	0	0
10961	86	1501	62766	442	1365	1179	86	1498	62772	1496	0	0
10962	86	1498	62772	1386	1583	1008	86	1495	62778	1496	0	0
10963	86	1495	62778	1009	1308	430	86	1492	62784	1496	0	0
10964	86	1492	62784	851	332	944	86	1489	62790	1496	0	0
10965	86	1489	62790	600	38	648	86	1487	62794	1497	0	0
10966	86	1487	62794	1566	744	781	86	1484	62800	1497	0	0
10967	86	1484	62800	697	513	597	86	1481	62806	1497	0	0
10968	86	1481	62806	920	1032	1324	86	1478	62812	1497	0	0
10969	86	1478	62812	666	910	314	86	1475	62818	1497	0	0
10970	86	1475	62818	1138	1259	852	86	1472	62824	1497	0	0
10971	86	1472	62824	1462	849	1193	86	1469	62830	1497	0	0
10972	86	1469	62830	802	1500	542	86	1466	62836	1497	0	0
10973	86	1466	62836	1158	1521	1495	86	1463	62842	1497	0	0
10974	86	1463	62842	520	591	69	86	1461	62846	1498	0	0
10975	86	1461	62846	491	1252	300	86	1458	62852	1498	0	0
10976	86	1458	62852	1527	1353	1517	86	1455	62858	1498	0	0
10977	86	1455	62858	465	184	892	86	1452	62864	1498	0	0
10978	86	1452	62864	658	1208	398	86	1449	62870	1498	0	0
10979	86	1449	62870	1393	112	366	86	1446	62876	1498	0	0
10980	86	1446	62876	434	444	737	86	1443	62882	1498	0	0
10981	86	1443	62882	755	1382	22	86	1441	62886	1499	0	0
10982	86	1441	62886	684	889	259	86	1438	62892	1499	0	0
10983	86	1438	62892	1218	496	1268	86	1435	62898	1499	0	0
10984	86	1435	62898	1381	691	532	86	1432	62904	1499	0	0
10985	86	1432	62904	1468	1361	1163	86	1429	62910	1499	0	0
10986	86	1429	62910	1083	303	1459	86	1426	62916	1499	0	0
10987	86	1426	62916	1	201	1064	86	1424	62920	1500	0	0
10988	86	1424	62920	478	695	1289	86	1421	62926	1500	0	0
10989	86	1421	62926	881	169	806	86	1418	62932	1500	0	0
10990	86	1418	62932	313	1076	1143	86	1415	62938	1500	0	0
10991	86	1415	62938	1356	284	1108	86	1412	62944	1500	0	0
10992	86	1412	62944	420	904	1213	86	1409	62950	1500	0	0
10993	86	1409	62950	8	99	868	86	1407	62954	1501	0	0
10994	86	1407	62954	1251	754	430	86	1404	62960	1501	0	0
10995	86	1404	62960	1341	607	992	86	1401	62966	1501	0	0
10996	86	1401	62966	1303	547	1404	86	1398	62972	1501	0	0
10997	86	1398	62972	816	799	606	86	1395	62978	1501	0	0
10998	86	1395	62978	1000	1406	668	86	1392	62984	1501	0	0
10999	86	1392	62984	1035	972	719	86	1389	62990	1501	0	0
11000	86	1389	62990	220	1453	866	86	1386	62996	1501	0	0
11001	86	1386	62996	82	767	1157	86	1384	63000	1502	0	0
11002	86	1384	63000	300	320	270	86	1381	63006	1502	0	0
11003	86	1381	63006	1375	1407	533	86	1378	63012	1502	0	0
11004	86	1378	63012	767	319	1099	86	1375	63018	1502	0	0
11005	86	1375	63018	748	140	1143	86	1372	63024	1502	0	0
11006	86	1372	63024	204	158	42	86	1370	63028	1503	0	0
11007	86	1370	63028	618	844	842	86	1367	63034	1503	0	0
11008	86	1367	63034	371	1107	234	86	1364	63040	1503	0	0
11009	86	1364	63040	107	933	278	86	1361	63046	1503	0	0
11010	86	1361	63046	116	543	1263	86	1358	63052	1503	0	0
11011	86	1358	63052	462	559	560	86	1355	63058	1503	0	0
11012	86	1355	63058	529	620	237	86	1352	63064	1503	0	0
11013	86	1352	63064	1352	1247	487	86	1349	63070	1503	0	0
11014	86	1349	63070	1103	523	872	86	1346	63076	1503	0	0
11015	86	1346	63076	969	915	288	86	1343	63082	1503	0	0
11016	86	1343	63082	893	285	186	86	1340	63088	1503	0	0
11017	86	1340	63088	306	1162	947	86	1337	63094	1503	0	0
11018	86	1337	63094	19	905	614	86	1335	63098	1504	0	0
11019	86	1335	63098	226	700	1040	86	1332	63104	1504	0	0
11020	86	1332	63104	22	916	1108	86	1330	63108	1505	0	0
11021	86	1330	63108	1223	1293	1311	86	1327	63114	1505	0	0
11022	86	1327	63114	273	753	732	86	1324	63120	1505	0	0
11023	86	1324	63120	1035	749	1254	86	1321	63126	1505	0	0
11024	86	1321	63126	992	36	793	86	1319	63130	1506	0	0
11025	86	1319	63130	78	243	1164	86	1317	63134	1507	0	0
11026	86	1317	63134	980	614	1305	86	1314	63140	1507	0	0
11027	86	1314	63140	711	485	424	86	1311	63146	1507	0	0
11028	86	1311	63146	443	684	643	86	1308	63152	1507	0	0
11029	86	1308	63152	834	1312	208	86	1305	63158	1507	0	0
11030	86	1305	63158	214	530	814	86	1302	63164	1507	0	0
11031	86	1302	63164	250	665	1094	86	1299	63170	1507	0	0
11032	86	1299	63170	418	833	456	86	1296	63176	1507	0	0
11033	86	1296	63176	352	774	683	86	1293	63182	1507	0	0
11034	86	1293	63182	106	264	1239	86	1290	63188	1507	0	0
11035	86	1290	63188	979	390	714	86	1287	63194	1507	0	0
11036	86	1287	63194	170	945	772	86	1284	63200	1507	0	0
11037	86	1284	63200	676	1134	1092	86	1281	63206	1507	0	0
11038	86	1281	63206	897	682	0	86	1279	63210	1508	0	0
11039	86	1279	63210	676	611	323	86	1276	63216	1508	0	0
11040	86	1276	63216	906	73	564	86	1274	63220	1509	0	0
11041	86	1274	63220	310	444	953	86	1271	63226	1509	0	0
11042	86	1271	63226	504	913	584	86	1268	63232	1509	0	0
11043	86	1268	63232	38	1157	1100	86	1266	63236	1510	0	0
11044	86	1266	63236	1058	1236	70	86	1264	63240	1511	0	0
11045	86	1264	63240	236	610	407	86	1261	63246	1511	0	0
11046	86	1261	63246	1066	592	189	86	1258	63252	1511	0	0
11047	86	1258	63252	837	118	169	86	1255	63258	1511	0	0
11048	86	1255	63258	105	8	939	86	1253	63262	1512	0	0
11049	86	1253	63262	613	224	1053	86	1250	63268	1512	0	0
11050	86	1250	63268	54	1018	747	86	1248	63272	1513	0	0
11051	86	1248	63272	341	813	1205	86	1245	63278	1513	0	0
11052	86	1245	63278	742	660	80	86	1243	63282	1514	0	0
11053	86	1243	63282	334	290	1240	86	1240	63288	1514	0	0
11054	86	1240	63288	472	820	1030	86	1237	63294	1514	0	0
11055	86	1237	63294	1049	910	177	86	1234	63300	1514	0	0
11056	86	1234	63300	1273	4	365	86	1232	63304	1515	0	0
11057	86	1232	63304	1185	1278	25	86	1230	63308	1516	0	0
11058	86	1230	63308	547	984	1175	86	1227	63314	1516	0	0
11059	86	1227	63314	924	545	997	86	1224	63320	1516	0	0
11060	86	1224	63320	277	430	412	86	1221	63326	1516	0	0
11061	86	1221	63326	88	678	370	86	1218	63332	1516	0	0
11062	86	1218	63332	866	1011	44	86	1216	63336	1517	0	0
11063	86	1216	63336	933	1205	1247	86	1213	63342	1517	0	0
11064	86	1213	63342	1200	925	125	86	1210	63348	1517	0	0
11065	86	1210	63348	1004	150	12	86	1208	63352	1518	0	0
11066	86	1208	63352	729	1265	732	86	1205	63358	1518	0	0
11067	86	1205	63358	281	1131	168	86	1202	63364	1518	0	0
11068	86	1202	63364	455	426	1195	86	1199	63370	1518	0	0
11069	86	1199	63370	704	1218	471	86	1196	63376	1518	0	0
11070	86	1196	63376	628	1252	881	86	1193	63382	1518	0	0
11071	86	1193	63382	693	1147	144	86	1190	63388	1518	0	0
11072	86	1190	63388	1031	597	463	86	1187	63394	1518	0	0
11073	86	1187	63394	339	582	841	86	1184	63400	1518	0	0
11074	86	1184	63400	171	853	235	86	1181	63406	1518	0	0
11075	86	1181	63406	105	111	69	86	1179	63410	1519	0	0
11076	86	1179	63410	947	891	785	86	1176	63416	1519	0	0
11077	86	1176	63416	75	579	476	86	1174	63420	1520	0	0
11078	86	1174	63420	886	896	273	86	1171	63426	1520	0	0
11079	86	1171	63426	878	551	775	86	1168	63432	1520	0	0
11080	86	1168	63432	326	978	598	86	1165	63438	1520	0	0
11081	86	1165	63438	158	307	130	86	1162	63444	1520	0	0
11082	86	1162	63444	67	628	701	86	1160	63448	1521	0	0
11083	86	1160	63448	869	692	1178	86	1157	63454	1521	0	0
11084	86	1157	63454	302	422	193	86	1154	63460	1521	0	0
11085	86	1154	63460	783	563	265	86	1151	63466	1521	0	0
11086	86	1151	63466	226	884	366	86	1148	63472	1521	0	0
11087	86	1148	63472	117	403	105	86	1145	63478	1521	0	0
11088	86	1145	63478	537	980	196	86	1142	63484	1521	0	0
11089	86	1142	63484	1043	402	236	86	1139	63490	1521	0	0
11090	86	1139	63490	670	936	27	86	1137	63494	1522	0	0
11091	86	1137	63494	843	864	230	86	1134	63500	1522	0	0
11092	86	1134	63500	638	1098	881	86	1131	63506	1522	0	0
11093	86	1131	63506	1066	1078	14	86	1129	63510	1523	0	0
11094	86	1129	63510	973	875	612	86	1126	63516	1523	0	0
11095	86	1126	63516	427	1126	87	86	1123	63522	1523	0	0
11096	86	1123	63522	884	779	281	86	1120	63528	1523	0	0
11097	86	1120	63528	1007	6	59	87	1611	63530	1525	492	0
11098	87	1611	63530	1627	1358	56	87	1609	63534	1526	0	0
11099	87	1609	63534	1369	820	364	87	1606	63540	1526	0	0
11100	87	1606	63540	1327	1112	705	87	1603	63546	1526	0	0
11101	87	1603	63546	1459	241	1590	87	1600	63552	1526	0	0
11102	87	1600	63552	1332	1111	669	87	1597	63558	1526	0	0
11103	87	1597	63558	1383	1286	1397	87	1594	63564	1526	0	0
11104	87	1594	63564	263	342	1257	87	1591	63570	1526	0	0
11105	87	1591	63570	1352	1567	529	87	1588	63576	1526	0	0
11106	87	1588	63576	141	1496	147	87	1585	63582	1526	0	0
11107	87	1585	63582	840	1528	1197	87	1582	63588	1526	0	0
11108	87	1582	63588	344	1667	211	87	1579	63594	1526	0	0
11109	87	1579	63594	582	968	1508	87	1576	63600	1526	0	0
11110	87	1576	63600	1657	116	768	87	1573	63606	1526	0	0
11111	87	1573	63606	200	730	1625	87	1570	63612	1526	0	0
11112	87	1570	63612	268	193	828	87	1567	63618	1526	0	0
11113	87	1567	63618	1243	794	847	87	1564	63624	1526	0	0
11114	87	1564	63624	923	964	1069	87	1561	63630	1526	0	0
11115	87	1561	63630	1520	1374	1511	87	1558	63636	1526	0	0
11116	87	1558	63636	720	853	1599	87	1555	63642	1526	0	0
11117	87	1555	63642	845	1009	1087	87	1552	63648	1526	0	0
11118	87	1552	63648	660	348	620	87	1549	63654	1526	0	0
11119	87	1549	63654	1367	1579	933	87	1546	63660	1526	0	0
11120	87	1546	63660	317	1045	129	87	1543	63666	1526	0	0
11121	87	1543	63666	725	951	699	87	1540	63672	1526	0	0
11122	87	1540	63672	1595	1318	969	87	1537	63678	1526	0	0
11123	87	1537	63678	1246	1559	560	87	1534	63684	1526	0	0
11124	87	1534	63684	668	83	694	87	1532	63688	1527	0	0
11125	87	1532	63688	974	94	1242	87	1529	63694	1527	0	0
11126	87	1529	63694	1068	986	955	87	1526	63700	1527	0	0
11127	87	1526	63700	1255	584	1292	87	1523	63706	1527	0	0
11128	87	1523	63706	1253	211	635	87	1520	63712	1527	0	0
11129	87	1520	63712	295	979	563	87	1517	63718	1527	0	0
11130	87	1517	63718	781	175	729	87	1514	63724	1527	0	0
11131	87	1514	63724	1397	1534	118	87	1511	63730	1527	0	0
11132	87	1511	63730	1314	748	1445	87	1508	63736	1527	0	0
11133	87	1508	63736	84	396	1408	87	1506	63740	1528	0	0
11134	87	1506	63740	371	223	835	87	1503	63746	1528	0	0
11135	87	1503	63746	365	929	1332	87	1500	63752	1528	0	0
11136	87	1500	63752	485	1126	67	87	1498	63756	1529	0	0
11137	87	1498	63756	45	575	272	87	1496	63760	1530	0	0
11138	87	1496	63760	539	59	254	87	1494	63764	1531	0	0
11139	87	1494	63764	825	880	1079	87	1491	63770	1531	0	0
11140	87	1491	63770	290	1541	535	87	1488	63776	1531	0	0
11141	87	1488	63776	813	987	469	87	1485	63782	1531	0	0
11142	87	1485	63782	535	230	1231	87	1482	63788	1531	0	0
11143	87	1482	63788	290	684	691	87	1479	63794	1531	0	0
11144	87	1479	63794	636	140	1275	87	1476	63800	1531	0	0
11145	87	1476	63800	227	1056	301	87	1473	63806	1531	0	0
11146	87	1473	63806	140	178	976	87	1470	63812	1531	0	0
11147	87	1470	63812	259	973	1307	87	1467	63818	1531	0	0
11148	87	1467	63818	594	760	1154	87	1464	63824	1531	0	0
11149	87	1464	63824	738	919	959	87	1461	63830	1531	0	0
11150	87	1461	63830	1492	378	110	87	1458	63836	1531	0	0
11151	87	1458	63836	34	202	1133	87	1456	63840	1532	0	0
11152	87	1456	63840	846	395	1512	87	1453	63846	1532	0	0
11153	87	1453	63846	367	1087	774	87	1450	63852	1532	0	0
11154	87	1450	63852	1221	904	37	87	1448	63856	1533	0	0
11155	87	1448	63856	463	1239	256	87	1445	63862	1533	0	0
11156	87	1445	63862	70	790	886	87	1443	63866	1534	0	0
11157	87	1443	63866	49	1186	1206	87	1441	63870	1535	0	0
11158	87	1441	63870	110	697	106	87	1438	63876	1535	0	0
11159	87	1438	63876	1348	532	149	87	1435	63882	1535	0	0
11160	87	1435	63882	1248	211	1270	87	1432	63888	1535	0	0
11161	87	1432	63888	667	442	1009	87	1429	63894	1535	0	0
11162	87	1429	63894	655	1030	1335	87	1426	63900	1535	0	0
11163	87	1426	63900	1207	896	714	87	1423	63906	1535	0	0
11164	87	1423	63906	779	1139	620	87	1420	63912	1535	0	0
11165	87	1420	63912	52	117	1417	87	1418	63916	1536	0	0
11166	87	1418	63916	702	360	279	87	1415	63922	1536	0	0
11167	87	1415	63922	1415	124	638	87	1412	63928	1536	0	0
11168	87	1412	63928	1215	1003	462	87	1409	63934	1536	0	0
11169	87	1409	63934	238	235	1116	87	1406	63940	1536	0	0
11170	87	1406	63940	862	941	371	87	1403	63946	1536	0	0
11171	87	1403	63946	1033	663	1122	87	1400	63952	1536	0	0
11172	87	1400	63952	541	159	1230	87	1397	63958	1536	0	0
11173	87	1397	63958	592	80	540	87	1395	63962	1537	0	0
11174	87	1395	63962	545	170	329	87	1392	63968	1537	0	0
11175	87	1392	63968	443	658	250	87	1389	63974	1537	0	0
11176	87	1389	63974	1003	855	1153	87	1386	63980	1537	0	0
11177	87	1386	63980	329	1365	593	87	1383	63986	1537	0	0
11178	87	1383	63986	792	934	1227	87	1380	63992	1537	0	0
11179	87	1380	63992	179	136	1082	87	1377	63998	1537	0	0
11180	87	1377	63998	461	351	571	87	1374	64004	1537	0	0
11181	87	1374	64004	678	258	436	87	1371	64010	1537	0	0
11182	87	1371	64010	1184	372	505	87	1368	64016	1537	0	0
11183	87	1368	64016	660	11	699	87	1366	64020	1538	0	0
11184	87	1366	64020	35	894	42	88	2331	64022	1540	966	0
11185	88	2331	64022	1341	888	2171	88	2328	64028	1540	0	0
11186	88	2328	64028	148	1009	478	88	2325	64034	1540	0	0
11187	88	2325	64034	1457	805	765	88	2322	64040	1540	0	0
11188	88	2322	64040	943	2262	236	88	2319	64046	1540	0	0
11189	88	2319	64046	1801	1661	262	88	2316	64052	1540	0	0
11190	88	2316	64052	2228	198	1642	88	2313	64058	1540	0	0
11191	88	2313	64058	748	1457	1221	88	2310	64064	1540	0	0
11192	88	2310	64064	1462	1005	411	88	2307	64070	1540	0	0
11193	88	2307	64070	547	925	1722	88	2304	64076	1540	0	0
11194	88	2304	64076	939	2217	678	88	2301	64082	1540	0	0
11195	88	2301	64082	1678	1987	1240	88	2298	64088	1540	0	0
11196	88	2298	64088	2084	586	1047	88	2295	64094	1540	0	0
11197	88	2295	64094	1788	1347	741	88	2292	64100	1540	0	0
11198	88	2292	64100	1689	1106	1255	88	2289	64106	1540	0	0
11199	88	2289	64106	685	1989	561	88	2286	64112	1540	0	0
11200	88	2286	64112	304	100	770	88	2283	64118	1540	0	0
11201	88	2283	64118	833	1212	1397	88	2280	64124	1540	0	0
11202	88	2280	64124	867	2321	2120	88	2277	64130	1540	0	0
11203	88	2277	64130	1560	809	1973	88	2274	64136	1540	0	0
11204	88	2274	64136	548	965	49	88	2272	64140	1541	0	0
11205	88	2272	64140	146	1197	2020	88	2269	64146	1541	0	0
11206	88	2269	64146	1782	341	2131	88	2266	64152	1541	0	0
11207	88	2266	64152	2014	923	1151	88	2263	64158	1541	0	0
11208	88	2263	64158	2129	1126	1937	88	2260	64164	1541	0	0
11209	88	2260	64164	502	1819	1663	88	2257	64170	1541	0	0
11210	88	2257	64170	451	373	240	88	2254	64176	1541	0	0
11211	88	2254	64176	1612	674	386	88	2251	64182	1541	0	0
11212	88	2251	64182	188	506	2072	88	2248	64188	1541	0	0
11213	88	2248	64188	35	1923	582	88	2246	64192	1542	0	0
11214	88	2246	64192	744	1575	1158	88	2243	64198	1542	0	0
11215	88	2243	64198	2144	1620	2105	88	2240	64204	1542	0	0
11216	88	2240	64204	664	2212	1322	88	2237	64210	1542	0	0
11217	88	2237	64210	316	870	2234	88	2234	64216	1542	0	0
11218	88	2234	64216	1256	198	2174	88	2231	64222	1542	0	0
11219	88	2231	64222	1356	927	1093	88	2228	64228	1542	0	0
11220	88	2228	64228	506	2313	2033	88	2225	64234	1542	0	0
11221	88	2225	64234	1820	1217	2025	88	2222	64240	1542	0	0
11222	88	2222	64240	2309	2282	380	88	2219	64246	1542	0	0
11223	88	2219	64246	1629	1799	756	88	2216	64252	1542	0	0
11224	88	2216	64252	333	1571	300	88	2213	64258	1542	0	0
11225	88	2213	64258	809	545	103	88	2210	64264	1542	0	0
11226	88	2210	64264	292	981	983	88	2207	64270	1542	0	0
11227	88	2207	64270	57	1113	1816	88	2205	64274	1543	0	0
11228	88	2205	64274	1630	1645	1478	88	2202	64280	1543	0	0
11229	88	2202	64280	1541	2173	295	88	2199	64286	1543	0	0
11230	88	2199	64286	2058	1676	1997	88	2196	64292	1543	0	0
11231	88	2196	64292	1820	1792	182	88	2193	64298	1543	0	0
11232	88	2193	64298	1973	855	266	88	2190	64304	1543	0	0
11233	88	2190	64304	696	186	1156	88	2187	64310	1543	0	0
11234	88	2187	64310	592	1052	749	88	2184	64316	1543	0	0
11235	88	2184	64316	1877	1562	1244	88	2181	64322	1543	0	0
11236	88	2181	64322	829	86	244	88	2179	64326	1544	0	0
11237	88	2179	64326	978	2177	1820	88	2176	64332	1544	0	0
11238	88	2176	64332	1273	242	1181	88	2173	64338	1544	0	0
11239	88	2173	64338	2008	130	1088	88	2170	64344	1544	0	0
11240	88	2170	64344	128	1692	1653	88	2167	64350	1544	0	0
11241	88	2167	64350	212	893	1583	88	2164	64356	1544	0	0
11242	88	2164	64356	1397	1061	1380	88	2161	64362	1544	0	0
11243	88	2161	64362	501	559	960	88	2158	64368	1544	0	0
11244	88	2158	64368	919	1796	2058	88	2155	64374	1544	0	0
11245	88	2155	64374	1494	1118	971	88	2152	64380	1544	0	0
11246	88	2152	64380	918	1004	2077	88	2149	64386	1544	0	0
11247	88	2149	64386	54	967	1601	88	2147	64390	1545	0	0
11248	88	2147	64390	453	1701	464	88	2144	64396	1545	0	0
11249	88	2144	64396	1840	1316	206	88	2141	64402	1545	0	0
11250	88	2141	64402	1236	58	840	88	2139	64406	1546	0	0
11251	88	2139	64406	1907	2216	754	88	2136	64412	1546	0	0
11252	88	2136	64412	655	1764	739	88	2133	64418	1546	0	0
11253	88	2133	64418	1713	632	219	88	2130	64424	1546	0	0
11254	88	2130	64424	1920	1301	1236	88	2127	64430	1546	0	0
11255	88	2127	64430	1548	14	1815	88	2125	64434	1547	0	0
11256	88	2125	64434	1640	1297	982	88	2122	64440	1547	0	0
11257	88	2122	64440	218	1072	622	88	2119	64446	1547	0	0
11258	88	2119	64446	775	1452	802	88	2116	64452	1547	0	0
11259	88	2116	64452	2067	1596	1640	88	2113	64458	1547	0	0
11260	88	2113	64458	1065	171	1006	88	2110	64464	1547	0	0
11261	88	2110	64464	1997	1332	1206	88	2107	64470	1547	0	0
11262	88	2107	64470	588	1606	638	88	2104	64476	1547	0	0
11263	88	2104	64476	489	1136	75	88	2102	64480	1548	0	0
11264	88	2102	64480	282	1495	1562	88	2099	64486	1548	0	0
11265	88	2099	64486	150	1276	1766	88	2096	64492	1548	0	0
11266	88	2096	64492	1579	1598	555	88	2093	64498	1548	0	0
11267	88	2093	64498	233	306	511	88	2090	64504	1548	0	0
11268	88	2090	64504	1053	1757	634	88	2087	64510	1548	0	0
11269	88	2087	64510	323	1399	1719	88	2084	64516	1548	0	0
11270	88	2084	64516	9	694	1423	88	2082	64520	1549	0	0
11271	88	2082	64520	1825	385	583	88	2079	64526	1549	0	0
11272	88	2079	64526	1422	1396	372	88	2076	64532	1549	0	0
11273	88	2076	64532	1247	1175	1966	88	2073	64538	1549	0	0
11274	88	2073	64538	1284	1420	1395	88	2070	64544	1549	0	0
11275	88	2070	64544	1594	536	1835	88	2067	64550	1549	0	0
11276	88	2067	64550	237	1340	523	88	2064	64556	1549	0	0
11277	88	2064	64556	2025	435	2146	88	2061	64562	1549	0	0
11278	88	2061	64562	709	2126	803	88	2058	64568	1549	0	0
11279	88	2058	64568	1827	1100	1201	88	2055	64574	1549	0	0
11280	88	2055	64574	1365	1074	406	88	2052	64580	1549	0	0
11281	88	2052	64580	1691	940	402	88	2049	64586	1549	0	0
11282	88	2049	64586	200	760	1482	88	2046	64592	1549	0	0
11283	88	2046	64592	477	1186	1357	88	2043	64598	1549	0	0
11284	88	2043	64598	724	1326	1168	88	2040	64604	1549	0	0
11285	88	2040	64604	128	23	352	88	2038	64608	1550	0	0
11286	88	2038	64608	801	463	1378	88	2035	64614	1550	0	0
11287	88	2035	64614	1841	1519	1338	88	2032	64620	1550	0	0
11288	88	2032	64620	572	1491	1316	88	2029	64626	1550	0	0
11289	88	2029	64626	1057	1234	1860	88	2026	64632	1550	0	0
11290	88	2026	64632	1322	1268	1818	88	2023	64638	1550	0	0
11291	88	2023	64638	892	1468	1931	88	2020	64644	1550	0	0
11292	88	2020	64644	150	1569	634	88	2017	64650	1550	0	0
11293	88	2017	64650	1326	1740	518	88	2014	64656	1550	0	0
11294	88	2014	64656	1171	831	192	88	2011	64662	1550	0	0
11295	88	2011	64662	257	326	449	88	2008	64668	1550	0	0
11296	88	2008	64668	2018	1097	238	88	2005	64674	1550	0	0
11297	88	2005	64674	1486	1502	596	88	2002	64680	1550	0	0
11298	88	2002	64680	484	281	2013	88	1999	64686	1550	0	0
11299	88	1999	64686	501	327	1717	88	1996	64692	1550	0	0
11300	88	1996	64692	852	1849	589	88	1993	64698	1550	0	0
11301	88	1993	64698	548	1975	190	88	1990	64704	1550	0	0
11302	88	1990	64704	1023	2006	1405	88	1987	64710	1550	0	0
11303	88	1987	64710	1330	848	1972	88	1984	64716	1550	0	0
11304	88	1984	64716	651	1397	2066	88	1981	64722	1550	0	0
11305	88	1981	64722	1925	1585	1460	88	1978	64728	1550	0	0
11306	88	1978	64728	611	388	1892	88	1975	64734	1550	0	0
11307	88	1975	64734	1409	36	344	88	1973	64738	1551	0	0
11308	88	1973	64738	614	1488	1765	88	1970	64744	1551	0	0
11309	88	1970	64744	185	577	1529	88	1967	64750	1551	0	0
11310	88	1967	64750	473	1643	348	88	1964	64756	1551	0	0
11311	88	1964	64756	1952	286	801	88	1961	64762	1551	0	0
11312	88	1961	64762	618	668	299	88	1958	64768	1551	0	0
11313	88	1958	64768	1060	735	192	88	1955	64774	1551	0	0
11314	88	1955	64774	1976	636	1835	88	1952	64780	1551	0	0
11315	88	1952	64780	1036	70	1944	88	1950	64784	1552	0	0
11316	88	1950	64784	1344	631	1589	88	1947	64790	1552	0	0
11317	88	1947	64790	1154	555	453	88	1944	64796	1552	0	0
11318	88	1944	64796	1184	990	248	88	1941	64802	1552	0	0
11319	88	1941	64802	1263	1107	858	88	1938	64808	1552	0	0
11320	88	1938	64808	1889	39	1284	88	1936	64812	1553	0	0
11321	88	1936	64812	1672	1267	132	88	1933	64818	1553	0	0
11322	88	1933	64818	175	162	1882	88	1930	64824	1553	0	0
11323	88	1930	64824	827	1050	1353	88	1927	64830	1553	0	0
11324	88	1927	64830	1662	597	938	88	1924	64836	1553	0	0
11325	88	1924	64836	1090	932	1933	88	1921	64842	1553	0	0
11326	88	1921	64842	1212	197	633	88	1918	64848	1553	0	0
11327	88	1918	64848	64	1300	1134	88	1916	64852	1554	0	0
11328	88	1916	64852	801	1897	1354	88	1913	64858	1554	0	0
11329	88	1913	64858	1775	1731	1925	88	1910	64864	1554	0	0
11330	88	1910	64864	1646	567	751	88	1907	64870	1554	0	0
11331	88	1907	64870	1084	1298	1351	88	1904	64876	1554	0	0
11332	88	1904	64876	1150	1196	1068	88	1901	64882	1554	0	0
11333	88	1901	64882	879	1051	854	88	1898	64888	1554	0	0
11334	88	1898	64888	363	695	114	88	1895	64894	1554	0	0
11335	88	1895	64894	856	1598	877	88	1892	64900	1554	0	0
11336	88	1892	64900	940	1798	1802	88	1889	64906	1554	0	0
11337	88	1889	64906	664	879	621	88	1886	64912	1554	0	0
11338	88	1886	64912	1269	1000	1835	88	1883	64918	1554	0	0
11339	88	1883	64918	1419	1668	1086	88	1880	64924	1554	0	0
11340	88	1880	64924	901	345	1138	88	1877	64930	1554	0	0
11341	88	1877	64930	395	176	285	88	1874	64936	1554	0	0
11342	88	1874	64936	1603	26	528	88	1872	64940	1555	0	0
11343	88	1872	64940	1205	1905	1610	88	1869	64946	1555	0	0
11344	88	1869	64946	1910	629	696	88	1866	64952	1555	0	0
11345	88	1866	64952	820	1077	1203	88	1863	64958	1555	0	0
11346	88	1863	64958	854	981	552	88	1860	64964	1555	0	0
11347	88	1860	64964	916	1251	1732	88	1857	64970	1555	0	0
11348	88	1857	64970	1641	155	1482	88	1854	64976	1555	0	0
11349	88	1854	64976	1773	595	682	88	1851	64982	1555	0	0
11350	88	1851	64982	764	229	974	88	1848	64988	1555	0	0
11351	88	1848	64988	631	1367	1432	88	1845	64994	1555	0	0
11352	88	1845	64994	1472	1817	1587	88	1842	65000	1555	0	0
11353	88	1842	65000	1173	485	836	88	1839	65006	1555	0	0
11354	88	1839	65006	6	375	1117	88	1837	65010	1556	0	0
11355	88	1837	65010	628	803	387	88	1834	65016	1556	0	0
11356	88	1834	65016	612	1084	1675	88	1831	65022	1556	0	0
11357	88	1831	65022	183	444	709	88	1828	65028	1556	0	0
11358	88	1828	65028	275	847	398	88	1825	65034	1556	0	0
11359	88	1825	65034	1852	194	630	88	1822	65040	1556	0	0
11360	88	1822	65040	1538	1105	144	88	1819	65046	1556	0	0
11361	88	1819	65046	1396	701	1695	88	1816	65052	1556	0	0
11362	88	1816	65052	1110	230	1147	88	1813	65058	1556	0	0
11363	88	1813	65058	1893	147	276	88	1810	65064	1556	0	0
11364	88	1810	65064	548	645	1480	88	1807	65070	1556	0	0
11365	88	1807	65070	1513	1508	5	88	1805	65074	1557	0	0
11366	88	1805	65074	1826	278	865	88	1802	65080	1557	0	0
11367	88	1802	65080	771	754	895	88	1799	65086	1557	0	0
11368	88	1799	65086	130	649	1107	88	1796	65092	1557	0	0
11369	88	1796	65092	54	79	1319	89	4679	65094	1559	2884	0
11370	89	4679	65094	2374	1021	1803	89	4676	65100	1559	0	0
11371	89	4676	65100	2599	1313	2411	89	4673	65106	1559	0	0
11372	89	4673	65106	1093	806	4383	89	4670	65112	1559	0	0
11373	89	4670	65112	1392	3402	560	89	4667	65118	1559	0	0
11374	89	4667	65118	3281	3090	2961	89	4664	65124	1559	0	0
11375	89	4664	65124	1320	3817	3454	89	4661	65130	1559	0	0
11376	89	4661	65130	4162	4242	3389	89	4658	65136	1559	0	0
11377	89	4658	65136	2487	965	253	89	4655	65142	1559	0	0
11378	89	4655	65142	4042	98	3004	89	4652	65148	1559	0	0
11379	89	4652	65148	2026	1489	692	89	4649	65154	1559	0	0
11380	89	4649	65154	4333	1406	1224	89	4646	65160	1559	0	0
11381	89	4646	65160	503	2139	2925	89	4643	65166	1559	0	0
11382	89	4643	65166	2407	2941	2036	89	4640	65172	1559	0	0
11383	89	4640	65172	4569	87	3409	89	4638	65176	1560	0	0
11384	89	4638	65176	3221	1740	1023	89	4635	65182	1560	0	0
11385	89	4635	65182	2293	3090	3947	89	4632	65188	1560	0	0
11386	89	4632	65188	772	2830	4111	89	4629	65194	1560	0	0
11387	89	4629	65194	4311	4366	3507	89	4626	65200	1560	0	0
11388	89	4626	65200	3397	1957	689	89	4623	65206	1560	0	0
11389	89	4623	65206	2465	4223	2219	89	4620	65212	1560	0	0
11390	89	4620	65212	1851	2783	4314	89	4617	65218	1560	0	0
11391	89	4617	65218	1054	4208	157	89	4614	65224	1560	0	0
11392	89	4614	65224	4555	4588	2979	89	4611	65230	1560	0	0
11393	89	4611	65230	3701	835	1231	89	4608	65236	1560	0	0
11394	89	4608	65236	366	2987	3309	89	4605	65242	1560	0	0
11395	89	4605	65242	3600	2570	873	89	4602	65248	1560	0	0
11396	89	4602	65248	3555	1283	2365	89	4599	65254	1560	0	0
11397	89	4599	65254	2137	434	456	89	4596	65260	1560	0	0
11398	89	4596	65260	769	1579	1565	89	4593	65266	1560	0	0
11399	89	4593	65266	615	4189	3829	89	4590	65272	1560	0	0
11400	89	4590	65272	2115	281	3847	89	4587	65278	1560	0	0
11401	89	4587	65278	3258	2693	1564	89	4584	65284	1560	0	0
11402	89	4584	65284	187	2099	2919	89	4581	65290	1560	0	0
11403	89	4581	65290	4638	1511	3130	89	4578	65296	1560	0	0
11404	89	4578	65296	1741	1013	4043	89	4575	65302	1560	0	0
11405	89	4575	65302	2454	974	4160	89	4572	65308	1560	0	0
11406	89	4572	65308	339	3603	2281	89	4569	65314	1560	0	0
11407	89	4569	65314	4365	2249	4545	89	4566	65320	1560	0	0
11408	89	4566	65320	4212	2532	1671	89	4563	65326	1560	0	0
11409	89	4563	65326	85	207	3419	89	4561	65330	1561	0	0
11410	89	4561	65330	1281	446	4271	89	4558	65336	1561	0	0
11411	89	4558	65336	4032	377	339	89	4555	65342	1561	0	0
11412	89	4555	65342	456	2922	1875	89	4552	65348	1561	0	0
11413	89	4552	65348	2759	4191	2561	89	4549	65354	1561	0	0
11414	89	4549	65354	241	787	2463	89	4546	65360	1561	0	0
11415	89	4546	65360	3249	1874	1334	89	4543	65366	1561	0	0
11416	89	4543	65366	130	2641	3574	89	4540	65372	1561	0	0
11417	89	4540	65372	2071	1514	4536	89	4537	65378	1561	0	0
11418	89	4537	65378	3694	3288	1260	89	4534	65384	1561	0	0
11419	89	4534	65384	3630	3190	3876	89	4531	65390	1561	0	0
11420	89	4531	65390	0	3143	433	89	4529	65394	1562	0	0
11421	89	4529	65394	394	354	1753	89	4526	65400	1562	0	0
11422	89	4526	65400	1693	3805	4311	89	4523	65406	1562	0	0
11423	89	4523	65406	607	85	1586	89	4521	65410	1563	0	0
11424	89	4521	65410	4533	1145	4393	89	4518	65416	1563	0	0
11425	89	4518	65416	2969	3948	2286	89	4515	65422	1563	0	0
11426	89	4515	65422	3304	2590	3491	89	4512	65428	1563	0	0
11427	89	4512	65428	454	3622	4549	89	4509	65434	1563	0	0
11428	89	4509	65434	2293	2719	2605	89	4506	65440	1563	0	0
11429	89	4506	65440	2698	2027	1043	89	4503	65446	1563	0	0
11430	89	4503	65446	2769	436	3284	89	4500	65452	1563	0	0
11431	89	4500	65452	1855	3743	4147	89	4497	65458	1563	0	0
11432	89	4497	65458	1572	1486	2216	89	4494	65464	1563	0	0
11433	89	4494	65464	2140	893	2633	89	4491	65470	1563	0	0
11434	89	4491	65470	108	4124	2237	89	4488	65476	1563	0	0
11435	89	4488	65476	667	236	705	89	4485	65482	1563	0	0
11436	89	4485	65482	3616	996	3258	89	4482	65488	1563	0	0
11437	89	4482	65488	2753	2732	4251	89	4479	65494	1563	0	0
11438	89	4479	65494	1587	3217	2520	89	4476	65500	1563	0	0
11439	89	4476	65500	2340	2245	926	89	4473	65506	1563	0	0
11440	89	4473	65506	239	4044	102	89	4470	65512	1563	0	0
11441	89	4470	65512	2683	2919	2972	89	4467	65518	1563	0	0
11442	89	4467	65518	2951	97	1798	89	4464	65524	1563	0	0
11443	89	4464	65524	2291	3687	956	89	4461	65530	1563	0	0
11444	89	4461	65530	1600	970	1058	89	4458	65536	1563	0	0
11445	89	4458	65536	1	27	3072	90	4705	65538	1565	248	0
11446	90	4705	65538	1048	3591	4682	90	4702	65544	1565	0	0
11447	90	4702	65544	3255	737	3040	90	4699	65550	1565	0	0
11448	90	4699	65550	540	1918	466	90	4696	65556	1565	0	0
11449	90	4696	65556	4682	1372	1825	90	4693	65562	1565	0	0
11450	90	4693	65562	690	3493	3091	90	4690	65568	1565	0	0
11451	90	4690	65568	3814	3884	1185	90	4687	65574	1565	0	0
11452	90	4687	65574	4748	671	4026	90	4684	65580	1565	0	0
11453	90	4684	65580	733	3485	307	90	4681	65586	1565	0	0
11454	90	4681	65586	4596	4519	3043	90	4678	65592	1565	0	0
11455	90	4678	65592	1220	1119	1745	90	4675	65598	1565	0	0
11456	90	4675	65598	3510	946	3784	90	4672	65604	1565	0	0
11457	90	4672	65604	245	1808	4036	90	4669	65610	1565	0	0
11458	90	4669	65610	764	3521	3869	90	4666	65616	1565	0	0
11459	90	4666	65616	3485	3544	3542	90	4663	65622	1565	0	0
11460	90	4663	65622	3470	674	4711	90	4660	65628	1565	0	0
11461	90	4660	65628	106	1353	4332	90	4657	65634	1565	0	0
11462	90	4657	65634	1716	4702	1090	90	4654	65640	1565	0	0
11463	90	4654	65640	2935	1362	956	90	4651	65646	1565	0	0
11464	90	4651	65646	464	2305	279	90	4648	65652	1565	0	0
11465	90	4648	65652	1584	3025	1016	90	4645	65658	1565	0	0
11466	90	4645	65658	596	2156	1210	90	4642	65664	1565	0	0
11467	90	4642	65664	2616	3836	3072	90	4639	65670	1565	0	0
11468	90	4639	65670	4144	1429	3218	90	4636	65676	1565	0	0
11469	90	4636	65676	2970	1043	369	90	4633	65682	1565	0	0
11470	90	4633	65682	1748	1040	2367	90	4630	65688	1565	0	0
11471	90	4630	65688	3825	3915	4141	90	4627	65694	1565	0	0
11472	90	4627	65694	2822	3801	2686	90	4624	65700	1565	0	0
11473	90	4624	65700	4557	2359	1687	90	4621	65706	1565	0	0
11474	90	4621	65706	915	4121	1074	90	4618	65712	1565	0	0
11475	90	4618	65712	482	479	3741	90	4615	65718	1565	0	0
11476	90	4615	65718	2076	499	1093	90	4612	65724	1565	0	0
11477	90	4612	65724	895	3375	1393	90	4609	65730	1565	0	0
11478	90	4609	65730	2591	3472	3387	90	4606	65736	1565	0	0
11479	90	4606	65736	3978	606	4424	90	4603	65742	1565	0	0
11480	90	4603	65742	2877	517	338	90	4600	65748	1565	0	0
11481	90	4600	65748	816	2215	1992	90	4597	65754	1565	0	0
11482	90	4597	65754	744	1595	4036	90	4594	65760	1565	0	0
11483	90	4594	65760	1611	1500	2569	90	4591	65766	1565	0	0
11484	90	4591	65766	2791	3343	1034	90	4588	65772	1565	0	0
11485	90	4588	65772	608	1883	2628	90	4585	65778	1565	0	0
11486	90	4585	65778	2353	209	1158	90	4582	65784	1565	0	0
11487	90	4582	65784	3624	4037	4606	90	4579	65790	1565	0	0
11488	90	4579	65790	3305	2364	2111	90	4576	65796	1565	0	0
11489	90	4576	65796	1282	3515	1414	90	4573	65802	1565	0	0
11490	90	4573	65802	2055	1070	1300	90	4570	65808	1565	0	0
11491	90	4570	65808	120	619	4254	90	4567	65814	1565	0	0
11492	90	4567	65814	907	1769	1296	90	4564	65820	1565	0	0
11493	90	4564	65820	3452	1887	1437	90	4561	65826	1565	0	0
11494	90	4561	65826	3939	3979	3048	90	4558	65832	1565	0	0
11495	90	4558	65832	2899	2920	2070	90	4555	65838	1565	0	0
11496	90	4555	65838	1176	287	176	90	4552	65844	1565	0	0
11497	90	4552	65844	1348	471	1301	90	4549	65850	1565	0	0
11498	90	4549	65850	1013	3581	1706	90	4546	65856	1565	0	0
11499	90	4546	65856	3375	3141	4326	90	4543	65862	1565	0	0
11500	90	4543	65862	1507	3592	3577	90	4540	65868	1565	0	0
11501	90	4540	65868	198	4621	1250	90	4537	65874	1565	0	0
11502	90	4537	65874	2022	787	431	90	4534	65880	1565	0	0
11503	90	4534	65880	268	4282	505	90	4531	65886	1565	0	0
11504	90	4531	65886	1454	3097	2489	90	4528	65892	1565	0	0
11505	90	4528	65892	1634	3285	2400	90	4525	65898	1565	0	0
11506	90	4525	65898	184	2245	141	90	4522	65904	1565	0	0
11507	90	4522	65904	3551	1070	4095	90	4519	65910	1565	0	0
11508	90	4519	65910	3328	525	1915	90	4516	65916	1565	0	0
11509	90	4516	65916	2727	1709	2078	90	4513	65922	1565	0	0
11510	90	4513	65922	1862	2202	3504	90	4510	65928	1565	0	0
11511	90	4510	65928	4075	4124	3810	90	4507	65934	1565	0	0
11512	90	4507	65934	2006	3454	3013	90	4504	65940	1565	0	0
11513	90	4504	65940	3248	1183	1227	90	4501	65946	1565	0	0
11514	90	4501	65946	2412	1128	2259	90	4498	65952	1565	0	0
11515	90	4498	65952	2373	1818	1913	90	4495	65958	1565	0	0
11516	90	4495	65958	4550	2257	1228	90	4492	65964	1565	0	0
11517	90	4492	65964	3975	23	1782	90	4490	65968	1566	0	0
11518	90	4490	65968	3025	1730	2343	90	4487	65974	1566	0	0
11519	90	4487	65974	746	3769	825	90	4484	65980	1566	0	0
11520	90	4484	65980	402	1102	807	90	4481	65986	1566	0	0
11521	90	4481	65986	942	531	2559	90	4478	65992	1566	0	0
11522	90	4478	65992	3796	3048	1409	90	4475	65998	1566	0	0
11523	90	4475	65998	1375	227	3333	90	4472	66004	1566	0	0
11524	90	4472	66004	165	3118	421	90	4469	66010	1566	0	0
11525	90	4469	66010	683	3125	3875	90	4466	66016	1566	0	0
11526	90	4466	66016	3057	1707	2335	90	4463	66022	1566	0	0
11527	90	4463	66022	2111	1246	3158	90	4460	66028	1566	0	0
11528	90	4460	66028	2264	1378	1625	90	4457	66034	1566	0	0
11529	90	4457	66034	4056	3200	4029	90	4454	66040	1566	0	0
11530	90	4454	66040	955	886	1307	90	4451	66046	1566	0	0
11531	90	4451	66046	411	1119	1501	90	4448	66052	1566	0	0
11532	90	4448	66052	25	3525	1778	90	4446	66056	1567	0	0
11533	90	4446	66056	3830	240	4297	90	4443	66062	1567	0	0
11534	90	4443	66062	907	1672	2458	90	4440	66068	1567	0	0
11535	90	4440	66068	1719	4421	3993	90	4437	66074	1567	0	0
11536	90	4437	66074	1466	3175	3509	90	4434	66080	1567	0	0
11537	90	4434	66080	2038	2258	892	90	4431	66086	1567	0	0
11538	90	4431	66086	1424	3340	2521	90	4428	66092	1567	0	0
11539	90	4428	66092	1026	2578	1928	90	4425	66098	1567	0	0
11540	90	4425	66098	3497	3904	1821	90	4422	66104	1567	0	0
11541	90	4422	66104	3467	2662	2736	90	4419	66110	1567	0	0
11542	90	4419	66110	2618	1966	426	90	4416	66116	1567	0	0
11543	90	4416	66116	2356	519	1402	90	4413	66122	1567	0	0
11544	90	4413	66122	1039	4224	4364	90	4410	66128	1567	0	0
11545	90	4410	66128	1836	3509	3766	90	4407	66134	1567	0	0
11546	90	4407	66134	1461	86	2343	90	4405	66138	1568	0	0
11547	90	4405	66138	4059	1682	3739	90	4402	66144	1568	0	0
11548	90	4402	66144	4056	2745	3048	90	4399	66150	1568	0	0
11549	90	4399	66150	810	3827	718	90	4396	66156	1568	0	0
11550	90	4396	66156	3722	529	2021	90	4393	66162	1568	0	0
11551	90	4393	66162	4199	3286	3660	90	4390	66168	1568	0	0
11552	90	4390	66168	3322	1283	2848	90	4387	66174	1568	0	0
11553	90	4387	66174	1543	1887	2293	90	4384	66180	1568	0	0
11554	90	4384	66180	2606	256	2790	90	4381	66186	1568	0	0
11555	90	4381	66186	322	4363	19	90	4379	66190	1569	0	0
11556	90	4379	66190	953	3952	2485	90	4376	66196	1569	0	0
11557	90	4376	66196	2419	3089	3554	90	4373	66202	1569	0	0
11558	90	4373	66202	1278	1754	1444	90	4370	66208	1569	0	0
11559	90	4370	66208	2947	3904	4040	90	4367	66214	1569	0	0
11560	90	4367	66214	3088	3983	1710	90	4364	66220	1569	0	0
11561	90	4364	66220	2834	3264	3659	90	4361	66226	1569	0	0
11562	90	4361	66226	3553	658	4178	90	4358	66232	1569	0	0
11563	90	4358	66232	3967	367	2400	90	4355	66238	1569	0	0
11564	90	4355	66238	2165	592	1471	90	4352	66244	1569	0	0
11565	90	4352	66244	2318	3257	2299	90	4349	66250	1569	0	0
11566	90	4349	66250	2140	3968	1377	90	4346	66256	1569	0	0
11567	90	4346	66256	592	654	642	90	4343	66262	1569	0	0
11568	90	4343	66262	3638	3890	263	90	4340	66268	1569	0	0
11569	90	4340	66268	3780	1370	2103	90	4337	66274	1569	0	0
11570	90	4337	66274	3145	204	1604	90	4334	66280	1569	0	0
11571	90	4334	66280	4324	480	1135	90	4331	66286	1569	0	0
11572	90	4331	66286	409	1414	3458	90	4328	66292	1569	0	0
11573	90	4328	66292	1603	1270	2227	90	4325	66298	1569	0	0
11574	90	4325	66298	3936	3410	3752	90	4322	66304	1569	0	0
11575	90	4322	66304	1992	3267	1854	90	4319	66310	1569	0	0
11576	90	4319	66310	1192	1086	457	90	4316	66316	1569	0	0
11577	90	4316	66316	1654	3241	1664	90	4313	66322	1569	0	0
11578	90	4313	66322	1790	1376	1197	90	4310	66328	1569	0	0
11579	90	4310	66328	208	1798	978	90	4307	66334	1569	0	0
11580	90	4307	66334	2402	4190	987	90	4304	66340	1569	0	0
11581	90	4304	66340	3817	2814	4085	90	4301	66346	1569	0	0
11582	90	4301	66346	1373	2662	328	90	4298	66352	1569	0	0
11583	90	4298	66352	584	101	3229	90	4295	66358	1569	0	0
11584	90	4295	66358	3088	543	258	90	4292	66364	1569	0	0
11585	90	4292	66364	4149	3832	1784	90	4289	66370	1569	0	0
11586	90	4289	66370	2413	1381	3661	90	4286	66376	1569	0	0
11587	90	4286	66376	3084	768	4371	90	4283	66382	1569	0	0
11588	90	4283	66382	1937	4011	3880	90	4280	66388	1569	0	0
11589	90	4280	66388	793	2826	509	90	4277	66394	1569	0	0
11590	90	4277	66394	1946	1632	3455	90	4274	66400	1569	0	0
11591	90	4274	66400	2404	894	1746	90	4271	66406	1569	0	0
11592	90	4271	66406	1958	1520	1836	90	4268	66412	1569	0	0
11593	90	4268	66412	2115	1845	1335	90	4265	66418	1569	0	0
11594	90	4265	66418	3425	628	1816	90	4262	66424	1569	0	0
11595	90	4262	66424	2068	1060	4030	90	4259	66430	1569	0	0
11596	90	4259	66430	1114	354	2667	90	4256	66436	1569	0	0
11597	90	4256	66436	2427	2787	560	90	4253	66442	1569	0	0
11598	90	4253	66442	3089	4342	2871	90	4250	66448	1569	0	0
11599	90	4250	66448	1227	3924	4261	90	4247	66454	1569	0	0
11600	90	4247	66454	1536	4322	2650	90	4244	66460	1569	0	0
11601	90	4244	66460	1570	180	2444	90	4241	66466	1569	0	0
11602	90	4241	66466	3908	2142	3270	90	4238	66472	1569	0	0
11603	90	4238	66472	2377	3058	815	90	4235	66478	1569	0	0
11604	90	4235	66478	910	3572	4271	90	4232	66484	1569	0	0
11605	90	4232	66484	4313	2262	2571	90	4229	66490	1569	0	0
11606	90	4229	66490	4316	1312	4302	90	4226	66496	1569	0	0
11607	90	4226	66496	634	2462	508	90	4223	66502	1569	0	0
11608	90	4223	66502	3990	2882	774	90	4220	66508	1569	0	0
11609	90	4220	66508	154	2828	2264	90	4217	66514	1569	0	0
11610	90	4217	66514	3913	3733	1653	90	4214	66520	1569	0	0
11611	90	4214	66520	4257	1234	244	90	4211	66526	1569	0	0
11612	90	4211	66526	68	3804	3272	90	4209	66530	1570	0	0
11613	90	4209	66530	2133	2600	180	90	4206	66536	1570	0	0
11614	90	4206	66536	2790	1398	2837	90	4203	66542	1570	0	0
11615	90	4203	66542	3236	1968	2798	90	4200	66548	1570	0	0
11616	90	4200	66548	679	571	3992	90	4197	66554	1570	0	0
11617	90	4197	66554	3373	4151	513	90	4194	66560	1570	0	0
11618	90	4194	66560	2459	3924	1221	90	4191	66566	1570	0	0
11619	90	4191	66566	1585	3251	1783	90	4188	66572	1570	0	0
11620	90	4188	66572	3459	3863	1480	90	4185	66578	1570	0	0
11621	90	4185	66578	3016	2552	2151	90	4182	66584	1570	0	0
11622	90	4182	66584	2183	2262	2534	90	4179	66590	1570	0	0
11623	90	4179	66590	3793	3401	538	90	4176	66596	1570	0	0
11624	90	4176	66596	3602	2797	3976	90	4173	66602	1570	0	0
11625	90	4173	66602	3815	529	463	90	4170	66608	1570	0	0
11626	90	4170	66608	3315	843	3953	90	4167	66614	1570	0	0
11627	90	4167	66614	1976	4062	2080	90	4164	66620	1570	0	0
11628	90	4164	66620	3421	3961	3185	90	4161	66626	1570	0	0
11629	90	4161	66626	4166	2929	282	90	4158	66632	1570	0	0
11630	90	4158	66632	2775	3117	4079	90	4155	66638	1570	0	0
11631	90	4155	66638	2756	3943	2577	90	4152	66644	1570	0	0
11632	90	4152	66644	1564	2245	341	90	4149	66650	1570	0	0
11633	90	4149	66650	4173	438	519	90	4146	66656	1570	0	0
11634	90	4146	66656	2226	3995	187	90	4143	66662	1570	0	0
11635	90	4143	66662	3969	3724	375	90	4140	66668	1570	0	0
11636	90	4140	66668	1704	2002	919	90	4137	66674	1570	0	0
11637	90	4137	66674	1025	1260	3744	90	4134	66680	1570	0	0
11638	90	4134	66680	3710	3539	316	90	4131	66686	1570	0	0
11639	90	4131	66686	2740	1242	1652	90	4128	66692	1570	0	0
11640	90	4128	66692	2853	143	2728	90	4125	66698	1570	0	0
11641	90	4125	66698	1259	4048	3260	90	4122	66704	1570	0	0
11642	90	4122	66704	823	2043	148	90	4119	66710	1570	0	0
11643	90	4119	66710	2004	3011	2862	90	4116	66716	1570	0	0
11644	90	4116	66716	1774	1783	3630	90	4113	66722	1570	0	0
11645	90	4113	66722	720	2927	3582	90	4110	66728	1570	0	0
11646	90	4110	66728	1812	3420	3260	90	4107	66734	1570	0	0
11647	90	4107	66734	1018	3199	1357	90	4104	66740	1570	0	0
11648	90	4104	66740	3545	2688	2710	90	4101	66746	1570	0	0
11649	90	4101	66746	66	112	3333	90	4099	66750	1571	0	0
11650	90	4099	66750	3935	270	463	90	4096	66756	1571	0	0
11651	90	4096	66756	1600	3462	1237	90	4093	66762	1571	0	0
11652	90	4093	66762	3816	1057	646	90	4090	66768	1571	0	0
11653	90	4090	66768	1765	3240	3377	90	4087	66774	1571	0	0
11654	90	4087	66774	3551	1285	3556	90	4084	66780	1571	0	0
11655	90	4084	66780	3884	3055	3364	90	4081	66786	1571	0	0
11656	90	4081	66786	2059	2253	1807	90	4078	66792	1571	0	0
11657	90	4078	66792	1276	751	594	90	4075	66798	1571	0	0
11658	90	4075	66798	2549	736	97	90	4072	66804	1571	0	0
11659	90	4072	66804	4060	2513	502	90	4069	66810	1571	0	0
11660	90	4069	66810	2682	2401	3503	90	4066	66816	1571	0	0
11661	90	4066	66816	3247	1709	3924	90	4063	66822	1571	0	0
11662	90	4063	66822	827	3904	2340	90	4060	66828	1571	0	0
11663	90	4060	66828	2166	3768	570	90	4057	66834	1571	0	0
11664	90	4057	66834	1495	2029	2635	90	4054	66840	1571	0	0
11665	90	4054	66840	3013	2655	3964	90	4051	66846	1571	0	0
11666	90	4051	66846	3636	2319	823	90	4048	66852	1571	0	0
11667	90	4048	66852	2750	3413	1830	90	4045	66858	1571	0	0
11668	90	4045	66858	324	820	1844	90	4042	66864	1571	0	0
11669	90	4042	66864	3262	473	3076	90	4039	66870	1571	0	0
11670	90	4039	66870	47	1151	1280	90	4037	66874	1572	0	0
11671	90	4037	66874	2482	1800	3747	90	4034	66880	1572	0	0
11672	90	4034	66880	1331	2467	3245	90	4031	66886	1572	0	0
11673	90	4031	66886	2198	3869	2370	90	4028	66892	1572	0	0
11674	90	4028	66892	262	695	4070	90	4025	66898	1572	0	0
11675	90	4025	66898	3593	2993	1464	90	4022	66904	1572	0	0
11676	90	4022	66904	3792	4053	1548	90	4019	66910	1572	0	0
11677	90	4019	66910	2520	3311	1794	90	4016	66916	1572	0	0
11678	90	4016	66916	333	1276	1729	90	4013	66922	1572	0	0
11679	90	4013	66922	3349	1164	646	90	4010	66928	1572	0	0
11680	90	4010	66928	3744	2942	3144	90	4007	66934	1572	0	0
11681	90	4007	66934	2304	3709	1025	90	4004	66940	1572	0	0
11682	90	4004	66940	2913	3105	3904	90	4001	66946	1572	0	0
11683	90	4001	66946	2090	3583	44	90	3999	66950	1573	0	0
11684	90	3999	66950	2395	482	2781	90	3996	66956	1573	0	0
11685	90	3996	66956	2079	1983	481	90	3993	66962	1573	0	0
11686	90	3993	66962	84	1980	2911	90	3991	66966	1574	0	0
11687	90	3991	66966	1295	2024	1778	90	3988	66972	1574	0	0
11688	90	3988	66972	1305	40	393	90	3986	66976	1575	0	0
11689	90	3986	66976	148	800	643	90	3983	66982	1575	0	0
11690	90	3983	66982	3014	917	1282	90	3980	66988	1575	0	0
11691	90	3980	66988	2055	1346	3033	90	3977	66994	1575	0	0
11692	90	3977	66994	1046	2099	2225	90	3974	67000	1575	0	0
11693	90	3974	67000	1383	2772	2928	90	3971	67006	1575	0	0
11694	90	3971	67006	2951	2845	2813	90	3968	67012	1575	0	0
11695	90	3968	67012	2229	809	503	90	3965	67018	1575	0	0
11696	90	3965	67018	79	2185	1509	90	3963	67022	1576	0	0
11697	90	3963	67022	1280	675	1708	90	3960	67028	1576	0	0
11698	90	3960	67028	252	734	1853	90	3957	67034	1576	0	0
11699	90	3957	67034	3831	2090	712	90	3954	67040	1576	0	0
11700	90	3954	67040	1051	98	1782	90	3951	67046	1576	0	0
11701	90	3951	67046	1315	3653	1243	90	3948	67052	1576	0	0
11702	90	3948	67052	2169	2748	2827	90	3945	67058	1576	0	0
11703	90	3945	67058	3594	1621	31	90	3943	67062	1577	0	0
11704	90	3943	67062	2047	915	3113	90	3940	67068	1577	0	0
11705	90	3940	67068	3383	2769	3230	90	3937	67074	1577	0	0
11706	90	3937	67074	1302	3712	414	90	3934	67080	1577	0	0
11707	90	3934	67080	3038	2384	1439	90	3931	67086	1577	0	0
11708	90	3931	67086	781	3306	1552	90	3928	67092	1577	0	0
11709	90	3928	67092	1357	2321	2712	90	3925	67098	1577	0	0
11710	90	3925	67098	1892	3411	1209	90	3922	67104	1577	0	0
11711	90	3922	67104	881	870	3594	90	3919	67110	1577	0	0
11712	90	3919	67110	1544	1861	1570	90	3916	67116	1577	0	0
11713	90	3916	67116	2191	762	3177	90	3913	67122	1577	0	0
11714	90	3913	67122	3813	3033	3528	90	3910	67128	1577	0	0
11715	90	3910	67128	1848	2357	472	90	3907	67134	1577	0	0
11716	90	3907	67134	1200	3745	1163	90	3904	67140	1577	0	0
11717	90	3904	67140	362	3001	2022	90	3901	67146	1577	0	0
11718	90	3901	67146	2814	2519	2251	90	3898	67152	1577	0	0
11719	90	3898	67152	1506	3620	1377	90	3895	67158	1577	0	0
11720	90	3895	67158	1890	973	2404	90	3892	67164	1577	0	0
11721	90	3892	67164	718	516	2258	90	3889	67170	1577	0	0
11722	90	3889	67170	553	3629	1171	90	3886	67176	1577	0	0
11723	90	3886	67176	2533	1007	2730	90	3883	67182	1577	0	0
11724	90	3883	67182	3896	2669	3038	90	3880	67188	1577	0	0
11725	90	3880	67188	1058	3218	3639	90	3877	67194	1577	0	0
11726	90	3877	67194	1384	3680	341	90	3874	67200	1577	0	0
11727	90	3874	67200	404	2848	126	90	3871	67206	1577	0	0
11728	90	3871	67206	2200	3869	199	90	3868	67212	1577	0	0
11729	90	3868	67212	1520	557	3665	90	3865	67218	1577	0	0
11730	90	3865	67218	2389	2043	3501	90	3862	67224	1577	0	0
11731	90	3862	67224	2908	1649	2255	90	3859	67230	1577	0	0
11732	90	3859	67230	2737	460	2153	90	3856	67236	1577	0	0
11733	90	3856	67236	1438	3434	1628	90	3853	67242	1577	0	0
11734	90	3853	67242	3359	3520	3760	90	3850	67248	1577	0	0
11735	90	3850	67248	1967	1001	3362	90	3847	67254	1577	0	0
11736	90	3847	67254	3148	1302	1743	90	3844	67260	1577	0	0
11737	90	3844	67260	2364	653	2103	90	3841	67266	1577	0	0
11738	90	3841	67266	2008	1311	2934	90	3838	67272	1577	0	0
11739	90	3838	67272	2312	3656	1570	90	3835	67278	1577	0	0
11740	90	3835	67278	3748	2961	328	90	3832	67284	1577	0	0
11741	90	3832	67284	2701	3466	957	90	3829	67290	1577	0	0
11742	90	3829	67290	314	3863	2926	90	3826	67296	1577	0	0
11743	90	3826	67296	1730	332	2605	90	3823	67302	1577	0	0
11744	90	3823	67302	3832	2888	3080	90	3820	67308	1577	0	0
11745	90	3820	67308	957	884	465	90	3817	67314	1577	0	0
11746	90	3817	67314	1223	787	1478	90	3814	67320	1577	0	0
11747	90	3814	67320	1804	765	2921	90	3811	67326	1577	0	0
11748	90	3811	67326	1889	1185	154	90	3808	67332	1577	0	0
11749	90	3808	67332	3518	1190	1101	90	3805	67338	1577	0	0
11750	90	3805	67338	1355	1820	2178	90	3802	67344	1577	0	0
11751	90	3802	67344	561	2370	757	90	3799	67350	1577	0	0
11752	90	3799	67350	3054	927	3016	90	3796	67356	1577	0	0
11753	90	3796	67356	2458	1710	406	90	3793	67362	1577	0	0
11754	90	3793	67362	167	2761	2047	90	3790	67368	1577	0	0
11755	90	3790	67368	2085	3112	3458	90	3787	67374	1577	0	0
11756	90	3787	67374	3553	3501	826	90	3784	67380	1577	0	0
11757	90	3784	67380	1563	1211	2865	90	3781	67386	1577	0	0
11758	90	3781	67386	1227	3269	21	90	3779	67390	1578	0	0
11759	90	3779	67390	2712	51	478	90	3777	67394	1579	0	0
11760	90	3777	67394	483	2852	3298	90	3774	67400	1579	0	0
11761	90	3774	67400	1676	1229	1245	90	3771	67406	1579	0	0
11762	90	3771	67406	1320	3121	222	90	3768	67412	1579	0	0
11763	90	3768	67412	1727	3834	251	90	3765	67418	1579	0	0
11764	90	3765	67418	1338	1859	557	90	3762	67424	1579	0	0
11765	90	3762	67424	2687	1676	1583	90	3759	67430	1579	0	0
11766	90	3759	67430	3421	44	1438	90	3757	67434	1580	0	0
11767	90	3757	67434	186	984	2325	90	3754	67440	1580	0	0
11768	90	3754	67440	3784	2536	494	90	3751	67446	1580	0	0
11769	90	3751	67446	1275	1428	618	90	3748	67452	1580	0	0
11770	90	3748	67452	3022	498	1205	90	3745	67458	1580	0	0
11771	90	3745	67458	1231	1607	1726	90	3742	67464	1580	0	0
11772	90	3742	67464	1170	14	907	90	3740	67468	1581	0	0
11773	90	3740	67468	2963	664	2983	90	3737	67474	1581	0	0
11774	90	3737	67474	2641	2722	3774	90	3734	67480	1581	0	0
11775	90	3734	67480	1336	3673	191	90	3731	67486	1581	0	0
11776	90	3731	67486	2957	8	340	90	3729	67490	1582	0	0
11777	90	3729	67490	53	1987	2962	90	3727	67494	1583	0	0
11778	90	3727	67494	1335	1913	636	90	3724	67500	1583	0	0
11779	90	3724	67500	2471	2844	237	90	3721	67506	1583	0	0
11780	90	3721	67506	136	3678	338	90	3718	67512	1583	0	0
11781	90	3718	67512	1326	130	3493	90	3715	67518	1583	0	0
11782	90	3715	67518	3488	797	47	90	3713	67522	1584	0	0
11783	90	3713	67522	2933	1567	1189	90	3710	67528	1584	0	0
11784	90	3710	67528	1269	3549	3034	90	3707	67534	1584	0	0
11785	90	3707	67534	2853	1022	1188	90	3704	67540	1584	0	0
11786	90	3704	67540	2469	1031	62	90	3702	67544	1585	0	0
11787	90	3702	67544	3094	2490	1760	90	3699	67550	1585	0	0
11788	90	3699	67550	573	2531	35	90	3697	67554	1586	0	0
11789	90	3697	67554	681	704	2337	90	3694	67560	1586	0	0
11790	90	3694	67560	2523	1128	2382	90	3691	67566	1586	0	0
11791	90	3691	67566	1151	3733	1898	90	3688	67572	1586	0	0
11792	90	3688	67572	3158	971	1704	90	3685	67578	1586	0	0
11793	90	3685	67578	2284	2702	3017	90	3682	67584	1586	0	0
11794	90	3682	67584	366	2536	1068	90	3679	67590	1586	0	0
11795	90	3679	67590	476	792	2402	90	3676	67596	1586	0	0
11796	90	3676	67596	3048	1076	1768	90	3673	67602	1586	0	0
11797	90	3673	67602	2260	3615	1919	90	3670	67608	1586	0	0
11798	90	3670	67608	3015	1112	1221	90	3667	67614	1586	0	0
11799	90	3667	67614	3333	3623	19	90	3665	67618	1587	0	0
11800	90	3665	67618	17	3067	3219	90	3663	67622	1588	0	0
11801	90	3663	67622	2603	1262	129	90	3660	67628	1588	0	0
11802	90	3660	67628	110	1914	822	90	3657	67634	1588	0	0
11803	90	3657	67634	2335	142	832	90	3654	67640	1588	0	0
11804	90	3654	67640	3162	1084	2516	90	3651	67646	1588	0	0
11805	90	3651	67646	2465	3362	623	90	3648	67652	1588	0	0
11806	90	3648	67652	1413	351	2735	90	3645	67658	1588	0	0
11807	90	3645	67658	2993	3589	2374	90	3642	67664	1588	0	0
11808	90	3642	67664	145	3209	3540	90	3639	67670	1588	0	0
11809	90	3639	67670	105	2498	465	90	3636	67676	1588	0	0
11810	90	3636	67676	1098	3005	3159	90	3633	67682	1588	0	0
11811	90	3633	67682	2044	1440	213	90	3630	67688	1588	0	0
11812	90	3630	67688	1697	3302	2151	90	3627	67694	1588	0	0
11813	90	3627	67694	1728	3170	2799	90	3624	67700	1588	0	0
11814	90	3624	67700	453	1592	714	90	3621	67706	1588	0	0
11815	90	3621	67706	1498	3172	1722	90	3618	67712	1588	0	0
11816	90	3618	67712	457	644	3387	90	3615	67718	1588	0	0
11817	90	3615	67718	2878	3175	2096	90	3612	67724	1588	0	0
11818	90	3612	67724	3087	2331	3149	90	3609	67730	1588	0	0
11819	90	3609	67730	3137	1482	1483	90	3606	67736	1588	0	0
11820	90	3606	67736	360	1286	3190	90	3603	67742	1588	0	0
11821	90	3603	67742	1888	3013	640	90	3600	67748	1588	0	0
11822	90	3600	67748	3577	457	3426	90	3597	67754	1588	0	0
11823	90	3597	67754	360	1901	1772	90	3594	67760	1588	0	0
11824	90	3594	67760	2551	2510	2970	90	3591	67766	1588	0	0
11825	90	3591	67766	1039	3068	1715	90	3588	67772	1588	0	0
11826	90	3588	67772	3150	885	298	90	3585	67778	1588	0	0
11827	90	3585	67778	1189	1313	194	90	3582	67784	1588	0	0
11828	90	3582	67784	1791	1761	1588	90	3579	67790	1588	0	0
11829	90	3579	67790	2883	2237	2839	90	3576	67796	1588	0	0
11830	90	3576	67796	2568	1861	989	90	3573	67802	1588	0	0
11831	90	3573	67802	1226	2631	3209	90	3570	67808	1588	0	0
11832	90	3570	67808	12	2561	3332	90	3568	67812	1589	0	0
11833	90	3568	67812	996	1966	174	90	3565	67818	1589	0	0
11834	90	3565	67818	1985	772	244	90	3562	67824	1589	0	0
11835	90	3562	67824	159	315	734	90	3559	67830	1589	0	0
11836	90	3559	67830	2360	743	1570	90	3556	67836	1589	0	0
11837	90	3556	67836	1141	2241	2605	90	3553	67842	1589	0	0
11838	90	3553	67842	1907	716	3233	90	3550	67848	1589	0	0
11839	90	3550	67848	2857	3100	1648	90	3547	67854	1589	0	0
11840	90	3547	67854	1558	2266	1899	90	3544	67860	1589	0	0
11841	90	3544	67860	2338	3535	2328	90	3541	67866	1589	0	0
11842	90	3541	67866	822	1291	2875	90	3538	67872	1589	0	0
11843	90	3538	67872	910	1636	2560	90	3535	67878	1589	0	0
11844	90	3535	67878	2793	111	3428	90	3532	67884	1589	0	0
11845	90	3532	67884	627	2372	2301	90	3529	67890	1589	0	0
11846	90	3529	67890	265	453	74	90	3527	67894	1590	0	0
11847	90	3527	67894	891	2422	941	90	3524	67900	1590	0	0
11848	90	3524	67900	24	1562	2993	90	3522	67904	1591	0	0
11849	90	3522	67904	484	260	244	90	3519	67910	1591	0	0
11850	90	3519	67910	2633	904	2712	90	3516	67916	1591	0	0
11851	90	3516	67916	3517	964	3255	90	3513	67922	1591	0	0
11852	90	3513	67922	2729	304	1263	90	3510	67928	1591	0	0
11853	90	3510	67928	3092	2556	2581	90	3507	67934	1591	0	0
11854	90	3507	67934	412	2883	144	90	3504	67940	1591	0	0
11855	90	3504	67940	2077	2959	514	90	3501	67946	1591	0	0
11856	90	3501	67946	3533	478	2689	90	3498	67952	1591	0	0
11857	90	3498	67952	3266	141	642	90	3495	67958	1591	0	0
11858	90	3495	67958	1844	1750	3517	90	3492	67964	1591	0	0
11859	90	3492	67964	3253	1158	460	90	3489	67970	1591	0	0
11860	90	3489	67970	3184	2488	202	90	3486	67976	1591	0	0
11861	90	3486	67976	2066	26	1928	90	3484	67980	1592	0	0
11862	90	3484	67980	1412	1123	170	90	3481	67986	1592	0	0
11863	90	3481	67986	3471	2288	3135	90	3478	67992	1592	0	0
11864	90	3478	67992	1793	2775	366	90	3475	67998	1592	0	0
11865	90	3475	67998	3241	948	2576	90	3472	68004	1592	0	0
11866	90	3472	68004	2325	3033	3398	90	3469	68010	1592	0	0
11867	90	3469	68010	910	3400	2052	90	3466	68016	1592	0	0
11868	90	3466	68016	3239	2409	2423	90	3463	68022	1592	0	0
11869	90	3463	68022	2014	3047	1684	90	3460	68028	1592	0	0
11870	90	3460	68028	2401	489	167	90	3457	68034	1592	0	0
11871	90	3457	68034	1434	3381	338	90	3454	68040	1592	0	0
11872	90	3454	68040	3369	1352	2345	90	3451	68046	1592	0	0
11873	90	3451	68046	1868	1897	3428	90	3448	68052	1592	0	0
11874	90	3448	68052	2091	3004	2837	90	3445	68058	1592	0	0
11875	90	3445	68058	832	1681	2818	90	3442	68064	1592	0	0
11876	90	3442	68064	3128	264	2149	90	3439	68070	1592	0	0
11877	90	3439	68070	1504	1797	1701	90	3436	68076	1592	0	0
11878	90	3436	68076	1875	1623	367	90	3433	68082	1592	0	0
11879	90	3433	68082	3438	1036	1820	90	3430	68088	1592	0	0
11880	90	3430	68088	1946	2078	2669	90	3427	68094	1592	0	0
11881	90	3427	68094	629	1923	2623	90	3424	68100	1592	0	0
11882	90	3424	68100	3486	312	275	90	3421	68106	1592	0	0
11883	90	3421	68106	3330	2518	259	90	3418	68112	1592	0	0
11884	90	3418	68112	1372	1359	2256	90	3415	68118	1592	0	0
11885	90	3415	68118	2747	1382	2380	90	3412	68124	1592	0	0
11886	90	3412	68124	2898	1560	753	90	3409	68130	1592	0	0
11887	90	3409	68130	3183	1350	2374	90	3406	68136	1592	0	0
11888	90	3406	68136	2685	2779	690	90	3403	68142	1592	0	0
11889	90	3403	68142	120	2571	56	90	3401	68146	1593	0	0
11890	90	3401	68146	2774	1677	672	90	3398	68152	1593	0	0
11891	90	3398	68152	410	2521	2774	90	3395	68158	1593	0	0
11892	90	3395	68158	1553	2481	584	90	3392	68164	1593	0	0
11893	90	3392	68164	1847	973	3047	90	3389	68170	1593	0	0
11894	90	3389	68170	1412	1299	708	90	3386	68176	1593	0	0
11895	90	3386	68176	2279	1243	1711	90	3383	68182	1593	0	0
11896	90	3383	68182	922	1441	3344	90	3380	68188	1593	0	0
11897	90	3380	68188	2721	1584	253	90	3377	68194	1593	0	0
11898	90	3377	68194	167	945	1869	90	3374	68200	1593	0	0
11899	90	3374	68200	1568	1732	3030	90	3371	68206	1593	0	0
11900	90	3371	68206	804	2622	1322	90	3368	68212	1593	0	0
11901	90	3368	68212	701	2405	1464	90	3365	68218	1593	0	0
11902	90	3365	68218	2389	810	3106	90	3362	68224	1593	0	0
11903	90	3362	68224	2935	3359	1771	90	3359	68230	1593	0	0
11904	90	3359	68230	690	2977	929	90	3356	68236	1593	0	0
11905	90	3356	68236	931	2138	727	90	3353	68242	1593	0	0
11906	90	3353	68242	1604	3072	2857	90	3350	68248	1593	0	0
11907	90	3350	68248	2688	1654	931	90	3347	68254	1593	0	0
11908	90	3347	68254	1537	1361	1679	90	3344	68260	1593	0	0
11909	90	3344	68260	833	52	2242	90	3342	68264	1594	0	0
11910	90	3342	68264	2582	1882	738	90	3339	68270	1594	0	0
11911	90	3339	68270	1870	1653	3109	90	3336	68276	1594	0	0
11912	90	3336	68276	1003	1498	434	90	3333	68282	1594	0	0
11913	90	3333	68282	2404	292	300	90	3330	68288	1594	0	0
11914	90	3330	68288	1944	944	1971	90	3327	68294	1594	0	0
11915	90	3327	68294	943	3166	1986	90	3324	68300	1594	0	0
11916	90	3324	68300	506	1520	601	90	3321	68306	1594	0	0
11917	90	3321	68306	1391	405	2868	90	3318	68312	1594	0	0
11918	90	3318	68312	487	2947	2366	90	3315	68318	1594	0	0
11919	90	3315	68318	2263	2684	967	90	3312	68324	1594	0	0
11920	90	3312	68324	2951	145	2633	90	3309	68330	1594	0	0
11921	90	3309	68330	2636	1692	1715	90	3306	68336	1594	0	0
11922	90	3306	68336	1138	2960	2025	90	3303	68342	1594	0	0
11923	90	3303	68342	2697	2574	2298	90	3300	68348	1594	0	0
11924	90	3300	68348	1722	2623	1505	90	3297	68354	1594	0	0
11925	90	3297	68354	1942	2992	3368	90	3294	68360	1594	0	0
11926	90	3294	68360	1200	2105	3325	90	3291	68366	1594	0	0
11927	90	3291	68366	585	3272	1086	90	3288	68372	1594	0	0
11928	90	3288	68372	2960	2583	2090	90	3285	68378	1594	0	0
11929	90	3285	68378	1000	2444	426	90	3282	68384	1594	0	0
11930	90	3282	68384	2136	3092	1754	90	3279	68390	1594	0	0
11931	90	3279	68390	2903	1870	2747	90	3276	68396	1594	0	0
11932	90	3276	68396	897	334	539	90	3273	68402	1594	0	0
11933	90	3273	68402	2269	549	341	90	3270	68408	1594	0	0
11934	90	3270	68408	220	617	105	90	3267	68414	1594	0	0
11935	90	3267	68414	346	498	2942	90	3264	68420	1594	0	0
11936	90	3264	68420	1223	2058	449	90	3261	68426	1594	0	0
11937	90	3261	68426	3155	1972	3209	90	3258	68432	1594	0	0
11938	90	3258	68432	2927	1283	1107	90	3255	68438	1594	0	0
11939	90	3255	68438	340	3225	1510	90	3252	68444	1594	0	0
11940	90	3252	68444	276	3100	1259	90	3249	68450	1594	0	0
11941	90	3249	68450	1	1938	2485	90	3247	68454	1595	0	0
11942	90	3247	68454	3287	2806	3006	90	3244	68460	1595	0	0
11943	90	3244	68460	3255	2587	1729	90	3241	68466	1595	0	0
11944	90	3241	68466	1274	1965	427	90	3238	68472	1595	0	0
11945	90	3238	68472	2982	2741	3230	90	3235	68478	1595	0	0
11946	90	3235	68478	1747	2238	14	90	3233	68482	1596	0	0
11947	90	3233	68482	1037	2818	1623	90	3230	68488	1596	0	0
11948	90	3230	68488	2349	1926	1825	90	3227	68494	1596	0	0
11949	90	3227	68494	332	94	424	90	3224	68500	1596	0	0
11950	90	3224	68500	83	2459	2612	90	3222	68504	1597	0	0
11951	90	3222	68504	497	2232	483	90	3219	68510	1597	0	0
11952	90	3219	68510	326	2334	266	90	3216	68516	1597	0	0
11953	90	3216	68516	1069	2438	1031	90	3213	68522	1597	0	0
11954	90	3213	68522	2537	2611	2948	90	3210	68528	1597	0	0
11955	90	3210	68528	449	1127	1555	90	3207	68534	1597	0	0
11956	90	3207	68534	1998	3154	1208	90	3204	68540	1597	0	0
11957	90	3204	68540	19	2259	113	90	3202	68544	1598	0	0
11958	90	3202	68544	609	1852	2329	90	3199	68550	1598	0	0
11959	90	3199	68550	1188	507	1130	90	3196	68556	1598	0	0
11960	90	3196	68556	2032	2386	2785	90	3193	68562	1598	0	0
11961	90	3193	68562	2371	933	164	90	3190	68568	1598	0	0
11962	90	3190	68568	1758	2433	949	90	3187	68574	1598	0	0
11963	90	3187	68574	2370	1408	897	90	3184	68580	1598	0	0
11964	90	3184	68580	3026	129	1785	90	3181	68586	1598	0	0
11965	90	3181	68586	1024	1752	1540	90	3178	68592	1598	0	0
11966	90	3178	68592	347	855	904	90	3175	68598	1598	0	0
11967	90	3175	68598	885	1206	2182	90	3172	68604	1598	0	0
11968	90	3172	68604	1279	321	2836	90	3169	68610	1598	0	0
11969	90	3169	68610	169	3005	51	90	3167	68614	1599	0	0
11970	90	3167	68614	1259	1079	3228	90	3164	68620	1599	0	0
11971	90	3164	68620	483	2036	2141	90	3161	68626	1599	0	0
11972	90	3161	68626	1884	2788	2910	90	3158	68632	1599	0	0
11973	90	3158	68632	2534	1367	2310	90	3155	68638	1599	0	0
11974	90	3155	68638	1596	2712	2941	90	3152	68644	1599	0	0
11975	90	3152	68644	2532	955	191	90	3149	68650	1599	0	0
11976	90	3149	68650	1960	2546	1277	90	3146	68656	1599	0	0
11977	90	3146	68656	2768	561	2168	90	3143	68662	1599	0	0
11978	90	3143	68662	185	2575	1482	90	3140	68668	1599	0	0
11979	90	3140	68668	1236	792	1387	90	3137	68674	1599	0	0
11980	90	3137	68674	2835	2801	2654	90	3134	68680	1599	0	0
11981	90	3134	68680	1382	2773	2035	90	3131	68686	1599	0	0
11982	90	3131	68686	1016	2958	2771	90	3128	68692	1599	0	0
11983	90	3128	68692	1361	709	2570	90	3125	68698	1599	0	0
11984	90	3125	68698	2436	1215	712	90	3122	68704	1599	0	0
11985	90	3122	68704	82	1445	2476	90	3120	68708	1600	0	0
11986	90	3120	68708	3178	2550	2226	90	3117	68714	1600	0	0
11987	90	3117	68714	1900	962	3161	90	3114	68720	1600	0	0
11988	90	3114	68720	1201	2501	2229	90	3111	68726	1600	0	0
11989	90	3111	68726	3192	938	850	90	3108	68732	1600	0	0
11990	90	3108	68732	22	3088	312	90	3106	68736	1601	0	0
11991	90	3106	68736	801	1439	938	90	3103	68742	1601	0	0
11992	90	3103	68742	2117	1039	2937	90	3100	68748	1601	0	0
11993	90	3100	68748	2365	574	847	90	3097	68754	1601	0	0
11994	90	3097	68754	1292	2855	1378	90	3094	68760	1601	0	0
11995	90	3094	68760	1377	1245	2807	90	3091	68766	1601	0	0
11996	90	3091	68766	435	2393	2958	90	3088	68772	1601	0	0
11997	90	3088	68772	315	544	1777	90	3085	68778	1601	0	0
11998	90	3085	68778	1083	444	1429	90	3082	68784	1601	0	0
11999	90	3082	68784	2832	1899	1878	90	3079	68790	1601	0	0
12000	90	3079	68790	3135	1726	2409	90	3076	68796	1601	0	0
12001	90	3076	68796	1499	924	370	90	3073	68802	1601	0	0
12002	90	3073	68802	3027	2679	741	90	3070	68808	1601	0	0
12003	90	3070	68808	577	2488	1364	90	3067	68814	1601	0	0
12004	90	3067	68814	2145	1741	752	90	3064	68820	1601	0	0
12005	90	3064	68820	514	2634	226	90	3061	68826	1601	0	0
12006	90	3061	68826	652	2305	2945	90	3058	68832	1601	0	0
12007	90	3058	68832	1207	751	1511	90	3055	68838	1601	0	0
12008	90	3055	68838	566	421	2812	90	3052	68844	1601	0	0
12009	90	3052	68844	1426	1286	102	90	3049	68850	1601	0	0
12010	90	3049	68850	1819	553	1667	90	3046	68856	1601	0	0
12011	90	3046	68856	2026	214	1850	90	3043	68862	1601	0	0
12012	90	3043	68862	552	2473	2455	90	3040	68868	1601	0	0
12013	90	3040	68868	1325	1927	978	90	3037	68874	1601	0	0
12014	90	3037	68874	1379	1973	2865	90	3034	68880	1601	0	0
12015	90	3034	68880	1650	1310	2099	90	3031	68886	1601	0	0
12016	90	3031	68886	1211	899	830	90	3028	68892	1601	0	0
12017	90	3028	68892	1363	2398	1650	90	3025	68898	1601	0	0
12018	90	3025	68898	2195	753	1261	90	3022	68904	1601	0	0
12019	90	3022	68904	660	1619	2763	90	3019	68910	1601	0	0
12020	90	3019	68910	957	26	623	90	3017	68914	1602	0	0
12021	90	3017	68914	2183	304	3082	90	3014	68920	1602	0	0
12022	90	3014	68920	2761	227	2394	90	3011	68926	1602	0	0
12023	90	3011	68926	2427	258	2200	90	3008	68932	1602	0	0
12024	90	3008	68932	1555	1328	1576	90	3005	68938	1602	0	0
12025	90	3005	68938	399	508	153	90	3002	68944	1602	0	0
12026	90	3002	68944	2753	274	2229	90	2999	68950	1602	0	0
12027	90	2999	68950	2472	1107	1018	90	2996	68956	1602	0	0
12028	90	2996	68956	2517	1632	2875	90	2993	68962	1602	0	0
12029	90	2993	68962	345	325	1815	90	2990	68968	1602	0	0
12030	90	2990	68968	125	601	1131	90	2987	68974	1602	0	0
12031	90	2987	68974	2987	939	2470	90	2984	68980	1602	0	0
12032	90	2984	68980	2557	1350	273	90	2981	68986	1602	0	0
12033	90	2981	68986	1069	2725	575	90	2978	68992	1602	0	0
12034	90	2978	68992	2890	2546	2713	90	2975	68998	1602	0	0
12035	90	2975	68998	67	1714	136	90	2973	69002	1603	0	0
12036	90	2973	69002	2379	1876	1504	90	2970	69008	1603	0	0
12037	90	2970	69008	2018	2161	2737	90	2967	69014	1603	0	0
12038	90	2967	69014	530	48	892	90	2965	69018	1604	0	0
12039	90	2965	69018	2386	1996	2265	90	2962	69024	1604	0	0
12040	90	2962	69024	2704	1819	2920	90	2959	69030	1604	0	0
12041	90	2959	69030	5	2832	672	90	2957	69034	1605	0	0
12042	90	2957	69034	961	377	1044	90	2954	69040	1605	0	0
12043	90	2954	69040	924	1128	120	90	2951	69046	1605	0	0
12044	90	2951	69046	976	2709	2107	90	2948	69052	1605	0	0
12045	90	2948	69052	2474	2309	574	90	2945	69058	1605	0	0
12046	90	2945	69058	2620	2230	2987	90	2942	69064	1605	0	0
12047	90	2942	69064	1428	993	566	90	2939	69070	1605	0	0
12048	90	2939	69070	299	1343	1558	90	2936	69076	1605	0	0
12049	90	2936	69076	2230	1615	640	90	2933	69082	1605	0	0
12050	90	2933	69082	1212	1625	1430	90	2930	69088	1605	0	0
12051	90	2930	69088	2691	163	2322	90	2927	69094	1605	0	0
12052	90	2927	69094	1795	877	2348	90	2924	69100	1605	0	0
12053	90	2924	69100	1086	2796	558	90	2921	69106	1605	0	0
12054	90	2921	69106	730	1989	577	90	2918	69112	1605	0	0
12055	90	2918	69112	2532	1555	974	90	2915	69118	1605	0	0
12056	90	2915	69118	2520	2783	386	90	2912	69124	1605	0	0
12057	90	2912	69124	2881	1963	2962	90	2909	69130	1605	0	0
12058	90	2909	69130	1357	2019	1017	90	2906	69136	1605	0	0
12059	90	2906	69136	1081	1493	1616	90	2903	69142	1605	0	0
12060	90	2903	69142	578	2877	797	90	2900	69148	1605	0	0
12061	90	2900	69148	1594	286	1472	90	2897	69154	1605	0	0
12062	90	2897	69154	1876	1368	2789	90	2894	69160	1605	0	0
12063	90	2894	69160	664	2244	204	90	2891	69166	1605	0	0
12064	90	2891	69166	1635	1451	919	90	2888	69172	1605	0	0
12065	90	2888	69172	2406	354	832	90	2885	69178	1605	0	0
12066	90	2885	69178	468	2839	1443	90	2882	69184	1605	0	0
12067	90	2882	69184	2869	210	1892	90	2879	69190	1605	0	0
12068	90	2879	69190	1001	1448	200	90	2876	69196	1605	0	0
12069	90	2876	69196	1894	1396	1984	90	2873	69202	1605	0	0
12070	90	2873	69202	402	634	882	90	2870	69208	1605	0	0
12071	90	2870	69208	1197	344	1114	90	2867	69214	1605	0	0
12072	90	2867	69214	1105	1962	1346	90	2864	69220	1605	0	0
12073	90	2864	69220	1527	1562	1368	90	2861	69226	1605	0	0
12074	90	2861	69226	2868	2357	1530	90	2858	69232	1605	0	0
12075	90	2858	69232	2055	475	1700	90	2855	69238	1605	0	0
12076	90	2855	69238	1770	195	657	90	2852	69244	1605	0	0
12077	90	2852	69244	2512	2110	249	90	2849	69250	1605	0	0
12078	90	2849	69250	2782	65	2009	90	2847	69254	1606	0	0
12079	90	2847	69254	770	746	595	90	2844	69260	1606	0	0
12080	90	2844	69260	1121	1914	2604	90	2841	69266	1606	0	0
12081	90	2841	69266	2341	1964	2491	90	2838	69272	1606	0	0
12082	90	2838	69272	2510	1312	1371	90	2835	69278	1606	0	0
12083	90	2835	69278	2548	2702	2465	90	2832	69284	1606	0	0
12084	90	2832	69284	2894	32	2503	90	2830	69288	1607	0	0
12085	90	2830	69288	30	2779	2552	90	2828	69292	1608	0	0
12086	90	2828	69292	2909	1077	2373	90	2825	69298	1608	0	0
12087	90	2825	69298	1207	589	693	90	2822	69304	1608	0	0
12088	90	2822	69304	1335	11	684	90	2820	69308	1609	0	0
12089	90	2820	69308	1051	2015	2786	90	2817	69314	1609	0	0
12090	90	2817	69314	997	1865	324	90	2814	69320	1609	0	0
12091	90	2814	69320	302	2086	2738	90	2811	69326	1609	0	0
12092	90	2811	69326	1541	844	1097	90	2808	69332	1609	0	0
12093	90	2808	69332	2133	458	107	90	2805	69338	1609	0	0
12094	90	2805	69338	1878	1447	1990	90	2802	69344	1609	0	0
12095	90	2802	69344	2785	2552	866	90	2799	69350	1609	0	0
12096	90	2799	69350	270	1361	1427	90	2796	69356	1609	0	0
12097	90	2796	69356	1048	756	2587	90	2793	69362	1609	0	0
12098	90	2793	69362	1185	2767	1210	90	2790	69368	1609	0	0
12099	90	2790	69368	362	430	276	90	2787	69374	1609	0	0
12100	90	2787	69374	359	1973	2123	90	2784	69380	1609	0	0
12101	90	2784	69380	1850	2014	1490	90	2781	69386	1609	0	0
12102	90	2781	69386	1956	1364	2540	90	2778	69392	1609	0	0
12103	90	2778	69392	2826	1933	333	90	2775	69398	1609	0	0
12104	90	2775	69398	1029	2033	2646	90	2772	69404	1609	0	0
12105	90	2772	69404	1275	542	1766	90	2769	69410	1609	0	0
12106	90	2769	69410	1293	1490	648	90	2766	69416	1609	0	0
12107	90	2766	69416	816	1600	524	90	2763	69422	1609	0	0
12108	90	2763	69422	2011	1576	1595	90	2760	69428	1609	0	0
12109	90	2760	69428	582	334	2443	90	2757	69434	1609	0	0
12110	90	2757	69434	2708	247	2819	90	2754	69440	1609	0	0
12111	90	2754	69440	1580	2150	2361	90	2751	69446	1609	0	0
12112	90	2751	69446	2744	2349	265	90	2748	69452	1609	0	0
12113	90	2748	69452	2154	430	2832	90	2745	69458	1609	0	0
12114	90	2745	69458	2256	1327	1019	90	2742	69464	1609	0	0
12115	90	2742	69464	905	237	1682	90	2739	69470	1609	0	0
12116	90	2739	69470	1914	707	1172	90	2736	69476	1609	0	0
12117	90	2736	69476	697	1435	1341	90	2733	69482	1609	0	0
12118	90	2733	69482	69	2297	1066	90	2731	69486	1610	0	0
12119	90	2731	69486	1126	1570	670	90	2728	69492	1610	0	0
12120	90	2728	69492	1837	2518	1014	90	2725	69498	1610	0	0
12121	90	2725	69498	2297	109	540	90	2722	69504	1610	0	0
12122	90	2722	69504	2764	1727	14	90	2720	69508	1611	0	0
12123	90	2720	69508	919	1402	501	90	2717	69514	1611	0	0
12124	90	2717	69514	82	15	1163	91	3170	69516	1613	454	0
12125	91	3170	69516	539	706	2044	91	3167	69522	1613	0	0
12126	91	3167	69522	2946	2056	2494	91	3164	69528	1613	0	0
12127	91	3164	69528	1663	768	3157	91	3161	69534	1613	0	0
12128	91	3161	69534	928	768	1049	91	3158	69540	1613	0	0
12129	91	3158	69540	2539	566	1197	91	3155	69546	1613	0	0
12130	91	3155	69546	2316	71	3042	91	3153	69550	1614	0	0
12131	91	3153	69550	164	852	762	91	3150	69556	1614	0	0
12132	91	3150	69556	2759	601	1372	91	3147	69562	1614	0	0
12133	91	3147	69562	1973	336	1499	91	3144	69568	1614	0	0
12134	91	3144	69568	644	1838	1466	91	3141	69574	1614	0	0
12135	91	3141	69574	1791	1905	332	91	3138	69580	1614	0	0
12136	91	3138	69580	2714	1015	1920	91	3135	69586	1614	0	0
12137	91	3135	69586	2044	2774	959	91	3132	69592	1614	0	0
12138	91	3132	69592	1473	1472	431	91	3129	69598	1614	0	0
12139	91	3129	69598	2560	1218	889	91	3126	69604	1614	0	0
12140	91	3126	69604	476	2755	1409	91	3123	69610	1614	0	0
12141	91	3123	69610	1570	2925	1903	91	3120	69616	1614	0	0
12142	91	3120	69616	3001	508	2040	91	3117	69622	1614	0	0
12143	91	3117	69622	1233	1236	2189	91	3114	69628	1614	0	0
12144	91	3114	69628	2593	2332	309	91	3111	69634	1614	0	0
12145	91	3111	69634	2086	539	1016	91	3108	69640	1614	0	0
12146	91	3108	69640	1721	1011	2762	91	3105	69646	1614	0	0
12147	91	3105	69646	357	1854	108	91	3102	69652	1614	0	0
12148	91	3102	69652	483	653	1522	91	3099	69658	1614	0	0
12149	91	3099	69658	392	1777	3065	91	3096	69664	1614	0	0
12150	91	3096	69664	110	547	1933	91	3093	69670	1614	0	0
12151	91	3093	69670	1246	1701	2831	91	3090	69676	1614	0	0
12152	91	3090	69676	161	6	1409	91	3088	69680	1615	0	0
12153	91	3088	69680	131	2619	508	91	3085	69686	1615	0	0
12154	91	3085	69686	1194	2575	731	91	3082	69692	1615	0	0
12155	91	3082	69692	3172	953	2295	91	3079	69698	1615	0	0
12156	91	3079	69698	954	1501	1454	91	3076	69704	1615	0	0
12157	91	3076	69704	2686	2575	2481	91	3073	69710	1615	0	0
12158	91	3073	69710	657	1177	2249	91	3070	69716	1615	0	0
12159	91	3070	69716	2564	2075	1075	91	3067	69722	1615	0	0
12160	91	3067	69722	2801	642	99	91	3064	69728	1615	0	0
12161	91	3064	69728	1234	1038	2298	91	3061	69734	1615	0	0
12162	91	3061	69734	2127	661	545	91	3058	69740	1615	0	0
12163	91	3058	69740	2010	828	442	91	3055	69746	1615	0	0
12164	91	3055	69746	2497	1022	2841	91	3052	69752	1615	0	0
12165	91	3052	69752	2964	1144	1645	91	3049	69758	1615	0	0
12166	91	3049	69758	1272	1261	2234	91	3046	69764	1615	0	0
12167	91	3046	69764	2888	1398	117	91	3043	69770	1615	0	0
12168	91	3043	69770	1587	3084	1856	91	3040	69776	1615	0	0
12169	91	3040	69776	2973	2133	2623	91	3037	69782	1615	0	0
12170	91	3037	69782	228	1527	1627	91	3034	69788	1615	0	0
12171	91	3034	69788	873	2194	2462	91	3031	69794	1615	0	0
12172	91	3031	69794	2837	2244	755	91	3028	69800	1615	0	0
12173	91	3028	69800	1727	2970	2130	91	3025	69806	1615	0	0
12174	91	3025	69806	2050	130	1669	91	3022	69812	1615	0	0
12175	91	3022	69812	494	1336	2764	91	3019	69818	1615	0	0
12176	91	3019	69818	1421	2934	526	91	3016	69824	1615	0	0
12177	91	3016	69824	2244	1313	2301	91	3013	69830	1615	0	0
12178	91	3013	69830	2296	409	1674	91	3010	69836	1615	0	0
12179	91	3010	69836	2832	1457	2203	91	3007	69842	1615	0	0
12180	91	3007	69842	406	1260	2965	91	3004	69848	1615	0	0
12181	91	3004	69848	683	1209	1974	91	3001	69854	1615	0	0
12182	91	3001	69854	684	2239	1621	91	2998	69860	1615	0	0
12183	91	2998	69860	2397	2615	853	91	2995	69866	1615	0	0
12184	91	2995	69866	2014	1732	70	91	2993	69870	1616	0	0
12185	91	2993	69870	1924	2877	2677	91	2990	69876	1616	0	0
12186	91	2990	69876	838	588	1481	91	2987	69882	1616	0	0
12187	91	2987	69882	21	519	1439	91	2985	69886	1617	0	0
12188	91	2985	69886	1713	1778	911	91	2982	69892	1617	0	0
12189	91	2982	69892	652	343	2363	91	2979	69898	1617	0	0
12190	91	2979	69898	1785	265	1820	91	2976	69904	1617	0	0
12191	91	2976	69904	2696	1860	43	91	2974	69908	1618	0	0
12192	91	2974	69908	1341	2735	645	91	2971	69914	1618	0	0
12193	91	2971	69914	1370	1940	2540	91	2968	69920	1618	0	0
12194	91	2968	69920	74	2915	2148	91	2966	69924	1619	0	0
12195	91	2966	69924	2283	1849	2567	91	2963	69930	1619	0	0
12196	91	2963	69930	1455	2403	934	91	2960	69936	1619	0	0
12197	91	2960	69936	2135	1296	1771	91	2957	69942	1619	0	0
12198	91	2957	69942	1939	908	2903	91	2954	69948	1619	0	0
12199	91	2954	69948	2871	1582	812	91	2951	69954	1619	0	0
12200	91	2951	69954	1051	1680	2744	91	2948	69960	1619	0	0
12201	91	2948	69960	475	2141	186	91	2945	69966	1619	0	0
12202	91	2945	69966	2842	871	492	91	2942	69972	1619	0	0
12203	91	2942	69972	2530	3015	2859	91	2939	69978	1619	0	0
12204	91	2939	69978	2959	175	2468	91	2936	69984	1619	0	0
12205	91	2936	69984	92	2798	833	91	2933	69990	1619	0	0
12206	91	2933	69990	1884	406	990	91	2930	69996	1619	0	0
12207	91	2930	69996	576	406	247	91	2927	70002	1619	0	0
12208	91	2927	70002	1853	216	1808	91	2924	70008	1619	0	0
12209	91	2924	70008	520	158	736	91	2921	70014	1619	0	0
12210	91	2921	70014	1075	1504	2957	91	2918	70020	1619	0	0
12211	91	2918	70020	1827	1950	986	91	2915	70026	1619	0	0
12212	91	2915	70026	445	733	225	91	2912	70032	1619	0	0
12213	91	2912	70032	2683	2208	1669	91	2909	70038	1619	0	0
12214	91	2909	70038	1388	623	2713	91	2906	70044	1619	0	0
12215	91	2906	70044	1409	1885	173	91	2903	70050	1619	0	0
12216	91	2903	70050	2893	1006	2581	91	2900	70056	1619	0	0
12217	91	2900	70056	216	2707	2506	91	2897	70062	1619	0	0
12218	91	2897	70062	1695	896	318	91	2894	70068	1619	0	0
12219	91	2894	70068	2468	1623	302	91	2891	70074	1619	0	0
12220	91	2891	70074	882	1195	261	91	2888	70080	1619	0	0
12221	91	2888	70080	1336	256	1753	91	2885	70086	1619	0	0
12222	91	2885	70086	1924	33	623	91	2883	70090	1620	0	0
12223	91	2883	70090	1977	2015	2897	91	2880	70096	1620	0	0
12224	91	2880	70096	2577	1141	2178	91	2877	70102	1620	0	0
12225	91	2877	70102	640	1372	2545	91	2874	70108	1620	0	0
12226	91	2874	70108	1783	2720	683	91	2871	70114	1620	0	0
12227	91	2871	70114	932	2173	1181	91	2868	70120	1620	0	0
12228	91	2868	70120	2572	891	1711	91	2865	70126	1620	0	0
12229	91	2865	70126	2214	2596	273	91	2862	70132	1620	0	0
12230	91	2862	70132	1956	2748	2185	91	2859	70138	1620	0	0
12231	91	2859	70138	525	1304	2070	91	2856	70144	1620	0	0
12232	91	2856	70144	2546	808	1461	91	2853	70150	1620	0	0
12233	91	2853	70150	270	2389	24	91	2851	70154	1621	0	0
12234	91	2851	70154	1483	1547	2340	91	2848	70160	1621	0	0
12235	91	2848	70160	1011	1498	2066	91	2845	70166	1621	0	0
12236	91	2845	70166	1570	140	785	91	2842	70172	1621	0	0
12237	91	2842	70172	311	873	849	91	2839	70178	1621	0	0
12238	91	2839	70178	96	2920	2638	91	2836	70184	1621	0	0
12239	91	2836	70184	1222	2646	1073	91	2833	70190	1621	0	0
12240	91	2833	70190	1602	1558	2127	91	2830	70196	1621	0	0
12241	91	2830	70196	1602	803	2350	91	2827	70202	1621	0	0
12242	91	2827	70202	1202	2417	846	91	2824	70208	1621	0	0
12243	91	2824	70208	1028	1260	438	91	2821	70214	1621	0	0
12244	91	2821	70214	2301	2643	1411	91	2818	70220	1621	0	0
12245	91	2818	70220	1685	244	1879	91	2815	70226	1621	0	0
12246	91	2815	70226	924	2562	2557	91	2812	70232	1621	0	0
12247	91	2812	70232	756	2377	1443	91	2809	70238	1621	0	0
12248	91	2809	70238	2407	2324	2073	91	2806	70244	1621	0	0
12249	91	2806	70244	2278	1820	458	91	2803	70250	1621	0	0
12250	91	2803	70250	37	1807	2270	91	2801	70254	1622	0	0
12251	91	2801	70254	1533	708	2196	91	2798	70260	1622	0	0
12252	91	2798	70260	2836	351	365	91	2795	70266	1622	0	0
12253	91	2795	70266	2180	1904	2647	91	2792	70272	1622	0	0
12254	91	2792	70272	2011	2102	1943	91	2789	70278	1622	0	0
12255	91	2789	70278	1348	1373	1167	91	2786	70284	1622	0	0
12256	91	2786	70284	1037	300	1977	91	2783	70290	1622	0	0
12257	91	2783	70290	2389	1735	469	91	2780	70296	1622	0	0
12258	91	2780	70296	864	1185	516	91	2777	70302	1622	0	0
12259	91	2777	70302	875	537	2475	91	2774	70308	1622	0	0
12260	91	2774	70308	65	1932	34	92	3801	70310	1624	1028	0
12261	92	3801	70310	2716	974	2219	92	3798	70316	1624	0	0
12262	92	3798	70316	2678	694	834	92	3795	70322	1624	0	0
12263	92	3795	70322	1202	1329	713	92	3792	70328	1624	0	0
12264	92	3792	70328	2963	340	3149	92	3789	70334	1624	0	0
12265	92	3789	70334	353	1850	2402	92	3786	70340	1624	0	0
12266	92	3786	70340	3385	1329	1031	92	3783	70346	1624	0	0
12267	92	3783	70346	2634	2308	3134	92	3780	70352	1624	0	0
12268	92	3780	70352	879	3474	1903	92	3777	70358	1624	0	0
12269	92	3777	70358	1126	2341	1162	92	3774	70364	1624	0	0
12270	92	3774	70364	3499	1448	3211	92	3771	70370	1624	0	0
12271	92	3771	70370	1443	2904	493	92	3768	70376	1624	0	0
12272	92	3768	70376	843	884	268	92	3765	70382	1624	0	0
12273	92	3765	70382	1574	2766	2756	92	3762	70388	1624	0	0
12274	92	3762	70388	3453	1933	2474	92	3759	70394	1624	0	0
12275	92	3759	70394	1751	3454	619	92	3756	70400	1624	0	0
12276	92	3756	70400	2498	3705	3299	92	3753	70406	1624	0	0
12277	92	3753	70406	1538	362	2211	92	3750	70412	1624	0	0
12278	92	3750	70412	3758	129	2130	92	3747	70418	1624	0	0
12279	92	3747	70418	2285	2408	2777	92	3744	70424	1624	0	0
12280	92	3744	70424	689	580	52	92	3742	70428	1625	0	0
12281	92	3742	70428	2119	2574	3201	92	3739	70434	1625	0	0
12282	92	3739	70434	2799	1437	3460	92	3736	70440	1625	0	0
12283	92	3736	70440	290	3527	3467	92	3733	70446	1625	0	0
12284	92	3733	70446	63	2013	296	92	3731	70450	1626	0	0
12285	92	3731	70450	2129	1531	3341	92	3728	70456	1626	0	0
12286	92	3728	70456	3222	3795	2022	92	3725	70462	1626	0	0
12287	92	3725	70462	2541	2887	266	92	3722	70468	1626	0	0
12288	92	3722	70468	1213	2330	791	92	3719	70474	1626	0	0
12289	92	3719	70474	2984	1341	3412	92	3716	70480	1626	0	0
12290	92	3716	70480	374	1310	1973	92	3713	70486	1626	0	0
12291	92	3713	70486	2100	536	3193	92	3710	70492	1626	0	0
12292	92	3710	70492	1676	548	797	92	3707	70498	1626	0	0
12293	92	3707	70498	2585	1829	3114	92	3704	70504	1626	0	0
12294	92	3704	70504	2526	2203	10	92	3702	70508	1627	0	0
12295	92	3702	70508	220	2484	348	92	3699	70514	1627	0	0
12296	92	3699	70514	3433	3056	1008	92	3696	70520	1627	0	0
12297	92	3696	70520	276	1012	1801	92	3693	70526	1627	0	0
12298	92	3693	70526	953	3233	3007	92	3690	70532	1627	0	0
12299	92	3690	70532	2292	2767	2822	92	3687	70538	1627	0	0
12300	92	3687	70538	3065	3318	2236	92	3684	70544	1627	0	0
12301	92	3684	70544	3052	1949	3460	92	3681	70550	1627	0	0
12302	92	3681	70550	1497	3553	1448	92	3678	70556	1627	0	0
12303	92	3678	70556	2299	3339	2851	92	3675	70562	1627	0	0
12304	92	3675	70562	3229	1133	2850	92	3672	70568	1627	0	0
12305	92	3672	70568	378	1722	2958	92	3669	70574	1627	0	0
12306	92	3669	70574	1333	2287	2692	92	3666	70580	1627	0	0
12307	92	3666	70580	468	1005	2843	92	3663	70586	1627	0	0
12308	92	3663	70586	1656	2584	1021	92	3660	70592	1627	0	0
12309	92	3660	70592	1547	1314	2218	92	3657	70598	1627	0	0
12310	92	3657	70598	517	1823	1025	92	3654	70604	1627	0	0
12311	92	3654	70604	586	2057	1814	92	3651	70610	1627	0	0
12312	92	3651	70610	997	2788	345	92	3648	70616	1627	0	0
12313	92	3648	70616	1357	92	1760	92	3645	70622	1627	0	0
12314	92	3645	70622	863	1741	799	92	3642	70628	1627	0	0
12315	92	3642	70628	1209	2440	2037	92	3639	70634	1627	0	0
12316	92	3639	70634	917	2452	3526	92	3636	70640	1627	0	0
12317	92	3636	70640	2173	3677	3353	92	3633	70646	1627	0	0
12318	92	3633	70646	1367	2199	1904	92	3630	70652	1627	0	0
12319	92	3630	70652	2418	1709	604	92	3627	70658	1627	0	0
12320	92	3627	70658	2440	180	3184	92	3624	70664	1627	0	0
12321	92	3624	70664	1502	398	1582	92	3621	70670	1627	0	0
12322	92	3621	70670	26	3372	96	92	3619	70674	1628	0	0
12323	92	3619	70674	1758	2965	2981	92	3616	70680	1628	0	0
12324	92	3616	70680	174	2490	662	92	3613	70686	1628	0	0
12325	92	3613	70686	760	249	2718	92	3610	70692	1628	0	0
12326	92	3610	70692	1765	3111	810	92	3607	70698	1628	0	0
12327	92	3607	70698	1193	1860	1418	92	3604	70704	1628	0	0
12328	92	3604	70704	1854	1718	2101	92	3601	70710	1628	0	0
12329	92	3601	70710	2179	2739	1129	92	3598	70716	1628	0	0
12330	92	3598	70716	1957	2579	964	92	3595	70722	1628	0	0
12331	92	3595	70722	3063	1906	55	92	3593	70726	1629	0	0
12332	92	3593	70726	726	2446	1056	92	3590	70732	1629	0	0
12333	92	3590	70732	2026	3384	2039	92	3587	70738	1629	0	0
12334	92	3587	70738	1606	958	3491	92	3584	70744	1629	0	0
12335	92	3584	70744	2364	3174	2122	92	3581	70750	1629	0	0
12336	92	3581	70750	1447	159	3410	92	3578	70756	1629	0	0
12337	92	3578	70756	3013	2779	1078	92	3575	70762	1629	0	0
12338	92	3575	70762	1344	1146	2321	92	3572	70768	1629	0	0
12339	92	3572	70768	977	736	2918	92	3569	70774	1629	0	0
12340	92	3569	70774	246	1290	2616	92	3566	70780	1629	0	0
12341	92	3566	70780	1504	1424	2449	92	3563	70786	1629	0	0
12342	92	3563	70786	2135	1272	3239	92	3560	70792	1629	0	0
12343	92	3560	70792	697	2478	2420	92	3557	70798	1629	0	0
12344	92	3557	70798	1101	561	2498	92	3554	70804	1629	0	0
12345	92	3554	70804	1839	2225	1099	92	3551	70810	1629	0	0
12346	92	3551	70810	2068	2819	1354	92	3548	70816	1629	0	0
12347	92	3548	70816	3346	1286	2575	92	3545	70822	1629	0	0
12348	92	3545	70822	1360	3324	2406	92	3542	70828	1629	0	0
12349	92	3542	70828	900	869	2037	92	3539	70834	1629	0	0
12350	92	3539	70834	1149	692	2818	92	3536	70840	1629	0	0
12351	92	3536	70840	2820	1959	1175	92	3533	70846	1629	0	0
12352	92	3533	70846	133	1472	2828	92	3530	70852	1629	0	0
12353	92	3530	70852	1756	2103	1590	92	3527	70858	1629	0	0
12354	92	3527	70858	1340	3590	2969	92	3524	70864	1629	0	0
12355	92	3524	70864	661	2983	936	92	3521	70870	1629	0	0
12356	92	3521	70870	1959	1236	34	92	3519	70874	1630	0	0
12357	92	3519	70874	79	3593	303	92	3517	70878	1631	0	0
12358	92	3517	70878	3149	1582	2242	92	3514	70884	1631	0	0
12359	92	3514	70884	1389	1680	292	92	3511	70890	1631	0	0
12360	92	3511	70890	150	3093	1694	92	3508	70896	1631	0	0
12361	92	3508	70896	1250	3534	1143	92	3505	70902	1631	0	0
12362	92	3505	70902	365	2613	880	92	3502	70908	1631	0	0
12363	92	3502	70908	564	3008	2274	92	3499	70914	1631	0	0
12364	92	3499	70914	1244	362	581	92	3496	70920	1631	0	0
12365	92	3496	70920	1454	573	910	92	3493	70926	1631	0	0
12366	92	3493	70926	1794	3415	2406	92	3490	70932	1631	0	0
12367	92	3490	70932	1511	2023	1443	92	3487	70938	1631	0	0
12368	92	3487	70938	2494	2847	2194	92	3484	70944	1631	0	0
12369	92	3484	70944	3277	3473	3160	92	3481	70950	1631	0	0
12370	92	3481	70950	140	1947	426	92	3478	70956	1631	0	0
12371	92	3478	70956	235	1054	2829	92	3475	70962	1631	0	0
12372	92	3475	70962	310	1618	1987	92	3472	70968	1631	0	0
12373	92	3472	70968	2200	2026	3238	92	3469	70974	1631	0	0
12374	92	3469	70974	2438	542	3022	92	3466	70980	1631	0	0
12375	92	3466	70980	820	2845	1323	92	3463	70986	1631	0	0
12376	92	3463	70986	1368	2774	2034	92	3460	70992	1631	0	0
12377	92	3460	70992	3521	2226	1812	92	3457	70998	1631	0	0
12378	92	3457	70998	2074	3142	2416	92	3454	71004	1631	0	0
12379	92	3454	71004	1651	2702	2586	92	3451	71010	1631	0	0
12380	92	3451	71010	3154	2478	1665	92	3448	71016	1631	0	0
12381	92	3448	71016	1336	2643	599	92	3445	71022	1631	0	0
12382	92	3445	71022	1395	1314	3406	92	3442	71028	1631	0	0
12383	92	3442	71028	1500	2414	833	92	3439	71034	1631	0	0
12384	92	3439	71034	2341	2454	3212	92	3436	71040	1631	0	0
12385	92	3436	71040	2112	3024	295	92	3433	71046	1631	0	0
12386	92	3433	71046	2384	1093	3044	92	3430	71052	1631	0	0
12387	92	3430	71052	1894	1659	309	92	3427	71058	1631	0	0
12388	92	3427	71058	286	1410	492	92	3424	71064	1631	0	0
12389	92	3424	71064	1160	1721	1289	92	3421	71070	1631	0	0
12390	92	3421	71070	1474	2437	201	92	3418	71076	1631	0	0
12391	92	3418	71076	698	158	2515	92	3415	71082	1631	0	0
12392	92	3415	71082	874	2579	353	92	3412	71088	1631	0	0
12393	92	3412	71088	2584	2689	1237	92	3409	71094	1631	0	0
12394	92	3409	71094	605	2663	2025	92	3406	71100	1631	0	0
12395	92	3406	71100	984	864	2247	92	3403	71106	1631	0	0
12396	92	3403	71106	2204	1687	2756	92	3400	71112	1631	0	0
12397	92	3400	71112	2122	3418	199	92	3397	71118	1631	0	0
12398	92	3397	71118	1959	3461	2540	92	3394	71124	1631	0	0
12399	92	3394	71124	2815	91	1759	92	3392	71128	1632	0	0
12400	92	3392	71128	1558	125	2012	92	3389	71134	1632	0	0
12401	92	3389	71134	1576	1627	1765	92	3386	71140	1632	0	0
12402	92	3386	71140	2080	3323	2355	92	3383	71146	1632	0	0
12403	92	3383	71146	3028	2705	3043	92	3380	71152	1632	0	0
12404	92	3380	71152	2852	688	453	92	3377	71158	1632	0	0
12405	92	3377	71158	1620	3271	2733	92	3374	71164	1632	0	0
12406	92	3374	71164	599	1297	2837	92	3371	71170	1632	0	0
12407	92	3371	71170	41	1458	939	92	3369	71174	1633	0	0
12408	92	3369	71174	756	258	2514	92	3366	71180	1633	0	0
12409	92	3366	71180	2659	112	932	92	3363	71186	1633	0	0
12410	92	3363	71186	1491	3172	890	92	3360	71192	1633	0	0
12411	92	3360	71192	96	2134	242	92	3357	71198	1633	0	0
12412	92	3357	71198	1981	1741	314	92	3354	71204	1633	0	0
12413	92	3354	71204	3401	260	2591	92	3351	71210	1633	0	0
12414	92	3351	71210	97	2791	2625	92	3348	71216	1633	0	0
12415	92	3348	71216	3241	576	930	92	3345	71222	1633	0	0
12416	92	3345	71222	995	3276	2011	92	3342	71228	1633	0	0
12417	92	3342	71228	2684	40	292	92	3340	71232	1634	0	0
12418	92	3340	71232	801	743	477	92	3337	71238	1634	0	0
12419	92	3337	71238	2900	858	2369	92	3334	71244	1634	0	0
12420	92	3334	71244	2711	1455	2540	92	3331	71250	1634	0	0
12421	92	3331	71250	3050	757	2089	92	3328	71256	1634	0	0
12422	92	3328	71256	2676	2803	1938	92	3325	71262	1634	0	0
12423	92	3325	71262	1641	649	577	92	3322	71268	1634	0	0
12424	92	3322	71268	245	3012	3038	92	3319	71274	1634	0	0
12425	92	3319	71274	1933	2887	2592	92	3316	71280	1634	0	0
12426	92	3316	71280	3164	2894	2177	92	3313	71286	1634	0	0
12427	92	3313	71286	1454	1531	2258	92	3310	71292	1634	0	0
12428	92	3310	71292	2561	2660	1156	92	3307	71298	1634	0	0
12429	92	3307	71298	585	2536	845	92	3304	71304	1634	0	0
12430	92	3304	71304	2328	2917	2977	92	3301	71310	1634	0	0
12431	92	3301	71310	146	572	3295	92	3298	71316	1634	0	0
12432	92	3298	71316	2789	2055	3192	92	3295	71322	1634	0	0
12433	92	3295	71322	3360	2773	1400	92	3292	71328	1634	0	0
12434	92	3292	71328	2012	2010	2575	92	3289	71334	1634	0	0
12435	92	3289	71334	758	804	3314	92	3286	71340	1634	0	0
12436	92	3286	71340	254	1099	1538	92	3283	71346	1634	0	0
12437	92	3283	71346	1597	79	3077	92	3281	71350	1635	0	0
12438	92	3281	71350	2582	2710	1498	92	3278	71356	1635	0	0
12439	92	3278	71356	690	2585	3342	92	3275	71362	1635	0	0
12440	92	3275	71362	3137	229	1792	92	3272	71368	1635	0	0
12441	92	3272	71368	203	302	1786	92	3269	71374	1635	0	0
12442	92	3269	71374	3244	2579	997	92	3266	71380	1635	0	0
12443	92	3266	71380	1295	2169	175	92	3263	71386	1635	0	0
12444	92	3263	71386	3074	3238	2359	92	3260	71392	1635	0	0
12445	92	3260	71392	943	2521	374	92	3257	71398	1635	0	0
12446	92	3257	71398	3114	296	74	92	3255	71402	1636	0	0
12447	92	3255	71402	902	2304	1729	92	3252	71408	1636	0	0
12448	92	3252	71408	1212	556	2618	92	3249	71414	1636	0	0
12449	92	3249	71414	1486	2945	368	92	3246	71420	1636	0	0
12450	92	3246	71420	1864	2086	1171	92	3243	71426	1636	0	0
12451	92	3243	71426	144	3150	2083	92	3240	71432	1636	0	0
12452	92	3240	71432	1958	81	2475	92	3238	71436	1637	0	0
12453	92	3238	71436	311	3118	252	92	3235	71442	1637	0	0
12454	92	3235	71442	853	575	2796	92	3232	71448	1637	0	0
12455	92	3232	71448	1945	3108	2542	92	3229	71454	1637	0	0
12456	92	3229	71454	2231	2382	1383	92	3226	71460	1637	0	0
12457	92	3226	71460	1327	1661	1355	92	3223	71466	1637	0	0
12458	92	3223	71466	1602	3020	2435	92	3220	71472	1637	0	0
12459	92	3220	71472	3262	2789	172	92	3217	71478	1637	0	0
12460	92	3217	71478	3213	2152	824	92	3214	71484	1637	0	0
12461	92	3214	71484	2466	597	1079	92	3211	71490	1637	0	0
12462	92	3211	71490	2275	1542	2252	92	3208	71496	1637	0	0
12463	92	3208	71496	113	3009	927	92	3205	71502	1637	0	0
12464	92	3205	71502	2285	1356	2386	92	3202	71508	1637	0	0
12465	92	3202	71508	2337	2316	2468	92	3199	71514	1637	0	0
12466	92	3199	71514	1787	2774	1717	92	3196	71520	1637	0	0
12467	92	3196	71520	1096	509	2400	92	3193	71526	1637	0	0
12468	92	3193	71526	2056	2585	1940	92	3190	71532	1637	0	0
12469	92	3190	71532	1787	208	1985	92	3187	71538	1637	0	0
12470	92	3187	71538	567	2338	499	92	3184	71544	1637	0	0
12471	92	3184	71544	3206	1994	2037	92	3181	71550	1637	0	0
12472	92	3181	71550	2735	2893	2607	92	3178	71556	1637	0	0
12473	92	3178	71556	3060	1932	300	92	3175	71562	1637	0	0
12474	92	3175	71562	860	1991	829	92	3172	71568	1637	0	0
12475	92	3172	71568	67	2163	1641	92	3170	71572	1638	0	0
12476	92	3170	71572	2444	1746	252	92	3167	71578	1638	0	0
12477	92	3167	71578	1148	2759	1564	92	3164	71584	1638	0	0
12478	92	3164	71584	2343	1970	3084	92	3161	71590	1638	0	0
12479	92	3161	71590	1816	394	2953	92	3158	71596	1638	0	0
12480	92	3158	71596	2061	1571	268	92	3155	71602	1638	0	0
12481	92	3155	71602	2188	3001	1100	92	3152	71608	1638	0	0
12482	92	3152	71608	548	1511	39	92	3150	71612	1639	0	0
12483	92	3150	71612	1941	350	1409	92	3147	71618	1639	0	0
12484	92	3147	71618	1241	349	1871	92	3144	71624	1639	0	0
12485	92	3144	71624	534	1097	2680	92	3141	71630	1639	0	0
12486	92	3141	71630	945	2734	1287	92	3138	71636	1639	0	0
12487	92	3138	71636	779	355	2157	92	3135	71642	1639	0	0
12488	92	3135	71642	1747	1901	777	92	3132	71648	1639	0	0
12489	92	3132	71648	2778	1727	984	92	3129	71654	1639	0	0
12490	92	3129	71654	2777	1017	934	92	3126	71660	1639	0	0
12491	92	3126	71660	162	1794	1837	92	3123	71666	1639	0	0
12492	92	3123	71666	2827	2231	683	92	3120	71672	1639	0	0
12493	92	3120	71672	2851	1465	2634	92	3117	71678	1639	0	0
12494	92	3117	71678	2045	1399	3018	92	3114	71684	1639	0	0
12495	92	3114	71684	948	1501	1745	92	3111	71690	1639	0	0
12496	92	3111	71690	2410	382	2429	92	3108	71696	1639	0	0
12497	92	3108	71696	1941	214	1783	92	3105	71702	1639	0	0
12498	92	3105	71702	1353	1073	2409	92	3102	71708	1639	0	0
12499	92	3102	71708	757	3018	2339	92	3099	71714	1639	0	0
12500	92	3099	71714	746	2287	57	92	3097	71718	1640	0	0
12501	92	3097	71718	1110	1988	856	92	3094	71724	1640	0	0
12502	92	3094	71724	1280	3026	1511	92	3091	71730	1640	0	0
12503	92	3091	71730	66	138	2490	92	3089	71734	1641	0	0
12504	92	3089	71734	2303	3045	42	92	3087	71738	1642	0	0
12505	92	3087	71738	2612	2809	989	92	3084	71744	1642	0	0
12506	92	3084	71744	674	2446	196	92	3081	71750	1642	0	0
12507	92	3081	71750	3033	2427	969	92	3078	71756	1642	0	0
12508	92	3078	71756	1550	2629	2271	92	3075	71762	1642	0	0
12509	92	3075	71762	1049	1825	1476	92	3072	71768	1642	0	0
12510	92	3072	71768	1671	1480	1400	92	3069	71774	1642	0	0
12511	92	3069	71774	694	2924	2885	92	3066	71780	1642	0	0
12512	92	3066	71780	179	3056	937	92	3063	71786	1642	0	0
12513	92	3063	71786	1623	2372	971	92	3060	71792	1642	0	0
12514	92	3060	71792	946	492	2691	92	3057	71798	1642	0	0
12515	92	3057	71798	308	1415	2504	92	3054	71804	1642	0	0
12516	92	3054	71804	1024	3111	184	92	3051	71810	1642	0	0
12517	92	3051	71810	2599	2726	1263	92	3048	71816	1642	0	0
12518	92	3048	71816	120	489	940	92	3045	71822	1642	0	0
12519	92	3045	71822	2009	764	1947	92	3042	71828	1642	0	0
12520	92	3042	71828	1423	2701	2287	92	3039	71834	1642	0	0
12521	92	3039	71834	1711	2480	2569	92	3036	71840	1642	0	0
12522	92	3036	71840	2530	3077	968	92	3033	71846	1642	0	0
12523	92	3033	71846	1699	2542	693	92	3030	71852	1642	0	0
12524	92	3030	71852	2811	2042	573	92	3027	71858	1642	0	0
12525	92	3027	71858	3006	1968	517	92	3024	71864	1642	0	0
12526	92	3024	71864	2706	2598	2948	92	3021	71870	1642	0	0
12527	92	3021	71870	2851	664	1685	92	3018	71876	1642	0	0
12528	92	3018	71876	247	225	527	92	3015	71882	1642	0	0
12529	92	3015	71882	1320	2891	1314	92	3012	71888	1642	0	0
12530	92	3012	71888	2859	1385	153	92	3009	71894	1642	0	0
12531	92	3009	71894	1226	1748	2749	92	3006	71900	1642	0	0
12532	92	3006	71900	1041	2021	2734	92	3003	71906	1642	0	0
12533	92	3003	71906	1006	2711	401	92	3000	71912	1642	0	0
12534	92	3000	71912	2640	598	2323	92	2997	71918	1642	0	0
12535	92	2997	71918	215	2896	2783	92	2994	71924	1642	0	0
12536	92	2994	71924	2681	1155	613	92	2991	71930	1642	0	0
12537	92	2991	71930	2859	3013	2200	92	2988	71936	1642	0	0
12538	92	2988	71936	1915	2838	2935	92	2985	71942	1642	0	0
12539	92	2985	71942	3015	296	82	92	2983	71946	1643	0	0
12540	92	2983	71946	1586	1241	564	92	2980	71952	1643	0	0
12541	92	2980	71952	2970	592	143	92	2977	71958	1643	0	0
12542	92	2977	71958	2873	896	1582	92	2974	71964	1643	0	0
12543	92	2974	71964	2716	552	1946	92	2971	71970	1643	0	0
12544	92	2971	71970	804	1180	1354	92	2968	71976	1643	0	0
12545	92	2968	71976	3045	732	968	92	2965	71982	1643	0	0
12546	92	2965	71982	2853	1332	258	92	2962	71988	1643	0	0
12547	92	2962	71988	62	181	2862	92	2960	71992	1644	0	0
12548	92	2960	71992	1240	632	1290	92	2957	71998	1644	0	0
12549	92	2957	71998	1111	1469	1020	92	2954	72004	1644	0	0
12550	92	2954	72004	964	2641	380	92	2951	72010	1644	0	0
12551	92	2951	72010	2180	1105	13	92	2949	72014	1645	0	0
12552	92	2949	72014	172	625	648	92	2946	72020	1645	0	0
12553	92	2946	72020	2077	1192	1451	92	2943	72026	1645	0	0
12554	92	2943	72026	2525	1048	2239	92	2940	72032	1645	0	0
12555	92	2940	72032	2660	752	2399	92	2937	72038	1645	0	0
12556	92	2937	72038	170	2909	1029	92	2934	72044	1645	0	0
12557	92	2934	72044	2034	2600	729	92	2931	72050	1645	0	0
12558	92	2931	72050	1947	380	1766	92	2928	72056	1645	0	0
12559	92	2928	72056	2394	110	2808	92	2925	72062	1645	0	0
12560	92	2925	72062	787	2666	2614	92	2922	72068	1645	0	0
12561	92	2922	72068	1560	1351	133	92	2919	72074	1645	0	0
12562	92	2919	72074	1550	2526	2057	92	2916	72080	1645	0	0
12563	92	2916	72080	1159	2405	737	92	2913	72086	1645	0	0
12564	92	2913	72086	1017	223	2855	92	2910	72092	1645	0	0
12565	92	2910	72092	961	339	2940	92	2907	72098	1645	0	0
12566	92	2907	72098	1007	759	843	92	2904	72104	1645	0	0
12567	92	2904	72104	2377	739	1314	92	2901	72110	1645	0	0
12568	92	2901	72110	481	312	820	92	2898	72116	1645	0	0
12569	92	2898	72116	904	2175	2517	92	2895	72122	1645	0	0
12570	92	2895	72122	2496	1338	1374	92	2892	72128	1645	0	0
12571	92	2892	72128	14	1354	2388	92	2890	72132	1646	0	0
12572	92	2890	72132	115	1367	724	92	2887	72138	1646	0	0
12573	92	2887	72138	1419	1922	1373	92	2884	72144	1646	0	0
12574	92	2884	72144	320	2441	1342	92	2881	72150	1646	0	0
12575	92	2881	72150	1709	2782	2092	92	2878	72156	1646	0	0
12576	92	2878	72156	2143	66	1545	92	2876	72160	1647	0	0
12577	92	2876	72160	1462	2782	918	92	2873	72166	1647	0	0
12578	92	2873	72166	524	2223	2726	92	2870	72172	1647	0	0
12579	92	2870	72172	745	2137	2327	92	2867	72178	1647	0	0
12580	92	2867	72178	1144	2616	2116	92	2864	72184	1647	0	0
12581	92	2864	72184	1901	2343	582	92	2861	72190	1647	0	0
12582	92	2861	72190	293	1878	618	92	2858	72196	1647	0	0
12583	92	2858	72196	2945	1284	1720	92	2855	72202	1647	0	0
12584	92	2855	72202	129	2322	1973	92	2852	72208	1647	0	0
12585	92	2852	72208	2170	1657	1617	92	2849	72214	1647	0	0
12586	92	2849	72214	666	2860	1456	92	2846	72220	1647	0	0
12587	92	2846	72220	2225	1769	2348	92	2843	72226	1647	0	0
12588	92	2843	72226	2387	2049	2099	92	2840	72232	1647	0	0
12589	92	2840	72232	2550	1380	1907	92	2837	72238	1647	0	0
12590	92	2837	72238	2202	1545	2699	92	2834	72244	1647	0	0
12591	92	2834	72244	2755	39	1909	92	2832	72248	1648	0	0
12592	92	2832	72248	80	252	2395	92	2830	72252	1649	0	0
12593	92	2830	72252	1225	2421	2089	92	2827	72258	1649	0	0
12594	92	2827	72258	2232	2590	588	92	2824	72264	1649	0	0
12595	92	2824	72264	1111	14	488	92	2822	72268	1650	0	0
12596	92	2822	72268	732	2876	1336	92	2819	72274	1650	0	0
12597	92	2819	72274	2381	981	1521	92	2816	72280	1650	0	0
12598	92	2816	72280	1586	2586	2878	92	2813	72286	1650	0	0
12599	92	2813	72286	2759	1257	94	92	2810	72292	1650	0	0
12600	92	2810	72292	2345	1967	1914	92	2807	72298	1650	0	0
12601	92	2807	72298	2443	2094	1072	92	2804	72304	1650	0	0
12602	92	2804	72304	1883	1516	2315	92	2801	72310	1650	0	0
12603	92	2801	72310	1106	610	2537	92	2798	72316	1650	0	0
12604	92	2798	72316	1866	457	2576	92	2795	72322	1650	0	0
12605	92	2795	72322	2000	1227	2301	92	2792	72328	1650	0	0
12606	92	2792	72328	492	1671	1800	92	2789	72334	1650	0	0
12607	92	2789	72334	859	2104	986	92	2786	72340	1650	0	0
12608	92	2786	72340	2590	1858	1462	92	2783	72346	1650	0	0
12609	92	2783	72346	1725	2666	1437	92	2780	72352	1650	0	0
12610	92	2780	72352	1691	422	821	92	2777	72358	1650	0	0
12611	92	2777	72358	755	29	6	93	3112	72360	1652	336	0
12612	93	3112	72360	273	2951	2864	93	3109	72366	1652	0	0
12613	93	3109	72366	2148	1922	78	93	3107	72370	1653	0	0
12614	93	3107	72370	659	2017	2986	93	3104	72376	1653	0	0
12615	93	3104	72376	1192	2487	2359	93	3101	72382	1653	0	0
12616	93	3101	72382	1191	2559	871	93	3098	72388	1653	0	0
12617	93	3098	72388	2247	165	346	93	3095	72394	1653	0	0
12618	93	3095	72394	2859	2998	70	93	3093	72398	1654	0	0
12619	93	3093	72398	500	15	2957	93	3091	72402	1655	0	0
12620	93	3091	72402	378	2622	1814	93	3088	72408	1655	0	0
12621	93	3088	72408	2112	1141	2064	93	3085	72414	1655	0	0
12622	93	3085	72414	2116	2359	1872	93	3082	72420	1655	0	0
12623	93	3082	72420	398	1017	564	93	3079	72426	1655	0	0
12624	93	3079	72426	27	2684	2144	93	3077	72430	1656	0	0
12625	93	3077	72430	1751	2165	2559	93	3074	72436	1656	0	0
12626	93	3074	72436	2265	2827	1953	93	3071	72442	1656	0	0
12627	93	3071	72442	1039	2010	1738	93	3068	72448	1656	0	0
12628	93	3068	72448	134	1514	2304	93	3065	72454	1656	0	0
12629	93	3065	72454	2573	1435	489	93	3062	72460	1656	0	0
12630	93	3062	72460	765	2844	2771	93	3059	72466	1656	0	0
12631	93	3059	72466	1226	195	1443	93	3056	72472	1656	0	0
12632	93	3056	72472	679	1453	117	93	3053	72478	1656	0	0
12633	93	3053	72478	1410	1825	2350	93	3050	72484	1656	0	0
12634	93	3050	72484	2350	3038	204	93	3047	72490	1656	0	0
12635	93	3047	72490	812	707	111	93	3044	72496	1656	0	0
12636	93	3044	72496	2749	2709	1485	93	3041	72502	1656	0	0
12637	93	3041	72502	700	138	2354	93	3038	72508	1656	0	0
12638	93	3038	72508	928	1724	1522	93	3035	72514	1656	0	0
12639	93	3035	72514	1046	1920	2824	93	3032	72520	1656	0	0
12640	93	3032	72520	2962	2076	1930	93	3029	72526	1656	0	0
12641	93	3029	72526	1555	2794	2828	93	3026	72532	1656	0	0
12642	93	3026	72532	1522	2156	1206	93	3023	72538	1656	0	0
12643	93	3023	72538	729	2821	736	93	3020	72544	1656	0	0
12644	93	3020	72544	906	821	1669	93	3017	72550	1656	0	0
12645	93	3017	72550	739	693	2305	93	3014	72556	1656	0	0
12646	93	3014	72556	838	1951	2975	93	3011	72562	1656	0	0
12647	93	3011	72562	1902	2200	388	93	3008	72568	1656	0	0
12648	93	3008	72568	577	2702	2751	93	3005	72574	1656	0	0
12649	93	3005	72574	2229	1923	866	93	3002	72580	1656	0	0
12650	93	3002	72580	636	860	923	93	2999	72586	1656	0	0
12651	93	2999	72586	2611	949	188	93	2996	72592	1656	0	0
12652	93	2996	72592	742	1346	11	93	2994	72596	1657	0	0
12653	93	2994	72596	801	593	969	93	2991	72602	1657	0	0
12654	93	2991	72602	1545	1207	2971	93	2988	72608	1657	0	0
12655	93	2988	72608	248	2421	1128	93	2985	72614	1657	0	0
12656	93	2985	72614	2854	628	2210	93	2982	72620	1657	0	0
12657	93	2982	72620	1618	249	686	93	2979	72626	1657	0	0
12658	93	2979	72626	399	519	1092	93	2976	72632	1657	0	0
12659	93	2976	72632	1231	762	1119	93	2973	72638	1657	0	0
12660	93	2973	72638	2298	2519	947	93	2970	72644	1657	0	0
12661	93	2970	72644	2207	2039	1528	93	2967	72650	1657	0	0
12662	93	2967	72650	204	1717	665	93	2964	72656	1657	0	0
12663	93	2964	72656	2026	2816	152	93	2961	72662	1657	0	0
12664	93	2961	72662	1399	160	1876	93	2958	72668	1657	0	0
12665	93	2958	72668	2330	2051	834	93	2955	72674	1657	0	0
12666	93	2955	72674	1066	1650	2450	93	2952	72680	1657	0	0
12667	93	2952	72680	268	787	28	93	2950	72684	1658	0	0
12668	93	2950	72684	2392	843	1042	93	2947	72690	1658	0	0
12669	93	2947	72690	273	1674	1192	93	2944	72696	1658	0	0
12670	93	2944	72696	1	1013	2465	93	2942	72700	1659	0	0
12671	93	2942	72700	2718	1945	2884	93	2939	72706	1659	0	0
12672	93	2939	72706	2201	1532	16	93	2937	72710	1660	0	0
12673	93	2937	72710	2909	2952	2486	93	2934	72716	1660	0	0
12674	93	2934	72716	2240	2527	817	93	2931	72722	1660	0	0
12675	93	2931	72722	2242	1629	954	93	2928	72728	1660	0	0
12676	93	2928	72728	1285	17	1369	93	2926	72732	1661	0	0
12677	93	2926	72732	625	1140	854	93	2923	72738	1661	0	0
12678	93	2923	72738	2131	637	777	93	2920	72744	1661	0	0
12679	93	2920	72744	2363	2784	2441	93	2917	72750	1661	0	0
12680	93	2917	72750	2186	2031	2088	93	2914	72756	1661	0	0
12681	93	2914	72756	905	1797	839	93	2911	72762	1661	0	0
12682	93	2911	72762	866	503	2107	93	2908	72768	1661	0	0
12683	93	2908	72768	1468	73	2275	93	2906	72772	1662	0	0
12684	93	2906	72772	2162	2493	1491	93	2903	72778	1662	0	0
12685	93	2903	72778	647	2755	469	93	2900	72784	1662	0	0
12686	93	2900	72784	1680	1002	1507	93	2897	72790	1662	0	0
12687	93	2897	72790	1901	2033	245	93	2894	72796	1662	0	0
12688	93	2894	72796	2401	935	1880	93	2891	72802	1662	0	0
12689	93	2891	72802	1134	1016	1946	93	2888	72808	1662	0	0
12690	93	2888	72808	496	1313	1024	93	2885	72814	1662	0	0
12691	93	2885	72814	980	2072	2105	93	2882	72820	1662	0	0
12692	93	2882	72820	1041	621	2824	93	2879	72826	1662	0	0
12693	93	2879	72826	2122	1292	230	93	2876	72832	1662	0	0
12694	93	2876	72832	864	1273	1588	93	2873	72838	1662	0	0
12695	93	2873	72838	2206	1584	2133	93	2870	72844	1662	0	0
12696	93	2870	72844	489	439	571	93	2867	72850	1662	0	0
12697	93	2867	72850	2080	155	1614	93	2864	72856	1662	0	0
12698	93	2864	72856	2694	2751	2848	93	2861	72862	1662	0	0
12699	93	2861	72862	930	2241	1982	93	2858	72868	1662	0	0
12700	93	2858	72868	146	79	993	93	2856	72872	1663	0	0
12701	93	2856	72872	917	1039	1426	93	2853	72878	1663	0	0
12702	93	2853	72878	2103	1150	2017	93	2850	72884	1663	0	0
12703	93	2850	72884	759	2113	316	93	2847	72890	1663	0	0
12704	93	2847	72890	1074	450	1054	93	2844	72896	1663	0	0
12705	93	2844	72896	251	1729	1733	93	2841	72902	1663	0	0
12706	93	2841	72902	1561	2665	1872	93	2838	72908	1663	0	0
12707	93	2838	72908	836	2100	489	93	2835	72914	1663	0	0
12708	93	2835	72914	1111	28	2122	93	2833	72918	1664	0	0
12709	93	2833	72918	1493	988	529	93	2830	72924	1664	0	0
12710	93	2830	72924	272	2421	2101	93	2827	72930	1664	0	0
12711	93	2827	72930	662	606	159	93	2824	72936	1664	0	0
12712	93	2824	72936	781	1161	398	93	2821	72942	1664	0	0
12713	93	2821	72942	369	13	855	93	2819	72946	1665	0	0
12714	93	2819	72946	2810	1550	729	93	2816	72952	1665	0	0
12715	93	2816	72952	1610	2588	2691	93	2813	72958	1665	0	0
12716	93	2813	72958	769	1210	388	93	2810	72964	1665	0	0
12717	93	2810	72964	2855	150	93	93	2807	72970	1665	0	0
12718	93	2807	72970	498	1244	2366	93	2804	72976	1665	0	0
12719	93	2804	72976	2110	1153	2203	93	2801	72982	1665	0	0
12720	93	2801	72982	439	1098	926	93	2798	72988	1665	0	0
12721	93	2798	72988	1766	881	122	93	2795	72994	1665	0	0
12722	93	2795	72994	231	2553	23	93	2793	72998	1666	0	0
12723	93	2793	72998	49	1835	646	93	2791	73002	1667	0	0
12724	93	2791	73002	546	1521	418	93	2788	73008	1667	0	0
12725	93	2788	73008	494	2356	2825	93	2785	73014	1667	0	0
12726	93	2785	73014	1174	1075	462	93	2782	73020	1667	0	0
12727	93	2782	73020	868	1297	2490	93	2779	73026	1667	0	0
12728	93	2779	73026	1730	1075	2713	93	2776	73032	1667	0	0
12729	93	2776	73032	99	1925	893	93	2773	73038	1667	0	0
12730	93	2773	73038	1892	1300	79	93	2771	73042	1668	0	0
12731	93	2771	73042	2638	2181	2138	93	2768	73048	1668	0	0
12732	93	2768	73048	776	1519	1102	93	2765	73054	1668	0	0
12733	93	2765	73054	2235	1524	17	93	2763	73058	1669	0	0
12734	93	2763	73058	2661	2247	419	93	2760	73064	1669	0	0
12735	93	2760	73064	1837	463	1119	93	2757	73070	1669	0	0
12736	93	2757	73070	2270	1308	2382	93	2754	73076	1669	0	0
12737	93	2754	73076	2231	812	674	93	2751	73082	1669	0	0
12738	93	2751	73082	2066	634	2332	93	2748	73088	1669	0	0
12739	93	2748	73088	464	2003	1307	93	2745	73094	1669	0	0
12740	93	2745	73094	1355	947	1275	93	2742	73100	1669	0	0
12741	93	2742	73100	2184	2568	717	93	2739	73106	1669	0	0
12742	93	2739	73106	1677	2191	159	93	2736	73112	1669	0	0
12743	93	2736	73112	495	553	1807	93	2733	73118	1669	0	0
12744	93	2733	73118	1294	1519	319	93	2730	73124	1669	0	0
12745	93	2730	73124	1467	777	1179	93	2727	73130	1669	0	0
12746	93	2727	73130	1878	1200	1931	93	2724	73136	1669	0	0
12747	93	2724	73136	60	804	231	93	2722	73140	1670	0	0
12748	93	2722	73140	2280	452	1301	93	2719	73146	1670	0	0
12749	93	2719	73146	1269	1826	2368	93	2716	73152	1670	0	0
12750	93	2716	73152	2171	2554	755	93	2713	73158	1670	0	0
12751	93	2713	73158	2733	2334	839	93	2710	73164	1670	0	0
12752	93	2710	73164	1386	743	910	93	2707	73170	1670	0	0
12753	93	2707	73170	915	1990	2521	93	2704	73176	1670	0	0
12754	93	2704	73176	1395	370	1437	93	2701	73182	1670	0	0
12755	93	2701	73182	2274	1390	1071	93	2698	73188	1670	0	0
12756	93	2698	73188	1018	498	340	93	2695	73194	1670	0	0
12757	93	2695	73194	1259	1993	1416	93	2692	73200	1670	0	0
12758	93	2692	73200	203	874	818	93	2689	73206	1670	0	0
12759	93	2689	73206	206	1787	56	93	2687	73210	1671	0	0
12760	93	2687	73210	648	1745	1504	93	2684	73216	1671	0	0
12761	93	2684	73216	1135	1806	245	93	2681	73222	1671	0	0
12762	93	2681	73222	933	1706	2422	93	2678	73228	1671	0	0
12763	93	2678	73228	2642	576	5	93	2676	73232	1672	0	0
12764	93	2676	73232	396	2573	2130	93	2673	73238	1672	0	0
12765	93	2673	73238	2088	1950	2090	93	2670	73244	1672	0	0
12766	93	2670	73244	490	426	76	93	2668	73248	1673	0	0
12767	93	2668	73248	1379	531	2667	93	2665	73254	1673	0	0
12768	93	2665	73254	879	720	2592	93	2662	73260	1673	0	0
12769	93	2662	73260	1911	2456	13	93	2660	73264	1674	0	0
12770	93	2660	73264	1858	2449	2524	93	2657	73270	1674	0	0
12771	93	2657	73270	542	2240	735	93	2654	73276	1674	0	0
12772	93	2654	73276	140	730	2699	93	2651	73282	1674	0	0
12773	93	2651	73282	2146	2112	2213	93	2648	73288	1674	0	0
12774	93	2648	73288	434	882	33	93	2646	73292	1675	0	0
12775	93	2646	73292	2695	150	2579	93	2643	73298	1675	0	0
12776	93	2643	73298	1874	2638	1710	93	2640	73304	1675	0	0
12777	93	2640	73304	13	887	1997	93	2638	73308	1676	0	0
12778	93	2638	73308	1153	2085	2479	93	2635	73314	1676	0	0
12779	93	2635	73314	795	208	1953	93	2632	73320	1676	0	0
12780	93	2632	73320	1725	642	2299	93	2629	73326	1676	0	0
12781	93	2629	73326	1461	1367	1849	93	2626	73332	1676	0	0
12782	93	2626	73332	1935	1669	2040	93	2623	73338	1676	0	0
12783	93	2623	73338	835	1712	497	93	2620	73344	1676	0	0
12784	93	2620	73344	2617	1831	1714	93	2617	73350	1676	0	0
12785	93	2617	73350	593	1891	918	93	2614	73356	1676	0	0
12786	93	2614	73356	1213	226	2076	93	2611	73362	1676	0	0
12787	93	2611	73362	1390	1040	2193	93	2608	73368	1676	0	0
12788	93	2608	73368	715	1574	2156	93	2605	73374	1676	0	0
12789	93	2605	73374	713	1690	1020	93	2602	73380	1676	0	0
12790	93	2602	73380	537	1350	1258	93	2599	73386	1676	0	0
12791	93	2599	73386	1009	1425	256	93	2596	73392	1676	0	0
12792	93	2596	73392	2338	1367	1090	93	2593	73398	1676	0	0
12793	93	2593	73398	2379	2561	1567	93	2590	73404	1676	0	0
12794	93	2590	73404	258	94	1998	93	2587	73410	1676	0	0
12795	93	2587	73410	921	1147	2011	93	2584	73416	1676	0	0
12796	93	2584	73416	2273	2663	1390	93	2581	73422	1676	0	0
12797	93	2581	73422	2461	1736	1972	93	2578	73428	1676	0	0
12798	93	2578	73428	722	1119	1289	93	2575	73434	1676	0	0
12799	93	2575	73434	426	2342	419	93	2572	73440	1676	0	0
12800	93	2572	73440	1809	621	784	93	2569	73446	1676	0	0
12801	93	2569	73446	1074	1752	934	93	2566	73452	1676	0	0
12802	93	2566	73452	2186	1619	1429	93	2563	73458	1676	0	0
12803	93	2563	73458	935	1541	1766	93	2560	73464	1676	0	0
12804	93	2560	73464	1166	705	892	93	2557	73470	1676	0	0
12805	93	2557	73470	246	2286	568	93	2554	73476	1676	0	0
12806	93	2554	73476	1033	1506	1035	93	2551	73482	1676	0	0
12807	93	2551	73482	594	503	1072	93	2548	73488	1676	0	0
12808	93	2548	73488	2628	409	2317	93	2545	73494	1676	0	0
12809	93	2545	73494	972	128	1894	93	2542	73500	1676	0	0
12810	93	2542	73500	1180	2106	303	93	2539	73506	1676	0	0
12811	93	2539	73506	2329	2580	1331	93	2536	73512	1676	0	0
12812	93	2536	73512	240	2271	2180	93	2533	73518	1676	0	0
12813	93	2533	73518	1047	663	357	93	2530	73524	1676	0	0
12814	93	2530	73524	456	2096	1997	93	2527	73530	1676	0	0
12815	93	2527	73530	2188	1864	396	93	2524	73536	1676	0	0
12816	93	2524	73536	1964	1946	1044	93	2521	73542	1676	0	0
12817	93	2521	73542	645	1282	2146	93	2518	73548	1676	0	0
12818	93	2518	73548	2543	2356	85	93	2516	73552	1677	0	0
12819	93	2516	73552	921	2327	1174	93	2513	73558	1677	0	0
12820	93	2513	73558	105	1902	76	93	2511	73562	1678	0	0
12821	93	2511	73562	287	458	2551	93	2508	73568	1678	0	0
12822	93	2508	73568	116	1677	1603	93	2505	73574	1678	0	0
12823	93	2505	73574	949	24	1339	93	2503	73578	1679	0	0
12824	93	2503	73578	23	1452	2002	93	2501	73582	1680	0	0
12825	93	2501	73582	533	1199	741	93	2498	73588	1680	0	0
12826	93	2498	73588	388	1483	1997	93	2495	73594	1680	0	0
12827	93	2495	73594	2549	25	1012	93	2493	73598	1681	0	0
12828	93	2493	73598	2467	2052	1608	93	2490	73604	1681	0	0
12829	93	2490	73604	192	2018	1844	93	2487	73610	1681	0	0
12830	93	2487	73610	865	1799	1942	93	2484	73616	1681	0	0
12831	93	2484	73616	453	923	785	93	2481	73622	1681	0	0
12832	93	2481	73622	407	1235	730	93	2478	73628	1681	0	0
12833	93	2478	73628	1055	1374	395	93	2475	73634	1681	0	0
12834	93	2475	73634	326	1100	812	93	2472	73640	1681	0	0
12835	93	2472	73640	1080	84	558	93	2470	73644	1682	0	0
12836	93	2470	73644	592	986	1524	93	2467	73650	1682	0	0
12837	93	2467	73650	2323	1399	1414	93	2464	73656	1682	0	0
12838	93	2464	73656	632	505	1641	93	2461	73662	1682	0	0
12839	93	2461	73662	1645	1887	1909	93	2458	73668	1682	0	0
12840	93	2458	73668	866	15	742	93	2456	73672	1683	0	0
12841	93	2456	73672	2	2406	2511	93	2454	73676	1684	0	0
12842	93	2454	73676	74	379	1264	93	2452	73680	1685	0	0
12843	93	2452	73680	1917	2232	511	93	2449	73686	1685	0	0
12844	93	2449	73686	2009	2000	1858	93	2446	73692	1685	0	0
12845	93	2446	73692	2003	1539	1679	93	2443	73698	1685	0	0
12846	93	2443	73698	1262	371	2087	93	2440	73704	1685	0	0
12847	93	2440	73704	352	1299	595	93	2437	73710	1685	0	0
12848	93	2437	73710	2354	989	1642	93	2434	73716	1685	0	0
12849	93	2434	73716	115	159	1184	93	2431	73722	1685	0	0
12850	93	2431	73722	1752	1231	967	93	2428	73728	1685	0	0
12851	93	2428	73728	373	2293	1358	93	2425	73734	1685	0	0
12852	93	2425	73734	1812	2418	2147	93	2422	73740	1685	0	0
12853	93	2422	73740	2416	695	1650	93	2419	73746	1685	0	0
12854	93	2419	73746	2195	2217	2365	93	2416	73752	1685	0	0
12855	93	2416	73752	2073	2456	1214	93	2413	73758	1685	0	0
12856	93	2413	73758	1560	257	547	93	2410	73764	1685	0	0
12857	93	2410	73764	2061	1755	712	93	2407	73770	1685	0	0
12858	93	2407	73770	739	2025	2219	93	2404	73776	1685	0	0
12859	93	2404	73776	2172	324	866	93	2401	73782	1685	0	0
12860	93	2401	73782	1925	1377	900	93	2398	73788	1685	0	0
12861	93	2398	73788	63	623	2418	93	2396	73792	1686	0	0
12862	93	2396	73792	230	2289	1512	93	2393	73798	1686	0	0
12863	93	2393	73798	1171	828	2017	93	2390	73804	1686	0	0
12864	93	2390	73804	2277	764	834	93	2387	73810	1686	0	0
12865	93	2387	73810	1961	1647	1486	93	2384	73816	1686	0	0
12866	93	2384	73816	175	321	1861	93	2381	73822	1686	0	0
12867	93	2381	73822	1680	2294	1523	93	2378	73828	1686	0	0
12868	93	2378	73828	395	708	511	93	2375	73834	1686	0	0
12869	93	2375	73834	431	530	1799	93	2372	73840	1686	0	0
12870	93	2372	73840	1400	315	1706	93	2369	73846	1686	0	0
12871	93	2369	73846	793	1658	1181	93	2366	73852	1686	0	0
12872	93	2366	73852	2108	375	2202	93	2363	73858	1686	0	0
12873	93	2363	73858	1566	1214	1249	93	2360	73864	1686	0	0
12874	93	2360	73864	1136	1054	727	93	2357	73870	1686	0	0
12875	93	2357	73870	273	622	138	93	2354	73876	1686	0	0
12876	93	2354	73876	2185	1250	1312	93	2351	73882	1686	0	0
12877	93	2351	73882	1640	2152	505	93	2348	73888	1686	0	0
12878	93	2348	73888	1184	1734	1472	93	2345	73894	1686	0	0
12879	93	2345	73894	900	530	1572	93	2342	73900	1686	0	0
12880	93	2342	73900	1431	2339	1914	93	2339	73906	1686	0	0
12881	93	2339	73906	1503	412	904	93	2336	73912	1686	0	0
12882	93	2336	73912	177	117	1495	93	2333	73918	1686	0	0
12883	93	2333	73918	2150	2013	77	93	2331	73922	1687	0	0
12884	93	2331	73922	1276	2173	936	93	2328	73928	1687	0	0
12885	93	2328	73928	136	437	1702	93	2325	73934	1687	0	0
12886	93	2325	73934	1865	525	1447	93	2322	73940	1687	0	0
12887	93	2322	73940	412	2128	879	93	2319	73946	1687	0	0
12888	93	2319	73946	1944	555	1278	93	2316	73952	1687	0	0
12889	93	2316	73952	808	2149	643	93	2313	73958	1687	0	0
12890	93	2313	73958	4	1636	1134	93	2311	73962	1688	0	0
12891	93	2311	73962	640	859	999	93	2308	73968	1688	0	0
12892	93	2308	73968	1408	1085	525	93	2305	73974	1688	0	0
12893	93	2305	73974	21	969	940	93	2303	73978	1689	0	0
12894	93	2303	73978	983	1295	623	93	2300	73984	1689	0	0
12895	93	2300	73984	1925	2233	1681	93	2297	73990	1689	0	0
12896	93	2297	73990	1102	448	1952	93	2294	73996	1689	0	0
12897	93	2294	73996	1157	88	1724	93	2292	74000	1690	0	0
12898	93	2292	74000	526	1595	765	93	2289	74006	1690	0	0
12899	93	2289	74006	1898	1806	312	93	2286	74012	1690	0	0
12900	93	2286	74012	1321	428	704	93	2283	74018	1690	0	0
12901	93	2283	74018	2020	560	1672	93	2280	74024	1690	0	0
12902	93	2280	74024	1698	271	574	93	2277	74030	1690	0	0
12903	93	2277	74030	2321	1983	1556	93	2274	74036	1690	0	0
12904	93	2274	74036	1006	1390	1413	93	2271	74042	1690	0	0
12905	93	2271	74042	1616	1382	972	93	2268	74048	1690	0	0
12906	93	2268	74048	2250	697	287	93	2265	74054	1690	0	0
12907	93	2265	74054	419	809	1535	93	2262	74060	1690	0	0
12908	93	2262	74060	2307	670	200	93	2259	74066	1690	0	0
12909	93	2259	74066	1386	131	1497	93	2256	74072	1690	0	0
12910	93	2256	74072	288	1351	1682	93	2253	74078	1690	0	0
12911	93	2253	74078	1937	389	1426	93	2250	74084	1690	0	0
12912	93	2250	74084	699	1030	2288	93	2247	74090	1690	0	0
12913	93	2247	74090	1247	758	916	93	2244	74096	1690	0	0
12914	93	2244	74096	1516	794	623	93	2241	74102	1690	0	0
12915	93	2241	74102	360	307	317	93	2238	74108	1690	0	0
12916	93	2238	74108	1636	1253	855	93	2235	74114	1690	0	0
12917	93	2235	74114	1864	552	800	93	2232	74120	1690	0	0
12918	93	2232	74120	637	954	807	93	2229	74126	1690	0	0
12919	93	2229	74126	1141	2156	634	93	2226	74132	1690	0	0
12920	93	2226	74132	1760	471	763	93	2223	74138	1690	0	0
12921	93	2223	74138	509	2312	818	93	2220	74144	1690	0	0
12922	93	2220	74144	1225	1459	2218	93	2217	74150	1690	0	0
12923	93	2217	74150	142	1527	1649	93	2214	74156	1690	0	0
12924	93	2214	74156	1930	2191	1079	93	2211	74162	1690	0	0
12925	93	2211	74162	1650	54	629	93	2209	74166	1691	0	0
12926	93	2209	74166	1868	1345	1914	93	2206	74172	1691	0	0
12927	93	2206	74172	1995	888	1082	93	2203	74178	1691	0	0
12928	93	2203	74178	1882	1068	890	93	2200	74184	1691	0	0
12929	93	2200	74184	2097	809	728	93	2197	74190	1691	0	0
12930	93	2197	74190	1048	1670	252	93	2194	74196	1691	0	0
12931	93	2194	74196	953	1412	1617	93	2191	74202	1691	0	0
12932	93	2191	74202	1019	1770	590	93	2188	74208	1691	0	0
12933	93	2188	74208	1918	9	837	93	2186	74212	1692	0	0
12934	93	2186	74212	1062	2208	2242	93	2183	74218	1692	0	0
12935	93	2183	74218	1218	774	0	93	2181	74222	1693	0	0
12936	93	2181	74222	1369	1965	1163	93	2178	74228	1693	0	0
12937	93	2178	74228	460	1878	2193	93	2175	74234	1693	0	0
12938	93	2175	74234	284	755	383	93	2172	74240	1693	0	0
12939	93	2172	74240	794	1971	600	93	2169	74246	1693	0	0
12940	93	2169	74246	389	13	1613	93	2167	74250	1694	0	0
12941	93	2167	74250	353	195	1770	93	2164	74256	1694	0	0
12942	93	2164	74256	1907	888	2004	93	2161	74262	1694	0	0
12943	93	2161	74262	1277	630	785	93	2158	74268	1694	0	0
12944	93	2158	74268	1454	397	1925	93	2155	74274	1694	0	0
12945	93	2155	74274	675	168	781	93	2152	74280	1694	0	0
12946	93	2152	74280	937	1246	2024	93	2149	74286	1694	0	0
12947	93	2149	74286	969	2193	2192	93	2146	74292	1694	0	0
12948	93	2146	74292	222	1309	1431	93	2143	74298	1694	0	0
12949	93	2143	74298	2094	458	1508	93	2140	74304	1694	0	0
12950	93	2140	74304	1915	1782	301	93	2137	74310	1694	0	0
12951	93	2137	74310	1408	1411	525	93	2134	74316	1694	0	0
12952	93	2134	74316	271	10	844	93	2132	74320	1695	0	0
12953	93	2132	74320	386	1067	60	93	2130	74324	1696	0	0
12954	93	2130	74324	3	975	445	93	2128	74328	1697	0	0
12955	93	2128	74328	1342	1113	1476	93	2125	74334	1697	0	0
12956	93	2125	74334	675	1965	1175	93	2122	74340	1697	0	0
12957	93	2122	74340	1641	1449	1460	93	2119	74346	1697	0	0
12958	93	2119	74346	242	1525	853	93	2116	74352	1697	0	0
12959	93	2116	74352	434	1057	204	93	2113	74358	1697	0	0
12960	93	2113	74358	1431	2012	650	93	2110	74364	1697	0	0
12961	93	2110	74364	182	1134	60	93	2108	74368	1698	0	0
12962	93	2108	74368	596	590	1066	93	2105	74374	1698	0	0
12963	93	2105	74374	1136	649	179	93	2102	74380	1698	0	0
12964	93	2102	74380	2054	1687	2061	93	2099	74386	1698	0	0
12965	93	2099	74386	249	1038	1899	93	2096	74392	1698	0	0
12966	93	2096	74392	520	396	1995	93	2093	74398	1698	0	0
12967	93	2093	74398	356	426	137	93	2090	74404	1698	0	0
12968	93	2090	74404	953	1003	477	93	2087	74410	1698	0	0
12969	93	2087	74410	2071	2176	1757	93	2084	74416	1698	0	0
12970	93	2084	74416	194	881	1448	93	2081	74422	1698	0	0
12971	93	2081	74422	719	194	708	93	2078	74428	1698	0	0
12972	93	2078	74428	1513	1328	1019	93	2075	74434	1698	0	0
12973	93	2075	74434	291	963	1568	93	2072	74440	1698	0	0
12974	93	2072	74440	1293	1899	647	93	2069	74446	1698	0	0
12975	93	2069	74446	115	1959	852	93	2066	74452	1698	0	0
12976	93	2066	74452	848	631	1733	93	2063	74458	1698	0	0
12977	93	2063	74458	1155	1646	1004	93	2060	74464	1698	0	0
12978	93	2060	74464	671	1493	164	93	2057	74470	1698	0	0
12979	93	2057	74470	169	809	257	93	2054	74476	1698	0	0
12980	93	2054	74476	1034	121	1717	93	2051	74482	1698	0	0
12981	93	2051	74482	595	849	601	93	2048	74488	1698	0	0
12982	93	2048	74488	1147	2090	208	93	2045	74494	1698	0	0
12983	93	2045	74494	252	953	200	93	2042	74500	1698	0	0
12984	93	2042	74500	837	429	1166	93	2039	74506	1698	0	0
12985	93	2039	74506	1655	1665	929	93	2036	74512	1698	0	0
12986	93	2036	74512	1098	986	1728	93	2033	74518	1698	0	0
12987	93	2033	74518	1721	1878	484	93	2030	74524	1698	0	0
12988	93	2030	74524	799	838	100	93	2027	74530	1698	0	0
12989	93	2027	74530	348	124	1086	93	2024	74536	1698	0	0
12990	93	2024	74536	1489	27	39	94	3195	74538	1700	1172	0
12991	94	3195	74538	964	1234	374	94	3192	74544	1700	0	0
12992	94	3192	74544	145	259	2574	94	3189	74550	1700	0	0
12993	94	3189	74550	3238	1906	3248	94	3186	74556	1700	0	0
12994	94	3186	74556	2185	2273	411	94	3183	74562	1700	0	0
12995	94	3183	74562	622	518	1959	94	3180	74568	1700	0	0
12996	94	3180	74568	3112	2601	1819	94	3177	74574	1700	0	0
12997	94	3177	74574	1725	1926	3117	94	3174	74580	1700	0	0
12998	94	3174	74580	1219	2117	2989	94	3171	74586	1700	0	0
12999	94	3171	74586	2515	2950	1370	94	3168	74592	1700	0	0
13000	94	3168	74592	3037	2197	1702	94	3165	74598	1700	0	0
13001	94	3165	74598	128	2645	1552	94	3162	74604	1700	0	0
13002	94	3162	74604	211	3068	99	94	3159	74610	1700	0	0
13003	94	3159	74610	2179	2956	1025	94	3156	74616	1700	0	0
13004	94	3156	74616	31	3049	3113	94	3154	74620	1701	0	0
13005	94	3154	74620	2822	2942	241	94	3151	74626	1701	0	0
13006	94	3151	74626	1452	1692	3148	94	3148	74632	1701	0	0
13007	94	3148	74632	2178	1727	1410	94	3145	74638	1701	0	0
13008	94	3145	74638	2966	1814	1540	94	3142	74644	1701	0	0
13009	94	3142	74644	155	1995	1574	94	3139	74650	1701	0	0
13010	94	3139	74650	153	834	2665	94	3136	74656	1701	0	0
13011	94	3136	74656	564	2270	2514	94	3133	74662	1701	0	0
13012	94	3133	74662	343	1426	919	94	3130	74668	1701	0	0
13013	94	3130	74668	810	2780	1439	94	3127	74674	1701	0	0
13014	94	3127	74674	2441	290	3008	94	3124	74680	1701	0	0
13015	94	3124	74680	419	1017	371	94	3121	74686	1701	0	0
13016	94	3121	74686	638	745	641	94	3118	74692	1701	0	0
13017	94	3118	74692	2574	511	35	94	3116	74696	1702	0	0
13018	94	3116	74696	1877	2498	1182	94	3113	74702	1702	0	0
13019	94	3113	74702	2018	1524	1085	94	3110	74708	1702	0	0
13020	94	3110	74708	1955	1312	1281	94	3107	74714	1702	0	0
13021	94	3107	74714	1885	897	656	94	3104	74720	1702	0	0
13022	94	3104	74720	2413	1232	200	94	3101	74726	1702	0	0
13023	94	3101	74726	2994	1470	2476	94	3098	74732	1702	0	0
13024	94	3098	74732	1516	2328	830	94	3095	74738	1702	0	0
13025	94	3095	74738	890	2124	1820	94	3092	74744	1702	0	0
13026	94	3092	74744	2093	2514	2577	94	3089	74750	1702	0	0
13027	94	3089	74750	2625	982	605	94	3086	74756	1702	0	0
13028	94	3086	74756	2805	2900	2925	94	3083	74762	1702	0	0
13029	94	3083	74762	794	2972	470	94	3080	74768	1702	0	0
13030	94	3080	74768	856	446	642	94	3077	74774	1702	0	0
13031	94	3077	74774	1199	3074	243	94	3074	74780	1702	0	0
13032	94	3074	74780	431	1428	1693	94	3071	74786	1702	0	0
13033	94	3071	74786	1913	2939	1564	94	3068	74792	1702	0	0
13034	94	3068	74792	2225	2378	2730	94	3065	74798	1702	0	0
13035	94	3065	74798	2617	2821	2658	94	3062	74804	1702	0	0
13036	94	3062	74804	2473	246	82	94	3060	74808	1703	0	0
13037	94	3060	74808	1054	2096	2626	94	3057	74814	1703	0	0
13038	94	3057	74814	965	1572	52	94	3055	74818	1704	0	0
13039	94	3055	74818	1239	195	2157	94	3052	74824	1704	0	0
13040	94	3052	74824	682	823	2899	94	3049	74830	1704	0	0
13041	94	3049	74830	2436	341	463	94	3046	74836	1704	0	0
13042	94	3046	74836	2336	1467	188	94	3043	74842	1704	0	0
13043	94	3043	74842	1826	1171	2482	94	3040	74848	1704	0	0
13044	94	3040	74848	2018	1094	203	94	3037	74854	1704	0	0
13045	94	3037	74854	1856	556	892	94	3034	74860	1704	0	0
13046	94	3034	74860	1277	239	193	94	3031	74866	1704	0	0
13047	94	3031	74866	1143	2859	2689	94	3028	74872	1704	0	0
13048	94	3028	74872	1954	3020	2853	94	3025	74878	1704	0	0
13049	94	3025	74878	3109	1154	1825	94	3022	74884	1704	0	0
13050	94	3022	74884	2139	971	1506	94	3019	74890	1704	0	0
13051	94	3019	74890	460	1256	1582	94	3016	74896	1704	0	0
13052	94	3016	74896	2296	1643	1827	94	3013	74902	1704	0	0
13053	94	3013	74902	185	1313	2543	94	3010	74908	1704	0	0
13054	94	3010	74908	2882	254	2319	94	3007	74914	1704	0	0
13055	94	3007	74914	933	472	141	94	3004	74920	1704	0	0
13056	94	3004	74920	2542	385	1484	94	3001	74926	1704	0	0
13057	94	3001	74926	1149	1430	15	94	2999	74930	1705	0	0
13058	94	2999	74930	572	1046	244	94	2996	74936	1705	0	0
13059	94	2996	74936	1467	1095	846	94	2993	74942	1705	0	0
13060	94	2993	74942	1476	1640	2852	94	2990	74948	1705	0	0
13061	94	2990	74948	1796	1500	1054	94	2987	74954	1705	0	0
13062	94	2987	74954	1154	2157	1630	94	2984	74960	1705	0	0
13063	94	2984	74960	138	1317	25	94	2982	74964	1706	0	0
13064	94	2982	74964	1570	1904	1816	94	2979	74970	1706	0	0
13065	94	2979	74970	1883	1014	434	94	2976	74976	1706	0	0
13066	94	2976	74976	1471	2858	2408	94	2973	74982	1706	0	0
13067	94	2973	74982	73	1581	1360	94	2971	74986	1707	0	0
13068	94	2971	74986	1119	3001	864	94	2968	74992	1707	0	0
13069	94	2968	74992	1541	113	2659	94	2965	74998	1707	0	0
13070	94	2965	74998	2712	961	2051	94	2962	75004	1707	0	0
13071	94	2962	75004	1254	2187	235	94	2959	75010	1707	0	0
13072	94	2959	75010	2913	289	1770	94	2956	75016	1707	0	0
13073	94	2956	75016	3005	1252	2379	94	2953	75022	1707	0	0
13074	94	2953	75022	2492	1056	1211	94	2950	75028	1707	0	0
13075	94	2950	75028	1769	2052	2062	94	2947	75034	1707	0	0
13076	94	2947	75034	1107	1935	976	94	2944	75040	1707	0	0
13077	94	2944	75040	1678	1109	1753	94	2941	75046	1707	0	0
13078	94	2941	75046	1701	873	1212	94	2938	75052	1707	0	0
13079	94	2938	75052	729	1443	2835	94	2935	75058	1707	0	0
13080	94	2935	75058	2557	380	1047	94	2932	75064	1707	0	0
13081	94	2932	75064	2287	2619	1323	94	2929	75070	1707	0	0
13082	94	2929	75070	175	1592	89	94	2927	75074	1708	0	0
13083	94	2927	75074	2895	2530	701	94	2924	75080	1708	0	0
13084	94	2924	75080	2022	2741	2227	94	2921	75086	1708	0	0
13085	94	2921	75086	491	2766	747	94	2918	75092	1708	0	0
13086	94	2918	75092	1018	2652	1511	94	2915	75098	1708	0	0
13087	94	2915	75098	2132	2722	416	94	2912	75104	1708	0	0
13088	94	2912	75104	2739	1941	2788	94	2909	75110	1708	0	0
13089	94	2909	75110	184	1600	312	94	2906	75116	1708	0	0
13090	94	2906	75116	389	1072	2258	94	2903	75122	1708	0	0
13091	94	2903	75122	1653	2347	1188	94	2900	75128	1708	0	0
13092	94	2900	75128	2168	1744	254	94	2897	75134	1708	0	0
13093	94	2897	75134	1342	1003	2836	94	2894	75140	1708	0	0
13094	94	2894	75140	6	2739	849	94	2892	75144	1709	0	0
13095	94	2892	75144	1730	1051	928	94	2889	75150	1709	0	0
13096	94	2889	75150	572	556	718	94	2886	75156	1709	0	0
13097	94	2886	75156	2413	369	309	94	2883	75162	1709	0	0
13098	94	2883	75162	134	1350	301	94	2880	75168	1709	0	0
13099	94	2880	75168	2649	257	2752	94	2877	75174	1709	0	0
13100	94	2877	75174	895	434	382	94	2874	75180	1709	0	0
13101	94	2874	75180	146	1163	1635	94	2871	75186	1709	0	0
13102	94	2871	75186	418	1336	2724	94	2868	75192	1709	0	0
13103	94	2868	75192	1396	1259	827	94	2865	75198	1709	0	0
13104	94	2865	75198	724	140	2349	94	2862	75204	1709	0	0
13105	94	2862	75204	1304	1798	352	94	2859	75210	1709	0	0
13106	94	2859	75210	1753	1036	1240	94	2856	75216	1709	0	0
13107	94	2856	75216	2154	822	144	94	2853	75222	1709	0	0
13108	94	2853	75222	2541	1945	1526	94	2850	75228	1709	0	0
13109	94	2850	75228	69	1205	2556	94	2848	75232	1710	0	0
13110	94	2848	75232	2283	1475	2840	94	2845	75238	1710	0	0
13111	94	2845	75238	2276	1625	2823	94	2842	75244	1710	0	0
13112	94	2842	75244	2878	569	1532	94	2839	75250	1710	0	0
13113	94	2839	75250	1847	2621	2718	94	2836	75256	1710	0	0
13114	94	2836	75256	2819	905	273	94	2833	75262	1710	0	0
13115	94	2833	75262	2002	1587	1805	94	2830	75268	1710	0	0
13116	94	2830	75268	204	400	1460	94	2827	75274	1710	0	0
13117	94	2827	75274	1192	501	2239	94	2824	75280	1710	0	0
13118	94	2824	75280	321	1236	1484	94	2821	75286	1710	0	0
13119	94	2821	75286	2399	171	1998	94	2818	75292	1710	0	0
13120	94	2818	75292	2707	2356	623	94	2815	75298	1710	0	0
13121	94	2815	75298	529	507	2380	94	2812	75304	1710	0	0
13122	94	2812	75304	729	2741	497	94	2809	75310	1710	0	0
13123	94	2809	75310	2887	571	21	94	2807	75314	1711	0	0
13124	94	2807	75314	2509	2793	1218	94	2804	75320	1711	0	0
13125	94	2804	75320	2385	578	916	94	2801	75326	1711	0	0
13126	94	2801	75326	378	2184	2478	94	2798	75332	1711	0	0
13127	94	2798	75332	2444	2060	1119	94	2795	75338	1711	0	0
13128	94	2795	75338	2715	186	1271	94	2792	75344	1711	0	0
13129	94	2792	75344	2285	1844	786	94	2789	75350	1711	0	0
13130	94	2789	75350	2096	10	1631	94	2787	75354	1712	0	0
13131	94	2787	75354	597	1259	645	94	2784	75360	1712	0	0
13132	94	2784	75360	1679	1571	2329	94	2781	75366	1712	0	0
13133	94	2781	75366	1175	678	1048	94	2778	75372	1712	0	0
13134	94	2778	75372	981	928	1293	94	2775	75378	1712	0	0
13135	94	2775	75378	2383	562	277	94	2772	75384	1712	0	0
13136	94	2772	75384	161	826	2492	94	2769	75390	1712	0	0
13137	94	2769	75390	2206	157	2634	94	2766	75396	1712	0	0
13138	94	2766	75396	1041	2792	1327	94	2763	75402	1712	0	0
13139	94	2763	75402	882	358	1776	94	2760	75408	1712	0	0
13140	94	2760	75408	2449	272	666	94	2757	75414	1712	0	0
13141	94	2757	75414	1309	2240	1048	94	2754	75420	1712	0	0
13142	94	2754	75420	44	2843	539	94	2752	75424	1713	0	0
13143	94	2752	75424	1344	2226	437	94	2749	75430	1713	0	0
13144	94	2749	75430	672	1005	124	94	2746	75436	1713	0	0
13145	94	2746	75436	480	2643	1088	94	2743	75442	1713	0	0
13146	94	2743	75442	2117	2773	1704	94	2740	75448	1713	0	0
13147	94	2740	75448	2252	88	2367	94	2738	75452	1714	0	0
13148	94	2738	75452	1060	2615	1241	94	2735	75458	1714	0	0
13149	94	2735	75458	1822	1197	588	94	2732	75464	1714	0	0
13150	94	2732	75464	2677	2571	809	94	2729	75470	1714	0	0
13151	94	2729	75470	1802	1823	2496	94	2726	75476	1714	0	0
13152	94	2726	75476	727	2694	360	94	2723	75482	1714	0	0
13153	94	2723	75482	354	2546	2615	94	2720	75488	1714	0	0
13154	94	2720	75488	2597	2730	484	94	2717	75494	1714	0	0
13155	94	2717	75494	1324	117	2209	94	2714	75500	1714	0	0
13156	94	2714	75500	355	1327	573	94	2711	75506	1714	0	0
13157	94	2711	75506	250	879	1038	94	2708	75512	1714	0	0
13158	94	2708	75512	2146	2322	2573	94	2705	75518	1714	0	0
13159	94	2705	75518	815	1156	2760	94	2702	75524	1714	0	0
13160	94	2702	75524	1940	2762	860	94	2699	75530	1714	0	0
13161	94	2699	75530	2109	298	579	94	2696	75536	1714	0	0
13162	94	2696	75536	781	1062	475	94	2693	75542	1714	0	0
13163	94	2693	75542	1968	411	1919	94	2690	75548	1714	0	0
13164	94	2690	75548	1676	1077	2334	94	2687	75554	1714	0	0
13165	94	2687	75554	1598	1229	2777	94	2684	75560	1714	0	0
13166	94	2684	75560	1277	2678	2272	94	2681	75566	1714	0	0
13167	94	2681	75566	607	470	1670	94	2678	75572	1714	0	0
13168	94	2678	75572	2154	2647	1970	94	2675	75578	1714	0	0
13169	94	2675	75578	2433	182	2165	94	2672	75584	1714	0	0
13170	94	2672	75584	1461	1714	1316	94	2669	75590	1714	0	0
13171	94	2669	75590	271	1546	726	94	2666	75596	1714	0	0
13172	94	2666	75596	1249	1125	1949	94	2663	75602	1714	0	0
13173	94	2663	75602	1290	648	2594	94	2660	75608	1714	0	0
13174	94	2660	75608	1525	2331	2532	94	2657	75614	1714	0	0
13175	94	2657	75614	390	24	320	94	2655	75618	1715	0	0
13176	94	2655	75618	1736	2595	2333	94	2652	75624	1715	0	0
13177	94	2652	75624	1544	1202	1913	94	2649	75630	1715	0	0
13178	94	2649	75630	1066	2385	1664	94	2646	75636	1715	0	0
13179	94	2646	75636	200	506	962	94	2643	75642	1715	0	0
13180	94	2643	75642	1050	976	274	94	2640	75648	1715	0	0
13181	94	2640	75648	1217	1419	946	94	2637	75654	1715	0	0
13182	94	2637	75654	846	84	1657	94	2635	75658	1716	0	0
13183	94	2635	75658	2492	1950	1821	94	2632	75664	1716	0	0
13184	94	2632	75664	135	2136	1742	94	2629	75670	1716	0	0
13185	94	2629	75670	2202	524	2105	94	2626	75676	1716	0	0
13186	94	2626	75676	785	1283	408	94	2623	75682	1716	0	0
13187	94	2623	75682	219	2005	2142	94	2620	75688	1716	0	0
13188	94	2620	75688	1301	557	702	94	2617	75694	1716	0	0
13189	94	2617	75694	1853	815	336	94	2614	75700	1716	0	0
13190	94	2614	75700	1754	1352	401	94	2611	75706	1716	0	0
13191	94	2611	75706	760	1694	444	94	2608	75712	1716	0	0
13192	94	2608	75712	135	1634	575	94	2605	75718	1716	0	0
13193	94	2605	75718	2108	2316	721	94	2602	75724	1716	0	0
13194	94	2602	75724	2216	2408	2251	94	2599	75730	1716	0	0
13195	94	2599	75730	2277	976	506	94	2596	75736	1716	0	0
13196	94	2596	75736	2548	1335	943	94	2593	75742	1716	0	0
13197	94	2593	75742	1569	1910	1623	94	2590	75748	1716	0	0
13198	94	2590	75748	879	434	2655	94	2587	75754	1716	0	0
13199	94	2587	75754	1067	462	226	94	2584	75760	1716	0	0
13200	94	2584	75760	1505	1287	1176	94	2581	75766	1716	0	0
13201	94	2581	75766	1618	409	1346	94	2578	75772	1716	0	0
13202	94	2578	75772	2136	2468	726	94	2575	75778	1716	0	0
13203	94	2575	75778	2344	652	98	94	2572	75784	1716	0	0
13204	94	2572	75784	633	36	125	94	2570	75788	1717	0	0
13205	94	2570	75788	1625	2356	755	94	2567	75794	1717	0	0
13206	94	2567	75794	1206	2479	1259	94	2564	75800	1717	0	0
13207	94	2564	75800	2149	2031	461	94	2561	75806	1717	0	0
13208	94	2561	75806	544	382	263	94	2558	75812	1717	0	0
13209	94	2558	75812	2546	2176	731	94	2555	75818	1717	0	0
13210	94	2555	75818	1852	1363	469	94	2552	75824	1717	0	0
13211	94	2552	75824	543	980	236	94	2549	75830	1717	0	0
13212	94	2549	75830	76	1607	2217	94	2547	75834	1718	0	0
13213	94	2547	75834	2311	439	1407	94	2544	75840	1718	0	0
13214	94	2544	75840	59	954	1170	94	2542	75844	1719	0	0
13215	94	2542	75844	820	84	1534	94	2540	75848	1720	0	0
13216	94	2540	75848	2497	2468	2057	94	2537	75854	1720	0	0
13217	94	2537	75854	2189	1538	1530	94	2534	75860	1720	0	0
13218	94	2534	75860	1741	2188	168	94	2531	75866	1720	0	0
13219	94	2531	75866	1951	2005	1505	94	2528	75872	1720	0	0
13220	94	2528	75872	1501	753	1841	94	2525	75878	1720	0	0
13221	94	2525	75878	1574	1180	2331	94	2522	75884	1720	0	0
13222	94	2522	75884	1520	2153	2151	94	2519	75890	1720	0	0
13223	94	2519	75890	2594	1942	1577	94	2516	75896	1720	0	0
13224	94	2516	75896	2429	2204	1526	94	2513	75902	1720	0	0
13225	94	2513	75902	84	2268	559	94	2511	75906	1721	0	0
13226	94	2511	75906	604	802	1773	94	2508	75912	1721	0	0
13227	94	2508	75912	79	2085	1342	94	2506	75916	1722	0	0
13228	94	2506	75916	765	1980	1845	94	2503	75922	1722	0	0
13229	94	2503	75922	2143	817	2345	94	2500	75928	1722	0	0
13230	94	2500	75928	1485	806	1910	94	2497	75934	1722	0	0
13231	94	2497	75934	697	2303	1403	94	2494	75940	1722	0	0
13232	94	2494	75940	190	1181	638	94	2491	75946	1722	0	0
13233	94	2491	75946	312	203	1499	94	2488	75952	1722	0	0
13234	94	2488	75952	866	1445	1322	94	2485	75958	1722	0	0
13235	94	2485	75958	1345	2351	2059	94	2482	75964	1722	0	0
13236	94	2482	75964	2314	137	1705	94	2479	75970	1722	0	0
13237	94	2479	75970	499	1363	678	94	2476	75976	1722	0	0
13238	94	2476	75976	378	1738	1128	94	2473	75982	1722	0	0
13239	94	2473	75982	460	2489	2433	94	2470	75988	1722	0	0
13240	94	2470	75988	1697	2018	1205	94	2467	75994	1722	0	0
13241	94	2467	75994	1870	1217	273	94	2464	76000	1722	0	0
13242	94	2464	76000	1916	1117	554	94	2461	76006	1722	0	0
13243	94	2461	76006	1776	1737	1926	94	2458	76012	1722	0	0
13244	94	2458	76012	801	246	402	94	2455	76018	1722	0	0
13245	94	2455	76018	273	1701	2246	94	2452	76024	1722	0	0
13246	94	2452	76024	1645	299	1533	94	2449	76030	1722	0	0
13247	94	2449	76030	1615	537	325	94	2446	76036	1722	0	0
13248	94	2446	76036	862	1956	2526	94	2443	76042	1722	0	0
13249	94	2443	76042	1201	1217	1277	94	2440	76048	1722	0	0
13250	94	2440	76048	1520	82	2479	94	2438	76052	1723	0	0
13251	94	2438	76052	1466	1946	76	94	2436	76056	1724	0	0
13252	94	2436	76056	2340	2410	1473	94	2433	76062	1724	0	0
13253	94	2433	76062	1687	542	1742	94	2430	76068	1724	0	0
13254	94	2430	76068	597	785	1807	94	2427	76074	1724	0	0
13255	94	2427	76074	858	852	833	94	2424	76080	1724	0	0
13256	94	2424	76080	628	274	709	94	2421	76086	1724	0	0
13257	94	2421	76086	393	1560	2164	94	2418	76092	1724	0	0
13258	94	2418	76092	2195	128	2488	94	2415	76098	1724	0	0
13259	94	2415	76098	1360	159	1665	94	2412	76104	1724	0	0
13260	94	2412	76104	46	1903	203	94	2410	76108	1725	0	0
13261	94	2410	76108	1570	386	1316	94	2407	76114	1725	0	0
13262	94	2407	76114	2030	279	1039	94	2404	76120	1725	0	0
13263	94	2404	76120	1707	309	1163	94	2401	76126	1725	0	0
13264	94	2401	76126	1053	2403	75	94	2399	76130	1726	0	0
13265	94	2399	76130	140	384	2383	94	2396	76136	1726	0	0
13266	94	2396	76136	1401	895	271	94	2393	76142	1726	0	0
13267	94	2393	76142	2123	1307	1901	94	2390	76148	1726	0	0
13268	94	2390	76148	1704	387	2198	94	2387	76154	1726	0	0
13269	94	2387	76154	945	1398	568	94	2384	76160	1726	0	0
13270	94	2384	76160	2340	2000	880	94	2381	76166	1726	0	0
13271	94	2381	76166	1562	1401	1342	94	2378	76172	1726	0	0
13272	94	2378	76172	1867	231	1286	94	2375	76178	1726	0	0
13273	94	2375	76178	406	1258	3	94	2373	76182	1727	0	0
13274	94	2373	76182	221	1851	1912	94	2370	76188	1727	0	0
13275	94	2370	76188	1197	232	1339	94	2367	76194	1727	0	0
13276	94	2367	76194	1116	2259	1631	94	2364	76200	1727	0	0
13277	94	2364	76200	826	127	194	94	2361	76206	1727	0	0
13278	94	2361	76206	713	2301	1882	94	2358	76212	1727	0	0
13279	94	2358	76212	1534	2080	406	94	2355	76218	1727	0	0
13280	94	2355	76218	2123	1587	2085	94	2352	76224	1727	0	0
13281	94	2352	76224	663	1244	630	94	2349	76230	1727	0	0
13282	94	2349	76230	1191	147	2278	94	2346	76236	1727	0	0
13283	94	2346	76236	305	1200	164	94	2343	76242	1727	0	0
13284	94	2343	76242	2266	646	1074	94	2340	76248	1727	0	0
13285	94	2340	76248	255	846	2086	94	2337	76254	1727	0	0
13286	94	2337	76254	811	998	1298	94	2334	76260	1727	0	0
13287	94	2334	76260	2095	434	1154	94	2331	76266	1727	0	0
13288	94	2331	76266	460	1979	1630	94	2328	76272	1727	0	0
13289	94	2328	76272	676	1723	1956	94	2325	76278	1727	0	0
13290	94	2325	76278	1554	262	1400	94	2322	76284	1727	0	0
13291	94	2322	76284	260	850	1676	94	2319	76290	1727	0	0
13292	94	2319	76290	2229	1793	2089	94	2316	76296	1727	0	0
13293	94	2316	76296	1118	868	1815	94	2313	76302	1727	0	0
13294	94	2313	76302	1864	11	249	94	2311	76306	1728	0	0
13295	94	2311	76306	325	1901	281	94	2308	76312	1728	0	0
13296	94	2308	76312	1635	129	2001	94	2305	76318	1728	0	0
13297	94	2305	76318	1788	747	635	94	2302	76324	1728	0	0
13298	94	2302	76324	2373	2040	1484	94	2299	76330	1728	0	0
13299	94	2299	76330	949	2370	1587	94	2296	76336	1728	0	0
13300	94	2296	76336	1126	1204	1138	94	2293	76342	1728	0	0
13301	94	2293	76342	573	395	127	94	2290	76348	1728	0	0
13302	94	2290	76348	1759	1198	129	94	2287	76354	1728	0	0
13303	94	2287	76354	550	750	1380	94	2284	76360	1728	0	0
13304	94	2284	76360	354	1354	1816	94	2281	76366	1728	0	0
13305	94	2281	76366	565	550	1450	94	2278	76372	1728	0	0
13306	94	2278	76372	1007	1653	503	94	2275	76378	1728	0	0
13307	94	2275	76378	2020	2353	1373	94	2272	76384	1728	0	0
13308	94	2272	76384	84	990	237	94	2270	76388	1729	0	0
13309	94	2270	76388	977	90	842	94	2268	76392	1730	0	0
13310	94	2268	76392	2139	1005	1320	94	2265	76398	1730	0	0
13311	94	2265	76398	646	275	1595	94	2262	76404	1730	0	0
13312	94	2262	76404	1526	1742	1129	94	2259	76410	1730	0	0
13313	94	2259	76410	728	970	1983	94	2256	76416	1730	0	0
13314	94	2256	76416	141	266	48	94	2254	76420	1731	0	0
13315	94	2254	76420	2206	465	1959	94	2251	76426	1731	0	0
13316	94	2251	76426	2255	931	1475	94	2248	76432	1731	0	0
13317	94	2248	76432	2205	830	1781	94	2245	76438	1731	0	0
13318	94	2245	76438	1381	2322	373	94	2242	76444	1731	0	0
13319	94	2242	76444	1169	1127	2074	94	2239	76450	1731	0	0
13320	94	2239	76450	1255	1401	1869	94	2236	76456	1731	0	0
13321	94	2236	76456	1575	1943	1784	94	2233	76462	1731	0	0
13322	94	2233	76462	1126	1565	735	94	2230	76468	1731	0	0
13323	94	2230	76468	56	1013	748	94	2228	76472	1732	0	0
13324	94	2228	76472	1434	397	2202	94	2225	76478	1732	0	0
13325	94	2225	76478	876	1842	1029	94	2222	76484	1732	0	0
13326	94	2222	76484	1540	1508	1911	94	2219	76490	1732	0	0
13327	94	2219	76490	64	817	748	94	2217	76494	1733	0	0
13328	94	2217	76494	378	2176	531	94	2214	76500	1733	0	0
13329	94	2214	76500	587	710	1852	94	2211	76506	1733	0	0
13330	94	2211	76506	1797	875	670	94	2208	76512	1733	0	0
13331	94	2208	76512	234	386	646	94	2205	76518	1733	0	0
13332	94	2205	76518	1796	2295	97	94	2202	76524	1733	0	0
13333	94	2202	76524	2042	976	364	94	2199	76530	1733	0	0
13334	94	2199	76530	1788	607	1922	94	2196	76536	1733	0	0
13335	94	2196	76536	1659	177	1608	94	2193	76542	1733	0	0
13336	94	2193	76542	1476	908	2230	94	2190	76548	1733	0	0
13337	94	2190	76548	1473	116	79	94	2188	76552	1734	0	0
13338	94	2188	76552	1986	2136	1817	94	2185	76558	1734	0	0
13339	94	2185	76558	1877	1713	1565	94	2182	76564	1734	0	0
13340	94	2182	76564	421	1926	2061	94	2179	76570	1734	0	0
13341	94	2179	76570	1073	1659	951	94	2176	76576	1734	0	0
13342	94	2176	76576	760	172	1775	94	2173	76582	1734	0	0
13343	94	2173	76582	1192	1437	530	94	2170	76588	1734	0	0
13344	94	2170	76588	2248	1233	2112	94	2167	76594	1734	0	0
13345	94	2167	76594	2104	681	876	94	2164	76600	1734	0	0
13346	94	2164	76600	527	1293	2166	94	2161	76606	1734	0	0
13347	94	2161	76606	2129	814	1013	94	2158	76612	1734	0	0
13348	94	2158	76612	754	1215	2086	94	2155	76618	1734	0	0
13349	94	2155	76618	699	2027	1784	94	2152	76624	1734	0	0
13350	94	2152	76624	1073	890	1818	94	2149	76630	1734	0	0
13351	94	2149	76630	2090	491	1409	94	2146	76636	1734	0	0
13352	94	2146	76636	2072	1778	496	94	2143	76642	1734	0	0
13353	94	2143	76642	1105	1298	585	94	2140	76648	1734	0	0
13354	94	2140	76648	2035	21	996	94	2138	76652	1735	0	0
13355	94	2138	76652	145	916	445	94	2135	76658	1735	0	0
13356	94	2135	76658	1561	461	1616	94	2132	76664	1735	0	0
13357	94	2132	76664	564	1660	45	94	2130	76668	1736	0	0
13358	94	2130	76668	199	45	1219	94	2128	76672	1737	0	0
13359	94	2128	76672	820	1689	164	94	2125	76678	1737	0	0
13360	94	2125	76678	1436	668	2040	94	2122	76684	1737	0	0
13361	94	2122	76684	250	900	352	94	2119	76690	1737	0	0
13362	94	2119	76690	1585	2140	1143	94	2116	76696	1737	0	0
13363	94	2116	76696	1865	2132	277	94	2113	76702	1737	0	0
13364	94	2113	76702	2061	890	2149	94	2110	76708	1737	0	0
13365	94	2110	76708	838	1341	1401	94	2107	76714	1737	0	0
13366	94	2107	76714	2179	1675	848	94	2104	76720	1737	0	0
13367	94	2104	76720	614	1449	1285	94	2101	76726	1737	0	0
13368	94	2101	76726	588	1408	878	94	2098	76732	1737	0	0
13369	94	2098	76732	1610	1002	1806	94	2095	76738	1737	0	0
13370	94	2095	76738	1545	2149	186	94	2092	76744	1737	0	0
13371	94	2092	76744	1123	1254	1936	94	2089	76750	1737	0	0
13372	94	2089	76750	1413	2155	613	94	2086	76756	1737	0	0
13373	94	2086	76756	883	1602	1250	94	2083	76762	1737	0	0
13374	94	2083	76762	681	2096	1739	94	2080	76768	1737	0	0
13375	94	2080	76768	1404	1966	1530	94	2077	76774	1737	0	0
13376	94	2077	76774	1162	1066	2062	94	2074	76780	1737	0	0
13377	94	2074	76780	1283	1210	1789	94	2071	76786	1737	0	0
13378	94	2071	76786	311	1857	1878	94	2068	76792	1737	0	0
13379	94	2068	76792	465	1018	1412	94	2065	76798	1737	0	0
13380	94	2065	76798	1517	1871	1106	94	2062	76804	1737	0	0
13381	94	2062	76804	2133	623	978	94	2059	76810	1737	0	0
13382	94	2059	76810	1172	754	850	94	2056	76816	1737	0	0
13383	94	2056	76816	646	2009	1370	94	2053	76822	1737	0	0
13384	94	2053	76822	84	117	1978	94	2051	76826	1738	0	0
13385	94	2051	76826	771	1255	1797	94	2048	76832	1738	0	0
13386	94	2048	76832	840	1975	941	94	2045	76838	1738	0	0
13387	94	2045	76838	1708	85	2114	94	2043	76842	1739	0	0
13388	94	2043	76842	1578	1112	1575	94	2040	76848	1739	0	0
13389	94	2040	76848	1921	2109	2098	94	2037	76854	1739	0	0
13390	94	2037	76854	2125	1466	1199	94	2034	76860	1739	0	0
13391	94	2034	76860	1610	1712	1746	94	2031	76866	1739	0	0
13392	94	2031	76866	1577	790	1231	94	2028	76872	1739	0	0
13393	94	2028	76872	1897	556	740	94	2025	76878	1739	0	0
13394	94	2025	76878	154	397	445	94	2022	76884	1739	0	0
13395	94	2022	76884	1108	241	1211	94	2019	76890	1739	0	0
13396	94	2019	76890	1616	1979	1955	94	2016	76896	1739	0	0
13397	94	2016	76896	487	409	1927	94	2013	76902	1739	0	0
13398	94	2013	76902	1470	1884	503	94	2010	76908	1739	0	0
13399	94	2010	76908	1042	165	531	94	2007	76914	1739	0	0
13400	94	2007	76914	946	1208	287	94	2004	76920	1739	0	0
13401	94	2004	76920	1730	1816	849	94	2001	76926	1739	0	0
13402	94	2001	76926	679	1173	1347	94	1998	76932	1739	0	0
13403	94	1998	76932	1280	1688	1765	94	1995	76938	1739	0	0
13404	94	1995	76938	1247	1601	38	94	1993	76942	1740	0	0
13405	94	1993	76942	550	80	126	94	1991	76946	1741	0	0
13406	94	1991	76946	152	932	1056	94	1988	76952	1741	0	0
13407	94	1988	76952	2009	718	1087	94	1985	76958	1741	0	0
13408	94	1985	76958	116	12	1313	94	1983	76962	1742	0	0
13409	94	1983	76962	216	437	356	94	1980	76968	1742	0	0
13410	94	1980	76968	1136	867	1371	94	1977	76974	1742	0	0
13411	94	1977	76974	810	147	205	94	1974	76980	1742	0	0
13412	94	1974	76980	18	961	1833	94	1972	76984	1743	0	0
13413	94	1972	76984	1273	2065	2018	94	1969	76990	1743	0	0
13414	94	1969	76990	1501	1298	2018	94	1966	76996	1743	0	0
13415	94	1966	76996	96	441	1138	94	1963	77002	1743	0	0
13416	94	1963	77002	51	646	226	94	1961	77006	1744	0	0
13417	94	1961	77006	316	1016	714	94	1958	77012	1744	0	0
13418	94	1958	77012	1946	155	804	94	1955	77018	1744	0	0
13419	94	1955	77018	1334	1755	1851	94	1952	77024	1744	0	0
13420	94	1952	77024	945	1862	1957	94	1949	77030	1744	0	0
13421	94	1949	77030	567	476	886	94	1946	77036	1744	0	0
13422	94	1946	77036	164	1859	1727	94	1943	77042	1744	0	0
13423	94	1943	77042	255	796	586	94	1940	77048	1744	0	0
13424	94	1940	77048	391	1724	974	94	1937	77054	1744	0	0
13425	94	1937	77054	444	1702	1773	94	1934	77060	1744	0	0
13426	94	1934	77060	532	858	1873	94	1931	77066	1744	0	0
13427	94	1931	77066	420	565	1827	94	1928	77072	1744	0	0
13428	94	1928	77072	895	668	757	94	1925	77078	1744	0	0
13429	94	1925	77078	1929	1941	1605	94	1922	77084	1744	0	0
13430	94	1922	77084	190	820	1393	94	1919	77090	1744	0	0
13431	94	1919	77090	142	1112	881	94	1916	77096	1744	0	0
13432	94	1916	77096	1694	1960	319	94	1913	77102	1744	0	0
13433	94	1913	77102	573	1116	2	94	1911	77106	1745	0	0
13434	94	1911	77106	155	1202	1844	94	1908	77112	1745	0	0
13435	94	1908	77112	459	1281	1562	94	1905	77118	1745	0	0
13436	94	1905	77118	1639	1325	831	94	1902	77124	1745	0	0
13437	94	1902	77124	1400	1396	1510	94	1899	77130	1745	0	0
13438	94	1899	77130	357	1554	436	94	1896	77136	1745	0	0
13439	94	1896	77136	1820	1661	1303	94	1893	77142	1745	0	0
13440	94	1893	77142	1464	1790	498	94	1890	77148	1745	0	0
13441	94	1890	77148	342	951	160	94	1887	77154	1745	0	0
13442	94	1887	77154	1009	1338	1396	94	1884	77160	1745	0	0
13443	94	1884	77160	578	1844	297	94	1881	77166	1745	0	0
13444	94	1881	77166	1541	1168	763	94	1878	77172	1745	0	0
13445	94	1878	77172	814	127	1667	94	1875	77178	1745	0	0
13446	94	1875	77178	1503	21	853	94	1873	77182	1746	0	0
13447	94	1873	77182	1880	1036	593	94	1870	77188	1746	0	0
13448	94	1870	77188	1953	917	1791	94	1867	77194	1746	0	0
13449	94	1867	77194	1959	1108	1670	94	1864	77200	1746	0	0
13450	94	1864	77200	518	650	561	94	1861	77206	1746	0	0
13451	94	1861	77206	1683	246	1285	94	1858	77212	1746	0	0
13452	94	1858	77212	1456	500	97	94	1855	77218	1746	0	0
13453	94	1855	77218	526	1353	1737	94	1852	77224	1746	0	0
13454	94	1852	77224	1903	850	563	94	1849	77230	1746	0	0
13455	94	1849	77230	244	239	275	94	1846	77236	1746	0	0
13456	94	1846	77236	1831	652	760	94	1843	77242	1746	0	0
13457	94	1843	77242	258	1553	64	94	1841	77246	1747	0	0
13458	94	1841	77246	515	1670	375	94	1838	77252	1747	0	0
13459	94	1838	77252	663	1529	67	94	1836	77256	1748	0	0
13460	94	1836	77256	867	1265	1681	94	1833	77262	1748	0	0
13461	94	1833	77262	1166	788	1858	94	1830	77268	1748	0	0
13462	94	1830	77268	1156	178	463	94	1827	77274	1748	0	0
13463	94	1827	77274	203	741	1053	94	1824	77280	1748	0	0
13464	94	1824	77280	1660	244	805	94	1821	77286	1748	0	0
13465	94	1821	77286	1003	939	1315	94	1818	77292	1748	0	0
13466	94	1818	77292	761	1675	1813	94	1815	77298	1748	0	0
13467	94	1815	77298	655	795	812	94	1812	77304	1748	0	0
13468	94	1812	77304	1601	510	691	94	1809	77310	1748	0	0
13469	94	1809	77310	1872	325	718	94	1806	77316	1748	0	0
13470	94	1806	77316	408	393	1129	94	1803	77322	1748	0	0
13471	94	1803	77322	629	1845	236	94	1800	77328	1748	0	0
13472	94	1800	77328	560	1502	702	94	1797	77334	1748	0	0
13473	94	1797	77334	76	91	155	95	5882	77336	1750	4086	0
13474	95	5882	77336	1861	2116	1607	95	5879	77342	1750	0	0
13475	95	5879	77342	689	1298	5906	95	5876	77348	1750	0	0
13476	95	5876	77348	1659	643	646	95	5873	77354	1750	0	0
13477	95	5873	77354	4461	2717	4578	95	5870	77360	1750	0	0
13478	95	5870	77360	1562	3371	1249	95	5867	77366	1750	0	0
13479	95	5867	77366	2581	1767	2268	95	5864	77372	1750	0	0
13480	95	5864	77372	2187	2095	918	95	5861	77378	1750	0	0
13481	95	5861	77378	3767	991	1636	95	5858	77384	1750	0	0
13482	95	5858	77384	4653	1169	4956	95	5855	77390	1750	0	0
13483	95	5855	77390	2365	5052	2786	95	5852	77396	1750	0	0
13484	95	5852	77396	4292	4791	5821	95	5849	77402	1750	0	0
13485	95	5849	77402	2121	1965	902	95	5846	77408	1750	0	0
13486	95	5846	77408	1474	3233	4073	95	5843	77414	1750	0	0
13487	95	5843	77414	3850	332	1076	95	5840	77420	1750	0	0
13488	95	5840	77420	4159	134	1135	95	5837	77426	1750	0	0
13489	95	5837	77426	493	5197	5716	95	5834	77432	1750	0	0
13490	95	5834	77432	1452	665	5869	95	5831	77438	1750	0	0
13491	95	5831	77438	2956	5119	499	95	5828	77444	1750	0	0
13492	95	5828	77444	5499	4688	4972	95	5825	77450	1750	0	0
13493	95	5825	77450	3034	2	5586	95	5823	77454	1751	0	0
13494	95	5823	77454	1819	1177	2654	95	5820	77460	1751	0	0
13495	95	5820	77460	728	5186	2991	95	5817	77466	1751	0	0
13496	95	5817	77466	4040	1589	4419	95	5814	77472	1751	0	0
13497	95	5814	77472	5058	1159	5835	95	5811	77478	1751	0	0
13498	95	5811	77478	5680	5337	2259	95	5808	77484	1751	0	0
13499	95	5808	77484	3767	105	2716	95	5805	77490	1751	0	0
13500	95	5805	77490	3600	5473	3535	95	5802	77496	1751	0	0
13501	95	5802	77496	2897	1221	5051	95	5799	77502	1751	0	0
13502	95	5799	77502	1276	4532	5437	95	5796	77508	1751	0	0
13503	95	5796	77508	3174	1148	2203	95	5793	77514	1751	0	0
13504	95	5793	77514	3095	3824	543	95	5790	77520	1751	0	0
13505	95	5790	77520	57	6	5711	96	6305	77522	1753	516	0
13506	96	6305	77522	5915	5122	5628	96	6302	77528	1753	0	0
13507	96	6302	77528	4476	5907	5564	96	6299	77534	1753	0	0
13508	96	6299	77534	5628	3849	2565	96	6296	77540	1753	0	0
13509	96	6296	77540	6304	828	3302	96	6293	77546	1753	0	0
13510	96	6293	77546	3989	5161	1954	96	6290	77552	1753	0	0
13511	96	6290	77552	4995	3401	4932	96	6287	77558	1753	0	0
13512	96	6287	77558	504	4601	1395	96	6284	77564	1753	0	0
13513	96	6284	77564	3534	3518	3830	96	6281	77570	1753	0	0
13514	96	6281	77570	5761	3178	1381	96	6278	77576	1753	0	0
13515	96	6278	77576	2265	3800	6286	96	6275	77582	1753	0	0
13516	96	6275	77582	4700	1534	3525	96	6272	77588	1753	0	0
13517	96	6272	77588	2997	557	3603	96	6269	77594	1753	0	0
13518	96	6269	77594	4161	1922	4514	96	6266	77600	1753	0	0
13519	96	6266	77600	2663	6337	6036	96	6263	77606	1753	0	0
13520	96	6263	77606	139	4349	2181	96	6260	77612	1753	0	0
13521	96	6260	77612	4508	3529	3586	96	6257	77618	1753	0	0
13522	96	6257	77618	4481	3941	3514	96	6254	77624	1753	0	0
13523	96	6254	77624	5397	3463	1419	96	6251	77630	1753	0	0
13524	96	6251	77630	217	1221	3278	96	6248	77636	1753	0	0
13525	96	6248	77636	2365	3852	5012	96	6245	77642	1753	0	0
13526	96	6245	77642	2570	181	1170	96	6242	77648	1753	0	0
13527	96	6242	77648	3948	5425	2416	96	6239	77654	1753	0	0
13528	96	6239	77654	1568	2609	3531	96	6236	77660	1753	0	0
13529	96	6236	77660	3133	519	1367	96	6233	77666	1753	0	0
13530	96	6233	77666	4116	3218	2938	96	6230	77672	1753	0	0
13531	96	6230	77672	3395	3473	4674	96	6227	77678	1753	0	0
13532	96	6227	77678	2603	1648	6148	96	6224	77684	1753	0	0
13533	96	6224	77684	2537	3650	1946	96	6221	77690	1753	0	0
13534	96	6221	77690	1307	3491	1010	96	6218	77696	1753	0	0
13535	96	6218	77696	3766	5064	3707	96	6215	77702	1753	0	0
13536	96	6215	77702	3302	2343	4377	96	6212	77708	1753	0	0
13537	96	6212	77708	4341	2428	5393	96	6209	77714	1753	0	0
13538	96	6209	77714	5597	5169	5524	96	6206	77720	1753	0	0
13539	96	6206	77720	4241	222	580	96	6203	77726	1753	0	0
13540	96	6203	77726	5499	1171	3923	96	6200	77732	1753	0	0
13541	96	6200	77732	3372	1913	5328	96	6197	77738	1753	0	0
13542	96	6197	77738	828	58	2533	96	6195	77742	1754	0	0
13543	96	6195	77742	1755	6203	5751	96	6192	77748	1754	0	0
13544	96	6192	77748	1935	1424	5407	96	6189	77754	1754	0	0
13545	96	6189	77754	4565	1517	4440	96	6186	77760	1754	0	0
13546	96	6186	77760	4202	2221	4275	96	6183	77766	1754	0	0
13547	96	6183	77766	3632	6245	2319	96	6180	77772	1754	0	0
13548	96	6180	77772	1088	1241	2730	96	6177	77778	1754	0	0
13549	96	6177	77778	6034	2557	4701	96	6174	77784	1754	0	0
13550	96	6174	77784	3461	2138	2028	96	6171	77790	1754	0	0
13551	96	6171	77790	2647	6043	5507	96	6168	77796	1754	0	0
13552	96	6168	77796	428	4907	5443	96	6165	77802	1754	0	0
13553	96	6165	77802	1069	4436	5860	96	6162	77808	1754	0	0
13554	96	6162	77808	4555	5766	4072	96	6159	77814	1754	0	0
13555	96	6159	77814	5959	4776	24	96	6157	77818	1755	0	0
13556	96	6157	77818	2840	5612	3358	96	6154	77824	1755	0	0
13557	96	6154	77824	3351	5747	1269	96	6151	77830	1755	0	0
13558	96	6151	77830	921	5964	2861	96	6148	77836	1755	0	0
13559	96	6148	77836	669	450	4153	96	6145	77842	1755	0	0
13560	96	6145	77842	4609	1877	979	96	6142	77848	1755	0	0
13561	96	6142	77848	5763	5068	143	96	6139	77854	1755	0	0
13562	96	6139	77854	3934	4608	5760	96	6136	77860	1755	0	0
13563	96	6136	77860	3593	94	3820	96	6134	77864	1756	0	0
13564	96	6134	77864	5917	863	1067	96	6131	77870	1756	0	0
13565	96	6131	77870	4627	1709	2107	96	6128	77876	1756	0	0
13566	96	6128	77876	66	1213	2176	96	6126	77880	1757	0	0
13567	96	6126	77880	4534	3714	75	96	6124	77884	1758	0	0
13568	96	6124	77884	1544	894	1364	96	6121	77890	1758	0	0
13569	96	6121	77890	5819	1311	1964	96	6118	77896	1758	0	0
13570	96	6118	77896	3117	6037	5955	96	6115	77902	1758	0	0
13571	96	6115	77902	35	1455	1113	96	6113	77906	1759	0	0
13572	96	6113	77906	4691	5350	339	96	6110	77912	1759	0	0
13573	96	6110	77912	1463	5696	810	96	6107	77918	1759	0	0
13574	96	6107	77918	879	111	4226	96	6104	77924	1759	0	0
13575	96	6104	77924	2110	3942	3564	96	6101	77930	1759	0	0
13576	96	6101	77930	4389	799	3478	96	6098	77936	1759	0	0
13577	96	6098	77936	6114	2595	647	96	6095	77942	1759	0	0
13578	96	6095	77942	4781	4141	5321	96	6092	77948	1759	0	0
13579	96	6092	77948	5071	2782	1820	96	6089	77954	1759	0	0
13580	96	6089	77954	5982	938	2539	96	6086	77960	1759	0	0
13581	96	6086	77960	3241	3406	5125	96	6083	77966	1759	0	0
13582	96	6083	77966	5851	2692	5640	96	6080	77972	1759	0	0
13583	96	6080	77972	4724	836	1231	96	6077	77978	1759	0	0
13584	96	6077	77978	3452	6170	4440	96	6074	77984	1759	0	0
13585	96	6074	77984	1652	2369	940	96	6071	77990	1759	0	0
13586	96	6071	77990	5768	5633	2558	96	6068	77996	1759	0	0
13587	96	6068	77996	6022	4925	3400	96	6065	78002	1759	0	0
13588	96	6065	78002	4001	1146	5952	96	6062	78008	1759	0	0
13589	96	6062	78008	2137	2324	1161	96	6059	78014	1759	0	0
13590	96	6059	78014	3595	2163	3040	96	6056	78020	1759	0	0
13591	96	6056	78020	3963	3772	5886	96	6053	78026	1759	0	0
13592	96	6053	78026	3628	4897	2125	96	6050	78032	1759	0	0
13593	96	6050	78032	3987	5560	514	96	6047	78038	1759	0	0
13594	96	6047	78038	917	4214	3155	96	6044	78044	1759	0	0
13595	96	6044	78044	3128	2856	2066	96	6041	78050	1759	0	0
13596	96	6041	78050	2974	305	761	96	6038	78056	1759	0	0
13597	96	6038	78056	2683	5152	1361	96	6035	78062	1759	0	0
13598	96	6035	78062	1821	6091	2041	96	6032	78068	1759	0	0
13599	96	6032	78068	5862	6076	5931	96	6029	78074	1759	0	0
13600	96	6029	78074	2210	2453	3854	96	6026	78080	1759	0	0
13601	96	6026	78080	3444	4987	4640	96	6023	78086	1759	0	0
13602	96	6023	78086	1418	1585	4333	96	6020	78092	1759	0	0
13603	96	6020	78092	156	655	6031	96	6017	78098	1759	0	0
13604	96	6017	78098	1319	2161	715	96	6014	78104	1759	0	0
13605	96	6014	78104	1390	1571	1406	96	6011	78110	1759	0	0
13606	96	6011	78110	4396	713	3524	96	6008	78116	1759	0	0
13607	96	6008	78116	4240	400	3165	96	6005	78122	1759	0	0
13608	96	6005	78122	2746	5198	1031	96	6002	78128	1759	0	0
13609	96	6002	78128	1466	1256	2508	96	5999	78134	1759	0	0
13610	96	5999	78134	127	2128	3473	96	5996	78140	1759	0	0
13611	96	5996	78140	28	4694	3431	96	5994	78144	1760	0	0
13612	96	5994	78144	5308	3231	1881	96	5991	78150	1760	0	0
13613	96	5991	78150	4351	5897	2943	96	5988	78156	1760	0	0
13614	96	5988	78156	2060	1013	3172	96	5985	78162	1760	0	0
13615	96	5985	78162	5203	2032	4440	96	5982	78168	1760	0	0
13616	96	5982	78168	5599	2093	1330	96	5979	78174	1760	0	0
13617	96	5979	78174	365	301	1072	96	5976	78180	1760	0	0
13618	96	5976	78180	1468	3252	710	96	5973	78186	1760	0	0
13619	96	5973	78186	3709	994	4337	96	5970	78192	1760	0	0
13620	96	5970	78192	856	2756	3727	96	5967	78198	1760	0	0
13621	96	5967	78198	5177	1426	4400	96	5964	78204	1760	0	0
13622	96	5964	78204	666	5802	5685	96	5961	78210	1760	0	0
13623	96	5961	78210	4689	2367	102	96	5958	78216	1760	0	0
13624	96	5958	78216	5189	2314	773	96	5955	78222	1760	0	0
13625	96	5955	78222	3746	758	5108	96	5952	78228	1760	0	0
13626	96	5952	78228	2246	2500	953	96	5949	78234	1760	0	0
13627	96	5949	78234	3986	5334	2292	96	5946	78240	1760	0	0
13628	96	5946	78240	1824	1405	2327	96	5943	78246	1760	0	0
13629	96	5943	78246	102	2373	2353	96	5940	78252	1760	0	0
13630	96	5940	78252	3233	3914	3008	96	5937	78258	1760	0	0
13631	96	5937	78258	978	4783	4161	96	5934	78264	1760	0	0
13632	96	5934	78264	2544	1356	2914	96	5931	78270	1760	0	0
13633	96	5931	78270	2413	5965	2317	96	5928	78276	1760	0	0
13634	96	5928	78276	995	1301	224	96	5925	78282	1760	0	0
13635	96	5925	78282	1682	5634	1226	96	5922	78288	1760	0	0
13636	96	5922	78288	5719	4046	1469	96	5919	78294	1760	0	0
13637	96	5919	78294	1354	5020	5252	96	5916	78300	1760	0	0
13638	96	5916	78300	5789	1996	861	96	5913	78306	1760	0	0
13639	96	5913	78306	3126	3687	398	96	5910	78312	1760	0	0
13640	96	5910	78312	5193	758	5773	96	5907	78318	1760	0	0
13641	96	5907	78318	137	1909	4468	96	5904	78324	1760	0	0
13642	96	5904	78324	556	918	1470	96	5901	78330	1760	0	0
13643	96	5901	78330	3073	3021	2338	96	5898	78336	1760	0	0
13644	96	5898	78336	3644	2994	5	96	5896	78340	1761	0	0
13645	96	5896	78340	5824	2014	3155	96	5893	78346	1761	0	0
13646	96	5893	78346	4502	4801	2657	96	5890	78352	1761	0	0
13647	96	5890	78352	4467	3169	5780	96	5887	78358	1761	0	0
13648	96	5887	78358	396	3489	2631	96	5884	78364	1761	0	0
13649	96	5884	78364	117	4606	1828	96	5881	78370	1761	0	0
13650	96	5881	78370	4622	2275	5287	96	5878	78376	1761	0	0
13651	96	5878	78376	2853	4374	4343	96	5875	78382	1761	0	0
13652	96	5875	78382	5929	5041	1394	96	5872	78388	1761	0	0
13653	96	5872	78388	5226	5526	3988	96	5869	78394	1761	0	0
13654	96	5869	78394	4342	5689	4545	96	5866	78400	1761	0	0
13655	96	5866	78400	5806	5116	4365	96	5863	78406	1761	0	0
13656	96	5863	78406	5621	2578	5346	96	5860	78412	1761	0	0
13657	96	5860	78412	918	4434	67	96	5858	78416	1762	0	0
13658	96	5858	78416	1609	2452	758	96	5855	78422	1762	0	0
13659	96	5855	78422	346	1810	2319	96	5852	78428	1762	0	0
13660	96	5852	78428	3223	1211	5874	96	5849	78434	1762	0	0
13661	96	5849	78434	216	371	2386	96	5846	78440	1762	0	0
13662	96	5846	78440	5101	3860	2668	96	5843	78446	1762	0	0
13663	96	5843	78446	1065	478	4490	96	5840	78452	1762	0	0
13664	96	5840	78452	4524	1128	1182	96	5837	78458	1762	0	0
13665	96	5837	78458	568	4918	1800	96	5834	78464	1762	0	0
13666	96	5834	78464	2680	1098	5589	96	5831	78470	1762	0	0
13667	96	5831	78470	2552	5093	4028	96	5828	78476	1762	0	0
13668	96	5828	78476	3381	2105	209	96	5825	78482	1762	0	0
13669	96	5825	78482	3926	1195	3037	96	5822	78488	1762	0	0
13670	96	5822	78488	1349	356	2532	96	5819	78494	1762	0	0
13671	96	5819	78494	3475	735	296	96	5816	78500	1762	0	0
13672	96	5816	78500	4212	4220	3249	96	5813	78506	1762	0	0
13673	96	5813	78506	5153	3167	4752	96	5810	78512	1762	0	0
13674	96	5810	78512	1650	1420	5187	96	5807	78518	1762	0	0
13675	96	5807	78518	3288	1749	426	96	5804	78524	1762	0	0
13676	96	5804	78524	1156	5198	691	96	5801	78530	1762	0	0
13677	96	5801	78530	5366	2347	3479	96	5798	78536	1762	0	0
13678	96	5798	78536	343	5200	843	96	5795	78542	1762	0	0
13679	96	5795	78542	4110	5113	1908	96	5792	78548	1762	0	0
13680	96	5792	78548	5643	3119	3732	96	5789	78554	1762	0	0
13681	96	5789	78554	5638	359	3567	96	5786	78560	1762	0	0
13682	96	5786	78560	1576	1337	3070	96	5783	78566	1762	0	0
13683	96	5783	78566	1741	5105	5585	96	5780	78572	1762	0	0
13684	96	5780	78572	4279	2328	2194	96	5777	78578	1762	0	0
13685	96	5777	78578	1700	4907	4056	96	5774	78584	1762	0	0
13686	96	5774	78584	1574	775	2530	96	5771	78590	1762	0	0
13687	96	5771	78590	5316	5262	4215	96	5768	78596	1762	0	0
13688	96	5768	78596	5363	5157	5642	96	5765	78602	1762	0	0
13689	96	5765	78602	4354	441	3556	96	5762	78608	1762	0	0
13690	96	5762	78608	1334	1008	3463	96	5759	78614	1762	0	0
13691	96	5759	78614	3188	4625	3531	96	5756	78620	1762	0	0
13692	96	5756	78620	4563	5786	4210	96	5753	78626	1762	0	0
13693	96	5753	78626	2672	5173	5516	96	5750	78632	1762	0	0
13694	96	5750	78632	2405	5705	1540	96	5747	78638	1762	0	0
13695	96	5747	78638	5610	4330	1718	96	5744	78644	1762	0	0
13696	96	5744	78644	855	1527	2815	96	5741	78650	1762	0	0
13697	96	5741	78650	3805	4099	2580	96	5738	78656	1762	0	0
13698	96	5738	78656	3967	5181	1690	96	5735	78662	1762	0	0
13699	96	5735	78662	3680	810	2240	96	5732	78668	1762	0	0
13700	96	5732	78668	5439	3192	2776	96	5729	78674	1762	0	0
13701	96	5729	78674	3792	5454	896	96	5726	78680	1762	0	0
13702	96	5726	78680	3923	1826	417	96	5723	78686	1762	0	0
13703	96	5723	78686	2513	5422	2096	96	5720	78692	1762	0	0
13704	96	5720	78692	5127	3924	380	96	5717	78698	1762	0	0
13705	96	5717	78698	3738	1606	495	96	5714	78704	1762	0	0
13706	96	5714	78704	3843	924	545	96	5711	78710	1762	0	0
13707	96	5711	78710	5613	2975	5004	96	5708	78716	1762	0	0
13708	96	5708	78716	393	5429	703	96	5705	78722	1762	0	0
13709	96	5705	78722	3122	937	1589	96	5702	78728	1762	0	0
13710	96	5702	78728	1842	1997	2437	96	5699	78734	1762	0	0
13711	96	5699	78734	525	3686	2716	96	5696	78740	1762	0	0
13712	96	5696	78740	63	1484	1033	96	5694	78744	1763	0	0
13713	96	5694	78744	5561	1932	1336	96	5691	78750	1763	0	0
13714	96	5691	78750	33	1448	3246	96	5689	78754	1764	0	0
13715	96	5689	78754	1698	5264	3940	96	5686	78760	1764	0	0
13716	96	5686	78760	167	507	4447	96	5683	78766	1764	0	0
13717	96	5683	78766	2842	1157	1480	96	5680	78772	1764	0	0
13718	96	5680	78772	3056	2655	2882	96	5677	78778	1764	0	0
13719	96	5677	78778	4837	3093	385	96	5674	78784	1764	0	0
13720	96	5674	78784	1753	1235	2788	96	5671	78790	1764	0	0
13721	96	5671	78790	2365	1254	3958	96	5668	78796	1764	0	0
13722	96	5668	78796	1405	2010	1143	96	5665	78802	1764	0	0
13723	96	5665	78802	2101	3348	2373	96	5662	78808	1764	0	0
13724	96	5662	78808	4799	4903	2524	96	5659	78814	1764	0	0
13725	96	5659	78814	2866	4091	3408	96	5656	78820	1764	0	0
13726	96	5656	78820	2119	5636	1847	96	5653	78826	1764	0	0
13727	96	5653	78826	1404	2789	3082	96	5650	78832	1764	0	0
13728	96	5650	78832	5012	3728	4741	96	5647	78838	1764	0	0
13729	96	5647	78838	4192	824	4611	96	5644	78844	1764	0	0
13730	96	5644	78844	5314	335	978	96	5641	78850	1764	0	0
13731	96	5641	78850	347	5598	2210	96	5638	78856	1764	0	0
13732	96	5638	78856	1457	3720	316	96	5635	78862	1764	0	0
13733	96	5635	78862	4628	4046	4759	96	5632	78868	1764	0	0
13734	96	5632	78868	3209	3717	3376	96	5629	78874	1764	0	0
13735	96	5629	78874	1475	3810	1787	96	5626	78880	1764	0	0
13736	96	5626	78880	222	1665	940	96	5623	78886	1764	0	0
13737	96	5623	78886	1504	5350	4060	96	5620	78892	1764	0	0
13738	96	5620	78892	1523	4485	5511	96	5617	78898	1764	0	0
13739	96	5617	78898	1632	1721	4139	96	5614	78904	1764	0	0
13740	96	5614	78904	2331	562	5147	96	5611	78910	1764	0	0
13741	96	5611	78910	1412	3813	3197	96	5608	78916	1764	0	0
13742	96	5608	78916	5291	3573	4041	96	5605	78922	1764	0	0
13743	96	5605	78922	4263	5201	5675	96	5602	78928	1764	0	0
13744	96	5602	78928	5043	4418	5416	96	5599	78934	1764	0	0
13745	96	5599	78934	129	3337	2515	96	5596	78940	1764	0	0
13746	96	5596	78940	2430	5495	387	96	5593	78946	1764	0	0
13747	96	5593	78946	794	4862	2655	96	5590	78952	1764	0	0
13748	96	5590	78952	4822	932	4527	96	5587	78958	1764	0	0
13749	96	5587	78958	3526	1075	93	96	5585	78962	1765	0	0
13750	96	5585	78962	1718	2085	878	96	5582	78968	1765	0	0
13751	96	5582	78968	3839	2571	108	96	5579	78974	1765	0	0
13752	96	5579	78974	3778	1789	1159	96	5576	78980	1765	0	0
13753	96	5576	78980	3739	2199	4824	96	5573	78986	1765	0	0
13754	96	5573	78986	2889	1595	3396	96	5570	78992	1765	0	0
13755	96	5570	78992	347	4944	1935	96	5567	78998	1765	0	0
13756	96	5567	78998	519	4165	4846	96	5564	79004	1765	0	0
13757	96	5564	79004	3976	5410	1711	96	5561	79010	1765	0	0
13758	96	5561	79010	1576	1526	2258	96	5558	79016	1765	0	0
13759	96	5558	79016	4632	4133	4164	96	5555	79022	1765	0	0
13760	96	5555	79022	2265	3011	1612	96	5552	79028	1765	0	0
13761	96	5552	79028	1758	2613	1026	96	5549	79034	1765	0	0
13762	96	5549	79034	1655	5584	1619	96	5546	79040	1765	0	0
13763	96	5546	79040	3389	2661	5162	96	5543	79046	1765	0	0
13764	96	5543	79046	2099	596	3112	96	5540	79052	1765	0	0
13765	96	5540	79052	4421	5292	2720	96	5537	79058	1765	0	0
13766	96	5537	79058	894	2604	1642	96	5534	79064	1765	0	0
13767	96	5534	79064	1971	2888	4888	96	5531	79070	1765	0	0
13768	96	5531	79070	4595	5461	1986	96	5528	79076	1765	0	0
13769	96	5528	79076	1187	4514	3705	96	5525	79082	1765	0	0
13770	96	5525	79082	107	4090	4434	96	5522	79088	1765	0	0
13771	96	5522	79088	2517	2647	2271	96	5519	79094	1765	0	0
13772	96	5519	79094	3963	966	4183	96	5516	79100	1765	0	0
13773	96	5516	79100	3678	710	808	96	5513	79106	1765	0	0
13774	96	5513	79106	3743	5284	1759	96	5510	79112	1765	0	0
13775	96	5510	79112	3723	2143	5590	96	5507	79118	1765	0	0
13776	96	5507	79118	3946	1273	4866	96	5504	79124	1765	0	0
13777	96	5504	79124	2061	2452	1640	96	5501	79130	1765	0	0
13778	96	5501	79130	4438	2499	4138	96	5498	79136	1765	0	0
13779	96	5498	79136	675	5147	2053	96	5495	79142	1765	0	0
13780	96	5495	79142	5226	1108	4276	96	5492	79148	1765	0	0
13781	96	5492	79148	3611	5542	3077	96	5489	79154	1765	0	0
13782	96	5489	79154	5364	3714	1806	96	5486	79160	1765	0	0
13783	96	5486	79160	1560	2119	2407	96	5483	79166	1765	0	0
13784	96	5483	79166	1859	2134	3566	96	5480	79172	1765	0	0
13785	96	5480	79172	5337	2705	5491	96	5477	79178	1765	0	0
13786	96	5477	79178	1444	2636	289	96	5474	79184	1765	0	0
13787	96	5474	79184	2357	5449	2057	96	5471	79190	1765	0	0
13788	96	5471	79190	988	1041	848	96	5468	79196	1765	0	0
13789	96	5468	79196	493	3963	4701	96	5465	79202	1765	0	0
13790	96	5465	79202	487	373	2595	96	5462	79208	1765	0	0
13791	96	5462	79208	3440	1143	2692	96	5459	79214	1765	0	0
13792	96	5459	79214	2195	3387	2367	96	5456	79220	1765	0	0
13793	96	5456	79220	2650	5312	272	96	5453	79226	1765	0	0
13794	96	5453	79226	1772	367	1011	96	5450	79232	1765	0	0
13795	96	5450	79232	4692	4984	4278	96	5447	79238	1765	0	0
13796	96	5447	79238	4066	237	3984	96	5444	79244	1765	0	0
13797	96	5444	79244	3416	527	1194	96	5441	79250	1765	0	0
13798	96	5441	79250	4321	1670	3681	96	5438	79256	1765	0	0
13799	96	5438	79256	2247	771	3733	96	5435	79262	1765	0	0
13800	96	5435	79262	4999	3752	3692	96	5432	79268	1765	0	0
13801	96	5432	79268	5015	2396	3276	96	5429	79274	1765	0	0
13802	96	5429	79274	2707	2877	1162	96	5426	79280	1765	0	0
13803	96	5426	79280	3202	4961	2030	96	5423	79286	1765	0	0
13804	96	5423	79286	3678	2219	4539	96	5420	79292	1765	0	0
13805	96	5420	79292	3587	2309	2983	96	5417	79298	1765	0	0
13806	96	5417	79298	3244	2922	2862	96	5414	79304	1765	0	0
13807	96	5414	79304	1834	1410	1707	96	5411	79310	1765	0	0
13808	96	5411	79310	2687	811	5040	96	5408	79316	1765	0	0
13809	96	5408	79316	480	138	4894	96	5405	79322	1765	0	0
13810	96	5405	79322	3997	3029	3969	96	5402	79328	1765	0	0
13811	96	5402	79328	4972	1626	3619	96	5399	79334	1765	0	0
13812	96	5399	79334	2519	3859	258	96	5396	79340	1765	0	0
13813	96	5396	79340	3798	5088	2543	96	5393	79346	1765	0	0
13814	96	5393	79346	2469	4289	1670	96	5390	79352	1765	0	0
13815	96	5390	79352	720	903	5288	96	5387	79358	1765	0	0
13816	96	5387	79358	5044	764	1461	96	5384	79364	1765	0	0
13817	96	5384	79364	2427	768	444	96	5381	79370	1765	0	0
13818	96	5381	79370	1246	3426	1896	96	5378	79376	1765	0	0
13819	96	5378	79376	1773	2153	43	96	5376	79380	1766	0	0
13820	96	5376	79380	5287	772	1193	96	5373	79386	1766	0	0
13821	96	5373	79386	5310	1290	4436	96	5370	79392	1766	0	0
13822	96	5370	79392	1771	5211	4318	96	5367	79398	1766	0	0
13823	96	5367	79398	560	4617	2175	96	5364	79404	1766	0	0
13824	96	5364	79404	1552	5356	1724	96	5361	79410	1766	0	0
13825	96	5361	79410	337	3262	2832	96	5358	79416	1766	0	0
13826	96	5358	79416	888	2601	1077	96	5355	79422	1766	0	0
13827	96	5355	79422	4068	3684	1504	96	5352	79428	1766	0	0
13828	96	5352	79428	1985	485	1704	96	5349	79434	1766	0	0
13829	96	5349	79434	1479	730	4596	96	5346	79440	1766	0	0
13830	96	5346	79440	390	5411	5405	96	5343	79446	1766	0	0
13831	96	5343	79446	501	3118	1394	96	5340	79452	1766	0	0
13832	96	5340	79452	2016	3263	1010	96	5337	79458	1766	0	0
13833	96	5337	79458	4404	2140	2415	96	5334	79464	1766	0	0
13834	96	5334	79464	2843	1046	769	96	5331	79470	1766	0	0
13835	96	5331	79470	532	2280	4917	96	5328	79476	1766	0	0
13836	96	5328	79476	2	1234	4168	96	5326	79480	1767	0	0
13837	96	5326	79480	3183	1849	4867	96	5323	79486	1767	0	0
13838	96	5323	79486	292	2010	4596	96	5320	79492	1767	0	0
13839	96	5320	79492	2805	3548	5415	96	5317	79498	1767	0	0
13840	96	5317	79498	4060	1675	2228	96	5314	79504	1767	0	0
13841	96	5314	79504	4827	2134	2807	96	5311	79510	1767	0	0
13842	96	5311	79510	4423	1636	3200	96	5308	79516	1767	0	0
13843	96	5308	79516	4319	3454	1414	96	5305	79522	1767	0	0
13844	96	5305	79522	1689	1221	2396	96	5302	79528	1767	0	0
13845	96	5302	79528	868	3195	1874	96	5299	79534	1767	0	0
13846	96	5299	79534	5281	39	5292	96	5297	79538	1768	0	0
13847	96	5297	79538	4524	808	5102	96	5294	79544	1768	0	0
13848	96	5294	79544	512	686	2986	96	5291	79550	1768	0	0
13849	96	5291	79550	4727	2725	2008	96	5288	79556	1768	0	0
13850	96	5288	79556	541	1095	464	96	5285	79562	1768	0	0
13851	96	5285	79562	2048	132	3134	96	5282	79568	1768	0	0
13852	96	5282	79568	4126	5	1210	96	5280	79572	1769	0	0
13853	96	5280	79572	1766	2031	2802	96	5277	79578	1769	0	0
13854	96	5277	79578	1937	2034	2818	96	5274	79584	1769	0	0
13855	96	5274	79584	1745	4493	4238	96	5271	79590	1769	0	0
13856	96	5271	79590	3694	3298	2812	96	5268	79596	1769	0	0
13857	96	5268	79596	2869	1244	2301	96	5265	79602	1769	0	0
13858	96	5265	79602	3190	3989	4205	96	5262	79608	1769	0	0
13859	96	5262	79608	4188	5196	4115	96	5259	79614	1769	0	0
13860	96	5259	79614	1344	872	420	96	5256	79620	1769	0	0
13861	96	5256	79620	557	3352	1041	96	5253	79626	1769	0	0
13862	96	5253	79626	2000	1633	1761	96	5250	79632	1769	0	0
13863	96	5250	79632	983	2767	4240	96	5247	79638	1769	0	0
13864	96	5247	79638	4257	5163	4728	96	5244	79644	1769	0	0
13865	96	5244	79644	3117	3279	3841	96	5241	79650	1769	0	0
13866	96	5241	79650	3206	2428	1024	96	5238	79656	1769	0	0
13867	96	5238	79656	2295	3138	2217	96	5235	79662	1769	0	0
13868	96	5235	79662	4947	4111	5077	96	5232	79668	1769	0	0
13869	96	5232	79668	1793	2973	705	96	5229	79674	1769	0	0
13870	96	5229	79674	117	3450	3951	96	5226	79680	1769	0	0
13871	96	5226	79680	1690	1806	1923	96	5223	79686	1769	0	0
13872	96	5223	79686	2825	5167	4568	96	5220	79692	1769	0	0
13873	96	5220	79692	2984	436	4683	96	5217	79698	1769	0	0
13874	96	5217	79698	261	2829	4847	96	5214	79704	1769	0	0
13875	96	5214	79704	4115	1388	3100	96	5211	79710	1769	0	0
13876	96	5211	79710	2030	887	2570	96	5208	79716	1769	0	0
13877	96	5208	79716	1404	3047	4163	96	5205	79722	1769	0	0
13878	96	5205	79722	517	1138	3874	96	5202	79728	1769	0	0
13879	96	5202	79728	2538	3192	111	96	5199	79734	1769	0	0
13880	96	5199	79734	2978	2738	531	96	5196	79740	1769	0	0
13881	96	5196	79740	1769	4082	1977	96	5193	79746	1769	0	0
13882	96	5193	79746	2958	4932	4724	96	5190	79752	1769	0	0
13883	96	5190	79752	2637	334	2343	96	5187	79758	1769	0	0
13884	96	5187	79758	2344	2591	4884	96	5184	79764	1769	0	0
13885	96	5184	79764	2480	1261	2523	96	5181	79770	1769	0	0
13886	96	5181	79770	3244	3127	342	96	5178	79776	1769	0	0
13887	96	5178	79776	2942	1319	1938	96	5175	79782	1769	0	0
13888	96	5175	79782	4176	3050	2498	96	5172	79788	1769	0	0
13889	96	5172	79788	574	2453	3460	96	5169	79794	1769	0	0
13890	96	5169	79794	3214	3744	2575	96	5166	79800	1769	0	0
13891	96	5166	79800	4980	2139	4122	96	5163	79806	1769	0	0
13892	96	5163	79806	3559	4141	4516	96	5160	79812	1769	0	0
13893	96	5160	79812	879	694	3001	96	5157	79818	1769	0	0
13894	96	5157	79818	1184	3207	4976	96	5154	79824	1769	0	0
13895	96	5154	79824	17	2260	3020	96	5152	79828	1770	0	0
13896	96	5152	79828	3446	2523	5010	96	5149	79834	1770	0	0
13897	96	5149	79834	2334	2372	2923	96	5146	79840	1770	0	0
13898	96	5146	79840	144	4145	3807	96	5143	79846	1770	0	0
13899	96	5143	79846	306	4750	4864	96	5140	79852	1770	0	0
13900	96	5140	79852	4267	187	421	96	5137	79858	1770	0	0
13901	96	5137	79858	4605	1514	4179	96	5134	79864	1770	0	0
13902	96	5134	79864	2825	2031	3966	96	5131	79870	1770	0	0
13903	96	5131	79870	3746	624	1800	96	5128	79876	1770	0	0
13904	96	5128	79876	2297	1875	2804	96	5125	79882	1770	0	0
13905	96	5125	79882	4808	1160	3254	96	5122	79888	1770	0	0
13906	96	5122	79888	3347	2609	3364	96	5119	79894	1770	0	0
13907	96	5119	79894	3307	4958	4979	96	5116	79900	1770	0	0
13908	96	5116	79900	3940	2115	5043	96	5113	79906	1770	0	0
13909	96	5113	79906	1328	3936	1254	96	5110	79912	1770	0	0
13910	96	5110	79912	4526	3511	481	96	5107	79918	1770	0	0
13911	96	5107	79918	1815	5094	754	96	5104	79924	1770	0	0
13912	96	5104	79924	4158	3850	3867	96	5101	79930	1770	0	0
13913	96	5101	79930	1371	2776	2808	96	5098	79936	1770	0	0
13914	96	5098	79936	479	2733	1221	96	5095	79942	1770	0	0
13915	96	5095	79942	4050	3019	3635	96	5092	79948	1770	0	0
13916	96	5092	79948	1719	4281	3424	96	5089	79954	1770	0	0
13917	96	5089	79954	2865	1736	3680	96	5086	79960	1770	0	0
13918	96	5086	79960	332	4248	3862	96	5083	79966	1770	0	0
13919	96	5083	79966	711	4222	292	96	5080	79972	1770	0	0
13920	96	5080	79972	3638	184	2253	96	5077	79978	1770	0	0
13921	96	5077	79978	2315	1275	2693	96	5074	79984	1770	0	0
13922	96	5074	79984	2946	4257	2967	96	5071	79990	1770	0	0
13923	96	5071	79990	340	282	3215	96	5068	79996	1770	0	0
13924	96	5068	79996	3536	2212	1113	96	5065	80002	1770	0	0
13925	96	5065	80002	3103	3370	4050	96	5062	80008	1770	0	0
13926	96	5062	80008	1319	106	265	96	5059	80014	1770	0	0
13927	96	5059	80014	4002	4647	4762	96	5056	80020	1770	0	0
13928	96	5056	80020	143	2072	364	96	5053	80026	1770	0	0
13929	96	5053	80026	3768	1097	2438	96	5050	80032	1770	0	0
13930	96	5050	80032	4604	1178	3097	96	5047	80038	1770	0	0
13931	96	5047	80038	2788	1896	3167	96	5044	80044	1770	0	0
13932	96	5044	80044	3296	5020	1936	96	5041	80050	1770	0	0
13933	96	5041	80050	4042	2026	980	96	5038	80056	1770	0	0
13934	96	5038	80056	3021	3169	63	96	5036	80060	1771	0	0
13935	96	5036	80060	4423	1540	3152	96	5033	80066	1771	0	0
13936	96	5033	80066	4840	4415	1042	96	5030	80072	1771	0	0
13937	96	5030	80072	3630	261	1113	96	5027	80078	1771	0	0
13938	96	5027	80078	2561	4050	3287	96	5024	80084	1771	0	0
13939	96	5024	80084	1108	3494	4249	96	5021	80090	1771	0	0
13940	96	5021	80090	1035	1058	3281	96	5018	80096	1771	0	0
13941	96	5018	80096	3732	1602	3630	96	5015	80102	1771	0	0
13942	96	5015	80102	855	1374	4959	96	5012	80108	1771	0	0
13943	96	5012	80108	3038	88	655	96	5010	80112	1772	0	0
13944	96	5010	80112	4198	1665	1232	96	5007	80118	1772	0	0
13945	96	5007	80118	748	2377	4328	96	5004	80124	1772	0	0
13946	96	5004	80124	1979	4604	5099	96	5001	80130	1772	0	0
13947	96	5001	80130	1104	1211	310	96	4998	80136	1772	0	0
13948	96	4998	80136	4316	1915	2693	96	4995	80142	1772	0	0
13949	96	4995	80142	1548	4671	4065	96	4992	80148	1772	0	0
13950	96	4992	80148	2562	135	1223	96	4989	80154	1772	0	0
13951	96	4989	80154	1047	4967	5011	96	4986	80160	1772	0	0
13952	96	4986	80160	2448	54	881	96	4984	80164	1773	0	0
13953	96	4984	80164	4096	4040	2182	96	4981	80170	1773	0	0
13954	96	4981	80170	4411	2841	2205	96	4978	80176	1773	0	0
13955	96	4978	80176	1898	4382	4871	96	4975	80182	1773	0	0
13956	96	4975	80182	1318	1441	2155	96	4972	80188	1773	0	0
13957	96	4972	80188	2304	4077	2239	96	4969	80194	1773	0	0
13958	96	4969	80194	2897	2405	4566	96	4966	80200	1773	0	0
13959	96	4966	80200	2676	60	1112	96	4964	80204	1774	0	0
13960	96	4964	80204	3539	2959	2124	96	4961	80210	1774	0	0
13961	96	4961	80210	378	1454	4122	96	4958	80216	1774	0	0
13962	96	4958	80216	1993	3450	1132	96	4955	80222	1774	0	0
13963	96	4955	80222	4190	3459	4459	96	4952	80228	1774	0	0
13964	96	4952	80228	2922	562	1251	96	4949	80234	1774	0	0
13965	96	4949	80234	2735	3828	904	96	4946	80240	1774	0	0
13966	96	4946	80240	1123	937	619	96	4943	80246	1774	0	0
13967	96	4943	80246	3314	1418	1591	96	4940	80252	1774	0	0
13968	96	4940	80252	459	3276	462	96	4937	80258	1774	0	0
13969	96	4937	80258	2185	1144	3916	96	4934	80264	1774	0	0
13970	96	4934	80264	3286	3428	3017	96	4931	80270	1774	0	0
13971	96	4931	80270	1221	2234	4813	96	4928	80276	1774	0	0
13972	96	4928	80276	4936	1717	634	96	4925	80282	1774	0	0
13973	96	4925	80282	165	2867	578	96	4922	80288	1774	0	0
13974	96	4922	80288	2971	2718	1774	96	4919	80294	1774	0	0
13975	96	4919	80294	4484	2635	2120	96	4916	80300	1774	0	0
13976	96	4916	80300	3638	4603	1638	96	4913	80306	1774	0	0
13977	96	4913	80306	2682	981	2390	96	4910	80312	1774	0	0
13978	96	4910	80312	1328	182	3631	96	4907	80318	1774	0	0
13979	96	4907	80318	2434	4016	4006	96	4904	80324	1774	0	0
13980	96	4904	80324	4261	568	2648	96	4901	80330	1774	0	0
13981	96	4901	80330	1309	4862	2857	96	4898	80336	1774	0	0
13982	96	4898	80336	3342	2556	532	96	4895	80342	1774	0	0
13983	96	4895	80342	254	35	1895	96	4893	80346	1775	0	0
13984	96	4893	80346	1635	4303	3837	96	4890	80352	1775	0	0
13985	96	4890	80352	691	2116	3835	96	4887	80358	1775	0	0
13986	96	4887	80358	122	4166	1548	96	4884	80364	1775	0	0
13987	96	4884	80364	4554	1268	2377	96	4881	80370	1775	0	0
13988	96	4881	80370	3067	1746	2162	96	4878	80376	1775	0	0
13989	96	4878	80376	3074	2586	1814	96	4875	80382	1775	0	0
13990	96	4875	80382	3215	92	716	96	4873	80386	1776	0	0
13991	96	4873	80386	2718	1080	1198	96	4870	80392	1776	0	0
13992	96	4870	80392	4321	4206	4119	96	4867	80398	1776	0	0
13993	96	4867	80398	1248	1848	397	96	4864	80404	1776	0	0
13994	96	4864	80404	1264	378	1672	96	4861	80410	1776	0	0
13995	96	4861	80410	654	1689	4821	96	4858	80416	1776	0	0
13996	96	4858	80416	1166	1125	3032	96	4855	80422	1776	0	0
13997	96	4855	80422	3600	3714	2096	96	4852	80428	1776	0	0
13998	96	4852	80428	2782	2925	917	96	4849	80434	1776	0	0
13999	96	4849	80434	918	2746	3853	96	4846	80440	1776	0	0
14000	96	4846	80440	4503	3140	3285	96	4843	80446	1776	0	0
14001	96	4843	80446	2639	4639	3538	96	4840	80452	1776	0	0
14002	96	4840	80452	1129	2827	822	96	4837	80458	1776	0	0
14003	96	4837	80458	2208	4543	2138	96	4834	80464	1776	0	0
14004	96	4834	80464	4267	3150	4343	96	4831	80470	1776	0	0
14005	96	4831	80470	1817	2199	3011	96	4828	80476	1776	0	0
14006	96	4828	80476	1429	4708	761	96	4825	80482	1776	0	0
14007	96	4825	80482	2390	3417	307	96	4822	80488	1776	0	0
14008	96	4822	80488	3435	3941	3236	96	4819	80494	1776	0	0
14009	96	4819	80494	3489	4871	74	96	4817	80498	1777	0	0
14010	96	4817	80498	4386	2243	1280	96	4814	80504	1777	0	0
14011	96	4814	80504	2705	2947	4411	96	4811	80510	1777	0	0
14012	96	4811	80510	935	327	1760	96	4808	80516	1777	0	0
14013	96	4808	80516	3718	818	3919	96	4805	80522	1777	0	0
14014	96	4805	80522	4525	3851	815	96	4802	80528	1777	0	0
14015	96	4802	80528	1848	3117	2363	96	4799	80534	1777	0	0
14016	96	4799	80534	1750	1960	3350	96	4796	80540	1777	0	0
14017	96	4796	80540	1721	3214	2709	96	4793	80546	1777	0	0
14018	96	4793	80546	2262	3490	2802	96	4790	80552	1777	0	0
14019	96	4790	80552	4319	3127	4636	96	4787	80558	1777	0	0
14020	96	4787	80558	4469	447	4463	96	4784	80564	1777	0	0
14021	96	4784	80564	331	4454	1581	96	4781	80570	1777	0	0
14022	96	4781	80570	901	2337	4176	96	4778	80576	1777	0	0
14023	96	4778	80576	449	539	1380	96	4775	80582	1777	0	0
14024	96	4775	80582	3530	1442	22	96	4773	80586	1778	0	0
14025	96	4773	80586	2938	366	2656	96	4770	80592	1778	0	0
14026	96	4770	80592	57	4102	4459	96	4768	80596	1779	0	0
14027	96	4768	80596	2040	2990	1137	96	4765	80602	1779	0	0
14028	96	4765	80602	1155	1922	1650	96	4762	80608	1779	0	0
14029	96	4762	80608	973	14	1624	96	4760	80612	1780	0	0
14030	96	4760	80612	3013	2001	3658	96	4757	80618	1780	0	0
14031	96	4757	80618	4332	1069	3792	96	4754	80624	1780	0	0
14032	96	4754	80624	821	774	218	96	4751	80630	1780	0	0
14033	96	4751	80630	3515	4570	3060	96	4748	80636	1780	0	0
14034	96	4748	80636	4339	2363	752	96	4745	80642	1780	0	0
14035	96	4745	80642	1615	4748	4731	96	4742	80648	1780	0	0
14036	96	4742	80648	2148	1296	4734	96	4739	80654	1780	0	0
14037	96	4739	80654	3984	3869	3443	96	4736	80660	1780	0	0
14038	96	4736	80660	2372	1487	4418	96	4733	80666	1780	0	0
14039	96	4733	80666	4417	1901	4145	96	4730	80672	1780	0	0
14040	96	4730	80672	80	534	1950	96	4728	80676	1781	0	0
14041	96	4728	80676	932	1557	351	96	4725	80682	1781	0	0
14042	96	4725	80682	2549	3282	2160	96	4722	80688	1781	0	0
14043	96	4722	80688	841	3806	1092	96	4719	80694	1781	0	0
14044	96	4719	80694	2274	2623	4081	96	4716	80700	1781	0	0
14045	96	4716	80700	4377	961	2683	96	4713	80706	1781	0	0
14046	96	4713	80706	1756	800	1428	96	4710	80712	1781	0	0
14047	96	4710	80712	4176	2157	1866	96	4707	80718	1781	0	0
14048	96	4707	80718	4074	4128	76	96	4705	80722	1782	0	0
14049	96	4705	80722	4056	2656	1713	96	4702	80728	1782	0	0
14050	96	4702	80728	4760	188	761	96	4699	80734	1782	0	0
14051	96	4699	80734	2604	3600	1672	96	4696	80740	1782	0	0
14052	96	4696	80740	1728	3370	807	96	4693	80746	1782	0	0
14053	96	4693	80746	1569	1017	2415	96	4690	80752	1782	0	0
14054	96	4690	80752	1545	3956	1236	96	4687	80758	1782	0	0
14055	96	4687	80758	3192	468	1673	96	4684	80764	1782	0	0
14056	96	4684	80764	136	1960	3271	96	4681	80770	1782	0	0
14057	96	4681	80770	1829	1503	1764	96	4678	80776	1782	0	0
14058	96	4678	80776	690	1918	1527	96	4675	80782	1782	0	0
14059	96	4675	80782	1266	403	539	96	4672	80788	1782	0	0
14060	96	4672	80788	2394	3831	1283	96	4669	80794	1782	0	0
14061	96	4669	80794	315	726	1332	96	4666	80800	1782	0	0
14062	96	4666	80800	3916	3977	1700	96	4663	80806	1782	0	0
14063	96	4663	80806	2190	194	1467	96	4660	80812	1782	0	0
14064	96	4660	80812	3808	2575	1711	96	4657	80818	1782	0	0
14065	96	4657	80818	1770	2262	1173	96	4654	80824	1782	0	0
14066	96	4654	80824	2317	4	3962	96	4652	80828	1783	0	0
14067	96	4652	80828	4620	4719	3101	96	4649	80834	1783	0	0
14068	96	4649	80834	3472	4097	916	96	4646	80840	1783	0	0
14069	96	4646	80840	2249	3134	4001	96	4643	80846	1783	0	0
14070	96	4643	80846	1575	3407	3888	96	4640	80852	1783	0	0
14071	96	4640	80852	1528	4093	3757	96	4637	80858	1783	0	0
14072	96	4637	80858	3616	1847	3269	96	4634	80864	1783	0	0
14073	96	4634	80864	352	3094	1782	96	4631	80870	1783	0	0
14074	96	4631	80870	3825	1525	4502	96	4628	80876	1783	0	0
14075	96	4628	80876	1499	1435	784	96	4625	80882	1783	0	0
14076	96	4625	80882	2709	3099	2940	96	4622	80888	1783	0	0
14077	96	4622	80888	2597	4484	4359	96	4619	80894	1783	0	0
14078	96	4619	80894	2136	2863	3206	96	4616	80900	1783	0	0
14079	96	4616	80900	4185	2715	2099	96	4613	80906	1783	0	0
14080	96	4613	80906	463	1118	2729	96	4610	80912	1783	0	0
14081	96	4610	80912	600	1586	4168	96	4607	80918	1783	0	0
14082	96	4607	80918	3124	2153	3619	96	4604	80924	1783	0	0
14083	96	4604	80924	636	2681	3048	96	4601	80930	1783	0	0
14084	96	4601	80930	2258	3384	361	96	4598	80936	1783	0	0
14085	96	4598	80936	982	562	605	96	4595	80942	1783	0	0
14086	96	4595	80942	3651	4149	1019	96	4592	80948	1783	0	0
14087	96	4592	80948	3055	1943	1903	96	4589	80954	1783	0	0
14088	96	4589	80954	3138	104	585	96	4586	80960	1783	0	0
14089	96	4586	80960	4509	3943	3543	96	4583	80966	1783	0	0
14090	96	4583	80966	692	2493	2399	96	4580	80972	1783	0	0
14091	96	4580	80972	4176	3498	145	96	4577	80978	1783	0	0
14092	96	4577	80978	943	1728	4657	96	4574	80984	1783	0	0
14093	96	4574	80984	1540	748	1856	96	4571	80990	1783	0	0
14094	96	4571	80990	1684	1028	3824	96	4568	80996	1783	0	0
14095	96	4568	80996	621	4344	4251	96	4565	81002	1783	0	0
14096	96	4565	81002	1232	1529	3650	96	4562	81008	1783	0	0
14097	96	4562	81008	2818	1657	3052	96	4559	81014	1783	0	0
14098	96	4559	81014	4544	3103	717	96	4556	81020	1783	0	0
14099	96	4556	81020	4092	592	1150	96	4553	81026	1783	0	0
14100	96	4553	81026	2406	4544	0	96	4551	81030	1784	0	0
14101	96	4551	81030	2326	2126	3617	96	4548	81036	1784	0	0
14102	96	4548	81036	4338	3953	4409	96	4545	81042	1784	0	0
14103	96	4545	81042	4411	2634	2683	96	4542	81048	1784	0	0
14104	96	4542	81048	2848	461	4434	96	4539	81054	1784	0	0
14105	96	4539	81054	1299	3244	696	96	4536	81060	1784	0	0
14106	96	4536	81060	2025	2422	3739	96	4533	81066	1784	0	0
14107	96	4533	81066	1322	4215	1400	96	4530	81072	1784	0	0
14108	96	4530	81072	3411	2730	3949	96	4527	81078	1784	0	0
14109	96	4527	81078	2932	4547	3356	96	4524	81084	1784	0	0
14110	96	4524	81084	2445	3932	813	96	4521	81090	1784	0	0
14111	96	4521	81090	3029	1112	3372	96	4518	81096	1784	0	0
14112	96	4518	81096	4408	3595	3157	96	4515	81102	1784	0	0
14113	96	4515	81102	1773	684	869	96	4512	81108	1784	0	0
14114	96	4512	81108	4115	1038	1041	96	4509	81114	1784	0	0
14115	96	4509	81114	4312	2641	3947	96	4506	81120	1784	0	0
14116	96	4506	81120	1541	1263	4020	96	4503	81126	1784	0	0
14117	96	4503	81126	526	2728	4364	96	4500	81132	1784	0	0
14118	96	4500	81132	2700	1034	4079	96	4497	81138	1784	0	0
14119	96	4497	81138	647	4074	1900	96	4494	81144	1784	0	0
14120	96	4494	81144	1729	2967	2024	96	4491	81150	1784	0	0
14121	96	4491	81150	3835	2418	1227	96	4488	81156	1784	0	0
14122	96	4488	81156	1302	1547	373	96	4485	81162	1784	0	0
14123	96	4485	81162	2137	1747	1447	96	4482	81168	1784	0	0
14124	96	4482	81168	1884	168	2502	96	4479	81174	1784	0	0
14125	96	4479	81174	3239	4363	3631	96	4476	81180	1784	0	0
14126	96	4476	81180	433	2658	1201	96	4473	81186	1784	0	0
14127	96	4473	81186	4021	427	4233	96	4470	81192	1784	0	0
14128	96	4470	81192	2398	1735	2368	96	4467	81198	1784	0	0
14129	96	4467	81198	1014	76	2441	96	4465	81202	1785	0	0
14130	96	4465	81202	426	3246	1856	96	4462	81208	1785	0	0
14131	96	4462	81208	4004	2329	2660	96	4459	81214	1785	0	0
14132	96	4459	81214	3977	280	3038	96	4456	81220	1785	0	0
14133	96	4456	81220	1795	2054	3984	96	4453	81226	1785	0	0
14134	96	4453	81226	3054	3348	3729	96	4450	81232	1785	0	0
14135	96	4450	81232	3735	3030	2263	96	4447	81238	1785	0	0
14136	96	4447	81238	3232	4297	2165	96	4444	81244	1785	0	0
14137	96	4444	81244	2247	4497	266	96	4441	81250	1785	0	0
14138	96	4441	81250	3261	4094	1	96	4439	81254	1786	0	0
14139	96	4439	81254	2894	2950	2927	96	4436	81260	1786	0	0
14140	96	4436	81260	4135	3456	2642	96	4433	81266	1786	0	0
14141	96	4433	81266	2147	39	368	96	4431	81270	1787	0	0
14142	96	4431	81270	435	2491	2506	96	4428	81276	1787	0	0
14143	96	4428	81276	2179	2112	1999	96	4425	81282	1787	0	0
14144	96	4425	81282	217	602	1959	96	4422	81288	1787	0	0
14145	96	4422	81288	2709	3200	3415	96	4419	81294	1787	0	0
14146	96	4419	81294	710	3724	2647	96	4416	81300	1787	0	0
14147	96	4416	81300	243	3242	4271	96	4413	81306	1787	0	0
14148	96	4413	81306	4434	2420	3507	96	4410	81312	1787	0	0
14149	96	4410	81312	1771	2543	2801	96	4407	81318	1787	0	0
14150	96	4407	81318	3345	68	4237	96	4405	81322	1788	0	0
14151	96	4405	81322	3361	4174	1457	96	4402	81328	1788	0	0
14152	96	4402	81328	2376	327	2720	96	4399	81334	1788	0	0
14153	96	4399	81334	4262	438	3048	96	4396	81340	1788	0	0
14154	96	4396	81340	3168	2806	3126	96	4393	81346	1788	0	0
14155	96	4393	81346	3036	1628	72	96	4391	81350	1789	0	0
14156	96	4391	81350	3498	536	3933	96	4388	81356	1789	0	0
14157	96	4388	81356	3644	433	2533	96	4385	81362	1789	0	0
14158	96	4385	81362	3065	3109	6	96	4383	81366	1790	0	0
14159	96	4383	81366	1899	215	2351	96	4380	81372	1790	0	0
14160	96	4380	81372	4268	1126	3429	96	4377	81378	1790	0	0
14161	96	4377	81378	4122	3210	2792	96	4374	81384	1790	0	0
14162	96	4374	81384	3835	1990	2150	96	4371	81390	1790	0	0
14163	96	4371	81390	2663	4029	1679	96	4368	81396	1790	0	0
14164	96	4368	81396	2742	951	2159	96	4365	81402	1790	0	0
14165	96	4365	81402	2639	4180	829	96	4362	81408	1790	0	0
14166	96	4362	81408	1251	1341	3261	96	4359	81414	1790	0	0
14167	96	4359	81414	2274	191	917	96	4356	81420	1790	0	0
14168	96	4356	81420	819	1236	2899	96	4353	81426	1790	0	0
14169	96	4353	81426	218	2194	1068	96	4350	81432	1790	0	0
14170	96	4350	81432	3300	1765	3266	96	4347	81438	1790	0	0
14171	96	4347	81438	1093	4330	287	96	4344	81444	1790	0	0
14172	96	4344	81444	228	808	4013	96	4341	81450	1790	0	0
14173	96	4341	81450	914	2169	4289	96	4338	81456	1790	0	0
14174	96	4338	81456	378	119	3608	96	4335	81462	1790	0	0
14175	96	4335	81462	1307	2705	3695	96	4332	81468	1790	0	0
14176	96	4332	81468	1647	541	2479	96	4329	81474	1790	0	0
14177	96	4329	81474	3287	2674	3811	96	4326	81480	1790	0	0
14178	96	4326	81480	3738	3187	2376	96	4323	81486	1790	0	0
14179	96	4323	81486	2781	2611	1431	96	4320	81492	1790	0	0
14180	96	4320	81492	164	1411	2687	96	4317	81498	1790	0	0
14181	96	4317	81498	2147	31	3960	96	4315	81502	1791	0	0
14182	96	4315	81502	2070	1523	1121	96	4312	81508	1791	0	0
14183	96	4312	81508	4264	2294	2133	96	4309	81514	1791	0	0
14184	96	4309	81514	1000	1835	590	96	4306	81520	1791	0	0
14185	96	4306	81520	291	1153	1571	96	4303	81526	1791	0	0
14186	96	4303	81526	2358	32	1571	96	4301	81530	1792	0	0
14187	96	4301	81530	368	604	587	96	4298	81536	1792	0	0
14188	96	4298	81536	3591	689	3445	96	4295	81542	1792	0	0
14189	96	4295	81542	2836	574	4352	96	4292	81548	1792	0	0
14190	96	4292	81548	3925	987	3506	96	4289	81554	1792	0	0
14191	96	4289	81554	660	956	565	96	4286	81560	1792	0	0
14192	96	4286	81560	2950	4351	2474	96	4283	81566	1792	0	0
14193	96	4283	81566	365	1712	4222	96	4280	81572	1792	0	0
14194	96	4280	81572	83	1140	1536	96	4278	81576	1793	0	0
14195	96	4278	81576	660	401	3047	96	4275	81582	1793	0	0
14196	96	4275	81582	373	409	3495	96	4272	81588	1793	0	0
14197	96	4272	81588	2418	366	547	96	4269	81594	1793	0	0
14198	96	4269	81594	3802	913	367	96	4266	81600	1793	0	0
14199	96	4266	81600	2122	3578	3381	96	4263	81606	1793	0	0
14200	96	4263	81606	2351	3210	3950	96	4260	81612	1793	0	0
14201	96	4260	81612	774	3045	2520	96	4257	81618	1793	0	0
14202	96	4257	81618	2078	3559	2041	96	4254	81624	1793	0	0
14203	96	4254	81624	2140	4030	4168	96	4251	81630	1793	0	0
14204	96	4251	81630	2202	1388	626	96	4248	81636	1793	0	0
14205	96	4248	81636	3548	2661	3421	96	4245	81642	1793	0	0
14206	96	4245	81642	3162	3515	2881	96	4242	81648	1793	0	0
14207	96	4242	81648	612	3926	1832	96	4239	81654	1793	0	0
14208	96	4239	81654	3969	4008	2199	96	4236	81660	1793	0	0
14209	96	4236	81660	423	3157	2514	96	4233	81666	1793	0	0
14210	96	4233	81666	2275	1331	2467	96	4230	81672	1793	0	0
14211	96	4230	81672	3141	1948	2990	96	4227	81678	1793	0	0
14212	96	4227	81678	245	1679	3206	96	4224	81684	1793	0	0
14213	96	4224	81684	1479	4120	1215	96	4221	81690	1793	0	0
14214	96	4221	81690	1486	51	1958	96	4219	81694	1794	0	0
14215	96	4219	81694	3955	232	910	96	4216	81700	1794	0	0
14216	96	4216	81700	123	1380	2920	96	4213	81706	1794	0	0
14217	96	4213	81706	3439	474	1574	96	4210	81712	1794	0	0
14218	96	4210	81712	1283	454	574	96	4207	81718	1794	0	0
14219	96	4207	81718	4244	2524	3762	96	4204	81724	1794	0	0
14220	96	4204	81724	1322	763	2037	96	4201	81730	1794	0	0
14221	96	4201	81730	3216	1719	3460	96	4198	81736	1794	0	0
14222	96	4198	81736	1688	3498	3835	96	4195	81742	1794	0	0
14223	96	4195	81742	1321	3799	226	96	4192	81748	1794	0	0
14224	96	4192	81748	2369	2358	3629	96	4189	81754	1794	0	0
14225	96	4189	81754	1572	2073	3167	96	4186	81760	1794	0	0
14226	96	4186	81760	1882	35	2387	96	4184	81764	1795	0	0
14227	96	4184	81764	236	544	3683	96	4181	81770	1795	0	0
14228	96	4181	81770	2365	2885	3864	96	4178	81776	1795	0	0
14229	96	4178	81776	1126	2009	3358	96	4175	81782	1795	0	0
14230	96	4175	81782	2705	624	2515	96	4172	81788	1795	0	0
14231	96	4172	81788	2284	1324	2733	96	4169	81794	1795	0	0
14232	96	4169	81794	1930	356	857	96	4166	81800	1795	0	0
14233	96	4166	81800	4209	27	3382	96	4164	81804	1796	0	0
14234	96	4164	81804	3469	369	862	96	4161	81810	1796	0	0
14235	96	4161	81810	2246	294	3863	96	4158	81816	1796	0	0
14236	96	4158	81816	3548	4106	3098	96	4155	81822	1796	0	0
14237	96	4155	81822	901	3139	2440	96	4152	81828	1796	0	0
14238	96	4152	81828	1290	2911	3637	96	4149	81834	1796	0	0
14239	96	4149	81834	3268	391	145	96	4146	81840	1796	0	0
14240	96	4146	81840	2836	3039	4110	96	4143	81846	1796	0	0
14241	96	4143	81846	1298	4103	136	96	4140	81852	1796	0	0
14242	96	4140	81852	2889	1949	985	96	4137	81858	1796	0	0
14243	96	4137	81858	730	1878	1786	96	4134	81864	1796	0	0
14244	96	4134	81864	3587	942	3368	96	4131	81870	1796	0	0
14245	96	4131	81870	321	2289	1984	96	4128	81876	1796	0	0
14246	96	4128	81876	2112	2300	1989	96	4125	81882	1796	0	0
14247	96	4125	81882	1062	3984	643	96	4122	81888	1796	0	0
14248	96	4122	81888	575	1177	555	96	4119	81894	1796	0	0
14249	96	4119	81894	3890	2532	1221	96	4116	81900	1796	0	0
14250	96	4116	81900	3077	39	2535	96	4114	81904	1797	0	0
14251	96	4114	81904	3148	576	4054	96	4111	81910	1797	0	0
14252	96	4111	81910	1994	87	3489	96	4109	81914	1798	0	0
14253	96	4109	81914	4106	897	1631	96	4106	81920	1798	0	0
14254	96	4106	81920	2894	3007	2650	96	4103	81926	1798	0	0
14255	96	4103	81926	3390	3387	4085	96	4100	81932	1798	0	0
14256	96	4100	81932	3982	2933	1253	96	4097	81938	1798	0	0
14257	96	4097	81938	3192	3198	1237	96	4094	81944	1798	0	0
14258	96	4094	81944	4043	1412	1435	96	4091	81950	1798	0	0
14259	96	4091	81950	1260	3286	921	96	4088	81956	1798	0	0
14260	96	4088	81956	2867	2497	1882	96	4085	81962	1798	0	0
14261	96	4085	81962	3875	2176	3015	96	4082	81968	1798	0	0
14262	96	4082	81968	842	2390	3408	96	4079	81974	1798	0	0
14263	96	4079	81974	3853	794	821	96	4076	81980	1798	0	0
14264	96	4076	81980	360	3304	1215	96	4073	81986	1798	0	0
14265	96	4073	81986	1083	176	3845	96	4070	81992	1798	0	0
14266	96	4070	81992	4088	4129	2241	96	4067	81998	1798	0	0
14267	96	4067	81998	1167	3944	2603	96	4064	82004	1798	0	0
14268	96	4064	82004	2730	687	2119	96	4061	82010	1798	0	0
14269	96	4061	82010	935	4036	1391	96	4058	82016	1798	0	0
14270	96	4058	82016	1731	802	3771	96	4055	82022	1798	0	0
14271	96	4055	82022	2111	3818	1781	96	4052	82028	1798	0	0
14272	96	4052	82028	861	1386	2870	96	4049	82034	1798	0	0
14273	96	4049	82034	3075	1764	275	96	4046	82040	1798	0	0
14274	96	4046	82040	392	2425	3595	96	4043	82046	1798	0	0
14275	96	4043	82046	1687	2062	259	96	4040	82052	1798	0	0
14276	96	4040	82052	1570	1499	1364	96	4037	82058	1798	0	0
14277	96	4037	82058	242	363	3746	96	4034	82064	1798	0	0
14278	96	4034	82064	3241	3677	334	96	4031	82070	1798	0	0
14279	96	4031	82070	4122	830	2364	96	4028	82076	1798	0	0
14280	96	4028	82076	983	2725	382	96	4025	82082	1798	0	0
14281	96	4025	82082	1581	3932	1990	96	4022	82088	1798	0	0
14282	96	4022	82088	3598	115	3957	96	4019	82094	1798	0	0
14283	96	4019	82094	833	234	1098	96	4016	82100	1798	0	0
14284	96	4016	82100	1180	2548	4027	96	4013	82106	1798	0	0
14285	96	4013	82106	456	1431	3169	96	4010	82112	1798	0	0
14286	96	4010	82112	3611	2377	2623	96	4007	82118	1798	0	0
14287	96	4007	82118	3365	2976	2311	96	4004	82124	1798	0	0
14288	96	4004	82124	2817	3975	2930	96	4001	82130	1798	0	0
14289	96	4001	82130	75	2612	1995	96	3999	82134	1799	0	0
14290	96	3999	82134	4021	1092	492	96	3996	82140	1799	0	0
14291	96	3996	82140	292	1079	2198	96	3993	82146	1799	0	0
14292	96	3993	82146	2026	219	510	96	3990	82152	1799	0	0
14293	96	3990	82152	1433	3937	3620	96	3987	82158	1799	0	0
14294	96	3987	82158	513	1236	1968	96	3984	82164	1799	0	0
14295	96	3984	82164	4075	3169	3604	96	3981	82170	1799	0	0
14296	96	3981	82170	304	1698	3237	96	3978	82176	1799	0	0
14297	96	3978	82176	471	648	938	96	3975	82182	1799	0	0
14298	96	3975	82182	1523	1870	933	96	3972	82188	1799	0	0
14299	96	3972	82188	1922	2787	509	96	3969	82194	1799	0	0
14300	96	3969	82194	3970	3180	2057	96	3966	82200	1799	0	0
14301	96	3966	82200	657	72	1908	96	3964	82204	1800	0	0
14302	96	3964	82204	811	2533	944	96	3961	82210	1800	0	0
14303	96	3961	82210	1579	2506	36	96	3959	82214	1801	0	0
14304	96	3959	82214	3506	337	366	96	3956	82220	1801	0	0
14305	96	3956	82220	580	53	3506	96	3954	82224	1802	0	0
14306	96	3954	82224	2910	3071	2633	96	3951	82230	1802	0	0
14307	96	3951	82230	2969	537	981	96	3948	82236	1802	0	0
14308	96	3948	82236	2069	3361	2534	96	3945	82242	1802	0	0
14309	96	3945	82242	3566	1710	3773	96	3942	82248	1802	0	0
14310	96	3942	82248	509	306	3068	96	3939	82254	1802	0	0
14311	96	3939	82254	971	3819	2624	96	3936	82260	1802	0	0
14312	96	3936	82260	198	3290	228	96	3933	82266	1802	0	0
14313	96	3933	82266	1753	306	1144	96	3930	82272	1802	0	0
14314	96	3930	82272	2465	592	1428	96	3927	82278	1802	0	0
14315	96	3927	82278	3169	1597	3726	96	3924	82284	1802	0	0
14316	96	3924	82284	350	212	1643	96	3921	82290	1802	0	0
14317	96	3921	82290	3907	602	3899	96	3918	82296	1802	0	0
14318	96	3918	82296	2359	2086	2362	96	3915	82302	1802	0	0
14319	96	3915	82302	2157	3614	572	96	3912	82308	1802	0	0
14320	96	3912	82308	1182	121	2450	96	3909	82314	1802	0	0
14321	96	3909	82314	977	1867	3473	96	3906	82320	1802	0	0
14322	96	3906	82320	3397	2907	217	96	3903	82326	1802	0	0
14323	96	3903	82326	3550	3601	102	96	3900	82332	1802	0	0
14324	96	3900	82332	3139	1433	3630	96	3897	82338	1802	0	0
14325	96	3897	82338	3483	322	2213	96	3894	82344	1802	0	0
14326	96	3894	82344	1328	843	3862	96	3891	82350	1802	0	0
14327	96	3891	82350	351	1781	733	96	3888	82356	1802	0	0
14328	96	3888	82356	2675	3314	135	96	3885	82362	1802	0	0
14329	96	3885	82362	540	1969	2161	96	3882	82368	1802	0	0
14330	96	3882	82368	131	1729	3390	96	3879	82374	1802	0	0
14331	96	3879	82374	2634	3907	2689	96	3876	82380	1802	0	0
14332	96	3876	82380	2444	3084	1734	96	3873	82386	1802	0	0
14333	96	3873	82386	1005	984	1958	96	3870	82392	1802	0	0
14334	96	3870	82392	2894	2023	1451	96	3867	82398	1802	0	0
14335	96	3867	82398	2172	3223	210	96	3864	82404	1802	0	0
14336	96	3864	82404	125	566	1106	96	3861	82410	1802	0	0
14337	96	3861	82410	2456	633	390	96	3858	82416	1802	0	0
14338	96	3858	82416	3698	2312	3412	96	3855	82422	1802	0	0
14339	96	3855	82422	3742	244	1681	96	3852	82428	1802	0	0
14340	96	3852	82428	2018	526	1782	96	3849	82434	1802	0	0
14341	96	3849	82434	3884	670	328	96	3846	82440	1802	0	0
14342	96	3846	82440	963	1390	2226	96	3843	82446	1802	0	0
14343	96	3843	82446	3515	436	114	96	3840	82452	1802	0	0
14344	96	3840	82452	1066	1482	1925	96	3837	82458	1802	0	0
14345	96	3837	82458	449	700	2372	96	3834	82464	1802	0	0
14346	96	3834	82464	2196	3668	1174	96	3831	82470	1802	0	0
14347	96	3831	82470	2818	2604	1561	96	3828	82476	1802	0	0
14348	96	3828	82476	2561	873	1981	96	3825	82482	1802	0	0
14349	96	3825	82482	17	2194	712	96	3823	82486	1803	0	0
14350	96	3823	82486	1588	1204	2183	96	3820	82492	1803	0	0
14351	96	3820	82492	2785	726	760	96	3817	82498	1803	0	0
14352	96	3817	82498	1935	3565	2589	96	3814	82504	1803	0	0
14353	96	3814	82504	2216	1246	578	96	3811	82510	1803	0	0
14354	96	3811	82510	1264	2810	2130	96	3808	82516	1803	0	0
14355	96	3808	82516	21	3061	1871	96	3806	82520	1804	0	0
14356	96	3806	82520	1750	193	513	96	3803	82526	1804	0	0
14357	96	3803	82526	632	3281	3065	96	3800	82532	1804	0	0
14358	96	3800	82532	3053	1559	1246	96	3797	82538	1804	0	0
14359	96	3797	82538	2760	2411	3301	96	3794	82544	1804	0	0
14360	96	3794	82544	526	1803	3745	96	3791	82550	1804	0	0
14361	96	3791	82550	197	3649	1707	96	3788	82556	1804	0	0
14362	96	3788	82556	2151	1252	2400	96	3785	82562	1804	0	0
14363	96	3785	82562	1562	117	3844	96	3782	82568	1804	0	0
14364	96	3782	82568	3814	3299	244	96	3779	82574	1804	0	0
14365	96	3779	82574	1808	3157	1796	96	3776	82580	1804	0	0
14366	96	3776	82580	1794	1806	3335	96	3773	82586	1804	0	0
14367	96	3773	82586	1605	1711	3607	96	3770	82592	1804	0	0
14368	96	3770	82592	2872	1753	3472	96	3767	82598	1804	0	0
14369	96	3767	82598	2492	772	899	96	3764	82604	1804	0	0
14370	96	3764	82604	2729	1620	3172	96	3761	82610	1804	0	0
14371	96	3761	82610	2906	239	2066	96	3758	82616	1804	0	0
14372	96	3758	82616	3627	346	3080	96	3755	82622	1804	0	0
14373	96	3755	82622	299	2087	1588	96	3752	82628	1804	0	0
14374	96	3752	82628	370	3517	3074	96	3749	82634	1804	0	0
14375	96	3749	82634	2297	2902	2647	96	3746	82640	1804	0	0
14376	96	3746	82640	2536	2897	3828	96	3743	82646	1804	0	0
14377	96	3743	82646	2830	1982	3295	96	3740	82652	1804	0	0
14378	96	3740	82652	1911	679	859	96	3737	82658	1804	0	0
14379	96	3737	82658	1794	3357	1047	96	3734	82664	1804	0	0
14380	96	3734	82664	2603	1334	1320	96	3731	82670	1804	0	0
14381	96	3731	82670	2061	444	1347	96	3728	82676	1804	0	0
14382	96	3728	82676	2080	142	1403	96	3725	82682	1804	0	0
14383	96	3725	82682	1471	1681	1040	96	3722	82688	1804	0	0
14384	96	3722	82688	364	2553	1920	96	3719	82694	1804	0	0
14385	96	3719	82694	973	3794	2964	96	3716	82700	1804	0	0
14386	96	3716	82700	817	3302	1732	96	3713	82706	1804	0	0
14387	96	3713	82706	1257	2648	3372	96	3710	82712	1804	0	0
14388	96	3710	82712	3301	606	681	96	3707	82718	1804	0	0
14389	96	3707	82718	2084	2332	1850	96	3704	82724	1804	0	0
14390	96	3704	82724	2297	3189	3338	96	3701	82730	1804	0	0
14391	96	3701	82730	1635	864	2689	96	3698	82736	1804	0	0
14392	96	3698	82736	2359	1089	2554	96	3695	82742	1804	0	0
14393	96	3695	82742	601	948	1028	96	3692	82748	1804	0	0
14394	96	3692	82748	2538	3030	3055	96	3689	82754	1804	0	0
14395	96	3689	82754	2262	237	3674	96	3686	82760	1804	0	0
14396	96	3686	82760	1247	655	1736	96	3683	82766	1804	0	0
14397	96	3683	82766	3302	717	631	96	3680	82772	1804	0	0
14398	96	3680	82772	2866	2481	2323	96	3677	82778	1804	0	0
14399	96	3677	82778	2387	2022	3737	96	3674	82784	1804	0	0
14400	96	3674	82784	91	2725	800	96	3672	82788	1805	0	0
14401	96	3672	82788	2961	470	3056	96	3669	82794	1805	0	0
14402	96	3669	82794	2495	2713	2128	96	3666	82800	1805	0	0
14403	96	3666	82800	958	2919	1800	96	3663	82806	1805	0	0
14404	96	3663	82806	936	3618	1433	96	3660	82812	1805	0	0
14405	96	3660	82812	2310	3086	660	96	3657	82818	1805	0	0
14406	96	3657	82818	896	2022	3614	96	3654	82824	1805	0	0
14407	96	3654	82824	1979	1017	3114	96	3651	82830	1805	0	0
14408	96	3651	82830	1931	1914	697	96	3648	82836	1805	0	0
14409	96	3648	82836	2795	2944	1817	96	3645	82842	1805	0	0
14410	96	3645	82842	2349	2242	2842	96	3642	82848	1805	0	0
14411	96	3642	82848	645	3272	157	96	3639	82854	1805	0	0
14412	96	3639	82854	1146	944	985	96	3636	82860	1805	0	0
14413	96	3636	82860	1048	365	843	96	3633	82866	1805	0	0
14414	96	3633	82866	2188	892	559	96	3630	82872	1805	0	0
14415	96	3630	82872	877	1537	1792	96	3627	82878	1805	0	0
14416	96	3627	82878	1151	252	1143	96	3624	82884	1805	0	0
14417	96	3624	82884	3381	1632	1592	96	3621	82890	1805	0	0
14418	96	3621	82890	1649	1767	3001	96	3618	82896	1805	0	0
14419	96	3618	82896	2157	2271	2047	96	3615	82902	1805	0	0
14420	96	3615	82902	1612	2983	1896	96	3612	82908	1805	0	0
14421	96	3612	82908	3620	453	2770	96	3609	82914	1805	0	0
14422	96	3609	82914	3418	2173	1492	96	3606	82920	1805	0	0
14423	96	3606	82920	2554	2215	3653	96	3603	82926	1805	0	0
14424	96	3603	82926	217	1537	2002	96	3600	82932	1805	0	0
14425	96	3600	82932	591	2224	560	96	3597	82938	1805	0	0
14426	96	3597	82938	1504	2540	2083	96	3594	82944	1805	0	0
14427	96	3594	82944	3541	992	851	96	3591	82950	1805	0	0
14428	96	3591	82950	2144	1855	739	96	3588	82956	1805	0	0
14429	96	3588	82956	1464	2569	2863	96	3585	82962	1805	0	0
14430	96	3585	82962	2764	3163	2532	96	3582	82968	1805	0	0
14431	96	3582	82968	1698	3564	543	96	3579	82974	1805	0	0
14432	96	3579	82974	624	3334	2967	96	3576	82980	1805	0	0
14433	96	3576	82980	1460	1349	1017	96	3573	82986	1805	0	0
14434	96	3573	82986	3479	2637	1942	96	3570	82992	1805	0	0
14435	96	3570	82992	1061	690	3454	96	3567	82998	1805	0	0
14436	96	3567	82998	1482	1246	1716	96	3564	83004	1805	0	0
14437	96	3564	83004	70	2336	1536	96	3562	83008	1806	0	0
14438	96	3562	83008	1850	612	2205	96	3559	83014	1806	0	0
14439	96	3559	83014	2882	1621	2450	96	3556	83020	1806	0	0
14440	96	3556	83020	1569	840	1922	96	3553	83026	1806	0	0
14441	96	3553	83026	2407	2167	971	96	3550	83032	1806	0	0
14442	96	3550	83032	1747	1092	3464	96	3547	83038	1806	0	0
14443	96	3547	83038	1610	2294	2490	96	3544	83044	1806	0	0
14444	96	3544	83044	406	1558	2756	96	3541	83050	1806	0	0
14445	96	3541	83050	2981	2718	655	96	3538	83056	1806	0	0
14446	96	3538	83056	3628	1789	873	96	3535	83062	1806	0	0
14447	96	3535	83062	2626	1907	1585	96	3532	83068	1806	0	0
14448	96	3532	83068	242	3393	1600	96	3529	83074	1806	0	0
14449	96	3529	83074	985	2144	1472	96	3526	83080	1806	0	0
14450	96	3526	83080	1810	1797	1766	96	3523	83086	1806	0	0
14451	96	3523	83086	2939	2642	829	96	3520	83092	1806	0	0
14452	96	3520	83092	734	3083	1104	96	3517	83098	1806	0	0
14453	96	3517	83098	2384	216	2791	96	3514	83104	1806	0	0
14454	96	3514	83104	2409	165	230	96	3511	83110	1806	0	0
14455	96	3511	83110	647	2326	667	96	3508	83116	1806	0	0
14456	96	3508	83116	945	2017	2787	96	3505	83122	1806	0	0
14457	96	3505	83122	678	1107	1642	96	3502	83128	1806	0	0
14458	96	3502	83128	721	2716	3394	96	3499	83134	1806	0	0
14459	96	3499	83134	2518	782	410	96	3496	83140	1806	0	0
14460	96	3496	83140	564	3190	679	96	3493	83146	1806	0	0
14461	96	3493	83146	780	2901	2074	96	3490	83152	1806	0	0
14462	96	3490	83152	1687	1594	2107	96	3487	83158	1806	0	0
14463	96	3487	83158	2196	1875	710	96	3484	83164	1806	0	0
14464	96	3484	83164	2665	1958	918	96	3481	83170	1806	0	0
14465	96	3481	83170	2388	1462	2620	96	3478	83176	1806	0	0
14466	96	3478	83176	523	2600	2667	96	3475	83182	1806	0	0
14467	96	3475	83182	2085	1642	1491	96	3472	83188	1806	0	0
14468	96	3472	83188	1272	2767	2011	96	3469	83194	1806	0	0
14469	96	3469	83194	348	3052	2602	96	3466	83200	1806	0	0
14470	96	3466	83200	367	2700	2473	96	3463	83206	1806	0	0
14471	96	3463	83206	2116	3024	2374	96	3460	83212	1806	0	0
14472	96	3460	83212	358	3546	1782	96	3457	83218	1806	0	0
14473	96	3457	83218	3375	1990	2144	96	3454	83224	1806	0	0
14474	96	3454	83224	2227	1523	3366	96	3451	83230	1806	0	0
14475	96	3451	83230	922	3009	472	96	3448	83236	1806	0	0
14476	96	3448	83236	2156	1030	185	96	3445	83242	1806	0	0
14477	96	3445	83242	836	67	1728	96	3443	83246	1807	0	0
14478	96	3443	83246	2058	2896	159	96	3440	83252	1807	0	0
14479	96	3440	83252	121	3442	3143	96	3437	83258	1807	0	0
14480	96	3437	83258	771	2050	1322	96	3434	83264	1807	0	0
14481	96	3434	83264	1061	56	2487	96	3432	83268	1808	0	0
14482	96	3432	83268	1982	2949	313	96	3429	83274	1808	0	0
14483	96	3429	83274	2910	939	1829	96	3426	83280	1808	0	0
14484	96	3426	83280	314	1605	2314	96	3423	83286	1808	0	0
14485	96	3423	83286	311	1936	2749	96	3420	83292	1808	0	0
14486	96	3420	83292	2028	1462	2806	96	3417	83298	1808	0	0
14487	96	3417	83298	3361	1332	2002	96	3414	83304	1808	0	0
14488	96	3414	83304	2393	2965	736	96	3411	83310	1808	0	0
14489	96	3411	83310	1363	3478	2436	96	3408	83316	1808	0	0
14490	96	3408	83316	662	1899	1500	96	3405	83322	1808	0	0
14491	96	3405	83322	2291	866	1195	96	3402	83328	1808	0	0
14492	96	3402	83328	1512	495	1165	96	3399	83334	1808	0	0
14493	96	3399	83334	3303	3206	873	96	3396	83340	1808	0	0
14494	96	3396	83340	2427	141	2288	96	3393	83346	1808	0	0
14495	96	3393	83346	1925	1163	1588	96	3390	83352	1808	0	0
14496	96	3390	83352	1416	3308	937	96	3387	83358	1808	0	0
14497	96	3387	83358	2317	2826	2452	96	3384	83364	1808	0	0
14498	96	3384	83364	2178	276	1154	96	3381	83370	1808	0	0
14499	96	3381	83370	3019	2841	742	96	3378	83376	1808	0	0
14500	96	3378	83376	244	1087	2948	96	3375	83382	1808	0	0
14501	96	3375	83382	1299	3317	2074	96	3372	83388	1808	0	0
14502	96	3372	83388	1032	3221	1904	96	3369	83394	1808	0	0
14503	96	3369	83394	318	1971	3024	96	3366	83400	1808	0	0
14504	96	3366	83400	37	870	845	96	3364	83404	1809	0	0
14505	96	3364	83404	1691	304	3130	96	3361	83410	1809	0	0
14506	96	3361	83410	1469	293	707	96	3358	83416	1809	0	0
14507	96	3358	83416	2007	2709	115	96	3355	83422	1809	0	0
14508	96	3355	83422	1494	2447	703	96	3352	83428	1809	0	0
14509	96	3352	83428	2361	2314	2898	96	3349	83434	1809	0	0
14510	96	3349	83434	3102	3173	1977	96	3346	83440	1809	0	0
14511	96	3346	83440	1987	2154	1433	96	3343	83446	1809	0	0
14512	96	3343	83446	3147	2199	1667	96	3340	83452	1809	0	0
14513	96	3340	83452	2757	879	1462	96	3337	83458	1809	0	0
14514	96	3337	83458	2312	1222	2038	96	3334	83464	1809	0	0
14515	96	3334	83464	2158	64	151	96	3332	83468	1810	0	0
14516	96	3332	83468	2555	2433	2531	96	3329	83474	1810	0	0
14517	96	3329	83474	475	3016	2554	96	3326	83480	1810	0	0
14518	96	3326	83480	2131	3032	2873	96	3323	83486	1810	0	0
14519	96	3323	83486	2712	1639	2496	96	3320	83492	1810	0	0
14520	96	3320	83492	2696	3111	436	96	3317	83498	1810	0	0
14521	96	3317	83498	2168	2561	1852	96	3314	83504	1810	0	0
14522	96	3314	83504	2562	1209	2339	96	3311	83510	1810	0	0
14523	96	3311	83510	3353	927	2670	96	3308	83516	1810	0	0
14524	96	3308	83516	3173	618	2363	96	3305	83522	1810	0	0
14525	96	3305	83522	2225	1783	379	96	3302	83528	1810	0	0
14526	96	3302	83528	663	2762	2678	96	3299	83534	1810	0	0
14527	96	3299	83534	589	1285	201	96	3296	83540	1810	0	0
14528	96	3296	83540	3298	2805	2529	96	3293	83546	1810	0	0
14529	96	3293	83546	2715	1045	332	96	3290	83552	1810	0	0
14530	96	3290	83552	3365	1414	1556	96	3287	83558	1810	0	0
14531	96	3287	83558	1924	2643	118	96	3284	83564	1810	0	0
14532	96	3284	83564	3165	1647	480	96	3281	83570	1810	0	0
14533	96	3281	83570	3255	1118	412	96	3278	83576	1810	0	0
14534	96	3278	83576	2023	1384	2332	96	3275	83582	1810	0	0
14535	96	3275	83582	1707	587	1058	96	3272	83588	1810	0	0
14536	96	3272	83588	2775	2577	2452	96	3269	83594	1810	0	0
14537	96	3269	83594	2295	1599	2856	96	3266	83600	1810	0	0
14538	96	3266	83600	1216	3316	997	96	3263	83606	1810	0	0
14539	96	3263	83606	2044	884	750	96	3260	83612	1810	0	0
14540	96	3260	83612	2844	1842	2649	96	3257	83618	1810	0	0
14541	96	3257	83618	1628	2552	815	96	3254	83624	1810	0	0
14542	96	3254	83624	2929	607	1516	96	3251	83630	1810	0	0
14543	96	3251	83630	2038	946	779	96	3248	83636	1810	0	0
14544	96	3248	83636	1091	2682	1522	96	3245	83642	1810	0	0
14545	96	3245	83642	1273	2806	998	96	3242	83648	1810	0	0
14546	96	3242	83648	1036	1906	1516	96	3239	83654	1810	0	0
14547	96	3239	83654	235	2261	2780	96	3236	83660	1810	0	0
14548	96	3236	83660	110	1375	2611	96	3233	83666	1810	0	0
14549	96	3233	83666	107	3018	1255	96	3230	83672	1810	0	0
14550	96	3230	83672	424	2154	37	96	3228	83676	1811	0	0
14551	96	3228	83676	245	1191	2859	96	3225	83682	1811	0	0
14552	96	3225	83682	862	2325	767	96	3222	83688	1811	0	0
14553	96	3222	83688	1490	706	2460	96	3219	83694	1811	0	0
14554	96	3219	83694	1989	1983	2824	96	3216	83700	1811	0	0
14555	96	3216	83700	1720	1940	640	96	3213	83706	1811	0	0
14556	96	3213	83706	1006	934	404	96	3210	83712	1811	0	0
14557	96	3210	83712	1747	943	2223	96	3207	83718	1811	0	0
14558	96	3207	83718	510	454	525	96	3204	83724	1811	0	0
14559	96	3204	83724	356	923	2972	96	3201	83730	1811	0	0
14560	96	3201	83730	1350	1017	1961	96	3198	83736	1811	0	0
14561	96	3198	83736	1280	1506	3132	96	3195	83742	1811	0	0
14562	96	3195	83742	1306	1427	545	96	3192	83748	1811	0	0
14563	96	3192	83748	1458	464	1078	96	3189	83754	1811	0	0
14564	96	3189	83754	2638	3223	565	96	3186	83760	1811	0	0
14565	96	3186	83760	2597	1521	2745	96	3183	83766	1811	0	0
14566	96	3183	83766	2573	2730	2315	96	3180	83772	1811	0	0
14567	96	3180	83772	2070	1266	1651	96	3177	83778	1811	0	0
14568	96	3177	83778	273	2394	2737	96	3174	83784	1811	0	0
14569	96	3174	83784	1564	2089	2252	96	3171	83790	1811	0	0
14570	96	3171	83790	1158	3247	2640	96	3168	83796	1811	0	0
14571	96	3168	83796	318	439	2048	96	3165	83802	1811	0	0
14572	96	3165	83802	224	1980	695	96	3162	83808	1811	0	0
14573	96	3162	83808	1993	3147	1917	96	3159	83814	1811	0	0
14574	96	3159	83814	155	1747	18	96	3157	83818	1812	0	0
14575	96	3157	83818	3045	282	2571	96	3154	83824	1812	0	0
14576	96	3154	83824	2967	1205	2849	96	3151	83830	1812	0	0
14577	96	3151	83830	709	291	1717	96	3148	83836	1812	0	0
14578	96	3148	83836	1937	876	1990	96	3145	83842	1812	0	0
14579	96	3145	83842	2115	2897	2601	96	3142	83848	1812	0	0
14580	96	3142	83848	2627	733	1595	96	3139	83854	1812	0	0
14581	96	3139	83854	22	2515	999	96	3137	83858	1813	0	0
14582	96	3137	83858	1669	2998	1108	96	3134	83864	1813	0	0
14583	96	3134	83864	870	2180	47	96	3132	83868	1814	0	0
14584	96	3132	83868	1542	1951	1599	96	3129	83874	1814	0	0
14585	96	3129	83874	196	2594	1648	96	3126	83880	1814	0	0
14586	96	3126	83880	1045	1629	1840	96	3123	83886	1814	0	0
14587	96	3123	83886	2262	3036	980	96	3120	83892	1814	0	0
14588	96	3120	83892	1813	2796	825	96	3117	83898	1814	0	0
14589	96	3117	83898	1451	3067	696	96	3114	83904	1814	0	0
14590	96	3114	83904	252	2691	1122	96	3111	83910	1814	0	0
14591	96	3111	83910	1724	774	2762	96	3108	83916	1814	0	0
14592	96	3108	83916	819	639	2215	96	3105	83922	1814	0	0
14593	96	3105	83922	1978	1403	708	96	3102	83928	1814	0	0
14594	96	3102	83928	2682	1136	2462	96	3099	83934	1814	0	0
14595	96	3099	83934	3059	2552	1795	96	3096	83940	1814	0	0
14596	96	3096	83940	373	1772	2557	96	3093	83946	1814	0	0
14597	96	3093	83946	1985	1279	3075	96	3090	83952	1814	0	0
14598	96	3090	83952	1981	670	1592	96	3087	83958	1814	0	0
14599	96	3087	83958	3021	624	1257	96	3084	83964	1814	0	0
14600	96	3084	83964	383	2467	668	96	3081	83970	1814	0	0
14601	96	3081	83970	3001	811	2127	96	3078	83976	1814	0	0
14602	96	3078	83976	1847	2681	2213	96	3075	83982	1814	0	0
14603	96	3075	83982	1899	1033	2627	96	3072	83988	1814	0	0
14604	96	3072	83988	972	2319	2841	96	3069	83994	1814	0	0
14605	96	3069	83994	3149	1874	3023	96	3066	84000	1814	0	0
14606	96	3066	84000	2070	2969	1897	96	3063	84006	1814	0	0
14607	96	3063	84006	653	576	2874	96	3060	84012	1814	0	0
14608	96	3060	84012	1622	1556	2852	96	3057	84018	1814	0	0
14609	96	3057	84018	2855	17	2174	96	3055	84022	1815	0	0
14610	96	3055	84022	2822	2176	39	96	3053	84026	1816	0	0
14611	96	3053	84026	1144	2316	710	96	3050	84032	1816	0	0
14612	96	3050	84032	1061	515	173	96	3047	84038	1816	0	0
14613	96	3047	84038	2337	1272	2090	96	3044	84044	1816	0	0
14614	96	3044	84044	94	310	911	96	3042	84048	1817	0	0
14615	96	3042	84048	2349	2138	373	96	3039	84054	1817	0	0
14616	96	3039	84054	2492	366	1349	96	3036	84060	1817	0	0
14617	96	3036	84060	1403	1930	2685	96	3033	84066	1817	0	0
14618	96	3033	84066	2475	2782	2425	96	3030	84072	1817	0	0
14619	96	3030	84072	38	1734	1703	96	3028	84076	1818	0	0
14620	96	3028	84076	1487	2442	2587	96	3025	84082	1818	0	0
14621	96	3025	84082	1820	69	211	96	3023	84086	1819	0	0
14622	96	3023	84086	458	1867	1945	96	3020	84092	1819	0	0
14623	96	3020	84092	2674	3026	1671	96	3017	84098	1819	0	0
14624	96	3017	84098	1847	1366	2164	96	3014	84104	1819	0	0
14625	96	3014	84104	614	52	1892	96	3012	84108	1820	0	0
14626	96	3012	84108	2580	2192	734	96	3009	84114	1820	0	0
14627	96	3009	84114	1341	101	1614	96	3006	84120	1820	0	0
14628	96	3006	84120	2172	413	2228	96	3003	84126	1820	0	0
14629	96	3003	84126	1737	291	1104	96	3000	84132	1820	0	0
14630	96	3000	84132	2469	507	545	96	2997	84138	1820	0	0
14631	96	2997	84138	2626	550	1927	96	2994	84144	1820	0	0
14632	96	2994	84144	1506	2528	219	96	2991	84150	1820	0	0
14633	96	2991	84150	1081	3082	1686	96	2988	84156	1820	0	0
14634	96	2988	84156	2248	445	2162	96	2985	84162	1820	0	0
14635	96	2985	84162	1565	2918	2145	96	2982	84168	1820	0	0
14636	96	2982	84168	1061	283	1104	96	2979	84174	1820	0	0
14637	96	2979	84174	2811	1778	222	96	2976	84180	1820	0	0
14638	96	2976	84180	2888	1719	574	96	2973	84186	1820	0	0
14639	96	2973	84186	388	695	2740	96	2970	84192	1820	0	0
14640	96	2970	84192	234	1842	2251	96	2967	84198	1820	0	0
14641	96	2967	84198	898	1716	2431	96	2964	84204	1820	0	0
14642	96	2964	84204	2024	1854	1256	96	2961	84210	1820	0	0
14643	96	2961	84210	1128	2857	753	96	2958	84216	1820	0	0
14644	96	2958	84216	2986	2431	354	96	2955	84222	1820	0	0
14645	96	2955	84222	378	1865	509	96	2952	84228	1820	0	0
14646	96	2952	84228	1813	818	1854	96	2949	84234	1820	0	0
14647	96	2949	84234	899	1032	660	96	2946	84240	1820	0	0
14648	96	2946	84240	577	1406	528	96	2943	84246	1820	0	0
14649	96	2943	84246	191	24	2106	96	2941	84250	1821	0	0
14650	96	2941	84250	1479	1435	167	96	2938	84256	1821	0	0
14651	96	2938	84256	2062	2036	992	96	2935	84262	1821	0	0
14652	96	2935	84262	58	934	2623	96	2933	84266	1822	0	0
14653	96	2933	84266	685	1019	1072	96	2930	84272	1822	0	0
14654	96	2930	84272	1793	2665	2930	96	2927	84278	1822	0	0
14655	96	2927	84278	2051	1551	3003	96	2924	84284	1822	0	0
14656	96	2924	84284	941	1584	1945	96	2921	84290	1822	0	0
14657	96	2921	84290	2727	2714	1821	96	2918	84296	1822	0	0
14658	96	2918	84296	2353	1243	2866	96	2915	84302	1822	0	0
14659	96	2915	84302	1825	1702	1473	96	2912	84308	1822	0	0
14660	96	2912	84308	2580	2603	2371	96	2909	84314	1822	0	0
14661	96	2909	84314	2210	2515	1473	96	2906	84320	1822	0	0
14662	96	2906	84320	997	2822	1614	96	2903	84326	1822	0	0
14663	96	2903	84326	219	793	984	96	2900	84332	1822	0	0
14664	96	2900	84332	1630	1411	445	96	2897	84338	1822	0	0
14665	96	2897	84338	61	2243	540	96	2895	84342	1823	0	0
14666	96	2895	84342	369	381	2609	96	2892	84348	1823	0	0
14667	96	2892	84348	1958	559	1396	96	2889	84354	1823	0	0
14668	96	2889	84354	2061	2451	2122	96	2886	84360	1823	0	0
14669	96	2886	84360	1323	675	488	96	2883	84366	1823	0	0
14670	96	2883	84366	1978	2889	140	96	2880	84372	1823	0	0
14671	96	2880	84372	1616	445	213	96	2877	84378	1823	0	0
14672	96	2877	84378	357	118	2341	96	2874	84384	1823	0	0
14673	96	2874	84384	2964	1494	2873	96	2871	84390	1823	0	0
14674	96	2871	84390	278	2677	2565	96	2868	84396	1823	0	0
14675	96	2868	84396	787	788	2690	96	2865	84402	1823	0	0
14676	96	2865	84402	2841	775	722	96	2862	84408	1823	0	0
14677	96	2862	84408	60	2880	927	96	2860	84412	1824	0	0
14678	96	2860	84412	2945	285	1186	96	2857	84418	1824	0	0
14679	96	2857	84418	2303	2708	1542	96	2854	84424	1824	0	0
14680	96	2854	84424	1820	2564	2243	96	2851	84430	1824	0	0
14681	96	2851	84430	2685	2838	2655	96	2848	84436	1824	0	0
14682	96	2848	84436	2835	2426	969	96	2845	84442	1824	0	0
14683	96	2845	84442	1774	1513	749	96	2842	84448	1824	0	0
14684	96	2842	84448	2552	590	1456	96	2839	84454	1824	0	0
14685	96	2839	84454	1651	1704	586	96	2836	84460	1824	0	0
14686	96	2836	84460	566	829	382	96	2833	84466	1824	0	0
14687	96	2833	84466	369	2757	530	96	2830	84472	1824	0	0
14688	96	2830	84472	793	410	2332	96	2827	84478	1824	0	0
14689	96	2827	84478	2001	782	2715	96	2824	84484	1824	0	0
14690	96	2824	84484	2271	1496	2765	96	2821	84490	1824	0	0
14691	96	2821	84490	1182	1734	1531	96	2818	84496	1824	0	0
14692	96	2818	84496	309	269	705	96	2815	84502	1824	0	0
14693	96	2815	84502	227	1887	686	96	2812	84508	1824	0	0
14694	96	2812	84508	2110	284	1227	96	2809	84514	1824	0	0
14695	96	2809	84514	859	2536	1307	96	2806	84520	1824	0	0
14696	96	2806	84520	644	747	2711	96	2803	84526	1824	0	0
14697	96	2803	84526	63	1196	1849	96	2801	84530	1825	0	0
14698	96	2801	84530	1774	939	583	96	2798	84536	1825	0	0
14699	96	2798	84536	897	2626	176	96	2795	84542	1825	0	0
14700	96	2795	84542	1292	918	1217	96	2792	84548	1825	0	0
14701	96	2792	84548	1128	903	231	96	2789	84554	1825	0	0
14702	96	2789	84554	1124	1470	2388	96	2786	84560	1825	0	0
14703	96	2786	84560	2204	2512	1546	96	2783	84566	1825	0	0
14704	96	2783	84566	1466	193	1442	96	2780	84572	1825	0	0
14705	96	2780	84572	2660	2345	722	96	2777	84578	1825	0	0
14706	96	2777	84578	1523	240	2367	96	2774	84584	1825	0	0
14707	96	2774	84584	13	372	2004	96	2772	84588	1826	0	0
14708	96	2772	84588	2385	2579	2206	96	2769	84594	1826	0	0
14709	96	2769	84594	1576	2715	771	96	2766	84600	1826	0	0
14710	96	2766	84600	599	1257	1082	96	2763	84606	1826	0	0
14711	96	2763	84606	287	279	116	96	2760	84612	1826	0	0
14712	96	2760	84612	2199	1394	90	96	2758	84616	1827	0	0
14713	96	2758	84616	591	2802	2250	96	2755	84622	1827	0	0
14714	96	2755	84622	982	1486	1392	96	2752	84628	1827	0	0
14715	96	2752	84628	390	2649	2409	96	2749	84634	1827	0	0
14716	96	2749	84634	2002	843	2354	96	2746	84640	1827	0	0
14717	96	2746	84640	821	1111	4	96	2744	84644	1828	0	0
14718	96	2744	84644	1099	2424	1444	96	2741	84650	1828	0	0
14719	96	2741	84650	1833	1304	1749	96	2738	84656	1828	0	0
14720	96	2738	84656	2795	2594	734	96	2735	84662	1828	0	0
14721	96	2735	84662	1069	2422	1180	96	2732	84668	1828	0	0
14722	96	2732	84668	245	1650	2324	96	2729	84674	1828	0	0
14723	96	2729	84674	2569	1791	1607	96	2726	84680	1828	0	0
14724	96	2726	84680	2769	667	2137	96	2723	84686	1828	0	0
14725	96	2723	84686	664	1800	1988	96	2720	84692	1828	0	0
14726	96	2720	84692	2538	337	1131	96	2717	84698	1828	0	0
14727	96	2717	84698	769	2710	441	96	2714	84704	1828	0	0
14728	96	2714	84704	2519	495	1643	96	2711	84710	1828	0	0
14729	96	2711	84710	435	2201	816	96	2708	84716	1828	0	0
14730	96	2708	84716	1484	161	1425	96	2705	84722	1828	0	0
14731	96	2705	84722	1660	1975	1673	96	2702	84728	1828	0	0
14732	96	2702	84728	561	2726	2779	96	2699	84734	1828	0	0
14733	96	2699	84734	1702	1782	1581	96	2696	84740	1828	0	0
14734	96	2696	84740	2150	125	471	96	2693	84746	1828	0	0
14735	96	2693	84746	326	2259	1653	96	2690	84752	1828	0	0
14736	96	2690	84752	219	2542	1649	96	2687	84758	1828	0	0
14737	96	2687	84758	1402	2425	2252	96	2684	84764	1828	0	0
14738	96	2684	84764	1338	367	1597	96	2681	84770	1828	0	0
14739	96	2681	84770	1550	855	1060	96	2678	84776	1828	0	0
14740	96	2678	84776	1326	1841	848	96	2675	84782	1828	0	0
14741	96	2675	84782	345	525	1753	96	2672	84788	1828	0	0
14742	96	2672	84788	1265	1818	1093	96	2669	84794	1828	0	0
14743	96	2669	84794	1560	1283	1860	96	2666	84800	1828	0	0
14744	96	2666	84800	1696	1781	1492	96	2663	84806	1828	0	0
14745	96	2663	84806	1821	1373	1321	96	2660	84812	1828	0	0
14746	96	2660	84812	2027	1235	671	96	2657	84818	1828	0	0
14747	96	2657	84818	70	208	322	96	2655	84822	1829	0	0
14748	96	2655	84822	557	2265	2737	96	2652	84828	1829	0	0
14749	96	2652	84828	2404	1848	2055	96	2649	84834	1829	0	0
14750	96	2649	84834	1749	2424	1325	96	2646	84840	1829	0	0
14751	96	2646	84840	937	723	1427	96	2643	84846	1829	0	0
14752	96	2643	84846	384	698	664	96	2640	84852	1829	0	0
14753	96	2640	84852	1793	1064	2342	96	2637	84858	1829	0	0
14754	96	2637	84858	1201	525	179	96	2634	84864	1829	0	0
14755	96	2634	84864	2395	2377	2106	96	2631	84870	1829	0	0
14756	96	2631	84870	922	2010	46	96	2629	84874	1830	0	0
14757	96	2629	84874	902	255	1040	96	2626	84880	1830	0	0
14758	96	2626	84880	2626	1983	626	96	2623	84886	1830	0	0
14759	96	2623	84886	2126	2268	2455	96	2620	84892	1830	0	0
14760	96	2620	84892	602	2165	721	96	2617	84898	1830	0	0
14761	96	2617	84898	206	766	1233	96	2614	84904	1830	0	0
14762	96	2614	84904	679	2121	895	96	2611	84910	1830	0	0
14763	96	2611	84910	1314	313	1715	96	2608	84916	1830	0	0
14764	96	2608	84916	2060	1217	1425	96	2605	84922	1830	0	0
14765	96	2605	84922	2205	1785	1714	96	2602	84928	1830	0	0
14766	96	2602	84928	2619	566	426	96	2599	84934	1830	0	0
14767	96	2599	84934	1409	679	2646	96	2596	84940	1830	0	0
14768	96	2596	84940	36	995	1017	96	2594	84944	1831	0	0
14769	96	2594	84944	1951	1851	522	96	2591	84950	1831	0	0
14770	96	2591	84950	1077	1927	772	96	2588	84956	1831	0	0
14771	96	2588	84956	417	2017	558	96	2585	84962	1831	0	0
14772	96	2585	84962	1677	634	925	96	2582	84968	1831	0	0
14773	96	2582	84968	694	1747	1565	96	2579	84974	1831	0	0
14774	96	2579	84974	2076	964	601	96	2576	84980	1831	0	0
14775	96	2576	84980	1843	315	2442	96	2573	84986	1831	0	0
14776	96	2573	84986	2107	468	1476	96	2570	84992	1831	0	0
14777	96	2570	84992	2448	1821	203	96	2567	84998	1831	0	0
14778	96	2567	84998	1053	358	206	96	2564	85004	1831	0	0
14779	96	2564	85004	503	1071	935	96	2561	85010	1831	0	0
14780	96	2561	85010	1385	142	2560	96	2558	85016	1831	0	0
14781	96	2558	85016	1171	2421	870	96	2555	85022	1831	0	0
14782	96	2555	85022	2562	1012	852	96	2552	85028	1831	0	0
14783	96	2552	85028	2164	699	362	96	2549	85034	1831	0	0
14784	96	2549	85034	430	1104	1069	96	2546	85040	1831	0	0
14785	96	2546	85040	645	2295	2570	96	2543	85046	1831	0	0
14786	96	2543	85046	2146	2121	2131	96	2540	85052	1831	0	0
14787	96	2540	85052	2201	509	751	96	2537	85058	1831	0	0
14788	96	2537	85058	1245	66	2158	96	2535	85062	1832	0	0
14789	96	2535	85062	1458	161	114	96	2532	85068	1832	0	0
14790	96	2532	85068	511	1652	2494	96	2529	85074	1832	0	0
14791	96	2529	85074	1935	102	1386	96	2526	85080	1832	0	0
14792	96	2526	85080	2473	1753	1497	96	2523	85086	1832	0	0
14793	96	2523	85086	2364	2586	1723	96	2520	85092	1832	0	0
14794	96	2520	85092	2200	2187	2287	96	2517	85098	1832	0	0
14795	96	2517	85098	1427	1327	1165	96	2514	85104	1832	0	0
14796	96	2514	85104	2002	1317	1623	96	2511	85110	1832	0	0
14797	96	2511	85110	1666	373	1387	96	2508	85116	1832	0	0
14798	96	2508	85116	1134	2251	406	96	2505	85122	1832	0	0
14799	96	2505	85122	2166	2342	463	96	2502	85128	1832	0	0
14800	96	2502	85128	443	1077	820	96	2499	85134	1832	0	0
14801	96	2499	85134	1316	1672	1642	96	2496	85140	1832	0	0
14802	96	2496	85140	2442	2029	577	96	2493	85146	1832	0	0
14803	96	2493	85146	2241	1817	1069	96	2490	85152	1832	0	0
14804	96	2490	85152	216	442	1169	96	2487	85158	1832	0	0
14805	96	2487	85158	1400	29	1331	96	2485	85162	1833	0	0
14806	96	2485	85162	1106	1347	2557	96	2482	85168	1833	0	0
14807	96	2482	85168	1207	2376	1300	96	2479	85174	1833	0	0
14808	96	2479	85174	2198	1701	2421	96	2476	85180	1833	0	0
14809	96	2476	85180	1031	1474	647	96	2473	85186	1833	0	0
14810	96	2473	85186	731	186	1574	96	2470	85192	1833	0	0
14811	96	2470	85192	1889	883	352	96	2467	85198	1833	0	0
14812	96	2467	85198	248	951	1398	96	2464	85204	1833	0	0
14813	96	2464	85204	266	970	1988	96	2461	85210	1833	0	0
14814	96	2461	85210	1128	2243	2382	96	2458	85216	1833	0	0
14815	96	2458	85216	526	2400	299	96	2455	85222	1833	0	0
14816	96	2455	85222	884	59	1666	96	2453	85226	1834	0	0
14817	96	2453	85226	292	1022	800	96	2450	85232	1834	0	0
14818	96	2450	85232	1952	82	156	96	2448	85236	1835	0	0
14819	96	2448	85236	127	1342	2168	96	2445	85242	1835	0	0
14820	96	2445	85242	699	654	1485	96	2442	85248	1835	0	0
14821	96	2442	85248	2418	1600	620	96	2439	85254	1835	0	0
14822	96	2439	85254	343	1745	888	96	2436	85260	1835	0	0
14823	96	2436	85260	1141	478	1387	96	2433	85266	1835	0	0
14824	96	2433	85266	726	2428	981	96	2430	85272	1835	0	0
14825	96	2430	85272	604	273	1000	96	2427	85278	1835	0	0
14826	96	2427	85278	1956	2019	2451	96	2424	85284	1835	0	0
14827	96	2424	85284	1418	268	1370	96	2421	85290	1835	0	0
14828	96	2421	85290	2142	1509	1432	96	2418	85296	1835	0	0
14829	96	2418	85296	990	226	326	96	2415	85302	1835	0	0
14830	96	2415	85302	732	583	1651	96	2412	85308	1835	0	0
14831	96	2412	85308	1754	1758	1504	96	2409	85314	1835	0	0
14832	96	2409	85314	1247	1555	2472	96	2406	85320	1835	0	0
14833	96	2406	85320	857	2013	59	96	2404	85324	1836	0	0
14834	96	2404	85324	645	1182	210	96	2401	85330	1836	0	0
14835	96	2401	85330	982	370	1024	96	2398	85336	1836	0	0
14836	96	2398	85336	307	2296	2095	96	2395	85342	1836	0	0
14837	96	2395	85342	553	156	1570	96	2392	85348	1836	0	0
14838	96	2392	85348	2429	640	27	96	2390	85352	1837	0	0
14839	96	2390	85352	985	1376	1082	96	2387	85358	1837	0	0
14840	96	2387	85358	503	1741	2255	96	2384	85364	1837	0	0
14841	96	2384	85364	1923	562	2372	96	2381	85370	1837	0	0
14842	96	2381	85370	255	1771	690	96	2378	85376	1837	0	0
14843	96	2378	85376	2356	633	597	96	2375	85382	1837	0	0
14844	96	2375	85382	1483	14	61	97	3840	85384	1839	1466	0
14845	97	3840	85384	2073	2789	1625	97	3837	85390	1839	0	0
14846	97	3837	85390	3660	12	2528	97	3835	85394	1840	0	0
14847	97	3835	85394	1139	2141	3380	97	3832	85400	1840	0	0
14848	97	3832	85400	962	3702	2918	97	3829	85406	1840	0	0
14849	97	3829	85406	1995	549	3434	97	3826	85412	1840	0	0
14850	97	3826	85412	413	3649	3322	97	3823	85418	1840	0	0
14851	97	3823	85418	292	1524	2407	97	3820	85424	1840	0	0
14852	97	3820	85424	387	1225	275	97	3817	85430	1840	0	0
14853	97	3817	85430	698	2190	2463	97	3814	85436	1840	0	0
14854	97	3814	85436	1174	1970	1611	97	3811	85442	1840	0	0
14855	97	3811	85442	1458	1852	2277	97	3808	85448	1840	0	0
14856	97	3808	85448	2510	148	3271	97	3805	85454	1840	0	0
14857	97	3805	85454	1054	1682	1252	97	3802	85460	1840	0	0
14858	97	3802	85460	1484	1948	1882	97	3799	85466	1840	0	0
14859	97	3799	85466	2150	123	3283	97	3796	85472	1840	0	0
14860	97	3796	85472	1846	2278	2670	97	3793	85478	1840	0	0
14861	97	3793	85478	1776	1033	572	97	3790	85484	1840	0	0
14862	97	3790	85484	1993	1451	25	97	3788	85488	1841	0	0
14863	97	3788	85488	2463	1335	460	97	3785	85494	1841	0	0
14864	97	3785	85494	193	2303	2949	97	3782	85500	1841	0	0
14865	97	3782	85500	3441	3831	3651	97	3779	85506	1841	0	0
14866	97	3779	85506	3153	3354	3766	97	3776	85512	1841	0	0
14867	97	3776	85512	1561	1005	1045	97	3773	85518	1841	0	0
14868	97	3773	85518	691	1656	3503	97	3770	85524	1841	0	0
14869	97	3770	85524	1448	1514	3405	97	3767	85530	1841	0	0
14870	97	3767	85530	311	814	3818	97	3764	85536	1841	0	0
14871	97	3764	85536	2144	247	1665	97	3761	85542	1841	0	0
14872	97	3761	85542	2920	1145	3620	97	3758	85548	1841	0	0
14873	97	3758	85548	1551	1687	700	97	3755	85554	1841	0	0
14874	97	3755	85554	132	2058	1186	97	3752	85560	1841	0	0
14875	97	3752	85560	3844	1051	336	97	3749	85566	1841	0	0
14876	97	3749	85566	1946	577	3295	97	3746	85572	1841	0	0
14877	97	3746	85572	2885	19	1710	97	3744	85576	1842	0	0
14878	97	3744	85576	3577	3404	1926	97	3741	85582	1842	0	0
14879	97	3741	85582	345	3771	2476	97	3738	85588	1842	0	0
14880	97	3738	85588	234	3580	3602	97	3735	85594	1842	0	0
14881	97	3735	85594	1310	610	3770	97	3732	85600	1842	0	0
14882	97	3732	85600	2357	331	1978	97	3729	85606	1842	0	0
14883	97	3729	85606	3727	2432	2639	97	3726	85612	1842	0	0
14884	97	3726	85612	2973	2089	3281	97	3723	85618	1842	0	0
14885	97	3723	85618	2128	2403	2858	97	3720	85624	1842	0	0
14886	97	3720	85624	3325	1146	2901	97	3717	85630	1842	0	0
14887	97	3717	85630	3650	183	2285	97	3714	85636	1842	0	0
14888	97	3714	85636	871	3537	949	97	3711	85642	1842	0	0
14889	97	3711	85642	3288	3534	2902	97	3708	85648	1842	0	0
14890	97	3708	85648	3316	2557	2366	97	3705	85654	1842	0	0
14891	97	3705	85654	1347	2940	3324	97	3702	85660	1842	0	0
14892	97	3702	85660	2211	208	1956	97	3699	85666	1842	0	0
14893	97	3699	85666	1693	2378	2871	97	3696	85672	1842	0	0
14894	97	3696	85672	2223	3666	576	97	3693	85678	1842	0	0
14895	97	3693	85678	105	3055	2327	97	3690	85684	1842	0	0
14896	97	3690	85684	1710	2696	1847	97	3687	85690	1842	0	0
14897	97	3687	85690	680	299	2989	97	3684	85696	1842	0	0
14898	97	3684	85696	1623	2885	1304	97	3681	85702	1842	0	0
14899	97	3681	85702	1865	3034	1870	97	3678	85708	1842	0	0
14900	97	3678	85708	298	1844	697	97	3675	85714	1842	0	0
14901	97	3675	85714	3391	1228	1534	97	3672	85720	1842	0	0
14902	97	3672	85720	3269	3615	1522	97	3669	85726	1842	0	0
14903	97	3669	85726	3748	3140	2285	97	3666	85732	1842	0	0
14904	97	3666	85732	2800	1718	720	97	3663	85738	1842	0	0
14905	97	3663	85738	762	2800	2299	97	3660	85744	1842	0	0
14906	97	3660	85744	1108	688	362	97	3657	85750	1842	0	0
14907	97	3657	85750	2080	1603	2162	97	3654	85756	1842	0	0
14908	97	3654	85756	1908	442	3652	97	3651	85762	1842	0	0
14909	97	3651	85762	3086	736	3331	97	3648	85768	1842	0	0
14910	97	3648	85768	601	197	914	97	3645	85774	1842	0	0
14911	97	3645	85774	641	1896	3139	97	3642	85780	1842	0	0
14912	97	3642	85780	1264	3616	1377	97	3639	85786	1842	0	0
14913	97	3639	85786	3225	938	2060	97	3636	85792	1842	0	0
14914	97	3636	85792	1666	3018	146	97	3633	85798	1842	0	0
14915	97	3633	85798	129	275	2844	97	3630	85804	1842	0	0
14916	97	3630	85804	1540	1240	2434	97	3627	85810	1842	0	0
14917	97	3627	85810	1506	504	279	97	3624	85816	1842	0	0
14918	97	3624	85816	2566	1890	402	97	3621	85822	1842	0	0
14919	97	3621	85822	3606	2901	952	97	3618	85828	1842	0	0
14920	97	3618	85828	989	622	1267	97	3615	85834	1842	0	0
14921	97	3615	85834	2628	2573	2010	97	3612	85840	1842	0	0
14922	97	3612	85840	3418	2778	321	97	3609	85846	1842	0	0
14923	97	3609	85846	2035	3204	1674	97	3606	85852	1842	0	0
14924	97	3606	85852	1342	456	141	97	3603	85858	1842	0	0
14925	97	3603	85858	658	1722	591	97	3600	85864	1842	0	0
14926	97	3600	85864	2856	521	3298	97	3597	85870	1842	0	0
14927	97	3597	85870	45	2068	2990	97	3595	85874	1843	0	0
14928	97	3595	85874	1045	2038	201	97	3592	85880	1843	0	0
14929	97	3592	85880	3589	266	3077	97	3589	85886	1843	0	0
14930	97	3589	85886	2237	1829	3533	97	3586	85892	1843	0	0
14931	97	3586	85892	2033	174	1631	97	3583	85898	1843	0	0
14932	97	3583	85898	2695	2518	3188	97	3580	85904	1843	0	0
14933	97	3580	85904	872	625	704	97	3577	85910	1843	0	0
14934	97	3577	85910	447	106	3211	97	3574	85916	1843	0	0
14935	97	3574	85916	2523	1185	555	97	3571	85922	1843	0	0
14936	97	3571	85922	2479	2639	3098	97	3568	85928	1843	0	0
14937	97	3568	85928	2776	955	747	97	3565	85934	1843	0	0
14938	97	3565	85934	459	280	3029	97	3562	85940	1843	0	0
14939	97	3562	85940	3208	3345	2662	97	3559	85946	1843	0	0
14940	97	3559	85946	963	2445	3099	97	3556	85952	1843	0	0
14941	97	3556	85952	2744	13	40	98	4541	85954	1845	986	0
14942	98	4541	85954	844	2101	2738	98	4538	85960	1845	0	0
14943	98	4538	85960	2511	4468	944	98	4535	85966	1845	0	0
14944	98	4535	85966	3810	3153	2857	98	4532	85972	1845	0	0
14945	98	4532	85972	4586	3483	1267	98	4529	85978	1845	0	0
14946	98	4529	85978	1263	3135	3720	98	4526	85984	1845	0	0
14947	98	4526	85984	1847	524	3790	98	4523	85990	1845	0	0
14948	98	4523	85990	3019	425	2759	98	4520	85996	1845	0	0
14949	98	4520	85996	3853	2868	3748	98	4517	86002	1845	0	0
14950	98	4517	86002	1494	3814	634	98	4514	86008	1845	0	0
14951	98	4514	86008	4368	4001	3601	98	4511	86014	1845	0	0
14952	98	4511	86014	4322	3429	3067	98	4508	86020	1845	0	0
14953	98	4508	86020	1109	2879	3761	98	4505	86026	1845	0	0
14954	98	4505	86026	3801	793	3166	98	4502	86032	1845	0	0
14955	98	4502	86032	4386	638	627	98	4499	86038	1845	0	0
14956	98	4499	86038	2254	2773	934	98	4496	86044	1845	0	0
14957	98	4496	86044	1252	1282	2702	98	4493	86050	1845	0	0
14958	98	4493	86050	3975	3172	3035	98	4490	86056	1845	0	0
14959	98	4490	86056	2357	463	1146	98	4487	86062	1845	0	0
14960	98	4487	86062	599	3112	2895	98	4484	86068	1845	0	0
14961	98	4484	86068	31	140	3211	98	4482	86072	1846	0	0
14962	98	4482	86072	3733	1532	1849	98	4479	86078	1846	0	0
14963	98	4479	86078	995	4276	1225	98	4476	86084	1846	0	0
14964	98	4476	86084	1947	296	2716	98	4473	86090	1846	0	0
14965	98	4473	86090	4062	2905	2667	98	4470	86096	1846	0	0
14966	98	4470	86096	3627	2007	3166	98	4467	86102	1846	0	0
14967	98	4467	86102	3963	984	3971	98	4464	86108	1846	0	0
14968	98	4464	86108	943	316	97	98	4462	86112	1847	0	0
14969	98	4462	86112	1153	3752	1164	98	4459	86118	1847	0	0
14970	98	4459	86118	1681	3419	3389	98	4456	86124	1847	0	0
14971	98	4456	86124	2092	1329	1463	98	4453	86130	1847	0	0
14972	98	4453	86130	2211	2553	2744	98	4450	86136	1847	0	0
14973	98	4450	86136	3900	2378	811	98	4447	86142	1847	0	0
14974	98	4447	86142	624	1212	2373	98	4444	86148	1847	0	0
14975	98	4444	86148	664	1476	900	98	4441	86154	1847	0	0
14976	98	4441	86154	1554	4435	1750	98	4438	86160	1847	0	0
14977	98	4438	86160	1979	3264	1475	98	4435	86166	1847	0	0
14978	98	4435	86166	4463	713	62	98	4433	86170	1848	0	0
14979	98	4433	86170	3661	376	2342	98	4430	86176	1848	0	0
14980	98	4430	86176	60	2869	3869	98	4428	86180	1849	0	0
14981	98	4428	86180	3806	1740	504	98	4425	86186	1849	0	0
14982	98	4425	86186	508	2154	1043	98	4422	86192	1849	0	0
14983	98	4422	86192	717	3061	2319	98	4419	86198	1849	0	0
14984	98	4419	86198	4151	4192	1157	98	4416	86204	1849	0	0
14985	98	4416	86204	3228	2137	2380	98	4413	86210	1849	0	0
14986	98	4413	86210	2982	4085	1352	98	4410	86216	1849	0	0
14987	98	4410	86216	1055	464	3735	98	4407	86222	1849	0	0
14988	98	4407	86222	3731	1293	3094	98	4404	86228	1849	0	0
14989	98	4404	86228	2200	4029	4494	98	4401	86234	1849	0	0
14990	98	4401	86234	1857	4230	4156	98	4398	86240	1849	0	0
14991	98	4398	86240	2983	2078	3208	98	4395	86246	1849	0	0
14992	98	4395	86246	3409	697	1777	98	4392	86252	1849	0	0
14993	98	4392	86252	821	2039	2100	98	4389	86258	1849	0	0
14994	98	4389	86258	3071	989	1195	98	4386	86264	1849	0	0
14995	98	4386	86264	4092	2651	256	98	4383	86270	1849	0	0
14996	98	4383	86270	4453	3214	2846	98	4380	86276	1849	0	0
14997	98	4380	86276	3315	389	3753	98	4377	86282	1849	0	0
14998	98	4377	86282	144	4157	2187	98	4374	86288	1849	0	0
14999	98	4374	86288	2986	2683	1182	98	4371	86294	1849	0	0
15000	98	4371	86294	1816	2877	3005	98	4368	86300	1849	0	0
15001	98	4368	86300	2760	3888	2206	98	4365	86306	1849	0	0
15002	98	4365	86306	1913	2837	3402	98	4362	86312	1849	0	0
15003	98	4362	86312	1588	4427	438	98	4359	86318	1849	0	0
15004	98	4359	86318	4316	2988	1388	98	4356	86324	1849	0	0
15005	98	4356	86324	3342	1963	2139	98	4353	86330	1849	0	0
15006	98	4353	86330	1702	1191	2197	98	4350	86336	1849	0	0
15007	98	4350	86336	60	4092	736	98	4348	86340	1850	0	0
15008	98	4348	86340	1237	3712	982	98	4345	86346	1850	0	0
15009	98	4345	86346	2905	444	1413	98	4342	86352	1850	0	0
15010	98	4342	86352	1253	2664	4235	98	4339	86358	1850	0	0
15011	98	4339	86358	1031	351	3030	98	4336	86364	1850	0	0
15012	98	4336	86364	1998	4274	1159	98	4333	86370	1850	0	0
15013	98	4333	86370	3365	4112	358	98	4330	86376	1850	0	0
15014	98	4330	86376	2732	2731	1670	98	4327	86382	1850	0	0
15015	98	4327	86382	2545	1156	3644	98	4324	86388	1850	0	0
15016	98	4324	86388	546	1360	874	98	4321	86394	1850	0	0
15017	98	4321	86394	3931	2660	3111	98	4318	86400	1850	0	0
15018	98	4318	86400	3139	1457	3625	98	4315	86406	1850	0	0
15019	98	4315	86406	4046	2516	1995	98	4312	86412	1850	0	0
15020	98	4312	86412	3303	2752	167	98	4309	86418	1850	0	0
15021	98	4309	86418	268	3452	2409	98	4306	86424	1850	0	0
15022	98	4306	86424	343	3926	1746	98	4303	86430	1850	0	0
15023	98	4303	86430	733	460	4369	98	4300	86436	1850	0	0
15024	98	4300	86436	1184	2253	4338	98	4297	86442	1850	0	0
15025	98	4297	86442	3986	3771	1142	98	4294	86448	1850	0	0
15026	98	4294	86448	4150	478	2623	98	4291	86454	1850	0	0
15027	98	4291	86454	2585	4362	3750	98	4288	86460	1850	0	0
15028	98	4288	86460	719	76	3521	98	4286	86464	1851	0	0
15029	98	4286	86464	990	2395	3671	98	4283	86470	1851	0	0
15030	98	4283	86470	956	2852	3404	98	4280	86476	1851	0	0
15031	98	4280	86476	3514	3682	2154	98	4277	86482	1851	0	0
15032	98	4277	86482	887	2075	3958	98	4274	86488	1851	0	0
15033	98	4274	86488	570	1055	23	98	4272	86492	1852	0	0
15034	98	4272	86492	3598	2487	1892	98	4269	86498	1852	0	0
15035	98	4269	86498	2390	1521	3840	98	4266	86504	1852	0	0
15036	98	4266	86504	3761	3819	2755	98	4263	86510	1852	0	0
15037	98	4263	86510	821	1665	1208	98	4260	86516	1852	0	0
15038	98	4260	86516	1119	585	4045	98	4257	86522	1852	0	0
15039	98	4257	86522	701	3457	514	98	4254	86528	1852	0	0
15040	98	4254	86528	670	122	2191	98	4251	86534	1852	0	0
15041	98	4251	86534	447	1785	1549	98	4248	86540	1852	0	0
15042	98	4248	86540	4013	85	2063	98	4246	86544	1853	0	0
15043	98	4246	86544	636	2150	1590	98	4243	86550	1853	0	0
15044	98	4243	86550	4187	2521	2823	98	4240	86556	1853	0	0
15045	98	4240	86556	2682	4248	1882	98	4237	86562	1853	0	0
15046	98	4237	86562	1830	4313	1590	98	4234	86568	1853	0	0
15047	98	4234	86568	4281	2022	2026	98	4231	86574	1853	0	0
15048	98	4231	86574	1978	1863	3847	98	4228	86580	1853	0	0
15049	98	4228	86580	2132	784	647	98	4225	86586	1853	0	0
15050	98	4225	86586	3873	683	4126	98	4222	86592	1853	0	0
15051	98	4222	86592	1286	2537	1487	98	4219	86598	1853	0	0
15052	98	4219	86598	1878	2087	2094	98	4216	86604	1853	0	0
15053	98	4216	86604	3613	2994	2137	98	4213	86610	1853	0	0
15054	98	4213	86610	1354	752	1367	98	4210	86616	1853	0	0
15055	98	4210	86616	2534	939	2465	98	4207	86622	1853	0	0
15056	98	4207	86622	1946	1409	3496	98	4204	86628	1853	0	0
15057	98	4204	86628	2417	269	1625	98	4201	86634	1853	0	0
15058	98	4201	86634	1214	3677	1759	98	4198	86640	1853	0	0
15059	98	4198	86640	4207	271	731	98	4195	86646	1853	0	0
15060	98	4195	86646	1824	2255	3446	98	4192	86652	1853	0	0
15061	98	4192	86652	3672	3493	4259	98	4189	86658	1853	0	0
15062	98	4189	86658	50	529	2755	98	4187	86662	1854	0	0
15063	98	4187	86662	2940	2365	2045	98	4184	86668	1854	0	0
15064	98	4184	86668	1286	1141	2425	98	4181	86674	1854	0	0
15065	98	4181	86674	2360	429	2840	98	4178	86680	1854	0	0
15066	98	4178	86680	832	1659	1887	98	4175	86686	1854	0	0
15067	98	4175	86686	940	1168	2083	98	4172	86692	1854	0	0
15068	98	4172	86692	2151	4132	1442	98	4169	86698	1854	0	0
15069	98	4169	86698	103	2350	633	98	4166	86704	1854	0	0
15070	98	4166	86704	1356	3965	1703	98	4163	86710	1854	0	0
15071	98	4163	86710	269	2242	1012	98	4160	86716	1854	0	0
15072	98	4160	86716	2664	3430	1408	98	4157	86722	1854	0	0
15073	98	4157	86722	3606	2826	883	98	4154	86728	1854	0	0
15074	98	4154	86728	2854	2647	4197	98	4151	86734	1854	0	0
15075	98	4151	86734	3353	1943	3077	98	4148	86740	1854	0	0
15076	98	4148	86740	2070	2729	3512	98	4145	86746	1854	0	0
15077	98	4145	86746	2252	4152	579	98	4142	86752	1854	0	0
15078	98	4142	86752	355	532	3759	98	4139	86758	1854	0	0
15079	98	4139	86758	676	2601	2276	98	4136	86764	1854	0	0
15080	98	4136	86764	865	2537	2171	98	4133	86770	1854	0	0
15081	98	4133	86770	637	2476	3822	98	4130	86776	1854	0	0
15082	98	4130	86776	3774	1956	2347	98	4127	86782	1854	0	0
15083	98	4127	86782	2560	2581	3269	98	4124	86788	1854	0	0
15084	98	4124	86788	3213	1750	2981	98	4121	86794	1854	0	0
15085	98	4121	86794	177	133	3153	98	4118	86800	1854	0	0
15086	98	4118	86800	1461	1095	2937	98	4115	86806	1854	0	0
15087	98	4115	86806	513	2751	1633	98	4112	86812	1854	0	0
15088	98	4112	86812	3019	2563	3695	98	4109	86818	1854	0	0
15089	98	4109	86818	1662	1464	3477	98	4106	86824	1854	0	0
15090	98	4106	86824	227	4008	2298	98	4103	86830	1854	0	0
15091	98	4103	86830	2899	2255	2579	98	4100	86836	1854	0	0
15092	98	4100	86836	2962	4002	3304	98	4097	86842	1854	0	0
15093	98	4097	86842	1328	2176	3685	98	4094	86848	1854	0	0
15094	98	4094	86848	4057	1004	58	98	4092	86852	1855	0	0
15095	98	4092	86852	2364	1391	1695	98	4089	86858	1855	0	0
15096	98	4089	86858	81	728	3659	98	4087	86862	1856	0	0
15097	98	4087	86862	1898	3774	3812	98	4084	86868	1856	0	0
15098	98	4084	86868	3586	1467	3516	98	4081	86874	1856	0	0
15099	98	4081	86874	3431	1861	3069	98	4078	86880	1856	0	0
15100	98	4078	86880	1919	2411	218	98	4075	86886	1856	0	0
15101	98	4075	86886	3991	1776	2281	98	4072	86892	1856	0	0
15102	98	4072	86892	1881	1048	1880	98	4069	86898	1856	0	0
15103	98	4069	86898	3807	2157	2731	98	4066	86904	1856	0	0
15104	98	4066	86904	3795	284	1150	98	4063	86910	1856	0	0
15105	98	4063	86910	4033	1068	4027	98	4060	86916	1856	0	0
15106	98	4060	86916	2157	1198	3596	98	4057	86922	1856	0	0
15107	98	4057	86922	1250	1558	2470	98	4054	86928	1856	0	0
15108	98	4054	86928	2968	3161	1071	98	4051	86934	1856	0	0
15109	98	4051	86934	1118	3015	2634	98	4048	86940	1856	0	0
15110	98	4048	86940	3834	3365	1659	98	4045	86946	1856	0	0
15111	98	4045	86946	1908	1598	237	98	4042	86952	1856	0	0
15112	98	4042	86952	1400	4093	0	98	4040	86956	1857	0	0
15113	98	4040	86956	1351	4048	1639	98	4037	86962	1857	0	0
15114	98	4037	86962	2952	861	905	98	4034	86968	1857	0	0
15115	98	4034	86968	486	231	917	98	4031	86974	1857	0	0
15116	98	4031	86974	476	2797	2696	98	4028	86980	1857	0	0
15117	98	4028	86980	392	1125	2636	98	4025	86986	1857	0	0
15118	98	4025	86986	1361	3135	3023	98	4022	86992	1857	0	0
15119	98	4022	86992	2580	3879	845	98	4019	86998	1857	0	0
15120	98	4019	86998	1880	1186	1386	98	4016	87004	1857	0	0
15121	98	4016	87004	3316	3806	2097	98	4013	87010	1857	0	0
15122	98	4013	87010	1279	3769	3610	98	4010	87016	1857	0	0
15123	98	4010	87016	1589	1547	2446	98	4007	87022	1857	0	0
15124	98	4007	87022	864	2512	2732	98	4004	87028	1857	0	0
15125	98	4004	87028	1153	3890	1154	98	4001	87034	1857	0	0
15126	98	4001	87034	4044	2022	647	98	3998	87040	1857	0	0
15127	98	3998	87040	2709	3531	2927	98	3995	87046	1857	0	0
15128	98	3995	87046	1751	2443	2873	98	3992	87052	1857	0	0
15129	98	3992	87052	59	160	2859	98	3990	87056	1858	0	0
15130	98	3990	87056	1065	2915	2668	98	3987	87062	1858	0	0
15131	98	3987	87062	1492	999	1431	98	3984	87068	1858	0	0
15132	98	3984	87068	708	1163	3320	98	3981	87074	1858	0	0
15133	98	3981	87074	3806	293	3219	98	3978	87080	1858	0	0
15134	98	3978	87080	844	1090	1399	98	3975	87086	1858	0	0
15135	98	3975	87086	4064	773	75	98	3973	87090	1859	0	0
15136	98	3973	87090	399	3563	1440	98	3970	87096	1859	0	0
15137	98	3970	87096	1486	590	538	98	3967	87102	1859	0	0
15138	98	3967	87102	2108	438	1099	98	3964	87108	1859	0	0
15139	98	3964	87108	3101	3643	1607	98	3961	87114	1859	0	0
15140	98	3961	87114	3641	3159	3911	98	3958	87120	1859	0	0
15141	98	3958	87120	307	669	803	98	3955	87126	1859	0	0
15142	98	3955	87126	1669	3476	616	98	3952	87132	1859	0	0
15143	98	3952	87132	3906	1082	2065	98	3949	87138	1859	0	0
15144	98	3949	87138	848	3056	2201	98	3946	87144	1859	0	0
15145	98	3946	87144	3847	3574	2776	98	3943	87150	1859	0	0
15146	98	3943	87150	204	1846	3862	98	3940	87156	1859	0	0
15147	98	3940	87156	3218	107	2076	98	3937	87162	1859	0	0
15148	98	3937	87162	1005	3295	844	98	3934	87168	1859	0	0
15149	98	3934	87168	3949	2822	3942	98	3931	87174	1859	0	0
15150	98	3931	87174	2963	3310	351	98	3928	87180	1859	0	0
15151	98	3928	87180	1066	617	3226	98	3925	87186	1859	0	0
15152	98	3925	87186	1865	512	2733	98	3922	87192	1859	0	0
15153	98	3922	87192	2717	2323	2584	98	3919	87198	1859	0	0
15154	98	3919	87198	752	2116	394	98	3916	87204	1859	0	0
15155	98	3916	87204	1177	3054	2380	98	3913	87210	1859	0	0
15156	98	3913	87210	1111	671	994	98	3910	87216	1859	0	0
15157	98	3910	87216	2007	575	2216	98	3907	87222	1859	0	0
15158	98	3907	87222	1906	973	1564	98	3904	87228	1859	0	0
15159	98	3904	87228	3475	297	1546	98	3901	87234	1859	0	0
15160	98	3901	87234	2303	3343	1916	98	3898	87240	1859	0	0
15161	98	3898	87240	3688	2365	283	98	3895	87246	1859	0	0
15162	98	3895	87246	1037	2160	3028	98	3892	87252	1859	0	0
15163	98	3892	87252	124	3165	1184	98	3889	87258	1859	0	0
15164	98	3889	87258	273	2328	3051	98	3886	87264	1859	0	0
15165	98	3886	87264	873	3730	967	98	3883	87270	1859	0	0
15166	98	3883	87270	983	3627	55	98	3881	87274	1860	0	0
15167	98	3881	87274	1634	265	2596	98	3878	87280	1860	0	0
15168	98	3878	87280	2295	1826	3382	98	3875	87286	1860	0	0
15169	98	3875	87286	2859	1123	3140	98	3872	87292	1860	0	0
15170	98	3872	87292	3005	2371	1995	98	3869	87298	1860	0	0
15171	98	3869	87298	3264	2822	1054	98	3866	87304	1860	0	0
15172	98	3866	87304	3315	121	3679	98	3863	87310	1860	0	0
15173	98	3863	87310	2390	3365	1026	98	3860	87316	1860	0	0
15174	98	3860	87316	329	1171	1526	98	3857	87322	1860	0	0
15175	98	3857	87322	2603	688	3665	98	3854	87328	1860	0	0
15176	98	3854	87328	2538	1841	2837	98	3851	87334	1860	0	0
15177	98	3851	87334	1514	3198	3758	98	3848	87340	1860	0	0
15178	98	3848	87340	3721	1435	2610	98	3845	87346	1860	0	0
15179	98	3845	87346	1179	1070	185	98	3842	87352	1860	0	0
15180	98	3842	87352	848	633	3439	98	3839	87358	1860	0	0
15181	98	3839	87358	2806	716	222	98	3836	87364	1860	0	0
15182	98	3836	87364	617	1243	348	98	3833	87370	1860	0	0
15183	98	3833	87370	712	1113	3304	98	3830	87376	1860	0	0
15184	98	3830	87376	111	1150	71	98	3828	87380	1861	0	0
15185	98	3828	87380	719	3532	1329	98	3825	87386	1861	0	0
15186	98	3825	87386	1120	3469	2806	98	3822	87392	1861	0	0
15187	98	3822	87392	1504	1473	3289	98	3819	87398	1861	0	0
15188	98	3819	87398	53	2981	3887	98	3817	87402	1862	0	0
15189	98	3817	87402	1228	3100	1281	98	3814	87408	1862	0	0
15190	98	3814	87408	2214	2241	3852	98	3811	87414	1862	0	0
15191	98	3811	87414	1896	2070	1457	98	3808	87420	1862	0	0
15192	98	3808	87420	2233	472	3224	98	3805	87426	1862	0	0
15193	98	3805	87426	1988	2405	3215	98	3802	87432	1862	0	0
15194	98	3802	87432	2057	2455	469	98	3799	87438	1862	0	0
15195	98	3799	87438	879	1283	381	98	3796	87444	1862	0	0
15196	98	3796	87444	3129	3569	1176	98	3793	87450	1862	0	0
15197	98	3793	87450	1954	2712	637	98	3790	87456	1862	0	0
15198	98	3790	87456	3771	503	2639	98	3787	87462	1862	0	0
15199	98	3787	87462	2841	3328	2455	98	3784	87468	1862	0	0
15200	98	3784	87468	2984	3629	59	98	3782	87472	1863	0	0
15201	98	3782	87472	2214	2990	2873	98	3779	87478	1863	0	0
15202	98	3779	87478	1368	3812	1411	98	3776	87484	1863	0	0
15203	98	3776	87484	1578	1545	57	98	3774	87488	1864	0	0
15204	98	3774	87488	2363	2863	2502	98	3771	87494	1864	0	0
15205	98	3771	87494	3021	659	1754	98	3768	87500	1864	0	0
15206	98	3768	87500	794	3061	1258	98	3765	87506	1864	0	0
15207	98	3765	87506	1131	1112	674	98	3762	87512	1864	0	0
15208	98	3762	87512	1045	1067	3259	98	3759	87518	1864	0	0
15209	98	3759	87518	2358	3491	444	98	3756	87524	1864	0	0
15210	98	3756	87524	2874	2361	3107	98	3753	87530	1864	0	0
15211	98	3753	87530	746	1282	2131	98	3750	87536	1864	0	0
15212	98	3750	87536	1376	3188	1642	98	3747	87542	1864	0	0
15213	98	3747	87542	3820	2961	2946	98	3744	87548	1864	0	0
15214	98	3744	87548	3506	1284	694	98	3741	87554	1864	0	0
15215	98	3741	87554	2913	88	3637	98	3739	87558	1865	0	0
15216	98	3739	87558	344	3729	3734	98	3736	87564	1865	0	0
15217	98	3736	87564	1205	2257	650	98	3733	87570	1865	0	0
15218	98	3733	87570	1673	2940	3571	98	3730	87576	1865	0	0
15219	98	3730	87576	2566	3706	1806	98	3727	87582	1865	0	0
15220	98	3727	87582	424	3291	2647	98	3724	87588	1865	0	0
15221	98	3724	87588	3421	3771	1593	98	3721	87594	1865	0	0
15222	98	3721	87594	2447	170	2163	98	3718	87600	1865	0	0
15223	98	3718	87600	139	838	1755	98	3715	87606	1865	0	0
15224	98	3715	87606	2956	3146	96	98	3713	87610	1866	0	0
15225	98	3713	87610	1134	1404	1159	98	3710	87616	1866	0	0
15226	98	3710	87616	3507	498	1697	98	3707	87622	1866	0	0
15227	98	3707	87622	1713	1553	297	98	3704	87628	1866	0	0
15228	98	3704	87628	1919	343	2855	98	3701	87634	1866	0	0
15229	98	3701	87634	2870	3629	2319	98	3698	87640	1866	0	0
15230	98	3698	87640	1604	1347	159	98	3695	87646	1866	0	0
15231	98	3695	87646	3004	2417	2525	98	3692	87652	1866	0	0
15232	98	3692	87652	560	3116	3783	98	3689	87658	1866	0	0
15233	98	3689	87658	2959	3711	1805	98	3686	87664	1866	0	0
15234	98	3686	87664	3511	137	980	98	3683	87670	1866	0	0
15235	98	3683	87670	3033	2217	3434	98	3680	87676	1866	0	0
15236	98	3680	87676	2088	2343	3133	98	3677	87682	1866	0	0
15237	98	3677	87682	3427	1303	1671	98	3674	87688	1866	0	0
15238	98	3674	87688	2501	1100	571	98	3671	87694	1866	0	0
15239	98	3671	87694	3347	2292	2323	98	3668	87700	1866	0	0
15240	98	3668	87700	1026	3203	1442	98	3665	87706	1866	0	0
15241	98	3665	87706	1279	1091	1016	98	3662	87712	1866	0	0
15242	98	3662	87712	910	3554	1843	98	3659	87718	1866	0	0
15243	98	3659	87718	454	2119	2516	98	3656	87724	1866	0	0
15244	98	3656	87724	2134	896	3672	98	3653	87730	1866	0	0
15245	98	3653	87730	2879	2832	3735	98	3650	87736	1866	0	0
15246	98	3650	87736	1079	2111	248	98	3647	87742	1866	0	0
15247	98	3647	87742	1575	147	2627	98	3644	87748	1866	0	0
15248	98	3644	87748	1594	2851	2717	98	3641	87754	1866	0	0
15249	98	3641	87754	378	1869	2524	98	3638	87760	1866	0	0
15250	98	3638	87760	2955	1027	3604	98	3635	87766	1866	0	0
15251	98	3635	87766	3668	1589	3028	98	3632	87772	1866	0	0
15252	98	3632	87772	219	2879	1376	98	3629	87778	1866	0	0
15253	98	3629	87778	1724	1846	2488	98	3626	87784	1866	0	0
15254	98	3626	87784	1954	3268	2998	98	3623	87790	1866	0	0
15255	98	3623	87790	677	3405	1849	98	3620	87796	1866	0	0
15256	98	3620	87796	609	615	775	98	3617	87802	1866	0	0
15257	98	3617	87802	81	914	69	99	5634	87804	1868	2018	0
15258	99	5634	87804	2520	1376	3594	99	5631	87810	1868	0	0
15259	99	5631	87810	2950	90	4389	99	5629	87814	1869	0	0
15260	99	5629	87814	4252	591	281	99	5626	87820	1869	0	0
15261	99	5626	87820	388	3196	3181	99	5623	87826	1869	0	0
15262	99	5623	87826	1215	2688	4620	99	5620	87832	1869	0	0
15263	99	5620	87832	2	1104	258	99	5618	87836	1870	0	0
15264	99	5618	87836	1260	2646	1308	99	5615	87842	1870	0	0
15265	99	5615	87842	3771	1664	37	99	5613	87846	1871	0	0
15266	99	5613	87846	2830	1214	2173	99	5610	87852	1871	0	0
15267	99	5610	87852	5399	1631	1270	99	5607	87858	1871	0	0
15268	99	5607	87858	4933	1810	5705	99	5604	87864	1871	0	0
15269	99	5604	87864	1741	4875	821	99	5601	87870	1871	0	0
15270	99	5601	87870	5167	1205	2245	99	5598	87876	1871	0	0
15271	99	5598	87876	2849	151	1840	99	5595	87882	1871	0	0
15272	99	5595	87882	4633	5244	1265	99	5592	87888	1871	0	0
15273	99	5592	87888	2265	2148	992	99	5589	87894	1871	0	0
15274	99	5589	87894	908	4265	4562	99	5586	87900	1871	0	0
15275	99	5586	87900	936	1472	3337	99	5583	87906	1871	0	0
15276	99	5583	87906	2175	2781	2190	99	5580	87912	1871	0	0
15277	99	5580	87912	3108	4028	3716	99	5577	87918	1871	0	0
15278	99	5577	87918	4466	3810	4402	99	5574	87924	1871	0	0
15279	99	5574	87924	345	1541	358	99	5571	87930	1871	0	0
15280	99	5571	87930	887	3526	2341	99	5568	87936	1871	0	0
15281	99	5568	87936	5516	386	50	99	5566	87940	1872	0	0
15282	99	5566	87940	2324	4521	2675	99	5563	87946	1872	0	0
15283	99	5563	87946	5339	4907	4207	99	5560	87952	1872	0	0
15284	99	5560	87952	4402	158	4992	99	5557	87958	1872	0	0
15285	99	5557	87958	3359	4640	2263	99	5554	87964	1872	0	0
15286	99	5554	87964	439	3926	1024	99	5551	87970	1872	0	0
15287	99	5551	87970	3389	3380	4138	99	5548	87976	1872	0	0
15288	99	5548	87976	77	1783	3304	99	5546	87980	1873	0	0
15289	99	5546	87980	3758	3402	3894	99	5543	87986	1873	0	0
15290	99	5543	87986	1004	312	5285	99	5540	87992	1873	0	0
15291	99	5540	87992	5522	610	4407	99	5537	87998	1873	0	0
15292	99	5537	87998	672	2663	753	99	5534	88004	1873	0	0
15293	99	5534	88004	3813	3825	3643	99	5531	88010	1873	0	0
15294	99	5531	88010	225	1899	3584	99	5528	88016	1873	0	0
15295	99	5528	88016	1027	4365	4325	99	5525	88022	1873	0	0
15296	99	5525	88022	1729	4283	4557	99	5522	88028	1873	0	0
15297	99	5522	88028	1269	1566	3699	99	5519	88034	1873	0	0
15298	99	5519	88034	1263	2718	391	99	5516	88040	1873	0	0
15299	99	5516	88040	2549	2584	3108	99	5513	88046	1873	0	0
15300	99	5513	88046	4712	3005	4487	99	5510	88052	1873	0	0
15301	99	5510	88052	4492	4898	3683	99	5507	88058	1873	0	0
15302	99	5507	88058	5371	5569	1779	99	5504	88064	1873	0	0
15303	99	5504	88064	3362	397	4149	99	5501	88070	1873	0	0
15304	99	5501	88070	218	1421	1631	99	5498	88076	1873	0	0
15305	99	5498	88076	3372	4699	872	99	5495	88082	1873	0	0
15306	99	5495	88082	2925	2864	2458	99	5492	88088	1873	0	0
15307	99	5492	88088	5226	4386	4111	99	5489	88094	1873	0	0
15308	99	5489	88094	5471	3571	2340	99	5486	88100	1873	0	0
15309	99	5486	88100	2764	707	221	99	5483	88106	1873	0	0
15310	99	5483	88106	1145	5061	4515	99	5480	88112	1873	0	0
15311	99	5480	88112	3257	4753	1208	99	5477	88118	1873	0	0
15312	99	5477	88118	783	5297	1608	99	5474	88124	1873	0	0
15313	99	5474	88124	4584	1904	2761	99	5471	88130	1873	0	0
15314	99	5471	88130	3342	3197	3385	99	5468	88136	1873	0	0
15315	99	5468	88136	2591	4176	478	99	5465	88142	1873	0	0
15316	99	5465	88142	3725	3507	114	99	5462	88148	1873	0	0
15317	99	5462	88148	3425	4742	943	99	5459	88154	1873	0	0
15318	99	5459	88154	2018	3769	3229	99	5456	88160	1873	0	0
15319	99	5456	88160	28	2805	737	99	5454	88164	1874	0	0
15320	99	5454	88164	4939	2757	3352	99	5451	88170	1874	0	0
15321	99	5451	88170	4650	2985	1574	99	5448	88176	1874	0	0
15322	99	5448	88176	3845	1643	80	99	5446	88180	1875	0	0
15323	99	5446	88180	4458	1669	280	99	5443	88186	1875	0	0
15324	99	5443	88186	3712	3203	1407	99	5440	88192	1875	0	0
15325	99	5440	88192	3846	3088	1428	99	5437	88198	1875	0	0
15326	99	5437	88198	3923	4712	1701	99	5434	88204	1875	0	0
15327	99	5434	88204	2013	2610	774	99	5431	88210	1875	0	0
15328	99	5431	88210	3877	730	1961	99	5428	88216	1875	0	0
15329	99	5428	88216	1408	104	1979	99	5425	88222	1875	0	0
15330	99	5425	88222	1031	1914	1236	99	5422	88228	1875	0	0
15331	99	5422	88228	4070	1925	3739	99	5419	88234	1875	0	0
15332	99	5419	88234	4143	5028	3413	99	5416	88240	1875	0	0
15333	99	5416	88240	824	1231	789	99	5413	88246	1875	0	0
15334	99	5413	88246	4855	4065	3113	99	5410	88252	1875	0	0
15335	99	5410	88252	2700	1114	363	99	5407	88258	1875	0	0
15336	99	5407	88258	5464	3325	2778	99	5404	88264	1875	0	0
15337	99	5404	88264	2558	1110	1320	99	5401	88270	1875	0	0
15338	99	5401	88270	4722	925	76	99	5399	88274	1876	0	0
15339	99	5399	88274	4677	73	5187	99	5397	88278	1877	0	0
15340	99	5397	88278	2442	2548	2141	99	5394	88284	1877	0	0
15341	99	5394	88284	3335	4263	302	99	5391	88290	1877	0	0
15342	99	5391	88290	3465	4008	4680	99	5388	88296	1877	0	0
15343	99	5388	88296	5036	4115	4224	99	5385	88302	1877	0	0
15344	99	5385	88302	832	127	929	99	5382	88308	1877	0	0
15345	99	5382	88308	2518	3527	3807	99	5379	88314	1877	0	0
15346	99	5379	88314	2386	2143	1689	99	5376	88320	1877	0	0
15347	99	5376	88320	5444	1440	1970	99	5373	88326	1877	0	0
15348	99	5373	88326	787	5418	2812	99	5370	88332	1877	0	0
15349	99	5370	88332	4791	5286	5071	99	5367	88338	1877	0	0
15350	99	5367	88338	2126	1964	1480	99	5364	88344	1877	0	0
15351	99	5364	88344	4342	399	2511	99	5361	88350	1877	0	0
15352	99	5361	88350	3690	2723	2949	99	5358	88356	1877	0	0
15353	99	5358	88356	4437	2149	1155	99	5355	88362	1877	0	0
15354	99	5355	88362	2181	3023	2056	99	5352	88368	1877	0	0
15355	99	5352	88368	2395	1166	3723	99	5349	88374	1877	0	0
15356	99	5349	88374	4181	1615	139	99	5346	88380	1877	0	0
15357	99	5346	88380	2126	758	5211	99	5343	88386	1877	0	0
15358	99	5343	88386	1187	2001	4998	99	5340	88392	1877	0	0
15359	99	5340	88392	3174	1020	2472	99	5337	88398	1877	0	0
15360	99	5337	88398	1184	5255	162	99	5334	88404	1877	0	0
15361	99	5334	88404	2896	3684	2499	99	5331	88410	1877	0	0
15362	99	5331	88410	3478	1357	2095	99	5328	88416	1877	0	0
15363	99	5328	88416	4613	2859	1959	99	5325	88422	1877	0	0
15364	99	5325	88422	4256	1376	2754	99	5322	88428	1877	0	0
15365	99	5322	88428	2773	1993	1006	99	5319	88434	1877	0	0
15366	99	5319	88434	3679	4848	2636	99	5316	88440	1877	0	0
15367	99	5316	88440	2799	1212	434	99	5313	88446	1877	0	0
15368	99	5313	88446	3849	1559	1755	99	5310	88452	1877	0	0
15369	99	5310	88452	1900	5002	399	99	5307	88458	1877	0	0
15370	99	5307	88458	2560	2213	1576	99	5304	88464	1877	0	0
15371	99	5304	88464	4240	1091	458	99	5301	88470	1877	0	0
15372	99	5301	88470	2912	5092	2168	99	5298	88476	1877	0	0
15373	99	5298	88476	3989	5206	1982	99	5295	88482	1877	0	0
15374	99	5295	88482	1581	98	2771	99	5293	88486	1878	0	0
15375	99	5293	88486	3752	1044	510	99	5290	88492	1878	0	0
15376	99	5290	88492	3324	1889	747	99	5287	88498	1878	0	0
15377	99	5287	88498	4210	2773	307	99	5284	88504	1878	0	0
15378	99	5284	88504	10	3649	2568	99	5282	88508	1879	0	0
15379	99	5282	88508	736	1027	700	99	5279	88514	1879	0	0
15380	99	5279	88514	1572	4859	793	99	5276	88520	1879	0	0
15381	99	5276	88520	3966	4206	5076	99	5273	88526	1879	0	0
15382	99	5273	88526	3755	3489	1125	99	5270	88532	1879	0	0
15383	99	5270	88532	492	2156	5099	99	5267	88538	1879	0	0
15384	99	5267	88538	4547	976	3073	99	5264	88544	1879	0	0
15385	99	5264	88544	2104	5300	2357	99	5261	88550	1879	0	0
15386	99	5261	88550	2123	876	353	99	5258	88556	1879	0	0
15387	99	5258	88556	1387	3868	3083	99	5255	88562	1879	0	0
15388	99	5255	88562	2183	1730	2530	99	5252	88568	1879	0	0
15389	99	5252	88568	761	927	1887	99	5249	88574	1879	0	0
15390	99	5249	88574	4680	1092	219	99	5246	88580	1879	0	0
15391	99	5246	88580	3918	1580	3398	99	5243	88586	1879	0	0
15392	99	5243	88586	22	1929	3103	99	5241	88590	1880	0	0
15393	99	5241	88590	1530	102	2097	99	5238	88596	1880	0	0
15394	99	5238	88596	4827	3077	3503	99	5235	88602	1880	0	0
15395	99	5235	88602	992	1273	1009	99	5232	88608	1880	0	0
15396	99	5232	88608	3801	3369	3180	99	5229	88614	1880	0	0
15397	99	5229	88614	3691	2863	4588	99	5226	88620	1880	0	0
15398	99	5226	88620	353	1970	3060	99	5223	88626	1880	0	0
15399	99	5223	88626	4869	5091	4440	99	5220	88632	1880	0	0
15400	99	5220	88632	3658	3678	4706	99	5217	88638	1880	0	0
15401	99	5217	88638	2413	3628	4846	99	5214	88644	1880	0	0
15402	99	5214	88644	3351	4789	3106	99	5211	88650	1880	0	0
15403	99	5211	88650	755	2111	5076	99	5208	88656	1880	0	0
15404	99	5208	88656	270	1124	4710	99	5205	88662	1880	0	0
15405	99	5205	88662	4833	4759	3696	99	5202	88668	1880	0	0
15406	99	5202	88668	4119	4634	1246	99	5199	88674	1880	0	0
15407	99	5199	88674	4492	4947	1196	99	5196	88680	1880	0	0
15408	99	5196	88680	267	422	2607	99	5193	88686	1880	0	0
15409	99	5193	88686	1095	2647	1632	99	5190	88692	1880	0	0
15410	99	5190	88692	3810	751	76	99	5188	88696	1881	0	0
15411	99	5188	88696	2790	2544	2690	99	5185	88702	1881	0	0
15412	99	5185	88702	3593	213	4845	99	5182	88708	1881	0	0
15413	99	5182	88708	3639	4232	3089	99	5179	88714	1881	0	0
15414	99	5179	88714	3986	733	715	99	5176	88720	1881	0	0
15415	99	5176	88720	1689	3787	1798	99	5173	88726	1881	0	0
15416	99	5173	88726	2103	2659	4694	99	5170	88732	1881	0	0
15417	99	5170	88732	462	515	771	99	5167	88738	1881	0	0
15418	99	5167	88738	4841	1841	734	99	5164	88744	1881	0	0
15419	99	5164	88744	3191	2820	3054	99	5161	88750	1881	0	0
15420	99	5161	88750	916	180	3284	99	5158	88756	1881	0	0
15421	99	5158	88756	4136	5144	4782	99	5155	88762	1881	0	0
15422	99	5155	88762	82	3464	4002	99	5153	88766	1882	0	0
15423	99	5153	88766	137	1748	2525	99	5150	88772	1882	0	0
15424	99	5150	88772	3707	3207	2864	99	5147	88778	1882	0	0
15425	99	5147	88778	4266	3577	4193	99	5144	88784	1882	0	0
15426	99	5144	88784	1256	881	2929	99	5141	88790	1882	0	0
15427	99	5141	88790	2094	2319	3597	99	5138	88796	1882	0	0
15428	99	5138	88796	3879	1750	1448	99	5135	88802	1882	0	0
15429	99	5135	88802	1356	1466	3411	99	5132	88808	1882	0	0
15430	99	5132	88808	2700	3857	2984	99	5129	88814	1882	0	0
15431	99	5129	88814	3639	2233	951	99	5126	88820	1882	0	0
15432	99	5126	88820	4401	4081	4749	99	5123	88826	1882	0	0
15433	99	5123	88826	3653	2231	467	99	5120	88832	1882	0	0
15434	99	5120	88832	2359	964	1417	99	5117	88838	1882	0	0
15435	99	5117	88838	1240	2160	2548	99	5114	88844	1882	0	0
15436	99	5114	88844	3644	1068	496	99	5111	88850	1882	0	0
15437	99	5111	88850	2690	1524	2193	99	5108	88856	1882	0	0
15438	99	5108	88856	2298	3155	584	99	5105	88862	1882	0	0
15439	99	5105	88862	3372	3019	741	99	5102	88868	1882	0	0
15440	99	5102	88868	3288	1872	2939	99	5099	88874	1882	0	0
15441	99	5099	88874	5155	4837	1751	99	5096	88880	1882	0	0
15442	99	5096	88880	5163	372	4205	99	5093	88886	1882	0	0
15443	99	5093	88886	78	3661	1552	99	5091	88890	1883	0	0
15444	99	5091	88890	2280	4897	2054	99	5088	88896	1883	0	0
15445	99	5088	88896	2396	709	1848	99	5085	88902	1883	0	0
15446	99	5085	88902	4072	4037	4980	99	5082	88908	1883	0	0
15447	99	5082	88908	2077	4103	3036	99	5079	88914	1883	0	0
15448	99	5079	88914	3661	3340	2192	99	5076	88920	1883	0	0
15449	99	5076	88920	1211	1199	4734	99	5073	88926	1883	0	0
15450	99	5073	88926	1864	613	1266	99	5070	88932	1883	0	0
15451	99	5070	88932	2099	4687	3266	99	5067	88938	1883	0	0
15452	99	5067	88938	1863	5122	4228	99	5064	88944	1883	0	0
15453	99	5064	88944	2894	4269	4994	99	5061	88950	1883	0	0
15454	99	5061	88950	269	4232	2272	99	5058	88956	1883	0	0
15455	99	5058	88956	479	3994	4221	99	5055	88962	1883	0	0
15456	99	5055	88962	2220	108	4761	99	5052	88968	1883	0	0
15457	99	5052	88968	3952	2856	2823	99	5049	88974	1883	0	0
15458	99	5049	88974	2050	2771	2032	99	5046	88980	1883	0	0
15459	99	5046	88980	131	4183	5085	99	5043	88986	1883	0	0
15460	99	5043	88986	2887	1956	2311	99	5040	88992	1883	0	0
15461	99	5040	88992	2682	3691	2875	99	5037	88998	1883	0	0
15462	99	5037	88998	4002	4141	1078	99	5034	89004	1883	0	0
15463	99	5034	89004	4910	26	4790	99	5032	89008	1884	0	0
15464	99	5032	89008	1574	2776	369	99	5029	89014	1884	0	0
15465	99	5029	89014	1227	3331	1465	99	5026	89020	1884	0	0
15466	99	5026	89020	1270	116	3515	99	5023	89026	1884	0	0
15467	99	5023	89026	993	1069	4014	99	5020	89032	1884	0	0
15468	99	5020	89032	3722	4341	2413	99	5017	89038	1884	0	0
15469	99	5017	89038	4065	2509	603	99	5014	89044	1884	0	0
15470	99	5014	89044	4811	1480	1547	99	5011	89050	1884	0	0
15471	99	5011	89050	1171	2258	3949	99	5008	89056	1884	0	0
15472	99	5008	89056	2066	1676	820	99	5005	89062	1884	0	0
15473	99	5005	89062	1187	2067	4494	99	5002	89068	1884	0	0
15474	99	5002	89068	4785	4225	5079	99	4999	89074	1884	0	0
15475	99	4999	89074	3849	867	898	99	4996	89080	1884	0	0
15476	99	4996	89080	621	2739	202	99	4993	89086	1884	0	0
15477	99	4993	89086	1583	1752	1099	99	4990	89092	1884	0	0
15478	99	4990	89092	4258	3059	2441	99	4987	89098	1884	0	0
15479	99	4987	89098	4356	746	1517	99	4984	89104	1884	0	0
15480	99	4984	89104	890	3158	2513	99	4981	89110	1884	0	0
15481	99	4981	89110	346	1507	452	99	4978	89116	1884	0	0
15482	99	4978	89116	628	4310	4045	99	4975	89122	1884	0	0
15483	99	4975	89122	2103	2240	1208	99	4972	89128	1884	0	0
15484	99	4972	89128	4908	2685	420	99	4969	89134	1884	0	0
15485	99	4969	89134	4660	4419	1531	99	4966	89140	1884	0	0
15486	99	4966	89140	594	3188	497	99	4963	89146	1884	0	0
15487	99	4963	89146	3645	3333	4135	99	4960	89152	1884	0	0
15488	99	4960	89152	26	2374	4128	99	4958	89156	1885	0	0
15489	99	4958	89156	3182	4995	2580	99	4955	89162	1885	0	0
15490	99	4955	89162	4350	3283	827	99	4952	89168	1885	0	0
15491	99	4952	89168	3617	178	957	99	4949	89174	1885	0	0
15492	99	4949	89174	2243	3880	3445	99	4946	89180	1885	0	0
15493	99	4946	89180	1022	4042	4410	99	4943	89186	1885	0	0
15494	99	4943	89186	2833	386	2337	99	4940	89192	1885	0	0
15495	99	4940	89192	2267	1677	452	99	4937	89198	1885	0	0
15496	99	4937	89198	3562	3709	4579	99	4934	89204	1885	0	0
15497	99	4934	89204	1814	4134	4354	99	4931	89210	1885	0	0
15498	99	4931	89210	2478	2294	2052	99	4928	89216	1885	0	0
15499	99	4928	89216	647	1909	937	99	4925	89222	1885	0	0
15500	99	4925	89222	1401	2258	3992	99	4922	89228	1885	0	0
15501	99	4922	89228	3312	3878	3071	99	4919	89234	1885	0	0
15502	99	4919	89234	3436	4713	4769	99	4916	89240	1885	0	0
15503	99	4916	89240	4314	4112	4208	99	4913	89246	1885	0	0
15504	99	4913	89246	3872	2436	3465	99	4910	89252	1885	0	0
15505	99	4910	89252	4602	4731	4705	99	4907	89258	1885	0	0
15506	99	4907	89258	1672	675	4463	99	4904	89264	1885	0	0
15507	99	4904	89264	3606	3076	1905	99	4901	89270	1885	0	0
15508	99	4901	89270	62	999	4973	99	4899	89274	1886	0	0
15509	99	4899	89274	4103	4038	2512	99	4896	89280	1886	0	0
15510	99	4896	89280	4236	1286	1462	99	4893	89286	1886	0	0
15511	99	4893	89286	4644	181	1536	99	4890	89292	1886	0	0
15512	99	4890	89292	4964	4811	3230	99	4887	89298	1886	0	0
15513	99	4887	89298	305	2444	1926	99	4884	89304	1886	0	0
15514	99	4884	89304	2055	2651	471	99	4881	89310	1886	0	0
15515	99	4881	89310	3561	2550	4904	99	4878	89316	1886	0	0
15516	99	4878	89316	4395	148	2289	99	4875	89322	1886	0	0
15517	99	4875	89322	282	1207	1366	99	4872	89328	1886	0	0
15518	99	4872	89328	939	787	264	99	4869	89334	1886	0	0
15519	99	4869	89334	4686	1103	2982	99	4866	89340	1886	0	0
15520	99	4866	89340	3889	2939	1654	99	4863	89346	1886	0	0
15521	99	4863	89346	3349	3199	1875	99	4860	89352	1886	0	0
15522	99	4860	89352	2212	1964	2366	99	4857	89358	1886	0	0
15523	99	4857	89358	3713	2326	1163	99	4854	89364	1886	0	0
15524	99	4854	89364	4442	1905	1714	99	4851	89370	1886	0	0
15525	99	4851	89370	1774	1749	525	99	4848	89376	1886	0	0
15526	99	4848	89376	3857	1544	3996	99	4845	89382	1886	0	0
15527	99	4845	89382	3217	222	2890	99	4842	89388	1886	0	0
15528	99	4842	89388	3356	3120	3627	99	4839	89394	1886	0	0
15529	99	4839	89394	3546	3466	1386	99	4836	89400	1886	0	0
15530	99	4836	89400	911	4683	1461	99	4833	89406	1886	0	0
15531	99	4833	89406	1923	3520	4801	99	4830	89412	1886	0	0
15532	99	4830	89412	4432	3608	4634	99	4827	89418	1886	0	0
15533	99	4827	89418	2496	584	1374	99	4824	89424	1886	0	0
15534	99	4824	89424	4417	2347	3071	99	4821	89430	1886	0	0
15535	99	4821	89430	2466	4289	2802	99	4818	89436	1886	0	0
15536	99	4818	89436	353	3246	1994	99	4815	89442	1886	0	0
15537	99	4815	89442	1286	1142	1251	99	4812	89448	1886	0	0
15538	99	4812	89448	2320	1005	533	99	4809	89454	1886	0	0
15539	99	4809	89454	1977	3123	23	99	4807	89458	1887	0	0
15540	99	4807	89458	2447	2753	3160	99	4804	89464	1887	0	0
15541	99	4804	89464	69	1465	930	99	4802	89468	1888	0	0
15542	99	4802	89468	2473	552	695	99	4799	89474	1888	0	0
15543	99	4799	89474	1673	2424	2211	99	4796	89480	1888	0	0
15544	99	4796	89480	2514	2590	995	99	4793	89486	1888	0	0
15545	99	4793	89486	1416	4014	2504	99	4790	89492	1888	0	0
15546	99	4790	89492	4135	4799	826	99	4787	89498	1888	0	0
15547	99	4787	89498	1264	913	2675	99	4784	89504	1888	0	0
15548	99	4784	89504	892	2741	1654	99	4781	89510	1888	0	0
15549	99	4781	89510	4862	3484	1324	99	4778	89516	1888	0	0
15550	99	4778	89516	3380	2069	2365	99	4775	89522	1888	0	0
15551	99	4775	89522	3016	1917	251	99	4772	89528	1888	0	0
15552	99	4772	89528	2270	3810	4452	99	4769	89534	1888	0	0
15553	99	4769	89534	3445	2479	4827	99	4766	89540	1888	0	0
15554	99	4766	89540	429	2848	49	99	4764	89544	1889	0	0
15555	99	4764	89544	2890	1415	915	99	4761	89550	1889	0	0
15556	99	4761	89550	924	250	3402	99	4758	89556	1889	0	0
15557	99	4758	89556	51	3955	3128	99	4756	89560	1890	0	0
15558	99	4756	89560	3817	391	964	99	4753	89566	1890	0	0
15559	99	4753	89566	2443	2627	3139	99	4750	89572	1890	0	0
15560	99	4750	89572	1526	2298	2633	99	4747	89578	1890	0	0
15561	99	4747	89578	734	4461	3191	99	4744	89584	1890	0	0
15562	99	4744	89584	1806	1596	2184	99	4741	89590	1890	0	0
15563	99	4741	89590	1624	2021	3168	99	4738	89596	1890	0	0
15564	99	4738	89596	1414	1055	813	99	4735	89602	1890	0	0
15565	99	4735	89602	1729	4471	396	99	4732	89608	1890	0	0
15566	99	4732	89608	179	85	2055	99	4730	89612	1891	0	0
15567	99	4730	89612	245	1522	1934	99	4727	89618	1891	0	0
15568	99	4727	89618	2535	4562	1941	99	4724	89624	1891	0	0
15569	99	4724	89624	2816	0	1320	99	4722	89628	1892	0	0
15570	99	4722	89628	2363	450	845	99	4719	89634	1892	0	0
15571	99	4719	89634	2188	357	1297	99	4716	89640	1892	0	0
15572	99	4716	89640	4246	1464	4793	99	4713	89646	1892	0	0
15573	99	4713	89646	3607	1943	1576	99	4710	89652	1892	0	0
15574	99	4710	89652	553	3272	154	99	4707	89658	1892	0	0
15575	99	4707	89658	2000	3441	469	99	4704	89664	1892	0	0
15576	99	4704	89664	2706	4402	836	99	4701	89670	1892	0	0
15577	99	4701	89670	1410	1941	4227	99	4698	89676	1892	0	0
15578	99	4698	89676	1775	814	2837	99	4695	89682	1892	0	0
15579	99	4695	89682	4576	2057	958	99	4692	89688	1892	0	0
15580	99	4692	89688	1312	4096	30	99	4690	89692	1893	0	0
15581	99	4690	89692	817	3591	2547	99	4687	89698	1893	0	0
15582	99	4687	89698	3349	3201	4367	99	4684	89704	1893	0	0
15583	99	4684	89704	184	2223	3961	99	4681	89710	1893	0	0
15584	99	4681	89710	2237	717	93	99	4679	89714	1894	0	0
15585	99	4679	89714	3311	3653	4385	99	4676	89720	1894	0	0
15586	99	4676	89720	1325	3948	4070	99	4673	89726	1894	0	0
15587	99	4673	89726	1957	3403	120	99	4670	89732	1894	0	0
15588	99	4670	89732	2260	1592	2842	99	4667	89738	1894	0	0
15589	99	4667	89738	2181	3728	3397	99	4664	89744	1894	0	0
15590	99	4664	89744	368	385	1567	99	4661	89750	1894	0	0
15591	99	4661	89750	2498	1238	198	99	4658	89756	1894	0	0
15592	99	4658	89756	3859	3766	2399	99	4655	89762	1894	0	0
15593	99	4655	89762	1764	375	1220	99	4652	89768	1894	0	0
15594	99	4652	89768	1230	2905	2243	99	4649	89774	1894	0	0
15595	99	4649	89774	1488	1154	2311	99	4646	89780	1894	0	0
15596	99	4646	89780	2485	1953	3636	99	4643	89786	1894	0	0
15597	99	4643	89786	4562	2231	4140	99	4640	89792	1894	0	0
15598	99	4640	89792	2146	3305	4517	99	4637	89798	1894	0	0
15599	99	4637	89798	4129	944	4085	99	4634	89804	1894	0	0
15600	99	4634	89804	1315	2753	2184	99	4631	89810	1894	0	0
15601	99	4631	89810	1944	3711	4675	99	4628	89816	1894	0	0
15602	99	4628	89816	3615	1334	2161	99	4625	89822	1894	0	0
15603	99	4625	89822	3978	3079	3538	99	4622	89828	1894	0	0
15604	99	4622	89828	3921	4623	3928	99	4619	89834	1894	0	0
15605	99	4619	89834	2027	827	2282	99	4616	89840	1894	0	0
15606	99	4616	89840	3914	4505	434	99	4613	89846	1894	0	0
15607	99	4613	89846	1033	161	795	99	4610	89852	1894	0	0
15608	99	4610	89852	3249	2346	1880	99	4607	89858	1894	0	0
15609	99	4607	89858	4539	109	2204	99	4604	89864	1894	0	0
15610	99	4604	89864	4208	884	808	99	4601	89870	1894	0	0
15611	99	4601	89870	2612	1633	4673	99	4598	89876	1894	0	0
15612	99	4598	89876	1817	1868	2890	99	4595	89882	1894	0	0
15613	99	4595	89882	4168	3317	4490	99	4592	89888	1894	0	0
15614	99	4592	89888	4281	2630	2378	99	4589	89894	1894	0	0
15615	99	4589	89894	4646	1422	782	99	4586	89900	1894	0	0
15616	99	4586	89900	3121	4495	1708	99	4583	89906	1894	0	0
15617	99	4583	89906	3694	80	4436	99	4581	89910	1895	0	0
15618	99	4581	89910	308	4330	3974	99	4578	89916	1895	0	0
15619	99	4578	89916	2414	4243	1332	99	4575	89922	1895	0	0
15620	99	4575	89922	1250	1315	1048	99	4572	89928	1895	0	0
15621	99	4572	89928	1809	1068	1280	99	4569	89934	1895	0	0
15622	99	4569	89934	3208	781	2152	99	4566	89940	1895	0	0
15623	99	4566	89940	721	4264	2715	99	4563	89946	1895	0	0
15624	99	4563	89946	784	4037	2452	99	4560	89952	1895	0	0
15625	99	4560	89952	3179	941	1383	99	4557	89958	1895	0	0
15626	99	4557	89958	2375	3612	2769	99	4554	89964	1895	0	0
15627	99	4554	89964	677	2567	3058	99	4551	89970	1895	0	0
15628	99	4551	89970	502	3860	1852	99	4548	89976	1895	0	0
15629	99	4548	89976	1641	4603	3934	99	4545	89982	1895	0	0
15630	99	4545	89982	568	3277	2744	99	4542	89988	1895	0	0
15631	99	4542	89988	3208	2926	2747	99	4539	89994	1895	0	0
15632	99	4539	89994	626	740	1914	99	4536	90000	1895	0	0
15633	99	4536	90000	1949	1799	570	99	4533	90006	1895	0	0
15634	99	4533	90006	808	3130	1565	99	4530	90012	1895	0	0
15635	99	4530	90012	1758	3426	2281	99	4527	90018	1895	0	0
15636	99	4527	90018	3118	1863	2768	99	4524	90024	1895	0	0
15637	99	4524	90024	3932	547	1103	99	4521	90030	1895	0	0
15638	99	4521	90030	2932	4194	3018	99	4518	90036	1895	0	0
15639	99	4518	90036	2573	1146	3622	99	4515	90042	1895	0	0
15640	99	4515	90042	3960	922	1364	99	4512	90048	1895	0	0
15641	99	4512	90048	444	3126	1903	99	4509	90054	1895	0	0
15642	99	4509	90054	1144	3539	459	99	4506	90060	1895	0	0
15643	99	4506	90060	3463	769	3185	99	4503	90066	1895	0	0
15644	99	4503	90066	1491	2582	589	99	4500	90072	1895	0	0
15645	99	4500	90072	1910	4018	1554	99	4497	90078	1895	0	0
15646	99	4497	90078	1419	3890	1399	99	4494	90084	1895	0	0
15647	99	4494	90084	4022	4561	330	99	4491	90090	1895	0	0
15648	99	4491	90090	555	2643	1384	99	4488	90096	1895	0	0
15649	99	4488	90096	103	2302	2166	99	4485	90102	1895	0	0
15650	99	4485	90102	220	3411	905	99	4482	90108	1895	0	0
15651	99	4482	90108	1121	2467	406	99	4479	90114	1895	0	0
15652	99	4479	90114	4399	1047	2134	99	4476	90120	1895	0	0
15653	99	4476	90120	485	3169	834	99	4473	90126	1895	0	0
15654	99	4473	90126	120	3993	1811	99	4470	90132	1895	0	0
15655	99	4470	90132	4361	3564	1402	99	4467	90138	1895	0	0
15656	99	4467	90138	3718	2924	2391	99	4464	90144	1895	0	0
15657	99	4464	90144	1803	3336	509	99	4461	90150	1895	0	0
15658	99	4461	90150	4153	1927	3358	99	4458	90156	1895	0	0
15659	99	4458	90156	1659	4422	3893	99	4455	90162	1895	0	0
15660	99	4455	90162	2215	2751	1077	99	4452	90168	1895	0	0
15661	99	4452	90168	381	122	1739	99	4449	90174	1895	0	0
15662	99	4449	90174	2088	621	3974	99	4446	90180	1895	0	0
15663	99	4446	90180	3006	3884	650	99	4443	90186	1895	0	0
15664	99	4443	90186	1564	1470	3085	99	4440	90192	1895	0	0
15665	99	4440	90192	1861	4156	2122	99	4437	90198	1895	0	0
15666	99	4437	90198	989	3693	4408	99	4434	90204	1895	0	0
15667	99	4434	90204	773	1728	3358	99	4431	90210	1895	0	0
15668	99	4431	90210	449	3528	1265	99	4428	90216	1895	0	0
15669	99	4428	90216	2147	2014	2566	99	4425	90222	1895	0	0
15670	99	4425	90222	435	1231	4308	99	4422	90228	1895	0	0
15671	99	4422	90228	984	2846	820	99	4419	90234	1895	0	0
15672	99	4419	90234	1539	34	1292	99	4417	90238	1896	0	0
15673	99	4417	90238	1068	493	3238	99	4414	90244	1896	0	0
15674	99	4414	90244	4355	3184	3168	99	4411	90250	1896	0	0
15675	99	4411	90250	4135	2529	295	99	4408	90256	1896	0	0
15676	99	4408	90256	218	1246	2713	99	4405	90262	1896	0	0
15677	99	4405	90262	2091	3280	968	99	4402	90268	1896	0	0
15678	99	4402	90268	83	717	1021	99	4400	90272	1897	0	0
15679	99	4400	90272	3398	4348	4419	99	4397	90278	1897	0	0
15680	99	4397	90278	410	546	905	99	4394	90284	1897	0	0
15681	99	4394	90284	1121	4045	3715	99	4391	90290	1897	0	0
15682	99	4391	90290	305	3459	3528	99	4388	90296	1897	0	0
15683	99	4388	90296	60	406	2729	99	4386	90300	1898	0	0
15684	99	4386	90300	2059	3171	2174	99	4383	90306	1898	0	0
15685	99	4383	90306	2051	1186	1418	99	4380	90312	1898	0	0
15686	99	4380	90312	3231	3644	1579	99	4377	90318	1898	0	0
15687	99	4377	90318	3143	2366	1201	99	4374	90324	1898	0	0
15688	99	4374	90324	3030	4449	3221	99	4371	90330	1898	0	0
15689	99	4371	90330	2685	3064	747	99	4368	90336	1898	0	0
15690	99	4368	90336	523	3823	3844	99	4365	90342	1898	0	0
15691	99	4365	90342	981	28	1325	99	4363	90346	1899	0	0
15692	99	4363	90346	658	1660	93	99	4361	90350	1900	0	0
15693	99	4361	90350	1219	805	3408	99	4358	90356	1900	0	0
15694	99	4358	90356	3297	4177	4343	99	4355	90362	1900	0	0
15695	99	4355	90362	3197	2893	15	99	4353	90366	1901	0	0
15696	99	4353	90366	1897	3821	866	99	4350	90372	1901	0	0
15697	99	4350	90372	3062	362	3709	99	4347	90378	1901	0	0
15698	99	4347	90378	2210	1578	122	99	4344	90384	1901	0	0
15699	99	4344	90384	1011	2832	4147	99	4341	90390	1901	0	0
15700	99	4341	90390	2186	3351	2730	99	4338	90396	1901	0	0
15701	99	4338	90396	4316	811	294	99	4335	90402	1901	0	0
15702	99	4335	90402	1324	2964	4066	99	4332	90408	1901	0	0
15703	99	4332	90408	3241	3726	668	99	4329	90414	1901	0	0
15704	99	4329	90414	1323	1619	3640	99	4326	90420	1901	0	0
15705	99	4326	90420	2952	1235	2871	99	4323	90426	1901	0	0
15706	99	4323	90426	3067	4161	426	99	4320	90432	1901	0	0
15707	99	4320	90432	4165	794	2409	99	4317	90438	1901	0	0
15708	99	4317	90438	3817	3663	735	99	4314	90444	1901	0	0
15709	99	4314	90444	3762	1612	2900	99	4311	90450	1901	0	0
15710	99	4311	90450	2484	1858	1541	99	4308	90456	1901	0	0
15711	99	4308	90456	606	4229	997	99	4305	90462	1901	0	0
15712	99	4305	90462	622	2447	775	99	4302	90468	1901	0	0
15713	99	4302	90468	2617	2644	1377	99	4299	90474	1901	0	0
15714	99	4299	90474	1435	50	3933	99	4297	90478	1902	0	0
15715	99	4297	90478	3865	960	1003	99	4294	90484	1902	0	0
15716	99	4294	90484	644	1640	299	99	4291	90490	1902	0	0
15717	99	4291	90490	4193	3840	4365	99	4288	90496	1902	0	0
15718	99	4288	90496	1683	2633	1280	99	4285	90502	1902	0	0
15719	99	4285	90502	863	1197	1072	99	4282	90508	1902	0	0
15720	99	4282	90508	869	1881	504	99	4279	90514	1902	0	0
15721	99	4279	90514	1829	4060	3478	99	4276	90520	1902	0	0
15722	99	4276	90520	3180	4316	258	99	4273	90526	1902	0	0
15723	99	4273	90526	348	1742	4023	99	4270	90532	1902	0	0
15724	99	4270	90532	2439	808	1142	99	4267	90538	1902	0	0
15725	99	4267	90538	535	660	3730	99	4264	90544	1902	0	0
15726	99	4264	90544	1961	894	2038	99	4261	90550	1902	0	0
15727	99	4261	90550	1406	3900	184	99	4258	90556	1902	0	0
15728	99	4258	90556	3939	3645	2072	99	4255	90562	1902	0	0
15729	99	4255	90562	770	3248	3817	99	4252	90568	1902	0	0
15730	99	4252	90568	4264	3564	2144	99	4249	90574	1902	0	0
15731	99	4249	90574	2047	3904	992	99	4246	90580	1902	0	0
15732	99	4246	90580	655	1593	935	99	4243	90586	1902	0	0
15733	99	4243	90586	2418	2028	4096	99	4240	90592	1902	0	0
15734	99	4240	90592	3403	1168	3960	99	4237	90598	1902	0	0
15735	99	4237	90598	361	1243	1638	99	4234	90604	1902	0	0
15736	99	4234	90604	3149	4188	615	99	4231	90610	1902	0	0
15737	99	4231	90610	1556	356	1238	99	4228	90616	1902	0	0
15738	99	4228	90616	508	1207	1074	99	4225	90622	1902	0	0
15739	99	4225	90622	511	3821	230	99	4222	90628	1902	0	0
15740	99	4222	90628	1531	461	532	99	4219	90634	1902	0	0
15741	99	4219	90634	3101	3921	4058	99	4216	90640	1902	0	0
15742	99	4216	90640	3127	2129	3609	99	4213	90646	1902	0	0
15743	99	4213	90646	3799	2073	2872	99	4210	90652	1902	0	0
15744	99	4210	90652	1933	703	2924	99	4207	90658	1902	0	0
15745	99	4207	90658	2380	2172	3224	99	4204	90664	1902	0	0
15746	99	4204	90664	3487	20	2050	99	4202	90668	1903	0	0
15747	99	4202	90668	2501	577	2626	99	4199	90674	1903	0	0
15748	99	4199	90674	66	1866	2928	99	4197	90678	1904	0	0
15749	99	4197	90678	183	1063	796	99	4194	90684	1904	0	0
15750	99	4194	90684	3531	3746	2979	99	4191	90690	1904	0	0
15751	99	4191	90690	1354	993	2597	99	4188	90696	1904	0	0
15752	99	4188	90696	4109	3912	2370	99	4185	90702	1904	0	0
15753	99	4185	90702	326	2101	261	99	4182	90708	1904	0	0
15754	99	4182	90708	2434	3250	2204	99	4179	90714	1904	0	0
15755	99	4179	90714	2222	4142	1297	99	4176	90720	1904	0	0
15756	99	4176	90720	3846	757	2682	99	4173	90726	1904	0	0
15757	99	4173	90726	2505	2388	1507	99	4170	90732	1904	0	0
15758	99	4170	90732	2093	3264	3106	99	4167	90738	1904	0	0
15759	99	4167	90738	622	472	3319	99	4164	90744	1904	0	0
15760	99	4164	90744	2427	716	3279	99	4161	90750	1904	0	0
15761	99	4161	90750	1054	4211	3596	99	4158	90756	1904	0	0
15762	99	4158	90756	645	3866	4178	99	4155	90762	1904	0	0
15763	99	4155	90762	1294	1210	2312	99	4152	90768	1904	0	0
15764	99	4152	90768	3300	1533	587	99	4149	90774	1904	0	0
15765	99	4149	90774	506	165	3233	99	4146	90780	1904	0	0
15766	99	4146	90780	2499	3529	4079	99	4143	90786	1904	0	0
15767	99	4143	90786	1164	3884	3875	99	4140	90792	1904	0	0
15768	99	4140	90792	1502	78	3452	99	4138	90796	1905	0	0
15769	99	4138	90796	743	2355	2677	99	4135	90802	1905	0	0
15770	99	4135	90802	1703	706	2274	99	4132	90808	1905	0	0
15771	99	4132	90808	1180	2377	812	99	4129	90814	1905	0	0
15772	99	4129	90814	3174	3197	2526	99	4126	90820	1905	0	0
15773	99	4126	90820	3597	1293	1001	99	4123	90826	1905	0	0
15774	99	4123	90826	1154	1800	517	99	4120	90832	1905	0	0
15775	99	4120	90832	33	3735	1140	99	4118	90836	1906	0	0
15776	99	4118	90836	119	779	954	99	4115	90842	1906	0	0
15777	99	4115	90842	3226	448	2039	99	4112	90848	1906	0	0
15778	99	4112	90848	356	659	271	99	4109	90854	1906	0	0
15779	99	4109	90854	1626	2681	3996	99	4106	90860	1906	0	0
15780	99	4106	90860	514	3383	741	99	4103	90866	1906	0	0
15781	99	4103	90866	4015	416	2295	99	4100	90872	1906	0	0
15782	99	4100	90872	1459	3669	1361	99	4097	90878	1906	0	0
15783	99	4097	90878	606	2093	1824	99	4094	90884	1906	0	0
15784	99	4094	90884	830	1591	1412	99	4091	90890	1906	0	0
15785	99	4091	90890	1042	1543	3628	99	4088	90896	1906	0	0
15786	99	4088	90896	1291	3592	3867	99	4085	90902	1906	0	0
15787	99	4085	90902	3283	1068	2047	99	4082	90908	1906	0	0
15788	99	4082	90908	2102	3205	2971	99	4079	90914	1906	0	0
15789	99	4079	90914	3822	3956	1352	99	4076	90920	1906	0	0
15790	99	4076	90920	3813	1876	4149	99	4073	90926	1906	0	0
15791	99	4073	90926	3407	1591	2098	99	4070	90932	1906	0	0
15792	99	4070	90932	1584	1106	1642	99	4067	90938	1906	0	0
15793	99	4067	90938	2802	3248	21	99	4065	90942	1907	0	0
15794	99	4065	90942	2288	1182	3881	99	4062	90948	1907	0	0
15795	99	4062	90948	3687	2837	1121	99	4059	90954	1907	0	0
15796	99	4059	90954	3469	1277	1672	99	4056	90960	1907	0	0
15797	99	4056	90960	2117	2716	1791	99	4053	90966	1907	0	0
15798	99	4053	90966	1247	1159	421	99	4050	90972	1907	0	0
15799	99	4050	90972	786	2675	2176	99	4047	90978	1907	0	0
15800	99	4047	90978	3029	931	1460	99	4044	90984	1907	0	0
15801	99	4044	90984	523	2129	480	99	4041	90990	1907	0	0
15802	99	4041	90990	1248	98	3943	99	4039	90994	1908	0	0
15803	99	4039	90994	264	1259	879	99	4036	91000	1908	0	0
15804	99	4036	91000	2087	1831	1296	99	4033	91006	1908	0	0
15805	99	4033	91006	3076	2939	491	99	4030	91012	1908	0	0
15806	99	4030	91012	2346	40	3891	99	4028	91016	1909	0	0
15807	99	4028	91016	522	678	1498	99	4025	91022	1909	0	0
15808	99	4025	91022	489	4108	3997	99	4022	91028	1909	0	0
15809	99	4022	91028	3209	3764	1461	99	4019	91034	1909	0	0
15810	99	4019	91034	3183	3839	902	99	4016	91040	1909	0	0
15811	99	4016	91040	1545	1011	1762	99	4013	91046	1909	0	0
15812	99	4013	91046	3969	1482	2892	99	4010	91052	1909	0	0
15813	99	4010	91052	1830	1066	3801	99	4007	91058	1909	0	0
15814	99	4007	91058	3765	2480	2807	99	4004	91064	1909	0	0
15815	99	4004	91064	1738	3321	2821	99	4001	91070	1909	0	0
15816	99	4001	91070	1965	1852	3124	99	3998	91076	1909	0	0
15817	99	3998	91076	2108	666	1174	99	3995	91082	1909	0	0
15818	99	3995	91082	2505	1042	2645	99	3992	91088	1909	0	0
15819	99	3992	91088	3869	2109	184	99	3989	91094	1909	0	0
15820	99	3989	91094	2982	3931	3319	99	3986	91100	1909	0	0
15821	99	3986	91100	3978	107	1725	99	3983	91106	1909	0	0
15822	99	3983	91106	3508	2719	2806	99	3980	91112	1909	0	0
15823	99	3980	91112	2258	1662	331	99	3977	91118	1909	0	0
15824	99	3977	91118	1044	4072	2004	99	3974	91124	1909	0	0
15825	99	3974	91124	157	3375	1932	99	3971	91130	1909	0	0
15826	99	3971	91130	2515	3951	658	99	3968	91136	1909	0	0
15827	99	3968	91136	530	765	2694	99	3965	91142	1909	0	0
15828	99	3965	91142	1483	1174	1579	99	3962	91148	1909	0	0
15829	99	3962	91148	2158	417	3337	99	3959	91154	1909	0	0
15830	99	3959	91154	3624	2469	2901	99	3956	91160	1909	0	0
15831	99	3956	91160	79	513	1666	99	3954	91164	1910	0	0
15832	99	3954	91164	2401	3012	1692	99	3951	91170	1910	0	0
15833	99	3951	91170	823	650	3732	99	3948	91176	1910	0	0
15834	99	3948	91176	3780	1374	3517	99	3945	91182	1910	0	0
15835	99	3945	91182	1452	2688	3474	99	3942	91188	1910	0	0
15836	99	3942	91188	3868	272	4026	99	3939	91194	1910	0	0
15837	99	3939	91194	2109	980	1213	99	3936	91200	1910	0	0
15838	99	3936	91200	3683	1591	1642	99	3933	91206	1910	0	0
15839	99	3933	91206	1765	928	64	99	3931	91210	1911	0	0
15840	99	3931	91210	318	655	992	99	3928	91216	1911	0	0
15841	99	3928	91216	3479	701	667	99	3925	91222	1911	0	0
15842	99	3925	91222	918	1916	223	99	3922	91228	1911	0	0
15843	99	3922	91228	2257	1197	1336	99	3919	91234	1911	0	0
15844	99	3919	91234	3054	2616	3401	99	3916	91240	1911	0	0
15845	99	3916	91240	649	852	1609	99	3913	91246	1911	0	0
15846	99	3913	91246	572	1398	3008	99	3910	91252	1911	0	0
15847	99	3910	91252	3274	1368	1619	99	3907	91258	1911	0	0
15848	99	3907	91258	2327	452	499	99	3904	91264	1911	0	0
15849	99	3904	91264	2417	3306	3262	99	3901	91270	1911	0	0
15850	99	3901	91270	648	3630	3650	99	3898	91276	1911	0	0
15851	99	3898	91276	3168	2296	2624	99	3895	91282	1911	0	0
15852	99	3895	91282	2172	2040	2410	99	3892	91288	1911	0	0
15853	99	3892	91288	634	245	286	99	3889	91294	1911	0	0
15854	99	3889	91294	761	3153	2605	99	3886	91300	1911	0	0
15855	99	3886	91300	1474	415	3225	99	3883	91306	1911	0	0
15856	99	3883	91306	3920	220	407	99	3880	91312	1911	0	0
15857	99	3880	91312	3586	346	2422	99	3877	91318	1911	0	0
15858	99	3877	91318	39	1317	3575	99	3875	91322	1912	0	0
15859	99	3875	91322	2444	3156	1625	99	3872	91328	1912	0	0
15860	99	3872	91328	290	2672	3452	99	3869	91334	1912	0	0
15861	99	3869	91334	1460	3196	2507	99	3866	91340	1912	0	0
15862	99	3866	91340	998	2504	533	99	3863	91346	1912	0	0
15863	99	3863	91346	2736	2914	1578	99	3860	91352	1912	0	0
15864	99	3860	91352	1603	1989	39	99	3858	91356	1913	0	0
15865	99	3858	91356	1749	2109	247	99	3855	91362	1913	0	0
15866	99	3855	91362	1115	2497	206	99	3852	91368	1913	0	0
15867	99	3852	91368	3794	1856	2151	99	3849	91374	1913	0	0
15868	99	3849	91374	126	2339	1091	99	3846	91380	1913	0	0
15869	99	3846	91380	2816	1847	985	99	3843	91386	1913	0	0
15870	99	3843	91386	3866	2469	3675	99	3840	91392	1913	0	0
15871	99	3840	91392	468	1521	500	99	3837	91398	1913	0	0
15872	99	3837	91398	391	2232	1294	99	3834	91404	1913	0	0
15873	99	3834	91404	191	2468	328	99	3831	91410	1913	0	0
15874	99	3831	91410	173	3441	3306	99	3828	91416	1913	0	0
15875	99	3828	91416	3394	173	328	99	3825	91422	1913	0	0
15876	99	3825	91422	21	538	3643	99	3823	91426	1914	0	0
15877	99	3823	91426	1863	1450	622	99	3820	91432	1914	0	0
15878	99	3820	91432	3803	983	1779	99	3817	91438	1914	0	0
15879	99	3817	91438	2986	2171	3447	99	3814	91444	1914	0	0
15880	99	3814	91444	481	3884	467	99	3811	91450	1914	0	0
15881	99	3811	91450	1909	1703	1208	99	3808	91456	1914	0	0
15882	99	3808	91456	2485	978	3640	99	3805	91462	1914	0	0
15883	99	3805	91462	2999	1353	1503	99	3802	91468	1914	0	0
15884	99	3802	91468	192	1451	1218	99	3799	91474	1914	0	0
15885	99	3799	91474	1082	717	2406	99	3796	91480	1914	0	0
15886	99	3796	91480	36	3028	536	99	3794	91484	1915	0	0
15887	99	3794	91484	94	3439	2349	99	3792	91488	1916	0	0
15888	99	3792	91488	3719	3491	883	99	3789	91494	1916	0	0
15889	99	3789	91494	2273	1228	3274	99	3786	91500	1916	0	0
15890	99	3786	91500	3334	1500	2992	99	3783	91506	1916	0	0
15891	99	3783	91506	1821	527	3746	99	3780	91512	1916	0	0
15892	99	3780	91512	2636	3196	3553	99	3777	91518	1916	0	0
15893	99	3777	91518	1849	2110	273	99	3774	91524	1916	0	0
15894	99	3774	91524	1956	372	699	99	3771	91530	1916	0	0
15895	99	3771	91530	3042	987	1211	99	3768	91536	1916	0	0
15896	99	3768	91536	1281	2929	2441	99	3765	91542	1916	0	0
15897	99	3765	91542	246	1527	2308	99	3762	91548	1916	0	0
15898	99	3762	91548	3257	2401	748	99	3759	91554	1916	0	0
15899	99	3759	91554	593	1124	43	99	3757	91558	1917	0	0
15900	99	3757	91558	2858	1611	134	99	3754	91564	1917	0	0
15901	99	3754	91564	259	1697	1516	99	3751	91570	1917	0	0
15902	99	3751	91570	42	960	888	99	3749	91574	1918	0	0
15903	99	3749	91574	2012	1506	2325	99	3746	91580	1918	0	0
15904	99	3746	91580	532	2526	1961	99	3743	91586	1918	0	0
15905	99	3743	91586	3025	9	2309	99	3741	91590	1919	0	0
15906	99	3741	91590	577	3580	140	99	3738	91596	1919	0	0
15907	99	3738	91596	284	2250	1721	99	3735	91602	1919	0	0
15908	99	3735	91602	1863	1153	3265	99	3732	91608	1919	0	0
15909	99	3732	91608	2474	464	1613	99	3729	91614	1919	0	0
15910	99	3729	91614	3481	2119	76	99	3727	91618	1920	0	0
15911	99	3727	91618	2918	1807	1749	99	3724	91624	1920	0	0
15912	99	3724	91624	141	3579	2707	99	3721	91630	1920	0	0
15913	99	3721	91630	2219	3105	1462	99	3718	91636	1920	0	0
15914	99	3718	91636	596	897	1449	99	3715	91642	1920	0	0
15915	99	3715	91642	3330	1491	2906	99	3712	91648	1920	0	0
15916	99	3712	91648	2963	1337	362	99	3709	91654	1920	0	0
15917	99	3709	91654	1194	429	788	99	3706	91660	1920	0	0
15918	99	3706	91660	356	435	2526	99	3703	91666	1920	0	0
15919	99	3703	91666	842	917	1108	99	3700	91672	1920	0	0
15920	99	3700	91672	1754	1187	1544	99	3697	91678	1920	0	0
15921	99	3697	91678	3742	2371	1088	99	3694	91684	1920	0	0
15922	99	3694	91684	1442	1535	1243	99	3691	91690	1920	0	0
15923	99	3691	91690	1023	1624	2595	99	3688	91696	1920	0	0
15924	99	3688	91696	584	941	3415	99	3685	91702	1920	0	0
15925	99	3685	91702	790	830	1879	99	3682	91708	1920	0	0
15926	99	3682	91708	1277	3537	2965	99	3679	91714	1920	0	0
15927	99	3679	91714	2507	982	2216	99	3676	91720	1920	0	0
15928	99	3676	91720	11	3520	2244	99	3674	91724	1921	0	0
15929	99	3674	91724	279	924	1787	99	3671	91730	1921	0	0
15930	99	3671	91730	2565	1281	568	99	3668	91736	1921	0	0
15931	99	3668	91736	1692	3726	2625	99	3665	91742	1921	0	0
15932	99	3665	91742	2675	2765	814	99	3662	91748	1921	0	0
15933	99	3662	91748	2037	2492	151	99	3659	91754	1921	0	0
15934	99	3659	91754	1249	69	3516	99	3657	91758	1922	0	0
15935	99	3657	91758	2102	2915	3284	99	3654	91764	1922	0	0
15936	99	3654	91764	234	2999	964	99	3651	91770	1922	0	0
15937	99	3651	91770	1302	475	575	99	3648	91776	1922	0	0
15938	99	3648	91776	3630	2866	586	99	3645	91782	1922	0	0
15939	99	3645	91782	130	276	793	99	3642	91788	1922	0	0
15940	99	3642	91788	2519	2587	553	99	3639	91794	1922	0	0
15941	99	3639	91794	234	1239	1703	99	3636	91800	1922	0	0
15942	99	3636	91800	2564	1222	336	99	3633	91806	1922	0	0
15943	99	3633	91806	1104	3401	52	99	3631	91810	1923	0	0
15944	99	3631	91810	165	929	1296	99	3628	91816	1923	0	0
15945	99	3628	91816	2745	3718	2916	99	3625	91822	1923	0	0
15946	99	3625	91822	159	2094	778	99	3622	91828	1923	0	0
15947	99	3622	91828	2757	2366	3625	99	3619	91834	1923	0	0
15948	99	3619	91834	837	3578	878	99	3616	91840	1923	0	0
15949	99	3616	91840	2172	1215	1221	99	3613	91846	1923	0	0
15950	99	3613	91846	3309	1560	2804	99	3610	91852	1923	0	0
15951	99	3610	91852	2721	3364	2	99	3608	91856	1924	0	0
15952	99	3608	91856	2551	3096	2259	99	3605	91862	1924	0	0
15953	99	3605	91862	2944	2737	3048	99	3602	91868	1924	0	0
15954	99	3602	91868	708	2096	868	99	3599	91874	1924	0	0
15955	99	3599	91874	3585	948	3571	99	3596	91880	1924	0	0
15956	99	3596	91880	2385	221	932	99	3593	91886	1924	0	0
15957	99	3593	91886	769	333	226	99	3590	91892	1924	0	0
15958	99	3590	91892	462	2409	2431	99	3587	91898	1924	0	0
15959	99	3587	91898	698	60	2153	99	3585	91902	1925	0	0
15960	99	3585	91902	2742	1847	3088	99	3582	91908	1925	0	0
15961	99	3582	91908	3014	2937	2968	99	3579	91914	1925	0	0
15962	99	3579	91914	3134	1615	2055	99	3576	91920	1925	0	0
15963	99	3576	91920	3595	2056	2680	99	3573	91926	1925	0	0
15964	99	3573	91926	2213	362	3105	99	3570	91932	1925	0	0
15965	99	3570	91932	3298	1291	1949	99	3567	91938	1925	0	0
15966	99	3567	91938	3422	42	1710	99	3565	91942	1926	0	0
15967	99	3565	91942	1872	2686	1307	99	3562	91948	1926	0	0
15968	99	3562	91948	1938	2851	590	99	3559	91954	1926	0	0
15969	99	3559	91954	1259	569	1238	99	3556	91960	1926	0	0
15970	99	3556	91960	3336	291	323	99	3553	91966	1926	0	0
15971	99	3553	91966	2472	1933	1115	99	3550	91972	1926	0	0
15972	99	3550	91972	3560	300	2774	99	3547	91978	1926	0	0
15973	99	3547	91978	471	1217	1806	99	3544	91984	1926	0	0
15974	99	3544	91984	668	3154	2230	99	3541	91990	1926	0	0
15975	99	3541	91990	3055	2926	3082	99	3538	91996	1926	0	0
15976	99	3538	91996	2915	3424	2851	99	3535	92002	1926	0	0
15977	99	3535	92002	385	711	3326	99	3532	92008	1926	0	0
15978	99	3532	92008	3206	2133	1440	99	3529	92014	1926	0	0
15979	99	3529	92014	1066	3119	1358	99	3526	92020	1926	0	0
15980	99	3526	92020	1270	1477	3063	99	3523	92026	1926	0	0
15981	99	3523	92026	2316	2682	2841	99	3520	92032	1926	0	0
15982	99	3520	92032	2924	1673	3318	99	3517	92038	1926	0	0
15983	99	3517	92038	2029	2507	1449	99	3514	92044	1926	0	0
15984	99	3514	92044	1767	2761	2603	99	3511	92050	1926	0	0
15985	99	3511	92050	1143	77	3552	99	3509	92054	1927	0	0
15986	99	3509	92054	3058	955	1781	99	3506	92060	1927	0	0
15987	99	3506	92060	1329	75	1647	99	3504	92064	1928	0	0
15988	99	3504	92064	2502	748	2262	99	3501	92070	1928	0	0
15989	99	3501	92070	1578	2293	772	99	3498	92076	1928	0	0
15990	99	3498	92076	2111	698	421	99	3495	92082	1928	0	0
15991	99	3495	92082	1898	1858	902	99	3492	92088	1928	0	0
15992	99	3492	92088	10	1749	3275	99	3490	92092	1929	0	0
15993	99	3490	92092	2847	1845	1907	99	3487	92098	1929	0	0
15994	99	3487	92098	518	2167	1426	99	3484	92104	1929	0	0
15995	99	3484	92104	1992	1740	2705	99	3481	92110	1929	0	0
15996	99	3481	92110	2502	3504	173	99	3478	92116	1929	0	0
15997	99	3478	92116	658	3348	1545	99	3475	92122	1929	0	0
15998	99	3475	92122	1848	443	2778	99	3472	92128	1929	0	0
15999	99	3472	92128	3448	2259	281	99	3469	92134	1929	0	0
16000	99	3469	92134	2625	1254	1940	99	3466	92140	1929	0	0
16001	99	3466	92140	671	2409	550	99	3463	92146	1929	0	0
16002	99	3463	92146	876	2161	89	99	3461	92150	1930	0	0
16003	99	3461	92150	2738	2324	567	99	3458	92156	1930	0	0
16004	99	3458	92156	2984	2691	2005	99	3455	92162	1930	0	0
16005	99	3455	92162	1980	2268	315	99	3452	92168	1930	0	0
16006	99	3452	92168	3067	3193	3095	99	3449	92174	1930	0	0
16007	99	3449	92174	427	1360	1143	99	3446	92180	1930	0	0
16008	99	3446	92180	2104	3153	2395	99	3443	92186	1930	0	0
16009	99	3443	92186	1239	85	3103	99	3441	92190	1931	0	0
16010	99	3441	92190	28	1384	14	100	3820	92192	1933	380	0
16011	100	3820	92192	2270	770	2298	100	3817	92198	1933	0	0
16012	100	3817	92198	1160	2750	2524	100	3814	92204	1933	0	0
16013	100	3814	92204	3258	2850	3108	100	3811	92210	1933	0	0
16014	100	3811	92210	3181	2745	1243	100	3808	92216	1933	0	0
16015	100	3808	92216	60	211	1749	100	3806	92220	1934	0	0
16016	100	3806	92220	2711	383	612	100	3803	92226	1934	0	0
16017	100	3803	92226	2016	2914	541	100	3800	92232	1934	0	0
16018	100	3800	92232	584	636	1648	100	3797	92238	1934	0	0
16019	100	3797	92238	1629	3852	663	100	3794	92244	1934	0	0
16020	100	3794	92244	1454	2338	2935	100	3791	92250	1934	0	0
16021	100	3791	92250	265	2804	3397	100	3788	92256	1934	0	0
16022	100	3788	92256	2506	2559	1183	100	3785	92262	1934	0	0
16023	100	3785	92262	3313	2521	2636	100	3782	92268	1934	0	0
16024	100	3782	92268	1150	3215	619	100	3779	92274	1934	0	0
16025	100	3779	92274	1073	3666	2368	100	3776	92280	1934	0	0
16026	100	3776	92280	1971	417	2726	100	3773	92286	1934	0	0
16027	100	3773	92286	1897	512	1279	100	3770	92292	1934	0	0
16028	100	3770	92292	3466	692	2853	100	3767	92298	1934	0	0
16029	100	3767	92298	1567	2342	1097	100	3764	92304	1934	0	0
16030	100	3764	92304	2639	1158	3403	100	3761	92310	1934	0	0
16031	100	3761	92310	2579	1202	3581	100	3758	92316	1934	0	0
16032	100	3758	92316	3687	2117	2860	100	3755	92322	1934	0	0
16033	100	3755	92322	3700	2311	236	100	3752	92328	1934	0	0
16034	100	3752	92328	446	864	2432	100	3749	92334	1934	0	0
16035	100	3749	92334	3730	3684	2137	100	3746	92340	1934	0	0
16036	100	3746	92340	3528	2455	3025	100	3743	92346	1934	0	0
16037	100	3743	92346	3164	442	2889	100	3740	92352	1934	0	0
16038	100	3740	92352	987	3713	1610	100	3737	92358	1934	0	0
16039	100	3737	92358	1152	741	2176	100	3734	92364	1934	0	0
16040	100	3734	92364	682	3396	3187	100	3731	92370	1934	0	0
16041	100	3731	92370	1638	3022	255	100	3728	92376	1934	0	0
16042	100	3728	92376	280	3222	2890	100	3725	92382	1934	0	0
16043	100	3725	92382	1232	1918	3603	100	3722	92388	1934	0	0
16044	100	3722	92388	1529	1798	3352	100	3719	92394	1934	0	0
16045	100	3719	92394	1738	195	1301	100	3716	92400	1934	0	0
16046	100	3716	92400	1147	822	3158	100	3713	92406	1934	0	0
16047	100	3713	92406	2763	1432	530	100	3710	92412	1934	0	0
16048	100	3710	92412	3281	819	3092	100	3707	92418	1934	0	0
16049	100	3707	92418	1426	3209	2979	100	3704	92424	1934	0	0
16050	100	3704	92424	1499	2141	374	100	3701	92430	1934	0	0
16051	100	3701	92430	2838	3425	2555	100	3698	92436	1934	0	0
16052	100	3698	92436	86	1385	2134	100	3696	92440	1935	0	0
16053	100	3696	92440	773	306	1346	100	3693	92446	1935	0	0
16054	100	3693	92446	2992	2043	2181	100	3690	92452	1935	0	0
16055	100	3690	92452	1372	291	2784	100	3687	92458	1935	0	0
16056	100	3687	92458	1226	325	3652	100	3684	92464	1935	0	0
16057	100	3684	92464	1666	28	3270	100	3682	92468	1936	0	0
16058	100	3682	92468	2477	2595	3697	100	3679	92474	1936	0	0
16059	100	3679	92474	2817	717	1603	100	3676	92480	1936	0	0
16060	100	3676	92480	1702	203	2761	100	3673	92486	1936	0	0
16061	100	3673	92486	3505	744	1928	100	3670	92492	1936	0	0
16062	100	3670	92492	3743	1836	2810	100	3667	92498	1936	0	0
16063	100	3667	92498	3273	606	2364	100	3664	92504	1936	0	0
16064	100	3664	92504	48	2530	1259	100	3662	92508	1937	0	0
16065	100	3662	92508	3027	2850	1804	100	3659	92514	1937	0	0
16066	100	3659	92514	2855	1893	1683	100	3656	92520	1937	0	0
16067	100	3656	92520	1881	454	2525	100	3653	92526	1937	0	0
16068	100	3653	92526	2553	2979	2143	100	3650	92532	1937	0	0
16069	100	3650	92532	2060	1288	3716	100	3647	92538	1937	0	0
16070	100	3647	92538	255	3713	87	100	3645	92542	1938	0	0
16071	100	3645	92542	979	1183	153	100	3642	92548	1938	0	0
16072	100	3642	92548	3735	838	887	100	3639	92554	1938	0	0
16073	100	3639	92554	1027	1387	3556	100	3636	92560	1938	0	0
16074	100	3636	92560	2910	3655	226	100	3633	92566	1938	0	0
16075	100	3633	92566	2046	1622	1835	100	3630	92572	1938	0	0
16076	100	3630	92572	423	696	2363	100	3627	92578	1938	0	0
16077	100	3627	92578	282	195	1131	100	3624	92584	1938	0	0
16078	100	3624	92584	2419	1798	748	100	3621	92590	1938	0	0
16079	100	3621	92590	2029	1403	3167	100	3618	92596	1938	0	0
16080	100	3618	92596	2050	2003	3115	100	3615	92602	1938	0	0
16081	100	3615	92602	58	1423	692	100	3613	92606	1939	0	0
16082	100	3613	92606	1817	2338	21	100	3611	92610	1940	0	0
16083	100	3611	92610	390	1750	989	100	3608	92616	1940	0	0
16084	100	3608	92616	438	1612	2077	100	3605	92622	1940	0	0
16085	100	3605	92622	2233	2395	3229	100	3602	92628	1940	0	0
16086	100	3602	92628	2505	1241	732	100	3599	92634	1940	0	0
16087	100	3599	92634	2273	3202	725	100	3596	92640	1940	0	0
16088	100	3596	92640	2161	3478	3147	100	3593	92646	1940	0	0
16089	100	3593	92646	932	756	1918	100	3590	92652	1940	0	0
16090	100	3590	92652	3527	1638	1193	100	3587	92658	1940	0	0
16091	100	3587	92658	1041	1404	1174	100	3584	92664	1940	0	0
16092	100	3584	92664	2758	2061	169	100	3581	92670	1940	0	0
16093	100	3581	92670	712	3044	627	100	3578	92676	1940	0	0
16094	100	3578	92676	2408	1042	1434	100	3575	92682	1940	0	0
16095	100	3575	92682	750	1952	203	100	3572	92688	1940	0	0
16096	100	3572	92688	2332	2820	417	100	3569	92694	1940	0	0
16097	100	3569	92694	983	3066	1642	100	3566	92700	1940	0	0
16098	100	3566	92700	2665	27	757	100	3564	92704	1941	0	0
16099	100	3564	92704	1243	229	1442	100	3561	92710	1941	0	0
16100	100	3561	92710	1829	539	213	100	3558	92716	1941	0	0
16101	100	3558	92716	3407	2480	758	100	3555	92722	1941	0	0
16102	100	3555	92722	2785	419	1418	100	3552	92728	1941	0	0
16103	100	3552	92728	323	2242	922	100	3549	92734	1941	0	0
16104	100	3549	92734	1062	2681	1044	100	3546	92740	1941	0	0
16105	100	3546	92740	563	1783	774	100	3543	92746	1941	0	0
16106	100	3543	92746	1924	882	3393	100	3540	92752	1941	0	0
16107	100	3540	92752	1263	321	2031	100	3537	92758	1941	0	0
16108	100	3537	92758	670	1800	901	100	3534	92764	1941	0	0
16109	100	3534	92764	1151	3591	2005	100	3531	92770	1941	0	0
16110	100	3531	92770	724	2718	2964	100	3528	92776	1941	0	0
16111	100	3528	92776	1032	72	503	100	3526	92780	1942	0	0
16112	100	3526	92780	1085	2401	1193	100	3523	92786	1942	0	0
16113	100	3523	92786	2206	2640	1766	100	3520	92792	1942	0	0
16114	100	3520	92792	2775	331	1668	100	3517	92798	1942	0	0
16115	100	3517	92798	939	2318	734	100	3514	92804	1942	0	0
16116	100	3514	92804	1787	2502	943	100	3511	92810	1942	0	0
16117	100	3511	92810	1384	662	1917	100	3508	92816	1942	0	0
16118	100	3508	92816	590	3380	1576	100	3505	92822	1942	0	0
16119	100	3505	92822	3036	3194	483	100	3502	92828	1942	0	0
16120	100	3502	92828	742	362	170	100	3499	92834	1942	0	0
16121	100	3499	92834	1240	3509	3534	100	3496	92840	1942	0	0
16122	100	3496	92840	1497	2791	2022	100	3493	92846	1942	0	0
16123	100	3493	92846	1999	2642	859	100	3490	92852	1942	0	0
16124	100	3490	92852	1896	3504	1154	100	3487	92858	1942	0	0
16125	100	3487	92858	2290	1355	1343	100	3484	92864	1942	0	0
16126	100	3484	92864	1085	1948	2040	100	3481	92870	1942	0	0
16127	100	3481	92870	2749	1236	806	100	3478	92876	1942	0	0
16128	100	3478	92876	1329	1299	3379	100	3475	92882	1942	0	0
16129	100	3475	92882	451	1421	3387	100	3472	92888	1942	0	0
16130	100	3472	92888	802	525	2358	100	3469	92894	1942	0	0
16131	100	3469	92894	2660	149	3029	100	3466	92900	1942	0	0
16132	100	3466	92900	712	2055	2314	100	3463	92906	1942	0	0
16133	100	3463	92906	2977	2023	870	100	3460	92912	1942	0	0
16134	100	3460	92912	1363	2296	1556	100	3457	92918	1942	0	0
16135	100	3457	92918	2775	3082	879	100	3454	92924	1942	0	0
16136	100	3454	92924	1522	1622	694	100	3451	92930	1942	0	0
16137	100	3451	92930	995	343	2800	100	3448	92936	1942	0	0
16138	100	3448	92936	3090	1564	449	100	3445	92942	1942	0	0
16139	100	3445	92942	127	1976	2203	100	3442	92948	1942	0	0
16140	100	3442	92948	1855	3338	553	100	3439	92954	1942	0	0
16141	100	3439	92954	2108	3281	167	100	3436	92960	1942	0	0
16142	100	3436	92960	1424	169	2744	100	3433	92966	1942	0	0
16143	100	3433	92966	2298	1307	529	100	3430	92972	1942	0	0
16144	100	3430	92972	147	492	542	100	3427	92978	1942	0	0
16145	100	3427	92978	2191	188	92	100	3425	92982	1943	0	0
16146	100	3425	92982	1111	367	2526	100	3422	92988	1943	0	0
16147	100	3422	92988	2408	2759	1936	100	3419	92994	1943	0	0
16148	100	3419	92994	3272	1536	1816	100	3416	93000	1943	0	0
16149	100	3416	93000	216	2896	2587	100	3413	93006	1943	0	0
16150	100	3413	93006	3425	1054	1257	100	3410	93012	1943	0	0
16151	100	3410	93012	2240	2024	516	100	3407	93018	1943	0	0
16152	100	3407	93018	3413	2854	6	100	3405	93022	1944	0	0
16153	100	3405	93022	169	321	2977	100	3402	93028	1944	0	0
16154	100	3402	93028	2956	2583	2032	100	3399	93034	1944	0	0
16155	100	3399	93034	1846	316	2283	100	3396	93040	1944	0	0
16156	100	3396	93040	2093	1688	2136	100	3393	93046	1944	0	0
16157	100	3393	93046	1616	654	2143	100	3390	93052	1944	0	0
16158	100	3390	93052	1195	747	1782	100	3387	93058	1944	0	0
16159	100	3387	93058	3072	794	25	100	3385	93062	1945	0	0
16160	100	3385	93062	2985	1539	3137	100	3382	93068	1945	0	0
16161	100	3382	93068	2331	1423	644	100	3379	93074	1945	0	0
16162	100	3379	93074	2002	1247	1093	100	3376	93080	1945	0	0
16163	100	3376	93080	2409	3053	1904	100	3373	93086	1945	0	0
16164	100	3373	93086	1646	862	2994	100	3370	93092	1945	0	0
16165	100	3370	93092	1483	1416	861	100	3367	93098	1945	0	0
16166	100	3367	93098	2648	2518	999	100	3364	93104	1945	0	0
16167	100	3364	93104	3158	2500	2282	100	3361	93110	1945	0	0
16168	100	3361	93110	3180	3309	1193	100	3358	93116	1945	0	0
16169	100	3358	93116	1099	1771	2596	100	3355	93122	1945	0	0
16170	100	3355	93122	2967	1910	297	100	3352	93128	1945	0	0
16171	100	3352	93128	1615	3221	2338	100	3349	93134	1945	0	0
16172	100	3349	93134	1320	3357	2033	100	3346	93140	1945	0	0
16173	100	3346	93140	3207	105	1299	100	3343	93146	1945	0	0
16174	100	3343	93146	3051	431	2113	100	3340	93152	1945	0	0
16175	100	3340	93152	1932	3295	930	100	3337	93158	1945	0	0
16176	100	3337	93158	2859	682	2489	100	3334	93164	1945	0	0
16177	100	3334	93164	2623	1748	3260	100	3331	93170	1945	0	0
16178	100	3331	93170	569	1739	736	100	3328	93176	1945	0	0
16179	100	3328	93176	2380	2430	343	100	3325	93182	1945	0	0
16180	100	3325	93182	3400	18	2179	100	3323	93186	1946	0	0
16181	100	3323	93186	1998	999	494	100	3320	93192	1946	0	0
16182	100	3320	93192	2968	1270	2831	100	3317	93198	1946	0	0
16183	100	3317	93198	2387	776	1411	100	3314	93204	1946	0	0
16184	100	3314	93204	2205	1215	1092	100	3311	93210	1946	0	0
16185	100	3311	93210	43	1209	1638	100	3309	93214	1947	0	0
16186	100	3309	93214	2438	181	2538	100	3306	93220	1947	0	0
16187	100	3306	93220	2801	3006	797	100	3303	93226	1947	0	0
16188	100	3303	93226	2207	14	2034	100	3301	93230	1948	0	0
16189	100	3301	93230	2751	1018	867	100	3298	93236	1948	0	0
16190	100	3298	93236	2784	3318	1212	100	3295	93242	1948	0	0
16191	100	3295	93242	1488	3392	2468	100	3292	93248	1948	0	0
16192	100	3292	93248	1236	866	3206	100	3289	93254	1948	0	0
16193	100	3289	93254	1975	2507	1644	100	3286	93260	1948	0	0
16194	100	3286	93260	2304	2599	2679	100	3283	93266	1948	0	0
16195	100	3283	93266	1670	571	2188	100	3280	93272	1948	0	0
16196	100	3280	93272	2738	1572	398	100	3277	93278	1948	0	0
16197	100	3277	93278	1377	1673	2237	100	3274	93284	1948	0	0
16198	100	3274	93284	910	1253	1228	100	3271	93290	1948	0	0
16199	100	3271	93290	2938	2281	2544	100	3268	93296	1948	0	0
16200	100	3268	93296	607	805	1926	100	3265	93302	1948	0	0
16201	100	3265	93302	604	1583	3125	100	3262	93308	1948	0	0
16202	100	3262	93308	2593	2753	545	100	3259	93314	1948	0	0
16203	100	3259	93314	2654	1349	210	100	3256	93320	1948	0	0
16204	100	3256	93320	3211	2722	47	100	3254	93324	1949	0	0
16205	100	3254	93324	988	2775	1983	100	3251	93330	1949	0	0
16206	100	3251	93330	1454	2147	434	100	3248	93336	1949	0	0
16207	100	3248	93336	610	528	3261	100	3245	93342	1949	0	0
16208	100	3245	93342	1134	1479	603	100	3242	93348	1949	0	0
16209	100	3242	93348	2896	2145	889	100	3239	93354	1949	0	0
16210	100	3239	93354	1138	46	2231	100	3237	93358	1950	0	0
16211	100	3237	93358	779	2019	1664	100	3234	93364	1950	0	0
16212	100	3234	93364	1471	2673	3325	100	3231	93370	1950	0	0
16213	100	3231	93370	692	367	1685	100	3228	93376	1950	0	0
16214	100	3228	93376	2499	2295	3290	100	3225	93382	1950	0	0
16215	100	3225	93382	773	2166	3043	100	3222	93388	1950	0	0
16216	100	3222	93388	1204	1704	2427	100	3219	93394	1950	0	0
16217	100	3219	93394	1488	2446	3232	100	3216	93400	1950	0	0
16218	100	3216	93400	1167	165	308	100	3213	93406	1950	0	0
16219	100	3213	93406	42	2177	247	100	3211	93410	1951	0	0
16220	100	3211	93410	3191	1577	1599	100	3208	93416	1951	0	0
16221	100	3208	93416	2087	2331	461	100	3205	93422	1951	0	0
16222	100	3205	93422	385	1312	497	100	3202	93428	1951	0	0
16223	100	3202	93428	187	2985	659	100	3199	93434	1951	0	0
16224	100	3199	93434	2104	996	1563	100	3196	93440	1951	0	0
16225	100	3196	93440	635	690	1987	100	3193	93446	1951	0	0
16226	100	3193	93446	3104	1878	2911	100	3190	93452	1951	0	0
16227	100	3190	93452	935	84	1462	100	3188	93456	1952	0	0
16228	100	3188	93456	300	2839	866	100	3185	93462	1952	0	0
16229	100	3185	93462	1977	972	2109	100	3182	93468	1952	0	0
16230	100	3182	93468	152	484	1893	100	3179	93474	1952	0	0
16231	100	3179	93474	482	2214	3042	100	3176	93480	1952	0	0
16232	100	3176	93480	625	2633	532	100	3173	93486	1952	0	0
16233	100	3173	93486	842	3030	949	100	3170	93492	1952	0	0
16234	100	3170	93492	1804	29	1818	100	3168	93496	1953	0	0
16235	100	3168	93496	3027	3145	2184	100	3165	93502	1953	0	0
16236	100	3165	93502	1621	277	3156	100	3162	93508	1953	0	0
16237	100	3162	93508	975	224	43	100	3160	93512	1954	0	0
16238	100	3160	93512	428	1673	687	100	3157	93518	1954	0	0
16239	100	3157	93518	3063	2719	574	100	3154	93524	1954	0	0
16240	100	3154	93524	502	765	821	100	3151	93530	1954	0	0
16241	100	3151	93530	1947	299	2123	100	3148	93536	1954	0	0
16242	100	3148	93536	3069	1825	1115	100	3145	93542	1954	0	0
16243	100	3145	93542	2117	2820	2910	100	3142	93548	1954	0	0
16244	100	3142	93548	1178	1642	374	100	3139	93554	1954	0	0
16245	100	3139	93554	1008	273	1186	100	3136	93560	1954	0	0
16246	100	3136	93560	1620	1513	2963	100	3133	93566	1954	0	0
16247	100	3133	93566	1530	2215	2479	100	3130	93572	1954	0	0
16248	100	3130	93572	3178	745	2150	100	3127	93578	1954	0	0
16249	100	3127	93578	2404	348	2898	100	3124	93584	1954	0	0
16250	100	3124	93584	1868	889	955	100	3121	93590	1954	0	0
16251	100	3121	93590	3032	1313	1144	100	3118	93596	1954	0	0
16252	100	3118	93596	2916	2558	506	100	3115	93602	1954	0	0
16253	100	3115	93602	1394	1635	945	100	3112	93608	1954	0	0
16254	100	3112	93608	846	1187	1240	100	3109	93614	1954	0	0
16255	100	3109	93614	2327	988	1722	100	3106	93620	1954	0	0
16256	100	3106	93620	514	1604	2442	100	3103	93626	1954	0	0
16257	100	3103	93626	2002	286	2717	100	3100	93632	1954	0	0
16258	100	3100	93632	1076	21	1807	100	3098	93636	1955	0	0
16259	100	3098	93636	2674	2953	1022	100	3095	93642	1955	0	0
16260	100	3095	93642	1971	2290	2553	100	3092	93648	1955	0	0
16261	100	3092	93648	2237	782	1118	100	3089	93654	1955	0	0
16262	100	3089	93654	598	2708	2530	100	3086	93660	1955	0	0
16263	100	3086	93660	887	825	485	100	3083	93666	1955	0	0
16264	100	3083	93666	172	1989	2082	100	3080	93672	1955	0	0
16265	100	3080	93672	724	1111	2633	100	3077	93678	1955	0	0
16266	100	3077	93678	9	1853	2308	100	3075	93682	1956	0	0
16267	100	3075	93682	3090	2829	1108	100	3072	93688	1956	0	0
16268	100	3072	93688	387	2331	746	100	3069	93694	1956	0	0
16269	100	3069	93694	2882	2634	1989	100	3066	93700	1956	0	0
16270	100	3066	93700	242	540	2051	100	3063	93706	1956	0	0
16271	100	3063	93706	1613	3061	672	100	3060	93712	1956	0	0
16272	100	3060	93712	593	842	1808	100	3057	93718	1956	0	0
16273	100	3057	93718	2488	1539	2793	100	3054	93724	1956	0	0
16274	100	3054	93724	603	2926	2990	100	3051	93730	1956	0	0
16275	100	3051	93730	1888	3146	1276	100	3048	93736	1956	0	0
16276	100	3048	93736	2468	982	2725	100	3045	93742	1956	0	0
16277	100	3045	93742	114	1648	2235	100	3042	93748	1956	0	0
16278	100	3042	93748	2198	3062	2522	100	3039	93754	1956	0	0
16279	100	3039	93754	1266	712	11	100	3037	93758	1957	0	0
16280	100	3037	93758	585	2345	1265	100	3034	93764	1957	0	0
16281	100	3034	93764	2710	452	2123	100	3031	93770	1957	0	0
16282	100	3031	93770	1452	2380	1824	100	3028	93776	1957	0	0
16283	100	3028	93776	510	1181	1934	100	3025	93782	1957	0	0
16284	100	3025	93782	679	1337	1681	100	3022	93788	1957	0	0
16285	100	3022	93788	1280	617	619	100	3019	93794	1957	0	0
16286	100	3019	93794	2698	1686	1341	100	3016	93800	1957	0	0
16287	100	3016	93800	732	2628	1071	100	3013	93806	1957	0	0
16288	100	3013	93806	2663	1692	589	100	3010	93812	1957	0	0
16289	100	3010	93812	727	2853	2427	100	3007	93818	1957	0	0
16290	100	3007	93818	1359	1573	190	100	3004	93824	1957	0	0
16291	100	3004	93824	2000	2856	1645	100	3001	93830	1957	0	0
16292	100	3001	93830	2106	2862	238	100	2998	93836	1957	0	0
16293	100	2998	93836	2842	177	1280	100	2995	93842	1957	0	0
16294	100	2995	93842	984	2214	1256	100	2992	93848	1957	0	0
16295	100	2992	93848	1552	379	90	100	2990	93852	1958	0	0
16296	100	2990	93852	5	1159	361	100	2988	93856	1959	0	0
16297	100	2988	93856	601	1643	184	100	2985	93862	1959	0	0
16298	100	2985	93862	1474	2129	955	100	2982	93868	1959	0	0
16299	100	2982	93868	2849	1382	1449	100	2979	93874	1959	0	0
16300	100	2979	93874	617	1846	623	100	2976	93880	1959	0	0
16301	100	2976	93880	2709	2272	1562	100	2973	93886	1959	0	0
16302	100	2973	93886	535	278	2164	100	2970	93892	1959	0	0
16303	100	2970	93892	1458	1425	226	100	2967	93898	1959	0	0
16304	100	2967	93898	2207	85	999	100	2965	93902	1960	0	0
16305	100	2965	93902	491	1786	1815	100	2962	93908	1960	0	0
16306	100	2962	93908	2153	1448	2419	100	2959	93914	1960	0	0
16307	100	2959	93914	3026	114	86	100	2957	93918	1961	0	0
16308	100	2957	93918	2852	868	311	100	2954	93924	1961	0	0
16309	100	2954	93924	607	2747	981	100	2951	93930	1961	0	0
16310	100	2951	93930	561	451	2801	100	2948	93936	1961	0	0
16311	100	2948	93936	194	2471	2747	100	2945	93942	1961	0	0
16312	100	2945	93942	688	395	915	100	2942	93948	1961	0	0
16313	100	2942	93948	2657	1496	898	100	2939	93954	1961	0	0
16314	100	2939	93954	37	2840	2761	100	2937	93958	1962	0	0
16315	100	2937	93958	457	478	143	100	2934	93964	1962	0	0
16316	100	2934	93964	1881	1053	2551	100	2931	93970	1962	0	0
16317	100	2931	93970	2956	356	2800	100	2928	93976	1962	0	0
16318	100	2928	93976	1116	2366	2327	100	2925	93982	1962	0	0
16319	100	2925	93982	272	1197	426	100	2922	93988	1962	0	0
16320	100	2922	93988	2676	1797	2707	100	2919	93994	1962	0	0
16321	100	2919	93994	692	1110	1900	100	2916	94000	1962	0	0
16322	100	2916	94000	1634	843	2354	100	2913	94006	1962	0	0
16323	100	2913	94006	1201	2238	172	100	2910	94012	1962	0	0
16324	100	2910	94012	1093	2487	151	100	2907	94018	1962	0	0
16325	100	2907	94018	1473	2779	2654	100	2904	94024	1962	0	0
16326	100	2904	94024	1480	1468	564	100	2901	94030	1962	0	0
16327	100	2901	94030	2935	801	1099	100	2898	94036	1962	0	0
16328	100	2898	94036	171	1526	227	100	2895	94042	1962	0	0
16329	100	2895	94042	2487	2631	189	100	2892	94048	1962	0	0
16330	100	2892	94048	1729	1306	1480	100	2889	94054	1962	0	0
16331	100	2889	94054	2421	1539	723	100	2886	94060	1962	0	0
16332	100	2886	94060	2817	2286	454	100	2883	94066	1962	0	0
16333	100	2883	94066	1486	1521	1022	100	2880	94072	1962	0	0
16334	100	2880	94072	2889	1481	2434	100	2877	94078	1962	0	0
16335	100	2877	94078	2482	2870	548	100	2874	94084	1962	0	0
16336	100	2874	94084	780	1074	1480	100	2871	94090	1962	0	0
16337	100	2871	94090	1607	1930	2133	100	2868	94096	1962	0	0
16338	100	2868	94096	1213	1117	913	100	2865	94102	1962	0	0
16339	100	2865	94102	2500	2333	2266	100	2862	94108	1962	0	0
16340	100	2862	94108	312	1427	2786	100	2859	94114	1962	0	0
16341	100	2859	94114	1078	1553	81	100	2857	94118	1963	0	0
16342	100	2857	94118	601	169	2627	100	2854	94124	1963	0	0
16343	100	2854	94124	343	2389	786	100	2851	94130	1963	0	0
16344	100	2851	94130	541	586	428	100	2848	94136	1963	0	0
16345	100	2848	94136	1654	277	618	100	2845	94142	1963	0	0
16346	100	2845	94142	1320	406	199	100	2842	94148	1963	0	0
16347	100	2842	94148	1810	2163	233	100	2839	94154	1963	0	0
16348	100	2839	94154	476	2389	2643	100	2836	94160	1963	0	0
16349	100	2836	94160	2265	605	1582	100	2833	94166	1963	0	0
16350	100	2833	94166	1524	2100	1943	100	2830	94172	1963	0	0
16351	100	2830	94172	435	349	1064	100	2827	94178	1963	0	0
16352	100	2827	94178	2035	1148	1407	100	2824	94184	1963	0	0
16353	100	2824	94184	83	1339	742	100	2822	94188	1964	0	0
16354	100	2822	94188	447	2676	1958	100	2819	94194	1964	0	0
16355	100	2819	94194	2614	2575	1544	100	2816	94200	1964	0	0
16356	100	2816	94200	1092	2507	83	100	2814	94204	1965	0	0
16357	100	2814	94204	480	1241	2873	100	2811	94210	1965	0	0
16358	100	2811	94210	719	1042	798	100	2808	94216	1965	0	0
16359	100	2808	94216	15	936	2746	100	2806	94220	1966	0	0
16360	100	2806	94220	2262	364	2170	100	2803	94226	1966	0	0
16361	100	2803	94226	1072	597	2609	100	2800	94232	1966	0	0
16362	100	2800	94232	1624	1530	376	100	2797	94238	1966	0	0
16363	100	2797	94238	828	2573	2097	100	2794	94244	1966	0	0
16364	100	2794	94244	1190	418	1783	100	2791	94250	1966	0	0
16365	100	2791	94250	2445	2074	273	100	2788	94256	1966	0	0
16366	100	2788	94256	1080	1527	988	100	2785	94262	1966	0	0
16367	100	2785	94262	1299	2612	2314	100	2782	94268	1966	0	0
16368	100	2782	94268	2228	82	2865	100	2780	94272	1967	0	0
16369	100	2780	94272	1294	1890	727	100	2777	94278	1967	0	0
16370	100	2777	94278	302	287	433	100	2774	94284	1967	0	0
16371	100	2774	94284	2323	1615	2856	100	2771	94290	1967	0	0
16372	100	2771	94290	2771	1383	1000	100	2768	94296	1967	0	0
16373	100	2768	94296	2436	2196	1516	100	2765	94302	1967	0	0
16374	100	2765	94302	403	1894	1761	100	2762	94308	1967	0	0
16375	100	2762	94308	1327	1886	302	100	2759	94314	1967	0	0
16376	100	2759	94314	1372	36	167	100	2757	94318	1968	0	0
16377	100	2757	94318	187	749	516	100	2754	94324	1968	0	0
16378	100	2754	94324	2852	2555	1585	100	2751	94330	1968	0	0
16379	100	2751	94330	194	2715	2318	100	2748	94336	1968	0	0
16380	100	2748	94336	2389	375	250	100	2745	94342	1968	0	0
16381	100	2745	94342	2577	2457	376	100	2742	94348	1968	0	0
16382	100	2742	94348	1078	692	2635	100	2739	94354	1968	0	0
16383	100	2739	94354	1982	800	2155	100	2736	94360	1968	0	0
16384	100	2736	94360	651	2696	595	100	2733	94366	1968	0	0
