0	-1	-1	1	0	0	2	1
1	-1	-1	1	0	0	2	1
2	0	1	2	2	1	5	2
3	0	2	3	5	2	14	13
4	1	2	3	5	2	14	13
5	3	4	6	14	13	21	36
6	2	5	8	21	36	54	119
7	0	3	4	28	66	113	455
8	0	5	7	31	71	54	119
9	1	3	4	48	110	54	119
10	6	8	15	54	119	1174	8094
11	6	9	12	54	119	110	427
12	8	9	11	54	119	71	273
13	1	12	12	71	273	1371	9779
14	5	9	10	85	373	350	1820
15	2	9	6	108	426	203	943
16	3	11	15	110	427	232	1131
17	5	7	10	113	455	173	673
18	4	6	11	132	548	169	646
19	4	12	14	150	599	195	867
20	0	4	4	169	646	237	1177
21	0	18	12	169	646	379	2019
22	4	18	14	169	646	282	1544
23	5	17	16	173	673	187	809
24	3	23	19	187	809	501	3082
25	7	19	18	195	867	237	1177
26	11	15	18	203	943	2014	16780
27	4	16	18	232	1131	463	2832
28	20	25	22	237	1177	370	1963
29	0	17	11	278	1536	1652	12611
30	7	22	18	282	1544	11787	182047
31	4	17	13	321	1710	426	2365
32	7	9	8	326	1718	884	5700
33	14	25	28	350	1820	1436	10261
34	2	16	17	356	1860	866	5534
35	11	28	34	370	1963	426	2365
36	21	23	28	379	2019	640	3852
37	31	35	47	426	2365	6899	86216
38	27	31	31	463	2832	914	5959
39	21	24	31	501	3082	1700	12990
40	14	27	28	506	3131	1845	14941
41	11	20	16	544	3402	727	4368
42	6	11	20	554	3442	1540	11184
43	12	20	15	557	3447	959	6386
44	3	6	11	561	3452	871	5560
45	19	20	18	566	3498	2014	16780
46	11	21	24	582	3580	727	4368
47	17	31	23	593	3629	836	5346
48	3	19	17	605	3687	2817	24624
49	3	17	13	616	3735	1236	8483
50	14	21	22	627	3772	8342	111669
51	15	36	34	640	3852	710	4227
52	5	51	40	710	4227	772	4809
53	41	46	40	727	4368	2688	22767
54	22	52	54	772	4809	1559	11369
55	2	12	13	797	5054	5574	65490
56	18	47	34	836	5346	982	6576
57	7	31	17	858	5491	1753	13505
58	1	34	18	866	5534	6419	78034
59	15	44	17	871	5560	1525	11097
60	21	32	20	884	5700	2778	24021
61	12	38	42	914	5959	1839	14844
62	18	27	29	934	6160	7328	91648
63	12	43	26	959	6386	5560	65137
64	2	24	21	974	6518	982	6576
65	56	64	55	982	6576	1276	8636
66	27	41	34	1028	7146	1044	7232
67	16	66	49	1044	7232	2604	21765
68	1	20	5	1112	7797	1156	8027
69	19	36	42	1119	7834	1868	15257
70	32	68	13	1156	8027	2509	20485
71	8	16	22	1167	8069	1276	8636
72	8	10	22	1174	8094	2887	25632
73	19	43	29	1195	8216	1335	9495
74	1	18	12	1205	8299	3512	34894
75	14	49	23	1236	8483	2374	19215
76	21	65	67	1276	8636	1750	13473
77	21	71	34	1276	8636	4897	54620
78	65	71	77	1276	8636	3471	33982
79	3	73	32	1335	9495	1559	11369
80	10	49	28	1363	9722	1427	10188
81	13	31	25	1371	9779	1868	15257
82	0	49	14	1380	9857	1613	12124
83	19	38	45	1416	10096	4842	53376
84	49	80	41	1427	10188	4038	41910
85	25	33	46	1436	10261	3743	38086
86	6	59	25	1525	11097	2817	24624
87	35	42	54	1540	11184	3765	38381
88	54	79	86	1559	11369	2511	20491
89	1	27	19	1565	11445	8476	114695
90	15	82	20	1613	12124	1992	16569
91	34	65	72	1624	12260	1750	13473
92	6	29	19	1652	12611	2283	18602
93	27	39	49	1700	12990	2233	18182
94	76	91	139	1750	13473	5040	57097
95	6	57	25	1753	13505	18846	352310
96	14	61	52	1839	14844	3199	29886
97	13	40	40	1845	14941	2857	25184
98	69	81	67	1868	15257	2735	23306
99	14	28	32	1933	16010	3765	38381
100	57	90	37	1992	16569	4699	50488
101	26	45	36	2014	16780	3316	31496
102	32	47	31	2039	16988	3512	34894
103	79	81	57	2056	17191	59511	1746262
104	11	31	25	2121	17680	4679	50299
105	3	93	52	2233	18182	2539	20901
106	35	39	65	2240	18232	2377	19240
107	4	92	22	2283	18602	4850	53582
108	34	69	59	2285	18606	18957	355070
109	34	75	40	2374	19215	3258	30651
110	26	106	83	2377	19240	3471	33982
111	57	81	42	2416	19806	9519	135214
112	32	70	21	2509	20485	5916	70326
113	32	88	94	2511	20491	4133	42971
114	1	105	53	2539	20901	3120	28490
115	27	54	72	2556	21121	24481	492494
116	34	67	66	2604	21765	5253	61218
117	15	53	46	2688	22767	3316	31496
118	46	79	56	2698	22862	3738	37986
119	6	82	22	2711	23106	25015	507343
120	7	69	46	2719	23166	11916	185911
121	13	98	79	2735	23306	3000	26928
122	75	81	48	2775	24010	4188	43583
123	33	60	48	2778	24021	12770	203275
124	8	91	79	2800	24293	3122	28497
125	48	86	42	2817	24624	18684	349089
126	0	97	41	2857	25184	4245	44316
127	51	72	56	2887	25632	3538	35358
128	12	79	43	2945	26311	3387	32658
129	23	106	81	2987	26774	7303	91259
130	8	121	86	3000	26928	8108	106843
131	20	43	19	3060	27849	5785	68728
132	33	51	62	3105	28330	11270	169853
133	72	114	75	3120	28490	6032	72328
134	20	124	83	3122	28497	4842	53376
135	13	96	64	3199	29886	7328	91648
136	24	66	53	3211	30025	17131	306353
137	15	109	46	3258	30651	3426	33155
138	73	124	108	3271	30855	12919	206600
139	101	117	82	3316	31496	3690	37526
140	45	128	61	3387	32658	4693	50447
141	72	137	68	3426	33155	4440	46862
142	78	110	160	3471	33982	11398	172278
143	74	102	43	3512	34894	8904	125237
144	109	127	96	3538	35358	9910	142663
145	39	66	65	3670	37291	5394	63232
146	10	139	97	3690	37526	4695	50477
147	54	118	110	3738	37986	6668	81784
148	60	85	66	3743	38086	9661	138791
149	87	99	86	3765	38381	6522	79538
150	10	57	32	3829	39787	5253	61218
151	66	88	120	3971	41254	21695	424977
152	28	67	71	3974	41266	5541	64890
153	54	84	95	4038	41910	5011	56723
154	74	113	106	4133	42971	4329	45432
155	57	69	59	4178	43492	6113	73590
156	3	122	51	4188	43583	7612	97082
157	25	126	59	4245	44316	6084	73072
158	8	154	113	4329	45432	4534	48347
159	16	139	97	4430	46784	7857	102080
160	0	141	69	4440	46862	6522	79538
161	13	158	125	4534	48347	10743	158571
162	56	88	120	4645	49925	11663	178932
163	46	104	49	4679	50299	5067	57936
164	13	110	95	4686	50382	10241	149561
165	80	140	89	4693	50447	5560	65137
166	16	146	112	4695	50477	34416	806291
167	93	100	86	4699	50488	7508	94620
168	1	102	32	4825	53132	7053	88069
169	83	134	128	4842	53376	18286	338423
170	96	107	74	4850	53582	7392	92933
171	76	77	101	4897	54620	7838	101797
172	78	153	172	5011	56723	10715	158131
173	45	140	79	5029	56944	166807	6901103
174	94	109	179	5040	57097	8263	109383
175	36	163	77	5067	57936	5555	65034
176	24	65	74	5184	60334	21802	427649
177	27	79	50	5207	60656	11108	167258
178	5	28	28	5240	61041	12350	195984
179	116	150	98	5253	61218	7591	96334
180	87	141	122	5346	62672	6662	81627
181	61	145	107	5394	63232	7553	95356
182	12	128	54	5480	64342	5924	70429
183	49	145	78	5506	64583	8358	111968
184	48	152	88	5541	64890	8358	111968
185	16	175	92	5555	65034	5926	70430
186	63	165	115	5560	65137	7857	102080
187	55	94	152	5574	65490	18957	355070
188	81	116	91	5730	68094	126552	4715332
189	121	131	98	5785	68728	404065	22573748
190	141	163	117	5791	68844	6466	78581
191	91	112	93	5916	70326	36375	866687
192	49	182	67	5924	70429	7343	91913
193	60	185	112	5926	70430	387805	21471978
194	47	133	98	6032	72328	19177	359629
195	8	157	66	6084	73072	11826	183379
196	61	155	101	6113	73590	12780	203387
197	84	146	138	6160	74344	16675	293631
198	84	131	60	6186	74860	19488	367169
199	134	137	129	6189	74872	13868	228973
200	16	45	33	6286	76618	9479	134492
201	81	94	164	6355	77486	16735	294485
202	85	127	102	6372	77602	77091	2421664
203	4	58	21	6419	78034	49979	1410922
204	51	190	151	6466	78581	23624	469867
205	48	139	99	6477	78752	6960	86991
206	149	160	155	6522	79538	37141	889218
207	59	180	139	6662	81627	45010	1199914
208	31	145	78	6665	81717	16250	285242
209	94	147	249	6668	81784	9910	142663
210	37	71	69	6899	86216	8650	118407
211	22	205	113	6960	86991	9514	135120
212	90	109	60	7025	87854	7612	97082
213	9	80	32	7045	88012	9048	128429
214	9	150	36	7045	88012	7186	89963
215	80	150	60	7045	88012	22891	452540
216	18	168	43	7053	88069	11226	169074
217	54	165	143	7124	89012	12780	203387
218	141	214	104	7186	89963	18045	330922
219	58	63	44	7300	91230	14681	245379
220	90	129	101	7303	91259	13121	210133
221	62	135	93	7328	91648	11320	170696
222	78	192	144	7343	91913	9934	143247
223	75	170	97	7392	92933	32606	746593
224	16	104	40	7421	93405	18239	336481
225	104	147	135	7471	94138	12131	190913
226	126	167	127	7508	94620	8703	119932
227	42	181	127	7553	95356	11226	169074
228	179	190	215	7591	96334	8781	121745
229	106	128	108	7604	96783	60064	1765100
230	156	212	111	7612	97082	14208	235691
231	37	171	148	7838	101797	8641	118140
232	159	186	212	7857	102080	26481	547469
233	4	70	16	7874	102566	11916	185911
234	171	205	200	7926	103567	8263	109383
235	74	126	53	8100	106778	9494	134725
236	36	130	114	8108	106843	8558	116365
237	122	141	116	8117	107068	13389	217256
238	174	234	379	8263	109383	16897	299498
239	50	205	121	8342	111669	11441	173398
240	183	184	166	8358	111968	62880	1863218
241	11	55	25	8385	112736	71223	2200896
242	6	106	73	8473	114632	24163	483823
243	89	158	132	8476	114695	19443	366113
244	34	236	131	8558	116365	12770	203275
245	149	231	234	8641	118140	63219	1878853
246	102	121	110	8644	118202	11760	181191
247	13	210	81	8650	118407	9549	135875
248	18	107	33	8690	119626	16978	302483
249	127	226	183	8703	119932	10374	151645
250	35	228	249	8781	121745	11749	180917
251	143	226	170	8904	125237	9280	131737
252	171	213	133	9048	128429	22480	443047
253	147	157	169	9130	129571	32287	735327
254	135	251	234	9280	131737	45199	1207013
255	53	192	107	9419	133820	11826	183379
256	3	94	142	9463	134303	10446	153208
257	70	200	46	9479	134492	30301	665060
258	61	235	95	9494	134725	11410	172542
259	44	211	124	9514	135120	12722	202599
260	111	153	137	9519	135214	15902	277028
261	51	86	59	9522	135232	11270	169853
262	76	247	148	9549	135875	53039	1508378
263	148	182	120	9661	138791	12239	193107
264	61	89	61	9700	139589	14487	241149
265	24	133	94	9728	140103	12400	197197
266	33	183	106	9840	141926	11645	178453
267	98	168	99	9891	142451	19177	359629
268	144	209	345	9910	142663	32648	747939
269	67	222	193	9934	143247	72785	2253014
270	76	89	86	10198	148771	28303	605937
271	42	164	115	10241	149561	252678	12146418
272	55	192	80	10247	149612	13752	225652
273	6	249	191	10374	151645	20223	390536
274	104	251	195	10399	152222	24926	504530
275	39	256	173	10446	153208	13260	214148
276	10	185	107	10584	155923	2118412	210995415
277	172	186	287	10715	158131	60190	1770763
278	135	161	189	10743	158571	14397	238984
279	133	179	173	10795	159598	17267	310691
280	88	226	213	10808	159906	24421	490706
281	8	15	13	10815	160108	17290	311302
282	139	209	331	10888	161762	56768	1649490
283	45	185	110	10971	164407	48705	1354223
284	92	177	69	11108	167258	12172	191702
285	74	100	49	11165	168244	89831	2957954
286	35	181	141	11211	168870	23207	458554
287	3	18	14	11215	168910	15141	257085
288	216	227	170	11226	169074	14874	250213
289	9	42	24	11232	169130	18032	330768
290	132	261	121	11270	169853	29274	632085
291	221	227	220	11320	170696	24989	506275
292	48	142	177	11398	172278	15746	272790
293	43	258	110	11410	172542	14565	242666
294	116	239	187	11441	173398	15670	270631
295	61	266	148	11645	178453	23224	458846
296	159	162	217	11663	178932	27619	585765
297	131	250	268	11749	180917	122886	4563147
298	7	246	114	11760	181191	31066	693850
299	30	186	133	11787	182047	17795	325241
300	195	255	173	11826	183379	20841	404563
301	120	233	62	11916	185911	14027	232588
302	38	98	98	11941	186809	18897	353447
303	67	233	65	12110	190558	22131	434762
304	183	225	213	12131	190913	14874	250213
305	163	284	118	12172	191702	14310	237507
306	6	181	115	12225	192743	17290	311302
307	148	153	161	12236	193056	42443	1111104
308	94	263	259	12239	193107	23624	469867
309	45	178	46	12350	195984	84168	2725564
310	180	265	216	12400	197197	13769	225962
311	33	131	47	12625	201346	16142	282466
312	52	259	164	12722	202599	25915	530645
313	123	244	179	12770	203275	28626	613970
314	196	217	244	12780	203387	14681	245379
315	81	86	50	12835	205005	23252	459711
316	68	236	119	12899	206332	88390	2881081
317	13	138	120	12919	206600	16230	284825
318	55	209	262	13121	210133	132791	5039133
319	55	220	114	13121	210133	16735	294485
320	209	220	350	13121	210133	18096	332307
321	8	195	73	13162	211519	14800	248657
322	128	275	216	13260	214148	69217	2118744
323	20	220	105	13281	214628	13370	216793
324	168	323	137	13370	216793	16250	285242
325	56	237	150	13389	217256	15436	265181
326	75	132	85	13463	219372	22346	439834
327	76	205	166	13494	220115	53604	1530031
328	165	186	204	13511	220681	428393	24481379
329	82	212	74	13578	222430	14401	239017
330	14	142	170	13644	223595	18668	348801
331	60	154	126	13726	225133	17240	309999
332	102	114	84	13740	225366	20701	401057
333	4	272	83	13752	225652	31088	694511
334	266	310	322	13769	225962	34865	815623
335	146	199	226	13868	228973	18045	330922
336	184	301	150	14027	232588	24481	492494
337	209	230	360	14208	235691	93408	3110513
338	34	70	30	14304	237407	32890	756832
339	98	305	185	14310	237507	16729	294358
340	172	278	361	14397	238984	15141	257085
341	68	329	79	14401	239017	20841	404563
342	28	264	83	14487	241149	19144	358927
343	121	293	189	14565	242666	20701	401057
344	219	314	288	14681	245379	19963	383221
345	18	321	84	14800	248657	58473	1713165
346	288	304	383	14874	250213	27065	569348
347	118	132	118	14921	251626	78903	2505023
348	227	321	200	14976	252834	32406	739429
349	81	141	93	15052	255032	19443	366113
350	8	214	43	15067	255452	164220	6761818
351	287	340	375	15141	257085	149425	5984107
352	96	310	268	15188	258561	26527	549282
353	150	165	121	15387	264226	90692	2992506
354	247	325	231	15436	265181	116409	4252550
355	225	234	335	15514	267074	16142	282466
356	38	110	114	15542	267650	17534	319335
357	52	226	167	15582	268564	25452	521495
358	54	294	241	15670	270631	28980	622915
359	237	292	293	15746	272790	29713	647015
360	36	171	129	15823	275070	18286	338423
361	85	154	152	15861	275911	17795	325241
362	143	260	180	15902	277028	135841	5204887
363	311	355	382	16142	282466	33737	788230
364	63	317	146	16230	284825	17131	306353
365	208	324	215	16250	285242	107681	3838198
366	47	185	115	16501	290783	28396	607976
367	34	77	51	16545	291760	38409	937168
368	127	170	130	16571	291988	234408	11006568
369	90	107	42	16664	293491	71387	2205700
370	97	197	178	16675	293631	28303	605937
371	209	339	434	16729	294358	123114	4575184
372	201	319	278	16735	294485	26642	553005
373	53	287	54	16842	298201	59087	1733441
374	199	238	508	16897	299498	115009	4181941
375	132	248	95	16978	302483	134299	5110304
376	222	230	255	17123	306205	22101	434307
377	136	364	199	17131	306353	26242	537597
378	13	293	122	17161	307415	68386	2087480
379	89	331	145	17240	309999	20507	397642
380	279	304	386	17267	310691	30409	667772
381	281	306	128	17290	311302	19223	360661
382	147	233	126	17340	313352	66564	2004781
383	109	356	154	17534	319335	17676	322428
384	221	260	230	17586	320322	19522	368473
385	46	110	107	17642	321685	54834	1573901
386	18	383	165	17676	322428	117319	4289476
387	152	214	107	17692	322917	27239	575006
388	299	361	285	17795	325241	3466186	406309490
389	120	195	112	17928	328776	316509	16317999
390	33	289	52	18032	330768	62608	1851624
391	218	335	330	18045	330922	19488	367169
392	44	320	361	18096	332307	18239	336481
393	24	79	51	18220	335929	25216	514959
394	224	392	401	18239	336481	60122	1767290
395	169	360	257	18286	338423	159016	6474989
396	15	37	53	18500	345516	42633	1117477
397	19	330	184	18668	348801	276484	13700728
398	26	125	60	18684	349089	24933	504678
399	95	98	92	18846	352310	138419	5341116
400	124	356	193	18854	352529	51208	1452747
401	174	302	277	18897	353447	26739	556874
402	108	187	211	18957	355070	24987	506274
403	137	236	160	19039	356866	109875	3953806
404	214	342	119	19144	358927	24421	490706
405	194	267	197	19177	359629	60030	1763743
406	7	381	132	19223	360661	2410368	249950003
407	55	227	140	19285	362084	24153	483638
408	243	349	225	19443	366113	54911	1576595
409	198	391	390	19488	367169	97250	3297816
410	44	384	241	19522	368473	21552	420403
411	20	155	63	19525	368479	43829	1153680
412	6	199	137	19535	368860	36210	859211
413	212	361	212	19541	368909	33268	771695
414	98	141	135	19560	369959	35390	831988
415	129	263	201	19563	369986	35811	846803
416	3	101	39	19710	375743	35811	846803
417	20	392	365	19768	377618	30666	679245
418	50	113	116	19941	382639	38364	935410
419	255	344	395	19963	383221	23316	461159
420	113	237	210	20070	386486	27470	581144
421	227	294	314	20124	387939	394305	21953645
422	104	273	216	20223	390536	37134	889103
423	32	186	123	20375	394883	76449	2390861
424	2	37	49	20481	396964	26115	534485
425	99	379	177	20507	397642	34646	810996
426	243	325	282	20663	400449	20789	403285
427	332	343	273	20701	401057	52264	1484930
428	58	426	300	20789	403285	44476	1181269
429	300	341	252	20841	404563	410459	23038723
430	92	222	163	20973	408727	21536	419671
431	168	305	150	21158	413232	40890	1046653
432	154	261	165	21303	415863	115564	4213172
433	82	143	57	21378	416963	33417	777445
434	239	261	180	21383	417047	123032	4570364
435	76	325	217	21470	418337	272802	13476524
436	299	379	278	21487	418548	41942	1092250
437	129	237	197	21491	418580	34767	813690
438	299	311	180	21510	418973	100025	3421632
439	1	430	164	21536	419671	30792	684257
440	319	410	355	21552	420403	48705	1354223
441	89	151	139	21695	424977	31145	696479
442	42	176	94	21802	427649	24659	497755
443	52	383	194	21835	428444	36026	853426
444	66	76	101	21837	428448	58707	1720761
445	13	157	71	21856	429056	26642	553005
446	5	155	65	22099	434305	87568	2843186
447	82	376	269	22101	434307	47840	1316093
448	28	303	87	22131	434762	156109	6337685
449	3	392	364	22299	438505	36267	861176
450	12	279	184	22338	439661	37946	916807
451	30	326	103	22346	439834	49436	1391434
452	264	383	215	22385	440848	59711	1752952
453	110	252	216	22480	443047	28626	613970
454	61	320	392	22588	445195	26242	537597
455	161	410	366	22669	447108	45895	1248738
456	246	335	336	22823	450972	23569	468155
457	101	215	96	22891	452540	35084	821843
458	78	111	119	23055	455850	56399	1634816
459	75	158	136	23149	457575	57717	1685676
460	39	248	64	23184	458173	76449	2390861
461	108	286	200	23207	458554	25915	530645
462	275	295	321	23224	458846	78011	2461583
463	183	315	128	23252	459711	62349	1842415
464	331	419	521	23316	461159	27690	587951
465	247	456	417	23569	468155	87254	2829649
466	204	308	410	23624	469867	412297	23172074
467	78	160	146	23669	471641	31564	712169
468	340	376	616	24056	481327	37400	895982
469	221	407	233	24153	483638	88171	2870131
470	242	265	167	24163	483823	229859	10685008
471	138	146	205	24189	484735	43808	1152614
472	49	91	85	24239	486049	31851	721800
473	42	178	48	24351	488813	39121	966833
474	142	235	213	24395	490133	43590	1145734
475	280	404	332	24421	490706	52596	1494432
476	115	336	222	24481	492494	27520	582666
477	197	430	301	24579	495365	55658	1608859
478	209	442	343	24659	497755	28396	607976
479	13	196	113	24723	499877	45308	1213724
480	49	125	55	24754	500541	27959	597954
481	24	129	100	24778	501095	36059	854419
482	274	311	242	24926	504530	25075	508846
483	234	398	260	24933	504678	29944	653924
484	134	402	294	24987	506274	322764	16826441
485	291	410	461	24989	506275	46114	1258954
486	119	133	97	25015	507343	49325	1386216
487	221	482	335	25075	508846	84540	2736363
488	360	393	180	25216	514959	32298	735652
489	235	357	220	25452	521495	32343	737130
490	143	332	127	25498	522676	31847	721761
491	126	404	160	25535	523787	108980	3907880
492	104	165	114	25616	525555	27329	577531
493	97	442	134	25867	530040	59127	1734996
494	312	461	364	25915	530645	26115	534485
495	28	35	56	25996	532242	140968	5475105
496	424	494	413	26115	534485	33086	763664
497	41	377	215	26242	537597	30039	657192
498	41	454	408	26242	537597	29344	633920
499	377	454	591	26242	537597	31242	699506
500	260	482	379	26353	541957	91440	3025908
501	232	263	332	26481	547469	33093	763983
502	321	352	341	26527	549282	39974	1004147
503	111	142	202	26638	552896	54661	1569071
504	372	445	349	26642	553005	200850	8739267
505	38	407	171	26677	554336	93065	3094373
506	217	401	420	26739	556874	59953	1760962
507	126	233	57	26898	564295	35420	833431
508	233	346	399	27065	569348	1613659	146431443
509	56	387	141	27239	575006	65035	1939987
510	401	492	391	27329	577531	30403	667668
511	127	198	116	27333	577565	44271	1171884
512	336	420	360	27470	581144	29011	623534
513	74	476	234	27520	582666	43681	1148154
514	58	294	205	27531	583052	123935	4608730
515	30	296	235	27619	585765	180651	7606932
516	104	464	546	27690	587951	85641	2774262
517	17	341	89	27945	597585	28980	622915
518	115	480	127	27959	597954	34767	813690
519	172	228	387	28283	605526	49218	1381344
520	270	370	264	28303	605937	82351	2649026
521	73	115	101	28318	606397	72897	2255967
522	366	478	458	28396	607976	196472	8514308
523	313	453	395	28626	613970	35084	821843
524	32	105	60	28888	620884	35355	831020
525	228	332	299	28892	620916	38788	951777
526	140	407	201	28967	622619	30420	668508
527	358	517	330	28980	622915	165609	6831712
528	80	512	388	29011	623534	219223	9929864
529	100	313	216	29103	626897	50063	1413381
530	225	290	256	29274	632085	35115	823027
531	243	498	540	29344	633920	46114	1258954
532	305	498	526	29408	636294	83770	2706829
533	210	296	286	29559	642323	35390	831988
534	90	286	161	29678	645987	31564	712169
535	29	305	129	29698	646653	94273	3150452
536	186	359	408	29713	647015	87726	2850002
537	185	483	352	29944	653924	103503	3591900
538	50	143	65	30013	656320	35007	819617
539	208	497	293	30039	657192	153317	6202375
540	93	313	228	30074	658649	38825	953187
541	76	358	308	30288	664710	41177	1058352
542	212	257	106	30301	665060	218745	9906538
543	141	510	459	30403	667668	105752	3711333
544	20	380	390	30409	667772	37746	907899
545	91	526	273	30420	668508	38364	935410
546	25	387	125	30422	668545	63923	1907667
547	13	420	222	30492	672183	217885	9862162
548	45	417	383	30666	679245	105948	3724906
549	34	238	396	30762	682912	41068	1053246
550	145	439	229	30792	684257	33268	771695
551	145	157	124	30821	685541	72995	2259249
552	148	298	180	31066	693850	51451	1460023
553	238	333	462	31088	694511	48833	1359782
554	344	441	427	31145	696479	32298	735652
555	138	393	159	31204	698499	105236	3683678
556	331	499	717	31242	699506	45308	1213724
557	111	213	74	31291	702264	58166	1703257
558	274	361	347	31424	707051	38788	951777
559	467	534	307	31564	712169	56399	1634816
560	209	332	333	31712	717640	96335	3248677
561	392	490	488	31847	721761	47212	1293664
562	12	472	96	31851	721800	73128	2263744
563	168	172	204	31944	725258	35007	819617
564	175	220	178	31993	726616	82137	2639807
565	30	335	244	32107	730260	36241	859897
566	146	404	216	32181	732588	44025	1161788
567	70	152	84	32255	734714	45626	1236686
568	178	253	197	32287	735327	35432	833894
569	488	554	607	32298	735652	55365	1595568
570	157	489	279	32343	737130	52501	1491139
571	210	348	269	32406	739429	50424	1427980
572	155	251	229	32421	740088	48975	1367993
573	185	223	189	32606	746593	68427	2088707
574	231	268	493	32648	747939	58800	1723848
575	46	52	64	32779	753081	34190	800772
576	273	352	459	32888	756811	45269	1210406
577	317	338	150	32890	756832	62243	1838879
578	190	496	530	33086	763664	356323	19172920
579	73	501	361	33093	763983	36241	859897
580	413	550	441	33268	771695	144850	5691904
581	274	407	335	33360	774982	51745	1469144
582	219	441	183	33378	775821	74310	2303756
583	19	433	71	33417	777445	52746	1499133
584	214	232	248	33456	779110	46952	1287680
585	1	57	18	33526	781288	84136	2724357
586	87	105	106	33647	785413	50841	1440369
587	138	363	490	33737	788230	62323	1840990
588	133	401	352	33945	794312	37605	902887
589	356	370	292	33947	794327	38169	927215
590	100	134	120	34075	797898	38825	953187
591	87	575	118	34190	800772	47315	1296434
592	87	356	168	34310	803555	208733	9260119
593	9	218	108	34320	803734	58711	1720942
594	110	141	151	34364	805102	87116	2823870
595	32	575	72	34384	805540	42354	1108097
596	90	166	132	34416	806291	51228	1453476
597	161	279	298	34566	809294	37946	916807
598	28	425	199	34646	810996	525896	32080008
599	437	518	324	34767	813690	62954	1865983
600	152	334	393	34865	815623	39625	987953
601	181	526	308	34897	816470	45183	1206331
602	538	563	269	35007	819617	41133	1056050
603	281	314	257	35066	821333	91440	3025908
604	457	523	491	35084	821843	100976	3466203
605	164	530	351	35115	823027	136648	5249016
606	187	524	212	35355	831020	109595	3939082
607	414	533	421	35390	831988	53473	1522496
608	379	507	202	35420	833431	40300	1018251
609	37	568	244	35432	833894	3469553	406823305
610	65	298	169	35610	841005	59509	1746254
611	415	416	240	35811	846803	120615	4413686
612	187	352	420	35891	849254	82950	2674594
613	162	443	314	36026	853426	57484	1676015
614	18	74	23	36041	853907	58232	1705256
615	142	481	260	36059	854419	45219	1207919
616	18	116	77	36151	857436	41177	1058352
617	410	412	378	36210	859211	40372	1021785
618	30	554	445	36227	859571	40062	1007618
619	565	579	605	36241	859897	101536	3492564
620	66	449	398	36267	861176	39372	977866
621	117	191	139	36375	866687	473910	27907037
622	156	398	111	36477	870990	784860	54721869
623	73	139	111	37044	887744	59087	1733441
624	130	384	316	37088	888434	127901	4776271
625	422	568	413	37134	889103	39553	985327
626	67	206	204	37141	889218	55365	1595568
627	98	211	180	37190	890715	38879	955591
628	2	263	122	37302	893380	0	0
629	258	518	222	37328	894039	38169	927215
630	28	275	195	37365	895124	69353	2125058
631	441	468	755	37400	895982	39169	968792
632	119	526	223	37458	897948	65960	1977453
633	538	588	417	37605	902887	80409	2573164
634	136	161	178	37666	905395	165443	6822489
635	45	251	188	37741	907834	59614	1749777
636	483	544	650	37746	907899	40300	1018251
637	83	383	199	37755	908259	269999	13259636
638	450	597	482	37946	916807	497269	29713437
639	238	464	900	37992	918697	53517	1524659
640	36	66	62	38008	919429	56513	1639780
641	589	629	514	38169	927215	48535	1346690
642	99	380	418	38353	934857	42771	1121355
643	418	545	389	38364	935410	416717	23526019
644	26	367	69	38409	937168	199063	8657542
645	223	310	313	38481	940491	87707	2848699
646	525	558	646	38788	951777	41299	1065273
647	540	590	348	38825	953187	48975	1367993
648	325	627	330	38879	955591	41133	1056050
649	121	363	461	38884	955792	63672	1896544
650	69	473	90	39121	966833	73026	2260211
651	144	631	851	39169	968792	55162	1584662
652	142	150	192	39192	969618	44215	1169696
653	9	620	402	39372	977866	126814	4723271
654	83	625	458	39553	985327	540413	33208715
655	152	600	464	39625	987953	39974	1004147
656	17	492	124	39680	990554	42398	1109521
657	127	381	184	39954	1003354	59511	1746262
658	502	655	805	39974	1004147	940493	70415235
659	89	618	464	40062	1007618	43029	1129295
660	608	636	852	40300	1018251	45269	1210406
661	401	617	655	40372	1021785	69935	2153768
662	172	302	270	40377	1022111	63590	1892885
663	132	489	282	40410	1024077	118587	4336033
664	132	600	455	40491	1028489	44297	1172663
665	183	489	298	40686	1038384	50016	1411800
666	60	315	70	40716	1039891	58800	1723848
667	99	356	146	40841	1044507	53390	1519948
668	357	431	317	40890	1046653	50854	1440628
669	87	102	85	40916	1047510	83034	2677671
670	311	549	443	41068	1053246	63328	1882953
671	330	554	597	41117	1055292	41942	1092250
672	7	97	44	41127	1055890	124601	4639201
673	602	648	599	41133	1056050	97606	3313959
674	541	616	385	41177	1058352	45010	1199914
675	540	646	874	41299	1065273	43808	1152614
676	26	442	112	41523	1077216	64583	1930394
677	436	671	875	41942	1092250	76743	2401220
678	344	600	681	42007	1095117	139659	5403930
679	69	480	97	42196	1102677	217147	9823123
680	77	387	141	42337	1107562	43029	1129295
681	23	595	88	42354	1108097	43326	1138393
682	541	656	432	42398	1109521	82398	2651101
683	187	307	313	42443	1111104	48833	1359782
684	68	396	58	42633	1117477	55658	1608859
685	171	642	519	42771	1121355	280155	13919456
686	76	339	252	42955	1127217	47865	1317407
687	659	680	605	43029	1129295	153993	6229217
688	2	296	219	43194	1134645	278662	13843185
689	132	681	150	43326	1138393	45101	1203056
690	14	550	239	43434	1141653	139601	5401317
691	142	157	219	43463	1142582	98873	3374750
692	454	474	605	43590	1145734	125061	4662265
693	99	330	202	43593	1145752	81558	2622218
694	472	513	319	43681	1148154	140968	5475105
695	471	675	1079	43808	1152614	82137	2639807
696	411	595	135	43829	1153680	58341	1709371
697	5	36	34	43901	1156674	70784	2186643
698	298	616	191	43961	1159110	44215	1169696
699	370	566	394	44025	1161788	74310	2303756
700	48	83	62	44124	1165786	62087	1834561
701	144	413	308	44198	1168767	61634	1820640
702	652	698	383	44215	1169696	53390	1519948
703	338	511	146	44271	1171884	135401	5180711
704	41	664	471	44297	1172663	87568	2843186
705	75	428	323	44476	1181269	63672	1896544
706	443	467	340	44581	1185835	56905	1654209
707	46	300	197	44586	1185982	124116	4615769
708	9	105	56	44804	1193530	51968	1476060
709	39	358	272	44842	1194832	58580	1716615
710	207	674	524	45010	1199914	48478	1343985
711	518	689	277	45101	1203056	58166	1703257
712	101	512	396	45106	1203174	47577	1303357
713	252	601	441	45183	1206331	217885	9862162
714	90	254	254	45199	1207013	64009	1910930
715	36	615	288	45219	1207919	502911	30069765
716	576	660	1311	45269	1210406	65691	1962868
717	479	556	830	45308	1213724	65908	1974163
718	141	567	152	45626	1236686	69118	2115081
719	325	455	516	45895	1248738	91601	3035519
720	485	531	1001	46114	1258954	47671	1306058
721	129	681	169	46402	1272173	97636	3315472
722	239	267	220	46640	1279547	59994	1762397
723	23	123	64	46750	1282858	55162	1584662
724	172	176	246	46844	1285432	62582	1850820
725	87	584	302	46952	1287680	93078	3094637
726	215	348	260	47171	1292806	240145	11308842
727	75	561	511	47212	1293664	70987	2192083
728	306	591	233	47315	1296434	75608	2352169
729	0	507	58	47364	1297713	223844	10247520
730	190	455	483	47515	1301582	69160	2116565
731	190	712	513	47577	1303357	97058	3287096
732	209	659	713	47662	1305744	104930	3662187
733	511	720	1117	47671	1306058	105820	3714828
734	115	364	218	47714	1308585	72982	2258604
735	268	540	573	47737	1309988	126956	4730066
736	326	447	354	47840	1316093	53048	1508621
737	19	686	266	47865	1317407	57461	1675335
738	431	561	638	48219	1333647	78403	2480488
739	180	710	646	48478	1343985	87043	2820571
740	230	641	625	48535	1346690	187243	7971064
741	283	440	465	48705	1354223	56957	1656474
742	553	683	775	48833	1359782	135401	5180711
743	213	660	884	48917	1364097	104277	3632526
744	572	647	577	48975	1367993	100718	3453349
745	370	519	565	49218	1381344	66486	2000119
746	86	486	122	49325	1386216	787152	54941132
747	283	451	213	49436	1391434	51745	1469144
748	52	326	125	49462	1392616	78189	2470623
749	200	313	212	49912	1409080	51451	1460023
750	203	313	200	49979	1410922	111986	4056859
751	89	267	118	49986	1411041	178591	7497088
752	501	665	630	50016	1411800	74730	2317891
753	150	449	396	50023	1412123	65178	1945167
754	136	529	269	50063	1413381	293906	14830755
755	116	488	246	50150	1417269	51395	1458555
756	251	443	364	50159	1417487	219975	9970700
757	30	226	145	50161	1417526	66824	2019593
758	441	453	355	50244	1420680	75197	2334850
759	8	571	276	50424	1427980	67353	2044529
760	140	474	274	50635	1435194	128749	4816419
761	392	586	467	50841	1440369	54433	1562441
762	499	668	908	50854	1440628	66486	2000119
763	65	320	405	50935	1443996	760051	52312142
764	135	400	257	51208	1452747	51984	1476442
765	96	596	184	51228	1453476	87947	2860257
766	140	755	307	51395	1458555	110653	3986060
767	552	749	392	51451	1460023	61745	1823608
768	581	747	548	51745	1469144	67771	2063272
769	88	140	147	51794	1470647	133742	5081141
770	124	302	177	51872	1473018	65691	1962868
771	294	708	243	51968	1476060	128235	4790734
772	581	764	592	51984	1476442	372109	20278281
773	326	430	248	52104	1480555	345265	18276987
774	102	147	141	52201	1483530	60740	1796073
775	98	427	340	52264	1484930	710333	47881448
776	117	311	93	52399	1488743	94128	3144193
777	82	570	293	52501	1491139	538454	33032608
778	181	475	439	52596	1494432	78469	2483463
779	171	180	223	52619	1495149	163203	6707513
780	352	583	339	52746	1499133	0	0
781	8	330	177	52763	1499628	543011	33434960
782	129	206	236	52778	1499984	57717	1685676
783	243	602	401	52906	1504129	110743	3989730
784	262	523	543	53039	1508378	57537	1677946
785	343	736	543	53048	1508621	83498	2695646
786	667	702	529	53390	1519948	223052	10198365
787	2	607	423	53473	1522496	187243	7971064
788	346	639	1283	53517	1524659	173721	7281771
789	478	512	703	53586	1529286	110487	3977884
790	99	327	198	53604	1530031	59378	1742434
791	273	616	268	53998	1549294	129795	4869935
792	402	761	678	54433	1562441	75712	2356967
793	27	296	235	54567	1566536	273533	13527092
794	503	529	418	54661	1569071	152466	6154652
795	468	507	673	54815	1573144	71809	2216481
796	47	385	130	54834	1573901	372256	20288106
797	408	625	638	54911	1576595	63021	1869021
798	545	655	737	55052	1580960	575344	36021989
799	651	723	915	55162	1584662	65055	1940419
800	56	575	98	55231	1588661	75234	2336626
801	317	474	333	55285	1591238	101471	3489576
802	569	626	811	55365	1595568	323500	16874228
803	251	457	266	55428	1598948	126814	4723271
804	329	642	492	55629	1607816	163360	6715914
805	477	684	359	55658	1608859	147023	5823141
806	165	199	218	56072	1625506	184047	7775697
807	127	273	247	56087	1626365	76743	2401220
808	61	142	202	56340	1633018	113214	4110548
809	82	660	866	56374	1633756	90502	2983278
810	458	559	426	56399	1634816	120630	4414326
811	381	385	235	56476	1638504	123032	4570364
812	68	640	67	56513	1639780	61500	1817668
813	29	478	354	56622	1644141	129734	4867015
814	282	702	714	56768	1649490	84465	2734035
815	706	747	553	56905	1654209	162446	6653490
816	61	439	206	56913	1654520	1419404	123194804
817	586	741	571	56957	1656474	339269	17828816
818	8	568	204	57075	1661563	67965	2072731
819	44	737	277	57461	1675335	263178	12815380
820	492	613	428	57484	1676015	524699	31993084
821	38	265	125	57525	1677656	82047	2637300
822	320	784	893	57537	1677946	94238	3148224
823	459	782	372	57717	1685676	82836	2669728
824	78	563	281	57758	1687530	62087	1834561
825	192	344	355	57817	1689892	198368	8618660
826	557	711	351	58166	1703257	208086	9220944
827	237	398	176	58198	1704023	61869	1827533
828	489	614	243	58232	1705256	64009	1910930
829	283	358	351	58278	1707096	154574	6260204
830	360	696	264	58341	1709371	107664	3837314
831	101	596	168	58378	1710587	97788	3323248
832	119	345	106	58473	1713165	79992	2551719
833	410	709	513	58580	1716615	60488	1785296
834	401	444	378	58707	1720761	313290	16117555
835	306	593	223	58711	1720942	61634	1820640
836	574	666	563	58800	1723848	77016	2417583
837	317	413	332	58854	1725660	96698	3268862
838	373	623	165	59087	1733441	68394	2087697
839	493	517	223	59127	1734996	66777	2016979
840	567	790	282	59378	1742434	102203	3527331
841	494	610	533	59509	1746254	79841	2546335
842	103	657	241	59511	1746262	112508	4083226
843	326	433	142	59582	1748822	65055	1940419
844	182	213	86	59614	1749777	81638	2624628
845	182	635	242	59614	1749777	262038	12743693
846	213	635	220	59614	1749777	66615	2007327
847	63	452	241	59711	1752952	92309	3067007
848	39	207	170	59867	1758386	70854	2188446
849	334	506	742	59953	1760962	68560	2093228
850	205	722	319	59994	1762397	348505	18518084
851	405	430	360	60030	1763743	255804	12355819
852	319	400	307	60044	1764365	68560	2093228
853	229	338	138	60064	1765100	111774	4044284
854	59	394	418	60122	1767290	87947	2860257
855	217	488	323	60138	1768077	188046	8029464
856	277	493	421	60190	1770763	266405	13055785
857	550	722	449	60328	1778841	148096	5886264
858	100	534	198	60482	1785138	109664	3942053
859	404	833	632	60488	1785296	1020951	78390370
860	51	396	87	60548	1787989	80791	2592186
861	383	774	295	60740	1796073	62954	1865983
862	108	749	271	61236	1812603	86082	2789220
863	138	279	281	61425	1816480	759278	52237546
864	513	812	301	61500	1817668	89023	2914383
865	94	451	242	61562	1819078	2611952	278221121
866	701	835	531	61634	1820640	86587	2802968
867	755	767	638	61745	1823608	95785	3222338
868	681	827	264	61869	1827533	92629	3078903
869	196	242	174	61955	1830565	101446	3488311
870	700	824	343	62087	1834561	89995	2964891
871	89	192	86	62138	1836217	192615	8310601
872	141	577	218	62243	1838879	124136	4616506
873	489	587	710	62323	1840990	706034	47523920
874	463	790	326	62349	1842415	128922	4826172
875	137	529	262	62360	1842921	983810	74555204
876	317	724	366	62582	1850820	66615	2007327
877	130	358	327	62606	1851605	135340	5177410
878	138	390	160	62608	1851624	114425	4154821
879	481	737	366	62640	1853501	132855	5042326
880	240	384	396	62880	1863218	99720	3409960
881	599	861	619	62954	1865983	579375	36407565
882	595	797	710	63021	1869021	67189	2036640
883	208	273	269	63072	1871585	78903	2505023
884	210	245	303	63219	1878853	80258	2565286
885	31	670	456	63328	1882953	221244	10075649
886	300	433	230	63376	1884463	121022	4435358
887	30	662	288	63590	1892885	314069	16169780
888	649	705	784	63672	1896544	89266	2927160
889	275	480	228	63750	1899519	547320	33728736
890	546	861	420	63923	1907667	76167	2377503
891	714	828	497	64009	1910930	77906	2455997
892	60	676	132	64583	1930394	81638	2624628
893	90	655	484	64877	1936974	540084	33181254
894	509	523	536	65035	1939987	109595	3939082
895	799	843	1057	65055	1940419	77879	2454791
896	665	753	694	65178	1945167	71754	2214681
897	265	332	178	65504	1957781	179852	7568975
898	716	770	1488	65691	1962868	245762	11656320
899	717	724	1076	65908	1974163	102153	3524643
900	396	632	276	65960	1977453	144630	5677464
901	224	708	96	66037	1980934	83473	2694698
902	745	762	1473	66486	2000119	184135	7780870
903	382	705	449	66564	2004781	250205	11960510
904	846	876	586	66615	2007327	240568	11340396
905	319	839	337	66777	2016979	68945	2108567
906	396	757	198	66824	2019593	312236	16045571
907	53	235	93	66886	2022996	118290	4324433
908	142	154	266	67122	2033559	326697	17053556
909	761	882	1177	67189	2036640	103567	3594826
910	616	759	353	67353	2044529	119322	4364179
911	324	540	365	67369	2045021	75608	2352169
912	451	576	562	67617	2056270	134024	5093215
913	61	588	394	67728	2061242	113114	4107005
914	472	768	633	67771	2063272	105020	3668002
915	67	270	135	67834	2065950	186231	7912135
916	68	818	209	67965	2072731	615194	39484901
917	378	424	171	68386	2087480	1465985	128383054
918	182	838	219	68394	2087697	1092959	85606187
919	133	151	195	68399	2087836	145191	5712353
920	444	573	290	68427	2088707	69558	2134630
921	77	377	233	68456	2089882	86604	2803507
922	196	570	380	68533	2092359	71809	2216481
923	849	852	1049	68560	2093228	98076	3336058
924	194	641	612	68940	2108460	94238	3148224
925	7	905	341	68945	2108567	828042	59106179
926	154	251	276	69101	2114286	119187	4359002
927	480	718	207	69118	2115081	136100	5218070
928	723	730	547	69160	2116565	83679	2703228
929	322	478	559	69217	2118744	74162	2298714
930	630	646	841	69353	2125058	145829	5757193
931	174	675	1053	69471	2130264	552999	34145440
932	69	204	193	69527	2133278	509885	30699006
933	417	920	655	69558	2134630	76167	2377503
934	142	767	552	69631	2138558	108881	3903880
935	32	150	40	69904	2152301	153135	6193014
936	277	661	942	69935	2153768	101485	3490154
937	304	376	468	70180	2165348	73193	2266192
938	156	905	388	70506	2177549	579806	36443780
939	304	697	247	70784	2186643	150194	6018190
940	164	848	265	70854	2188446	100531	3444766
941	13	359	305	70984	2192076	198463	8623144
942	128	727	554	70987	2192083	89043	2915164
943	95	241	50	71223	2200896	126643	4717567
944	169	430	291	71324	2203957	148416	5915190
945	369	706	382	71387	2205700	86963	2816911
946	13	400	205	71487	2208114	1263884	104190203
947	112	370	199	71629	2211932	120297	4399660
948	274	324	332	71697	2213490	137567	5293997
949	511	896	810	71754	2214681	267714	13132984
950	20	471	209	71761	2214944	114502	4158041
951	795	922	1053	71809	2216481	427314	24383867
952	15	496	419	72022	2225944	771075	53382985
953	317	461	320	72175	2233317	77906	2455997
954	144	478	439	72515	2245339	93146	3096925
955	458	575	183	72586	2247154	83268	2687216
956	269	291	413	72785	2253014	78939	2506444
957	278	625	602	72863	2254919	276247	13687202
958	392	521	462	72897	2255967	74658	2315295
959	597	734	516	72982	2258604	73128	2263744
960	109	551	164	72995	2259249	109664	3942053
961	135	650	154	73026	2260211	104556	3644669
962	562	959	612	73128	2263744	238802	11233180
963	414	937	603	73193	2266192	252000	12096831
964	336	360	279	73234	2268120	591543	37556493
965	381	627	308	74023	2294313	267664	13130190
966	330	440	525	74028	2294427	244661	11592465
967	137	584	294	74069	2295784	129663	4863710
968	287	929	573	74162	2298714	168118	6966713
969	582	699	577	74310	2303756	147203	5832548
970	127	782	292	74321	2304029	129734	4867015
971	52	922	420	74449	2308229	130649	4918106
972	38	958	493	74658	2315295	182001	7675324
973	54	87	108	74712	2317034	100976	3466203
974	325	752	780	74730	2317891	80015	2552534
975	324	455	503	74849	2322885	316118	16296393
976	453	718	368	75139	2332854	76011	2370495
977	556	758	1072	75197	2334850	157423	6404003
978	97	274	235	75225	2336208	101009	3468065
979	0	800	99	75234	2336626	234408	11006568
980	572	767	621	75389	2342959	993796	75586885
981	95	641	539	75604	2352090	225993	10402380
982	728	911	598	75608	2352169	107497	3828480
983	383	792	832	75712	2356967	79107	2514873
984	104	241	50	75717	2357399	189759	8135490
985	220	647	449	75824	2362422	385210	21280251
986	242	976	441	76011	2370495	86604	2803507
987	890	933	1075	76167	2377503	93813	3130067
988	423	460	187	76449	2390861	638359	41432721
989	498	677	1283	76743	2401220	88555	2889242
990	498	807	655	76743	2401220	144630	5677464
991	677	807	1122	76743	2401220	91311	3018873
992	360	836	692	77016	2417583	232669	10894302
993	202	581	437	77091	2421664	148093	5886152
994	120	138	154	77276	2430957	210132	9352213
995	392	551	485	77539	2441469	161704	6610342
996	33	895	1085	77879	2454791	159648	6505315
997	891	953	817	77906	2455997	3034231	337917790
998	437	462	518	78011	2461583	568134	35386714
999	251	748	295	78189	2470623	185540	7868606
1000	147	163	159	78242	2473196	199993	8706223
1001	452	738	853	78403	2480488	131525	4972071
1002	288	778	609	78469	2483463	133470	5069756
1003	277	377	486	78513	2485294	147898	5873411
1004	499	615	851	78578	2488445	121348	4458322
1005	186	293	225	78811	2500544	276186	13684040
1006	347	883	387	78903	2505023	86752	2808701
1007	25	956	431	78939	2506444	1975971	192180410
1008	137	219	90	78993	2509094	87375	2834720
1009	574	983	1325	79107	2514873	742363	50774353
1010	129	454	473	79726	2543045	133584	5074273
1011	841	937	1001	79841	2546335	95001	3187845
1012	485	607	882	79944	2549997	134299	5110304
1013	95	506	445	79985	2551567	115020	4182636
1014	130	832	192	79992	2551719	183716	7756212
1015	349	974	873	80015	2552534	96322	3247151
1016	277	557	361	80080	2556277	138137	5326405
1017	270	884	389	80258	2565286	108326	3874899
1018	82	633	431	80409	2573164	95745	3221083
1019	422	662	486	80644	2585304	80917	2596397
1020	473	861	343	80737	2589696	140824	5466532
1021	377	860	286	80791	2592186	348008	18481487
1022	676	1019	598	80917	2596397	93082	3094886
1023	24	596	151	80948	2597422	134024	5093215
1024	86	126	66	80991	2599726	489425	29091643
1025	481	570	379	81174	2607243	209499	9304672
1026	738	911	1003	81229	2609114	341915	18009574
1027	443	693	396	81558	2622218	443045	25640930
1028	283	498	518	81636	2624590	299911	15234089
1029	844	892	218	81638	2624628	373614	20379737
1030	299	700	195	81820	2630794	88348	2879348
1031	46	821	149	82047	2637300	179125	7523699
1032	137	706	386	82089	2638484	83793	2708150
1033	564	695	1257	82137	2639807	1711726	159065739
1034	490	520	391	82351	2649026	147252	5835239
1035	239	682	553	82398	2651101	227264	10506649
1036	263	288	290	82497	2656475	213198	9558464
1037	431	568	347	82513	2657096	163763	6737941
1038	290	613	435	82756	2666768	111439	4023222
1039	274	823	567	82836	2669728	92574	3076608
1040	524	612	480	82950	2674594	127590	4759539
1041	340	669	446	83034	2677671	85336	2764373
1042	329	955	257	83268	2687216	142190	5541999
1043	51	681	122	83406	2692373	151884	6116768
1044	150	901	128	83473	2694698	114743	4167978
1045	518	785	670	83498	2695646	0	0
1046	492	928	661	83679	2703228	261006	12681080
1047	532	564	704	83770	2706829	105790	3713264
1048	8	1032	393	83793	2708150	133961	5090283
1049	360	585	147	84136	2724357	575642	36048926
1050	309	844	132	84168	2725564	167495	6932032
1051	129	294	268	84422	2732944	182001	7675324
1052	29	814	725	84465	2734035	128235	4790734
1053	487	626	539	84540	2736363	176652	7418600
1054	75	937	491	84723	2744468	105981	3727242
1055	169	558	475	84939	2752392	111118	4008114
1056	260	827	313	85244	2761835	85336	2764373
1057	1041	1056	759	85336	2764373	134563	5129248
1058	76	476	289	85613	2773572	220796	10030996
1059	477	516	847	85641	2774262	195512	8470806
1060	179	441	237	85743	2777631	383444	21163596
1061	567	623	195	86060	2788631	243308	11522723
1062	597	862	569	86082	2789220	159552	6499441
1063	18	526	212	86338	2797075	112073	4061213
1064	835	866	754	86587	2802968	400623	22332633
1065	921	986	674	86604	2803507	176432	7408584
1066	124	479	192	86676	2805932	1496027	131815712
1067	681	892	220	86696	2806575	161852	6616847
1068	481	1006	487	86752	2808701	118143	4319579
1069	613	945	696	86963	2816911	232749	10899851
1070	112	739	667	87043	2820571	208733	9260119
1071	63	594	177	87116	2823870	127548	4757779
1072	43	823	387	87246	2829369	1346708	114229207
1073	253	465	586	87254	2829649	182600	7699706
1074	157	305	177	87328	2832419	98782	3371072
1075	183	1008	168	87375	2834720	190158	8156486
1076	446	704	536	87568	2843186	98459	3355370
1077	450	645	497	87707	2848699	152166	6134199
1078	536	698	599	87726	2850002	186044	7900475
1079	765	854	602	87947	2860257	178914	7511588
1080	254	974	1014	88016	2863596	90502	2983278
1081	358	469	474	88171	2870131	354994	19063101
1082	599	812	391	88335	2878926	157423	6404003
1083	577	1030	345	88348	2879348	345838	18323214
1084	80	316	147	88390	2881081	362042	19585720
1085	180	989	1405	88555	2889242	758964	52205199
1086	612	922	800	88762	2901500	138157	5327262
1087	172	630	367	88878	2907260	275972	13670544
1088	234	701	508	88930	2909917	98900	3375998
1089	169	864	429	89023	2914383	152195	6136319
1090	116	942	620	89043	2915164	930046	69397945
1091	684	888	842	89266	2927160	142377	5551424
1092	114	272	133	89376	2933325	93294	3104248
1093	450	464	705	89528	2941450	102238	3529219
1094	718	797	790	89540	2941875	1049641	81263871
1095	66	311	81	89620	2947044	298308	15131237
1096	203	285	70	89831	2957954	127901	4776271
1097	51	378	156	89895	2961056	592729	37634205
1098	441	870	482	89995	2964891	331196	17287586
1099	581	676	447	90450	2981880	209149	9284596
1100	809	1080	1880	90502	2983278	245726	11654005
1101	84	568	238	90677	2992056	127047	4733962
1102	166	353	233	90692	2992506	100365	3437398
1103	620	752	1028	91266	3017395	209149	9284596
1104	405	991	1319	91311	3018873	145258	5716467
1105	500	603	636	91440	3025908	112954	4100925
1106	263	577	270	91476	3027735	360961	19518969
1107	431	719	666	91601	3035519	978261	73995422
1108	159	323	202	92054	3057863	171092	7128640
1109	311	862	318	92298	3066788	219402	9938190
1110	778	847	680	92309	3067007	163360	6715914
1111	736	1039	921	92574	3076608	718514	48563377
1112	641	868	778	92629	3078903	474394	27947009
1113	505	901	267	93065	3094373	96262	3244581
1114	458	725	421	93078	3094637	0	0
1115	852	1022	905	93082	3094886	95343	3202369
1116	569	954	1046	93146	3096925	215411	9705261
1117	174	530	435	93151	3097198	100531	3444766
1118	98	664	522	93285	3103750	487537	28970675
1119	248	1092	166	93294	3104248	113626	4128723
1120	330	640	232	93349	3107250	115020	4182636
1121	337	758	715	93408	3110513	104751	3652083
1122	518	987	1202	93813	3130067	105907	3721771
1123	302	776	191	94128	3144193	155392	6302266
1124	459	471	341	94236	3148220	128709	4814045
1125	822	924	1505	94238	3148224	121022	4435358
1126	235	535	182	94273	3150452	103011	3571251
1127	149	337	446	94286	3151625	878825	64190330
1128	165	876	455	94371	3156650	96262	3244581
1129	360	718	281	94451	3161341	148052	5883210
1130	393	444	152	94645	3171298	277537	13775949
1131	260	1011	1138	95001	3187845	136985	5264735
1132	39	814	745	95161	3194943	167476	6931125
1133	301	551	186	95191	3196211	107427	3825366
1134	571	1115	1174	95343	3202369	148093	5886152
1135	32	1018	439	95745	3221083	101471	3489576
1136	441	612	559	95759	3221611	1042381	80552192
1137	482	867	880	95785	3222338	237805	11189041
1138	21	588	364	95976	3231729	124378	4628037
1139	1113	1128	722	96262	3244581	132138	5002373
1140	41	1015	889	96322	3247151	154715	6267639
1141	560	573	522	96335	3248677	270834	13322798
1142	521	956	514	96428	3254621	126880	4726214
1143	363	837	714	96698	3268862	107800	3845920
1144	316	464	640	96871	3277662	218671	9903076
1145	151	837	452	96876	3277949	134451	5121111
1146	57	666	87	96999	3284462	128508	4804045
1147	11	731	525	97058	3287096	270845	13324518
1148	409	494	754	97250	3297816	294820	14887323
1149	10	725	317	97308	3300611	210539	9385823
1150	529	532	742	97429	3306433	183813	7762515
1151	166	673	711	97606	3313959	0	0
1152	44	721	180	97636	3315472	167096	6914586
1153	147	256	252	97707	3318716	101485	3490154
1154	831	838	333	97788	3323248	161834	6615930
1155	59	595	89	97853	3325923	119206	4359540
1156	165	476	311	98021	3334085	104801	3655129
1157	419	923	1444	98076	3336058	111576	4029941
1158	275	449	537	98278	3346713	937895	70169192
1159	172	336	322	98389	3351912	331576	17306848
1160	344	1076	824	98459	3355370	107664	3837314
1161	150	358	273	98512	3358378	120573	4412247
1162	135	264	125	98699	3367861	684683	45693845
1163	145	1074	242	98782	3371072	763184	52655636
1164	691	800	317	98873	3374750	140553	5453064
1165	661	1088	1163	98900	3375998	141268	5491327
1166	299	807	380	99063	3384454	934884	69854806
1167	876	882	1076	99410	3398675	109090	3912687
1168	191	308	352	99606	3406223	103317	3584149
1169	281	316	132	99659	3407838	102917	3567115
1170	259	880	520	99720	3409960	128709	4814045
1171	447	512	629	99786	3412132	104808	3655293
1172	143	642	461	99960	3419104	117082	4278688
1173	438	488	360	100025	3421632	170973	7120350
1174	15	683	319	100132	3426059	124328	4625826
1175	37	991	1169	100139	3426187	254415	12267946
1176	335	870	569	100149	3426633	841241	60276415
1177	68	113	99	100219	3431007	103702	3603061
1178	583	1102	304	100365	3437398	152486	6155708
1179	940	1117	700	100531	3444766	103317	3584149
1180	84	415	242	100696	3452531	106421	3767364
1181	570	744	856	100718	3453349	184047	7775697
1182	150	551	156	100770	3456299	106045	3733298
1183	136	156	104	100821	3458867	375944	20585217
1184	225	844	221	100832	3459431	198556	8627832
1185	149	835	309	100934	3464187	135982	5211944
1186	604	973	599	100976	3466203	836549	59844952
1187	290	978	356	101009	3468065	545232	33587295
1188	229	869	282	101446	3488311	190499	8174862
1189	801	1135	772	101471	3489576	127430	4751890
1190	936	1153	1194	101485	3490154	134290	5109457
1191	197	619	743	101536	3492564	105981	3727242
1192	81	162	145	101689	3501437	203253	8897403
1193	385	509	248	102074	3521082	988619	75096790
1194	255	899	1183	102153	3524643	159771	6512745
1195	480	840	337	102203	3527331	186849	7949981
1196	267	525	398	102224	3528317	595655	37872872
1197	391	1093	1035	102238	3529219	429833	24621810
1198	172	233	188	102442	3541882	259044	12554816
1199	659	677	1339	102708	3557031	151478	6089642
1200	640	1169	194	102917	3567115	792693	55449694
1201	242	1126	255	103011	3571251	119322	4364179
1202	201	425	341	103294	3583412	370365	20170524
1203	1168	1179	1052	103317	3584149	114425	4154821
1204	537	541	660	103503	3591900	222315	10157599
1205	63	1168	378	103523	3592775	110387	3974545
1206	909	1088	1685	103567	3594826	628189	40582219
1207	200	1177	132	103702	3603061	212947	9542698
1208	192	401	344	103799	3609970	189129	8099448
1209	743	876	1250	104277	3632526	121713	4486945
1210	961	1093	859	104556	3644669	170558	7098254
1211	657	1121	899	104751	3652083	253191	12175590
1212	682	1156	743	104801	3655129	140318	5438961
1213	537	1171	981	104808	3655293	121348	4458322
1214	732	933	1368	104930	3662187	164911	6793652
1215	262	914	781	105020	3668002	235707	11067917
1216	555	959	675	105236	3683678	395246	22008255
1217	124	543	538	105752	3711333	291687	14687679
1218	14	1047	714	105790	3713264	201937	8804255
1219	573	733	1306	105820	3714828	204720	9000010
1220	561	847	729	105848	3716639	1131288	90091558
1221	400	1122	1395	105907	3721771	120316	4400230
1222	272	548	463	105948	3724906	302283	15391546
1223	1054	1191	1234	105981	3727242	171013	7123327
1224	586	1182	262	106045	3733298	226628	10462141
1225	452	704	686	106053	3733775	114767	4169024
1226	47	1180	265	106421	3767364	0	0
1227	29	533	297	106697	3786613	107022	3804703
1228	5	724	252	106766	3791359	227575	10526538
1229	719	1227	813	107022	3804703	369254	20091032
1230	240	557	240	107074	3807373	159634	6504707
1231	449	1133	550	107427	3825366	150194	6018190
1232	727	982	1109	107497	3828480	375702	20560353
1233	182	594	205	107539	3830740	162273	6640354
1234	830	1160	1088	107664	3837314	173008	7230386
1235	365	458	334	107681	3838198	115564	4213172
1236	8	205	106	107689	3838450	174438	7323928
1237	666	1143	784	107800	3845920	113399	4117392
1238	506	899	1496	108303	3873328	129779	4869032
1239	929	1017	948	108326	3874899	126675	4718260
1240	75	327	189	108340	3875473	142596	5564013
1241	330	665	468	108402	3879182	267948	13147585
1242	82	954	453	108496	3885174	169154	7024321
1243	493	934	686	108881	3903880	229379	10648269
1244	129	491	241	108980	3907880	147949	5876828
1245	430	1167	1239	109090	3912687	0	0
1246	214	860	123	109158	3915846	141873	5526163
1247	60	1093	725	109322	3926050	461156	26915282
1248	95	587	515	109418	3930625	121916	4504175
1249	365	482	457	109448	3932228	148539	5926566
1250	606	894	748	109595	3939082	1271532	105244881
1251	858	960	362	109664	3942053	2074874	204714763
1252	241	403	185	109875	3953806	124116	4615769
1253	1135	1205	817	110387	3974545	190362	8166189
1254	452	789	918	110487	3977884	0	0
1255	445	766	378	110653	3986060	266175	13043329
1256	762	783	1309	110743	3989730	120878	4427101
1257	198	483	320	111028	4004274	248792	11874529
1258	589	1055	767	111118	4008114	122886	4563147
1259	428	480	355	111203	4011655	111250	4013902
1260	201	1259	519	111250	4013902	313338	16120123
1261	126	758	396	111407	4022012	119187	4359002
1262	670	1038	878	111439	4023222	262974	12802243
1263	458	1157	1563	111576	4029941	143452	5610257
1264	822	1169	1025	111652	4035923	220691	10022069
1265	117	853	184	111774	4044284	136828	5256876
1266	693	901	298	111917	4052992	2974787	328954822
1267	616	750	277	111986	4056859	124762	4648235
1268	417	1063	577	112073	4061213	209630	9313424
1269	182	190	171	112105	4063025	158554	6454892
1270	842	861	536	112508	4083226	114877	4174286
1271	880	1105	1032	112954	4100925	1134345	90399899
1272	593	913	502	113114	4107005	417521	23608134
1273	391	808	532	113214	4110548	570795	35591888
1274	20	251	174	113396	4117350	249770	11933385
1275	461	1237	984	113399	4117392	272820	13477393
1276	531	1119	706	113626	4128723	2371555	244253514
1277	17	135	74	113680	4130829	617065	39620518
1278	37	47	70	113834	4136783	125813	4694033
1279	69	317	162	114179	4148085	271701	13397853
1280	126	424	90	114400	4154231	3246142	370644927
1281	878	1203	1212	114425	4154821	210022	9342633
1282	183	674	463	114432	4155100	172538	7203242
1283	309	950	255	114502	4158041	117082	4278688
1284	577	823	522	114736	4167711	187870	8015215
1285	765	1044	312	114743	4167978	228558	10587948
1286	586	1225	792	114767	4169024	298145	15118233
1287	453	717	1046	114797	4170555	218564	9897241
1288	491	738	798	114813	4171425	124601	4639201
1289	379	1270	681	114877	4174286	309330	15834737
1290	585	706	358	114959	4178750	359235	19381197
1291	176	374	582	115009	4181941	224020	10258296
1292	1013	1120	677	115020	4182636	729549	49603811
1293	40	565	272	115119	4189816	116821	4269153
1294	432	1235	499	115564	4213172	116238	4244929
1295	799	853	1053	115944	4231390	129121	4836833
1296	195	299	199	116171	4241987	159016	6474989
1297	398	1294	559	116238	4244929	182943	7718952
1298	502	523	736	116333	4249495	236448	11112956
1299	325	354	381	116409	4252550	163763	6737941
1300	485	1293	733	116821	4269153	388838	21553053
1301	233	945	398	117024	4276872	375944	20585217
1302	1172	1283	716	117082	4278688	398159	22190995
1303	383	1167	1230	117126	4280482	893239	65705038
1304	68	386	170	117319	4289476	215261	9696819
1305	135	953	384	117505	4297020	327148	17077201
1306	100	866	568	117651	4302204	902349	66740982
1307	107	478	365	117863	4309980	279869	13906465
1308	822	1068	1380	118143	4319579	180651	7606932
1309	655	907	557	118290	4324433	177021	7434199
1310	114	215	113	118481	4332130	272514	13456430
1311	516	784	1089	118504	4332980	137592	5295055
1312	331	535	255	118585	4336000	154461	6253927
1313	663	830	546	118587	4336033	256751	12414089
1314	290	1044	249	118737	4341929	256947	12424856
1315	520	549	660	118879	4347859	204165	8959207
1316	431	839	373	119079	4355593	155392	6302266
1317	926	1261	672	119187	4359002	332380	17348869
1318	228	1155	304	119206	4359540	152466	6154652
1319	489	548	603	119294	4363360	187833	8012546
1320	910	1201	608	119322	4364179	552999	34145440
1321	0	378	123	119830	4384663	1597388	144394106
1322	34	551	141	119864	4385716	151105	6068935
1323	294	530	443	119884	4386430	481995	28553143
1324	198	525	359	119997	4390586	120670	4416089
1325	225	723	199	120133	4394767	0	0
1326	157	947	258	120297	4399660	152053	6126697
1327	538	1221	1460	120316	4400230	153980	6228497
1328	1121	1161	988	120573	4412247	145060	5704297
1329	384	611	470	120615	4413686	928169	69256796
1330	37	810	473	120630	4414326	567188	35313457
1331	353	776	214	120661	4415850	269110	13214134
1332	249	1324	542	120670	4416089	0	0
1333	181	709	379	120812	4423918	186998	7957292
1334	108	509	200	120816	4423969	135358	5178192
1335	261	1256	1368	120878	4427101	532762	32549219
1336	348	708	256	120920	4429139	258471	12519574
1337	886	1125	1735	121022	4435358	329912	17215617
1338	1004	1213	1832	121348	4458322	144189	5650242
1339	218	743	988	121403	4462901	130473	4908827
1340	307	1209	1411	121713	4486945	130901	4933349
1341	488	956	593	121742	4489680	136100	5218070
1342	175	454	469	121788	4493010	419144	23763378
1343	551	1248	639	121916	4504175	339882	17873614
1344	309	386	211	122088	4517522	143053	5590214
1345	88	145	151	122596	4547459	141268	5491327
1346	494	626	568	122666	4551351	177416	7453367
1347	297	1258	1035	122886	4563147	233937	10977949
1348	434	811	415	123032	4570364	256901	12422093
1349	371	960	598	123114	4575184	530404	32372407
1350	118	570	335	123783	4603421	259566	12589692
1351	514	613	519	123935	4608730	156940	6380977
1352	627	1113	447	123937	4608750	146622	5802210
1353	582	854	601	123979	4610281	160850	6573050
1354	218	593	212	123992	4610896	164728	6785641
1355	317	651	971	124070	4613818	187468	7984383
1356	707	1252	382	124116	4615769	344774	18238182
1357	601	872	526	124136	4616506	201336	8762536
1358	208	828	321	124247	4621756	264920	12959693
1359	125	724	288	124267	4622802	855004	61768364
1360	891	1174	816	124328	4625826	141744	5518333
1361	901	1138	460	124378	4628037	179183	7527143
1362	672	1288	842	124601	4639201	489208	29078841
1363	22	32	22	124731	4646542	165132	6806861
1364	697	1267	311	124762	4648235	135819	5203510
1365	614	692	628	125061	4662265	169732	7056789
1366	526	662	471	125102	4663748	142900	5581848
1367	579	892	493	125414	4678440	211047	9426490
1368	15	200	39	125446	4680000	295014	14901616
1369	147	709	382	125566	4684495	266267	13047724
1370	21	1278	82	125813	4694033	473801	27896083
1371	140	552	241	125882	4696488	782586	54508702
1372	55	138	121	126384	4711388	158310	6444581
1373	461	1156	511	126393	4711578	158732	6462181
1374	79	1008	122	126468	4713333	182943	7718952
1375	188	627	271	126552	4715332	1738883	162460451
1376	387	943	157	126643	4717567	159360	6490902
1377	738	1239	1586	126675	4718260	450481	26086619
1378	626	1153	456	126785	4722319	755905	51909157
1379	653	803	668	126814	4723271	230941	10758314
1380	94	1142	653	126880	4726214	300148	15247639
1381	391	735	903	126956	4730066	244505	11585522
1382	693	1101	440	127047	4733962	206251	9107362
1383	61	824	323	127145	4739336	387156	21421025
1384	983	1189	1604	127430	4751890	155682	6315137
1385	166	1071	289	127548	4757779	129663	4863710
1386	434	1040	660	127590	4759539	253372	12187468
1387	114	451	156	127642	4762765	345428	18290378
1388	624	1096	386	127901	4776271	365348	19795569
1389	553	606	674	128029	4781781	565660	35176617
1390	771	1052	968	128235	4790734	139101	5377349
1391	562	629	318	128439	4800494	164688	6784101
1392	54	1063	266	128468	4802335	271014	13339331
1393	1122	1146	1289	128508	4804045	194947	8440997
1394	311	921	280	128667	4811816	187651	7997026
1395	1124	1170	861	128709	4814045	230941	10758314
1396	381	760	402	128749	4816419	763234	52659481
1397	579	874	687	128922	4826172	611807	39273501
1398	144	1295	1149	129121	4836833	165341	6816112
1399	15	345	90	129627	4862002	166985	6909558
1400	967	1385	583	129663	4863710	216774	9798364
1401	813	970	646	129734	4867015	440863	25518451
1402	738	1238	2134	129779	4869032	666117	43731796
1403	791	1324	627	129795	4869935	224733	10299606
1404	178	1170	548	130271	4898992	139557	5399397
1405	129	1339	1069	130473	4908827	223268	10210125
1406	698	971	611	130649	4918106	178757	7503290
1407	652	1340	1603	130901	4933349	282545	14063385
1408	1011	1120	1233	131098	4947413	180882	7619050
1409	1001	1013	1298	131525	4972071	354510	19025866
1410	320	361	502	131593	4975274	150215	6018963
1411	0	303	66	131895	4991020	147254	5835243
1412	439	974	944	131939	4993304	196945	8532898
1413	762	1139	1630	132138	5002373	148044	5882452
1414	450	923	1233	132255	5008652	213037	9548016
1415	164	630	290	132275	5009930	187410	7980795
1416	978	1203	1287	132332	5014106	166206	6865602
1417	318	830	526	132791	5039133	145060	5704297
1418	701	879	674	132855	5042326	133742	5081141
1419	217	400	336	132962	5047980	345226	18273989
1420	330	839	393	133040	5051242	274378	13577587
1421	74	1002	621	133470	5069756	136084	5217383
1422	227	1010	600	133584	5074273	147577	5855128
1423	769	1418	821	133742	5081141	141198	5487462
1424	410	869	415	133893	5087424	281201	13969966
1425	1048	1288	1191	133961	5090283	215894	9734157
1426	912	1023	713	134024	5093215	240568	11340396
1427	311	956	460	134119	5099110	228075	10555788
1428	39	879	397	134280	5109077	404016	22570023
1429	127	1190	1250	134290	5109457	334562	17490817
1430	375	1012	977	134299	5110304	433410	24951547
1431	823	864	673	134370	5115067	190346	8165450
1432	641	1145	966	134451	5121111	216014	9742683
1433	42	1057	779	134563	5129248	263178	12815380
1434	830	877	591	135340	5177410	143713	5625531
1435	878	1334	360	135358	5178192	220653	10019292
1436	703	742	921	135401	5180711	146239	5782065
1437	180	778	561	135615	5193400	327414	17091015
1438	519	664	842	135702	5197583	285397	14252217
1439	626	1364	515	135819	5203510	342107	18026392
1440	362	614	203	135841	5204887	412629	23197569
1441	211	929	672	135953	5210353	136828	5256876
1442	412	1185	446	135982	5211944	217590	9847419
1443	666	1421	691	136084	5217383	161834	6615930
1444	927	1341	800	136100	5218070	144495	5669234
1445	444	536	509	136253	5228208	210587	9389157
1446	294	605	538	136648	5249016	190362	8166189
1447	20	277	291	136685	5250411	284502	14191403
1448	1265	1441	856	136828	5256876	196172	8500921
1449	874	1131	1464	136985	5264735	678477	45077904
1450	869	1227	471	137127	5272174	876160	63926641
1451	661	948	987	137567	5293997	387156	21421025
1452	1074	1311	1266	137592	5295055	220854	10035662
1453	243	590	252	138038	5321368	964301	72701213
1454	1016	1191	1104	138137	5326405	336711	17636427
1455	789	1086	1503	138157	5327262	556711	34452924
1456	130	436	364	138239	5331152	219874	9964424
1457	399	733	1209	138419	5341116	1448025	126131981
1458	550	556	946	138707	5357330	240141	11308709
1459	564	1390	1146	139101	5377349	395246	22008255
1460	343	741	654	139506	5396908	161233	6588882
1461	195	1404	614	139557	5399397	190499	8174862
1462	690	933	894	139601	5401317	158909	6469578
1463	97	678	721	139659	5403930	450581	26095488
1464	830	1239	1212	139877	5415091	617169	39629434
1465	352	720	1269	140234	5434438	0	0
1466	1171	1212	1372	140318	5438961	318095	16442557
1467	197	1164	455	140553	5453064	162479	6656510
1468	304	762	1121	140641	5457727	286639	14336177
1469	725	1020	645	140824	5466532	162273	6640354
1470	495	694	375	140968	5475105	335829	17564845
1471	49	521	114	141083	5481622	174904	7347497
1472	1113	1423	1088	141198	5487462	225998	10402854
1473	1165	1345	1314	141268	5491327	204383	8974138
1474	610	1360	985	141744	5518333	209479	9303600
1475	521	1237	885	141768	5519503	1126726	89540580
1476	26	1246	141	141873	5526163	153220	6197118
1477	1042	1119	423	142190	5541999	484616	28748164
1478	385	1138	471	142344	5549738	148215	5897205
1479	823	1091	1214	142377	5551424	150448	6027875
1480	646	1185	955	142408	5553027	231282	10786884
1481	1125	1240	1694	142596	5564013	1069342	83185918
1482	286	546	266	142825	5577132	293120	14778259
1483	823	1366	843	142900	5581848	1928587	185565714
1484	635	1344	399	143053	5590214	205271	9045906
1485	128	297	311	143096	5591938	190044	8150814
1486	138	1263	1671	143452	5610257	192454	8299242
1487	469	760	507	143575	5618038	364981	19767826
1488	151	789	823	143702	5624897	145258	5716467
1489	546	1434	716	143713	5625531	3421071	399216075
1490	416	595	111	144020	5642301	182820	7712648
1491	549	1338	2228	144189	5650242	162215	6636143
1492	624	1444	1116	144495	5669234	1098611	86203663
1493	900	990	931	144630	5677464	263184	12815850
1494	259	580	565	144850	5691904	1182604	95645628
1495	1328	1417	1514	145060	5704297	286157	14301242
1496	461	919	395	145191	5712353	606947	38794150
1497	1104	1488	2142	145258	5716467	150448	6027875
1498	183	441	217	145646	5744943	164728	6785641
1499	642	930	1259	145829	5757193	214384	9647687
1500	1278	1436	991	146239	5782065	147612	5857288
1501	259	1352	571	146622	5802210	206271	9108222
1502	582	1227	480	146697	5807124	408769	22920219
1503	7	695	1083	146896	5816747	332491	17354958
1504	250	805	608	147023	5823141	348719	18536208
1505	101	961	190	147082	5826634	0	0
1506	295	969	725	147203	5832548	0	0
1507	167	417	451	147205	5832563	402252	22442852
1508	765	1034	575	147252	5835239	745644	51005237
1509	595	1411	138	147254	5835243	215894	9734157
1510	868	1034	655	147291	5837486	178638	7498737
1511	65	148	121	147322	5839879	213037	9548016
1512	1	1422	601	147577	5855128	198949	8650269
1513	535	1500	1120	147612	5857288	1577937	141819966
1514	895	1003	1543	147898	5873411	167495	6932032
1515	347	1244	359	147949	5876828	182472	7693391
1516	383	1413	1784	148044	5882452	209890	9332033
1517	378	1129	403	148052	5883210	212947	9542698
1518	993	1134	1611	148093	5886152	220864	10036206
1519	597	857	747	148096	5886264	1331725	112602283
1520	187	1478	623	148215	5897205	253087	12169116
1521	131	944	310	148416	5915190	188738	8074685
1522	473	1249	505	148539	5926566	183572	7747938
1523	140	835	284	148808	5948212	287076	14367944
1524	190	195	183	148894	5953690	182368	7689407
1525	232	351	587	149425	5984107	202064	8812453
1526	939	1231	797	150194	6018190	231098	10771206
1527	179	1410	600	150215	6018963	187468	7984383
1528	242	401	350	150443	6027763	158554	6454892
1529	1479	1497	3356	150448	6027875	196998	8535006
1530	341	443	273	150738	6047679	170178	7080915
1531	583	1366	542	150804	6051104	439647	25429874
1532	215	524	120	151105	6068935	187833	8012546
1533	215	1322	201	151105	6068935	272514	13456430
1534	524	1322	201	151105	6068935	168638	6997944
1535	145	692	670	151225	6074174	1832544	174171550
1536	419	477	696	151231	6074431	907262	67262091
1537	60	254	254	151279	6077667	203068	8884773
1538	483	1390	1228	151470	6089386	372109	20278281
1539	1199	1444	2139	151478	6089642	341997	18015540
1540	133	499	666	151648	6101597	335343	17539002
1541	517	553	551	151797	6110582	295858	14960484
1542	108	1043	181	151884	6116768	172457	7198965
1543	864	1043	423	152004	6124306	261296	12699060
1544	799	1326	1173	152053	6126697	168314	6977544
1545	131	1077	516	152166	6134199	157153	6390621
1546	867	1089	1067	152195	6136319	563431	34965050
1547	176	737	340	152270	6141715	199993	8706223
1548	265	507	151	152331	6146013	224829	10306302
1549	794	1318	722	152466	6154652	678036	45040676
1550	462	1178	625	152486	6155708	168993	7015310
1551	45	186	133	152800	6175313	808573	57123448
1552	327	1421	787	152855	6177723	313338	16120123
1553	384	935	270	153135	6193014	422851	24071055
1554	240	1476	307	153220	6197118	155956	6329593
1555	51	539	327	153317	6202375	235569	11060988
1556	1121	1327	2175	153980	6228497	589398	37374660
1557	456	687	941	153993	6229217	197695	8578460
1558	640	1360	878	154127	6236879	162194	6634890
1559	934	1312	807	154461	6253927	172640	7209479
1560	224	829	391	154574	6260204	224849	10307680
1561	44	492	125	154626	6263280	227743	10536771
1562	1140	1328	1877	154715	6267639	244664	11592531
1563	586	914	739	155369	6301342	179125	7523699
1564	1123	1316	564	155392	6302266	247058	11756058
1565	866	1384	2135	155682	6315137	172990	7229711
1566	322	376	471	155735	6318213	1135118	90472544
1567	180	1554	429	155956	6329593	478722	28277319
1568	448	1231	637	156109	6337685	315436	16257169
1569	269	1248	708	156138	6339115	300353	15261906
1570	593	1340	1519	156498	6357589	348440	18513110
1571	139	151	202	156538	6359713	354058	18993435
1572	665	752	928	156680	6367520	0	0
1573	589	847	533	156868	6377330	560938	34789628
1574	499	1351	1110	156940	6380977	368187	20010104
1575	148	1545	582	157153	6390621	586035	37016792
1576	977	1082	1463	157423	6404003	213256	9563501
1577	109	1270	576	158284	6443876	197695	8578460
1578	677	1372	996	158310	6444581	382676	21118419
1579	1269	1528	521	158554	6454892	0	0
1580	551	947	323	158584	6456220	197845	8588017
1581	581	614	358	158598	6456905	178163	7482723
1582	481	1373	611	158732	6462181	185969	7895498
1583	753	1462	1290	158909	6469578	0	0
1584	730	731	996	158969	6472504	1666676	153075134
1585	395	1296	456	159016	6474989	566315	35236476
1586	518	1344	338	159134	6480571	166332	6873300
1587	153	1376	252	159360	6490902	220937	10044438
1588	706	785	883	159451	6495232	224829	10306302
1589	1	1023	152	159515	6497938	181331	7643605
1590	1062	1170	1089	159552	6499441	184388	7798620
1591	611	1230	480	159634	6504707	997256	75934610
1592	996	1182	1241	159648	6505315	3925620	482842578
1593	412	1194	1320	159771	6512745	201288	8759230
1594	9	297	272	160235	6543822	378740	20825859
1595	359	553	755	160708	6566515	173880	7292129
1596	1006	1353	988	160850	6573050	307023	15694751
1597	770	1296	376	161219	6588197	168898	7010397
1598	381	1460	782	161233	6588882	562104	34877487
1599	169	512	488	161350	6593961	172402	7195408
1600	257	502	387	161573	6604517	172402	7195408
1601	371	526	635	161630	6606859	451874	26194500
1602	156	995	536	161704	6610342	241999	11435891
1603	1154	1443	1024	161834	6615930	584861	36896913
1604	765	1067	404	161852	6616847	232444	10880339
1605	652	1311	1281	162056	6626913	305866	15626776
1606	1055	1558	1353	162194	6634890	1391861	119873592
1607	498	1491	2636	162215	6636143	229133	10625636
1608	89	1156	330	162247	6638634	282828	14086998
1609	1233	1469	850	162273	6640354	329751	17208233
1610	507	815	610	162446	6653490	193200	8351144
1611	301	1467	517	162479	6656510	410902	23069862
1612	312	872	382	162998	6694632	165443	6822489
1613	627	779	403	163203	6707513	200164	8713165
1614	804	1110	1172	163360	6715914	250205	11960510
1615	662	689	420	163430	6720355	167321	6925519
1616	1037	1299	728	163763	6737941	269945	13256869
1617	431	506	570	163960	6748456	558973	34629946
1618	188	277	378	164220	6761818	402900	22488280
1619	188	350	134	164220	6761818	367945	19990614
1620	277	350	330	164220	6761818	173880	7292129
1621	285	415	250	164272	6764167	412438	23183569
1622	200	501	365	164306	6766297	317533	16394869
1623	588	967	646	164611	6780976	202966	8877259
1624	353	1391	439	164688	6784101	228715	10596973
1625	458	830	383	164714	6785171	635666	41237491
1626	1354	1498	429	164728	6785641	374094	20417478
1627	1088	1153	760	164762	6786869	342911	18095348
1628	892	958	594	164897	6793052	4124107	515765063
1629	25	1214	1386	164911	6793652	685070	45735905
1630	254	1363	256	165132	6806861	339882	17873614
1631	1345	1398	1300	165341	6816112	3501727	411759804
1632	634	1612	560	165443	6822489	658777	43148221
1633	185	394	493	165454	6822959	246020	11675353
1634	70	1434	604	165519	6826026	741316	50705557
1635	520	527	594	165609	6831712	520386	31662985
1636	237	554	543	166168	6863674	290500	14600963
1637	567	614	107	166196	6864870	173008	7230386
1638	596	1416	1419	166206	6865602	649404	42336883
1639	744	1586	915	166332	6873300	304678	15546734
1640	108	184	147	166346	6874240	702014	47166379
1641	44	735	584	166764	6898456	240364	11326269
1642	173	1476	220	166807	6901103	198977	8652003
1643	191	1399	183	166985	6909558	517086	31378734
1644	927	1152	387	167096	6914586	289950	14563810
1645	75	203	44	167227	6920817	2264607	229656138
1646	475	607	753	167287	6923771	171596	7156009
1647	31	1615	433	167321	6925519	170558	7098254
1648	163	1132	794	167476	6931125	271014	13339331
1649	1050	1514	1675	167495	6932032	213198	9558464
1650	93	1102	282	167732	6944745	797716	55969047
1651	799	894	1451	167948	6956364	417750	23629657
1652	60	106	85	167975	6958703	532818	32554211
1653	794	968	991	168118	6966713	837960	59969124
1654	43	1544	1188	168314	6977544	207010	9151573
1655	285	676	161	168441	6985772	176125	7393860
1656	199	1534	330	168638	6997944	231432	10797213
1657	709	1597	648	168898	7010397	346484	18372293
1658	1199	1354	1551	168987	7014870	246232	11690643
1659	15	1550	631	168993	7015310	814728	57807038
1660	321	502	414	169145	7023832	216852	9803110
1661	15	1242	459	169154	7024321	1164688	93885614
1662	1221	1365	2023	169732	7056789	225478	10360514
1663	412	1164	454	169981	7070970	566827	35280253
1664	181	1530	380	170178	7080915	187870	8015215
1665	748	921	358	170209	7082642	174367	7319906
1666	580	702	824	170373	7090170	336338	17600608
1667	1210	1647	1292	170558	7098254	762778	52611806
1668	608	1190	1396	170569	7098822	317153	16363077
1669	439	673	763	170724	7107655	396114	22063423
1670	302	1173	458	170973	7120350	188694	8072149
1671	386	1223	1399	171013	7123327	821255	58501266
1672	173	1108	281	171092	7128640	289204	14520764
1673	255	1646	860	171596	7156009	276536	13703436
1674	269	1322	334	171734	7163226	1770700	166810893
1675	91	545	345	171751	7164562	2315400	236482572
1676	57	1612	399	171801	7167094	0	0
1677	312	1121	879	171858	7169169	341802	18001490
1678	318	442	356	171903	7171453	177181	7442391
1679	1063	1599	700	172402	7195408	1906305	182868194
1680	1063	1600	599	172402	7195408	454300	26380727
1681	1599	1600	875	172402	7195408	186273	7916021
1682	210	1542	250	172457	7198965	976190	73825794
1683	99	279	205	172535	7203211	292839	14760711
1684	699	1282	857	172538	7203242	299958	15236264
1685	549	1559	1203	172640	7209479	188481	8057953
1686	321	1565	2208	172990	7229711	176081	7391737
1687	1234	1637	1195	173008	7230386	241430	11399498
1688	246	900	386	173229	7248485	224577	10289795
1689	472	1034	476	173279	7252015	219233	9930118
1690	337	788	1643	173721	7281771	577030	36181095
1691	1595	1620	1085	173880	7292129	3036725	338238944
1692	953	1665	678	174367	7319906	683715	45599820
1693	847	1236	347	174438	7323928	503376	30099351
1694	531	1471	654	174904	7347497	225980	10401183
1695	620	768	946	175001	7352091	665112	43633668
1696	245	443	428	175532	7373670	260549	12654358
1697	29	140	72	175929	7387369	278800	13851358
1698	361	1686	2360	176081	7391737	242476	11466110
1699	774	1655	302	176125	7393860	593256	37670950
1700	158	1065	787	176432	7408584	920049	68505668
1701	4	595	75	176635	7417830	1265318	104404984
1702	1053	1312	794	176652	7418600	198463	8623144
1703	618	1309	1002	177021	7434199	250029	11947817
1704	924	1678	968	177181	7442391	185365	7857035
1705	430	1346	731	177416	7453367	247717	11804871
1706	831	1043	290	177614	7462405	192212	8286764
1707	382	502	467	178021	7477944	286639	14336177
1708	911	1581	723	178163	7482723	215259	9696789
1709	537	812	419	178223	7485652	312728	16081356
1710	188	301	153	178285	7487853	368843	20062941
1711	751	768	666	178591	7497088	221914	10129569
1712	977	1510	1727	178638	7498737	1662901	152577810
1713	717	1406	1441	178757	7503290	352178	18854130
1714	989	1079	1885	178914	7511588	453805	26338697
1715	187	977	1224	178930	7512012	223052	10198365
1716	1031	1563	888	179125	7523699	202792	8864919
1717	57	216	60	179148	7525127	323500	16874228
1718	1105	1361	1096	179183	7527143	212152	9497290
1719	1235	1372	455	179415	7543307	230502	10728643
1720	702	1128	838	179512	7548901	1443154	125502007
1721	561	897	666	179852	7568975	477943	28206091
1722	21	585	30	179936	7573330	1952452	189119940
1723	659	733	1581	180113	7581877	1265717	104471630
1724	700	832	168	180318	7592004	282828	14086998
1725	515	1308	1615	180651	7606932	185365	7857035
1726	1156	1326	569	180812	7615430	369254	20091032
1727	17	489	230	180845	7617199	289950	14563810
1728	1408	1647	1666	180882	7619050	2848939	311719589
1729	190	1589	269	181331	7643605	1054012	81772125
1730	803	1293	538	181503	7652064	395463	22021719
1731	66	552	214	181957	7673868	299295	15195850
1732	972	1051	761	182001	7675324	1666080	152997847
1733	1223	1524	1417	182368	7689407	240206	11312937
1734	1384	1515	1963	182472	7693391	251439	12057624
1735	403	1177	259	182505	7695107	382970	21136026
1736	905	1296	536	182540	7696805	310463	15909036
1737	218	1073	690	182600	7699706	292423	14733131
1738	307	1490	272	182820	7712648	710986	47924416
1739	1297	1374	681	182943	7718952	443991	25692334
1740	326	633	502	183406	7740105	201288	8759230
1741	14	490	137	183501	7744707	908159	67343644
1742	960	1491	2392	183562	7747257	220277	9988006
1743	22	1522	519	183572	7747938	1394956	120192443
1744	1014	1056	505	183716	7756212	1096775	86018787
1745	878	1150	902	183813	7762515	1711779	159075688
1746	164	483	355	183949	7770182	366544	19881471
1747	806	1181	1074	184047	7775697	302511	15404894
1748	876	902	1839	184135	7780870	263783	12861429
1749	614	1590	1112	184388	7798620	504070	30153256
1750	375	386	260	184688	7818114	209667	9316089
1751	582	1012	1065	185052	7839846	314957	16223260
1752	615	833	773	185309	7853825	323264	16859281
1753	1704	1725	2583	185365	7857035	487950	28997593
1754	858	1062	767	185535	7868263	190440	8171029
1755	870	999	638	185540	7868606	255568	12341082
1756	783	1678	757	185863	7889376	223486	10225401
1757	12	1582	622	185969	7895498	580009	36461998
1758	955	1078	782	186044	7900475	345639	18306561
1759	659	915	599	186231	7912135	246020	11675353
1760	42	1681	895	186273	7916021	215898	9734276
1761	699	1195	731	186849	7949981	370838	20202800
1762	1065	1333	1053	186998	7957292	710961	47922863
1763	62	896	723	187021	7958509	397749	22164236
1764	740	787	1048	187243	7971064	247252	11769811
1765	1154	1415	623	187410	7980795	794593	55662132
1766	1355	1527	1571	187468	7984383	374334	20435867
1767	78	1394	357	187651	7997026	266515	13062783
1768	864	1544	1474	187718	8001680	239630	11276058
1769	1319	1532	723	187833	8012546	1365591	116553370
1770	1284	1664	902	187870	8015215	687705	45975583
1771	855	1586	661	188046	8029464	215144	9691145
1772	418	1685	1319	188481	8057953	680823	45301223
1773	56	976	402	188678	8071473	211449	9456321
1774	42	1670	478	188694	8072149	239207	11253386
1775	510	1521	701	188738	8074685	402177	22438384
1776	215	233	76	188792	8077716	289915	14561863
1777	1208	1411	410	189129	8099448	304299	15520223
1778	56	475	366	189143	8100423	239409	11264363
1779	794	1500	1409	189216	8104512	368650	20047617
1780	313	1444	979	189430	8116880	0	0
1781	377	652	391	189446	8117554	3719222	447283532
1782	930	1062	1410	189614	8127367	203693	8925909
1783	78	691	296	189754	8135168	772906	53526945
1784	535	984	179	189759	8135490	2134686	212952266
1785	449	1485	675	190044	8150814	267948	13147585
1786	109	1075	208	190158	8156486	239566	11272964
1787	215	1431	733	190346	8165450	3619040	429583860
1788	1253	1446	1355	190362	8166189	334544	17489900
1789	305	1754	885	190440	8171029	627218	40482385
1790	956	1647	846	190442	8171219	2225938	224426601
1791	1022	1195	935	190468	8173138	0	0
1792	1188	1461	896	190499	8174862	827692	59068534
1793	125	633	459	190895	8204211	196897	8531550
1794	439	536	572	191026	8212265	224419	10281396
1795	407	1308	1520	191045	8212981	270220	13272104
1796	1	479	114	191142	8218610	256693	12411180
1797	1047	1308	2084	191212	8223495	224965	10315718
1798	238	1039	946	191540	8246038	220221	9984956
1799	920	1597	666	191699	8256339	215902	9734353
1800	119	942	576	191981	8274540	192615	8310601
1801	827	1706	466	192212	8286764	410329	23030190
1802	662	765	454	192300	8291804	409837	22996197
1803	716	1411	1377	192441	8298880	225993	10402380
1804	530	1486	1927	192454	8299242	781898	54427168
1805	871	1800	662	192615	8310601	290347	14587576
1806	372	603	535	192760	8321439	206540	9123500
1807	442	1341	687	192814	8325385	430013	24640112
1808	619	892	737	193103	8344980	538918	33072427
1809	1270	1610	1146	193200	8351144	202277	8828356
1810	1004	1590	1940	193564	8372281	823199	58685536
1811	539	1646	1046	193799	8385661	1129739	89915036
1812	823	990	1027	193817	8386843	1365591	116553370
1813	1	1411	67	193877	8390613	1040463	80360098
1814	341	460	143	194020	8398723	241549	11407080
1815	1096	1476	211	194061	8400814	949588	71182385
1816	112	136	74	194397	8417355	288935	14504319
1817	99	634	210	194445	8420247	201453	8770739
1818	349	564	271	194545	8424860	428393	24481379
1819	118	364	202	194762	8433998	613830	39406808
1820	606	1706	502	194798	8435512	250461	11980456
1821	401	1393	1566	194947	8440997	201531	8775842
1822	730	1346	1051	194996	8443159	0	0
1823	439	1582	775	195216	8455420	594735	37792783
1824	170	425	251	195406	8465363	414199	23327488
1825	1059	1188	1129	195512	8470806	480095	28407110
1826	372	1460	932	196170	8500899	246232	11690643
1827	142	1448	1016	196172	8500921	250089	11951889
1828	179	522	556	196472	8514308	251850	12087058
1829	303	1793	524	196897	8531550	578084	36287644
1830	54	1412	998	196945	8532898	1010721	77285906
1831	618	1529	3801	196998	8535006	721045	48751071
1832	1557	1577	1517	197695	8578460	261900	12735310
1833	196	554	528	197794	8585051	275822	13661824
1834	369	1580	365	197845	8588017	201531	8775842
1835	671	1201	852	198052	8600457	201228	8756386
1836	251	825	525	198368	8618660	813974	57721868
1837	941	1702	1099	198463	8623144	266884	13086555
1838	1171	1184	850	198556	8627832	1105453	86988852
1839	523	1417	921	198701	8637217	348821	18546711
1840	380	1512	987	198949	8650269	744519	50927312
1841	308	1642	479	198977	8652003	209479	9303600
1842	644	1467	524	199063	8657542	224131	10265678
1843	72	1142	536	199299	8673000	248844	11877346
1844	1000	1547	499	199993	8706223	260070	12623043
1845	801	1613	736	200164	8713165	995189	75710467
1846	418	1062	685	200309	8718548	345428	18290378
1847	117	788	1329	200612	8730606	390690	21700620
1848	64	618	466	200796	8737326	452714	26252863
1849	504	894	885	200850	8739267	443045	25640930
1850	919	1590	1284	201002	8745845	626731	40434464
1851	182	1835	906	201228	8756386	378537	20809852
1852	1593	1740	1822	201288	8759230	404750	22627185
1853	1059	1357	1373	201336	8762536	255586	12341919
1854	28	928	569	201448	8770567	421459	23969193
1855	485	1817	671	201453	8770739	490611	29193984
1856	1821	1834	1931	201531	8775842	332491	17354958
1857	655	1218	1178	201937	8804255	281509	13986308
1858	884	1525	890	202064	8812453	239630	11276058
1859	253	1809	1315	202277	8828356	270269	13275410
1860	471	1716	1093	202792	8864919	3531065	416631820
1861	1096	1444	870	202800	8865857	622978	40110547
1862	1223	1623	1880	202966	8877259	208347	9234905
1863	57	1537	271	203068	8884773	916531	68160994
1864	706	1192	485	203253	8897403	272509	13456197
1865	173	1793	538	203392	8905906	1027232	79049186
1866	582	809	1049	203506	8913019	268315	13168852
1867	245	624	550	203577	8917796	241430	11399498
1868	213	1782	1442	203693	8925909	389118	21576374
1869	1088	1384	2112	204072	8952972	1638230	149394151
1870	226	1315	787	204165	8959207	282138	14034587
1871	268	516	891	204265	8966689	283109	14108292
1872	858	1473	1512	204383	8974138	815859	57927419
1873	923	1219	2355	204720	9000010	431672	24802896
1874	183	1557	1019	204795	9004912	446902	25867902
1875	437	1685	1400	204906	9014427	825134	58861978
1876	405	730	680	205105	9032948	402900	22488280
1877	66	1484	433	205271	9045906	320657	16665549
1878	176	948	406	205313	9049365	601936	38431172
1879	478	1088	851	205430	9057380	886345	64978380
1880	342	771	326	205572	9068237	298197	15122816
1881	235	1382	493	206251	9107362	1103689	86751696
1882	940	1501	836	206271	9108222	269110	13214134
1883	1219	1806	1841	206540	9123500	228352	10573153
1884	68	636	655	206553	9124431	663304	43489763
1885	199	1525	716	206638	9129681	290780	14623960
1886	176	1431	747	206903	9145393	443063	25641865
1887	574	1654	1681	207010	9151573	295394	14927775
1888	947	1190	1393	207084	9155860	253372	12187468
1889	909	1164	1494	207116	9157446	550725	33964807
1890	300	961	327	207460	9183909	220691	10022069
1891	303	661	720	207720	9201494	410615	23050675
1892	477	806	519	208073	9220381	366431	19872714
1893	826	1256	1660	208086	9220944	470821	27685322
1894	252	890	553	208273	9230931	379457	20882707
1895	23	1862	1896	208347	9234905	507214	30417232
1896	592	1070	835	208733	9260119	952802	71447349
1897	99	469	265	209061	9279412	1620703	147364559
1898	1099	1103	1475	209149	9284596	272354	13445803
1899	434	524	240	209377	9298350	554891	34320541
1900	1474	1841	1464	209479	9303600	434110	25000622
1901	32	1025	387	209499	9304672	454972	26440188
1902	1079	1404	1150	209544	9307463	347279	18428933
1903	1022	1268	1175	209630	9313424	253087	12169116
1904	1152	1750	440	209667	9316089	263783	12861429
1905	430	1516	1947	209890	9332033	1383955	118947665
1906	724	1281	1458	210022	9342633	382078	21078106
1907	994	1284	676	210132	9352213	1349723	114604758
1908	541	705	631	210299	9364987	293573	14807095
1909	174	1557	1120	210381	9373178	274235	13568568
1910	1223	1354	1446	210411	9375476	766693	52995452
1911	705	1149	640	210539	9385823	224733	10299606
1912	147	1445	619	210587	9389157	235574	11061242
1913	21	138	120	210881	9413854	363864	19700019
1914	716	1367	1804	211047	9426490	1007257	76908705
1915	599	1773	726	211449	9456321	241636	11412073
1916	794	1620	748	211920	9483576	501289	29976529
1917	1448	1718	1952	212152	9497290	462810	27047918
1918	663	1800	858	212348	9509053	752749	51593298
1919	524	1486	1731	212655	9526463	736242	50270831
1920	1207	1517	535	212947	9542698	451881	26195023
1921	1414	1511	1354	213037	9548016	1251005	102660802
1922	1096	1164	387	213048	9548863	363520	19679316
1923	1036	1649	1965	213198	9558464	408422	22894265
1924	359	1576	1756	213256	9563501	426840	24351203
1925	1156	1443	1002	213426	9576211	581616	36595632
1926	656	1242	577	213509	9581352	1448924	126235926
1927	1086	1099	1247	213799	9605882	800271	56281037
1928	1043	1499	1381	214384	9647687	276619	13710393
1929	356	485	575	214905	9678750	341246	17964973
1930	444	822	994	215128	9690179	1203815	97696742
1931	45	1771	679	215144	9691145	1794331	169499643
1932	102	1708	754	215259	9696789	974038	73632661
1933	122	1304	218	215261	9696819	256532	12401340
1934	1116	1318	1350	215411	9705261	238802	11233180
1935	32	1340	1419	215663	9720508	557795	34525632
1936	1425	1509	1329	215894	9734157	388294	21510296
1937	270	1760	981	215898	9734276	216653	9789438
1938	66	1799	700	215902	9734353	253027	12166124
1939	1208	1432	1310	216014	9742683	348399	18510047
1940	230	1937	1092	216653	9789438	262368	12766172
1941	317	430	283	216743	9795488	266175	13043329
1942	218	1400	687	216774	9798364	1049878	81291529
1943	399	1660	506	216852	9803110	453676	26328438
1944	476	1834	587	216877	9804528	508666	30574223
1945	35	679	131	217147	9823123	410615	23050675
1946	187	370	330	217534	9845286	440630	25501103
1947	401	1442	723	217590	9847419	563615	34976692
1948	547	713	663	217885	9862162	250589	11991358
1949	595	814	786	217985	9867342	320195	16631618
1950	682	812	499	218304	9884069	453710	26331349
1951	760	1333	653	218350	9886523	569889	35509461
1952	555	1287	1205	218564	9897241	2099690	208206978
1953	539	1144	933	218671	9903076	293665	14812327
1954	542	1022	704	218745	9906538	355657	19117134
1955	258	1133	281	219086	9923999	246442	11707368
1956	528	808	590	219223	9929864	542876	33423751
1957	161	1689	601	219233	9930118	1564153	140347812
1958	154	1109	424	219402	9938190	280241	13924086
1959	110	1096	153	219408	9938321	313945	16161674
1960	168	460	96	219441	9940167	251984	12096075
1961	717	1664	1210	219482	9942024	281190	13969682
1962	308	1612	641	219534	9945399	260535	12653475
1963	116	896	760	219647	9952152	236680	11126915
1964	306	1363	137	219770	9958756	639036	41484475
1965	1144	1456	1004	219874	9964424	533464	32608134
1966	629	756	586	219975	9970700	263785	12861577
1967	361	1235	486	220125	9979374	258199	12499837
1968	332	1798	1030	220221	9984956	228713	10596885
1969	527	1742	2722	220277	9988006	264318	12905208
1970	514	1338	2037	220311	9991502	258044	12489203
1971	563	1435	564	220653	10019292	750590	51401173
1972	1264	1890	1352	220691	10022069	387104	21416659
1973	1058	1199	1628	220796	10030996	659403	43200449
1974	160	473	117	220823	10032635	882448	64588129
1975	100	1452	1303	220854	10035662	806509	56919623
1976	455	1518	1977	220864	10036206	993687	75578398
1977	348	1587	452	220937	10044438	463491	27113476
1978	198	791	328	221189	10070853	903183	66828781
1979	91	885	528	221244	10075649	840390	60190803
1980	1074	1244	418	221260	10076669	263184	12815850
1981	136	196	154	221627	10108896	256344	12389203
1982	1056	1711	979	221914	10129569	531668	32466649
1983	245	1204	894	222315	10157599	347302	18430352
1984	786	1715	1753	223052	10198365	1347534	114344480
1985	1351	1405	1588	223268	10210125	474256	27936055
1986	234	1104	1519	223300	10212189	380169	20940387
1987	295	1756	905	223486	10225401	511292	30831938
1988	84	729	99	223844	10247520	308458	15780403
1989	157	342	142	223905	10251349	447959	25945368
1990	5	1291	588	224020	10258296	0	0
1991	891	1842	1021	224131	10265678	741316	50705557
1992	768	1287	1594	224402	10280698	248844	11877346
1993	313	1794	751	224419	10281396	332078	17332289
1994	244	1688	517	224577	10289795	587160	37131747
1995	1403	1911	1267	224733	10299606	293120	14778259
1996	1548	1588	1034	224829	10306302	476157	28083957
1997	530	1560	647	224849	10307680	425885	24286802
1998	999	1797	2379	224965	10315718	517528	31423357
1999	363	995	867	225054	10324467	292423	14733131
2000	1063	1236	318	225186	10336281	269409	13228860
2001	1295	1662	3076	225478	10360514	287845	14420849
2002	1400	1694	1237	225980	10401183	720636	48719656
2003	981	1803	1916	225993	10402380	978997	74066218
2004	729	1472	1146	225998	10402854	230577	10732606
2005	206	1221	1550	226267	10430283	615530	39507799
2006	632	1224	485	226628	10462141	260189	12631487
2007	15	1554	313	227111	10497346	391945	21794498
2008	1035	1121	1268	227264	10506649	400623	22332633
2009	844	1174	405	227368	10513783	229859	10685008
2010	196	1228	353	227575	10526538	294957	14897494
2011	16	457	111	227616	10529022	763184	52655636
2012	116	534	227	227644	10530809	677469	44993894
2013	1284	1561	647	227743	10536771	625519	40338872
2014	999	1212	1038	227903	10545209	317993	16433789
2015	236	1842	638	228046	10554237	360823	19508924
2016	1	1427	461	228075	10555788	317993	16433789
2017	396	414	188	228242	10566494	326007	17015809
2018	790	1467	653	228321	10570863	320827	16678321
2019	828	1883	2084	228352	10573153	1324503	111792581
2020	374	1285	820	228558	10587948	231575	10807960
2021	439	1968	1194	228713	10596885	264006	12878374
2022	1041	1624	885	228715	10596973	373411	20361778
2023	468	491	776	229025	10619100	317821	16418144
2024	1607	1642	2856	229133	10625636	339269	17828816
2025	603	1018	688	229153	10627526	593256	37670950
2026	163	1243	735	229379	10648269	1657434	151870054
2027	190	936	1059	229571	10662735	239207	11253386
2028	470	2009	572	229859	10685008	899285	66428058
2029	824	870	624	229939	10691525	401001	22358178
2030	441	1376	296	229996	10695041	329912	17215617
2031	503	752	832	230016	10696802	275893	13665583
2032	140	1719	516	230502	10728643	472906	27827392
2033	1218	2004	1860	230577	10732606	1059940	82302310
2034	381	1646	881	230672	10738259	1159249	93242456
2035	472	982	683	230761	10744194	275252	13627558
2036	107	625	435	230785	10745512	243001	11501620
2037	248	309	79	230936	10757920	1363971	116360230
2038	1379	1395	1529	230941	10758314	486744	28921555
2039	1058	1373	800	231093	10771092	415484	23423722
2040	857	1526	1246	231098	10771206	343919	18172055
2041	1050	1480	1087	231282	10786884	609403	39049120
2042	456	1656	666	231432	10797213	303673	15478067
2043	1441	1716	1560	231526	10804418	416815	23536530
2044	1529	2020	4176	231575	10807960	336204	17588046
2045	181	627	287	232157	10860018	730048	49653053
2046	1367	1604	897	232444	10880339	2029222	199369677
2047	57	858	215	232467	10881718	327471	17094259
2048	992	1103	1720	232669	10894302	534495	32699394
2049	452	1069	911	232749	10899851	548194	33793626
2050	314	1037	591	232857	10907544	365513	19807006
2051	1384	1408	2837	233310	10939370	359604	19407772
2052	72	936	964	233707	10965461	310745	15929729
2053	249	1347	1218	233937	10977949	320379	16645271
2054	9	144	100	234185	10993669	771075	53382985
2055	368	979	229	234408	11006568	354073	18994246
2056	595	630	267	234872	11029012	1159249	93242456
2057	141	1243	754	234959	11032998	235707	11067917
2058	65	1253	872	235085	11039430	326005	17015798
2059	372	1689	754	235123	11041296	2186691	219439100
2060	168	1528	382	235162	11043580	266884	13086555
2061	454	1256	1701	235553	11060343	332949	17388031
2062	1534	1555	528	235569	11060988	248807	11875233
2063	665	1912	917	235574	11061242	431833	24816835
2064	154	692	711	235648	11065360	444082	25697852
2065	1215	2057	1535	235707	11067917	269409	13228860
2066	185	1194	1275	235828	11075666	464445	27196810
2067	1218	1589	866	235910	11079857	755905	51909157
2068	9	1299	385	236130	11094295	1047120	80984861
2069	676	989	1395	236429	11111528	376921	20679491
2070	59	1298	753	236448	11112956	449666	26036496
2071	620	1963	1158	236680	11126915	1006548	76832698
2072	547	878	382	237046	11150756	532810	32553648
2073	794	1161	691	237072	11152216	280155	13919456
2074	641	1431	1187	237320	11164718	1265270	104396533
2075	927	1344	418	237664	11182222	295879	14961989
2076	360	1137	1009	237805	11189041	393445	21902267
2077	901	1647	529	237940	11196348	568134	35386714
2078	973	1561	233	238011	11199672	1972679	191802708
2079	428	1145	752	238674	11227553	375868	20577306
2080	962	1934	1962	238802	11233180	889731	65327644
2081	1032	1586	724	238990	11242936	371738	20256802
2082	1774	2027	1537	239207	11253386	482468	28587587
2083	93	1778	415	239409	11264363	2345267	240650506
2084	607	1786	629	239566	11272964	425940	24290053
2085	1768	1858	2364	239630	11276058	281855	14010435
2086	234	304	413	239771	11286645	1521911	134958323
2087	48	1448	873	239826	11290074	542861	33422536
2088	105	697	86	240108	11307571	747392	51121358
2089	535	1458	1075	240141	11308709	489425	29091643
2090	556	726	977	240145	11308842	248263	11843300
2091	1016	1733	1778	240206	11312937	473155	27844839
2092	1515	1641	943	240364	11326269	322619	16817945
2093	904	1426	1299	240568	11340396	287435	14392374
2094	88	1410	588	240648	11348751	283731	14147336
2095	745	994	719	240945	11370788	253761	12219376
2096	445	479	184	241288	11391616	342911	18095348
2097	1687	1867	1745	241430	11399498	560034	34717328
2098	210	1814	212	241549	11407080	1867911	178434241
2099	232	503	414	241557	11407232	997763	75974997
2100	853	1915	864	241636	11412073	1131422	90104613
2101	306	1602	651	241999	11435891	245027	11614348
2102	748	854	543	242224	11449306	366396	19869734
2103	455	989	1649	242231	11449434	0	0
2104	452	934	767	242327	11455258	540465	33213078
2105	312	1698	2524	242476	11466110	512827	30942757
2106	40	1681	903	242882	11493655	346447	18369002
2107	275	2036	608	243001	11501620	1691640	156507640
2108	92	264	80	243070	11506810	376859	20674896
2109	192	1061	262	243308	11522723	538379	33025772
2110	731	1043	635	243536	11536206	1427185	123952010
2111	373	1404	602	243781	11550277	0	0
2112	424	954	488	243980	11560632	373614	20379737
2113	398	935	100	244420	11581768	501253	29974541
2114	80	1381	931	244505	11585522	4050056	502876192
2115	546	1011	1126	244651	11592075	349171	18584732
2116	966	1542	706	244661	11592465	329214	17181454
2117	94	1562	2016	244664	11592531	503150	30084134
2118	835	2101	874	245027	11614348	3189631	362424414
2119	322	1588	1099	245182	11623573	286157	14301242
2120	84	1100	1921	245726	11654005	434752	25047420
2121	898	1025	1867	245762	11656320	443727	25676388
2122	1633	1759	1092	246020	11675353	307306	15711096
2123	582	1238	1679	246083	11679268	271701	13397853
2124	1658	1826	2483	246232	11690643	490567	29189841
2125	441	1963	899	246353	11700793	422913	24075702
2126	741	1955	746	246442	11707368	552610	34109919
2127	87	134	137	246595	11719250	325211	16969135
2128	627	1100	2060	246704	11728144	1383499	118887537
2129	115	556	789	246751	11732137	336204	17588046
2130	515	1564	799	247058	11756058	392409	21826811
2131	1056	1764	1361	247252	11769811	0	0
2132	418	1705	847	247717	11804871	1114326	88088023
2133	665	2090	1275	248263	11843300	270220	13272104
2134	359	1192	438	248598	11864194	414601	23356202
2135	10	1257	335	248792	11874529	577103	36188866
2136	253	2062	697	248807	11875233	402431	22454780
2137	1843	1992	2130	248844	11877346	343353	18126865
2138	966	1199	1864	249385	11910250	896189	66017619
2139	181	575	171	249506	11918330	311929	16022528
2140	1274	1582	785	249770	11933385	292433	14733596
2141	25	1231	568	249935	11942677	970557	73321427
2142	422	1624	655	249982	11945576	693361	46376357
2143	717	1703	1832	250029	11947817	437094	25223217
2144	368	1827	1146	250089	11951889	1263597	104149626
2145	903	1614	1621	250205	11960510	348719	18536208
2146	743	1715	2108	250358	11973370	0	0
2147	907	1820	595	250461	11980456	1279129	106143629
2148	306	1577	691	250564	11989143	442361	25607333
2149	1249	1948	1120	250589	11991358	301372	15333165
2150	103	1189	829	250688	12000689	667752	43895443
2151	501	1160	1156	250725	12004034	263666	12852312
2152	1278	1734	2033	251439	12057624	911020	67608848
2153	825	1509	493	251764	12080810	2469932	258453615
2154	1324	1828	915	251850	12087058	286424	14321099
2155	1734	1960	2059	251984	12096075	318081	16440529
2156	963	1179	1303	252000	12096831	496224	29623786
2157	325	1259	505	252292	12118189	524747	31995898
2158	271	1537	369	252678	12146418	514292	31057708
2159	457	584	344	252838	12155758	511912	30878320
2160	436	1938	978	253027	12166124	328551	17148791
2161	1520	1903	1798	253087	12169116	438105	25299275
2162	304	480	268	253191	12175590	1537015	136620308
2163	304	1211	1112	253191	12175590	0	0
2164	480	1211	954	253191	12175590	1436180	124745155
2165	1386	1888	2053	253372	12187468	632577	40991742
2166	825	2095	1074	253761	12219376	2585659	274276153
2167	523	1082	786	253764	12219449	1925031	185070359
2168	536	1123	599	254065	12243864	1980900	192869862
2169	384	1175	1399	254415	12267946	316738	16332878
2170	297	526	469	254886	12299703	394498	21964379
2171	727	1015	1384	254888	12299719	309740	15858086
2172	733	939	1364	254931	12301929	257799	12473658
2173	1755	1786	846	255568	12341082	427539	24402323
2174	1019	1853	1859	255586	12341919	357218	19235359
2175	851	1238	1856	255804	12355819	722382	48864648
2176	524	1175	1229	256180	12379438	1590416	143551230
2177	163	404	168	256253	12384217	472225	27783356
2178	1395	1981	1015	256344	12389203	334027	17460474
2179	306	1933	333	256532	12401340	281509	13986308
2180	1023	1796	265	256693	12411180	476841	28128896
2181	1313	1834	911	256751	12414089	473426	27865258
2182	610	1615	589	256808	12416750	292852	14761617
2183	563	1348	619	256901	12422093	805484	56842067
2184	249	1314	432	256947	12424856	590241	37459220
2185	657	1384	1788	257399	12450217	262974	12802243
2186	659	986	905	257564	12460782	280094	13916632
2187	581	2172	1699	257799	12473658	418471	23695030
2188	1500	1970	3028	258044	12489203	0	0
2189	1400	1967	1069	258199	12499837	376911	20678712
2190	696	1336	391	258471	12519574	284372	14184058
2191	695	1687	2274	258880	12545649	259244	12567980
2192	1032	1198	574	259044	12554816	679582	45175228
2193	135	1288	862	259075	12556715	1095894	85927736
2194	835	2191	2497	259244	12567980	309879	15866985
2195	577	1350	485	259566	12589692	320379	16645271
2196	867	1715	1862	259944	12614860	465886	27317540
2197	1421	1844	1120	260070	12623043	1237860	101243619
2198	563	2006	689	260189	12631487	405082	22653160
2199	1146	1962	728	260535	12653475	289595	14544429
2200	426	1696	710	260549	12654358	1211881	98374361
2201	236	1558	992	260987	12680189	846285	60787845
2202	248	1230	273	260999	12680828	3518699	414580526
2203	1046	1527	1261	261006	12681080	392406	21826643
2204	524	602	329	261067	12685332	2029238	199371705
2205	1338	1543	2255	261296	12699060	1300641	108688120
2206	252	1832	1650	261900	12735310	383643	21174310
2207	295	967	442	261952	12738600	386947	21406655
2208	761	845	709	262038	12743693	337382	17698277
2209	928	1940	1639	262368	12766172	2101677	208507255
2210	1262	2185	2666	262974	12802243	359099	19370306
2211	819	1433	1056	263178	12815380	504829	30216289
2212	1493	1980	1349	263184	12815850	392102	21806625
2213	371	594	585	263482	12839423	339957	17879311
2214	596	2151	1288	263666	12852312	284614	14198247
2215	1748	1904	2279	263783	12861429	478722	28277319
2216	864	1966	887	263785	12861577	303173	15444547
2217	767	2021	1586	264006	12878374	0	0
2218	16	416	54	264217	12897726	268545	13183542
2219	1036	1969	3012	264318	12905208	1138662	90929077
2220	510	1358	712	264920	12959693	265695	13015492
2221	1108	1312	457	265039	12968902	484599	28747458
2222	712	1168	748	265341	12991172	528776	32270323
2223	461	2220	912	265695	13015492	547404	33733882
2224	1255	1941	661	266175	13043329	686792	45898971
2225	1369	1912	1001	266267	13047724	348660	18530786
2226	1207	1474	1117	266279	13048459	0	0
2227	856	1040	901	266405	13055785	419144	23763378
2228	882	1767	1067	266515	13062783	570202	35534832
2229	1837	2060	1481	266884	13086555	348008	18481487
2230	635	1624	627	267390	13115307	284372	14184058
2231	965	1339	1296	267664	13130190	569233	35459340
2232	7	949	814	267714	13132984	323287	16860105
2233	1241	1785	1143	267948	13147585	549293	33866867
2234	228	848	385	268012	13151138	283663	14144211
2235	140	594	212	268130	13157620	427082	24367882
2236	370	1866	1227	268315	13168852	335697	17556576
2237	713	2218	495	268545	13183542	1293497	107798501
2238	351	800	473	268785	13197025	616967	39611914
2239	1331	1882	1050	269110	13214134	1662329	152486670
2240	2000	2065	1853	269409	13228860	319188	16552117
2241	22	68	19	269689	13244419	316358	16309005
2242	95	1435	385	269740	13246801	570455	35559531
2243	273	651	1042	269919	13255710	342373	18051344
2244	336	1616	878	269945	13256869	0	0
2245	637	669	284	269999	13259636	788001	55010217
2246	1795	2133	2795	270220	13272104	270498	13291734
2247	1040	1859	1795	270269	13275410	599064	38160595
2248	475	1460	986	270385	13283756	1499374	132261066
2249	1963	2246	3555	270498	13291734	605819	38704006
2250	41	1270	552	270559	13297961	1183793	95752934
2251	878	1141	682	270834	13322798	3024282	336561091
2252	359	1147	818	270845	13324518	386947	21406655
2253	116	1547	406	270902	13329959	380979	21003731
2254	1392	1648	1060	271014	13339331	318095	16442557
2255	678	1364	992	271251	13361368	496214	29623077
2256	1279	2123	1841	271701	13397853	401001	22358178
2257	132	564	240	272211	13437330	404838	22633522
2258	961	1898	1629	272354	13445803	290277	14583512
2259	1476	1864	626	272509	13456197	349006	18566739
2260	1310	1533	314	272514	13456430	752769	51594460
2261	713	969	1018	272593	13461602	522357	31822303
2262	435	1478	688	272802	13476524	459390	26781929
2263	1275	1386	1644	272820	13477393	387805	21471978
2264	1706	1853	1663	273003	13490521	325096	16962731
2265	793	1948	898	273533	13527092	363113	19652400
2266	148	1809	1212	273974	13553414	502310	30033013
2267	947	1909	1319	274235	13568568	3633362	432191037
2268	168	380	418	274343	13575116	312069	16032078
2269	1010	1420	866	274378	13577587	506034	30315389
2270	176	473	122	274683	13595141	693979	46415823
2271	1132	1937	1726	274777	13599780	300888	15298647
2272	1124	1179	1041	274973	13611207	1880723	180029095
2273	365	600	608	275072	13617209	426227	24310451
2274	118	2035	739	275252	13627558	2038881	200565652
2275	1462	1782	2304	275412	13637432	420365	23872627
2276	302	1833	626	275822	13661824	330438	17245546
2277	1563	2031	1571	275893	13665583	469691	27608386
2278	892	2009	537	275964	13670254	666393	43760741
2279	379	1087	512	275972	13670544	298237	15125352
2280	500	783	780	276142	13681679	772335	53473465
2281	1005	1590	1314	276186	13684040	593819	37713856
2282	112	944	312	276192	13684159	429833	24621810
2283	88	725	388	276243	13687043	298197	15122816
2284	593	957	710	276247	13687202	3015080	335392429
2285	397	914	817	276484	13700728	289204	14520764
2286	686	1076	788	276530	13703140	374854	20480060
2287	914	1673	1493	276536	13703436	539467	33121396
2288	404	1928	1500	276619	13710393	366396	19869734
2289	792	1130	830	277537	13775949	347302	18430352
2290	47	1209	1273	277977	13801305	749354	51273627
2291	1595	1992	2349	278046	13805013	312069	16032078
2292	1135	1287	1485	278367	13824743	294820	14887323
2293	133	1038	510	278602	13838837	995305	75724372
2294	770	1131	1315	278630	13841436	281561	13990219
2295	688	1230	459	278662	13843185	1285753	106888913
2296	1697	1773	474	278800	13851358	547320	33728736
2297	804	1048	885	279057	13865538	434231	25009487
2298	1110	1307	1045	279869	13906465	358390	19324021
2299	477	2186	1206	280094	13916632	1972904	191826747
2300	318	1298	998	280113	13917557	0	0
2301	685	2073	1210	280155	13919456	291430	14670624
2302	190	1958	541	280241	13924086	714531	48210870
2303	89	491	179	280542	13939923	1642047	149855868
2304	339	491	345	280685	13946823	392406	21826643
2305	1648	1961	2004	281190	13969682	412997	23228009
2306	632	1424	638	281201	13969966	566977	35294538
2307	255	1125	1612	281402	13980352	435950	25137997
2308	1857	2179	1511	281509	13986308	791863	55369738
2309	1044	2294	1443	281561	13990219	607156	38810726
2310	1070	2085	3031	281855	14010435	489955	29136186
2311	56	1870	821	282138	14034587	335945	17571138
2312	48	1185	326	282312	14047480	394176	21946749
2313	901	1719	551	282400	14053733	397108	22121188
2314	339	1407	1788	282545	14063385	296574	15014724
2315	211	1208	457	282700	14075228	1009731	77159481
2316	24	729	77	282741	14079268	648902	42298513
2317	1608	1724	498	282828	14086998	945326	70847993
2318	697	1871	925	283109	14108292	299542	15212108
2319	298	530	370	283240	14117140	673383	44576547
2320	432	2234	550	283663	14144211	460753	26879311
2321	67	1052	774	283669	14144416	299153	15188137
2322	840	2094	870	283731	14147336	459363	26779230
2323	2190	2230	1018	284372	14184058	1563499	140284603
2324	661	1447	946	284502	14191403	303173	15444547
2325	403	1339	1148	284516	14192630	520461	31669440
2326	1208	2214	1632	284614	14198247	1118492	88604426
2327	1110	1624	1119	284673	14202250	752769	51594460
2328	570	1595	1034	284727	14205865	4157587	521602706
2329	367	2151	1207	284872	14216332	406261	22734825
2330	1623	1740	1148	285272	14243546	583033	36729541
2331	219	1296	243	285338	14248476	625495	40337303
2332	920	1438	1132	285397	14252217	311679	16005926
2333	1814	1862	2023	285496	14258797	2814669	306762438
2334	755	1637	353	285663	14270909	311929	16022528
2335	363	855	705	286083	14297181	1756647	165003486
2336	1495	2119	2613	286157	14301242	781012	54327990
2337	1004	2154	1766	286424	14321099	316387	16310503
2338	1468	1707	1588	286639	14336177	341997	18015540
2339	1327	1523	1744	287076	14367944	648671	42278775
2340	34	1400	600	287227	14377202	4219335	532019489
2341	1367	2093	1792	287435	14392374	1140585	91198550
2342	284	1338	1901	287761	14415114	295858	14960484
2343	322	2001	3292	287845	14420849	538390	33026676
2344	114	240	219	288719	14490102	4111749	513555922
2345	966	1816	599	288935	14504319	394719	21974129
2346	239	1001	974	288944	14504854	308458	15780403
2347	1672	2285	1098	289204	14520764	388804	21550776
2348	701	2199	1036	289595	14544429	310652	15922779
2349	399	631	847	289729	14551621	505551	30278267
2350	870	1347	1378	289864	14559287	427928	24439580
2351	828	1776	319	289915	14561863	870517	63316285
2352	1644	1727	617	289950	14563810	492415	29353296
2353	1157	1604	1848	290078	14571661	622759	40090891
2354	991	2258	2751	290277	14583512	477366	28159477
2355	837	1046	993	290334	14586629	357781	19277963
2356	681	1805	750	290347	14587576	746135	51036500
2357	664	1636	998	290500	14600963	332226	17340071
2358	233	1239	964	290609	14609782	459390	26781929
2359	994	1885	870	290780	14623960	396220	22069784
2360	1234	2301	2298	291430	14670624	303456	15461626
2361	1120	1217	770	291687	14687679	439133	25388695
2362	749	769	359	291893	14701234	1063200	82596413
2363	1737	1999	1557	292423	14733131	1134836	90445222
2364	138	2140	893	292433	14733596	1083393	84569573
2365	970	1194	1475	292661	14749813	1099813	86307280
2366	744	1683	782	292839	14760711	404750	22627185
2367	182	2182	643	292852	14761617	853580	61598683
2368	1482	1995	1533	293120	14778259	298145	15118233
2369	349	435	310	293198	14783658	734576	50104252
2370	396	1908	684	293573	14807095	2040176	200763269
2371	727	755	757	293603	14808675	1005513	76739215
2372	1620	1649	2005	293659	14811896	2687756	288413606
2373	156	1953	984	293665	14812327	339636	17856099
2374	2	754	271	293906	14830755	304470	15531851
2375	1077	1221	1892	294482	14867452	351977	18839995
2376	57	1400	600	294759	14884338	763963	52730349
2377	162	291	340	294809	14886878	316311	16305943
2378	1148	2292	2239	294820	14887323	314998	16225071
2379	1413	2010	1983	294957	14897494	1885796	180632573
2380	383	1368	193	295014	14901616	2381068	245424044
2381	281	1887	1694	295394	14927775	864511	62656572
2382	67	462	370	295405	14928906	537471	32954813
2383	1541	2342	2452	295858	14960484	362810	19631242
2384	991	2075	1540	295879	14961989	649250	42325175
2385	1071	1685	1380	296002	14971244	988329	75062253
2386	284	599	393	296181	14986459	519648	31609206
2387	187	208	230	296378	15001164	299911	15234089
2388	146	2314	1885	296574	15014724	308034	15752649
2389	492	811	349	296873	15036820	466609	27379765
2390	1374	2199	850	297464	15077835	366431	19872714
2391	645	1771	974	297760	15095604	1467450	128579268
2392	1517	1883	2244	297889	15102607	2000984	195458134
2393	1286	2368	2325	298145	15118233	1111097	87720381
2394	1880	2283	714	298197	15122816	354295	19010571
2395	824	1069	977	298237	15125352	421106	23941362
2396	824	2279	793	298237	15125352	369904	20134100
2397	1069	2279	1208	298237	15125352	662138	43402478
2398	538	1095	146	298308	15131237	1102043	86529646
2399	401	2321	1051	299153	15188137	742204	50764733
2400	111	1731	256	299295	15195850	1982902	193131870
2401	1128	2318	1380	299542	15212108	304481	15532738
2402	234	1702	994	299753	15224351	518673	31531374
2403	830	1953	1197	299807	15227662	489630	29106947
2404	1028	2387	748	299911	15234089	447191	25885784
2405	577	1684	1007	299958	15236264	343250	18119357
2406	1380	1554	960	300148	15247639	1070659	83320156
2407	1569	1740	1210	300353	15261906	2339249	239797279
2408	690	1309	796	300689	15285251	385112	21271482
2409	1087	1800	943	300790	15291869	424167	24171394
2410	98	2271	1793	300888	15298647	988162	75042436
2411	904	1006	973	301090	15312616	535370	32773732
2412	365	979	314	301241	15323210	313290	16117555
2413	2010	2149	1473	301372	15333165	667922	43916492
2414	436	2090	1255	301901	15368736	773966	53635285
2415	1331	1406	825	302032	15376367	570005	35517391
2416	1222	2258	2092	302283	15391546	1184933	95849028
2417	124	729	137	302507	15404852	344629	18225248
2418	992	1747	1766	302511	15404894	1184545	95814112
2419	2216	2324	1833	303173	15444547	995003	75691460
2420	112	2360	2319	303456	15461626	414601	23356202
2421	1750	2314	2048	303497	15464760	1602351	145038342
2422	1054	2042	1157	303673	15478067	398020	22182480
2423	420	1777	620	304299	15520223	433410	24951547
2424	547	2374	493	304470	15531851	430013	24640112
2425	1270	2401	1916	304481	15532738	503371	30098967
2426	528	1117	823	304557	15538701	993796	75586885
2427	180	1348	537	304589	15540549	323985	16906919
2428	1328	1639	1903	304678	15546734	340279	17899926
2429	976	1707	835	304775	15554316	569233	35459340
2430	826	1827	1367	305270	15589470	364319	19725716
2431	1180	2294	1557	305677	15615362	475340	28020061
2432	377	1133	385	305710	15617512	646768	42142527
2433	900	907	369	305748	15619534	492916	29392267
2434	585	786	547	305751	15619607	507377	30430440
2435	344	1605	1569	305866	15626776	369904	20134100
2436	233	237	132	305988	15634293	1862981	177770580
2437	503	629	424	306379	15659758	2801881	305118079
2438	364	776	239	306438	15662854	455673	26499682
2439	163	709	321	306814	15683546	1329918	112423423
2440	1326	1908	889	306947	15690652	321437	16729326
2441	986	1596	1429	307023	15694751	1252753	102904478
2442	700	2122	1154	307306	15711096	664948	43619518
2443	1249	1367	950	307485	15720931	1392507	119944047
2444	75	1904	463	307645	15730469	1160450	93359382
2445	520	909	1441	307664	15731580	381467	21038219
2446	827	2388	2061	308034	15752649	362042	19585720
2447	1988	2346	1073	308458	15780403	0	0
2448	244	1340	1542	308712	15796569	400075	22301765
2449	218	1525	691	308800	15801695	1011261	77356994
2450	526	1933	419	309090	15819922	355866	19134878
2451	299	580	574	309112	15821263	357218	19235359
2452	490	1218	841	309271	15831160	699299	46920226
2453	1289	1415	971	309330	15834737	350120	18683404
2454	1328	2171	2372	309740	15858086	310869	15939240
2455	1528	2194	2847	309879	15866985	2729041	294522210
2456	1398	1547	1489	310049	15878863	353024	18910927
2457	327	1736	702	310463	15909036	349949	18666223
2458	45	2348	1054	310652	15922779	417750	23629657
2459	1678	2052	1320	310745	15929729	1802424	170414633
2460	740	934	1177	310830	15936539	410459	23038723
2461	2283	2454	2760	310869	15939240	739657	50563622
2462	41	2332	1148	311679	16005926	729483	49596351
2463	2139	2334	524	311929	16022528	710459	47890548
2464	125	1135	481	311942	16023359	710333	47881448
2465	2268	2291	2767	312069	16032078	364725	19749755
2466	906	1324	557	312236	16045571	1206701	97917512
2467	208	1709	497	312728	16081356	384486	21229464
2468	1135	2301	1649	313248	16115093	349759	18644353
2469	834	2412	692	313290	16117555	313598	16138192
2470	1260	1552	1306	313338	16120123	0	0
2471	1311	2469	1781	313598	16138192	336797	17644601
2472	130	949	896	313854	16156284	541989	33353009
2473	107	1959	175	313945	16161674	700714	47046004
2474	726	887	548	314069	16169780	477708	28184181
2475	132	1307	427	314096	16171372	958191	72002895
2476	271	2057	869	314386	16190945	370234	20160281
2477	492	1751	1179	314957	16223260	406261	22734825
2478	374	2378	2747	314998	16225071	320904	16683009
2479	853	905	475	315094	16231436	494401	29508251
2480	544	1568	1027	315436	16257169	355305	19085390
2481	975	1460	1157	316118	16296393	317153	16363077
2482	16	160	84	316229	16301908	563969	35005911
2483	16	2377	355	316311	16305943	415484	23423722
2484	299	836	696	316339	16307302	1087321	84977812
2485	2190	2241	410	316358	16309005	373430	20363939
2486	967	2337	2060	316387	16310503	437196	25230372
2487	845	1130	394	316488	16317093	973779	73614218
2488	389	475	444	316509	16317999	826097	58941674
2489	62	991	1151	316604	16323873	539563	33130229
2490	706	2169	1739	316738	16332878	394862	21983132
2491	254	2378	2473	317135	16362133	1798114	169959605
2492	1668	2481	2553	317153	16363077	584535	36864523
2493	1622	1670	823	317533	16394869	1330003	112430680
2494	293	1436	1031	317626	16402496	892037	65575417
2495	827	1795	1696	317671	16405837	0	0
2496	1778	2023	1142	317821	16418144	0	0
2497	2014	2016	1499	317993	16433789	651102	42482537
2498	1742	2155	4451	318081	16440529	483826	28675949
2499	1466	2254	2432	318095	16442557	593667	37698054
2500	52	2240	1893	319188	16552117	416488	23502455
2501	159	668	414	319195	16552759	411650	23125657
2502	221	669	178	319485	16578479	441303	25548820
2503	1777	1995	1677	319535	16581778	541087	33264532
2504	1530	1949	1059	320195	16631618	336077	17578903
2505	2053	2195	1703	320379	16645271	497008	29689357
2506	755	1877	679	320657	16665549	588034	37234543
2507	1605	2018	1934	320827	16678321	350120	18683404
2508	2478	2481	3904	320904	16683009	1645185	150212424
2509	449	731	877	320917	16683880	639274	41502715
2510	203	269	214	321185	16708489	333795	17447036
2511	300	583	244	321406	16726712	830732	59329162
2512	1668	2440	2285	321437	16729326	1579610	142021110
2513	8	899	1083	321660	16749107	778774	54116854
2514	2092	2133	2218	322619	16817945	880409	64354779
2515	484	1339	1282	322764	16826441	3374121	391880116
2516	97	1752	813	323264	16859281	406043	22720485
2517	1087	2232	1181	323287	16860105	326371	17035204
2518	802	1717	871	323500	16874228	356832	19210535
2519	480	1351	574	323672	16885500	1406831	121730156
2520	939	1061	442	323795	16894121	936653	70036256
2521	539	2427	830	323985	16906919	393108	21879648
2522	779	1796	337	323994	16907202	424027	24160899
2523	510	1149	708	325081	16962063	1655775	151674151
2524	747	1079	815	325086	16962131	701500	47118761
2525	346	2264	2046	325096	16962731	1486005	130765872
2526	514	1725	1820	325173	16966968	3075008	344447845
2527	55	2127	150	325211	16969135	416469	23500522
2528	1448	1480	1811	325522	16988470	479843	28385598
2529	162	2058	992	326005	17015798	1022131	78500020
2530	897	2017	366	326007	17015809	402177	22438384
2531	949	2517	1991	326371	17035204	642926	41811643
2532	908	1141	788	326697	17053556	519205	31573890
2533	500	996	1464	327119	17075922	662461	43426993
2534	1305	1778	750	327148	17077201	450494	26087689
2535	825	1034	746	327407	17090681	560938	34789628
2536	1236	1437	667	327414	17091015	375686	20559209
2537	1284	2047	737	327471	17094259	706748	47590619
2538	811	1244	476	327731	17107579	1404525	121389767
2539	131	833	532	327748	17108335	2478005	259756884
2540	478	1006	730	327896	17116453	873167	63638098
2541	687	1215	1386	328017	17123256	1764545	166067542
2542	623	2021	1305	328490	17145902	2211803	222694867
2543	1331	2160	1192	328551	17148791	814728	57807038
2544	441	676	251	329151	17178673	468259	27514500
2545	1740	2116	1208	329214	17181454	907884	67319757
2546	844	1731	300	329272	17184242	401852	22416227
2547	724	1564	810	329456	17194000	784146	54655613
2548	691	1314	468	329601	17200354	388294	21510296
2549	1609	2047	1065	329751	17208233	657343	43033865
2550	1337	2030	2031	329912	17215617	427539	24402323
2551	1100	1422	2480	330086	17225403	969452	73200967
2552	1656	2276	956	330438	17245546	934299	69793309
2553	530	813	610	330659	17258083	423248	24107997
2554	285	1188	331	330784	17264571	554359	34276986
2555	271	1688	501	330868	17268820	477234	28151342
2556	120	944	337	331004	17277214	380471	20960974
2557	597	1098	780	331196	17287586	698451	46841504
2558	315	1017	439	331545	17305429	492587	29366197
2559	17	1159	332	331576	17306848	632102	40955691
2560	32	2314	1796	331828	17319412	1388423	119488933
2561	1087	1212	1110	331887	17322626	682190	45423747
2562	929	1993	1310	332078	17332289	469345	27585797
2563	960	2357	1162	332226	17340071	1342174	113692733
2564	1201	1317	927	332380	17348869	406184	22730142
2565	1503	1856	3014	332491	17354958	881855	64511278
2566	100	305	155	332746	17373587	964070	72674673
2567	679	1953	1030	332786	17376546	355377	19091381
2568	354	1298	967	332842	17379745	343353	18126865
2569	316	2061	1820	332949	17388031	898334	66321829
2570	22	2510	228	333795	17447036	495329	29571624
2571	113	2178	1109	334027	17460474	1855528	176875915
2572	105	158	165	334381	17481145	2203029	221510961
2573	892	1788	1487	334544	17489900	630444	40802543
2574	104	1429	1275	334562	17490817	387675	21461737
2575	623	2139	282	334753	17502404	560034	34717328
2576	131	677	894	334859	17511003	785172	54751534
2577	382	1727	356	335283	17535869	914799	67998186
2578	59	1540	683	335343	17539002	783975	54636572
2579	1414	2236	2460	335697	17556576	492546	29362784
2580	1018	1470	806	335829	17564845	856671	61956203
2581	884	2311	1124	335945	17571138	424756	24213878
2582	126	855	364	336033	17576505	597629	38047810
2583	311	2504	1106	336077	17578903	1027800	79102813
2584	2044	2129	4965	336204	17588046	0	0
2585	1542	1666	1005	336338	17600608	465650	27299780
2586	1454	1754	1871	336711	17636427	3328758	384286159
2587	1654	2471	2969	336797	17644601	853580	61598683
2588	595	2208	781	337382	17698277	341304	17968689
2589	619	957	1207	337513	17710720	383444	21163596
2590	1586	2021	1532	338166	17761456	3001663	333215535
2591	792	1155	767	339075	17818992	517086	31378734
2592	817	2024	3427	339269	17828816	344629	18225248
2593	476	2373	1206	339636	17856099	616728	39593589
2594	1343	1630	895	339882	17873614	404082	22574778
2595	1660	2213	999	339957	17879311	359632	19409971
2596	128	553	505	340016	17882666	559067	34638021
2597	1165	2428	3066	340279	17899926	462524	27023766
2598	117	911	411	340388	17908350	832641	59481597
2599	648	1185	639	340399	17908902	1713987	159406526
2600	645	1600	700	340753	17934982	489955	29136186
2601	1596	1929	1563	341246	17964973	1680219	154780126
2602	1050	2588	913	341304	17968689	1059184	82224285
2603	1298	1429	1986	341710	17995041	0	0
2604	976	1677	1247	341802	18001490	473801	27896083
2605	1026	1077	1500	341915	18009574	473718	27889171
2606	1539	2338	3727	341997	18015540	507851	30475789
2607	1439	1660	929	342107	18026392	470260	27648039
2608	233	2243	1058	342373	18051344	807774	57039893
2609	1627	2096	944	342911	18095348	587970	37226573
2610	1121	2405	1722	343250	18119357	462792	27046590
2611	2137	2568	3097	343353	18126865	1648594	150674444
2612	690	1747	1313	343649	18150639	372566	20307723
2613	58	2040	1264	343919	18172055	367771	19978158
2614	950	1448	1065	344121	18187165	479843	28385598
2615	50	1164	339	344266	18199022	772451	53483611
2616	2417	2592	3564	344629	18225248	773430	53580242
2617	54	760	328	344705	18232154	380380	20954262
2618	111	1356	424	344774	18238182	783011	54551310
2619	819	1419	613	345226	18273989	1979924	192720320
2620	6	773	256	345265	18276987	388934	21560585
2621	1387	1846	841	345428	18290378	914799	67998186
2622	799	834	1293	345595	18303097	1338113	113227744
2623	1500	1758	1773	345639	18306561	418723	23717967
2624	748	1083	470	345838	18323214	680479	45267354
2625	1282	1391	781	345898	18328260	615007	39474080
2626	99	697	66	345997	18336438	356785	19207093
2627	369	1041	488	346018	18338223	841204	60271790
2628	1733	2106	2320	346447	18369002	1151984	92395914
2629	385	815	660	346482	18372246	754413	51751313
2630	1241	1657	1116	346484	18372293	2799402	304739544
2631	538	1902	1215	347279	18428933	366544	19881471
2632	1983	2289	1724	347302	18430352	1392597	119953779
2633	467	1319	749	347650	18457670	383551	21169536
2634	845	990	897	347782	18466419	560936	34789622
2635	1021	2229	1767	348008	18481487	0	0
2636	934	1968	1582	348342	18505722	412531	23190443
2637	1655	1939	1471	348399	18510047	2943107	324474927
2638	783	1570	1920	348440	18513110	353383	18938128
2639	566	850	535	348505	18518084	966093	72882741
2640	895	2225	2058	348660	18530786	359686	19413782
2641	907	1605	1374	348671	18531459	422881	24073673
2642	1504	2145	2229	348719	18536208	1265146	104376882
2643	392	1839	1282	348821	18546711	530390	32370756
2644	1616	2094	1316	348917	18556381	641026	41646699
2645	1174	2259	945	349006	18566739	1439309	125066808
2646	404	2115	1245	349171	18584732	373335	20354505
2647	841	1199	1872	349732	18641674	847385	60907432
2648	829	2468	2000	349759	18644353	378537	20809852
2649	660	2457	1554	349949	18666223	643643	41871740
2650	2453	2507	2905	350120	18683404	1650677	150953720
2651	898	2276	2114	350977	18765044	1241718	101646275
2652	155	2375	1951	351977	18839995	743083	50822357
2653	417	1713	1806	352178	18854130	499765	29878570
2654	253	549	565	352549	18881178	1649445	150776964
2655	887	966	813	352578	18882881	380583	20972311
2656	744	1577	1153	352689	18889178	409686	22984554
2657	174	1315	839	352976	18907912	1282580	106544512
2658	447	2456	1758	353024	18910927	1409140	122047775
2659	1666	2638	2744	353383	18938128	428284	24470716
2660	28	1504	630	353500	18948356	999807	76155813
2661	2199	2283	1116	353616	18958294	1541731	137247406
2662	1135	1209	1689	353844	18975971	446672	25853346
2663	221	1563	832	353994	18988408	767001	53028096
2664	1571	2568	1169	354058	18993435	792246	55405403
2665	583	2055	300	354073	18994246	1256738	103347722
2666	179	2394	812	354295	19010571	408401	22893195
2667	1708	2314	2511	354360	19014943	0	0
2668	427	1409	1571	354510	19025866	0	0
2669	460	948	396	354819	19049890	513592	31004274
2670	1081	1181	1330	354994	19063101	461457	26940833
2671	1373	2457	1213	355207	19077905	0	0
2672	850	2480	1346	355305	19085390	425923	24288849
2673	1718	2567	2126	355377	19091381	1000336	76213313
2674	1683	1954	909	355657	19117134	533613	32620165
2675	1382	2450	859	355866	19134878	402431	22454780
2676	479	615	373	356065	19151497	466850	27400719
2677	420	1821	1776	356255	19168355	407174	22808143
2678	51	578	564	356323	19172920	530162	32355909
2679	416	491	199	356511	19187080	3455271	404549677
2680	308	411	322	356654	19197877	613830	39406808
2681	1244	2626	307	356785	19207093	719623	48647653
2682	230	2518	982	356832	19210535	439085	25385575
2683	641	914	1147	357111	19228826	1019796	78282414
2684	2174	2451	2433	357218	19235359	375206	20513637
2685	1068	1357	1013	357250	19238153	676488	44899230
2686	459	870	479	357458	19253880	592527	37621802
2687	1499	2355	2252	357781	19277963	416815	23536530
2688	657	945	566	357848	19283429	545844	33624445
2689	103	493	191	358201	19310893	374334	20435867
2690	13	340	373	358293	19317917	778774	54116854
2691	933	2298	1700	358390	19324021	952824	71449288
2692	1243	2210	3352	359099	19370306	593667	37698054
2693	1290	2394	1072	359235	19381197	810018	57286564
2694	810	1624	865	359414	19395403	1488790	131045606
2695	604	2051	3328	359604	19407772	416305	23484851
2696	1665	2595	1357	359632	19409971	514836	31113374
2697	1716	2640	2946	359686	19413782	1507647	133369116
2698	1014	2015	830	360823	19508924	522370	31823108
2699	691	1106	489	360961	19518969	826614	58982067
2700	636	1827	1666	360964	19518984	1494527	131653620
2701	1084	2446	2208	362042	19585720	815728	57913707
2702	965	1719	763	362319	19603027	577103	36188866
2703	228	958	677	362691	19625233	1040952	80406348
2704	119	1988	121	362793	19630514	2508987	263953088
2705	656	2383	2576	362810	19631242	1662329	152486670
2706	83	2090	1022	362898	19636887	412297	23172074
2707	331	634	304	362905	19637442	1159456	93263408
2708	355	2265	1233	363113	19652400	443589	25668237
2709	981	1031	688	363427	19673086	661637	43368458
2710	1050	1922	519	363520	19679316	424412	24189881
2711	1339	1913	1108	363864	19700019	1139468	91039808
2712	869	2430	1541	364319	19725716	1084369	84662419
2713	1595	1668	2151	364689	19747153	669386	44109498
2714	1225	2465	3453	364725	19749755	438046	25294113
2715	1487	2024	3363	364981	19767826	429267	24562625
2716	238	1388	765	365348	19795569	411943	23145297
2717	1485	2050	902	365513	19807006	373430	20363939
2718	1040	2428	2383	365583	19812225	530295	32363547
2719	71	1488	845	366348	19866919	0	0
2720	2102	2288	2043	366396	19869734	3702161	444384987
2721	1892	2390	1369	366431	19872714	831383	59371859
2722	377	2276	825	366450	19873839	645882	42068429
2723	1746	2631	1570	366544	19881471	1482285	130363593
2724	144	1347	1131	366875	19908322	823115	58677337
2725	69	569	649	366932	19913578	564100	35018194
2726	728	1376	390	367304	19943845	1602555	145065745
2727	9	1596	992	367601	19964607	1354120	115129226
2728	37	2613	1311	367771	19978158	993602	75571801
2729	1443	1654	1879	367879	19986270	1036173	79892039
2730	730	1619	617	367945	19990614	1993467	194530995
2731	503	1842	726	368076	20002451	585441	36951344
2732	963	1574	1713	368187	20010104	0	0
2733	128	1630	299	368213	20011585	2582252	273740881
2734	493	1286	926	368407	20028229	867436	62958889
2735	165	1779	1498	368650	20047617	419921	23833766
2736	256	1710	295	368843	20062941	979396	74108070
2737	1229	1726	1382	369254	20091032	499269	29849530
2738	1685	2006	1688	369760	20124132	1168638	94284932
2739	2396	2435	2362	369904	20134100	449666	26036496
2740	1000	1512	760	370055	20145422	648849	42293043
2741	1949	2476	1655	370234	20160281	565704	35180544
2742	1026	1202	1344	370365	20170524	1564062	140338474
2743	1246	1761	854	370838	20202800	472225	27783356
2744	268	1039	912	371246	20230432	523094	31876627
2745	129	809	947	371718	20255866	429267	24562625
2746	2081	2480	1751	371738	20256802	489676	29109333
2747	23	463	144	371768	20258888	436894	25208630
2748	16	1016	376	372044	20273699	1252495	102868328
2749	16	1665	373	372044	20273699	2002412	195648778
2750	1016	1665	719	372044	20273699	605819	38704006
2751	772	1538	1820	372109	20278281	483899	28684564
2752	796	1336	386	372256	20288106	391893	21790178
2753	110	2612	1396	372566	20307723	528798	32271502
2754	203	1095	102	372701	20316234	2479753	260019176
2755	102	465	448	372734	20318292	534159	32668541
2756	981	1438	1381	372803	20322425	384831	21253298
2757	216	1403	670	372828	20323530	2049734	202124350
2758	792	1912	1297	373112	20342019	528172	32232876
2759	704	1215	1252	373202	20347177	1155815	92861176
2760	1147	2646	1770	373335	20354505	449399	26022233
2761	370	2022	1063	373411	20361778	633060	41035562
2762	2485	2717	1312	373430	20363939	375702	20560353
2763	995	1614	1657	373517	20370041	699534	46941772
2764	1029	2112	706	373614	20379737	412361	23177202
2765	929	1412	1503	374031	20412020	593421	37679934
2766	748	1626	554	374094	20417478	390325	21675233
2767	461	735	773	374169	20423633	583621	36782827
2768	770	2065	1712	374273	20431037	570455	35559531
2769	1766	2689	1762	374334	20435867	408401	22893195
2770	546	2373	1109	374556	20454416	658150	43092498
2771	409	1252	575	374577	20455948	614671	39453838
2772	545	2383	2725	374827	20477898	777431	53983016
2773	953	2286	1108	374854	20480060	1022951	78583462
2774	72	318	284	375164	20510797	520916	31711188
2775	1316	2684	2806	375206	20513637	2835750	309958125
2776	834	2536	1045	375686	20559209	460408	26851520
2777	1232	2762	2421	375702	20560353	782388	54484019
2778	2079	2179	1085	375868	20577306	763234	52659481
2779	1183	1301	502	375944	20585217	1677891	154502645
2780	537	969	929	375953	20585751	2175154	217945686
2781	1614	2229	2653	375964	20586395	968744	73121259
2782	579	1614	1533	376113	20605436	376859	20674896
2783	2108	2782	1613	376859	20674896	673475	44586361
2784	728	2189	1302	376911	20678712	435570	25108797
2785	1468	2069	2516	376921	20679491	447191	25885784
2786	978	2218	289	378418	20802257	648206	42249778
2787	523	595	467	378496	20808141	678976	45122949
2788	1851	2648	2906	378537	20809852	1444793	125714753
2789	504	1550	974	378648	20817644	729235	49572790
2790	321	834	451	378726	20824375	588034	37234543
2791	1229	1594	1085	378740	20825859	477530	28171285
2792	1641	1786	792	378786	20829802	620289	39875171
2793	620	1992	1992	378847	20835149	725237	49177422
2794	222	1351	663	378911	20840074	494539	29517860
2795	1833	2065	2063	378961	20843828	3516231	414193285
2796	994	1894	707	379457	20882707	747288	51113175
2797	1301	1360	1214	379604	20895862	949294	71158536
2798	1262	1796	992	379657	20900086	1703502	157937662
2799	315	1318	354	379854	20916127	956867	71862723
2800	67	1986	1568	380169	20940387	454972	26440188
2801	2318	2617	1253	380380	20954262	426632	24337488
2802	795	2556	1010	380471	20960974	642136	41746323
2803	2171	2655	2197	380583	20972311	424167	24171394
2804	856	2253	827	380979	21003731	445381	25782536
2805	294	2445	1628	381467	21038219	460807	26883115
2806	1175	1906	2627	382078	21078106	3073625	344216383
2807	901	1144	736	382297	21093010	1212942	98494682
2808	978	1587	487	382480	21105253	3562986	421327885
2809	751	2195	603	382652	21116514	539298	33105280
2810	1019	1578	1482	382676	21118419	1087988	85044059
2811	35	1735	293	382970	21136026	656790	42988829
2812	1060	2589	1444	383444	21163596	467981	27494130
2813	1350	2633	1084	383551	21169536	493980	29479016
2814	1379	2206	2318	383643	21174310	797414	55935833
2815	606	1436	1133	383796	21185345	2799661	304774763
2816	1268	1452	1843	384142	21207101	1401333	120964380
2817	284	1766	1640	384275	21216688	430444	24686813
2818	620	2467	895	384486	21229464	695417	46549355
2819	237	2756	1497	384831	21253298	2055453	202747229
2820	273	1164	508	384952	21261983	725344	49187326
2821	2338	2408	2384	385112	21271482	564915	35096967
2822	985	2186	1354	385210	21280251	611149	39221752
2823	1578	2185	2784	385414	21296086	834315	59630312
2824	2010	2321	1127	385537	21305904	1015424	77834458
2825	139	1365	710	385792	21324411	0	0
2826	224	1343	679	386070	21347598	532089	32500547
2827	374	2648	2508	386633	21386273	546431	33660742
2828	85	121	125	386660	21388473	760506	52364576
2829	1642	1660	634	386720	21391928	406610	22766621
2830	2207	2252	1260	386947	21406655	458105	26688014
2831	31	1972	1365	387104	21416659	469176	27573826
2832	461	1740	702	387106	21416689	697873	46778961
2833	1383	1451	1310	387156	21421025	422684	24057412
2834	652	2040	1438	387272	21430644	826977	59009523
2835	1689	1888	1869	387619	21458048	390690	21700620
2836	1109	2574	1593	387675	21461737	1215188	98813042
2837	193	2263	1756	387805	21471978	760216	52330389
2838	1936	2548	1797	388294	21510296	1224991	99818557
2839	2030	2347	1394	388804	21550776	555506	34367017
2840	1099	1300	1180	388838	21553053	560936	34789622
2841	2060	2445	1823	388905	21558240	404208	22584229
2842	186	2620	371	388934	21560585	502470	30043211
2843	1868	2060	1824	389118	21576374	604940	38645091
2844	1633	1636	1036	389574	21613765	3423708	399607970
2845	1369	1858	1272	389987	21647374	660593	43293310
2846	330	1970	2207	390100	21657320	547094	33709214
2847	845	2766	796	390325	21675233	773095	53544720
2848	433	575	121	390390	21679304	400532	22327506
2849	1847	2835	3198	390690	21700620	454102	26362398
2850	740	1816	699	390799	21710445	533613	32620165
2851	400	742	968	390867	21716250	758542	52163999
2852	1456	2092	1307	391054	21730151	438046	25294113
2853	929	1395	1420	391094	21733516	767614	53092149
2854	728	1082	624	391431	21758716	1159556	93273336
2855	1204	2752	1046	391893	21790178	471857	27758193
2856	1981	2007	467	391945	21794498	2731888	294921123
2857	2212	2595	2348	392102	21806625	418723	23717967
2858	2203	2304	1606	392406	21826643	2450542	255732873
2859	671	2130	1396	392409	21826811	3453180	404204150
2860	644	2311	890	392946	21868545	830547	59315596
2861	676	2521	942	393108	21879648	1320703	111317434
2862	698	2076	1200	393445	21902267	606298	38740231
2863	1018	2312	757	394176	21946749	400532	22327506
2864	421	1751	1379	394305	21953645	669214	44088459
2865	1904	2170	909	394498	21964379	397108	22121188
2866	66	2345	633	394719	21974129	1640440	149656659
2867	108	2490	1798	394862	21983132	0	0
2868	1216	1459	1821	395246	22008255	632609	40993950
2869	1538	1730	1766	395463	22021719	1281220	106383979
2870	607	1669	1184	396114	22063423	477692	28183213
2871	2359	2536	1537	396220	22069784	3343832	386748269
2872	804	1081	966	396489	22085785	692580	46326896
2873	1993	2446	2812	396733	22098810	402655	22469001
2874	2313	2865	1460	397108	22121188	1493228	131496645
2875	812	2203	1328	397208	22127574	416469	23500522
2876	396	2446	2114	397298	22132664	777013	53942179
2877	1299	1763	1104	397749	22164236	1952360	189107943
2878	1574	2422	2267	398020	22182480	730908	49745634
2879	1302	2253	1122	398159	22190995	403393	22526704
2880	1022	1142	1112	399567	22274220	688393	46035765
2881	500	953	699	399615	22276159	1092035	85494557
2882	58	1698	2378	399836	22287378	0	0
2883	536	2448	1950	400075	22301765	655143	42834320
2884	26	318	280	400250	22310858	440863	25518451
2885	157	821	184	400419	22321570	3900889	478049472
2886	2848	2863	878	400532	22327506	607569	38847715
2887	1064	2008	2022	400623	22332633	983826	74557709
2888	176	1968	1104	400669	22335655	969158	73166163
2889	963	1360	1419	400799	22345335	406184	22730142
2890	2029	2256	2465	401001	22358178	0	0
2891	73	2288	1529	401642	22403067	0	0
2892	679	2546	397	401852	22416227	687705	45975583
2893	1775	2530	1067	402177	22438384	0	0
2894	1145	1507	903	402252	22442852	489808	29122268
2895	2136	2675	1556	402431	22454780	4219023	531967099
2896	505	2873	2983	402655	22469001	723099	48930063
2897	1618	1876	1058	402900	22488280	435950	25137997
2898	1274	2879	1296	403393	22526704	1056424	81975667
2899	82	1995	1281	403675	22546268	1774628	167281624
2900	605	1428	748	404016	22570023	1879058	179820236
2901	189	764	355	404065	22573748	848740	61068303
2902	2476	2594	1764	404082	22574778	806757	56941770
2903	92	2841	1842	404208	22584229	1392940	119988476
2904	1852	2366	2604	404750	22627185	478556	28263262
2905	966	2257	765	404838	22633522	2384436	245919192
2906	1147	2198	1214	405082	22653160	889772	65331905
2907	460	1395	925	405513	22684631	2836307	310037150
2908	375	2516	908	406043	22720485	440504	25492748
2909	492	1131	1252	406093	22724085	460408	26851520
2910	2564	2889	2346	406184	22730142	1221017	99430620
2911	2329	2477	2386	406261	22734825	1264608	104301874
2912	505	2829	805	406610	22766621	913057	67820055
2913	521	1304	271	406820	22782596	457195	26619626
2914	1116	2677	2822	407174	22808143	1551376	138684219
2915	977	1697	1144	407554	22839278	1569719	140953792
2916	728	1019	719	407816	22857942	616291	39561000
2917	2666	2769	2574	408401	22893195	0	0
2918	819	1923	2242	408422	22894265	817635	58101297
2919	1130	2504	1211	408447	22895618	464719	27222632
2920	822	1502	1373	408769	22920219	1785210	168484002
2921	368	2030	426	408836	22925463	413999	23312484
2922	50	248	55	408879	22928203	687784	45981743
2923	360	1180	371	409143	22948046	499269	29849530
2924	809	1078	1465	409505	22972011	530212	32357921
2925	349	1764	1141	409539	22974652	601575	38401904
2926	305	2656	1271	409686	22984554	622446	40062551
2927	1736	1816	610	409822	22995316	502145	30024269
2928	1802	1981	608	409837	22996197	3677999	440038872
2929	1705	1801	1197	410329	23030190	1956888	189711016
2930	60	118	76	410368	23033291	809263	57204616
2931	429	2460	1429	410459	23038723	894865	65877358
2932	1891	1945	851	410615	23050675	469176	27573826
2933	1223	2375	3126	410879	23068169	457349	26629695
2934	1611	2081	1241	410902	23069862	545517	33606210
2935	783	2501	815	411650	23125657	1809704	171251616
2936	839	1167	1299	411755	23132481	1557463	139531983
2937	1168	2185	2140	411783	23134270	581026	36544497
2938	1630	1735	515	411877	23141454	606249	38736605
2939	1284	2716	1287	411943	23145297	414919	23380991
2940	466	2706	1432	412297	23172074	1075636	83781355
2941	557	2764	780	412361	23177202	547094	33709214
2942	1441	1621	922	412438	23183569	444460	25721690
2943	482	1313	788	412517	23189783	2457772	256821595
2944	95	2636	1607	412531	23190443	450494	26087689
2945	75	1104	1342	412602	23196121	1088061	85051201
2946	279	686	425	412609	23196720	470755	27680856
2947	591	1440	321	412629	23197569	476206	28087099
2948	1495	2305	3518	412997	23228009	570795	35591888
2949	384	1782	1640	413467	23269300	484616	28748164
2950	1802	2042	1120	413774	23295405	538171	33008339
2951	1960	2921	522	413999	23312484	765782	52905031
2952	216	1824	294	414199	23327488	952588	71428462
2953	1758	1877	1215	414278	23334303	963336	72589421
2954	2134	2420	2757	414601	23356202	1577399	141752669
2955	1474	2939	2272	414919	23380991	1104979	86922486
2956	2039	2483	1155	415484	23423722	1167304	94161332
2957	851	2051	3197	415599	23431134	799195	56146605
2958	186	320	465	416027	23465220	524428	31970892
2959	483	712	656	416075	23468798	3496524	410953295
2960	2337	2695	5094	416305	23484851	725705	49227372
2961	2527	2875	1478	416469	23500522	501289	29976529
2962	774	2500	2034	416488	23502455	463300	27093642
2963	211	643	502	416717	23526019	576587	36132431
2964	281	1309	570	416804	23535744	739508	50551392
2965	2043	2687	3812	416815	23536530	939910	70355179
2966	145	1731	279	416984	23554588	425923	24288849
2967	1272	1788	1857	417521	23608134	551732	34034367
2968	1651	2458	2505	417750	23629657	427314	24383867
2969	241	1101	263	418020	23653881	465650	27299780
2970	1074	1237	961	418086	23660851	534159	32668541
2971	288	975	673	418461	23693711	794593	55662132
2972	1057	2187	2458	418471	23695030	749721	51308222
2973	2623	2857	4121	418723	23717967	2535188	267613584
2974	1342	2227	1370	419144	23763378	1389172	119570230
2975	883	1773	671	419174	23767214	495428	29576804
2976	109	176	114	419325	23782847	858940	62159387
2977	109	751	158	419325	23782847	713608	48129828
2978	176	751	192	419325	23782847	3268755	374080948
2979	456	1498	553	419665	23811327	663433	43500642
2980	669	1357	611	419840	23826584	537912	32987728
2981	1432	2735	2464	419921	23833766	640204	41571562
2982	1647	2145	2054	420084	23848114	1666510	153051927
2983	282	2275	2635	420365	23872627	585441	36951344
2984	439	2395	1141	421106	23941362	427082	24367882
2985	1854	2716	1334	421459	23969193	853600	61600689
2986	662	1607	2906	421779	23993755	1260155	103727267
2987	97	2243	1082	422335	24035762	1336563	113093791
2988	1668	2020	2216	422670	24056427	0	0
2989	717	2833	2140	422684	24057412	530907	32412567
2990	1553	2079	1022	422851	24071055	2508791	263930453
2991	1443	2641	2065	422881	24073673	878394	64139499
2992	684	2125	957	422913	24075702	3490056	410057832
2993	450	2553	794	423248	24107997	532810	32553648
2994	1312	2522	592	424027	24160899	0	0
2995	2409	2803	3140	424167	24171394	2150478	214820108
2996	206	2710	674	424412	24189881	689354	46109619
2997	296	1047	921	424653	24206626	520386	31662985
2998	85	140	107	424711	24211307	486504	28907168
2999	1809	2581	2270	424756	24213878	945326	70847993
3000	966	1023	676	424831	24219952	887597	65107536
3001	501	514	537	425663	24274263	535919	32826101
3002	1750	1997	907	425885	24286802	648738	42284064
3003	2672	2966	1625	425923	24288849	791863	55369738
3004	192	2084	696	425940	24290053	0	0
3005	158	168	145	425944	24290091	814272	57753008
3006	545	2273	881	426227	24310451	1074858	83706953
3007	527	2801	1583	426632	24337488	729192	49568449
3008	457	1924	1852	426840	24351203	1325365	111904430
3009	2235	2984	1353	427082	24367882	780293	54260230
3010	951	2968	3558	427314	24383867	455673	26499682
3011	2173	2550	2877	427539	24402323	483632	28662523
3012	1868	2350	2820	427928	24439580	1076998	83900077
3013	1967	2659	3230	428284	24470716	706102	47528457
3014	328	1818	475	428393	24481379	1012793	77554129
3015	94	568	336	428622	24502023	658150	43092498
3016	607	1048	814	428682	24507435	737405	50378214
3017	69	539	335	428751	24513221	588629	37299350
3018	1486	2481	2828	428777	24516401	432644	24885452
3019	2052	2553	1574	428890	24527475	984867	74664176
3020	2715	2745	4310	429267	24562625	867231	62934745
3021	67	2257	289	429638	24602908	1664881	152854931
3022	829	2659	3095	429829	24621600	3838011	467433361
3023	1197	2282	1347	429833	24621810	452350	26224595
3024	1807	2424	1180	430013	24640112	644454	41944196
3025	1374	2342	2023	430213	24663326	834601	59656856
3026	687	2817	2245	430444	24686813	789006	55107778
3027	610	1126	351	430629	24704090	721837	48822004
3028	1400	2457	1285	430868	24728762	1080476	84243461
3029	136	738	691	431488	24787125	435570	25108797
3030	878	1873	2515	431672	24802896	784146	54655613
3031	717	2063	1747	431833	24816835	459751	26806117
3032	637	2170	668	431835	24816924	632102	40955691
3033	42	1596	1008	432174	24847401	666967	43817012
3034	106	961	219	432348	24863346	953717	71530579
3035	460	3018	2892	432644	24885452	0	0
3036	1430	2423	1597	433410	24951547	477772	28188676
3037	1725	1900	3079	434110	25000622	642585	41783417
3038	293	2297	995	434231	25009487	2027230	199147319
3039	1346	2076	1577	434542	25032349	500244	29909561
3040	748	2120	2046	434752	25047420	574062	35895176
3041	1451	2857	3335	435136	25075458	514408	31066423
3042	210	1627	829	435515	25104603	587160	37131747
3043	2784	3029	1993	435570	25108797	540980	33256596
3044	2307	2897	2670	435950	25137997	513618	31005994
3045	173	1478	550	436159	25155873	680470	45266754
3046	102	123	79	436486	25180132	548558	33818861
3047	604	2747	635	436894	25208630	727590	49423880
3048	888	2023	1560	436898	25208945	0	0
3049	894	2143	2368	437094	25223217	882154	64548680
3050	812	2486	2127	437196	25230372	516679	31335481
3051	944	1771	952	437382	25244443	456878	26598108
3052	2714	2852	4760	438046	25294113	3320639	382920986
3053	961	2161	1952	438105	25299275	765663	52892745
3054	260	1558	1015	438795	25363030	466454	27367171
3055	1393	2682	2271	439085	25385575	934248	69787613
3056	1010	2361	1243	439133	25388695	514292	31057708
3057	1531	1614	1714	439647	25429874	955137	71672232
3058	611	720	1241	440474	25490724	496503	29649944
3059	2304	2908	1253	440504	25492748	737136	50354321
3060	1946	2214	1618	440630	25501103	1025776	78919622
3061	1401	2884	926	440863	25518451	848354	61024301
3062	123	2502	226	441303	25548820	529473	32314926
3063	783	1355	1372	441802	25576401	551736	34034633
3064	448	632	310	442339	25605847	3094455	347542535
3065	345	2148	775	442361	25607333	649250	42325175
3066	1026	1278	1073	442492	25613199	971480	73410114
3067	1478	1586	809	442517	25614407	621138	39954300
3068	1217	1801	1004	442854	25631586	504316	30171947
3069	1027	1849	1281	443045	25640930	683715	45599820
3070	308	1886	1006	443063	25641865	482262	28572146
3071	1003	2708	1719	443589	25668237	0	0
3072	1177	2121	1966	443727	25676388	631231	40879978
3073	1817	1853	1583	443869	25685093	1113481	87980785
3074	903	1739	1130	443991	25692334	818292	58167185
3075	1517	2064	1114	444082	25697852	462524	27023766
3076	175	1058	366	444455	25721572	0	0
3077	974	2942	1702	444460	25721690	850594	61266408
3078	310	584	464	444789	25744110	592841	37642459
3079	2017	2051	3025	444919	25752741	466609	27379765
3080	1441	2804	1499	445381	25782536	534101	32661462
3081	491	1290	518	445706	25803736	484620	28748510
3082	1269	1533	372	446159	25829280	1184933	95849028
3083	224	1255	418	446220	25831977	561525	34836307
3084	501	522	790	446616	25850225	1580722	142153364
3085	2004	2662	2835	446672	25853346	550193	33927832
3086	509	618	586	446706	25855091	476841	28128896
3087	469	1145	685	446731	25856308	811127	57395501
3088	1778	1874	1385	446902	25867902	668376	43981552
3089	854	1053	957	446972	25871719	687045	45920327
3090	2404	2785	3264	447191	25885784	450481	26086619
3091	452	2007	528	447370	25900268	878226	64121232
3092	703	1471	260	447585	25916748	506034	30315389
3093	1436	1563	1660	447717	25927480	488920	29060834
3094	1764	1989	1190	447959	25945368	865002	62706495
3095	809	1216	1541	449142	26010047	511846	30873185
3096	837	2760	2102	449399	26022233	636473	41284260
3097	341	1201	334	449547	26030970	474256	27936055
3098	2070	2739	3115	449666	26036496	607673	38858236
3099	1377	3090	4850	450481	26086619	573668	35854273
3100	2534	2944	2357	450494	26087689	1245338	102040189
3101	1165	1463	1884	450581	26095488	452371	26226113
3102	272	2345	679	451014	26131903	472016	27769087
3103	338	1031	179	451373	26161231	632818	41013999
3104	1599	1601	1123	451874	26194500	725705	49227372
3105	797	1920	1173	451881	26195023	1159706	93288811
3106	341	3023	1426	452350	26224595	0	0
3107	1594	3101	2156	452371	26226113	715362	48289953
3108	1214	2467	1865	452476	26233534	1256589	103333517
3109	824	1140	1170	452616	26244298	1181905	95575450
3110	1181	1848	1322	452714	26252863	1387787	119409196
3111	390	2574	1327	452735	26253984	797476	55942768
3112	496	1005	638	452840	26262214	830547	59315596
3113	914	1820	1135	453459	26312760	578006	36279846
3114	157	1012	941	453469	26313205	4251857	537641837
3115	703	1943	652	453676	26328438	3210999	365569738
3116	1133	1950	685	453710	26331349	589118	37347023
3117	884	1714	2188	453805	26338697	636655	41298930
3118	1740	1828	1058	454042	26357770	557231	34488472
3119	2173	2849	4044	454102	26362398	937073	70082798
3120	1680	1858	1489	454300	26380727	1540604	137092875
3121	597	1361	758	454681	26416096	578070	36285857
3122	121	1147	604	454850	26429514	3979373	491743590
3123	1901	2800	1955	454972	26440188	3508351	412799056
3124	1026	1912	1622	455601	26495204	752995	51612109
3125	2438	3010	3797	455673	26499682	0	0
3126	478	1265	527	455956	26525230	1550695	138592681
3127	1022	3051	1550	456878	26598108	978997	74066218
3128	913	2483	749	457093	26612274	640213	41572524
3129	666	2913	341	457195	26619626	0	0
3130	1218	2933	3840	457349	26629695	2385419	246073776
3131	112	789	724	457858	26669782	546431	33660742
3132	862	1082	662	457949	26677025	653082	42647503
3133	879	1668	1762	457972	26678695	1724780	160738766
3134	7	1431	677	458047	26684309	478733	28278363
3135	2687	2830	3512	458105	26688014	1412535	122459116
3136	18	2052	975	458663	26731097	485232	28809451
3137	19	691	233	459286	26774653	577767	36259416
3138	1386	2322	1530	459363	26779230	533516	32612752
3139	2262	2358	1652	459390	26781929	539563	33130229
3140	341	3031	1826	459751	26806117	539298	33105280
3141	2776	2909	2297	460408	26851520	729070	49557295
3142	588	2913	623	460427	26853273	941182	70481630
3143	196	1871	992	460435	26853884	576242	36100458
3144	1174	2225	1320	460443	26854299	835228	59713101
3145	730	2106	1386	460718	26876591	555863	34393195
3146	184	2320	638	460753	26879311	896167	66015156
3147	1814	2805	1771	460807	26883115	897544	66214339
3148	1463	1794	1293	461002	26901741	702014	47166379
3149	1247	1445	1234	461156	26915282	520021	31636401
3150	70	704	484	461373	26934066	2189071	219779372
3151	713	2307	2053	461414	26937668	472744	27816686
3152	432	2670	1495	461457	26940833	633060	41035562
3153	52	1088	548	462470	27020944	1096568	85996033
3154	2597	3075	4180	462524	27023766	881651	64487749
3155	156	1360	867	462558	27026392	1255916	103263248
3156	758	1068	842	462771	27044893	650084	42393659
3157	1133	2610	1908	462792	27046590	1378027	118199465
3158	1525	1917	2539	462810	27047918	776410	53885012
3159	1451	2962	3021	463300	27093642	864260	62634279
3160	836	2288	2063	463315	27095944	0	0
3161	170	1977	526	463491	27113476	1271587	105251909
3162	222	509	285	463684	27132586	849225	61126130
3163	1880	2066	1601	464445	27196810	0	0
3164	1294	1977	951	464587	27210670	748536	51202797
3165	594	1970	2188	464618	27213247	1202568	97577478
3166	159	1027	493	464677	27218828	478194	28230375
3167	2029	2919	1835	464719	27222632	949588	71182385
3168	1563	1771	1400	465022	27248692	1402171	121072407
3169	2585	2969	1268	465650	27299780	1716409	159765999
3170	1048	1941	676	465697	27302696	697569	46743607
3171	1405	2196	2931	465886	27317540	514703	31094614
3172	404	1788	1474	465895	27319183	551987	34053988
3173	2766	3054	1569	466454	27367171	564208	35028664
3174	2389	3079	3374	466609	27379765	792693	55449694
3175	967	2676	667	466850	27400719	2184734	219195591
3176	1000	2620	415	466897	27405025	516058	31269439
3177	64	1241	489	467162	27428930	4437890	569904991
3178	119	2234	407	467979	27494038	553612	34205179
3179	613	2812	1758	467981	27494130	759563	52264262
3180	661	2544	906	468259	27514500	949275	71157215
3181	783	2359	1271	468574	27536284	527751	32209759
3182	333	858	281	468760	27548211	526333	32115206
3183	2831	2932	2216	469176	27573826	2606429	277537437
3184	294	2562	1497	469345	27585797	1090056	85260956
3185	1252	2277	1756	469691	27608386	752995	51612109
3186	262	2607	1077	470260	27648039	1617624	146978816
3187	904	1023	737	470360	27654359	2702957	290435638
3188	1405	1851	1975	470480	27661194	693361	46376357
3189	840	2294	1597	470595	27669745	628573	40619411
3190	824	2946	706	470755	27680856	1240949	101567468
3191	1115	1893	2565	470821	27685322	712887	48072424
3192	1357	2173	1372	471117	27706698	1710793	158941005
3193	387	2283	495	471854	27758163	779974	54230752
3194	66	2855	1080	471857	27758193	696099	46610615
3195	2801	3102	1932	472016	27769087	653419	42673043
3196	2177	2743	1022	472225	27783356	549323	33868892
3197	803	3151	2319	472744	27816686	493152	29412884
3198	2032	2469	1208	472906	27827392	835513	59741156
3199	296	1310	330	472969	27831429	1537047	136623239
3200	133	472	160	473121	27842395	694179	46431740
3201	1447	2091	2069	473155	27844839	862440	62459185
3202	676	758	467	473169	27845874	500488	29928349
3203	795	2181	1584	473426	27865258	900708	66579275
3204	175	263	197	473526	27873032	2581223	273589599
3205	167	799	1001	473630	27882867	3169558	359472738
3206	2129	2605	2289	473718	27889171	793988	55587857
3207	1370	2604	1329	473801	27896083	1153338	92559440
3208	260	621	276	473910	27907037	4373806	558295982
3209	1985	3097	1922	474256	27936055	764785	52805049
3210	192	2022	952	474348	27942773	1169777	94405918
3211	1095	1112	859	474394	27947009	504993	30231694
3212	1413	2053	2848	474929	27988879	562603	34908646
3213	1658	2431	3108	475340	28020061	3491645	410257665
3214	1243	1996	1720	476157	28083957	2976668	329216390
3215	281	2947	334	476206	28087099	0	0
3216	679	2253	503	476626	28115591	499765	29878570
3217	2180	3086	851	476841	28128896	817579	58096679
3218	761	1404	1015	477221	28150624	520461	31669440
3219	480	2555	556	477234	28151342	1063634	82630396
3220	1345	2655	964	477273	28153415	3967393	489560034
3221	50	2354	2773	477366	28159477	2443865	254850425
3222	1307	1310	478	477373	28159810	1671695	153744013
3223	2791	2942	2007	477530	28171285	528837	32274072
3224	1655	2870	1345	477692	28183213	599064	38160595
3225	595	2474	620	477708	28184181	506726	30374427
3226	1433	2148	1470	477747	28187165	762465	52576973
3227	2275	3036	3901	477772	28188676	875136	63830649
3228	682	1721	1098	477943	28206091	658550	43126379
3229	1561	3166	618	478194	28230375	664795	43607313
3230	1403	2904	3231	478556	28263262	1574419	141430301
3231	1567	2215	2708	478722	28277319	764785	52805049
3232	3023	3134	2024	478733	28278363	1756169	164935787
3233	1621	2527	400	479325	28340620	591710	37567816
3234	2528	2614	2876	479843	28385598	587225	37139793
3235	1360	1825	1945	480095	28407110	1674593	154108901
3236	164	2776	1140	480330	28428630	571370	35658077
3237	411	475	395	480790	28466540	0	0
3238	2909	2913	1523	481177	28499000	628657	40627243
3239	2199	2383	3180	481717	28533408	1104506	86862234
3240	2334	2833	1663	481909	28546916	794603	55662808
3241	1323	3029	1134	481995	28553143	645731	42057585
3242	35	3070	1040	482262	28572146	505187	30246992
3243	758	2082	1892	482468	28587587	760762	52392223
3244	201	835	387	483138	28634073	584254	36838917
3245	1284	1558	1400	483560	28657708	622975	40110413
3246	766	3011	3184	483632	28662523	730564	49707029
3247	874	2498	4777	483826	28675949	514703	31094614
3248	484	2751	2114	483899	28684564	669655	44149664
3249	544	2221	847	484599	28747458	1810302	171314398
3250	1477	2949	2063	484616	28748164	961101	72345211
3251	2229	3081	1999	484620	28748510	496150	29619309
3252	796	3136	1105	485232	28809451	834800	59675924
3253	358	1284	763	485602	28843003	3202695	364446029
3254	552	765	364	485623	28844594	700454	47022277
3255	1524	2998	290	486504	28907168	501253	29974541
3256	98	926	343	486536	28909242	657694	43059407
3257	445	2038	1600	486744	28921555	1301283	108763100
3258	201	983	996	486894	28932254	1261513	103891516
3259	1030	2431	1752	487486	28967961	1586178	142821058
3260	1118	1268	1099	487537	28970675	499465	29860691
3261	49	1448	869	487556	28971596	1714922	159544980
3262	1116	1581	1404	487776	28986194	0	0
3263	920	1753	2873	487950	28997593	734576	50104252
3264	693	1183	306	487993	29001117	2853955	312314981
3265	348	3093	1860	488920	29060834	731430	49807333
3266	725	835	525	489183	29077424	707473	47657339
3267	884	1362	1145	489208	29078841	749745	51309868
3268	1024	2089	1141	489425	29091643	629629	40724756
3269	1323	2403	1640	489630	29106947	558513	34587322
3270	717	2746	2581	489676	29109333	670394	44242558
3271	2187	2435	3268	489679	29109410	496224	29623786
3272	1610	2894	1513	489808	29122268	507289	30423162
3273	209	593	357	489867	29127800	3244897	370464217
3274	2310	2600	3731	489955	29136186	506451	30347493
3275	2124	2500	4376	490567	29189841	1372590	117514233
3276	497	1855	886	490611	29193984	504390	30177974
3277	1758	2507	2716	491295	29260040	0	0
3278	427	602	542	492146	29331618	563300	34957086
3279	1929	2352	1192	492415	29353296	3233416	368841053
3280	373	2579	2514	492546	29362784	836549	59844952
3281	1953	2558	1372	492587	29366197	825548	58897405
3282	316	2433	488	492916	29392267	494539	29517860
3283	1274	3197	2493	493152	29412884	598970	38153812
3284	1883	2127	1978	493768	29462777	743083	50822357
3285	283	593	218	493869	29470500	722498	48875377
3286	1279	2813	1246	493980	29479016	1095924	85931531
3287	845	2479	717	494401	29508251	765782	52905031
3288	2794	3282	1151	494539	29517860	886767	65022696
3289	731	2570	741	495329	29571624	3845624	468859614
3290	323	2975	776	495428	29576804	1575085	141499970
3291	1476	1909	1261	495503	29581757	1504077	132930246
3292	1060	3251	2236	496150	29619309	546561	33668108
3293	2255	2739	3354	496214	29623077	766706	52996546
3294	2156	3271	4571	496224	29623786	509295	30634086
3295	198	3058	1301	496503	29649944	683028	45522752
3296	1390	2505	2671	497008	29689357	1905793	182817649
3297	537	638	834	497269	29713437	960830	72312079
3298	1589	1980	570	497415	29725124	1856041	176925494
3299	15	1432	972	497886	29759555	1495988	131811599
3300	629	915	357	499038	29838118	949476	71173506
3301	2737	2923	1753	499269	29849530	899757	66480833
3302	878	3260	1259	499465	29860691	585652	36972559
3303	1291	2479	1057	499542	29865961	1127349	89615126
3304	2653	3216	2309	499765	29878570	1415153	122756003
3305	1993	3039	2328	500244	29909561	850031	61210442
3306	2115	3202	1593	500488	29928349	871506	63436612
3307	2113	3255	390	501253	29974541	694886	46500174
3308	1916	2961	2226	501289	29976529	587109	37126391
3309	1469	1854	1214	501967	30014580	578061	36285044
3310	499	2927	1201	502145	30024269	980856	74255167
3311	132	2266	1274	502310	30033013	788001	55010217
3312	60	1314	269	502368	30036541	2429575	252837192
3313	2307	2842	1983	502470	30043211	552610	34109919
3314	530	659	720	502871	30067884	736014	50250924
3315	137	715	334	502911	30069765	504859	30218441
3316	1526	2117	2813	503150	30084134	608134	38908032
3317	18	2425	1927	503371	30098967	2728969	294512337
3318	127	1693	403	503376	30099351	0	0
3319	1776	2180	341	503441	30103856	2268273	230213269
3320	390	1046	713	503474	30105988	689147	46097077
3321	366	1013	560	503502	30107998	1113892	88030731
3322	2115	2817	2766	503695	30121856	0	0
3323	927	2347	1305	503836	30134331	944313	70762845
3324	1327	1749	2572	504070	30153256	576539	36127837
3325	606	1615	632	504139	30158963	672764	44515078
3326	390	1051	320	504299	30170513	606298	38740231
3327	2000	3068	1322	504316	30171947	1242749	101753658
3328	2939	3276	2173	504390	30177974	939181	70287568
3329	1399	2211	1146	504829	30216289	1589395	143379924
3330	3097	3315	668	504859	30218441	720386	48703181
3331	834	3211	1237	504993	30231694	732908	49961918
3332	199	3242	1169	505187	30246992	736260	50272166
3333	67	2349	896	505551	30278267	736014	50250924
3334	749	2266	1424	505774	30295834	553509	34193520
3335	270	1883	1927	505958	30309425	1329918	112423423
3336	2269	3092	1126	506034	30315389	519205	31573890
3337	712	3274	4127	506451	30347493	515270	31163692
3338	512	569	967	506655	30366578	741337	50707608
3339	605	3225	971	506726	30374427	1591563	143725260
3340	116	1665	424	506876	30388966	800201	56270487
3341	102	1895	1927	507214	30417232	3458279	405030168
3342	1468	3272	2634	507289	30423162	1899994	182269550
3343	1358	2434	868	507377	30430440	655143	42834320
3344	1125	1441	2177	507735	30464154	595158	37829133
3345	1279	1995	1429	507768	30467900	523865	31930185
3346	2579	2606	6187	507851	30475789	674837	44712780
3347	744	2498	5028	508114	30509373	4006931	495748814
3348	730	1944	1070	508666	30574223	3411142	397690780
3349	500	691	598	509091	30615392	533464	32608134
3350	194	1574	1208	509250	30630491	0	0
3351	854	3294	4989	509295	30634086	1124289	89246014
3352	514	544	595	509534	30659616	1426102	123864547
3353	932	2568	1160	509885	30699006	558267	34566044
3354	148	2240	1919	510117	30722641	626662	40428331
3355	1290	2677	2134	510321	30740770	557795	34525632
3356	1880	1987	1231	511292	30831938	575344	36021989
3357	161	528	513	511722	30864667	2357311	242247510
3358	437	3095	1738	511846	30873185	0	0
3359	509	2159	485	511912	30878320	2896753	318014449
3360	1444	1619	934	512161	30897066	648671	42278775
3361	38	434	211	512614	30928666	598946	38151825
3362	1264	1462	1919	512666	30931928	1199318	97254127
3363	727	2105	3035	512827	30942757	869736	63215369
3364	975	1173	863	513142	30970952	523038	31872773
3365	2438	2568	1206	513152	30971375	1442180	125362214
3366	1622	2669	761	513592	31004274	545844	33624445
3367	1348	3044	3085	513618	31005994	669214	44088459
3368	2158	3056	1612	514292	31057708	580794	36525675
3369	2040	3041	4581	514408	31066423	847075	60871011
3370	886	1809	1376	514466	31071555	787843	54996060
3371	3171	3247	7708	514703	31094614	653419	42673043
3372	2090	2696	2334	514836	31113374	596713	37969905
3373	349	1703	1095	515115	31145529	635666	41237491
3374	2388	3337	6012	515270	31163692	667975	43924421
3375	300	3176	588	516058	31269439	0	0
3376	478	1125	1848	516274	31294798	1947006	188354159
3377	1000	3050	2286	516679	31335481	1537448	136666828
3378	1643	2591	950	517086	31378734	578084	36287644
3379	525	1998	2678	517528	31423357	748690	51212999
3380	770	1284	699	517678	31440060	563615	34976692
3381	105	1253	869	517961	31469753	580173	36476129
3382	1867	2812	1994	518348	31503987	771740	53431971
3383	192	519	454	518459	31513756	824873	58841504
3384	1195	2402	1331	518673	31531374	0	0
3385	2532	3336	1914	519205	31573890	537040	32923018
3386	745	2386	958	519648	31609206	1192951	96611017
3387	1885	3149	1950	520021	31636401	624584	40263181
3388	1346	1365	1196	520170	31646298	1138662	90929077
3389	1137	2550	2911	520328	31658499	1106476	87120772
3390	733	3260	2216	520370	31661736	607455	38837558
3391	1635	2997	1515	520386	31662985	820170	58382515
3392	2325	3218	2163	520461	31669440	2617084	278817951
3393	670	2262	1131	520568	31679131	3035739	338103584
3394	2648	2774	2284	520916	31711188	564583	35062792
3395	768	937	1016	521543	31762735	0	0
3396	2215	2261	3297	522357	31822303	2325476	237928985
3397	231	2698	978	522370	31823108	2112170	210041374
3398	1331	1517	617	522819	31857996	753041	51616004
3399	828	911	608	522886	31861750	584085	36824851
3400	544	3364	1253	523038	31872773	780333	54263684
3401	400	2744	1105	523094	31876627	536605	32889543
3402	439	1324	523	523455	31902459	2910946	319920082
3403	752	1587	882	523616	31913611	1565918	140537365
3404	465	3345	1846	523865	31930185	1048082	81072523
3405	120	1262	924	523909	31933128	700906	47064419
3406	311	1593	1367	524030	31940631	532736	32547778
3407	973	1560	499	524269	31957322	756685	51984626
3408	1658	2944	3158	524305	31959383	559509	34674522
3409	2207	2958	907	524428	31970892	537471	32954813
3410	820	1037	775	524699	31993084	3181715	361290126
3411	1857	2157	1683	524747	31995898	3587505	424992761
3412	359	502	634	524869	32004462	867436	62958889
3413	88	201	250	525044	32017933	589640	37403588
3414	1468	1833	1649	525064	32019314	929597	69363423
3415	570	1078	878	525094	32022050	0	0
3416	1247	2962	2759	525577	32056718	3401511	396139733
3417	598	2310	3230	525896	32080008	800006	56243773
3418	599	880	720	526010	32089546	1881278	180096650
3419	381	1184	349	526107	32096970	985806	74758687
3420	2390	3182	1131	526333	32115206	1082334	84460178
3421	1201	2368	1788	527049	32166313	535364	32773482
3422	1373	1428	908	527508	32195504	1138014	90842924
3423	517	3181	1360	527751	32209759	3760652	454463782
3424	1096	2758	1367	528172	32232876	1191475	96479409
3425	1405	2222	1817	528776	32270323	1980234	192768862
3426	694	2753	1715	528798	32271502	619873	39844739
3427	304	3223	2220	528837	32274072	1193939	96704103
3428	610	3062	395	529473	32314926	665977	43716724
3429	309	1032	432	530013	32345979	608231	38918075
3430	927	2678	771	530162	32355909	2286566	232464879
3431	147	2924	1575	530212	32357921	573668	35854273
3432	1739	2718	3064	530295	32363547	672480	44481301
3433	2129	2643	2071	530390	32370756	0	0
3434	105	1349	650	530404	32372407	772330	53473164
3435	153	2989	2235	530907	32412567	667922	43916492
3436	1052	2653	2531	531656	32466189	960830	72312079
3437	415	1982	1180	531668	32466649	2090324	206987418
3438	1686	2294	3523	531712	32469755	1343911	113900547
3439	685	976	887	531892	32485330	563815	34992824
3440	445	1959	224	532000	32493215	941348	70495804
3441	1955	2826	960	532089	32500547	2092068	207209817
3442	2095	3406	2086	532736	32547778	919595	68456940
3443	1335	2259	1994	532762	32549219	1922486	184763531
3444	2072	2993	1176	532810	32553648	811680	57447055
3445	1652	1751	1150	532818	32554211	2135963	213090745
3446	593	878	268	533002	32570956	901650	66668043
3447	1965	3349	1602	533464	32608134	784219	54662647
3448	2595	3138	2529	533516	32612752	1145048	91699717
3449	2674	2850	1608	533613	32620165	1303708	109112285
3450	991	3080	2621	534101	32661462	1491771	131332645
3451	2755	2970	1409	534159	32668541	1497453	131995471
3452	301	2510	276	534475	32697790	1074858	83706953
3453	1656	2048	2050	534495	32699394	955534	71707057
3454	1873	2112	2843	534754	32719062	599083	38162344
3455	154	298	220	535215	32759895	652847	42631632
3456	624	2214	1604	535285	32765947	1265698	104467987
3457	1636	3421	2331	535364	32773482	650422	42422415
3458	2347	2411	2071	535370	32773732	1028159	79136775
3459	2014	2240	2891	535737	32806609	0	0
3460	1423	3001	1358	535919	32826101	586754	37091354
3461	4	3401	1108	536605	32889543	2596338	275951920
3462	126	399	133	536923	32914178	568466	35409271
3463	70	3385	1927	537040	32923018	860987	62319214
3464	2218	2220	766	537396	32949993	937895	70169192
3465	2382	3409	1277	537471	32954813	616017	39540783
3466	315	1071	227	537491	32956414	0	0
3467	1993	2980	1362	537912	32987728	666722	43793093
3468	1620	2950	1450	538171	33008339	582607	36689212
3469	1539	2109	2401	538379	33025772	1033955	79672114
3470	2109	2343	3554	538390	33026676	2347500	240971987
3471	777	801	626	538454	33032608	3628742	431393014
3472	1284	2689	713	538850	33067106	2563018	270978733
3473	1808	2116	1443	538918	33072427	1411644	122356007
3474	2809	3140	2429	539298	33105280	581751	36608321
3475	1126	2287	1675	539467	33121396	0	0
3476	2489	3139	2803	539563	33130229	607455	38837558
3477	893	1410	986	540084	33181254	1367426	116794465
3478	603	1235	591	540353	33203675	1622862	147606655
3479	443	654	652	540413	33208715	4134462	517328183
3480	2104	2358	1731	540465	33213078	594735	37792783
3481	114	762	961	540707	33234934	647182	42175432
3482	1211	2395	1876	540814	33243166	772451	53483611
3483	848	1977	622	540910	33250687	2337983	239644417
3484	472	3043	2078	540980	33256596	636473	41284260
3485	2503	2677	3453	541087	33264532	797389	55933551
3486	358	1730	779	541952	33349241	2074896	204717586
3487	533	2472	1182	541989	33353009	1189087	96258094
3488	343	892	321	542296	33379137	727837	49448594
3489	1041	2087	1319	542861	33422536	701069	47080218
3490	1956	3079	3615	542876	33423751	1370640	117238610
3491	675	781	1051	543011	33434960	827033	59013192
3492	699	2585	1399	543322	33460187	569479	35475729
3493	333	1337	1818	544165	33519418	952802	71447349
3494	102	1754	798	544292	33528840	1926768	185303358
3495	454	682	824	544990	33573265	811572	57437020
3496	53	819	317	545167	33583576	702059	47171432
3497	1095	2129	870	545192	33585302	1786254	168600700
3498	1187	2804	1183	545232	33587295	798126	56008762
3499	2313	2934	1792	545517	33606210	1020499	78349074
3500	2688	3366	1327	545844	33624445	0	0
3501	829	2961	1829	545977	33632013	903519	66867460
3502	2827	3131	3232	546431	33660742	626731	40434464
3503	589	3292	2528	546561	33668108	2581005	273560949
3504	2846	2941	2987	547094	33709214	1112615	87878353
3505	889	2296	702	547320	33728736	1111676	87777719
3506	1188	1526	1079	547385	33732492	574062	35895176
3507	73	2223	941	547404	33733882	1637501	149305024
3508	2049	2322	1781	548194	33793626	634512	41157130
3509	1243	2070	1439	548554	33818764	850741	61283582
3510	650	3046	169	548558	33818861	994843	75675738
3511	156	1005	276	549099	33854448	1617875	147014954
3512	2211	2233	2199	549293	33866867	579721	36435672
3513	69	554	469	549302	33867718	665977	43716724
3514	74	3196	1034	549323	33868892	1115334	88224884
3515	704	1637	578	549574	33884344	1716409	159765999
3516	492	1906	1572	549594	33885553	2469224	258340250
3517	1310	1574	1223	549641	33889098	709010	47789922
3518	520	1399	354	549643	33889133	0	0
3519	61	357	209	550123	33923244	1534523	136321900
3520	986	3085	3276	550193	33927832	1644586	150128610
3521	134	902	1556	550328	33938294	788712	55080451
3522	491	1310	273	550501	33949912	2011164	196880208
3523	738	1889	2132	550725	33964807	1050515	81370477
3524	612	1662	2443	551396	34011720	1148878	92057270
3525	2127	2967	1994	551732	34034367	1372590	117514233
3526	2568	3063	2339	551736	34034633	2046176	201675324
3527	1677	3172	2353	551987	34053988	557876	34531450
3528	376	1733	1672	552010	34057070	666435	43764533
3529	574	2993	1287	552317	34085652	802834	56592416
3530	761	2640	2525	552333	34087436	573355	35827760
3531	1421	2884	901	552522	34102661	746118	51035272
3532	2126	3313	2729	552610	34109919	553509	34193520
3533	9	2594	899	552722	34118604	3036280	338171400
3534	553	2633	1211	552865	34133742	957093	71888400
3535	931	1320	1661	552999	34145440	2209269	222348940
3536	3334	3532	4153	553509	34193520	0	0
3537	2008	3178	1675	553612	34205179	746012	51028779
3538	494	2554	695	554359	34276986	0	0
3539	267	1899	339	554891	34320541	2385432	246076151
3540	1733	2839	2811	555506	34367017	645153	42001990
3541	1209	2157	1755	555834	34390597	614545	39447032
3542	471	3145	1591	555863	34393195	627591	40521290
3543	1272	2829	1136	556495	34438663	660164	43257535
3544	623	1455	1614	556711	34452924	618338	39721288
3545	1255	2527	528	556900	34464829	626618	40425276
3546	215	587	550	557192	34485739	710093	47868076
3547	2014	3118	2096	557231	34488472	622446	40062551
3548	60	1137	900	557284	34492942	2577282	273011838
3549	1935	3355	3553	557795	34525632	1015969	77894118
3550	1394	3527	2633	557876	34531450	672392	44471816
3551	900	1514	1819	558114	34553260	2191674	220134718
3552	402	3353	1371	558267	34566044	1055770	81924736
3553	1172	3269	2101	558513	34587322	1137019	90694140
3554	113	1617	664	558973	34629946	1119045	88665554
3555	462	2596	826	559067	34638021	570202	35534832
3556	1291	3408	3740	559509	34674522	1974984	192051455
3557	665	1726	867	559919	34709466	564915	35096967
3558	2234	2620	641	559935	34710302	1061443	82453463
3559	2097	2575	2027	560034	34717328	977186	73906748
3560	2634	2840	2077	560936	34789622	1605491	145412254
3561	1573	2535	1279	560938	34789628	566315	35236476
3562	912	1726	1131	560982	34793294	1142855	91471590
3563	179	1365	726	561019	34795830	1026001	78938705
3564	367	3083	469	561525	34836307	699745	46961005
3565	411	3086	649	561934	34864632	882229	64559404
3566	338	1598	812	562104	34877487	0	0
3567	2170	3212	3317	562603	34908646	563716	34983108
3568	190	3278	659	563300	34957086	662916	43462456
3569	1088	1546	1575	563431	34965050	1002837	76484136
3570	9	545	277	563531	34971422	2014536	197375008
3571	1947	3380	1422	563615	34976692	714765	48232787
3572	2468	3567	4966	563716	34983108	1059232	82228226
3573	1404	2048	2268	563785	34988942	4440931	570508130
3574	3062	3439	1113	563815	34992824	781824	54418423
3575	1337	2482	1819	563969	35005911	624675	40270411
3576	969	2725	1226	564100	35018194	969158	73166163
3577	305	3173	1687	564208	35028664	769637	53274307
3578	750	3394	2484	564583	35062792	690410	46182721
3579	414	2715	3498	564693	35073024	1504077	132930246
3580	418	1088	624	564712	35075125	889479	65301653
3581	2821	3557	3251	564915	35096967	1684485	155437590
3582	1345	1389	825	565660	35176617	685449	45775048
3583	2009	2741	2060	565704	35180544	724148	49054074
3584	1585	3561	1735	566315	35236476	632818	41013999
3585	364	1663	600	566827	35280253	579721	36435672
3586	2306	2744	1550	566977	35294538	1758953	165321358
3587	807	1577	823	567078	35303297	908159	67343644
3588	1330	1440	676	567188	35313457	1375294	117877190
3589	563	1736	740	567201	35314964	1098611	86203663
3590	624	1050	448	567338	35327419	853600	61600689
3591	68	1933	223	567953	35372767	3592497	425654134
3592	998	2077	1047	568134	35386714	0	0
3593	182	424	103	568296	35398314	595782	37884259
3594	353	447	390	568316	35400152	872216	63523643
3595	1734	3462	2096	568466	35409271	720651	48720456
3596	1159	2623	2095	568806	35432225	664033	43544394
3597	2231	2429	2131	569233	35459340	620780	39918515
3598	631	2610	2477	569303	35464004	1104990	86923428
3599	1798	3492	2345	569479	35475729	697399	46727709
3600	1987	1998	3284	569799	35501316	845484	60707061
3601	1951	2350	2031	569889	35509461	1027572	79079605
3602	1843	2415	1361	570005	35517391	663975	43540427
3603	2228	3555	1893	570202	35534832	795937	55807396
3604	2242	2768	2097	570455	35559531	1288739	107231956
3605	1624	2490	2178	570467	35560207	678278	45060184
3606	161	1125	1630	570604	35572357	909253	67444320
3607	1273	2948	4050	570795	35591888	3712741	446175639
3608	2136	3151	2750	571014	35616100	2240122	226367837
3609	1236	3236	1246	571370	35658077	648738	42284064
3610	19	1370	96	572384	35754171	896446	66053313
3611	138	504	457	572487	35762762	0	0
3612	1370	1621	332	572851	35790568	823115	58677337
3613	1749	3274	4843	573146	35811724	1013547	77635624
3614	342	3530	2608	573355	35827760	644454	41944196
3615	3099	3431	6425	573668	35854273	1387054	119321510
3616	3040	3506	3125	574062	35895176	0	0
3617	1357	1417	1052	574482	35940923	822242	58602787
3618	661	2435	2224	574601	35951814	723117	48932060
3619	798	3356	1968	575344	36021989	1093036	85616259
3620	1049	2592	3574	575642	36048926	2084280	205968503
3621	101	3143	1028	576242	36100458	626516	40416918
3622	1247	2273	1333	576258	36102132	1079570	84152430
3623	437	3530	2722	576279	36103549	610298	39139349
3624	473	3324	2620	576539	36127837	640980	41641045
3625	748	2064	836	576545	36128289	598870	38145199
3626	150	2963	534	576587	36132431	2826535	308622733
3627	1068	2430	1854	576603	36134328	3067528	342955573
3628	548	2409	1326	576662	36142625	903519	66867460
3629	677	1690	2518	577030	36181095	2258449	228745638
3630	2135	2702	1098	577103	36188866	2080846	205431163
3631	3075	3137	1347	577767	36259416	1463239	128009935
3632	708	3113	1191	578006	36279846	584385	36849477
3633	1834	3309	1579	578061	36285044	1367911	116857049
3634	1208	3121	1102	578070	36285857	710921	47920272
3635	1829	3378	1474	578084	36287644	592725	37633945
3636	216	3001	580	578886	36366794	818349	58174197
3637	73	1635	623	579134	36388217	998702	76055509
3638	881	2048	2339	579375	36407565	801822	56478560
3639	3512	3585	2799	579721	36435672	595906	37894971
3640	436	938	666	579806	36443780	3959056	488077144
3641	1392	1757	888	580009	36461998	1325365	111904430
3642	704	955	654	580151	36474256	892037	65575417
3643	2865	3381	1778	580173	36476129	958952	72095199
3644	460	818	268	580356	36491690	3811385	462967280
3645	1673	3368	2472	580794	36525675	3293900	378174200
3646	1098	2386	875	581019	36544070	877669	64066098
3647	1241	2937	2608	581026	36544497	1661060	152307701
3648	1670	2702	1221	581166	36557427	1474138	129436117
3649	1986	2502	1697	581272	36566306	1621621	147461778
3650	1119	1423	987	581402	36576072	1527643	135521455
3651	1239	1925	1950	581616	36595632	3830765	466296233
3652	2277	3474	4000	581751	36608321	1107879	87317366
3653	215	2850	759	582449	36674099	587948	37224843
3654	2196	3054	2877	582591	36688040	1265146	104376882
3655	325	3468	1600	582607	36689212	1070867	83339380
3656	639	1521	1210	582992	36726052	2104315	208909067
3657	303	2330	1213	583033	36729541	1351083	114757614
3658	2325	2330	2296	583571	36779355	806575	56925125
3659	64	2767	794	583621	36782827	877029	64007770
3660	118	500	435	583914	36808888	837032	59890291
3661	2751	3399	2428	584085	36824851	3937081	484587089
3662	344	3244	675	584254	36838917	2766322	299938309
3663	1036	3260	1389	584315	36843935	1090711	85330796
3664	1620	3632	1521	584385	36849477	0	0
3665	2446	2492	4614	584535	36864523	1502769	132740890
3666	826	1603	1375	584861	36896913	1062735	82562649
3667	2731	2983	3361	585441	36951344	697454	46732048
3668	254	2550	2265	585458	36953411	908330	67359666
3669	409	3118	1448	585549	36961950	942031	70555375
3670	2424	3302	1752	585652	36972559	1230354	100403024
3671	1734	2656	3116	585682	36977835	872216	63523643
3672	1575	2626	648	586035	37016792	966534	72925983
3673	2415	2958	1290	586050	37018276	0	0
3674	1364	2567	1341	586201	37036039	2761354	299118746
3675	1419	3460	1694	586754	37091354	733877	50045389
3676	794	2008	1686	587109	37126391	1660208	152199852
3677	794	3308	2644	587109	37126391	598314	38101915
3678	2008	3308	3494	587109	37126391	618338	39721288
3679	1994	3042	1346	587160	37131747	2487474	261150858
3680	782	3234	3112	587225	37139793	1554627	139130513
3681	1282	3653	1222	587948	37224843	2306810	235332211
3682	409	2609	1334	587970	37226573	1836614	174694280
3683	2506	2790	1130	588034	37234543	813280	57648229
3684	375	3113	1230	588281	37263557	634705	41172259
3685	868	3017	599	588629	37299350	760762	52392223
3686	1149	2762	1629	588758	37312659	1478550	129965700
3687	294	1479	1401	588788	37315154	1308438	109718553
3688	1183	3116	789	589118	37347023	653566	42689390
3689	1556	2889	3594	589398	37374660	697569	46743607
3690	160	3413	319	589640	37403588	626086	40384651
3691	662	906	468	589801	37419903	1342800	113762131
3692	1073	2184	1018	590241	37459220	1527013	135461286
3693	282	1569	1039	590338	37467227	839554	60106977
3694	935	1285	352	590680	37496761	755074	51824924
3695	378	1684	979	590797	37505605	1791528	169193673
3696	964	1946	609	591543	37556493	722488	48874302
3697	2312	3233	726	591710	37567816	715920	48349767
3698	1486	1924	3427	592126	37595643	2654571	284021198
3699	532	2686	1005	592527	37621802	1285135	106823907
3700	1598	3635	2256	592725	37633945	734906	50134269
3701	217	1097	299	592729	37634205	1288547	107208839
3702	2357	3078	1462	592841	37642459	706624	47579406
3703	734	2570	446	592946	37650174	638920	41476254
3704	1699	2025	990	593256	37670950	612692	39338190
3705	72	1233	227	593273	37671948	0	0
3706	344	949	1098	593385	37678246	986966	74890236
3707	2564	2765	2430	593421	37679934	4003425	495262159
3708	2499	2692	5784	593667	37698054	620289	39875171
3709	1288	2281	2112	593819	37713856	723099	48930063
3710	441	779	362	594368	37761743	748161	51175989
3711	1823	3480	2506	594735	37792783	3153584	356836273
3712	2589	3344	3384	595158	37829133	1244581	101956753
3713	1196	2949	2038	595655	37872872	980534	74223373
3714	2429	3593	938	595782	37884259	1914249	183876301
3715	831	1313	714	595813	37886972	3446846	403264721
3716	171	3639	2900	595906	37894971	2139163	213461362
3717	1444	2171	2184	595981	37901791	603663	38555661
3718	706	3372	2674	596713	37969905	0	0
3719	2803	3236	3337	597097	38001701	1979202	192618255
3720	378	2582	486	597629	38047810	4266580	539910941
3721	892	2084	761	598139	38089435	1077566	83952267
3722	895	3677	3701	598314	38101915	2315400	236482572
3723	136	973	161	598416	38110481	603413	38539890
3724	1362	3625	1678	598870	38145199	753041	51616004
3725	2145	3361	1832	598946	38151825	774518	53695641
3726	577	3283	2643	598970	38153812	773573	53594345
3727	56	250	283	598975	38154499	887863	65133304
3728	228	335	441	598986	38155252	1266368	104568524
3729	2247	3224	3140	599064	38160595	1342448	113721062
3730	2337	3454	4609	599083	38162344	3229271	368303801
3731	878	2097	1905	599917	38247135	917750	68274987
3732	1335	1969	4090	600120	38267675	665639	43683607
3733	1239	1685	2151	601516	38397305	1338042	113221940
3734	2104	2925	1908	601575	38401904	717676	48499410
3735	1753	1849	3468	601757	38416087	2103956	208860280
3736	121	1878	485	601936	38431172	879985	64315210
3737	1041	2617	774	602638	38489840	1545503	137792067
3738	1326	2468	1907	603009	38513285	629407	40703802
3739	619	1894	1158	603366	38537376	1079642	84159191
3740	1451	3723	1148	603413	38539890	681676	45378498
3741	1742	3717	4576	603663	38555661	793728	55559651
3742	912	3462	695	603968	38578450	1026745	79006838
3743	761	2311	1288	604291	38601888	1008003	76980846
3744	407	813	494	604850	38639793	619553	39820853
3745	1670	2843	2282	604940	38645091	860506	62278844
3746	2653	2716	2571	605438	38678159	1692737	156664277
3747	350	2725	692	605550	38685019	1393556	120054744
3748	158	1259	468	605683	38694898	955546	71708113
3749	2249	2750	4274	605819	38704006	1747665	163590508
3750	2425	2938	2431	606249	38736605	1032694	79539896
3751	2862	3326	1520	606298	38740231	758597	52168491
3752	2259	2684	3059	606602	38764996	753302	51641433
3753	1496	2401	1775	606947	38794150	926598	69121984
3754	549	2309	1839	607156	38810726	887931	65140169
3755	3390	3476	5019	607455	38837558	1058572	82165865
3756	1925	2886	1880	607569	38847715	2004979	196030788
3757	1343	3098	3754	607673	38858236	1101696	86482134
3758	1933	2483	573	607762	38868266	771198	53393176
3759	1006	3316	3200	608134	38908032	754250	51732821
3760	1963	2702	1523	608189	38913156	1668693	153354620
3761	1230	3429	672	608231	38918075	1184428	95804172
3762	603	2061	1958	608339	38930489	695744	46579126
3763	454	2688	958	608471	38948291	1442413	125393333
3764	1214	1797	3452	608948	39002332	1005082	76699368
3765	994	1832	1671	609147	39023597	0	0
3766	160	2041	1156	609403	39049120	1080476	84243461
3767	1247	1356	1107	610049	39113241	1485326	130689658
3768	1969	3623	5444	610298	39139349	0	0
3769	192	878	227	610991	39207929	2608797	277844128
3770	2595	2822	2353	611149	39221752	0	0
3771	1182	1731	370	611498	39250074	1199203	97241115
3772	634	2135	513	611609	39258467	1043183	80633680
3773	366	1397	802	611807	39273501	1133269	90295954
3774	389	3704	1102	612692	39338190	1557724	139571020
3775	712	1026	1399	613502	39386924	914640	67984143
3776	1819	2680	524	613830	39406808	646431	42116812
3777	645	2187	2012	614062	39419890	693934	46412430
3778	1225	3541	2441	614545	39447032	0	0
3779	2115	2771	1701	614671	39453838	1679267	154662702
3780	618	2625	1226	615007	39474080	2220863	223743978
3781	310	916	425	615194	39484901	0	0
3782	2137	2252	2948	615246	39487819	1184545	95814112
3783	2005	2263	3194	615530	39507799	747288	51113175
3784	589	2359	1162	615971	39537649	3591497	425525416
3785	111	3465	1319	616017	39540783	877029	64007770
3786	159	2916	816	616291	39561000	0	0
3787	1086	2196	2662	616423	39569318	758542	52163999
3788	1086	2646	2045	616423	39569318	0	0
3789	2196	2646	3107	616423	39569318	1036086	79882066
3790	1117	2593	1641	616728	39593589	1056914	82017940
3791	333	2238	556	616967	39611914	862572	62472972
3792	430	1277	237	617065	39620518	664948	43619518
3793	1464	1821	2778	617169	39629434	1096775	86018787
3794	122	941	353	617713	39672264	0	0
3795	537	1178	656	618023	39695273	837032	59890291
3796	69	2800	1610	618039	39696852	860734	62297224
3797	2096	2862	1384	618050	39697603	833964	59603364
3798	3544	3678	5108	618338	39721288	710986	47924416
3799	900	2963	778	618485	39735416	2246839	227265590
3800	177	1051	318	618716	39755410	0	0
3801	940	3744	759	619553	39820853	1595176	144150985
3802	1424	3426	2130	619873	39844739	1649078	150732049
3803	2792	3708	6576	620289	39875171	682425	45444813
3804	1221	1237	2179	620443	39887141	655301	42848770
3805	441	3597	2270	620780	39918515	961101	72345211
3806	448	3067	896	621138	39954300	1010721	77285906
3807	879	1913	486	622043	40033488	0	0
3808	1995	2017	1455	622107	40038732	1117066	88441228
3809	2926	3547	3367	622446	40062551	1552441	138837891
3810	1715	2840	2404	622516	40068380	844238	60602906
3811	1369	2353	2230	622759	40090891	876398	63946304
3812	2161	3245	3198	622975	40110413	2453300	256139408
3813	798	1861	1607	622978	40110547	1207925	98021937
3814	1241	1417	994	623002	40113181	1186732	96021304
3815	23	1504	624	623082	40121020	1383335	118866951
3816	322	445	287	623273	40139662	1624214	147786746
3817	1050	1607	2768	623298	40142411	793185	55500889
3818	242	2467	570	623974	40208497	793988	55587857
3819	680	3387	2091	624584	40263181	1860035	177420600
3820	1448	3575	2675	624675	40270411	636484	41285245
3821	1648	2831	2159	625206	40315508	871506	63436612
3822	939	2331	490	625495	40337303	694179	46431740
3823	663	2013	929	625519	40338872	1493228	131496645
3824	1231	2275	2854	625614	40346936	1890378	181144830
3825	101	3690	355	626086	40384651	760216	52330389
3826	1462	1637	1001	626370	40406006	978241	73994379
3827	1439	3621	1543	626516	40416918	1849904	176333004
3828	1236	3545	634	626618	40425276	640166	41568440
3829	214	3354	1955	626662	40428331	628845	40645067
3830	1850	3502	4516	626731	40434464	903359	66848490
3831	52	92	59	626783	40439635	4283579	543268014
3832	2158	2913	640	626808	40441603	910082	67524051
3833	1789	1887	2566	627218	40482385	3126647	352335384
3834	1252	3197	2504	627375	40497929	2000004	195346007
3835	728	2688	799	627542	40515783	901650	66668043
3836	280	3542	1804	627591	40521290	1484130	130562166
3837	410	3653	1000	627677	40531371	3730529	449259945
3838	848	1206	1855	628189	40582219	731459	49811031
3839	2938	3189	2112	628573	40619411	1259555	103662271
3840	764	3238	1780	628657	40627243	1955176	189504276
3841	711	3829	2232	628845	40645067	1115656	88267326
3842	2467	3738	2404	629407	40703802	1230354	100403024
3843	1433	3268	1920	629629	40724756	902942	66804561
3844	614	3283	2516	629646	40727023	1068373	83081609
3845	438	2058	1052	629804	40741852	0	0
3846	825	2573	1842	630444	40802543	859800	62226389
3847	1381	1412	1847	630823	40840974	2270622	230553899
3848	2084	3072	2595	631231	40879978	966664	72937784
3849	643	790	587	631476	40900712	818900	58235133
3850	250	893	733	631489	40901870	1039974	80313073
3851	1064	1548	905	631825	40930359	664033	43544394
3852	2559	3032	1000	632102	40955691	828130	59115049
3853	555	1334	359	632325	40974615	650270	42409410
3854	504	2165	2402	632577	40991742	4436770	569672622
3855	380	2868	2207	632609	40993950	638406	41435355
3856	3103	3584	1914	632818	41013999	1547704	138143489
3857	2761	3152	2558	633060	41035562	1853448	176687623
3858	101	3508	1817	634512	41157130	653170	42653616
3859	1630	3684	1486	634705	41172259	722440	48869192
3860	847	2408	1037	634903	41187210	1122345	89042308
3861	1625	3373	1478	635666	41237491	851754	61397876
3862	1021	1082	677	636061	41262196	3606875	427713356
3863	3096	3484	4180	636473	41284260	3240281	369838375
3864	181	3820	2782	636484	41285245	1239386	101402615
3865	1385	3117	2477	636655	41298930	1091583	85440977
3866	257	2105	2570	636830	41313359	1163545	93732748
3867	783	1128	856	637004	41327409	3186368	361987996
3868	39	177	81	637772	41391372	773637	53601891
3869	107	698	213	638083	41414058	1207235	97965738
3870	1916	3121	1506	638316	41429364	1193203	96633756
3871	988	2415	1012	638359	41432721	2264423	229627337
3872	1821	3855	3773	638406	41435355	2125368	211787461
3873	765	3703	630	638920	41476254	1421580	123415252
3874	665	1964	435	639036	41484475	0	0
3875	73	2509	906	639274	41502715	0	0
3876	473	2091	1826	639572	41523229	901588	66662508
3877	270	2581	1210	639576	41523443	2241478	226554195
3878	700	1320	670	639716	41533241	807291	56992390
3879	942	1666	1378	639719	41533323	1730753	161397331
3880	130	1180	328	639760	41536478	963130	72567723
3881	1015	1261	1269	639773	41537298	0	0
3882	2606	3828	4361	640166	41568440	2194586	220491841
3883	73	2981	2493	640204	41571562	1806471	170874082
3884	3128	3399	1357	640213	41572524	1636264	149153294
3885	2962	3624	4654	640980	41641045	942392	70583400
3886	1360	2644	2132	641026	41646699	1124289	89246014
3887	1116	1690	2689	641906	41728170	701715	47139059
3888	253	2802	1179	642136	41746323	0	0
3889	944	3037	3370	642585	41783417	1333188	112743673
3890	881	2531	2610	642926	41811643	1250778	102637358
3891	1448	2343	4148	643640	41871705	3206201	364906009
3892	1613	2649	1957	643643	41871740	1701561	157737450
3893	323	416	144	643669	41874949	1673861	154024712
3894	486	1610	707	644024	41908976	1779199	167808403
3895	118	806	274	644082	41913635	697873	46778961
3896	3024	3614	3788	644454	41944196	893239	65705038
3897	204	2688	717	645077	41995632	1082334	84460178
3898	293	3540	2921	645153	42001990	2303629	234815958
3899	637	768	747	645285	42014551	0	0
3900	3	315	53	645292	42015446	1091740	85461436
3901	2758	3241	2431	645731	42057585	0	0
3902	296	2722	1042	645882	42068429	1000276	76206811
3903	1520	3018	3451	646097	42086493	1031461	79433172
3904	585	3776	542	646431	42116812	926774	69138180
3905	678	2432	1066	646768	42142527	1142149	91394359
3906	2678	3481	1525	647182	42175432	936741	70046279
3907	711	750	477	647224	42178488	894420	65835736
3908	2199	2321	1502	647650	42209398	668842	44039300
3909	1087	1330	840	647887	42226162	1207211	97963048
3910	2786	3118	1347	648206	42249778	778229	54061069
3911	2339	3360	2678	648671	42278775	1373229	117598598
3912	3002	3609	2153	648738	42284064	868744	63098455
3913	2613	2740	2024	648849	42293043	884816	64850056
3914	650	2316	167	648902	42298513	2636727	281371439
3915	1267	1802	731	649097	42314384	734479	50095397
3916	2384	3065	2315	649250	42325175	658550	43126379
3917	1006	1112	1165	649262	42325753	662869	43458707
3918	1638	2283	1807	649404	42336883	878226	64121232
3919	516	932	739	649668	42357307	2205218	221757278
3920	233	3156	858	650084	42393659	1721803	160403650
3921	1569	3853	1067	650270	42409410	1417698	123012523
3922	1935	3457	3750	650422	42422415	3702859	444509974
3923	902	1817	1683	650424	42422465	1113885	88029942
3924	55	2741	1668	650885	42463395	739145	50520392
3925	1657	1854	1217	651046	42478154	818747	58218508
3926	2125	2497	2398	651102	42482537	694252	46438676
3927	348	1426	913	651464	42515373	1791520	169193172
3928	2989	3394	4424	651504	42519688	1723268	160568436
3929	1206	3455	1905	652847	42631632	664795	43607313
3930	54	3132	716	653082	42647503	1721952	160421501
3931	158	3858	1930	653170	42653616	1295430	108054375
3932	3195	3371	9640	653419	42673043	2397709	247766150
3933	1004	3688	1640	653566	42689390	731430	49807333
3934	231	2848	269	654656	42794310	722498	48875377
3935	674	2281	1699	654919	42816368	2131026	212482817
3936	167	168	118	654940	42818083	4097529	510820442
3937	1473	3116	1999	655114	42832434	1168411	94260686
3938	2883	3343	2818	655143	42834320	907262	67262091
3939	708	3804	2235	655301	42848770	756243	51940574
3940	1756	2063	1674	655331	42851820	2165929	216695557
3941	680	1467	596	655544	42874995	3484295	409270901
3942	1786	1802	662	656071	42925903	661260	43342159
3943	200	2811	326	656790	42988829	1251005	102660802
3944	659	2347	1562	656832	42992151	3321234	383024169
3945	640	2218	116	657123	43016833	786884	54917730
3946	61	2549	1107	657343	43033865	816860	58028323
3947	1362	3256	1185	657694	43059407	2812912	306547355
3948	142	2269	1026	657720	43061095	1339423	113353051
3949	700	2649	1616	657993	43081732	700065	46987538
3950	196	528	489	658104	43089238	729070	49557295
3951	2770	3015	1445	658150	43092498	1503100	132793202
3952	808	1929	777	658206	43097233	932430	69609705
3953	1366	2714	3924	658320	43107112	910920	67598904
3954	3228	3916	3413	658550	43126379	1043748	80688033
3955	383	1632	714	658777	43148221	1423051	123565812
3956	1973	2062	2156	659403	43200449	0	0
3957	287	1209	1264	659446	43203232	1584300	142604782
3958	53	502	381	659888	43238701	778074	54045276
3959	160	1996	1103	660121	43254513	1111872	87797149
3960	2423	3543	1756	660164	43257535	1858402	177209572
3961	1808	2845	2009	660593	43293310	1211881	98374361
3962	721	2246	2964	661245	43340855	808434	57106397
3963	1683	3942	867	661260	43342159	799195	56146605
3964	1361	2709	1148	661637	43368458	1135697	90531034
3965	1736	2397	1744	662138	43402478	949275	71157215
3966	985	3236	1589	662173	43405218	1113481	87980785
3967	721	2533	1633	662461	43426993	1217732	99106532
3968	129	2049	992	662706	43446759	1063634	82630396
3969	1346	3917	1733	662869	43458707	677469	44993894
3970	1545	3568	1175	662916	43462456	0	0
3971	225	2646	1380	663130	43478162	1652406	151207842
3972	1003	1731	700	663274	43488174	853291	61568405
3973	1079	1884	1257	663304	43489763	888065	65156043
3974	416	2979	592	663433	43500642	1046532	80927983
3975	1841	2415	1304	663778	43526506	2209178	222334925
3976	354	1756	988	663870	43532861	669655	44149664
3977	3255	3602	1651	663975	43540427	694231	46436677
3978	3596	3851	3000	664033	43544394	4273263	541078532
3979	81	1331	239	664703	43598416	1602609	145072522
3980	50	957	624	664771	43604481	0	0
3981	3229	3929	2523	664795	43607313	1490705	131233699
3982	32	3040	2054	664810	43608345	1963824	190551956
3983	2442	3792	1391	664948	43619518	850594	61266408
3984	721	1800	745	664956	43620165	790774	55278969
3985	225	1695	1081	665112	43633668	1023065	78597489
3986	741	3732	4555	665639	43683607	861990	62412868
3987	3428	3513	864	665977	43716724	1436677	124804563
3988	1283	1402	2389	666117	43731796	713264	48101767
3989	670	2278	980	666393	43760741	1169073	94330886
3990	2261	3528	2690	666435	43764533	1134836	90445222
3991	3465	3467	2639	666722	43793093	1309688	109869137
3992	140	708	117	666902	43810889	0	0
3993	3015	3033	1344	666967	43817012	857878	62066722
3994	222	1601	779	667132	43835740	798126	56008762
3995	1544	2581	2297	667302	43851817	1671695	153744013
3996	2227	3829	2856	667402	43862928	814272	57753008
3997	1099	2150	1276	667752	43895443	705303	47471479
3998	2413	3435	3708	667922	43916492	679582	45175228
3999	495	3374	6068	667975	43924421	1212105	98396818
4000	1778	3088	1751	668376	43981552	713805	48148144
4001	911	3378	1315	668791	44033259	940443	70409329
4002	1116	3908	2548	668842	44039300	1493443	131523611
4003	2864	3367	4464	669214	44088459	853636	61604557
4004	584	2713	2399	669386	44109498	1598665	144524760
4005	3248	3976	3102	669655	44149664	748634	51209200
4006	796	2666	942	670219	44225553	2059426	203146175
4007	701	3270	2889	670394	44242558	0	0
4008	671	2425	2513	670466	44251670	2097848	207949218
4009	484	1749	1406	670910	44308008	1409352	122074367
4010	2298	2926	2316	671087	44329668	1181655	95553038
4011	221	3547	2189	671602	44392753	1132392	90206937
4012	1414	3550	3866	672392	44471816	1431229	124270784
4013	1076	3432	3600	672480	44481301	2252506	227894173
4014	969	3325	1209	672764	44515078	918102	68309795
4015	1906	3541	3213	673135	44553879	1042381	80552192
4016	2319	2709	1058	673383	44576547	786182	54856770
4017	1122	2783	2815	673475	44586361	729893	49636948
4018	807	1422	847	673758	44617050	1080186	84212994
4019	788	3346	7470	674837	44712780	1035751	79848950
4020	214	499	627	674920	44721570	1182304	95613972
4021	1695	3374	6958	675016	44731122	703121	47268010
4022	1953	2014	1971	675472	44790385	995175	75709010
4023	668	1268	894	675691	44816053	953324	71496638
4024	336	2451	724	676299	44880430	762465	52576973
4025	587	2685	1503	676488	44899230	1351242	114775850
4026	2483	3018	3183	676667	44918755	706116	47529992
4027	2012	3969	1960	677469	44993894	730564	49707029
4028	843	1169	274	677909	45031535	707567	47666287
4029	1549	1916	1470	678036	45040676	3512504	413575373
4030	1225	3605	2864	678278	45060184	756685	51984626
4031	624	1449	1780	678477	45077904	1355741	115359668
4032	692	3196	1627	678666	45096882	885805	64936281
4033	2787	3355	2601	678976	45122949	955934	71751684
4034	891	3225	1117	679152	45137815	682171	45422080
4035	687	3260	1704	679296	45148707	1178869	95299193
4036	52	727	551	679335	45152747	933261	69688271
4037	2192	3998	4282	679582	45175228	0	0
4038	1270	2435	2105	679623	45179040	1300772	108701774
4039	484	3041	3629	679735	45191705	1213237	98531017
4040	1156	2735	1809	680029	45224746	0	0
4041	166	3045	662	680470	45266754	1474906	129532976
4042	2624	3134	1147	680479	45267354	1581871	142318053
4043	1772	2073	2010	680823	45301223	1491429	131301060
4044	71	1923	1987	681586	45369903	1187376	96085323
4045	2210	3740	3814	681676	45378498	3389389	394294443
4046	146	382	223	682138	45420159	2227298	224607672
4047	2592	4034	4544	682171	45422080	932430	69609705
4048	1103	2561	2138	682190	45423747	702059	47171432
4049	3309	3803	7790	682425	45444813	1136245	90590906
4050	2378	2947	2560	682509	45454334	718514	48563377
4051	475	3295	1633	683028	45522752	0	0
4052	372	942	832	683184	45542167	1056302	81966419
4053	1692	3069	1959	683715	45599820	944780	70803249
4054	1239	1751	2013	684115	45639522	841559	60311385
4055	167	468	702	684480	45674825	1356612	115495379
4056	1162	1861	995	684683	45693845	2732237	294972572
4057	1128	2883	2405	684776	45703035	692492	46320878
4058	1585	3480	2187	684789	45704270	2396772	247626108
4059	327	1525	753	684975	45724936	1932131	186102421
4060	1629	2179	1719	685070	45735905	841241	60276415
4061	1048	1685	1596	685215	45750876	1452796	126737829
4062	1319	3582	1428	685449	45775048	811680	57447055
4063	1384	2653	3410	686324	45855434	787843	54996060
4064	720	2224	1662	686792	45898971	2018971	197949728
4065	178	3089	985	687045	45920327	694886	46500174
4066	1191	3428	1138	687329	45943750	2464943	257789096
4067	2104	3065	1542	687414	45948719	723435	48969393
4068	226	3349	725	687542	45961938	1316303	110772228
4069	597	647	646	687624	45968998	1442194	125363263
4070	1770	2892	1299	687705	45975583	1598054	144462132
4071	45	1593	1338	687766	45979928	1893912	181578830
4072	1829	2922	579	687784	45981743	1267682	104747485
4073	2316	2687	2329	688123	46012921	0	0
4074	1764	2880	2160	688393	46035765	715920	48349767
4075	1857	3320	1891	689147	46097077	2532008	267251361
4076	1313	2996	1220	689354	46109619	955501	71704902
4077	6	1115	913	689784	46140266	2869977	314327618
4078	336	890	570	690030	46156702	1017320	78041977
4079	412	2969	400	690324	46177521	1871115	178843670
4080	2932	3578	3335	690410	46182721	1068105	83053868
4081	2386	2735	1891	691004	46225640	2125193	211770842
4082	2182	2958	1054	691160	46236626	0	0
4083	1458	2678	1510	691300	46247060	1189087	96258094
4084	562	929	655	692276	46307226	3515623	414099499
4085	253	4057	2574	692492	46320878	1312616	110277554
4086	1582	2872	1577	692580	46326896	979735	74144713
4087	453	2474	764	692733	46336953	0	0
4088	51	2961	1512	693128	46361377	760051	52312142
4089	2142	3188	2630	693361	46376357	835473	59736903
4090	3547	3777	4108	693934	46412430	847951	60977434
4091	829	2270	473	693979	46415823	1119045	88665554
4092	316	1960	215	694137	46429021	2145865	214274936
4093	1627	3512	2959	694176	46431354	933130	69673382
4094	3200	3822	650	694179	46431740	1068373	83081609
4095	2685	3977	2664	694231	46436677	808062	57066065
4096	1514	3926	3941	694252	46438676	798265	56027361
4097	2040	3212	4094	694851	46497187	2894039	317635703
4098	3307	4065	1375	694886	46500174	825134	58861978
4099	832	2818	1001	695417	46549355	848354	61024301
4100	716	3762	3269	695744	46579126	2853988	312318780
4101	1837	2160	2077	695875	46590205	1427802	123998105
4102	2649	3194	2634	696099	46610615	4011562	496527250
4103	697	1703	1036	696961	46689703	887194	65064398
4104	1756	2677	2533	697076	46701028	2031369	199635365
4105	975	2115	1629	697219	46712759	989449	75196382
4106	2752	3599	2731	697399	46727709	0	0
4107	325	3667	3511	697454	46732048	765036	52831540
4108	3170	3689	4270	697569	46743607	841967	60359236
4109	2832	3895	976	697873	46778961	1407040	121763721
4110	44	219	55	698205	46817096	832765	59493471
4111	204	2154	1066	698354	46831918	699299	46920226
4112	11	2557	792	698451	46841504	0	0
4113	880	1172	857	698791	46873463	946833	70978390
4114	2452	4111	1907	699299	46920226	1122345	89042308
4115	616	2763	1734	699534	46941772	1849904	176333004
4116	147	2610	1832	699660	46952544	1444793	125714753
4117	117	3564	515	699745	46961005	0	0
4118	111	3949	1658	700065	46987538	1319694	111176491
4119	2698	3254	1194	700454	47022277	4304632	546965055
4120	523	726	655	700567	47033525	1031461	79433172
4121	2229	2473	1656	700714	47046004	748384	51191554
4122	238	2716	1144	700831	47056563	1067555	83005830
4123	311	1391	365	700898	47063706	907893	67320316
4124	3118	3405	1982	700906	47064419	999952	76171414
4125	518	3489	1446	701069	47080218	1149898	92163225
4126	2524	2607	1744	701500	47118761	825548	58897405
4127	470	3887	2856	701715	47139059	930501	69436139
4128	1640	3148	1440	702014	47166379	1156568	92953018
4129	1275	2177	1152	702026	47167463	777077	53949309
4130	3496	4048	2455	702059	47171432	924723	68942291
4131	2403	4021	8155	703121	47268010	1318865	111066000
4132	203	1330	494	703404	47298581	974146	73641842
4133	556	1394	997	704226	47381996	995003	75691460
4134	99	456	368	704708	47426454	1088061	85051201
4135	1050	3997	1408	705303	47471479	1660213	152200421
4136	670	2516	1256	705719	47500960	0	0
4137	715	873	998	706034	47523920	911314	67638067
4138	1689	3013	3706	706102	47528457	0	0
4139	1567	4026	3612	706116	47529992	1471375	129074307
4140	494	3063	1736	706131	47531589	3732649	449595436
4141	2261	3702	2480	706624	47579406	1696788	157191535
4142	1901	2537	1124	706748	47590619	2320739	237260966
4143	3225	3367	3705	706983	47610710	0	0
4144	940	1665	623	707108	47622365	766700	52995998
4145	2593	3266	1731	707473	47657339	2889934	317095769
4146	413	1958	636	707512	47660464	3423805	399623328
4147	288	4028	444	707567	47666287	1259853	103694807
4148	85	3977	1697	708116	47717061	1354371	115162209
4149	36	3372	2362	708795	47773080	791623	55347785
4150	1756	3517	1980	709010	47789922	0	0
4151	1190	3546	1744	710093	47868076	715209	48274483
4152	775	2464	821	710333	47881448	1117758	88519817
4153	274	2463	719	710459	47890548	1142722	91460413
4154	1859	3634	2417	710921	47920272	737852	50414954
4155	1752	1762	1826	710961	47922863	1170381	94465158
4156	1738	3798	5380	710986	47924416	1287161	107041584
4157	116	309	112	711313	47952205	823774	58745210
4158	1749	1839	2033	712112	48012875	779343	54170871
4159	840	3044	2952	712335	48029123	846360	60793602
4160	1705	3191	3296	712887	48072424	2191776	220144864
4161	135	706	404	712979	48079681	1041199	80432135
4162	701	2766	862	713009	48082321	988329	75062253
4163	349	2969	356	713020	48083062	899154	66416227
4164	3102	3988	3068	713264	48101767	914846	68002700
4165	174	1307	544	713436	48116008	2850177	311873715
4166	1903	2389	1524	713568	48126842	2654839	284056642
4167	761	2977	625	713608	48129828	1333300	112755293
4168	559	2821	2691	713654	48133278	2782726	302411521
4169	469	4000	1984	713805	48148144	854957	61764253
4170	964	1053	818	713814	48148630	929076	69324717
4171	1809	1833	1674	714269	48189324	876611	63966707
4172	2302	3542	2132	714531	48210870	950950	71289586
4173	3502	3976	4220	714653	48222774	0	0
4174	3496	3571	1739	714765	48232787	1999769	195318333
4175	2093	4151	3043	715209	48274483	0	0
4176	1543	3107	2579	715362	48289953	1146598	91836740
4177	323	3302	1364	715685	48325526	3373243	391733960
4178	3697	4074	2886	715920	48349767	1099992	86321229
4179	1026	2593	2209	716860	48433958	1290630	107429701
4180	65	1484	454	716931	48440162	721875	48824361
4181	371	1511	555	717565	48490263	978508	74019176
4182	967	3734	2202	717676	48499410	1063489	82618349
4183	111	217	185	717688	48500000	0	0
4184	1008	2527	240	717991	48525261	786884	54917730
4185	491	1197	1195	718300	48546439	1448974	126243080
4186	1111	4050	3481	718514	48563377	1757574	165129308
4187	2240	3326	2173	718758	48581254	820079	58370484
4188	562	2482	180	719598	48645756	743555	50858222
4189	2681	2745	1254	719623	48647653	1022691	78556249
4190	1805	2247	2457	719885	48668670	967999	73059864
4191	3330	3602	2029	720386	48703181	999358	76108395
4192	2002	2550	3268	720636	48719656	734837	50127535
4193	193	3595	2208	720651	48720456	2223213	224036966
4194	931	1831	4854	721045	48751071	1885492	180593159
4195	355	1692	1013	721678	48809452	727590	49423880
4196	2089	3027	1426	721837	48822004	777637	54003811
4197	1051	1605	1549	721863	48823607	0	0
4198	2644	4180	1770	721875	48824361	1288054	107149322
4199	449	1414	1597	721970	48832798	1403087	121193301
4200	886	2175	2086	722382	48864648	2380254	245319922
4201	1302	3859	2202	722440	48869192	3675490	439566232
4202	1052	1056	1038	722448	48870450	860372	62269071
4203	390	3696	661	722488	48874302	3038032	338430994
4204	3285	3934	487	722498	48875377	956290	71794763
4205	758	1526	1152	722797	48902995	821127	58487394
4206	2585	3039	2582	723078	48928268	1610444	146048213
4207	2896	3709	5095	723099	48930063	1276037	105782116
4208	3406	3618	3591	723117	48932060	866539	62859378
4209	1462	4067	2436	723435	48969393	2341587	240109452
4210	1238	2870	2680	723728	49004688	0	0
4211	615	2937	2400	723875	49022649	791646	55349490
4212	133	3583	2135	724148	49054074	1832974	174226732
4213	822	1113	1160	725129	49167765	2273289	230926234
4214	729	2793	2050	725237	49177422	1217623	99096203
4215	2820	3413	758	725344	49187326	2236606	225896565
4216	2960	3104	6217	725705	49227372	1064257	82685995
4217	186	1935	1534	725837	49244496	1081541	84359265
4218	407	2198	829	726150	49280414	964740	72746241
4219	171	1686	2309	727336	49399179	3241402	369994499
4220	3047	4195	1648	727590	49423880	1993360	194516297
4221	1318	3488	625	727837	49448594	1481968	130333899
4222	1526	3027	1148	728165	49477097	1030664	79372473
4223	116	4050	2626	728226	49482145	0	0
4224	1446	1888	1931	728296	49488837	1535061	136391150
4225	278	2173	1035	728953	49547911	1114431	88102580
4226	3141	3950	2786	729070	49557295	929597	69363423
4227	2979	3007	2136	729192	49568449	0	0
4228	2789	3096	3076	729235	49572790	772330	53473164
4229	959	2462	1664	729483	49596351	0	0
4230	1292	1394	957	729549	49603811	2389594	246637926
4231	629	2842	593	729700	49618743	856257	61913340
4232	1141	4017	3337	729893	49636948	1205580	97827669
4233	1541	2045	838	730048	49653053	1081100	84311259
4234	1117	4048	2573	730378	49687742	789006	55107778
4235	3246	4027	5144	730564	49707029	831601	59386058
4236	2878	3260	3366	730908	49745634	1449113	126262033
4237	3265	3933	3500	731430	49807333	1647519	150541472
4238	1445	3838	2364	731459	49811031	2957154	326460734
4239	145	3331	1302	732908	49961918	0	0
4240	1621	2121	2117	732942	49965371	1729184	161225978
4241	52	3675	1734	733877	50045389	922756	68762752
4242	949	2119	1909	734107	50063352	3132542	353159576
4243	2549	4034	2182	734142	50067390	1190258	96366159
4244	748	1229	938	734284	50081638	0	0
4245	1215	3915	1512	734479	50095397	1319835	111195431
4246	2369	3263	3183	734576	50104252	1777294	167574585
4247	2850	4192	3967	734837	50127535	0	0
4248	2000	3700	2574	734906	50134269	3399714	395846045
4249	3314	3333	1616	736014	50250924	778074	54045276
4250	506	1919	2151	736242	50270831	1813027	171645826
4251	1144	3332	1809	736260	50272166	882082	64538612
4252	2090	2481	2134	736843	50327928	1636397	149171792
4253	1443	3059	1944	737136	50354321	873379	63660297
4254	485	3016	1275	737405	50378214	3899282	477771271
4255	546	1030	320	737536	50389195	3452141	404057951
4256	753	1943	902	737719	50405845	0	0
4257	2063	4154	3334	737852	50414954	1118043	88552770
4258	451	1238	1599	738313	50454590	847307	60898603
4259	830	1025	643	738450	50465886	1205778	97846139
4260	239	1524	304	738457	50466432	1446867	125989071
4261	1010	2949	2113	738752	50490187	840120	60162824
4262	149	3924	1754	739145	50520392	773966	53635285
4263	2257	2505	1943	739236	50528156	0	0
4264	1164	3211	1176	739496	50549876	2546312	268943546
4265	2964	3544	2184	739508	50551392	1421075	123363870
4266	592	2461	2928	739657	50563622	1212574	98451470
4267	494	1133	550	740596	50651401	1211753	98363125
4268	218	713	545	740781	50667317	3132867	353198867
4269	644	3166	562	740811	50669486	1580782	142162743
4270	1634	1991	1625	741316	50705557	2086524	206334555
4271	1477	3338	1390	741337	50707608	892685	65647050
4272	2399	3492	2450	742204	50764733	1505072	133070319
4273	1009	1258	2092	742363	50774353	1460885	127747365
4274	2652	3284	3929	743083	50822357	1213573	98579752
4275	3271	4188	3448	743555	50858222	0	0
4276	140	2769	1823	744038	50893988	822968	58663540
4277	818	819	481	744352	50915970	769795	53288521
4278	1840	2845	2259	744519	50927312	1644997	150186648
4279	1739	3597	2812	744963	50958905	2793906	303961403
4280	77	3024	1214	745612	51003273	1728425	161146232
4281	594	1508	726	745644	51005237	0	0
4282	934	3537	2227	746012	51028779	1749931	163877781
4283	2716	3531	1666	746118	51035272	801822	56478560
4284	1517	2356	1153	746135	51036500	909937	67509963
4285	655	2922	519	746891	51088690	1358739	115768362
4286	592	1003	654	747039	51099115	748878	51231305
4287	258	773	343	747123	51103557	1275336	105702309
4288	2796	3783	3901	747288	51113175	818292	58167185
4289	1709	2088	505	747392	51121358	845729	60734901
4290	337	1388	746	747768	51148637	1183793	95752934
4291	2338	3333	2484	748081	51170633	3532119	416810818
4292	3181	3710	1633	748161	51175989	935896	69956762
4293	2678	4121	2220	748384	51191554	755597	51877982
4294	999	3164	1246	748536	51202797	1224183	99738409
4295	799	4005	4017	748634	51209200	866539	62859378
4296	2534	3379	3428	748690	51212999	760784	52394912
4297	3595	4286	2750	748878	51231305	0	0
4298	2290	2648	3273	749354	51273627	1701898	157767818
4299	2873	2972	5270	749721	51308222	0	0
4300	1036	3267	1435	749745	51309868	876056	63917295
4301	368	2338	1718	750103	51349787	791623	55347785
4302	1866	3212	3897	750515	51392661	1708599	158591042
4303	795	1971	1237	750590	51401173	2570234	271988624
4304	1191	2433	1112	751373	51479423	764747	52802179
4305	35	670	477	751735	51511531	1854081	176743144
4306	618	1612	827	751987	51534150	0	0
4307	57	1918	875	752749	51593298	817579	58096679
4308	2260	2327	1433	752769	51594460	857950	62074551
4309	667	2243	1188	752969	51609987	0	0
4310	3124	3185	3378	752995	51612109	2330102	238554118
4311	3398	3724	2295	753041	51616004	1317610	110911359
4312	316	3752	3178	753302	51641433	896120	66008700
4313	1036	1831	4091	753448	51657101	754250	51732821
4314	1016	2184	793	754074	51718329	0	0
4315	3759	4313	7291	754250	51732821	1048421	81109144
4316	2629	3018	3488	754413	51751313	986966	74890236
4317	666	3694	422	755074	51824924	950950	71289586
4318	225	4293	2355	755597	51877982	886315	64976382
4319	1378	2067	1322	755905	51909157	946983	70991625
4320	187	2718	2535	756114	51928679	1148408	92011978
4321	1411	3939	2301	756243	51940574	1787099	168689078
4322	3407	4030	3363	756685	51984626	0	0
4323	833	4293	2733	757013	52021193	1537261	136644068
4324	607	2840	1601	758196	52135991	1114086	88055996
4325	2851	3787	3630	758542	52163999	1750447	163947383
4326	3751	4067	3062	758597	52168491	2011112	196873825
4327	530	2191	2530	758960	52204782	1406469	121672119
4328	1085	2613	2669	758964	52205199	1721524	160373787
4329	766	863	588	759278	52237546	829203	59215115
4330	79	3179	1790	759563	52264262	2743641	296474154
4331	1217	3732	4628	759796	52287251	1794102	169473011
4332	695	1694	1733	760018	52309312	1862204	177671229
4333	763	4088	1917	760051	52312142	852468	61473327
4334	1967	2446	2547	760166	52325297	802834	56592416
4335	2837	3825	2111	760216	52330389	1068105	83053868
4336	593	2828	233	760506	52364576	876034	63915760
4337	3243	3685	2491	760762	52392223	2149597	214709070
4338	361	4296	3580	760784	52394912	1092959	85606187
4339	2490	2750	2458	761223	52448204	974566	73679378
4340	92	751	137	761931	52527304	973945	73626095
4341	55	319	127	762003	52533441	892685	65647050
4342	23	1351	535	762165	52548198	927091	69169933
4343	3226	4024	2194	762465	52576973	2394938	247345440
4344	2510	3474	2643	762605	52592822	2150989	214878796
4345	72	1667	1314	762778	52611806	1326602	112067204
4346	2225	2946	1426	762844	52618625	1040952	80406348
4347	1163	2011	353	763184	52655636	1892425	181384624
4348	1396	2778	1487	763234	52659481	0	0
4349	2185	2198	2477	763923	52727280	817180	58056826
4350	2376	3124	2222	763963	52730349	832195	59440674
4351	2544	4304	1363	764747	52802179	0	0
4352	3209	3231	4630	764785	52805049	2130600	212423221
4353	632	4107	3734	765036	52831540	2263242	229456836
4354	345	3053	2036	765663	52892745	891435	65511140
4355	2951	3287	1239	765782	52905031	1148878	92057270
4356	992	2607	1621	766123	52940902	2334661	239200682
4357	1345	1623	797	766321	52960216	1251795	102766685
4358	1430	1910	2423	766693	52995452	808434	57106397
4359	2676	4144	996	766700	52995998	1898922	182168403
4360	2758	3293	4651	766706	52996546	984491	74625833
4361	1901	2562	1697	766876	53013836	993837	75591443
4362	1694	2663	1486	767001	53028096	2755521	298198072
4363	1120	2522	569	767296	53060196	2553841	269806570
4364	549	2853	1816	767614	53092149	1934883	186467695
4365	1828	2669	952	768093	53139747	1202038	97529319
4366	775	2766	894	768103	53140500	1674593	154108901
4367	267	1590	1188	768606	53186945	976222	73828615
4368	366	2230	742	768635	53189245	1604016	145236139
4369	591	2889	1537	769109	53231112	2773128	300971755
4370	3577	3950	2176	769637	53274307	0	0
4371	972	1778	859	769726	53282399	2479652	260001716
4372	705	4277	804	769795	53288521	1046886	80959643
4373	825	2206	2005	770502	53346320	1713833	159384554
4374	654	1211	1357	771010	53379086	806405	56910983
4375	952	2054	519	771075	53382985	1809704	171251616
4376	1763	3758	1296	771198	53393176	1251040	102663571
4377	238	3382	2373	771740	53431971	841204	60271790
4378	73	1248	544	772317	53472552	0	0
4379	3434	4228	3726	772330	53473164	838819	60040473
4380	2280	3079	3805	772335	53473465	1245294	102036001
4381	2615	3482	2215	772451	53483611	0	0
4382	617	2498	4829	772518	53489238	3545201	418561116
4383	1783	3585	896	772906	53526945	1342728	113755800
4384	1308	2682	2362	773021	53538175	788848	55092409
4385	369	2847	838	773095	53544720	1076998	83900077
4386	898	2616	5052	773430	53580242	869254	63151637
4387	274	3726	2838	773573	53594345	0	0
4388	799	3868	996	773637	53601891	1001050	76292707
4389	2414	4262	3009	773966	53635285	1248689	102426305
4390	934	1106	822	774410	53682805	1232716	100658946
4391	2113	3314	820	774417	53683269	806575	56925125
4392	2680	3725	2154	774518	53695641	989164	75164460
4393	1039	1410	1069	774642	53709082	777085	53949953
4394	1020	3399	951	774699	53715817	901751	66678443
4395	764	2676	630	775654	53815974	784219	54662647
4396	1413	3089	2587	775875	53836108	1135462	90507293
4397	3158	3462	2672	776410	53885012	3168388	359288987
4398	1237	2876	2898	777013	53942179	881855	64511278
4399	3285	4129	1370	777077	53949309	1510613	133718643
4400	2228	4393	2136	777085	53949953	1146747	91849316
4401	512	2772	3085	777431	53983016	3507722	412688646
4402	705	4196	1749	777637	54003811	1123853	89198191
4403	3958	4249	1997	778074	54045276	781012	54327990
4404	2456	3910	2836	778229	54061069	811901	57472255
4405	2513	2690	1456	778774	54116854	2557915	270354012
4406	2414	4158	3288	779343	54170871	1212828	98482801
4407	1433	1673	1639	779752	54211206	1087905	85037415
4408	84	3193	536	779974	54230752	1276385	105822322
4409	945	2008	1650	780281	54259362	1403888	121301390
4410	3009	3431	2928	780293	54260230	1230946	100459452
4411	1152	2175	2036	780331	54263588	1710001	158820666
4412	1590	3400	2342	780333	54263684	1422429	123508246
4413	518	2336	2740	781012	54327990	2122877	211512756
4414	518	4403	2124	781012	54327990	3005427	333825620
4415	2336	4403	4610	781012	54327990	1106230	87086026
4416	2069	2469	2087	781109	54340079	932857	69649764
4417	3460	4188	1538	781116	54340615	993303	75549629
4418	1564	2461	3324	781532	54384682	1544036	137584468
4419	542	3574	1219	781824	54418423	1641245	149757005
4420	1333	1804	2306	781898	54427168	845322	60693447
4421	855	2777	2744	782388	54484019	1084526	84679528
4422	285	1371	290	782586	54508702	1004504	76649887
4423	1807	2618	1111	783011	54551310	0	0
4424	1085	2578	2088	783975	54636572	0	0
4425	2547	3030	3325	784146	54655613	1281794	106446605
4426	3447	4395	2232	784219	54662647	1858322	177198916
4427	445	2482	155	784384	54678472	889731	65327644
4428	1920	3010	4093	784737	54709405	4038221	500942068
4429	266	622	217	784860	54721869	1013654	77649612
4430	1062	2047	784	785098	54744847	918548	68353868
4431	807	2576	1141	785172	54751534	1309000	109782303
4432	3212	3708	8632	785342	54768193	827389	59040250
4433	3202	4016	1525	786182	54856770	0	0
4434	3945	4184	356	786884	54917730	2064120	203564909
4435	948	2104	1099	787023	54929346	2269790	230426116
4436	201	746	286	787152	54941132	2213649	222908817
4437	3370	4063	4786	787843	54996060	0	0
4438	71	726	282	787926	55003945	1005805	76766358
4439	2245	3311	1558	788001	55010217	3003732	333549872
4440	1320	3095	2149	788140	55024735	923343	68811474
4441	678	1400	1264	788181	55028730	1506029	133185110
4442	819	1079	879	788542	55064921	3294610	378274464
4443	2585	3521	2561	788712	55080451	1613319	146390798
4444	1062	4384	2931	788848	55092409	1394170	120114072
4445	3026	4234	4818	789006	55107778	1202242	97546367
4446	1522	1933	723	789487	55157790	865330	62741774
4447	2047	2847	1011	789940	55203661	1327801	112210635
4448	1197	1397	1722	790102	55217828	977287	73913754
4449	2258	3984	2374	790774	55278969	3409427	397434725
4450	381	1160	952	791364	55329476	871481	63433921
4451	4149	4301	4080	791623	55347785	955501	71704902
4452	1163	4211	2642	791646	55349490	4082930	508180832
4453	2308	3003	3136	791863	55369738	2513492	264523991
4454	2173	2664	2015	792246	55405403	2415334	250697177
4455	1936	2355	2322	792283	55409268	950675	71267595
4456	941	1534	506	792574	55437921	1643629	150027943
4457	1200	3174	3568	792693	55449694	800201	56270487
4458	540	2417	365	792713	55451415	1820197	172589528
4459	284	1201	324	793125	55495061	928169	69256796
4460	321	3817	2841	793185	55500889	3084073	345960002
4461	498	1544	1581	793482	55536943	1251172	102678706
4462	2445	3054	2456	793702	55557897	1424357	123700962
4463	1719	3741	5031	793728	55559651	0	0
4464	3206	3818	2859	793988	55587857	1333188	112743673
4465	1765	2971	1296	794593	55662132	813917	57715969
4466	1187	3240	2019	794603	55662808	0	0
4467	1049	1351	666	795564	55770304	1230600	100426778
4468	895	3603	2950	795937	55807396	3943450	485637125
4469	842	3547	2337	796224	55834541	1798774	170027642
4470	1232	3128	1858	796330	55844119	2337492	239581723
4471	3485	3945	3569	797389	55933551	0	0
4472	330	2814	2488	797414	55935833	917030	68204039
4473	2938	3385	2429	797454	55940222	0	0
4474	1231	3111	1877	797476	55942768	0	0
4475	1526	1650	1079	797716	55969047	1095219	85862102
4476	2850	3502	3931	797949	55990934	909222	67442201
4477	428	3172	1774	798100	56006216	0	0
4478	3498	3994	1962	798126	56008762	0	0
4479	1288	3583	2858	798257	56026358	1435277	124663187
4480	3602	4096	5302	798265	56027361	2697760	289630372
4481	1664	2564	1307	798542	56066028	3126647	352335384
4482	1527	3557	1467	798560	56068367	943744	70711739
4483	1706	1765	913	799126	56138845	919073	68408092
4484	2957	3963	4064	799195	56146605	889772	65331905
4485	1749	1893	2772	799539	56187225	1022868	78574107
4486	273	813	545	799664	56201129	3645873	434206022
4487	951	3417	4283	800006	56243773	1708599	158591042
4488	3340	4457	3992	800201	56270487	811938	57476221
4489	1927	2801	2500	800271	56281037	1777907	167643192
4490	810	4296	3854	800487	56310319	2172424	217548830
4491	258	1548	246	801733	56470024	1439111	125048305
4492	3638	4283	4005	801822	56478560	842796	60453043
4493	3529	4334	3834	802834	56592416	1380827	118553086
4494	1182	2662	1845	802873	56596390	955920	71750809
4495	223	3677	2741	803151	56628771	3299064	379052106
4496	367	401	328	803483	56664535	3001392	333170690
4497	1319	1749	1715	804365	56750953	1056940	82019565
4498	28	1169	154	804428	56756536	901121	66620127
4499	2183	3621	1647	805484	56842067	864260	62634279
4500	595	1118	594	805677	56855987	1448581	126194870
4501	1137	2115	2006	805728	56859645	855345	61810770
4502	802	3083	1229	806306	56903285	2735332	295381709
4503	14	1733	1427	806344	56905983	999134	76087672
4504	4277	4374	1838	806405	56910983	2172424	217548830
4505	1491	1975	3531	806509	56919623	1366935	116729893
4506	3658	4391	3116	806575	56925125	999358	76108395
4507	1621	2902	2014	806757	56941770	832641	59481597
4508	576	1568	1096	807184	56983336	3125589	352201939
4509	2360	3878	2968	807291	56992390	978971	74064063
4510	3128	3994	1528	807716	57033535	1708700	158610048
4511	1874	2608	2077	807774	57039893	1001050	76292707
4512	2095	3294	5290	807956	57057224	905063	67043909
4513	2556	4095	3001	808062	57066065	1001720	76373431
4514	714	2332	1386	808277	57090194	1619181	147188126
4515	1316	3243	2265	808383	57100515	1806280	170849295
4516	3962	4358	5387	808434	57106397	1822571	172874767
4517	1551	3998	3841	808573	57123448	0	0
4518	249	2930	259	809263	57204616	1068107	83053936
4519	2579	2693	3532	810018	57286564	821055	58480387
4520	132	2822	1416	810548	57342288	870827	63354639
4521	297	1063	480	810840	57371716	867441	62959247
4522	3087	3962	3649	811127	57395501	0	0
4523	308	3454	3102	811334	57413480	1784824	168443110
4524	1394	3023	1627	811415	57421716	848740	61068303
4525	3495	4234	3397	811572	57437020	1267682	104747485
4526	3444	4062	2604	811680	57447055	963336	72589421
4527	1529	2659	6100	811802	57459510	3941862	485355396
4528	434	4404	3016	811901	57472255	2381205	245443781
4529	224	4488	4032	811938	57476221	852210	61444468
4530	552	2417	317	812638	57575505	1695722	157056549
4531	1436	3683	2051	813280	57648229	965491	72820128
4532	1678	2839	1750	813778	57699856	1048871	81165696
4533	760	4465	1570	813917	57715969	1063567	82624847
4534	1504	2116	1314	813962	57720400	1374462	117768855
4535	1836	2345	1124	813974	57721868	3230892	368504376
4536	3005	3996	3001	814272	57753008	1751772	164188963
4537	395	2276	883	814359	57763304	1918463	184376634
4538	1225	2101	1337	814408	57769939	1883036	180299304
4539	1541	1544	1724	814499	57779790	1112505	87865185
4540	1659	2543	1823	814728	57807038	1171748	94605889
4541	1052	1320	1333	814976	57836234	1657975	151936645
4542	334	1548	473	815327	57873912	1015696	77863802
4543	1528	2701	2558	815728	57913707	1772688	167031146
4544	477	1872	1813	815859	57927419	838819	60040473
4545	3724	3946	2785	816860	58028323	0	0
4546	510	1121	1106	817002	58041226	1473296	129333181
4547	1022	4349	3075	817180	58056826	2193759	220381578
4548	3217	4307	1726	817579	58096679	1113795	88016932
4549	2804	2918	3069	817635	58101297	2216380	223228917
4550	3074	4288	5031	818292	58167185	1085367	84765237
4551	1885	3636	1296	818349	58174197	835228	59713101
4552	1112	2490	2517	818426	58182753	3605467	427507843
4553	3041	3925	4552	818747	58218508	1123586	89171898
4554	1531	3849	1129	818900	58235133	936708	70042875
4555	730	2827	2991	819194	58266730	923343	68811474
4556	312	1910	1610	819222	58270761	909253	67444320
4557	739	1171	1275	819792	58338867	0	0
4558	804	4187	2665	820079	58370484	1064257	82685995
4559	2926	3391	2786	820170	58382515	1401517	120989450
4560	323	4519	3637	821055	58480387	1517123	134461667
4561	708	4205	1208	821127	58487394	0	0
4562	453	1671	1615	821255	58501266	1243481	101835576
4563	94	3373	1234	821318	58506957	2806540	305736348
4564	400	3617	1245	822242	58602787	1248911	102449829
4565	554	1067	647	822626	58635604	1285135	106823907
4566	2805	4276	3451	822968	58663540	831601	59386058
4567	2724	3612	1463	823115	58677337	1023015	78590903
4568	895	1810	2997	823199	58685536	916594	68166238
4569	292	2843	2001	823529	58720599	1192547	96573283
4570	20	4157	116	823774	58745210	1190549	96392138
4571	395	1746	612	823810	58748759	871499	63435628
4572	1994	3383	971	824873	58841504	3575087	423112525
4573	1875	4098	2775	825134	58861978	1502625	132721948
4574	30	1709	437	825480	58892142	2055812	202786350
4575	3281	4126	3116	825548	58897405	4070273	505990400
4576	1498	3068	1221	825664	58906877	2529204	266869176
4577	18	2488	455	826097	58941674	1727627	161065478
4578	1346	2699	1057	826614	58982067	0	0
4579	745	2834	2003	826977	59009523	1480460	130176354
4580	98	3491	1118	827033	59013192	1565038	140445454
4581	2686	4432	9111	827389	59040250	3717582	446974471
4582	123	247	129	827500	59050882	4402238	563446877
4583	444	1792	997	827692	59068534	1377233	118099418
4584	22	122	62	827918	59093734	0	0
4585	925	1804	2268	828042	59106179	1677461	154451556
4586	2075	3852	1418	828130	59115049	1643952	150058927
4587	16	240	181	828322	59133905	1849370	176275173
4588	73	1242	482	828984	59195747	2820143	307551158
4589	785	4329	1131	829203	59215115	849865	61191921
4590	593	1694	762	829255	59218616	2182112	218871351
4591	957	1666	1426	829938	59273018	862426	62457677
4592	2860	3112	1528	830547	59315596	1307478	109601420
4593	955	2511	427	830732	59329162	1358739	115768362
4594	3027	3612	683	830754	59330855	0	0
4595	463	524	188	831042	59349961	935896	69956762
4596	364	1241	614	831374	59371549	942607	70603940
4597	117	2721	1415	831383	59371859	877882	64085841
4598	554	2762	1739	831395	59372434	3845816	468893354
4599	31	1715	1237	831438	59375698	1142149	91394359
4600	4235	4566	8595	831601	59386058	2787426	303092636
4601	2309	2568	2410	831712	59396636	887194	65064398
4602	198	894	596	831835	59408779	1651501	151078628
4603	372	429	530	832139	59435905	1057645	82084487
4604	173	4350	2301	832195	59440674	3140266	354253501
4605	123	2474	596	832420	59461138	1758903	165315348
4606	2598	4507	2425	832641	59481597	888065	65156043
4607	451	4110	158	832765	59493471	2293288	233303829
4608	1381	3797	2287	833964	59603364	2585845	274304807
4609	1552	2823	3571	834315	59630312	2552086	269563777
4610	3025	3597	4154	834601	59656856	1645705	150287858
4611	272	3252	1185	834800	59675924	896580	66071744
4612	3144	4551	2616	835228	59713101	2222554	223946975
4613	1354	4089	2842	835473	59736903	1037931	80090699
4614	1943	3198	1714	835513	59741156	0	0
4615	1383	2198	1012	835843	59780329	0	0
4616	1186	3280	3113	836549	59844952	0	0
4617	3660	3795	1091	837032	59890291	967401	73005039
4618	261	3370	1435	837036	59890511	1046652	80937989
4619	437	2948	3715	837488	59931165	1015294	77821397
4620	18	615	271	837880	59962254	1251358	102701565
4621	1653	2361	1761	837960	59969124	867851	63002652
4622	287	2662	1703	838127	59983199	887931	65140169
4623	708	3315	390	838433	60009049	1047120	80984861
4624	476	730	705	838575	60020112	1453615	126834363
4625	4379	4544	5539	838819	60040473	1555861	139292997
4626	667	3382	2140	839139	60068409	1695610	157042181
4627	2425	4005	5018	839549	60106746	1111981	87806507
4628	3287	3693	1756	839554	60106977	1464639	128185443
4629	3583	4261	4173	840120	60162824	1606214	145510484
4630	681	1979	616	840390	60190803	949294	71158536
4631	107	2021	1216	840608	60212203	1723907	160641310
4632	2191	2616	5838	840615	60212508	896299	66033962
4633	2627	4377	2861	841204	60271790	1717973	159975997
4634	1176	4060	2288	841241	60276415	1564062	140338474
4635	1706	4054	2303	841559	60311385	926622	69124252
4636	921	4108	4503	841967	60359236	1022957	78583912
4637	1215	4492	4786	842796	60453043	0	0
4638	3112	3810	3042	844238	60602906	1936173	186626979
4639	506	3996	3276	845205	60684288	1010374	77240657
4640	3252	4420	3411	845322	60693447	2681859	287648710
4641	746	4062	1550	845392	60699582	849865	61191921
4642	151	3600	3404	845484	60707061	901729	66676527
4643	1228	1396	654	845604	60721087	939910	70355179
4644	1291	4289	1087	845729	60734901	1234418	100844963
4645	829	1437	912	845751	60736680	1329931	112424635
4646	1874	2201	2011	846285	60787845	1242595	101739286
4647	3741	4159	7528	846360	60793602	1993263	194503807
4648	1867	2909	1802	846871	60845942	3867684	472572995
4649	2334	3369	4934	847075	60871011	3088925	346654593
4650	128	4258	1642	847307	60898603	1339976	113422065
4651	479	2647	1985	847385	60907432	1911531	183507485
4652	89	4090	4127	847951	60977434	2562176	270859496
4653	102	637	230	848097	60995176	1288547	107208839
4654	3061	4099	1927	848354	61024301	1134991	90459457
4655	2901	4524	1982	848740	61068303	1242960	101778106
4656	1190	3315	1528	848850	61080946	1125357	89375176
4657	2588	3162	1066	849225	61126130	915009	68018160
4658	986	3144	1761	849357	61138753	900708	66579275
4659	4589	4641	2681	849865	61191921	1046816	80953351
4660	3185	3305	4084	850031	61210442	1458352	127421095
4661	977	1541	1623	850480	61256110	1572013	141173400
4662	3077	3983	3093	850594	61266408	1160450	93359382
4663	2627	3509	1927	850741	61283582	1361830	116117256
4664	532	3861	2004	851754	61397876	855999	61887302
4665	359	1265	477	851774	61399520	1007634	76943659
4666	1472	2849	4286	851857	61407715	1010374	77240657
4667	1262	4529	4910	852210	61444468	1338935	113296433
4668	2170	4333	2386	852468	61473327	1459160	127534298
4669	928	1204	1207	853084	61544116	0	0
4670	3029	3078	1155	853103	61545592	2479595	259993395
4671	60	3972	720	853291	61568405	929056	69323493
4672	2367	2587	3612	853580	61598683	919670	68463968
4673	2985	3590	1782	853600	61600689	1326008	111988516
4674	2287	4003	5957	853636	61604557	911979	67706386
4675	3256	3855	2550	854173	61675022	994924	75683212
4676	1342	2980	1080	854748	61742408	3380776	392992090
4677	2030	4169	2280	854957	61764253	2942645	324405999
4678	1359	2420	2607	855004	61768364	977934	73967866
4679	3045	4501	2556	855345	61810770	1325230	111888658
4680	280	4664	2217	855999	61887302	1768560	166573567
4681	349	4231	686	856257	61913340	3531146	416644376
4682	1174	1257	639	856628	61951410	2526306	266384724
4683	1493	2580	1737	856671	61956203	0	0
4684	306	1197	1150	857551	62037233	934640	69829374
4685	1400	3993	1927	857878	62066722	1282580	106544512
4686	2085	4308	3797	857950	62074551	3695105	443086447
4687	1642	2318	1145	858442	62118374	0	0
4688	1613	2976	517	858940	62159387	3781792	457935582
4689	1106	2626	336	859717	62219985	1769053	166628673
4690	234	3846	2042	859800	62226389	0	0
4691	1326	2412	572	859853	62230887	2352763	241662790
4692	1373	2870	1695	859870	62232412	1002550	76457855
4693	580	1554	748	859888	62233350	1186076	95957500
4694	1408	4202	2271	860372	62269071	924563	68926712
4695	1339	3745	3270	860506	62278844	1942075	187443541
4696	1556	3796	3785	860734	62297224	2144943	214159889
4697	3107	3463	4083	860987	62319214	4017367	497518962
4698	1532	2862	1320	861050	62324933	3545829	418667149
4699	1063	1342	681	861513	62367706	1325744	111954826
4700	2471	3986	6336	861990	62412868	0	0
4701	352	1514	1811	862154	62428929	1066645	82922504
4702	2120	4591	3347	862426	62457677	1195579	96856892
4703	1063	3201	2281	862440	62459185	1008368	77014682
4704	670	3791	999	862572	62472972	933075	69667558
4705	654	1892	977	863534	62571525	2102287	208601090
4706	555	1367	652	863639	62579386	0	0
4707	3159	4499	4668	864260	62634279	1413210	122534454
4708	1405	2381	2763	864511	62656572	878483	64147461
4709	1017	2412	703	864516	62657234	1330003	112430680
4710	598	1654	1387	864617	62667766	940443	70409329
4711	34	3623	2739	864931	62698972	1921287	184646101
4712	1263	3094	2753	865002	62706495	1017903	78100546
4713	2079	2595	1751	865299	62739419	886345	64978380
4714	4283	4446	2389	865330	62741774	1482345	130369557
4715	347	1587	370	865421	62751521	2126222	211880003
4716	4208	4295	7608	866539	62859378	0	0
4717	2688	3020	4876	867231	62934745	1010053	77197958
4718	2734	3412	1560	867436	62958889	2804450	305465202
4719	3489	4521	1799	867441	62959247	1284838	106795557
4720	1367	4621	2254	867851	63002652	1087692	85014487
4721	1106	3818	840	868627	63086849	1357206	115572592
4722	842	1265	425	868634	63087295	1278549	106075606
4723	2123	3912	3832	868744	63098455	1287696	107102188
4724	2119	4234	3672	869173	63142654	889532	65305612
4725	4021	4386	12010	869254	63151637	1154941	92743722
4726	2481	3363	4192	869736	63215369	959707	72177053
4727	2351	2764	1025	870517	63316285	0	0
4728	2500	4544	3706	870804	63351743	1586015	142798916
4729	1934	4520	2766	870827	63354639	1489299	131095939
4730	3224	4450	2297	871481	63433921	0	0
4731	2277	4571	2183	871499	63435628	936653	70036256
4732	3306	3821	3752	871506	63436612	1744938	163246004
4733	47	579	384	872205	63522496	3386506	393880866
4734	3594	3671	3506	872216	63523643	1877322	179596559
4735	740	1159	947	872551	63566964	1165257	93953789
4736	779	2540	953	873167	63638098	1022131	78500020
4737	2868	4253	3765	873379	63660297	892978	65675575
4738	187	2610	1874	874424	63765687	1092007	85491520
4739	3227	3394	6185	875136	63830649	1317610	110911359
4740	1054	1247	1216	875367	63852579	1231491	100520856
4741	3074	4336	1363	876034	63915760	2502503	263153457
4742	3193	4300	1930	876056	63917295	2248366	227443718
4743	1372	1450	592	876160	63926641	1256432	103315789
4744	2257	3811	2470	876398	63946304	2627248	280254021
4745	364	1975	1449	876545	63960163	2432059	253147571
4746	377	4171	1873	876611	63966707	1041855	80496753
4747	136	2382	423	876641	63970137	1033955	79672114
4748	3659	3785	2113	877029	64007770	1063828	82647727
4749	985	1234	1537	877302	64035469	2171819	217461335
4750	3577	3646	2562	877669	64066098	2098117	207988348
4751	1603	1714	2909	877687	64067737	0	0
4752	840	4597	1697	877882	64085841	0	0
4753	1268	2918	2819	878190	64117695	1096547	85994349
4754	3091	3918	2335	878226	64121232	2412508	250254777
4755	855	2991	2388	878394	64139499	1037450	80039777
4756	3605	4708	4941	878483	64147461	1293557	107806520
4757	638	1127	928	878825	64190330	0	0
4758	765	3736	669	879985	64315210	1086991	84944006
4759	371	2354	3185	880294	64344527	1771116	166850300
4760	2514	2800	3786	880409	64354779	0	0
4761	633	1890	744	880639	64379309	2882301	316065028
4762	2211	3369	5637	880704	64385196	1383302	118861087
4763	1856	2979	2484	880808	64397531	939085	70278462
4764	850	3154	4499	881651	64487749	0	0
4765	2565	4398	5912	881855	64511278	1185959	95945391
4766	1808	4251	2546	882082	64538612	0	0
4767	3049	3241	3502	882154	64548680	2453300	256139408
4768	91	3565	721	882229	64559404	998787	76062208
4769	1974	3072	2083	882448	64588129	0	0
4770	350	1558	921	882475	64591605	1750122	163904599
4771	725	2018	955	883717	64745085	1278587	106081285
4772	684	1793	517	884120	64785681	0	0
4773	193	945	494	884804	64849052	1071053	83358350
4774	3270	3913	4605	884816	64850056	1695610	157042181
4775	3685	4032	2226	885805	64936281	2170557	217286830
4776	2500	4318	4248	886315	64976382	0	0
4777	1879	4713	2602	886345	64978380	995189	75710467
4778	3072	4286	2620	886362	64979678	931083	69487169
4779	185	1374	214	886594	65005754	3308800	380872774
4780	3288	3565	1800	886767	65022696	1909389	183234441
4781	2678	2698	1394	887059	65049482	982427	74403593
4782	4103	4601	3446	887194	65064398	962872	72540405
4783	3000	4391	1496	887597	65107536	0	0
4784	2063	3908	2419	887714	65117695	1557217	139494575
4785	534	4196	1587	887771	65124139	896299	66033962
4786	1268	3727	860	887863	65133304	986003	74779556
4787	3754	4622	3542	887931	65140169	1103793	86765213
4788	3973	4606	3682	888065	65156043	1009535	77136195
4789	285	962	661	888894	65245500	2244753	227016304
4790	782	3580	860	889479	65301653	960925	72321715
4791	362	4724	3852	889532	65305612	1804121	170595996
4792	2080	4427	2117	889731	65327644	1714402	159462462
4793	2906	4484	5278	889772	65331905	1009015	77075239
4794	486	1663	551	891157	65486645	1170598	94491884
4795	901	2764	802	891332	65501325	923868	68860983
4796	3457	4354	4367	891435	65511140	3701080	444192344
4797	1079	1197	1637	891499	65518778	2671025	286424081
4798	762	1075	1076	891766	65546728	1430907	124238856
4799	1503	1659	1714	891954	65566934	0	0
4800	2494	3642	1685	892037	65575417	2035212	200099376
4801	2431	4249	3173	892439	65619015	993784	75585909
4802	4271	4341	1517	892685	65647050	0	0
4803	634	1575	760	892799	65657672	1230946	100459452
4804	91	4737	3837	892978	65675575	1008003	76980846
4805	1303	3896	5018	893239	65705038	1629804	148483789
4806	3907	4304	1589	894420	65835736	0	0
4807	2931	3231	4137	894865	65877358	1103041	86664129
4808	3245	3530	3925	894874	65878464	1162446	93580381
4809	173	977	1151	894931	65882939	3562986	421327885
4810	2534	3818	1320	895136	65905235	2731283	294838714
4811	2933	3159	6147	895592	65953281	3496911	411021552
4812	4089	4312	5808	896120	66008700	3792337	459755948
4813	3146	3600	3922	896167	66015156	959975	72210901
4814	509	2138	2005	896189	66017619	3909829	479704655
4815	4632	4785	7425	896299	66033962	0	0
4816	819	3610	373	896446	66053313	0	0
4817	1558	4611	2063	896580	66071744	930046	69397945
4818	1146	1500	1078	896779	66104773	1797871	169932703
4819	3043	3381	2862	896961	66131782	1113795	88016932
4820	304	1173	573	897119	66155323	1670932	153649721
4821	1548	3147	1922	897544	66214339	0	0
4822	2569	2741	3475	898334	66321829	2709952	291536312
4823	142	3027	511	898619	66356898	0	0
4824	3293	4163	3710	899154	66416227	1649926	150839516
4825	1281	2028	1784	899285	66428058	2144351	214099440
4826	7	70	17	899654	66470438	0	0
4827	3301	4231	2346	899757	66480833	965230	72794741
4828	521	1123	292	900313	66540363	1313030	110347305
4829	676	1068	599	900550	66563865	1173939	94812519
4830	3203	4658	3345	900708	66579275	0	0
4831	774	2119	1240	900923	66602696	1979903	192717397
4832	164	4498	249	901121	66620127	1797718	169915558
4833	1024	2314	1854	901304	66637744	1019796	78282414
4834	3776	3876	2350	901588	66662508	0	0
4835	3446	3835	1067	901650	66668043	2298308	234050655
4836	287	4642	3418	901729	66676527	2566048	271385647
4837	1224	4394	1213	901751	66678443	2893685	317587506
4838	750	1692	878	902063	66712431	4308387	547529850
4839	1306	3639	3367	902349	66740982	2102514	208635821
4840	632	3843	2143	902942	66804561	0	0
4841	1978	2001	3404	903183	66828781	1615650	146696537
4842	1705	3830	5247	903359	66848490	1257608	103442984
4843	3501	3628	3155	903519	66867460	1672244	153813458
4844	834	1360	1194	903904	66916244	1352408	114919883
4845	2787	3320	1180	903956	66922685	1106663	87145946
4846	1764	4512	6338	905063	67043909	2914081	320354169
4847	159	2924	1562	905265	67066888	0	0
4848	158	3049	2481	905446	67086136	946210	70925261
4849	364	638	628	905453	67086408	2497582	262543950
4850	1536	3938	3514	907262	67262091	1067049	82958234
4851	1568	3195	2569	907413	67275939	3492722	410402166
4852	2545	4065	2193	907884	67319757	2120383	211228835
4853	12	4123	376	907893	67320316	1324823	111837280
4854	1741	3587	960	908159	67343644	0	0
4855	579	3668	2626	908330	67359666	958191	72002895
4856	17	1130	162	908467	67372545	1090261	85282416
4857	1537	2582	618	908749	67398211	1362498	116199010
4858	1807	4476	4618	909222	67442201	971949	73454678
4859	3606	4556	3240	909253	67444320	1470678	128977028
4860	3792	4284	1390	909937	67509963	957374	71919392
4861	944	3832	931	910082	67524051	3089944	346798320
4862	52	264	101	910113	67527309	986819	74872756
4863	144	956	509	910310	67545647	1156568	92953018
4864	1604	3953	4328	910920	67598904	1267989	104790545
4865	2152	2698	2863	911020	67608848	1129625	89900875
4866	4137	4354	3034	911314	67638067	913077	67822899
4867	1269	4333	2088	911480	67654536	0	0
4868	2320	4674	6507	911979	67706386	0	0
4869	15	2735	1504	912154	67729352	2448514	255466260
4870	3434	4063	4060	913034	67818306	2335216	239276579
4871	2912	3245	2205	913057	67820055	2490588	261608204
4872	1816	4866	3108	913077	67822899	0	0
4873	401	2792	1069	913132	67828771	1078567	84053986
4874	376	604	746	914206	67942248	4035116	500442401
4875	1362	3775	2241	914640	67984143	1162531	93592680
4876	2577	2621	1197	914799	67998186	0	0
4877	327	4164	3234	914846	68002700	1072214	83463604
4878	959	4657	1582	915009	68018160	1070031	83257612
4879	1863	4591	1697	916531	68160994	1121368	88929669
4880	385	4568	3104	916594	68166238	3860188	471204619
4881	3137	4472	2721	917030	68204039	1090988	85365425
4882	456	3677	2980	917198	68221443	0	0
4883	576	2721	1828	917303	68232400	0	0
4884	2332	4395	1762	917500	68252604	3654174	435796545
4885	3512	3731	4104	917750	68274987	0	0
4886	353	934	673	917911	68291766	0	0
4887	893	4014	1693	918102	68309795	1243139	101798446
4888	568	3724	1875	918135	68313175	1795351	169629446
4889	3011	4430	3661	918548	68353868	1073888	83615536
4890	313	1721	845	918712	68371597	2050237	202182325
4891	4184	4483	1153	919073	68408092	0	0
4892	2009	3565	1054	919315	68431575	1160700	93384881
4893	114	3442	2139	919595	68456940	1017268	78036101
4894	2137	2919	3341	919610	68458413	1377381	118114326
4895	1978	4672	3940	919670	68463968	3338540	385889113
4896	1700	2032	1303	920049	68505668	3620942	429884705
4897	1767	4606	2782	920772	68576002	1351242	114775850
4898	3372	3390	4550	921027	68601735	1639530	149541972
4899	1793	2108	539	921335	68637503	1182004	95585564
4900	518	4103	1163	922073	68707557	1527997	135566884
4901	456	4241	2070	922756	68762752	974309	73655647
4902	903	2715	3812	923001	68785001	0	0
4903	4440	4555	5140	923343	68811474	3317508	382456799
4904	1531	4017	3357	923763	68852578	1610758	146083303
4905	2241	4795	821	923868	68860983	1338113	113227744
4906	830	2944	1871	924198	68895157	942742	70616856
4907	1173	1279	522	924405	68915264	1717973	159975997
4908	12	4694	2282	924563	68926712	2051500	202322127
4909	318	4130	2717	924723	68942291	0	0
4910	1447	3811	2521	924863	68955900	1257005	103376768
4911	938	2803	2585	925399	69009764	1934351	186397869
4912	589	2331	535	925739	69042629	1189925	96338352
4913	1853	1997	2020	925845	69054705	1297559	108321513
4914	1110	1184	901	926588	69120825	0	0
4915	3753	4622	3478	926598	69121984	3734483	449950195
4916	1614	4635	3475	926622	69124252	1893375	181508167
4917	1625	3904	925	926774	69138180	986819	74872756
4918	2598	4342	946	927091	69169933	938760	70252462
4919	358	1115	1146	927577	69210642	1846649	175932812
4920	1329	4459	794	928169	69256796	1307478	109601420
4921	3016	4671	1534	929056	69323493	1281306	106391852
4922	397	4170	1002	929076	69324717	1459160	127534298
4923	1242	2546	753	929239	69335657	0	0
4924	3414	4226	4435	929597	69363423	0	0
4925	1090	4817	2683	930046	69397945	0	0
4926	682	4127	3288	930501	69436139	1137182	90719082
4927	2080	3307	2352	930550	69441304	0	0
4928	435	2049	1128	930840	69465750	1659792	152154595
4929	1868	4060	3161	930985	69479329	1048433	81110255
4930	748	3102	804	931079	69487069	1046547	80929188
4931	2932	4778	3471	931083	69487169	1274227	105573362
4932	1209	3104	2373	931370	69513679	1304815	109272808
4933	3326	3496	637	932016	69576203	1016623	77965982
4934	284	1863	340	932277	69597580	0	0
4935	3952	4047	5321	932430	69609705	1588089	143150088
4936	3697	4416	2813	932857	69649764	1208221	98046543
4937	537	760	626	932875	69651021	952824	71449288
4938	1144	4704	1639	933075	69667558	0	0
4939	484	4093	3253	933130	69673382	1923876	184924931
4940	283	4036	661	933261	69688271	1359809	115887626
4941	2039	3246	3984	933904	69754082	2251713	227797833
4942	3055	3754	4110	934248	69787613	3000306	332976476
4943	116	2552	1022	934299	69793309	1079792	84173613
4944	1482	4684	1416	934640	69829374	1244832	101982688
4945	1166	4300	1815	934884	69854806	1604526	145296708
4946	803	833	779	935233	69890562	1260701	103794145
4947	783	1843	937	935244	69891633	0	0
4948	2275	4354	4340	935809	69948352	1684489	155438238
4949	4292	4595	1821	935896	69956762	1069696	83222378
4950	1929	3248	2689	936082	69975338	1292762	107706075
4951	2520	4731	2625	936653	70036256	1206648	97913913
4952	2636	4554	2711	936708	70042875	0	0
4953	2558	3906	1964	936741	70046279	1803127	170489394
4954	1152	3119	4224	937073	70082798	1251361	102702069
4955	1158	3464	1303	937895	70169192	1470268	128925419
4956	539	1080	1307	938691	70246438	955920	71750809
4957	2298	4918	1991	938760	70252462	983810	74555204
4958	1145	4763	2936	939085	70278462	1702513	157830785
4959	1119	3328	2339	939181	70287568	1113619	87996674
4960	2965	4643	4466	939910	70355179	1758953	165321358
4961	4001	4710	2702	940443	70409329	2072078	204365333
4962	197	658	943	940493	70415235	3490799	410151422
4963	2530	3142	989	941182	70481630	2500501	262894699
4964	380	3440	610	941348	70495804	2542083	268491887
4965	2330	3669	2596	942031	70555375	0	0
4966	1503	3561	2362	942166	70565285	2381205	245443781
4967	318	3885	4916	942392	70583400	0	0
4968	2934	4596	1855	942607	70603940	2258808	228798465
4969	1825	4906	3000	942742	70616856	2924406	321821510
4970	1301	1573	931	943540	70693693	1441616	125290082
4971	1017	4482	1856	943744	70711739	1582966	142456592
4972	111	3323	1347	944313	70762845	958687	72065233
4973	1041	4053	2405	944780	70803249	1133305	90299292
4974	2317	2999	2768	945326	70847993	1090261	85282416
4975	612	2301	1630	945435	70856599	1137019	90694140
4976	3142	4192	3891	945528	70865383	1395839	120287599
4977	457	1364	407	945886	70898580	1293557	107806520
4978	948	4848	2813	946210	70925261	0	0
4979	3740	4113	2005	946833	70978390	1050177	81327992
4980	1032	4319	1708	946983	70991625	1110346	87639365
4981	192	3306	1660	947356	71024376	2467383	258086823
4982	180	1472	1210	948195	71087463	1477457	129853103
4983	3180	3965	2650	949275	71157215	1441911	125326821
4984	2797	4630	1830	949294	71158536	0	0
4985	1132	3300	1102	949476	71173506	1022993	78587901
4986	1815	3167	2046	949588	71182385	2149324	214681179
4987	1665	2262	1046	950082	71219682	0	0
4988	485	2435	2030	950108	71221605	1790799	169116708
4989	1758	3020	5092	950323	71238745	2509045	263959499
4990	3481	4455	3283	950675	71267595	1883295	180324832
4991	4172	4317	2554	950950	71289586	0	0
4992	1462	3509	2333	951138	71306176	963678	72627778
4993	708	4476	3987	951664	71350354	0	0
4994	1214	1894	1921	952385	71410318	1303017	109014217
4995	1408	3677	3877	952466	71417831	1527643	135521455
4996	821	2952	419	952588	71428462	1876599	179501120
4997	1896	3493	2653	952802	71447349	1834543	174426405
4998	2691	4937	2326	952824	71449288	0	0
4999	1605	4023	2175	953324	71496638	2862814	313405188
5000	79	2991	2097	953403	71502402	1084384	84663759
5001	909	3810	3581	953612	71520972	1128035	89701189
5002	3152	3154	5675	953652	71524336	2260082	228996110
5003	2675	3034	1078	953717	71530579	0	0
5004	350	1800	619	954118	71574404	1302283	108909364
5005	24	2573	1506	955008	71660948	1093531	85679620
5006	1046	3057	2375	955137	71672232	0	0
5007	4076	4451	5300	955501	71704902	3281501	376096639
5008	215	3453	2110	955534	71707057	1162446	93580381
5009	640	3748	530	955546	71708113	1163340	93707838
5010	1703	2292	2487	955759	71728756	2399112	247995355
5011	4494	4956	3152	955920	71750809	0	0
5012	3178	4033	3008	955934	71751684	0	0
5013	157	1484	458	955944	71752949	3095844	347796608
5014	2557	4204	1267	956290	71794763	3670563	438627584
5015	3229	3313	2601	956412	71808030	1916858	184196435
5016	973	2799	462	956867	71862723	1540731	137111891
5017	312	3534	1375	957093	71888400	965491	72820128
5018	1411	4860	1456	957374	71919392	4111487	513500829
5019	1573	3282	1021	957421	71924608	1752085	164247607
5020	678	2150	1510	957902	71973227	1028241	79146330
5021	947	1698	2559	957906	71973410	1090307	85286557
5022	822	3240	2556	958009	71984883	1339423	113353051
5023	2475	4855	3053	958191	72002895	0	0
5024	2677	4972	3123	958687	72065233	2009793	196718572
5025	346	978	618	958816	72080028	1287161	107041584
5026	3200	3643	1938	958952	72095199	2107841	209407619
5027	799	2934	2156	959017	72103519	0	0
5028	1361	4726	4652	959707	72177053	1586213	142825643
5029	649	975	964	959811	72189403	1021687	78457552
5030	892	4813	4054	959975	72210901	0	0
5031	1032	2476	1255	960016	72215903	2409225	249785514
5032	929	1366	1030	960582	72286025	984661	74642978
5033	3297	3436	3365	960830	72312079	2103284	208760182
5034	1890	4790	1187	960925	72321715	1385199	119108299
5035	3250	3805	4333	961101	72345211	1228089	100150600
5036	603	1825	1386	962193	72472523	1143719	91566849
5037	2357	4782	4444	962872	72540405	2178702	218361418
5038	650	3162	375	962950	72548712	3015469	335443629
5039	3104	3880	1451	963130	72567723	3717524	446962179
5040	492	629	336	963178	72572408	0	0
5041	2953	4526	3819	963336	72589421	0	0
5042	75	4992	2356	963678	72627778	1117611	88503560
5043	2828	3368	1737	963808	72642577	1587582	143062725
5044	1642	2319	590	963856	72648306	1162081	93536651
5045	2277	2566	1726	964070	72674673	986128	74792114
5046	391	1785	1005	964100	72677568	1738946	162470011
5047	502	1453	593	964301	72701213	0	0
5048	1892	4218	1348	964740	72746241	1357153	115565181
5049	1508	4827	2921	965230	72794741	1220485	99384824
5050	4531	5017	3426	965491	72820128	2441606	254530736
5051	521	996	1186	965527	72822906	1449290	126283845
5052	1904	2639	975	966093	72882741	2165401	216624342
5053	1643	3672	831	966534	72925983	1546743	137972603
5054	568	3848	2792	966664	72937784	1652080	151162378
5055	2058	3353	2032	967253	72992377	1103793	86765213
5056	2922	4617	1146	967401	73005039	2637669	281501676
5057	1217	3488	859	967728	73036263	0	0
5058	402	4190	2668	967999	73059864	2836609	310079345
5059	2781	3154	6833	968744	73121259	1580722	142153364
5060	3708	4394	6735	968756	73122559	3257194	372337328
5061	2888	3576	2330	969158	73166163	974146	73641842
5062	768	1340	1959	969441	73199445	0	0
5063	2551	2772	5205	969452	73200967	0	0
5064	922	1170	900	969537	73210680	3059672	341730008
5065	412	615	397	969922	73256801	0	0
5066	800	1853	1471	970332	73301346	1984096	193289193
5067	1665	2141	926	970557	73321427	0	0
5068	1367	2710	1012	970932	73357812	986040	74782919
5069	365	1292	892	971053	73370425	0	0
5070	1293	3066	1345	971480	73410114	1087692	85014487
5071	983	4251	2641	971827	73443683	1153596	92592899
5072	383	4858	4772	971949	73454678	3195994	363414576
5073	824	1480	1236	972862	73540256	0	0
5074	227	1148	881	973042	73555345	1236374	101078812
5075	460	4597	1479	973529	73594008	1644179	150082070
5076	1809	2487	1540	973779	73614218	1022993	78587901
5077	1960	4340	233	973945	73626095	1005482	76735622
5078	1289	3792	918	974031	73632293	3019333	335949307
5079	563	1932	958	974038	73632661	1627329	148191708
5080	4132	5061	2824	974146	73641842	1775621	167394433
5081	735	4901	2643	974309	73655647	2890797	317204817
5082	554	2077	956	974355	73659578	0	0
5083	2283	4589	1519	974518	73674639	981316	74298189
5084	4074	4339	4618	974566	73679378	2384070	245863596
5085	80	1348	443	975318	73752828	1020951	78390370
5086	500	2463	903	975728	73786077	4220099	532170457
5087	805	1163	601	975925	73803295	978447	74013751
5088	1682	2620	506	976190	73825794	0	0
5089	1927	4367	2435	976222	73828615	1754662	164710538
5090	1442	3001	983	976775	73874702	2116594	210751966
5091	498	2356	1158	977083	73899264	1129661	89904598
5092	3559	3585	2627	977186	73906748	1682257	155074240
5093	3703	4448	2168	977287	73913754	3035739	338103584
5094	241	1946	355	977748	73952151	1140585	91198550
5095	2627	4678	3095	977934	73967866	0	0
5096	1546	3826	2068	978241	73994379	0	0
5097	1107	1923	2631	978261	73995422	1680219	154780126
5098	2548	5087	1069	978447	74013751	4270708	540565921
5099	4181	4446	1278	978508	74019176	1404016	121319844
5100	2908	3541	2663	978514	74019787	1317289	110874580
5101	28	4509	2990	978971	74064063	1361125	116035629
5102	2003	3127	3466	978997	74066218	1050444	81360360
5103	2007	2173	1159	979025	74069715	0	0
5104	2411	3545	1501	979289	74095463	1280070	106256347
5105	168	2736	327	979396	74108070	1423479	123614108
5106	1617	4086	2147	979735	74144713	1301361	108775247
5107	3660	3713	2473	980534	74223373	1747860	163614915
5108	192	1397	754	980639	74235912	2365433	243368040
5109	552	1099	627	980646	74236333	1031832	79463209
5110	928	2145	2168	980810	74251549	1152435	92447606
5111	1443	3310	1892	980856	74255167	982659	74429069
5112	2294	2863	2072	981245	74292346	2749474	297242825
5113	3101	5083	3403	981316	74298189	1302268	108907189
5114	870	2065	1878	981503	74316186	0	0
5115	1841	4781	1873	982427	74403593	1649499	150784608
5116	2126	3371	8454	982586	74419771	1101722	86485193
5117	1316	5111	2265	982659	74429069	1287475	107074440
5118	1029	2868	2039	982920	74456712	2094788	207561148
5119	1369	2088	468	983560	74529984	1563486	140283226
5120	875	4957	2253	983810	74555204	1181133	95506100
5121	1442	2887	2468	983826	74557709	1813945	171778347
5122	177	4360	4701	984491	74625833	1162142	93543542
5123	245	5032	1264	984661	74642978	1907427	182989138
5124	75	3019	1597	984867	74664176	1653171	151316201
5125	3378	3861	2428	985380	74714731	1103041	86664129
5126	2641	3419	1723	985806	74758687	1395140	120211570
5127	1800	2104	1343	985833	74761052	1210160	98208591
5128	3527	4786	3213	986003	74779556	1339976	113422065
5129	466	4158	2443	986027	74781326	1728230	161126406
5130	4163	5068	1368	986040	74782919	1023001	78588614
5131	2307	2587	4581	986101	74788340	0	0
5132	774	5045	1867	986128	74792114	1598665	144524760
5133	4862	4917	1026	986819	74872756	1759525	165406191
5134	168	2894	935	986913	74883909	1112682	87887061
5135	3706	4316	4586	986966	74890236	2303818	234841109
5136	4014	4601	3619	987214	74919058	1006272	76805943
5137	912	2514	2780	987308	74930785	3820021	464571754
5138	2724	3337	5258	987486	74954326	1952517	189128521
5139	959	2410	2309	988162	75042436	1020499	78349074
5140	2385	4162	2242	988329	75062253	1223430	99662307
5141	21	2686	491	988555	75088860	3596081	426118705
5142	1140	1193	1137	988619	75096790	1651488	151076577
5143	299	1598	915	988638	75098482	1690426	156330350
5144	131	385	126	988749	75110982	3053355	340751698
5145	552	742	955	988869	75127770	1048080	81072508
5146	141	4392	2222	989164	75164460	2159951	215971979
5147	3575	4105	3448	989449	75196382	1368234	116900880
5148	634	4484	4242	991006	75361122	0	0
5149	787	3642	1077	991684	75426569	2188058	219628862
5150	539	4417	1831	993303	75549629	1162531	93592680
5151	1040	1512	1081	993592	75571167	0	0
5152	1974	2728	1428	993602	75571801	3056083	341167954
5153	29	1976	1988	993687	75578398	1259853	103694807
5154	3969	4801	4906	993784	75585909	3669783	438498027
5155	980	2426	1444	993796	75586885	1039974	80313073
5156	849	4361	2439	993837	75591443	1456813	127214866
5157	975	3510	672	994843	75675738	1264608	104301874
5158	456	4675	2886	994924	75683212	1180038	95402978
5159	2419	4133	2830	995003	75691460	2431554	253082409
5160	447	3843	2189	995010	75692011	1101696	86482134
5161	1910	2310	4477	995103	75701460	1011261	77356994
5162	3855	4022	4178	995175	75709010	0	0
5163	1845	4777	3338	995189	75710467	0	0
5164	193	2293	622	995305	75724372	1933735	186312163
5165	1203	3089	2009	995635	75766944	1788150	168806420
5166	343	2029	813	996041	75815275	2031262	199620061
5167	79	1591	512	997256	75934610	2162539	216275525
5168	290	2099	535	997763	75974997	1484223	130570739
5169	1640	2615	486	997769	75975221	1162142	93543542
5170	1742	3577	4079	997817	75979035	0	0
5171	1432	2309	2409	997875	75984756	0	0
5172	283	3637	733	998702	76055509	1743396	163062547
5173	3009	4768	2074	998787	76062208	1909815	183287648
5174	1200	3731	2099	999066	76083190	2863865	313526540
5175	1850	4503	2711	999134	76087672	0	0
5176	4191	4506	5145	999358	76108395	1227932	100131963
5177	968	2223	1485	999492	76122620	1072307	83471702
5178	2660	3939	2865	999807	76155813	4385324	560471259
5179	1430	2045	1264	999826	76157331	1092076	85498346
5180	3266	4124	2507	999952	76171414	1730775	161400514
5181	3902	3993	2386	1000276	76206811	0	0
5182	1198	2673	2314	1000336	76213313	1946634	188288704
5183	1451	1491	3215	1000787	76264083	1418843	123135298
5184	4388	4511	3073	1001050	76292707	1616371	146806935
5185	261	3868	140	1001462	76343361	1134935	90455077
5186	2507	4513	4935	1001720	76373431	0	0
5187	1443	4692	2386	1002550	76457855	1253331	102978535
5188	2488	3569	2019	1002837	76484136	1059232	82228226
5189	3457	3785	3650	1002842	76484342	3846362	468988378
5190	1568	2201	1629	1003187	76518105	2219734	223611998
5191	1670	4420	2764	1003263	76526206	1215472	98852477
5192	893	2451	1058	1003780	76580850	1301205	108753111
5193	1540	1629	2052	1004501	76649798	1090711	85330796
5194	1108	4422	492	1004504	76649887	1275910	105769051
5195	654	3764	3910	1005082	76699368	1485363	130694605
5196	1015	5077	1106	1005482	76735622	3297593	378783196
5197	2122	2371	1849	1005513	76739215	1115974	88303428
5198	1006	1029	605	1005541	76741813	1395839	120287599
5199	2552	4438	1238	1005805	76766358	1056424	81975667
5200	3745	5136	5901	1006272	76805943	0	0
5201	2044	2071	5334	1006548	76832698	0	0
5202	1752	1914	2577	1007257	76908705	1944166	187846415
5203	1629	4665	1863	1007634	76943659	1571116	141085375
5204	3743	4804	5125	1008003	76980846	1033740	79644820
5205	3628	4703	3607	1008368	77014682	1473105	129304986
5206	1614	4793	6450	1009015	77075239	3387731	394055430
5207	2561	3902	2152	1009023	77076403	1114086	88055996
5208	2331	4788	3925	1009535	77136195	1810302	171314398
5209	1836	2315	982	1009731	77159481	0	0
5210	3400	4717	6129	1010053	77197958	1635921	149112401
5211	4639	4666	7562	1010374	77240657	1607701	145704924
5212	1830	3806	1894	1010721	77285906	1674623	154112664
5213	2449	5161	5168	1011261	77356994	1160859	93400381
5214	4149	4354	4398	1011904	77444359	1139468	91039808
5215	2763	3014	2132	1012793	77554129	4054981	503679985
5216	1840	2833	2297	1013173	77596290	2003019	195733982
5217	2235	3613	5055	1013547	77635624	0	0
5218	3642	4429	871	1013654	77649612	1254857	103151300
5219	1933	2655	1031	1014690	77760303	2462934	257518224
5220	1036	4187	2463	1014702	77761291	2143680	214023633
5221	452	1162	340	1015177	77812005	1097130	86058883
5222	4024	4619	4439	1015294	77821397	1100716	86390067
5223	2038	2824	2656	1015424	77834458	1078171	84011532
5224	1868	3599	3787	1015574	77850974	1395815	120285334
5225	249	4542	656	1015696	77863802	0	0
5226	626	3549	3757	1015969	77894118	1735544	161994065
5227	1102	4271	1623	1016607	77964611	1981479	192949971
5228	328	4933	841	1016623	77965982	1478872	130003616
5229	1792	4893	3035	1017268	78036101	1236740	101116804
5230	1110	4078	1250	1017320	78041977	1319756	111184785
5231	309	1534	247	1017440	78054432	3022409	336328295
5232	795	1783	969	1017540	78065534	2855926	312565788
5233	2063	4712	3670	1017903	78100546	1580346	142105588
5234	434	3278	722	1018624	78169980	1862858	177751145
5235	104	4513	3026	1018801	78187973	1890186	181124369
5236	1049	3383	601	1019245	78229519	1225834	99906813
5237	1634	2173	1450	1019431	78247810	2255672	228328446
5238	2683	4833	3001	1019796	78282414	2106039	209149831
5239	3499	5139	4101	1020499	78349074	3522609	415208964
5240	1078	4253	2543	1020521	78351900	1367911	116857049
5241	859	5085	1075	1020951	78390370	1419705	123227599
5242	712	3963	1263	1020961	78391386	2257510	228588268
5243	903	2468	2098	1021476	78437338	1285080	106818422
5244	784	5029	1507	1021687	78457552	1475589	129619434
5245	2561	3046	1189	1021714	78459964	1579132	141962664
5246	267	3485	3552	1021911	78477528	1373003	117566245
5247	2529	4736	1945	1022131	78500020	2379791	245260406
5248	1704	4189	2222	1022691	78556249	2358008	242351385
5249	368	4571	742	1022716	78558815	3756670	453932582
5250	4485	4601	5182	1022868	78574107	1054012	81772125
5251	1876	2773	1788	1022951	78583462	1175554	94977885
5252	345	4636	4587	1022957	78583912	2497780	262567634
5253	4985	5076	2642	1022993	78587901	1905854	182822176
5254	3323	5130	2673	1023001	78588614	1214060	98648445
5255	1227	4567	1760	1023015	78590903	1377381	118114326
5256	2018	3985	1734	1023065	78597489	1977754	192413910
5257	409	3908	1892	1024373	78771858	1420995	123356079
5258	829	2568	1318	1024732	78812841	1635888	149109795
5259	21	879	378	1025407	78882107	0	0
5260	2555	3060	2119	1025776	78919622	3990094	493367312
5261	662	3563	996	1026001	78938705	0	0
5262	940	2325	1413	1026238	78959483	1994089	194614724
5263	1366	2966	750	1026627	78995955	2943724	324563618
5264	2662	3742	2384	1026745	79006838	1095219	85862102
5265	1817	1865	748	1027232	79049186	1768080	166516425
5266	312	4164	3232	1027365	79061195	2818865	307371006
5267	1832	4099	2518	1027517	79075302	3177177	360621653
5268	2690	3601	2404	1027572	79079605	1572927	141267893
5269	1564	2583	1670	1027800	79102813	1664303	152774592
5270	2309	3669	2891	1027915	79113689	0	0
5271	2768	3458	3783	1028159	79136775	1644468	150115065
5272	1354	5020	1722	1028241	79146330	1320636	111307557
5273	1081	3643	2252	1029370	79257529	2686981	288316048
5274	3055	4169	4255	1029676	79285858	1319694	111176491
5275	167	1334	286	1029807	79297682	2775204	301261287
5276	512	1293	632	1030321	79344746	1742651	162972415
5277	1210	4222	2007	1030664	79372473	1247027	102249931
5278	3903	4120	4106	1031461	79433172	0	0
5279	1086	2433	1169	1031702	79453326	2037244	200354208
5280	3099	5109	5477	1031832	79463209	2698804	289774294
5281	1653	3804	3170	1032009	79478590	1442413	125393333
5282	1638	4712	4172	1032531	79524542	0	0
5283	936	2937	3082	1032627	79532862	0	0
5284	796	3750	2561	1032694	79539896	0	0
5285	2499	3693	3471	1032731	79544044	2542008	268481741
5286	1768	2691	3174	1033387	79610938	1275336	105702309
5287	3984	5204	5870	1033740	79644820	1737031	162190163
5288	3469	4747	2824	1033955	79672114	3597088	426257088
5289	2796	2921	1133	1035540	79830906	2081551	205536041
5290	725	4710	1689	1035682	79842460	0	0
5291	765	4019	7654	1035751	79848950	0	0
5292	3789	5161	7584	1036086	79882066	2101867	208533299
5293	1435	2729	2239	1036173	79892039	1951842	189040638
5294	203	1504	629	1036704	79953296	1458395	127427404
5295	3242	4755	3428	1037450	80039777	2944413	324668759
5296	2155	4613	4901	1037931	80090699	1120120	88787249
5297	2126	3324	3318	1038106	80109293	1492169	131376297
5298	1010	3792	710	1038225	80122054	1061443	82453463
5299	3189	4484	5661	1038755	80183109	1521349	134885034
5300	2194	2426	3320	1039931	80309676	1190549	96392138
5301	3850	5155	2177	1039974	80313073	2040272	200779107
5302	205	1678	455	1040151	80330887	2224829	224266923
5303	905	1972	1689	1040373	80351457	3224131	367644263
5304	18	1813	78	1040463	80360098	0	0
5305	176	3887	2763	1040602	80374001	1046652	80937989
5306	145	1001	918	1040841	80395147	1196248	96923052
5307	2703	4346	2103	1040952	80406348	1326531	112057382
5308	1014	4161	596	1041199	80432135	1269551	104997567
5309	2516	2715	4176	1041524	80463862	1297273	108284787
5310	2674	4746	2782	1041855	80496753	1245560	102067626
5311	604	1100	2371	1041895	80500550	2318799	236932285
5312	1136	4015	3772	1042381	80552192	1106136	87073807
5313	833	1841	992	1043171	80632389	1806280	170849295
5314	3508	3772	2294	1043183	80633680	2574227	272557992
5315	3202	4296	3895	1043479	80662846	1585194	142705406
5316	1197	3954	4448	1043748	80688033	1909999	183310096
5317	2847	3858	2613	1045314	80833033	1175200	94939344
5318	1557	4196	2367	1045622	80860141	3609500	428077615
5319	2004	3974	1738	1046532	80927983	2012133	197012085
5320	4251	4930	2613	1046547	80929188	2395708	247452314
5321	1103	2457	1730	1046565	80930799	2316945	236677981
5322	4618	5305	4198	1046652	80937989	1401333	120964380
5323	2378	4659	4920	1046816	80953351	1874774	179272270
5324	868	1374	386	1046870	80957895	1694072	156852384
5325	1775	4372	1505	1046886	80959643	1170323	94458532
5326	2068	4623	775	1047120	80984861	1107713	87297479
5327	1403	2451	1201	1048003	81066449	1279129	106143629
5328	4635	5145	3258	1048080	81072508	1681127	154902736
5329	3404	3582	2671	1048082	81072523	2002026	195598572
5330	723	4315	7355	1048421	81109144	1172789	94691958
5331	4016	4929	4219	1048433	81110255	1149254	92091668
5332	502	4532	2091	1048871	81165696	0	0
5333	672	2246	2839	1049179	81207529	0	0
5334	22	1094	804	1049641	81263871	0	0
5335	1339	2452	1829	1049844	81287855	1133392	90307304
5336	1942	3059	1940	1049878	81291529	0	0
5337	4033	4979	4606	1050177	81327992	0	0
5338	2971	5102	4139	1050444	81360360	2035353	200115078
5339	2349	3523	2979	1050515	81370477	1143627	91556050
5340	849	3743	2030	1050673	81389464	3752274	453294444
5341	3217	3242	1891	1051215	81461534	1084207	84647806
5342	2691	2716	2465	1051837	81538220	1127869	89679347
5343	2194	4512	7787	1051976	81557390	2705010	290779941
5344	769	1279	309	1053425	81719923	1104744	86893785
5345	1729	5250	5451	1054012	81772125	2255155	228253251
5346	1594	1770	1174	1055560	81907101	1699112	157475995
5347	1203	3552	2423	1055770	81924736	2813733	306642763
5348	1546	4052	1899	1056302	81966419	3299172	379069821
5349	2898	5199	2534	1056424	81975667	1272359	105339071
5350	1840	2456	2476	1056695	81999702	1474906	129532976
5351	768	1180	790	1056843	82012096	2109740	209670544
5352	2833	3790	2951	1056914	82017940	1368876	116989851
5353	2879	4497	2837	1056940	82019565	1136470	90621436
5354	1610	2124	3093	1057532	82073605	1147558	91924063
5355	3032	4603	1198	1057645	82084487	1567678	140732640
5356	239	3755	5140	1058572	82165865	1941832	187402561
5357	228	3246	3399	1058899	82197898	1222902	99611505
5358	134	3063	1455	1058949	82202419	2995814	332244377
5359	1140	2602	1802	1059184	82224285	1108295	87378998
5360	3572	5188	6985	1059232	82228226	3637622	432885783
5361	1351	2033	2379	1059940	82302310	2440171	254322156
5362	486	3323	1402	1060209	82332689	0	0
5363	2348	2841	2859	1061168	82426046	0	0
5364	442	1653	1085	1061315	82440242	1223290	99649613
5365	3558	5298	1351	1061443	82453463	1609099	145892948
5366	1738	3666	1647	1062735	82562649	4203769	529484464
5367	831	2424	661	1063096	82589094	2059426	203146175
5368	2362	3792	596	1063200	82596413	1265717	104471630
5369	2509	4182	3079	1063489	82618349	2527128	266521723
5370	1803	4533	2947	1063567	82624847	1076768	83882029
5371	3219	3968	1548	1063634	82630396	1454309	126928326
5372	1009	4748	3438	1063828	82647727	1399862	120773472
5373	4216	4558	8882	1064257	82685995	2520950	265551078
5374	294	2253	593	1064470	82708466	0	0
5375	2029	4918	1570	1064744	82737976	1885525	180596922
5376	1541	4293	2771	1064974	82766173	1894439	181652876
5377	740	3383	1079	1065771	82848694	1113444	87976756
5378	1942	2032	1203	1066150	82881887	1487433	130920934
5379	3181	4701	3082	1066645	82922504	1600457	144781514
5380	2356	4850	4264	1067049	82958234	0	0
5381	806	1979	746	1067109	82963210	1126504	89510514
5382	2127	3796	1747	1067305	82980884	1074496	83673041
5383	1242	4122	1597	1067555	83005830	1211753	98363125
5384	3061	3468	2376	1067969	83042826	2220129	223653580
5385	4080	4335	5446	1068105	83053868	2311543	236001185
5386	1558	4518	1137	1068107	83053936	2155284	215443091
5387	577	3976	1138	1068290	83073065	2493350	262021368
5388	3844	4094	3166	1068373	83081609	3661242	437075573
5389	1481	2199	2422	1069342	83185918	1982902	193131870
5390	716	4949	3132	1069696	83222378	1179771	95378861
5391	1929	4878	2157	1070031	83257612	3038389	338483333
5392	1751	2406	2025	1070659	83320156	3297000	378671087
5393	3112	3282	1126	1070790	83332301	1650888	150988246
5394	3655	5032	2630	1070867	83339380	1680462	154809683
5395	2762	4773	1806	1071053	83358350	1339631	113378850
5396	1507	3315	785	1072150	83458023	1290270	107394650
5397	2904	4877	5838	1072214	83463604	2262830	229399170
5398	772	5177	2077	1072307	83471702	0	0
5399	552	3217	1031	1072361	83477550	1111752	87785678
5400	2305	2944	3611	1072967	83530889	1390494	119724014
5401	3191	4231	3158	1073614	83593404	1834189	174384090
5402	250	4889	3910	1073888	83615536	1995458	194780471
5403	1490	3669	1559	1074430	83667751	2818332	307301775
5404	444	5382	1848	1074496	83673041	1281794	106446605
5405	3006	3452	1157	1074858	83706953	2821736	307805997
5406	2555	4507	2515	1074875	83708166	1279475	106181778
5407	2940	3726	4075	1075636	83781355	2517751	265076753
5408	2605	2927	2110	1076207	83832592	1086991	84944006
5409	3564	4005	3571	1076403	83848499	1192547	96573283
5410	1933	5370	3165	1076768	83882029	1197517	97054816
5411	1252	1372	306	1076858	83889243	2402935	248698236
5412	3012	4385	3658	1076998	83900077	0	0
5413	3721	4665	1238	1077566	83952267	2873396	314792063
5414	1260	2061	2220	1077685	83963373	2224829	224266923
5415	1449	4067	3006	1077803	83974593	1637501	149305024
5416	1936	5223	3985	1078171	84011532	2457148	256727676
5417	3098	4873	4184	1078567	84053986	2303667	234821841
5418	436	2314	2066	1078960	84093455	1781512	168099383
5419	52	1682	290	1079567	84152201	3643126	433786166
5420	2457	3622	2035	1079570	84152430	1530108	135808550
5421	3428	3739	1553	1079642	84159191	2909155	319696855
5422	3385	3895	2188	1079747	84170218	1151981	92395755
5423	2307	4943	2634	1079792	84173613	1445667	125836148
5424	264	1900	1525	1079887	84183148	3763941	454893041
5425	587	1107	1156	1080068	84199505	1957515	189791392
5426	1565	4018	2982	1080186	84212994	0	0
5427	3028	3766	2441	1080476	84243461	2217301	223343365
5428	151	2533	1584	1080545	84249686	1827759	173570300
5429	1131	3179	2896	1080791	84277737	1168369	94256924
5430	3732	4233	4928	1081100	84311259	2524133	266029592
5431	3903	4228	6527	1081371	84339947	0	0
5432	2589	4217	2741	1081541	84359265	1121109	88902770
5433	864	4472	2789	1082151	84437527	1855763	176897476
5434	3420	3897	1848	1082334	84460178	1524621	135247089
5435	2364	2670	2223	1083393	84569573	0	0
5436	2184	5341	2323	1084207	84647806	2172050	217494007
5437	265	2712	1635	1084369	84662419	1126726	89540580
5438	1659	5000	2728	1084384	84663759	3209470	365349627
5439	4421	5068	3756	1084526	84679528	1403760	121280829
5440	3172	4550	6505	1085367	84765237	0	0
5441	133	4026	3258	1085507	84781716	1321937	111471156
5442	989	3287	2000	1085550	84785927	1302974	109007180
5443	1227	2486	2357	1086074	84843979	4382864	560057438
5444	4758	5408	2779	1086991	84944006	3435099	401353634
5445	487	4231	928	1087091	84953209	1358119	115687889
5446	2484	2701	2904	1087321	84977812	1985898	193559512
5447	4720	5070	3599	1087692	85014487	0	0
5448	1209	4407	2889	1087905	85037415	1221037	99432640
5449	2810	3383	1936	1087988	85044059	0	0
5450	2945	4134	1710	1088061	85051201	0	0
5451	631	1015	1628	1088113	85058476	1652908	151279363
5452	1573	4906	2404	1088470	85098483	2852770	312170852
5453	1809	2767	1919	1088529	85106606	3939616	484985675
5454	3184	4022	3468	1090056	85260956	3213779	366044877
5455	1038	1721	1101	1090114	85267642	2363832	243158722
5456	4856	4974	2930	1090261	85282416	2802656	305226467
5457	594	4603	681	1090274	85283718	0	0
5458	2751	5021	4379	1090307	85286557	1586557	142875769
5459	3663	5193	3441	1090711	85330796	2038836	200559984
5460	447	2677	2045	1090733	85333297	0	0
5461	2602	4881	3634	1090988	85365425	1600457	144781514
5462	1023	2406	1111	1091480	85429341	0	0
5463	3380	3865	3176	1091583	85440977	0	0
5464	769	3900	200	1091740	85461436	2013736	197263825
5465	273	4738	2065	1092007	85491520	2642750	282256968
5466	2881	3501	2528	1092035	85494557	0	0
5467	3902	5179	2306	1092076	85498346	2184223	219133173
5468	745	1261	961	1092575	85561640	2473991	259118173
5469	918	4338	3799	1092959	85606187	2399570	248067545
5470	2236	3619	3195	1093036	85616259	0	0
5471	3587	5005	2329	1093531	85679620	1175200	94939344
5472	4475	5264	3463	1095219	85862102	3581194	424084917
5473	1437	3049	2929	1095701	85909011	2083717	205884069
5474	2193	3315	1196	1095894	85927736	1922511	184765850
5475	3086	3286	1832	1095924	85931531	1187014	96048824
5476	647	2770	1457	1096182	85957113	2203029	221510961
5477	1003	1937	1467	1096255	85963799	2454044	256248452
5478	3594	4753	3209	1096547	85994349	1101624	86474306
5479	968	3153	1121	1096568	85996033	1748286	163671808
5480	1744	3793	3283	1096775	86018787	3882500	474972402
5481	3027	5221	691	1097130	86058883	2950387	325576072
5482	988	4956	1494	1097162	86062317	1670390	153580624
5483	364	384	376	1097188	86064570	1945230	188055744
5484	3250	3678	5557	1097813	86122634	3839732	467707467
5485	1492	3589	1856	1098611	86203663	1296827	108232111
5486	2365	2501	1889	1099813	86307280	1358415	115726475
5487	4158	4178	4919	1099992	86321229	2292858	233242435
5488	1653	4451	5071	1100027	86325283	2241478	226554195
5489	1008	5222	4529	1100716	86390067	0	0
5490	1252	2454	2557	1101540	86467144	1512861	134006599
5491	3131	5478	3933	1101624	86474306	4102851	511766695
5492	3757	5160	5943	1101696	86482134	1453615	126834363
5493	1466	5116	9826	1101722	86485193	3670876	438682668
5494	486	970	389	1101929	86513007	1208632	98084335
5495	2398	2691	1846	1102043	86529646	2294405	233480460
5496	4807	5125	6565	1103041	86664129	1534142	136273371
5497	1337	2178	2750	1103246	86691505	1455744	127095541
5498	71	85	68	1103386	86709290	1434008	124560362
5499	550	1881	722	1103689	86751696	2627075	280232852
5500	4787	5055	5574	1103793	86765213	1519418	134674976
5501	3239	3580	3804	1104506	86862234	1196248	96923052
5502	1275	5344	1293	1104744	86893785	0	0
5503	2955	3660	2707	1104979	86922486	1634703	148992199
5504	1396	3598	2879	1104990	86923428	1541956	137277964
5505	1191	1699	1045	1105115	86940312	2924123	321775838
5506	1838	3409	1757	1105453	86988852	0	0
5507	1329	2007	783	1105612	87009268	1112505	87865185
5508	1974	5312	3889	1106136	87073807	0	0
5509	3561	4415	5889	1106230	87086026	1817376	172249306
5510	1998	2066	3654	1106385	87106458	1644468	150115065
5511	1731	3389	3125	1106476	87120772	1730941	161421869
5512	2682	4845	2162	1106663	87145946	1155286	92789983
5513	1549	3744	1216	1107537	87273356	3429913	400517351
5514	1637	3119	4151	1107650	87289993	1230938	100458595
5515	537	5326	1127	1107713	87297479	1668660	153350306
5516	1964	3652	4137	1107879	87317366	1890378	181144830
5517	3754	5359	3641	1108295	87378998	1126504	89510514
5518	701	1407	1911	1109024	87481241	1237799	101236802
5519	300	4980	1881	1110346	87639365	0	0
5520	1884	2393	2980	1111097	87720381	0	0
5521	747	1974	330	1111230	87734872	1891605	181294573
5522	37	3505	749	1111676	87777719	2256122	228391838
5523	62	5399	1060	1111752	87785678	0	0
5524	2154	3959	2018	1111872	87797149	2164473	216494109
5525	4154	4627	7435	1111981	87806507	0	0
5526	4539	5507	2507	1112505	87865185	0	0
5527	3184	3504	4484	1112615	87878353	2395876	247477828
5528	1736	5134	1471	1112682	87887061	1353295	115020866
5529	3637	5377	1702	1113444	87976756	0	0
5530	3073	3966	3172	1113481	87980785	1251172	102678706
5531	672	4959	2383	1113619	87996674	1370922	117279719
5532	4548	4819	4588	1113795	88016932	1586514	142870133
5533	1970	3923	3720	1113885	88029942	1753697	164549559
5534	2313	3321	1111	1113892	88030731	1806844	170918250
5535	4324	5207	3753	1114086	88055996	2571868	272219090
5536	1595	3361	966	1114209	88071902	2842568	310926671
5537	1915	2132	1573	1114326	88088023	1499958	132333432
5538	2796	4225	1742	1114431	88102580	2430455	252943953
5539	2095	3514	1753	1115334	88224884	1500058	132348410
5540	2315	3841	2689	1115656	88267326	1136245	90590906
5541	478	2192	917	1115917	88298019	1818851	172426899
5542	735	5197	2422	1115974	88303428	1428302	124037664
5543	3468	3775	2849	1116116	88322658	1871396	178879393
5544	2846	4078	2777	1116129	88323428	3257162	372333364
5545	1612	2958	847	1116346	88353312	1640840	149700257
5546	1881	3808	1948	1117066	88441228	1556012	139318446
5547	4253	5042	4300	1117611	88503560	1251795	102766685
5548	1001	4152	1674	1117758	88519817	1567184	140672422
5549	1410	4257	3836	1118043	88552770	1448409	126176905
5550	2326	4036	2183	1118492	88604426	2613608	278397455
5551	3554	4091	1137	1119045	88665554	1652215	151181785
5552	1559	2297	1692	1119110	88671008	2334683	239203898
5553	605	1893	2011	1119426	88707664	1320636	111307557
5554	1826	3509	2371	1119778	88748587	1167898	94214363
5555	358	2729	2120	1119921	88765903	2001483	195523487
5556	296	2060	599	1119934	88766991	3446191	403168872
5557	690	2577	595	1119948	88768585	1804594	170652466
5558	568	5296	5098	1120120	88787249	2619514	279157444
5559	713	1267	718	1120537	88838448	1183571	95733935
5560	2000	5432	3059	1121109	88902770	1614923	146594713
5561	4415	4879	6307	1121368	88929669	1234619	100870184
5562	1687	2970	2156	1121673	88965795	1125889	89435805
5563	3860	4114	2944	1122345	89042308	2443024	254733166
5564	3821	4659	4840	1123031	89114874	1501638	132584945
5565	1477	3739	1581	1123430	89157771	0	0
5566	868	4553	4816	1123586	89171898	1241037	101576124
5567	862	4402	2020	1123853	89198191	0	0
5568	1642	4768	941	1124017	89216165	1370192	117170299
5569	21	2850	711	1124028	89216913	2324834	237839175
5570	3351	3886	7121	1124289	89246014	0	0
5571	511	1528	466	1124332	89251181	0	0
5572	1400	4169	2567	1124769	89305237	3391548	394595433
5573	1655	2471	1942	1124819	89310437	1437377	124877976
5574	3153	4656	2076	1125357	89375176	2251817	227808102
5575	355	3996	3191	1125415	89381849	1139657	91065584
5576	1517	5562	2559	1125889	89435805	1770041	166738716
5577	2753	3050	3523	1126400	89495514	3063086	342226534
5578	5381	5517	4387	1126504	89510514	1661411	152353092
5579	1475	5437	2520	1126726	89540580	1199318	97254127
5580	173	2963	581	1126759	89543426	1362646	116217103
5581	3303	4632	6895	1127349	89615126	0	0
5582	2765	5342	3968	1127869	89679347	2158689	215807128
5583	4558	5001	6246	1128035	89701189	4433228	568967980
5584	142	1067	380	1129243	89857571	1328375	112276500
5585	2465	4865	5630	1129625	89900875	1531373	135949809
5586	2783	5091	2771	1129661	89904598	1575367	141528047
5587	1811	2575	1328	1129739	89915036	2055453	202747229
5588	905	1370	419	1131145	90076622	1240051	101471503
5589	1220	1662	2752	1131288	90091558	1510719	133729279
5590	2100	3371	8572	1131422	90104613	3004621	333691486
5591	4011	5017	3564	1132392	90206937	1354490	115176422
5592	960	2198	853	1133208	90289272	2545294	268839900
5593	3773	3822	1292	1133269	90295954	1605063	145359416
5594	2655	4973	3218	1133305	90299292	2846986	311480979
5595	2681	5335	2136	1133392	90307304	1167203	94152431
5596	1271	4284	2185	1134345	90399899	1929797	185742888
5597	2363	3990	4247	1134836	90445222	2853988	312318780
5598	1346	5185	708	1134935	90455077	1456796	127212893
5599	525	4654	2226	1134991	90459457	1279299	106161795
5600	1566	1755	1109	1135118	90472544	3603325	427196801
5601	94	979	238	1135389	90500794	1365106	116483737
5602	2724	4396	3718	1135462	90507293	2423566	251944903
5603	1074	3964	1325	1135697	90531034	1717573	159922396
5604	905	2423	957	1136133	90579293	1416692	122912297
5605	4049	5540	10479	1136245	90590906	1262475	103996147
5606	1	850	320	1136425	90614992	1234114	100812685
5607	1668	5353	4233	1136470	90621436	3921956	482133065
5608	2297	3996	3741	1136665	90647729	1821618	172762684
5609	3553	4975	3731	1137019	90694140	1330451	112473730
5610	2124	2208	3192	1137068	90701709	1704351	158040210
5611	3158	5045	4265	1137148	90713538	3346228	387168496
5612	1464	4926	4500	1137182	90719082	0	0
5613	3422	3669	2356	1138014	90842924	1240051	101471503
5614	3762	5188	3977	1138188	90864006	1294969	107998300
5615	1388	1446	924	1138359	90887544	1304215	109181597
5616	2219	3388	4208	1138662	90929077	1564361	140369048
5617	1238	2970	2457	1138874	90959945	1760375	165527667
5618	2711	5214	5506	1139468	91039808	1926768	185303358
5619	3697	5575	3917	1139657	91065584	1486934	130869334
5620	238	4878	1961	1140188	91146053	1892604	181407046
5621	2341	5094	2147	1140585	91198550	1453450	126815897
5622	2769	3426	3477	1141612	91331577	1365206	116495754
5623	3905	4599	2303	1142149	91394359	3334379	385245766
5624	1551	4153	852	1142722	91460413	1466400	128437349
5625	2585	3562	2136	1142855	91471590	1450457	126432383
5626	683	3849	900	1143550	91548395	1598575	144511837
5627	1979	5339	3507	1143627	91556050	2729451	294581213
5628	1928	5036	2767	1143719	91566849	1147518	91919954
5629	819	3448	2806	1145048	91699717	1173146	94731704
5630	306	4105	1744	1145131	91706491	1467969	128643915
5631	2208	2394	1423	1145699	91759982	0	0
5632	2552	4862	1057	1146009	91788608	2265728	229824192
5633	3159	4176	5600	1146598	91836740	2014536	197375008
5634	481	4400	2236	1146747	91849316	1830711	173959941
5635	1242	4635	2756	1146843	91857324	1178869	95299193
5636	3090	5628	6031	1147518	91919954	1457172	127259010
5637	3766	5354	4249	1147558	91924063	1307542	109608050
5638	352	4320	2803	1148408	92011978	3287950	377249327
5639	3524	4355	3682	1148878	92057270	1260701	103794145
5640	3635	5331	5693	1149254	92091668	3695354	443129097
5641	1713	3744	1935	1149372	92104306	2106688	209238138
5642	130	3725	1918	1149466	92114157	2447797	255374546
5643	4107	4807	7648	1149820	92153422	1538715	136825104
5644	781	4125	1623	1149898	92163225	1304546	109234976
5645	2388	2827	4393	1151053	92294063	4232482	534245281
5646	2672	4021	8304	1151566	92350051	0	0
5647	5250	5422	7370	1151981	92395755	2403400	248776312
5648	87	2628	2374	1151984	92395914	1834548	174426957
5649	232	5110	2380	1152435	92447606	3750325	453004976
5650	170	3207	1403	1153338	92559440	2551046	269436430
5651	64	5071	2662	1153596	92592899	0	0
5652	1452	2025	1954	1153908	92631077	1577253	141735247
5653	1387	1937	1137	1154017	92646268	2869254	314234853
5654	929	4725	12569	1154941	92743722	1290720	107440079
5655	1714	5512	4047	1155286	92789983	1474138	129436117
5656	1626	2759	1681	1155815	92861176	1332521	112679377
5657	342	3042	912	1155961	92878759	2366173	243463215
5658	355	2425	2251	1156219	92909413	0	0
5659	4128	4863	1949	1156568	92953018	2166675	216792229
5660	3540	4863	3320	1157287	93040908	1985898	193559512
5661	3558	4231	1234	1157545	93068693	2091750	207171793
5662	3861	4782	4924	1158132	93126539	1509574	133595206
5663	505	2206	1821	1158388	93154313	0	0
5664	3080	4162	2361	1158611	93177017	2416686	250891747
5665	1436	3400	2174	1158977	93213745	1164061	93799923
5666	2034	2056	1148	1159249	93242456	1502625	132721948
5667	1160	2707	1128	1159456	93263408	2176981	218163499
5668	796	2854	754	1159556	93273336	0	0
5669	1849	3105	2058	1159706	93288811	0	0
5670	366	1744	620	1159865	93303351	1928335	185527402
5671	1892	3000	1195	1159953	93309889	2359246	242527548
5672	1374	1735	381	1159957	93310029	2812760	306530182
5673	1288	1916	1546	1160043	93317748	1574426	141430754
5674	87	1450	525	1160354	93350016	1374734	117802843
5675	2444	4662	3556	1160450	93359382	4080098	507702563
5676	248	4892	1087	1160700	93384881	1885467	180590151
5677	661	5213	5823	1160859	93400381	2568787	271786779
5678	3690	4672	3931	1161362	93456553	0	0
5679	1550	2898	1921	1161611	93485052	1199493	97273256
5680	1219	1677	2185	1161818	93507469	3092555	347225178
5681	1932	5044	1344	1162081	93536651	1637503	149305202
5682	5122	5169	5187	1162142	93543542	0	0
5683	4808	5008	6035	1162446	93580381	0	0
5684	4875	5150	4072	1162531	93592680	1269551	104997567
5685	1286	1459	1938	1162777	93629053	3439396	402117443
5686	863	5009	811	1163340	93707838	2411415	250094797
5687	2271	3866	4296	1163545	93732748	1579132	141962664
5688	1362	5665	3016	1164061	93799923	0	0
5689	176	4492	4079	1164366	93843167	0	0
5690	1661	2984	1600	1164688	93885614	4357915	555781743
5691	2064	4735	1658	1165257	93953789	0	0
5692	2206	5595	3786	1167203	94152431	1198089	97119718
5693	524	2956	1215	1167304	94161332	1250685	102626642
5694	21	5554	2383	1167898	94214363	1574270	141415883
5695	3154	5429	7076	1168369	94256924	1311588	110119387
5696	3426	3937	3714	1168411	94260686	1322040	111482717
5697	1237	2738	2472	1168638	94284932	1302671	108967054
5698	543	2718	2842	1168661	94288627	1410829	122257381
5699	1961	3989	2190	1169073	94330886	2250258	227648110
5700	625	3266	938	1169367	94363510	1546564	137943695
5701	2840	3170	1856	1169583	94386632	2913229	320232951
5702	212	3210	1012	1169777	94405918	1979623	192680019
5703	4346	5177	2911	1170307	94457252	1669418	153448909
5704	1342	5325	1974	1170323	94458532	1828828	173712114
5705	3589	4155	2566	1170381	94465158	1772003	166951131
5706	279	4794	724	1170598	94491884	1383499	118887537
5707	365	4540	2038	1171748	94605889	1425509	123812905
5708	1054	5330	7846	1172789	94691958	1210151	98208093
5709	478	3079	3368	1172831	94696608	3752289	453296361
5710	3602	5629	4167	1173146	94731704	1810250	171308949
5711	1392	3474	2695	1173730	94792357	1265270	104396533
5712	740	4829	1224	1173939	94812519	2444732	254972643
5713	498	2359	1278	1174065	94824146	2120057	211192002
5714	14	3050	2137	1174275	94847502	0	0
5715	1975	2503	2980	1174309	94851230	2159151	215865352
5716	5317	5471	4942	1175200	94939344	1292608	107687366
5717	1742	4178	5278	1175255	94943518	1251358	102701565
5718	469	2450	652	1175412	94962046	1532796	136113916
5719	2196	5251	3650	1175554	94977885	1239863	101451536
5720	1064	1333	1133	1176548	95089294	2400739	248285159
5721	261	1098	541	1176678	95101165	1387054	119321510
5722	991	3860	2159	1176969	95128577	0	0
5723	2132	2864	2226	1177286	95159769	2241527	226561562
5724	1476	1815	352	1177341	95164210	1460885	127747365
5725	3033	5085	1451	1177662	95194348	1396561	120371816
5726	256	550	371	1178252	95244180	2154851	215389502
5727	95	974	805	1178314	95249371	1416692	122912297
5728	2036	3658	2731	1178483	95265157	1311713	110134695
5729	1405	1669	1832	1178602	95276447	2316017	236556849
5730	4035	5635	4460	1178869	95299193	1944148	187843209
5731	323	1116	1151	1179348	95341882	0	0
5732	1105	5390	3768	1179771	95378861	1225864	99910643
5733	2887	5158	4908	1180038	95402978	3975389	491084441
5734	493	1145	586	1180319	95430174	2175154	217945686
5735	950	1484	608	1180607	95456305	0	0
5736	1597	1650	658	1180883	95480157	1258598	103557914
5737	114	2298	1098	1181017	95494064	2709334	291452640
5738	8	5120	2260	1181133	95506100	1657266	151850250
5739	2930	3209	1998	1181163	95509161	1419373	123190858
5740	251	2315	627	1181193	95512144	3151172	356340527
5741	483	4010	2576	1181655	95553038	1701898	157767818
5742	741	3109	1635	1181905	95575450	3494894	410710538
5743	288	4899	709	1182004	95585564	1730757	161397492
5744	72	3561	1301	1182075	95592500	1874334	179226509
5745	3334	4020	2051	1182304	95613972	3948062	486437678
5746	1040	1494	1045	1182604	95645628	1202038	97529319
5747	666	5130	1438	1183150	95696086	2059783	203177164
5748	2450	3266	944	1183533	95730556	3031359	337549197
5749	2452	5559	1559	1183571	95733935	1539735	136975371
5750	2250	4290	1298	1183793	95752934	1435321	124667278
5751	277	4334	2834	1184385	95800941	1571245	141097070
5752	1581	3761	1030	1184428	95804172	1465611	128324632
5753	2418	3782	4714	1184545	95814112	1232716	100658946
5754	2416	3082	2464	1184933	95849028	2058320	203041223
5755	1578	2060	1378	1185246	95882495	1306082	109442609
5756	678	693	883	1185409	95896218	1661762	152404514
5757	2919	4765	7123	1185959	95945391	3069066	343273166
5758	927	4693	955	1186076	95957500	1336300	113071772
5759	2821	3041	5719	1186499	95998491	1704155	158014900
5760	763	3814	1399	1186732	96021304	3183458	361539955
5761	3835	5475	2631	1187014	96048824	1893269	181496573
5762	886	4044	2217	1187376	96085323	2368493	243826255
5763	202	814	816	1187538	96104289	1375126	117854002
5764	2240	2476	2722	1187853	96135029	1678557	154578666
5765	2075	4666	4704	1188034	96154024	1540731	137111891
5766	1010	1062	1042	1188479	96200199	1627724	148231608
5767	3487	4083	2692	1189087	96258094	3417134	398608949
5768	380	2355	1379	1189419	96294171	3798160	460731450
5769	286	450	325	1189890	96335524	1916858	184196435
5770	3209	4912	2457	1189925	96338352	0	0
5771	1509	4243	2320	1190258	96366159	2842568	310926671
5772	4570	5300	3436	1190549	96392138	0	0
5773	1122	3424	2569	1191475	96479409	3630059	431624630
5774	2240	4829	2452	1191828	96512425	0	0
5775	4569	5409	5572	1192547	96573283	1269160	104945537
5776	422	3386	1174	1192951	96611017	1870198	178724898
5777	209	3870	1755	1193203	96633756	0	0
5778	718	3217	1003	1193241	96637521	2433174	253309242
5779	2321	2418	2540	1193525	96663875	2302614	234672080
5780	3028	4400	3421	1193543	96665965	2232117	225247462
5781	2580	5102	4272	1193581	96667877	1824042	173066722
5782	56	831	202	1193643	96674074	2002259	195628409
5783	1846	3427	2905	1193939	96704103	0	0
5784	901	1858	986	1194598	96767767	1750447	163947383
5785	1772	2570	1547	1195397	96842072	2414163	250503307
5786	4335	4702	5458	1195579	96856892	1346660	114224394
5787	9	3532	2733	1195687	96865738	1385647	119161437
5788	3060	5150	3449	1195703	96866919	1351098	114759186
5789	5306	5501	4722	1196248	96923052	2152274	215059548
5790	2614	4643	1719	1196528	96954322	2205101	221742566
5791	2659	3138	4274	1197229	97028406	1264120	104226228
5792	2130	5410	3964	1197517	97054816	4436770	569672622
5793	245	3394	2518	1197554	97059022	4388824	561043879
5794	165	3825	444	1198033	97114878	4272257	540864219
5795	3678	5692	7280	1198089	97119718	0	0
5796	183	3078	542	1198635	97183212	0	0
5797	595	3380	771	1199092	97230028	2517220	265009118
5798	2413	3771	1843	1199203	97241115	1760132	165493831
5799	3362	5579	4439	1199318	97254127	1322215	111505365
5800	2505	5679	3624	1199493	97273256	1332914	112714069
5801	1818	5264	2655	1200337	97365038	0	0
5802	1353	2631	1816	1201327	97463980	2483155	260530057
5803	4365	5746	1997	1202038	97529319	1499875	132323388
5804	3047	4445	5453	1202242	97546367	0	0
5805	2921	3165	2614	1202568	97577478	1613659	146431443
5806	1451	1930	1981	1203815	97696742	0	0
5807	2830	3252	2365	1204841	97774876	1709137	158674511
5808	674	4317	807	1204860	97775982	0	0
5809	1738	2499	2704	1205144	97794895	2772389	300862941
5810	1559	5381	1553	1205485	97820613	2693588	289115776
5811	2438	2639	774	1205550	97825154	4028455	499431872
5812	1937	4232	4318	1205580	97827669	1364993	116469974
5813	1705	4259	1374	1205778	97846139	1442283	125374363
5814	88	3828	720	1206547	97906552	2401546	248432377
5815	3709	4951	4737	1206648	97913913	0	0
5816	2466	3145	1943	1206701	97917512	1309184	109804572
5817	798	3909	1577	1207211	97963048	2029222	199369677
5818	2804	3869	1040	1207235	97965738	2577906	273111256
5819	3813	3998	5315	1207925	98021937	0	0
5820	2631	4936	4028	1208221	98046543	1308762	109756120
5821	1522	4293	2725	1208577	98079898	1366935	116729893
5822	835	5494	612	1208632	98084335	1663615	152678302
5823	2310	5708	10877	1210151	98208093	1549847	138467684
5824	552	1898	1655	1210153	98208121	1417143	122958138
5825	1011	5127	2344	1210160	98208591	1234191	100820717
5826	4957	5102	5457	1211711	98358396	1301205	108753111
5827	4267	5383	2147	1211753	98363125	0	0
5828	2200	3961	2719	1211881	98374361	2440171	254322156
5829	3391	3999	7583	1212105	98396818	3652196	435402512
5830	1396	4266	3330	1212574	98451470	3157676	357607973
5831	347	4406	3406	1212828	98482801	2735801	295442039
5832	2286	2807	1524	1212942	98494682	1710001	158820666
5833	845	3026	2487	1213060	98509318	1967170	191011107
5834	1312	3195	2187	1213122	98516734	1555513	139246626
5835	3841	4039	5861	1213237	98531017	1397250	120454538
5836	1432	4274	4895	1213573	98579752	0	0
5837	5005	5254	4179	1214060	98648445	1313927	110480506
5838	2550	4367	3219	1214126	98657128	1703502	157937662
5839	2190	2836	1984	1215188	98813042	1346098	114163541
5840	3825	5191	3119	1215472	98852477	4140152	518337229
5841	2352	3734	2525	1216579	98983402	0	0
5842	2077	3994	1308	1216649	98990636	1383900	118941402
5843	1914	4214	3854	1217623	99096203	1566528	140596125
5844	1892	2839	1913	1217643	99098008	1364793	116450413
5845	852	3967	1940	1217732	99106532	3590908	425450010
5846	4290	4415	5356	1218402	99176090	1585194	142705406
5847	1271	3295	2333	1218552	99191615	0	0
5848	2741	3269	3295	1218721	99210970	1311419	110098254
5849	437	1068	684	1218993	99238651	2200845	221281477
5850	2324	5049	3867	1220485	99384824	1557570	139545442
5851	2910	4618	3781	1221017	99430620	1380597	118524009
5852	2648	5448	4889	1221037	99432640	1338864	113289748
5853	3234	4182	5078	1221201	99450893	0	0
5854	568	2174	2056	1222592	99585168	1875331	179347047
5855	5357	5501	7203	1222902	99611505	2304095	234886138
5856	2337	5364	2851	1223290	99649613	1324503	111792581
5857	898	5140	3730	1223430	99662307	0	0
5858	265	923	1143	1223717	99694247	1643952	150058927
5859	3878	4521	1150	1223830	99704035	1501185	132522966
5860	108	3653	818	1224179	99738318	0	0
5861	3543	4294	2382	1224183	99738409	2039918	200725608
5862	2381	4149	4056	1224322	99751882	2111994	210013408
5863	2838	3374	7809	1224991	99818557	1514092	134135518
5864	1356	5236	983	1225834	99906813	1527013	135461286
5865	3725	5732	5600	1225864	99910643	1405270	121495032
5866	894	3502	3768	1226313	99957202	1837251	174773475
5867	3976	4261	3101	1226614	99991561	2103284	208760182
5868	1845	4917	1661	1226639	99993900	2237212	225973677
5869	3976	4234	3561	1226883	100021391	1248689	102426305
5870	4241	5176	6879	1227932	100131963	0	0
5871	1945	5191	2895	1227954	100134465	1673283	153950497
5872	3584	5035	6068	1228089	100150600	0	0
5873	3670	3842	4156	1230354	100403024	0	0
5874	5	3758	579	1230379	100405222	1662781	152559481
5875	3876	4467	2492	1230600	100426778	1440960	125224315
5876	2198	5514	4840	1230938	100458595	4329669	551440071
5877	4410	4803	3688	1230946	100459452	2690364	288718825
5878	961	3218	1169	1231141	100483388	1338042	113221940
5879	3349	4740	1814	1231491	100520856	1450457	126432383
5880	995	3132	1147	1231524	100525535	1287475	107074440
5881	3315	3419	683	1231678	100542833	2948516	325316384
5882	524	2517	1241	1232308	100618245	2004393	195942579
5883	1398	3989	2129	1232612	100648912	4273300	541086736
5884	4390	5753	5536	1232716	100658946	1346708	114229207
5885	1950	3601	2530	1232721	100659148	1257321	103410763
5886	1386	5158	3546	1233445	100742087	2472312	258840429
5887	4226	5606	3106	1234114	100812685	2019012	197955191
5888	2116	5825	3050	1234191	100820717	2373741	244543350
5889	4618	5692	5221	1234353	100837413	1594714	144099820
5890	2368	4644	2620	1234418	100844963	0	0
5891	4196	5561	7733	1234619	100870184	2054343	202620660
5892	3776	5254	3197	1236250	101065812	3821601	464829735
5893	2546	5074	1181	1236374	101078812	1702318	157810504
5894	1260	2821	2903	1236626	101104427	0	0
5895	3563	5229	3761	1236740	101116804	1346660	114224394
5896	2123	3239	4859	1237099	101159444	1510719	133729279
5897	1634	2469	1296	1237722	101227623	0	0
5898	2617	5518	2239	1237799	101236802	2009040	196622497
5899	1171	2197	1749	1237860	101243619	2575668	272769852
5900	133	646	721	1238293	101290813	1577253	141735247
5901	3128	3864	3531	1239386	101402615	1445753	125845034
5902	2756	5719	5031	1239863	101451536	0	0
5903	5588	5613	2775	1240051	101471503	1708330	158550008
5904	306	507	172	1240464	101514759	1405935	121597306
5905	325	3190	856	1240949	101567468	1304105	109163605
5906	153	3002	1002	1241021	101574467	1847793	176082406
5907	4111	5566	5882	1241037	101576124	1436168	124744326
5908	2651	2996	2788	1241718	101646275	0	0
5909	3096	3288	3253	1241750	101650100	3963548	488818724
5910	78	569	684	1241999	101676468	1623403	147677437
5911	481	1786	308	1242226	101700169	0	0
5912	2203	3462	1394	1242350	101714365	1913474	183773184
5913	595	4646	2083	1242595	101739286	1734020	161815664
5914	379	3327	1467	1242749	101753658	3144883	355026983
5915	505	4655	2153	1242960	101778106	0	0
5916	3104	4887	2816	1243139	101798446	0	0
5917	2007	5753	5027	1243219	101807626	1282152	106488102
5918	1339	4562	2603	1243481	101835576	1644231	150087739
5919	170	2040	1320	1244225	101920523	1387787	119409196
5920	36	3712	3412	1244581	101956753	2752579	297663698
5921	908	1703	1268	1244671	101965818	1610444	146048213
5922	2041	4944	2503	1244832	101982688	1462126	127890885
5923	2722	4380	4630	1245294	102036001	0	0
5924	2490	3100	4096	1245338	102040189	1307542	109608050
5925	140	4862	162	1245366	102043118	2960020	326906476
5926	1162	3667	3486	1245502	102061526	3356480	388787452
5927	3353	5310	3942	1245560	102067626	1285537	106865645
5928	3754	4664	3843	1245665	102080665	1497495	131999263
5929	927	5277	2214	1247027	102249931	3420281	399109672
5930	4389	5869	6570	1248689	102426305	0	0
5931	128	4564	1288	1248911	102449829	0	0
5932	1064	2065	2289	1249244	102484845	1555076	139193635
5933	841	5732	4301	1249390	102499115	0	0
5934	2417	2836	1730	1249874	102549486	1370472	117212445
5935	1305	5693	1599	1250685	102626642	1967827	191125706
5936	3890	5514	6761	1250778	102637358	1586557	142875769
5937	1921	3943	1680	1251005	102660802	1374698	117799042
5938	3775	4376	2695	1251040	102663571	3348186	387519948
5939	4461	5530	4753	1251172	102678706	0	0
5940	2977	3180	1064	1251208	102682410	3207847	365117498
5941	4620	5717	5549	1251358	102701565	1726229	160909262
5942	1381	4954	5127	1251361	102702069	1698065	157347264
5943	4357	5547	5097	1251795	102766685	4359555	556000354
5944	2245	2748	660	1252495	102868328	1747781	163604318
5945	207	2441	1568	1252753	102904478	1317124	110858798
5946	1783	5187	2682	1253331	102978535	0	0
5947	3938	4539	4542	1254650	103130011	2002455	195653806
5948	641	5218	1385	1254857	103151300	3608856	427988906
5949	1366	1734	2434	1255575	103229113	1300955	108721367
5950	392	1061	556	1255778	103250420	2348928	241171589
5951	372	1557	1219	1255879	103260278	1440729	125203484
5952	3155	3432	3931	1255916	103263248	0	0
5953	3552	4743	1963	1256432	103315789	2914592	320438918
5954	1106	3108	2135	1256589	103333517	1439341	125070097
5955	1390	2665	1268	1256738	103347722	3145587	355174878
5956	1892	4910	3040	1257005	103376768	2002955	195726615
5957	1757	5885	3152	1257321	103410763	1586007	142797831
5958	4842	4848	7728	1257608	103442984	1365206	116495754
5959	3042	4422	1119	1258208	103512226	0	0
5960	1468	3743	2409	1258344	103527359	1791030	169142969
5961	4010	5736	2974	1258598	103557914	2904853	319140365
5962	509	2791	1226	1258861	103586207	0	0
5963	3839	4360	6763	1259555	103662271	2179235	218436781
5964	1989	2180	407	1259672	103675588	0	0
5965	4147	5153	2432	1259853	103694807	1343335	113825932
5966	2986	3427	5126	1260155	103727267	2399570	248067545
5967	1847	4313	5420	1260231	103737289	2991929	331601893
5968	4946	5639	4461	1260701	103794145	2107231	209318057
5969	3575	4163	2175	1261209	103856877	1925595	185140395
5970	677	3258	1871	1261513	103891516	1769389	166667821
5971	1546	2741	2722	1261905	103935260	1313030	110347305
5972	2254	2401	2440	1262331	103981539	1623504	147688826
5973	717	5605	11309	1262475	103996147	1272359	105339071
5974	1424	3950	904	1262841	104049395	1566528	140596125
5975	2061	4533	3271	1263125	104083692	2730396	294718538
5976	945	4566	3833	1263127	104083801	2467383	258086823
5977	578	4519	4062	1263292	104105074	0	0
5978	273	2144	1337	1263597	104149626	0	0
5979	3250	5331	6282	1263637	104154807	1832595	174177506
5980	790	1153	450	1263702	104163518	1896851	181951834
5981	946	3546	755	1263884	104190203	3804140	461709375
5982	2223	5791	5186	1264120	104226228	2617010	278809139
5983	2432	2997	1306	1264153	104231603	1529439	135732926
5984	3434	5562	2806	1264440	104278516	3230578	368467852
5985	2911	5157	3058	1264608	104301874	4068020	505681754
5986	2642	3654	5106	1265146	104376882	2412171	250202053
5987	2074	5711	3882	1265270	104396533	1404525	121389767
5988	1701	2405	1082	1265318	104404984	2019434	198006211
5989	654	3456	2062	1265698	104467987	2158610	215798432
5990	1723	5368	2177	1265717	104471630	0	0
5991	2259	3728	1067	1266368	104568524	2098447	208033268
5992	1600	3228	1485	1267024	104658891	3893558	476774086
5993	348	2947	521	1267221	104686146	0	0
5994	1568	1982	1616	1267409	104711089	2216996	223306758
5995	4072	4525	3976	1267682	104747485	2177838	218259881
5996	1449	4864	5792	1267989	104790545	1343059	113790007
5997	700	879	428	1268657	104883882	1429753	124154374
5998	3140	5775	7398	1269160	104945537	1751090	164058073
5999	713	942	995	1269381	104976460	1879265	179850057
6000	5308	5684	4668	1269551	104997567	1624391	147812616
6001	1545	2034	1397	1270325	105102417	2516259	264891751
6002	3210	3300	1309	1270327	105102425	0	0
6003	932	2717	1095	1270430	105115108	1380827	118553086
6004	1250	3757	4502	1271532	105244881	1370192	117170299
6005	13	3161	538	1271587	105251909	0	0
6006	5349	5973	13843	1272359	105339071	4425649	567505341
6007	1922	4028	661	1272728	105385797	2790662	303496707
6008	139	375	177	1272739	105387213	1606214	145510484
6009	2545	4768	1929	1272941	105414358	0	0
6010	2559	3530	2857	1273467	105481567	1488790	131045606
6011	3690	4931	3790	1274227	105573362	1431229	124270784
6012	4287	5286	3517	1275336	105702309	1278277	106040737
6013	3905	5194	1558	1275910	105769051	1280953	106354127
6014	2191	4207	7369	1276037	105782116	3126631	352333480
6015	4408	5588	955	1276385	105822322	0	0
6016	2160	4180	1432	1276543	105841317	4158320	521742968
6017	2283	3776	912	1276579	105845420	1511111	133781186
6018	2191	2327	3393	1276651	105853095	3600626	426782650
6019	1532	2510	334	1276968	105892219	4170365	523665325
6020	1070	1853	2040	1277072	105902628	2288398	232656715
6021	656	1248	639	1277105	105906432	1399862	120773472
6022	2950	4717	5996	1277383	105935558	0	0
6023	1555	6012	3844	1278277	106040737	1297909	108368962
6024	1352	4503	1874	1278283	106041252	2085966	206237178
6025	3243	4722	2317	1278549	106075606	2637825	281524709
6026	586	4771	1061	1278587	106081285	1942587	187534906
6027	2147	5327	1796	1279129	106143629	1995602	194799441
6028	2886	5599	3104	1279299	106161795	2585395	274232783
6029	3603	5406	4408	1279475	106181778	1491795	131335121
6030	1052	5104	2226	1280070	106256347	1744077	163144318
6031	4	6013	1561	1280953	106354127	3133058	353223971
6032	1142	2869	2280	1281220	106383979	2185862	219329332
6033	1536	4921	2230	1281306	106391852	0	0
6034	4425	5404	5173	1281794	106446605	1546391	137915106
6035	5471	5917	7356	1282152	106488102	0	0
6036	2657	4685	2766	1282580	106544512	0	0
6037	171	5432	2842	1284029	106708707	1949655	188750656
6038	492	5665	2288	1284283	106733486	1816715	172171125
6039	1064	1893	2414	1284344	106740097	1634631	148985153
6040	766	1373	818	1284570	106764539	1447695	126093462
6041	1149	4719	2116	1284838	106795557	1395140	120211570
6042	223	5243	2195	1285080	106818422	1509310	133565421
6043	3699	4565	1652	1285135	106823907	2639974	281847757
6044	1835	5927	4794	1285537	106865645	1354893	115233264
6045	1533	2295	660	1285753	106888913	3277249	375347626
6046	172	2094	760	1285986	106917176	0	0
6047	685	5049	3440	1286230	106945569	0	0
6048	203	3476	2824	1286760	107000126	1658166	151961644
6049	4156	5025	5998	1287161	107041584	3835338	467012201
6050	1420	2121	2260	1287178	107043802	4342371	553463165
6051	5117	5880	3412	1287475	107074440	1495988	131811599
6052	4723	5155	5276	1287696	107102188	2559088	270482034
6053	3036	4198	3367	1288054	107149322	1728418	161145425
6054	3701	4653	529	1288547	107208839	2010733	196824534
6055	611	3604	2337	1288739	107231956	1301283	108763100
6056	1288	4735	1745	1289602	107325951	3009100	334429948
6057	619	976	973	1289691	107336902	0	0
6058	450	1782	1594	1289863	107354739	4156206	521324366
6059	542	5396	891	1290270	107394650	1542512	137364941
6060	4179	4623	2599	1290630	107429701	2334719	239209138
6061	1014	5654	12761	1290720	107440079	0	0
6062	882	4635	3013	1291079	107492866	1857548	177103004
6063	115	3621	1100	1291488	107551452	2934543	323182530
6064	1344	3496	528	1291648	107569767	0	0
6065	681	5716	5030	1292608	107687366	1496027	131815712
6066	616	4950	2766	1292762	107706075	2699679	289914076
6067	927	2354	2958	1293235	107764543	0	0
6068	2237	2381	2189	1293497	107798501	1549084	138357267
6069	4756	4977	5348	1293557	107806520	1941490	187346924
6070	2000	2468	1967	1293591	107810833	1368115	116884055
6071	2201	4367	2180	1294087	107884122	1500254	132377441
6072	89	499	610	1294364	107923947	2265390	229772937
6073	4425	5614	7302	1294969	107998300	0	0
6074	149	2292	1571	1294992	108001224	1380434	118504862
6075	1064	1384	2358	1295162	108021727	1695963	157086966
6076	3931	5104	3431	1295430	108054375	1431938	124348642
6077	58	4860	1408	1295864	108116510	2102287	208601090
6078	3328	3870	3679	1296525	108198698	1396561	120371816
6079	1293	1949	1058	1296821	108231232	2604911	277345144
6080	2140	5485	2641	1296827	108232111	3100910	348697951
6081	254	2385	1614	1296917	108243127	2339960	239884464
6082	3869	5309	4389	1297273	108284787	2347866	241020503
6083	1998	2529	3371	1297421	108302217	1500058	132348410
6084	109	4913	2060	1297559	108321513	0	0
6085	1144	3386	1598	1297845	108360451	1299209	108532489
6086	4181	6023	4399	1297909	108368962	0	0
6087	67	1278	119	1298279	108417682	0	0
6088	2894	4533	2473	1298782	108480855	4418689	566203094
6089	243	6085	1730	1299209	108532489	1406300	121646329
6090	868	4498	418	1300016	108622850	0	0
6091	1891	5432	3461	1300196	108642642	3369561	391096139
6092	1909	2205	3375	1300641	108688120	0	0
6093	1942	4038	2792	1300772	108701774	1316303	110772228
6094	3986	5949	6989	1300955	108721367	1633532	148879120
6095	5192	5826	6515	1301205	108753111	2879855	315687293
6096	3257	6055	3937	1301283	108763100	2454098	256256863
6097	3531	5106	3048	1301361	108775247	1441546	125283331
6098	155	3870	1565	1301986	108864884	2180032	218554789
6099	163	1425	1240	1302082	108880313	0	0
6100	2556	5113	3740	1302268	108907189	2196413	220730751
6101	914	5004	1252	1302283	108909364	0	0
6102	565	5697	2716	1302671	108967054	4079394	507587897
6103	1368	5442	2039	1302974	109007180	1560280	139931811
6104	959	4994	2437	1303017	109014217	2127572	212042958
6105	2389	3574	1462	1303186	109041124	0	0
6106	125	3449	1650	1303708	109112285	2543769	268682919
6107	2616	5905	4420	1304105	109163605	1354371	115162209
6108	4432	5615	9556	1304215	109181597	0	0
6109	1740	5109	1129	1304505	109227937	1490705	131233699
6110	1410	5644	2125	1304546	109234976	0	0
6111	2208	4932	3082	1304815	109272808	1903568	182612622
6112	545	1070	940	1305012	109300686	0	0
6113	2207	5755	1820	1306082	109442609	1729624	161271725
6114	4592	4920	2322	1307478	109601420	1568000	140767331
6115	121	2558	518	1307501	109603112	2955336	326218662
6116	5637	5924	8345	1307542	109608050	0	0
6117	1665	3687	1759	1308438	109718553	0	0
6118	1808	5820	4765	1308762	109756120	1497817	132041398
6119	2712	5310	4323	1308961	109777224	1721952	160421501
6120	219	4431	1185	1309000	109782303	3451029	403890153
6121	3998	5816	5651	1309184	109804572	2821600	307782130
6122	1070	3991	3306	1309688	109869137	2093713	207419829
6123	2789	6012	4491	1309815	109885804	1991225	194250216
6124	3082	5566	5188	1309868	109892281	2042523	201154206
6125	2329	3512	3406	1310692	109999592	3057213	341342778
6126	1494	5120	2818	1311220	110069724	2805266	305564126
6127	3885	5848	7949	1311419	110098254	2420382	251440864
6128	2139	5695	7247	1311588	110119387	1661060	152307701
6129	394	5728	3132	1311713	110134695	1730775	161400514
6130	1497	5869	5703	1311886	110162329	2500565	262902874
6131	1962	5325	2146	1312114	110200619	3686452	441562031
6132	1411	4085	2640	1312616	110277554	2973664	328818768
6133	4828	5971	3014	1313030	110347305	1771544	166896958
6134	1206	2923	2056	1313397	110401237	2968932	328205780
6135	660	5837	5031	1313927	110480506	0	0
6136	1775	2581	1825	1314907	110613044	1411320	122316419
6137	4068	6093	3517	1316303	110772228	1439119	125048902
6138	718	3229	770	1316769	110821957	2721243	293410018
6139	1694	5945	2222	1317124	110858798	1808688	171133790
6140	882	5100	3373	1317289	110874580	1922661	184783833
6141	4311	4739	8480	1317610	110911359	1496497	131873771
6142	2636	3998	5290	1317796	110932569	1819965	172558822
6143	2266	4131	9367	1318865	111066000	4099696	511191428
6144	4118	5274	5913	1319694	111176491	1463336	128018796
6145	913	5230	1644	1319756	111184785	1456813	127214866
6146	2737	4245	2894	1319835	111195431	1423479	123614108
6147	5272	5553	3733	1320636	111307557	1415979	122838064
6148	1670	2861	1400	1320703	111317434	0	0
6149	2336	5441	5871	1321937	111471156	1861782	177623427
6150	2600	5696	4414	1322040	111482717	1388744	119518138
6151	92	5799	4458	1322215	111505365	1846735	175944406
6152	636	1019	1136	1322991	111614811	1323832	111717179
6153	1175	3491	2220	1323037	111619775	2639060	281706744
6154	3594	6152	1526	1323832	111717179	1511735	133868501
6155	859	2482	716	1324029	111740630	1571566	141128938
6156	2735	4159	4450	1324244	111763706	3328196	384200416
6157	2019	5856	4935	1324503	111792581	2526361	266394354
6158	4408	4655	2518	1324785	111832676	0	0
6159	527	4853	706	1324823	111837280	1855033	176831922
6160	4027	4679	4516	1325230	111888658	1841813	175343417
6161	119	5008	2132	1325240	111889625	1492859	131453314
6162	3008	3641	2740	1325365	111904430	1379376	118374448
6163	1357	1458	1472	1325447	111915278	1617287	146932538
6164	1005	4699	906	1325744	111954826	4089875	509442432
6165	4673	5599	4008	1326008	111988516	1856535	176981447
6166	945	5307	2485	1326531	112057382	1407391	121817531
6167	3905	4345	2380	1326602	112067204	1399625	120742471
6168	860	1383	410	1327463	112174136	3167853	359200078
6169	4447	4786	1871	1327801	112210635	1482345	130369557
6170	2221	4050	3017	1327869	112219102	0	0
6171	737	5584	646	1328375	112276500	2933894	323080654
6172	147	3923	1793	1328946	112332657	1484223	130570739
6173	716	3142	1934	1329747	112405064	4104843	512151859
6174	2439	3335	2248	1329918	112423423	3607179	427750697
6175	2065	4645	2447	1329931	112424635	2464643	257753045
6176	2493	4709	1526	1330003	112430680	2139554	213508275
6177	954	5609	4170	1330451	112473730	1468607	128728575
6178	1472	5971	3810	1330893	112520513	4054344	503566589
6179	1626	2350	1807	1331327	112563263	1661770	152405332
6180	2035	3618	2907	1331450	112574349	0	0
6181	1519	1760	1642	1331725	112602283	1471024	129021102
6182	289	1713	1465	1332324	112660805	0	0
6183	4023	5656	2575	1332521	112679377	1677461	154451556
6184	1270	2082	2073	1332657	112689776	3674014	439293000
6185	1263	2966	1842	1332789	112702843	1717090	159859896
6186	4018	5800	4471	1332914	112714069	2412323	250224549
6187	3889	4464	6229	1333188	112743673	1353295	115020866
6188	2125	4167	1524	1333300	112755293	2707685	291218755
6189	975	2216	1390	1333661	112793661	1403278	121217398
6190	1037	4003	4811	1333997	112832791	0	0
6191	4803	5341	2651	1335138	112959682	2180127	218567800
6192	2777	4710	3808	1335850	113027772	2149656	214715389
6193	1258	5758	1722	1336300	113071772	2106020	209147534
6194	2987	3904	1624	1336563	113093791	1452458	126692599
6195	1609	4376	2146	1336938	113127323	2048141	201919236
6196	1500	3785	2310	1337817	113202593	1832544	174171550
6197	232	483	472	1337984	113217102	0	0
6198	3733	5878	3320	1338042	113221940	3102843	349032366
6199	2622	4905	2114	1338113	113227744	0	0
6200	1126	2224	843	1338181	113233105	2017693	197807122
6201	44	5852	4900	1338864	113289748	2073335	204503406
6202	1051	4667	5178	1338935	113296433	1611949	146223964
6203	1797	3323	3389	1339049	113308516	1681506	154961642
6204	699	4022	2365	1339164	113322448	2046182	201675933
6205	3948	5022	3582	1339423	113353051	2061341	203323309
6206	1533	4621	1962	1339464	113358206	0	0
6207	812	5395	1873	1339631	113378850	1807407	170980020
6208	4910	5514	6672	1339711	113388845	1542060	137295251
6209	4650	5128	4855	1339976	113422065	0	0
6210	1759	4532	2349	1341189	113573845	0	0
6211	2672	2938	1861	1341382	113595700	0	0
6212	34	2418	1783	1341537	113614910	2975935	329110794
6213	1236	2563	1268	1342174	113692733	2825733	308478364
6214	915	1203	1187	1342255	113700897	2384436	245919192
6215	3553	3729	5241	1342448	113721062	4096762	510689876
6216	2191	4383	3170	1342728	113755800	1518552	134590818
6217	3198	3691	1676	1342800	113762131	1784884	168448997
6218	2301	5996	7002	1343059	113790007	2380794	245389409
6219	4014	5965	3641	1343335	113825932	0	0
6220	29	3438	3534	1343911	113900547	2616406	278727416
6221	4121	4391	2476	1344033	113916109	2352756	241661111
6222	224	3211	899	1345372	114077903	3763415	454824084
6223	1292	5826	6134	1345569	114101203	2086018	206245458
6224	2206	5839	3634	1346098	114163541	2552005	269554403
6225	20	418	120	1346602	114218615	0	0
6226	5786	5895	9219	1346660	114224394	2752991	297726932
6227	1072	5884	5923	1346708	114229207	2641804	282117570
6228	110	5422	2271	1347023	114276533	1933735	186312163
6229	1680	1984	2352	1347534	114344480	0	0
6230	1665	3808	1813	1348700	114498783	0	0
6231	1907	5406	3191	1349723	114604758	1355450	115315585
6232	4519	5370	6479	1350034	114638947	2437112	253872696
6233	976	2065	1903	1350088	114644573	1509310	133565421
6234	2174	3848	4454	1350111	114646449	2964012	327529027
6235	1222	2478	3210	1350201	114656115	1451253	126533714
6236	828	3657	1456	1351083	114757614	3541948	418130356
6237	4121	5788	5105	1351098	114759186	2820963	307673111
6238	4025	4897	4285	1351242	114775850	0	0
6239	2017	4312	3366	1351274	114780661	1441737	125303782
6240	3578	4098	3859	1352041	114877974	2232239	225264307
6241	3109	4844	2364	1352408	114919883	3015840	335492830
6242	5528	6187	7700	1353295	115020866	2324986	237860436
6243	1962	4207	5736	1353605	115059554	0	0
6244	1571	2727	1194	1354120	115129226	3159015	357822873
6245	4148	6107	6117	1354371	115162209	1399138	120681993
6246	4736	5591	4517	1354490	115176422	1381789	118670965
6247	130	2937	2226	1354570	115187202	3269136	374135024
6248	2062	3458	2599	1354761	115214322	2010995	196858075
6249	1800	6044	5370	1354893	115233264	1527410	135493419
6250	1417	5349	3060	1354986	115246011	2253887	228060511
6251	2699	6231	3680	1355450	115315585	1563201	140252966
6252	4031	4595	1968	1355741	115359668	1530945	135899165
6253	1818	4226	3057	1355875	115382276	0	0
6254	2614	4055	1767	1356612	115495379	0	0
6255	2331	5048	1591	1357153	115565181	2882491	316096045
6256	2670	4721	2170	1357206	115572592	3951438	486995732
6257	720	1481	2695	1357713	115638106	1666860	153101111
6258	3531	5445	1829	1358119	115687889	0	0
6259	2972	4422	2748	1358184	115695528	2043843	201359970
6260	893	5486	2373	1358415	115726475	2357311	242247510
6261	4285	4593	946	1358739	115768362	2234300	225575307
6262	645	2621	1154	1359566	115863059	3228639	368228637
6263	3926	4946	3177	1359666	115873575	3310422	381200569
6264	1093	4940	1366	1359809	115887626	1714732	159514891
6265	1390	3344	3145	1359968	115904400	3993807	493943927
6266	1935	2830	2679	1360206	115932080	1360495	115963339
6267	1641	6266	3263	1360495	115963339	4064339	505189765
6268	1692	3984	1423	1360733	115990241	1762524	165803436
6269	614	5101	3013	1361125	116035629	0	0
6270	2680	4712	3075	1361776	116109799	1791528	169193673
6271	1965	4663	2931	1361830	116117256	2011722	196956159
6272	3931	4679	4486	1362164	116158045	2001051	195465698
6273	4267	4400	2686	1362178	116159494	1933838	186327076
6274	1667	6231	4483	1362479	116196527	1615237	146635621
6275	237	4857	734	1362498	116199010	1397727	120516616
6276	4105	5580	2210	1362646	116217103	3224662	367715194
6277	2727	2860	1882	1363104	116271756	1628185	148288570
6278	668	4748	2430	1363529	116315404	1706550	158307343
6279	1315	2037	739	1363971	116360230	0	0
6280	798	3383	1191	1364136	116379527	2189588	219859058
6281	535	3580	753	1364333	116401713	2277541	231429198
6282	949	5844	2723	1364793	116450413	1706458	158294951
6283	1396	5812	4720	1364993	116469974	3475743	407877306
6284	1142	4499	2161	1365087	116481718	1785406	168502996
6285	3502	5601	3470	1365106	116483737	0	0
6286	5622	5958	11205	1365206	116495754	1813027	171645826
6287	1769	1812	1750	1365591	116553370	0	0
6288	4505	5821	6256	1366935	116729893	4031733	499917501
6289	2334	2462	1501	1367192	116762589	4134352	517309623
6290	3417	4620	3501	1367394	116790948	3919191	481577114
6291	422	3477	1202	1367426	116794465	3066508	342779044
6292	3633	5240	4122	1367911	116857049	1541977	137280666
6293	455	6070	2333	1368115	116884055	2502844	263197482
6294	1111	5147	4369	1368234	116900880	4172106	523925285
6295	3442	5298	2796	1368357	116916827	0	0
6296	756	3542	1955	1368713	116965669	1858878	177273926
6297	3413	5352	3201	1368876	116989851	1892604	181407046
6298	3142	4813	4545	1369288	117046992	1510613	133718643
6299	2011	2600	811	1369331	117054478	0	0
6300	584	2861	1190	1369504	117078445	1412095	122412448
6301	998	3934	787	1369641	117098168	1376919	118065074
6302	5568	6004	5443	1370192	117170299	4318736	549550122
6303	2106	2312	1229	1370386	117200195	2038087	200456127
6304	2490	5934	3469	1370472	117212445	3366060	390509414
6305	2554	3490	3946	1370640	117238610	1382065	118707552
6306	4857	5531	3001	1370922	117279719	1837344	174783497
6307	656	3073	1707	1371804	117408467	0	0
6308	916	4261	2322	1372513	117503905	1485326	130689658
6309	3275	3525	6370	1372590	117514233	1794063	169467828
6310	2312	5246	3878	1373003	117566245	2063446	203508814
6311	1036	5101	3280	1373123	117583448	2484244	260685869
6312	3911	4562	4293	1373229	117598598	3962573	488649557
6313	2200	2852	2017	1373785	117674953	0	0
6314	384	4534	1544	1374462	117768855	3686359	441545300
6315	532	5937	2206	1374698	117799042	1445753	125845034
6316	244	5674	656	1374734	117802843	3010191	334621257
6317	1609	5763	1666	1375126	117854002	1525595	135334881
6318	3197	3588	2995	1375294	117877190	1409809	122130669
6319	149	5629	2892	1376069	117968694	0	0
6320	584	3093	1908	1376392	118003834	1428197	124028861
6321	1031	6301	936	1376919	118065074	0	0
6322	3998	4583	4705	1377233	118099418	3206037	364888885
6323	4894	5255	5101	1377381	118114326	0	0
6324	4954	5250	9406	1377480	118125578	2546626	268972321
6325	2085	2155	4423	1377684	118156443	0	0
6326	2016	3157	2369	1378027	118199465	2541975	268478993
6327	1355	3917	2136	1378833	118310571	2814457	306733256
6328	154	4207	5201	1378957	118324929	1750467	163950250
6329	777	1239	1241	1379371	118373708	0	0
6330	1549	6162	3462	1379376	118374448	1468483	128712212
6331	1704	6074	2539	1380434	118504862	0	0
6332	2879	5851	4903	1380597	118524009	1639395	149526209
6333	4493	6003	4929	1380827	118553086	0	0
6334	474	1697	285	1381152	118593508	2237333	225986380
6335	27	6246	4535	1381789	118670965	0	0
6336	2826	6305	4625	1382065	118707552	3253377	371744977
6337	2445	5325	2946	1382638	118780218	2282171	231994824
6338	4329	4762	6225	1383302	118861087	3447612	403381812
6339	2034	3815	1505	1383335	118866951	2251533	227780746
6340	2128	5706	2784	1383499	118887537	3460193	405356043
6341	3059	5842	2561	1383900	118941402	2999006	332767553
6342	601	1905	2255	1383955	118947665	1604526	145296708
6343	943	4593	477	1384631	119038667	1605854	145461047
6344	2099	2184	846	1384865	119064416	2759909	298892610
6345	587	5034	1677	1385199	119108299	2502844	263197482
6346	4114	5787	4640	1385647	119161437	3027790	337042741
6347	5000	5842	3405	1385873	119188646	1475589	129619434
6348	1677	2358	1843	1386408	119254109	1915498	184040852
6349	2574	5601	1513	1386599	119275463	1817822	172305884
6350	356	1384	1718	1386930	119309768	2763169	299416195
6351	1617	4656	2098	1387035	119319670	2019495	198014243
6352	3615	5721	6966	1387054	119321510	1938785	186949066
6353	1713	3773	2243	1387522	119375019	0	0
6354	1124	2297	1226	1387548	119378562	1514794	134218317
6355	3110	5919	2642	1387787	119409196	0	0
6356	35	612	454	1387905	119421620	2082041	205612480
6357	641	2560	2310	1388423	119488933	1877322	179596559
6358	1665	2189	1427	1388731	119517074	2178717	218362757
6359	2918	6150	6656	1388744	119518138	2400259	248189202
6360	2974	3602	2731	1389172	119570230	2012133	197012085
6361	943	1174	369	1389297	119586317	1996581	194927425
6362	3088	5400	4996	1390494	119724014	1560280	139931811
6363	1995	4020	1894	1391012	119783229	1894314	181635040
6364	3263	3394	5157	1391667	119853222	1990878	194206376
6365	1606	2273	1961	1391861	119873592	3169277	359430256
6366	2443	2706	1972	1392507	119944047	1534715	136346999
6367	2101	2632	2375	1392597	119953779	1399940	120784529
6368	107	2903	1864	1392940	119988476	0	0
6369	489	2065	1755	1393092	120004917	0	0
6370	3387	3747	2642	1393556	120054744	2334683	239203898
6371	50	1945	153	1394076	120103133	0	0
6372	2903	4444	4773	1394170	120114072	0	0
6373	316	5637	4368	1394344	120131484	1546391	137915106
6374	227	1304	297	1394429	120140359	1811445	171454973
6375	891	1184	718	1394878	120183438	0	0
6376	1743	3886	2651	1394956	120192443	3743138	451699446
6377	5126	6041	3839	1395140	120211570	1586213	142825643
6378	901	2173	942	1395786	120282769	1899290	182205297
6379	621	5224	3926	1395815	120285334	0	0
6380	4976	5198	4496	1395839	120287599	2417579	251017248
6381	1409	4234	3871	1396500	120361969	1864567	177984563
6382	5725	6078	5130	1396561	120371816	2958913	326727656
6383	2036	5835	6296	1397250	120454538	0	0
6384	150	1884	687	1397660	120508676	0	0
6385	462	6275	1055	1397727	120516616	2956597	326381784
6386	3775	4122	2543	1397817	120526996	0	0
6387	1858	2006	1375	1398479	120606850	1497495	131999263
6388	687	4866	3639	1398848	120652122	0	0
6389	1855	6245	6788	1399138	120681993	1430907	124238856
6390	2227	6167	3281	1399625	120742471	2763131	299409705
6391	5372	6021	4077	1399862	120773472	2355793	242027203
6392	5628	6367	5142	1399940	120784529	1649078	150732049
6393	2816	5322	6041	1401333	120964380	0	0
6394	1500	4559	3777	1401517	120989450	0	0
6395	3449	5009	2138	1401816	121028195	0	0
6396	3168	3787	4062	1402171	121072407	1825453	173251736
6397	150	382	158	1402449	121110704	1622165	147525005
6398	2221	6107	4877	1402628	121133834	2873396	314792063
6399	757	810	571	1402827	121159922	1506333	133221378
6400	3747	4127	3548	1403017	121185234	2774762	301202426
6401	3587	4199	2420	1403087	121193301	1691148	156441520
6402	239	6189	1511	1403278	121217398	2036913	200312871
6403	3791	5214	4954	1403499	121245708	1763938	165983070
6404	4956	5439	5063	1403760	121280829	3690564	442266757
6405	801	4409	1983	1403888	121301390	2603135	277088841
6406	995	3762	2443	1404010	121319183	1966606	190931152
6407	713	5099	1719	1404016	121319844	2242226	226668002
6408	2538	5987	4358	1404525	121389767	1929813	185745709
6409	1166	5865	5980	1405270	121495032	2407553	249514309
6410	933	4131	8810	1405385	121512516	1711726	159065739
6411	369	1604	446	1405480	121526885	1915866	184083666
6412	1717	2028	632	1405849	121584949	2220088	223647687
6413	1524	5904	355	1405935	121597306	2500501	262894699
6414	4205	6089	2882	1406300	121646329	3168770	359351378
6415	2384	2594	2435	1406319	121649316	1691714	156517327
6416	125	4327	2572	1406469	121672119	1491768	131332375
6417	1884	2221	1112	1406663	121702583	1539927	137000792
6418	2519	2869	2340	1406831	121730156	2309804	235780184
6419	2791	4109	2061	1407040	121763721	2973664	328818768
6420	2518	6166	3356	1407391	121817531	2188920	219753980
6421	2027	6004	5561	1408920	122022413	2086424	206318296
6422	2623	2658	3531	1409140	122047775	4172112	523926110
6423	176	4009	1480	1409352	122074367	1956888	189711016
6424	378	3832	762	1409802	122129041	2544222	268729865
6425	4571	6318	3607	1409809	122130669	1537301	136647800
6426	1192	1839	1066	1409864	122138503	0	0
6427	2122	3841	3324	1410125	122171567	2800708	304934199
6428	3832	5698	3482	1410829	122257381	2005765	196151005
6429	1193	6136	2073	1411320	122316419	4080878	507834372
6430	2974	3473	2813	1411644	122356007	0	0
6431	1741	6300	1327	1412095	122412448	2192044	220178733
6432	1902	3135	4662	1412535	122459116	0	0
6433	1232	3363	4144	1413013	122512505	3684829	441243737
6434	1630	4707	4924	1413210	122534454	2362529	242980155
6435	3814	5816	2937	1413294	122544509	2969030	328218949
6436	21	1566	483	1413674	122589865	1779199	167808403
6437	4020	4621	2388	1413878	122612212	3429625	400476132
6438	571	4034	1386	1414221	122652182	1629834	148487383
6439	2559	3245	1732	1414270	122659130	1962444	190380249
6440	2012	3304	2536	1415153	122756003	0	0
6441	1947	1971	1287	1415836	122823612	3034106	337902151
6442	1541	6147	4284	1415979	122838064	3277249	375347626
6443	120	2434	593	1416061	122846346	2216560	223252190
6444	1201	4583	1252	1416242	122866215	2591986	275307686
6445	895	2431	2614	1416549	122897360	2311595	236007861
6446	5604	5727	1762	1416692	122912297	1575367	141528047
6447	1478	5824	2126	1417143	122958138	2039420	200644540
6448	3337	4208	7718	1417621	123003555	1552108	138785088
6449	1079	3921	1669	1417698	123012523	2578070	273137177
6450	3254	4644	1451	1417887	123032209	2407553	249514309
6451	1240	3491	1240	1418303	123076478	0	0
6452	445	1637	178	1418353	123081288	3553186	419842136
6453	1947	2783	2336	1418699	123120741	0	0
6454	2999	5183	5485	1418843	123135298	1457157	127257174
6455	1556	5739	4173	1419373	123190858	2836657	310087159
6456	816	2395	1183	1419404	123194804	3872311	473327567
6457	4472	5241	3563	1419705	123227599	2220863	223743978
6458	3488	5257	2213	1420995	123356079	1861782	177623427
6459	521	4265	2285	1421075	123363870	0	0
6460	3635	3873	2104	1421580	123415252	0	0
6461	2161	3116	2483	1421720	123430945	1522648	135040525
6462	3712	6367	5759	1421936	123454256	3246824	370758430
6463	4412	4591	3768	1422429	123508246	3091629	347056785
6464	358	4654	2168	1422577	123522600	3060605	341868574
6465	3153	4920	1342	1422714	123535750	2990777	331414032
6466	3955	4860	2104	1423051	123565812	2234300	225575307
6467	5105	6146	3221	1423479	123614108	3925281	482776022
6468	1661	2467	956	1424067	123672965	2108747	209536838
6469	3488	4462	2777	1424357	123700962	1464779	128206186
6470	112	5707	2059	1425509	123812905	2563999	271115879
6471	3352	4377	2968	1426102	123864547	1749931	163877781
6472	2110	3728	1076	1427185	123952010	0	0
6473	1983	3238	2417	1427407	123967667	1730745	161396487
6474	981	3818	1109	1427490	123972722	1636073	149130241
6475	1585	1681	1331	1427701	123990485	2441760	254552766
6476	102	4101	2108	1427802	123998105	1471024	129021102
6477	1594	6320	2180	1428197	124028861	0	0
6478	2511	5542	2666	1428302	124037664	0	0
6479	1174	4391	1139	1428681	124068953	1619181	147188126
6480	892	2347	1230	1428842	124082543	1441911	125326821
6481	1943	2913	777	1429358	124125596	1991225	194250216
6482	3252	5997	1533	1429753	124154374	1666860	153101111
6483	2702	4421	3507	1430065	124176133	1941820	187400625
6484	2120	2211	2977	1430306	124194336	2096205	207735612
6485	4798	6389	7864	1430907	124238856	2715247	292327817
6486	1260	5432	3260	1431044	124251758	2129068	212212662
6487	4012	6011	7656	1431229	124270784	0	0
6488	1384	4747	2027	1431327	124282649	0	0
6489	5223	6076	6087	1431938	124348642	1623504	147688826
6490	1955	4798	1357	1432488	124410148	1602351	145038342
6491	1573	2297	1418	1432984	124462635	1492859	131453314
6492	1696	5498	496	1434008	124560362	1915215	184008057
6493	3931	4327	4460	1435066	124645596	1961132	190220087
6494	807	4479	3105	1435277	124663187	0	0
6495	280	5750	1511	1435321	124667278	1736612	162132638
6496	814	4130	3169	1435561	124691138	1812410	171572214
6497	1647	4257	3767	1436087	124737056	1707753	158464503
6498	971	5907	6302	1436168	124744326	0	0
6499	2164	5907	6836	1436180	124745155	3742227	451482728
6500	3813	3987	2471	1436677	124804563	0	0
6501	1890	5573	2269	1437377	124877976	1455309	127046847
6502	259	1423	945	1437570	124898879	0	0
6503	130	5880	1233	1438729	125011434	4137142	517779312
6504	2064	4491	957	1439111	125048305	1494207	131618610
6505	1137	6137	4397	1439119	125048902	3643048	433772199
6506	2645	3414	2594	1439309	125066808	1464029	128106281
6507	1581	5954	2493	1439341	125070097	3279795	375782738
6508	575	3131	788	1439406	125077171	1877403	179606342
6509	1462	4723	4726	1440317	125165145	0	0
6510	2527	3194	1230	1440453	125177574	0	0
6511	3880	5951	1547	1440729	125203484	3782640	458093156
6512	5875	6147	6225	1440960	125224315	1533046	136142832
6513	2218	6097	3102	1441546	125283331	1729452	161252822
6514	4667	4970	5841	1441616	125290082	2791239	303565806
6515	1840	6239	4353	1441737	125303782	1589295	143360975
6516	2295	2813	1543	1441821	125315878	3124872	352103208
6517	4983	6480	3880	1441911	125326821	0	0
6518	313	1423	1000	1441980	125335906	0	0
6519	3365	4417	2744	1442180	125362214	1834887	174468477
6520	2375	4069	2538	1442194	125363263	1697006	157218261
6521	515	5813	1609	1442283	125374363	2100278	208303476
6522	3763	5281	4128	1442413	125393333	1747665	163590508
6523	1720	4118	2496	1443154	125502007	2615462	278606320
6524	2192	3534	1785	1443309	125522367	4009229	496122159
6525	4918	6480	2176	1443678	125569835	2298018	234012919
6526	4021	5514	11109	1443984	125607279	1464639	128185443
6527	2788	4116	4738	1444793	125714753	2669176	286201444
6528	2892	5423	3031	1445667	125836148	1458352	127421095
6529	5901	6315	5737	1445753	125845034	2644582	282528905
6530	2870	4003	5648	1446619	125959066	1689267	156152042
6531	1954	4260	1008	1446867	125989071	1691714	156517327
6532	1874	6040	1837	1447695	126093462	0	0
6533	1457	1632	1769	1448025	126131981	0	0
6534	4866	5549	6870	1448409	126176905	0	0
6535	4103	4500	1630	1448581	126194870	2857113	312701454
6536	356	528	502	1448674	126205370	1598733	144534379
6537	1926	4544	2390	1448924	126235926	2950142	325542226
6538	3365	3748	1674	1448962	126241823	2136154	213111665
6539	4185	4290	1941	1448974	126243080	0	0
6540	3810	4236	5770	1449113	126262033	2140982	213682359
6541	4451	5051	5266	1449290	126283845	1742018	162895109
6542	299	1463	854	1449755	126340853	1527410	135493419
6543	1197	2737	2417	1450081	126382931	0	0
6544	2446	4721	2901	1450287	126411121	1546626	137955010
6545	5625	5879	3950	1450457	126432383	0	0
6546	4864	4972	5675	1450746	126469011	2519176	265290272
6547	2133	4289	1780	1451181	126525482	2640867	281986299
6548	4199	6235	4807	1451253	126533714	2559088	270482034
6549	1337	6194	3359	1452458	126692599	0	0
6550	3636	4061	2176	1452796	126737829	2535914	267701867
6551	636	5621	2797	1453450	126815897	3275884	375101863
6552	4624	5492	6648	1453615	126834363	1813310	171684669
6553	1840	1874	2006	1453902	126872996	3097493	348102830
6554	1633	5371	2041	1454309	126928326	2341177	240044983
6555	279	2410	1966	1454892	126996413	0	0
6556	1567	6501	2698	1455309	127046847	2096375	207756143
6557	3929	5497	4655	1455744	127095541	1656463	151754237
6558	1233	1586	543	1456092	127134843	1845569	175806775
6559	4897	5746	3827	1456114	127137916	2239311	226258827
6560	1286	4482	2259	1456478	127176455	1693421	156761790
6561	1115	1437	1466	1456637	127195665	1934351	186397869
6562	5327	5598	1909	1456796	127212893	3016879	335633172
6563	316	2377	459	1456801	127213710	2443024	254733166
6564	5156	6145	4083	1456813	127214866	0	0
6565	824	2463	805	1457052	127243265	2039140	200602050
6566	2838	6454	7282	1457157	127257174	4032395	500017980
6567	2466	5636	6588	1457172	127259010	2913363	320250172
6568	891	1620	827	1457872	127359116	3865789	472223265
6569	4660	6528	7115	1458352	127421095	0	0
6570	1012	5294	1511	1458395	127427404	1546564	137943695
6571	396	1949	839	1458525	127447837	0	0
6572	1474	1581	1343	1458834	127488881	3234482	368984468
6573	4668	4922	3388	1459160	127534298	1520743	134818939
6574	3442	6003	3181	1460242	127670921	1799024	170056388
6575	4273	5724	2444	1460885	127747365	1635469	149068332
6576	2092	5878	2112	1461167	127778310	1597104	144368610
6577	415	3144	1521	1461175	127778904	2273289	230926234
6578	5126	5922	4226	1462126	127890885	1810757	171369631
6579	2708	4392	3387	1462468	127927008	2836609	310079345
6580	1290	4349	2835	1463185	128005064	2968627	328161725
6581	3631	3968	2339	1463239	128009935	0	0
6582	303	6144	5978	1463336	128018796	0	0
6583	2574	3537	2950	1463465	128037730	1893744	181557041
6584	480	3637	678	1463970	128099755	0	0
6585	3887	6506	5283	1464029	128106281	2145482	214226832
6586	552	2020	1000	1464476	128167706	2000764	195434119
6587	4628	6526	12865	1464639	128185443	0	0
6588	1190	6469	3971	1464779	128206186	1588086	143149875
6589	4659	5752	3711	1465611	128324632	3912280	480101118
6590	104	3449	1633	1465643	128328999	1743400	163062905
6591	3775	4417	2937	1465658	128331946	2041076	200917179
6592	917	1000	330	1465985	128383054	2074017	204595954
6593	1255	1673	1238	1466013	128387152	2368493	243826255
6594	3663	5624	2241	1466400	128437349	1917826	184304822
6595	451	878	263	1466622	128470272	1688145	155986990
6596	4461	5579	4101	1467275	128558392	1470338	128931977
6597	1994	2391	1491	1467450	128579268	3993215	493853315
6598	218	4621	1865	1467512	128587266	1663615	152678302
6599	180	5787	2855	1467782	128620226	2799402	304739544
6600	3462	5630	1877	1467969	128643915	3132867	353198867
6601	4126	6330	5206	1468483	128712212	2452306	255997635
6602	1145	6177	4622	1468607	128728575	0	0
6603	1410	2773	1610	1469813	128876586	1622613	147578207
6604	3302	3601	3290	1470125	128910403	2719604	293160654
6605	4509	4955	4271	1470268	128925419	2683311	287831740
6606	262	6596	4249	1470338	128931977	2277818	231461862
6607	708	1339	1044	1470446	128946717	3169277	359430256
6608	443	4859	3434	1470678	128977028	2809591	306130406
6609	6181	6476	3750	1471024	129021102	1938799	186950568
6610	1527	4139	4212	1471375	129074307	0	0
6611	2219	4211	5412	1471521	129093003	3506343	412459827
6612	1326	1466	1630	1472487	129227286	1743729	163103079
6613	1182	5205	3763	1473105	129304986	1697833	157320226
6614	3156	4546	1948	1473296	129333181	1610758	146083303
6615	55	1456	377	1473432	129349486	4408792	564481020
6616	1095	1304	251	1473664	129378872	0	0
6617	1306	5598	1276	1474042	129425953	1511735	133868501
6618	3648	5655	5268	1474138	129436117	0	0
6619	4041	5350	3138	1474906	129532976	1707753	158464503
6620	1015	5264	3257	1474919	129535298	0	0
6621	186	2725	764	1475150	129564748	1545497	137791366
6622	112	4976	3912	1475291	129581230	1882948	180287876
6623	5244	6347	4912	1475589	129619434	0	0
6624	1024	5695	7142	1475761	129643057	1627955	148257081
6625	1160	4982	2034	1477457	129853103	0	0
6626	429	1796	366	1478075	129919550	2581223	273589599
6627	470	2234	552	1478164	129928087	1724659	160726074
6628	3686	5856	4480	1478550	129965700	2553772	269796055
6629	697	4720	2288	1478579	129970009	1890442	181153227
6630	891	3700	2753	1478776	129991031	0	0
6631	2794	3739	1821	1478847	130000451	2449223	255553882
6632	4132	5228	1335	1478872	130003616	0	0
6633	1512	3900	654	1478972	130014939	1775455	167374213
6634	619	5497	3355	1479210	130042073	4016449	497368141
6635	2670	3964	2478	1479387	130060639	0	0
6636	299	6177	4303	1479401	130062271	0	0
6637	436	5045	2004	1479952	130123246	3670942	438694315
6638	2462	4121	2804	1480177	130146800	1676611	154344180
6639	2402	4579	2997	1480460	130176354	1750903	164023468
6640	2714	3473	4896	1481187	130253172	1667559	153195875
6641	4221	5531	3008	1481968	130333899	1521201	134870073
6642	2429	3246	4019	1482035	130339723	2853314	312236627
6643	2653	2723	3376	1482285	130363593	2011882	196978659
6644	4714	6169	4260	1482345	130369557	3598441	426451950
6645	2563	3089	2119	1482396	130376116	0	0
6646	154	5945	1674	1483413	130492182	1571245	141097070
6647	3006	4251	2690	1483988	130548497	3375156	392066463
6648	3162	4853	661	1484014	130551173	0	0
6649	3836	5192	2862	1484130	130562166	0	0
6650	5168	6172	2328	1484223	130570739	2234361	225585556
6651	2394	4455	3036	1484820	130635834	1752186	164265353
6652	3767	6308	3429	1485326	130689658	1621900	147494514
6653	5195	5368	4506	1485363	130694605	3074764	344409290
6654	2525	2528	3857	1486005	130765872	1804121	170595996
6655	1719	5619	4372	1486934	130869334	0	0
6656	1265	5378	1387	1487433	130920934	0	0
6657	2558	3468	1889	1488787	131045497	1635888	149109795
6658	2694	6010	3722	1488790	131045606	2514471	264650705
6659	3368	4729	4378	1489299	131095939	0	0
6660	1036	4566	3741	1489663	131133471	1906413	182878436
6661	4743	5813	1966	1490288	131194128	1588086	143149875
6662	3981	6109	3652	1490705	131233699	0	0
6663	2426	4520	2239	1490767	131239424	1954233	189366471
6664	589	4043	2302	1491429	131301060	2843169	311008560
6665	3285	6416	2790	1491768	131332375	1603543	145180187
6666	2126	3450	3367	1491771	131332645	3426313	400009530
6667	1694	6029	5062	1491795	131335121	0	0
6668	1959	5297	3471	1492169	131376297	0	0
6669	6161	6491	3550	1492859	131453314	2030291	199496244
6670	1700	2785	3303	1493049	131475727	0	0
6671	2874	3823	2389	1493228	131496645	2188058	219628862
6672	283	1885	826	1493361	131512819	3301279	379447765
6673	1179	1460	1354	1493439	131523350	2940552	324093248
6674	192	4002	2615	1493443	131523611	1712129	159129410
6675	71	1816	96	1493571	131539667	1968057	191167787
6676	1071	3037	3256	1493895	131582738	1862590	177716839
6677	705	6504	1280	1494207	131618610	1658950	152054798
6678	2700	4267	2216	1494527	131653620	1589006	143313497
6679	1022	2972	3056	1495401	131747665	1947006	188354159
6680	408	1569	933	1495613	131770161	4182900	525711354
6681	3299	6051	4384	1495988	131811599	2032336	199755542
6682	1066	6065	5222	1496027	131815712	2085441	206154203
6683	1271	6141	9512	1496497	131873771	3760652	454463782
6684	752	3104	1753	1497250	131971828	0	0
6685	3451	5540	4098	1497453	131995471	3435543	401424124
6686	5928	6387	5218	1497495	131999263	4001846	495014040
6687	5442	6118	6765	1497817	132041398	3432281	400878987
6688	5281	5604	4127	1498428	132128839	1538504	136795655
6689	3811	5684	6302	1498947	132200297	2030291	199496244
6690	1749	2248	2098	1499374	132261066	2397424	247725018
6691	145	668	382	1499792	132312512	0	0
6692	339	5803	2182	1499875	132323388	2304368	234930319
6693	5322	5537	5771	1499958	132333432	0	0
6694	5539	6083	5124	1500058	132348410	3772064	456274999
6695	3394	3420	3415	1500111	132356416	1903898	182641649
6696	5382	6071	3927	1500254	132377441	1622862	147606655
6697	3537	4499	3322	1500743	132451995	0	0
6698	1756	5859	1907	1501185	132522966	1881250	180094012
6699	1980	5564	5258	1501638	132584945	2214192	222966974
6700	1209	6041	3366	1502171	132659767	0	0
6701	4573	5666	3923	1502625	132721948	2893857	317609603
6702	136	3665	4667	1502769	132740890	2656384	284273549
6703	3464	3951	2211	1503100	132793202	0	0
6704	3291	3579	4759	1504077	132930246	0	0
6705	918	4288	4120	1504321	132963916	1605507	145414187
6706	3981	4272	4973	1505072	133070319	4317366	549244222
6707	855	1589	475	1505180	133084580	1657434	151870054
6708	952	1833	947	1505511	133123288	2900884	318615203
6709	2227	4441	2165	1506029	133185110	1671361	153703228
6710	1072	6399	958	1506333	133221378	1910419	183367543
6711	992	1719	1147	1506736	133270774	1598565	144511257
6712	2897	3530	3583	1506879	133285771	2378282	245091517
6713	2697	3951	4391	1507647	133369116	2769286	300402244
6714	2343	3476	6095	1507821	133394772	1842743	175459945
6715	855	3063	1695	1508299	133447600	1896147	181875495
6716	1357	4659	3207	1508306	133448179	4109991	513193652
6717	667	2183	765	1509207	133554506	2981781	329987783
6718	6042	6233	4098	1509310	133565421	0	0
6719	5353	5662	7761	1509574	133595206	0	0
6720	4399	6298	5915	1510613	133718643	1649926	150839516
6721	5589	5896	7611	1510719	133729279	1735848	162033134
6722	3721	6017	1673	1511111	133781186	0	0
6723	6154	6617	2802	1511735	133868501	2288645	232681699
6724	2417	2832	839	1512563	133972276	2204457	221672723
6725	2232	3105	1987	1512707	133987398	3943450	485637125
6726	4329	5490	3145	1512861	134006599	1740244	162664250
6727	2016	2432	846	1513647	134090753	0	0
6728	1972	3087	2037	1513905	134118411	0	0
6729	1856	5863	9740	1514092	134135518	0	0
6730	1395	3314	1581	1514767	134215823	3045336	339530969
6731	2497	6354	2725	1514794	134218317	1850617	176408498
6732	798	6275	1471	1515237	134269172	0	0
6733	26	3206	2307	1515692	134318914	0	0
6734	401	1974	394	1515896	134340617	2027285	199152657
6735	251	4560	3807	1517123	134461667	3006617	334016461
6736	2063	4501	2923	1518427	134580999	0	0
6737	59	6216	3187	1518552	134590818	0	0
6738	2810	4548	3208	1518643	134599521	0	0
6739	1142	4603	1044	1519092	134644659	3977063	491376998
6740	4808	5500	9499	1519418	134674976	3279187	375673299
6741	1970	4475	3116	1519909	134729540	2382967	245697464
6742	3937	5478	5208	1519966	134735256	3149321	355953098
6743	3691	6573	3856	1520743	134818939	1566280	140571520
6744	5803	6641	5005	1521201	134870073	1680528	154817264
6745	3394	5299	7945	1521349	134885034	1803894	170569614
6746	1656	2086	743	1521911	134958323	1883921	180400464
6747	2676	3139	2025	1522241	134995932	1592787	143882760
6748	336	6461	2633	1522648	135040525	2935872	323391145
6749	363	2547	1192	1522971	135074570	0	0
6750	3224	4713	3096	1523017	135080777	1666510	153051927
6751	1580	5044	913	1524487	135235355	2467536	258105140
6752	5434	5884	7384	1524621	135247089	1544402	137635074
6753	1097	1442	602	1524751	135259635	0	0
6754	3144	6317	2986	1525595	135334881	0	0
6755	552	1123	371	1525633	135338284	3552247	419718311
6756	2648	3303	3057	1526381	135406040	3137678	353881355
6757	26	489	238	1526925	135453234	0	0
6758	3692	5864	2001	1527013	135461286	1761973	165730874
6759	6249	6542	6224	1527410	135493419	1599715	144669427
6760	4319	5973	12631	1527455	135497677	4272131	540837162
6761	3650	4995	4864	1527643	135521455	2576976	272960652
6762	84	4900	1204	1527997	135566884	1691148	156441520
6763	4592	5176	6673	1528687	135646983	2122201	211431975
6764	1851	5983	2212	1529439	135732926	1759787	165444276
6765	2343	5420	5327	1530108	135808550	2067199	203858753
6766	1129	3167	2116	1530568	135858519	1746805	163488406
6767	5917	6252	6995	1530945	135899165	3213542	366005034
6768	877	5585	5957	1531373	135949809	2137377	213248844
6769	1201	1947	978	1532002	136024379	2130061	212345218
6770	220	2450	520	1532393	136068634	1752085	164247607
6771	527	5204	5455	1532424	136071473	2478536	259842150
6772	2804	5718	1479	1532796	136113916	3393512	394866629
6773	3506	6512	7304	1533046	136142832	2382962	245696914
6774	4801	5624	4025	1533658	136217911	2187767	219584554
6775	1118	5496	7087	1534142	136273371	2022864	198542445
6776	791	3519	477	1534523	136321900	0	0
6777	3668	6366	4237	1534715	136346999	1835950	174609060
6778	2641	4224	3305	1535061	136391150	0	0
6779	1214	4448	3090	1535196	136409799	0	0
6780	113	4380	3899	1536957	136615482	4182514	525640437
6781	1890	2162	595	1537015	136620308	2003046	195737690
6782	1360	1765	1439	1537021	136620671	0	0
6783	3185	3199	2086	1537047	136623239	2570234	271988624
6784	1091	4323	3575	1537261	136644068	4258145	538669377
6785	1774	6425	4085	1537301	136647800	3768963	455693180
6786	147	3377	2396	1537448	136666828	2676906	286994248
6787	2067	4569	2867	1537712	136699971	2384062	245862813
6788	1027	1176	965	1538394	136781933	3346494	387215571
6789	3614	5869	6169	1538407	136784115	0	0
6790	4771	6688	5082	1538504	136795655	0	0
6791	4094	5643	8298	1538715	136825104	1614389	146521945
6792	359	1577	869	1539323	136914209	1579381	141993343
6793	5322	5749	5757	1539735	136975371	2929851	322568793
6794	2793	6417	3104	1539927	137000792	0	0
6795	1750	3120	1749	1540604	137092875	3316235	382238383
6796	605	3925	1568	1540686	137105299	1563499	140284603
6797	5016	5765	5166	1540731	137111891	0	0
6798	367	1601	686	1541041	137156448	1729452	161252822
6799	2213	2661	1701	1541731	137247406	2975883	329103352
6800	4385	5504	3717	1541956	137277964	1688162	155989166
6801	1111	6292	5043	1541977	137280666	2390345	246728326
6802	1548	6208	6823	1542060	137295251	1707595	158444344
6803	1647	6059	1324	1542512	137364941	2549515	269273796
6804	1805	2598	1073	1543004	137437779	2390741	246790226
6805	651	3961	2860	1543274	137476663	2795479	304192461
6806	51	2484	730	1543555	137517992	3652424	435443355
6807	4123	5568	1306	1543859	137559024	1675782	154247130
6808	3024	4418	4504	1544036	137584468	2020682	198199028
6809	862	1956	861	1544101	137592773	1909755	183280221
6810	2418	6752	9150	1544402	137635074	3291772	377833723
6811	2076	5800	4633	1544508	137651327	1870018	178704119
6812	2606	6621	4491	1545497	137791366	0	0
6813	766	3737	1081	1545503	137792067	2500013	262838698
6814	3338	3961	2976	1545840	137842992	0	0
6815	1589	4950	2841	1546033	137867776	2537868	267980205
6816	868	6042	2459	1546386	137914608	0	0
6817	6034	6373	9541	1546391	137915106	0	0
6818	5700	6570	2449	1546564	137943695	0	0
6819	5907	6544	8783	1546626	137955010	1762162	165752517
6820	4511	5053	2908	1546743	137972603	0	0
6821	779	4292	1856	1546796	137982802	1727627	161065478
6822	3856	6570	3425	1547704	138143489	2660432	284900160
6823	393	5396	836	1547716	138145523	2549353	269257930
6824	704	6068	2660	1549084	138357267	3594003	425842268
6825	202	2288	1602	1549460	138411636	2326530	238097526
6826	2532	5823	11665	1549847	138467684	0	0
6827	351	3126	902	1550695	138592681	2788477	303229878
6828	2365	3963	2342	1551276	138670470	0	0
6829	585	3697	744	1551303	138674199	3561682	421111630
6830	2025	2914	3510	1551376	138684219	0	0
6831	1827	3000	1692	1551656	138724566	1668319	153305059
6832	2149	6448	8838	1552108	138785088	4400927	563221739
6833	923	3809	4416	1552441	138837891	3045068	339496855
6834	1167	3931	3006	1552934	138909053	4316448	549064999
6835	1145	5296	5353	1554180	139073746	0	0
6836	867	2922	693	1554620	139129190	3484491	409294246
6837	3680	5501	6916	1554627	139130513	0	0
6838	1954	5932	2993	1555076	139193635	1661303	152337437
6839	2063	2948	4435	1555487	139243081	2690364	288718825
6840	1181	5834	3043	1555513	139246626	1822571	172874767
6841	4625	5102	9005	1555861	139292997	3724451	448162055
6842	2121	5546	3815	1556012	139318446	1902388	182500643
6843	1004	4641	2401	1556873	139447991	2237333	225986380
6844	1986	4788	5201	1557061	139473419	2408138	249609539
6845	1106	2951	792	1557183	139490815	0	0
6846	3532	4784	5148	1557217	139494575	0	0
6847	1717	2936	1359	1557463	139531983	0	0
6848	872	5850	4085	1557570	139545442	1622080	147514606
6849	2190	2625	1172	1557589	139548579	3757347	454016756
6850	1639	3774	2017	1557724	139571020	0	0
6851	372	1706	568	1557806	139580635	1639530	149541972
6852	2501	5448	3303	1558505	139688516	0	0
6853	2352	2362	976	1558570	139698688	4352828	554996691
6854	30	3382	2012	1558826	139737061	1906953	182933172
6855	113	1329	564	1560175	139921327	2451014	255803753
6856	6103	6362	7035	1560280	139931811	0	0
6857	1538	2329	2435	1561930	140125359	3662520	437292305
6858	2520	6251	4122	1563201	140252966	2219094	223539316
6859	1305	1534	585	1563427	140277594	2466473	257975072
6860	1037	5119	815	1563486	140283226	1890203	181126077
6861	2323	6796	2586	1563499	140284603	0	0
6862	1783	4568	3293	1564002	140332504	1942946	187603039
6863	2742	4634	3632	1564062	140338474	0	0
6864	1957	3829	2556	1564153	140347812	2594433	275654166
6865	1739	5616	4889	1564361	140369048	1747781	163604318
6866	668	4580	1435	1565038	140445454	3212340	365795589
6867	2169	3403	2281	1565918	140537365	2826182	308560117
6868	1761	6743	4587	1566280	140571520	2407756	249545799
6869	5843	5974	4758	1566528	140596125	2171145	217366976
6870	1382	5799	4879	1566850	140632901	4195087	527985798
6871	40	5548	1702	1567184	140672422	2933759	323058685
6872	4525	5355	4595	1567678	140732640	1611765	146201317
6873	141	353	189	1567747	140739933	2549515	269273796
6874	584	6114	2570	1568000	140767331	0	0
6875	2381	2884	1974	1568190	140788193	0	0
6876	515	905	572	1568810	140857319	2020429	198159926
6877	822	2652	2844	1568907	140867665	0	0
6878	853	2158	507	1569343	140915949	2090679	207037602
6879	2915	3555	1970	1569719	140953792	3634116	432303519
6880	829	3147	2122	1569823	140963644	2207712	222113037
6881	1299	3952	1158	1570041	140985031	3999084	494627307
6882	3027	5203	2214	1571116	141085375	0	0
6883	5751	6646	4508	1571245	141097070	1791842	169228400
6884	4123	6155	1081	1571566	141128938	1653109	151305668
6885	1620	2651	2444	1571588	141130460	2373510	244514376
6886	1074	3563	903	1571662	141137519	0	0
6887	2375	5001	5473	1571923	141164371	2354721	241888910
6888	1444	4661	2423	1572013	141173400	0	0
6889	2553	5350	3086	1572334	141209274	1964998	190700532
6890	4236	5268	5770	1572927	141267893	3357926	389036848
6891	2843	6330	5286	1573106	141289615	0	0
6892	2154	5694	3298	1574270	141415883	0	0
6893	438	3230	3411	1574419	141430301	0	0
6894	4342	5673	2081	1574426	141430754	0	0
6895	2547	3290	1586	1575085	141499970	1907694	183021016
6896	5586	6446	4533	1575367	141528047	1829425	173799825
6897	3043	3422	2901	1575987	141598089	2450542	255732873
6898	376	3817	3023	1576098	141608997	1756647	165003486
6899	3333	5486	2785	1576279	141629811	0	0
6900	269	3457	2524	1576533	141657518	1758903	165315348
6901	4881	5852	7610	1576999	141706254	0	0
6902	5652	5900	2675	1577253	141735247	0	0
6903	2954	6320	4665	1577399	141752669	2269790	230426116
6904	571	1314	518	1577473	141761215	0	0
6905	138	1909	1228	1577591	141776257	0	0
6906	1104	1513	2439	1577937	141819966	1919479	184474531
6907	1198	5765	4892	1578737	141914750	3608398	427921655
6908	5245	5687	5485	1579132	141962664	3530325	416511176
6909	906	6792	1067	1579381	141993343	2858143	312837212
6910	2512	3952	3062	1579610	142021110	1994351	194646481
6911	4313	5233	7761	1580346	142105588	1640840	149700257
6912	497	2860	1105	1580564	142132060	3663307	437419029
6913	3084	5059	7623	1580722	142153364	2015045	197447073
6914	4269	6249	5932	1580782	142162743	0	0
6915	3390	4645	3128	1581012	142197535	3382555	393256120
6916	758	2256	2196	1581167	142218202	1679314	154669605
6917	205	4042	1246	1581871	142318053	2524133	266029592
6918	517	5004	708	1582627	142412035	3888154	475900387
6919	704	4971	2327	1582966	142456592	1743396	163062547
6920	2530	2618	790	1583293	142495960	0	0
6921	16	385	122	1583768	142549573	2208603	222253672
6922	1268	3432	3641	1584232	142596338	3049077	340079962
6923	3356	3957	2495	1584300	142604782	1854219	176752955
6924	1677	4985	1981	1584794	142663539	1953839	189310024
6925	635	5758	1143	1584837	142668005	2877194	315323601
6926	956	1063	625	1584841	142668415	0	0
6927	5315	5846	9251	1585194	142705406	2012191	197019902
6928	2639	3590	983	1585306	142719584	0	0
6929	477	4025	1804	1585641	142755185	0	0
6930	1041	5957	3598	1586007	142797831	1723724	160618661
6931	2062	4728	4234	1586015	142798916	1978242	192481705
6932	2941	3259	2532	1586178	142821058	2268735	230276883
6933	5028	6377	8491	1586213	142825643	2435922	253682190
6934	1688	5532	4974	1586514	142870133	2259109	228840629
6935	5458	5936	11140	1586557	142875769	3200477	364081673
6936	445	2431	1628	1587184	142998071	1850066	176350666
6937	1224	5043	1999	1587582	143062725	2484064	260656841
6938	6588	6661	5937	1588086	143149875	1984173	193300923
6939	4089	4935	7951	1588089	143150088	0	0
6940	5716	6678	7158	1589006	143313497	2289224	232753395
6941	629	6515	4575	1589295	143360975	0	0
6942	453	3329	1362	1589395	143379924	2928682	322416782
6943	2086	2176	1642	1590416	143551230	1857265	177067851
6944	633	784	960	1591557	143724842	2003791	195848073
6945	1307	3339	1336	1591563	143725260	0	0
6946	1099	1996	1481	1591787	143755042	2539721	268205794
6947	3604	6747	4122	1592787	143882760	1990878	194206376
6948	3766	4410	4084	1593857	144006632	4428008	567958658
6949	173	3009	1432	1594014	144023366	3392510	394724736
6950	5250	5889	10403	1594714	144099820	3610303	428206975
6951	3238	3801	2282	1595176	144150985	1607739	145710354
6952	702	1442	829	1595548	144197256	1754222	164639709
6953	2567	4420	3336	1595584	144201882	2205079	221739518
6954	1413	1424	2045	1596064	144258585	2711509	291773482
6955	412	2670	1467	1596221	144274881	2804092	305422647
6956	967	6576	2406	1597104	144368610	0	0
6957	1321	5553	2134	1597388	144394106	2257393	228571234
6958	1071	4365	1129	1597444	144400865	2825673	308468363
6959	2755	4597	1863	1597819	144437688	0	0
6960	1077	4070	1796	1598054	144462132	0	0
6961	1290	6711	1505	1598565	144511257	1834189	174384090
6962	5626	5654	13469	1598575	144511837	1778283	167687143
6963	4004	5132	4266	1598665	144524760	0	0
6964	1083	6536	847	1598733	144534379	0	0
6965	4019	5752	8500	1598892	144554006	1953839	189310024
6966	2549	3957	2329	1599080	144582906	2442546	254665620
6967	2019	6759	8308	1599715	144669427	2361034	242764537
6968	3191	3231	5273	1599741	144673736	0	0
6969	5379	5461	6716	1600457	144781514	0	0
6970	2554	4980	2039	1600653	144813271	1752186	164265353
6971	2421	6490	3405	1602351	145038342	0	0
6972	1042	2756	1638	1602400	145044027	2210314	222497350
6973	2726	5711	3085	1602555	145065745	2228573	224788057
6974	3979	4595	427	1602609	145072522	1798774	170027642
6975	1048	6665	3183	1603543	145180187	2149597	214709070
6976	3228	4368	1840	1604016	145236139	1689390	156171206
6977	1378	1688	842	1604311	145272182	1870289	178737593
6978	4945	6342	4070	1604526	145296708	2097808	207942389
6979	1377	4002	4134	1604538	145297883	1808088	171057373
6980	914	3759	3833	1604879	145338855	2535914	267701867
6981	3631	5593	2639	1605063	145359416	3467222	406458950
6982	177	401	327	1605338	145393564	1938741	186944749
6983	3560	6150	6491	1605491	145412254	0	0
6984	1659	6705	4751	1605507	145414187	0	0
6985	2770	6343	1586	1605854	145461047	2167316	216876129
6986	1649	3913	3699	1605897	145465676	0	0
6987	4629	6008	4350	1606214	145510484	2879855	315687293
6988	30	5211	7580	1607701	145704924	2086524	206334555
6989	3568	6951	2941	1607739	145710354	1838903	174984171
6990	5365	6059	2242	1609099	145892948	2735342	295382859
6991	1960	4982	1306	1609415	145935275	2560744	270684545
6992	2575	4599	1519	1609944	145995849	0	0
6993	2324	3083	1364	1610144	146015081	2935872	323391145
6994	4206	5921	3850	1610444	146048213	2549716	269295617
6995	4904	6614	5305	1610758	146083303	3160856	358107567
6996	1981	2649	1708	1611715	146195208	1931484	186004842
6997	1873	6872	6950	1611765	146201317	2019495	198014243
6998	2793	6202	7170	1611949	146223964	3016273	335551908
6999	498	4979	2413	1612882	146339463	2577282	273011838
7000	882	2291	3059	1613143	146369991	1888335	180927462
7001	2224	4443	3222	1613319	146390798	2306279	235246187
7002	508	5805	3013	1613659	146431443	0	0
7003	455	6791	8664	1614389	146521945	2196413	220730751
7004	1086	2810	2282	1614909	146593277	2959900	326885149
7005	624	5560	3375	1614923	146594713	0	0
7006	635	5496	6753	1615160	146625349	4023216	498583551
7007	3191	6274	7048	1615237	146635621	1772714	167033789
7008	514	645	518	1615613	146691942	0	0
7009	2620	4841	3660	1615650	146696537	2579873	273390350
7010	991	5184	4195	1616371	146806935	4186109	526326331
7011	3775	6163	2871	1617287	146932538	0	0
7012	773	3067	1057	1617601	146976487	1769053	166628673
7013	3186	5357	4476	1617624	146978816	3436863	401657004
7014	3511	5546	2224	1617875	147014954	3627302	431130679
7015	853	2084	767	1618926	147156175	0	0
7016	4514	6479	2525	1619181	147188126	0	0
7017	2602	4817	2976	1619739	147252224	2144943	214159889
7018	2100	5837	5043	1620288	147313484	0	0
7019	1897	5409	3836	1620703	147364559	0	0
7020	2371	3649	2454	1621621	147461778	2337492	239581723
7021	143	6652	3472	1621900	147494514	2186152	219364602
7022	2023	4258	2375	1621995	147505103	2020058	198103270
7023	3017	6848	4420	1622080	147514606	0	0
7024	2132	6397	1005	1622165	147525005	1775455	167374213
7025	117	3201	2115	1622265	147536137	3594184	425868621
7026	1875	6603	3010	1622613	147578207	1676260	154304324
7027	724	998	764	1622646	147580464	1677443	154449899
7028	3478	6696	4518	1622862	147606655	1693421	156761790
7029	1455	3329	2649	1623065	147631300	2318255	236850924
7030	2443	5910	1634	1623403	147677437	2072197	204375571
7031	5972	6489	8527	1623504	147688826	2221203	223782296
7032	3750	3816	2718	1624214	147786746	2433174	253309242
7033	2248	6000	5654	1624391	147812616	2162848	216308107
7034	417	4315	7656	1624583	147836636	3047702	339860655
7035	454	6469	3169	1624737	147861413	2228190	224731571
7036	239	4701	1932	1626088	148048703	4134135	517276796
7037	575	1307	429	1627137	148170334	0	0
7038	1858	5079	1848	1627329	148191708	1673470	153973983
7039	352	1909	1388	1627659	148225430	1676992	154394309
7040	44	5766	1053	1627724	148231608	0	0
7041	2136	2645	1642	1627891	148249378	2687756	288413606
7042	4199	6624	8739	1627955	148257081	0	0
7043	2012	4260	531	1628116	148280052	3065838	342664767
7044	1884	6277	2537	1628185	148288570	1924918	185054515
7045	661	1626	1084	1629081	148400052	1867911	178434241
7046	1755	3456	2242	1629162	148411267	0	0
7047	1749	1922	1499	1629650	148466479	1899808	182252566
7048	1296	4805	5217	1629804	148483789	2167090	216845505
7049	357	4944	1583	1629824	148486375	0	0
7050	459	6438	1522	1629834	148487383	1908796	183166995
7051	390	3201	2121	1629929	148497763	0	0
7052	724	2297	1131	1629979	148503577	0	0
7053	1228	4285	771	1631331	148670433	3016380	335566050
7054	292	1912	796	1631548	148692842	1939863	187125148
7055	766	2851	1275	1631975	148734299	1899290	182205297
7056	1469	2220	1357	1632922	148822089	1841457	175303864
7057	3740	3943	1474	1633040	148832851	1743400	163062905
7058	2964	2997	1491	1633185	148847690	1698385	157385575
7059	464	2010	874	1633252	148854077	1908079	183071426
7060	3648	6094	8210	1633532	148879120	2932409	322876094
7061	2200	2410	2503	1634291	148952531	2206810	221977479
7062	4518	6039	2673	1634631	148985153	1887866	180877835
7063	613	5503	3021	1634703	148992199	0	0
7064	496	2540	1143	1635057	149028344	1712889	159248363
7065	4052	6575	3276	1635469	149068332	3118218	351289655
7066	1257	4065	1305	1635575	149077856	3371555	391431173
7067	5258	6657	3207	1635888	149109795	1912225	183600375
7068	1060	5210	6366	1635921	149112401	0	0
7069	843	2927	752	1635979	149119000	2071743	204335758
7070	4010	6474	3425	1636073	149130241	3084871	346075201
7071	3717	3884	3541	1636264	149153294	2698760	289768540
7072	4137	4252	3132	1636397	149171792	1862566	177714117
7073	3507	5415	3947	1637501	149305024	0	0
7074	2756	5681	2725	1637503	149305202	2144854	214150985
7075	978	2241	254	1637701	149329041	0	0
7076	295	1869	2260	1638230	149394151	2674193	286739767
7077	1945	2563	1293	1638393	149416361	0	0
7078	930	1966	1427	1639368	149524116	1750467	163950250
7079	889	6332	5131	1639395	149526209	3338959	385956608
7080	3697	5728	3457	1639470	149534491	1929023	185627072
7081	4898	6851	5118	1639530	149541972	4447727	571825363
7082	1384	4267	2154	1639802	149574479	1759787	165444276
7083	2866	5099	1911	1640440	149656659	3797344	460588964
7084	2264	3828	2297	1640672	149683489	1795351	169629446
7085	5545	6911	8608	1640840	149700257	2065074	203644631
7086	2610	4419	2941	1641245	149757005	0	0
7087	1286	1890	1119	1641912	149840223	1745691	163349637
7088	2248	2303	1165	1642047	149855868	0	0
7089	2955	3236	3412	1642370	149893785	0	0
7090	623	3653	870	1642825	149944529	3306651	380449346
7091	1099	4456	953	1643629	150027943	3277217	375344086
7092	4586	5858	2561	1643952	150058927	1820894	172676707
7093	4472	5075	3967	1644179	150082070	1828568	173676490
7094	5674	5918	3128	1644231	150087739	3102843	349032366
7095	5271	5510	7437	1644468	150115065	0	0
7096	3520	5022	5832	1644586	150128610	3559679	420787429
7097	588	1090	972	1644941	150179000	3219357	366957803
7098	879	990	1021	1644953	150181292	0	0
7099	2960	4278	7353	1644997	150186648	1950919	188920966
7100	2508	5655	7951	1645185	150212424	0	0
7101	3614	4610	6762	1645705	150287858	0	0
7102	1209	4237	4750	1647519	150541472	1721305	160350523
7103	2493	5692	4609	1647592	150550515	1967358	191043413
7104	373	2611	3151	1648594	150674444	2677308	287043323
7105	3802	6392	7272	1649078	150732049	1959605	190042364
7106	1487	2790	958	1649359	150766182	2146906	214407201
7107	2366	2654	1347	1649445	150776964	2054597	202647968
7108	2997	5115	2794	1649499	150784608	1883940	180402752
7109	760	2451	848	1649908	150837293	1760726	165574089
7110	4824	6720	9625	1649926	150839516	2702814	290412561
7111	2408	3436	3327	1650219	150884511	0	0
7112	2090	2650	3882	1650677	150953720	1844463	175671083
7113	382	1343	765	1650760	150967530	2887396	316765893
7114	2253	5652	2360	1650769	150968953	3280543	375919506
7115	85	5393	1172	1650888	150988246	2962535	327310031
7116	850	5142	1456	1651488	151076577	0	0
7117	4602	6177	4766	1651501	151078628	0	0
7118	110	5054	2875	1652080	151162378	0	0
7119	625	2464	894	1652145	151171235	2905531	319224571
7120	292	5551	1314	1652215	151181785	3302372	379662200
7121	2672	3971	2726	1652406	151207842	0	0
7122	811	1309	792	1652679	151244059	3124007	352002786
7123	2618	5322	4622	1652905	151279106	2715575	292387118
7124	3734	5451	3536	1652908	151279363	2316691	236642388
7125	455	6884	1447	1653109	151305668	2926329	322088214
7126	236	5124	1711	1653171	151316201	3577737	423540435
7127	3708	6147	9517	1653256	151328674	2329738	238503885
7128	297	1394	548	1653271	151330567	0	0
7129	89	1117	454	1653727	151400555	2241261	226527772
7130	208	4262	1832	1654048	151450491	2939075	323864613
7131	234	2523	908	1655775	151674151	1784112	168378118
7132	400	488	373	1655971	151695008	3399303	395793157
7133	795	1435	1033	1656441	151751880	1833874	174343993
7134	373	6557	4709	1656463	151754237	0	0
7135	3764	6012	6969	1656647	151775505	1974531	192002909
7136	2037	2701	2287	1657142	151834923	3287882	377238486
7137	984	5738	2310	1657266	151850250	1835209	174510255
7138	2026	6707	1210	1657434	151870054	0	0
7139	2162	4541	1601	1657975	151936645	0	0
7140	3104	6048	3947	1658166	151961644	0	0
7141	513	623	345	1658803	152037107	1911336	183482144
7142	4850	6677	4794	1658950	152054798	2656069	284226251
7143	3072	4398	4864	1659112	152074737	0	0
7144	4335	4928	3239	1659792	152154595	0	0
7145	3676	3802	3816	1660208	152199852	1938799	186950568
7146	4135	5698	4250	1660213	152200421	0	0
7147	3103	3923	1862	1661012	152302116	1861398	177580908
7148	3647	6128	9855	1661060	152307701	2933524	323022723
7149	2710	6838	3512	1661303	152337437	0	0
7150	1568	5578	5024	1661411	152353092	1688775	156079240
7151	451	4922	1105	1661517	152369380	1872671	179034300
7152	4388	5494	1385	1661735	152401617	1788476	168844480
7153	484	5756	1177	1661762	152404514	0	0
7154	6109	6179	2936	1661770	152405332	3148346	355748602
7155	353	3642	775	1661920	152427998	0	0
7156	314	4974	3012	1662071	152449634	0	0
7157	2239	2705	3626	1662329	152486670	2041850	201045726
7158	3442	5874	2665	1662781	152559481	1696788	157191535
7159	1471	1712	1841	1662901	152577810	0	0
7160	1338	2263	3476	1663295	152635953	2460043	257144337
7161	5822	6598	2477	1663615	152678302	0	0
7162	282	5269	2001	1664303	152774592	1796947	169823808
7163	813	3021	643	1664881	152854931	2654291	283985527
7164	1056	2097	2058	1665071	152878588	1938785	186949066
7165	2969	5094	618	1665636	152945705	2661500	285050303
7166	1357	3196	1548	1665936	152980372	0	0
7167	2607	3324	3501	1665971	152983821	0	0
7168	452	1815	426	1666018	152988656	1784694	168432145
7169	1732	3073	2344	1666080	152997847	2442546	254665620
7170	2628	4929	5481	1666235	153016390	4105293	512239617
7171	2982	6750	5150	1666510	153051927	2185254	219251169
7172	777	1584	1289	1666676	153075134	2959598	326837250
7173	6257	6482	4228	1666860	153101111	3802252	461417451
7174	1621	6640	5146	1667559	153195875	4269583	540379268
7175	2889	3569	2994	1668036	153262990	1927740	185443112
7176	2512	3693	3324	1668179	153285125	1794331	169499643
7177	3559	6831	3719	1668319	153305059	1744858	163234753
7178	1895	5515	3023	1668660	153350306	2168479	217034316
7179	3760	5264	3907	1668693	153354620	1936943	186717159
7180	2405	3337	5134	1668844	153375435	4111487	513500829
7181	892	5703	3043	1669418	153448909	3845624	468859614
7182	343	1517	592	1670187	153556251	2147228	214447030
7183	1697	2232	886	1670315	153571096	0	0
7184	1002	5482	2103	1670390	153580624	2595354	275791508
7185	598	4820	772	1670932	153649721	2229506	224909742
7186	2361	4720	3024	1671089	153670719	2513954	264585251
7187	4232	6709	5502	1671361	153703228	3212584	365832510
7188	3222	3995	2775	1671695	153744013	0	0
7189	63	4030	2890	1671698	153744153	3619963	429725820
7190	1258	4202	1805	1672002	153781837	1706092	158251006
7191	1270	4461	2117	1672067	153790383	2339748	239858697
7192	2139	2566	326	1672103	153795308	0	0
7193	869	4843	3329	1672244	153813458	2681563	287610988
7194	2010	3737	1127	1672463	153841174	2598632	276328296
7195	391	2171	1714	1673066	153920427	2150989	214878796
7196	2678	5871	3459	1673283	153950497	0	0
7197	2077	7038	2377	1673470	153973983	2148425	214581396
7198	3047	3893	779	1673861	154024712	2381207	245443818
7199	220	662	371	1674083	154049333	0	0
7200	8	4461	1588	1674445	154091882	3377802	392529863
7201	3235	4366	2839	1674593	154108901	2468973	258306883
7202	3176	5212	2309	1674623	154112664	2954771	326146978
7203	745	1367	1058	1675036	154161795	1883295	180324832
7204	30	3544	1632	1675635	154231183	2136894	213192565
7205	237	6807	1422	1675782	154247130	2347500	240971987
7206	3658	5309	6472	1675967	154267374	0	0
7207	586	7026	3116	1676260	154304324	0	0
7208	1503	6638	3887	1676611	154344180	2958649	326690153
7209	3588	4533	2246	1676934	154388447	0	0
7210	2814	7039	3706	1676992	154394309	2693475	289101931
7211	167	7027	850	1677443	154449899	0	0
7212	4585	6183	4843	1677461	154451556	1704287	158032997
7213	1394	2779	782	1677891	154502645	3973651	490756174
7214	60	2334	373	1678180	154534481	0	0
7215	4001	5764	4037	1678557	154578666	1900241	182290457
7216	3124	4070	2921	1678887	154619625	0	0
7217	3779	4225	2736	1679267	154662702	2917745	320911940
7218	3708	6916	7980	1679314	154669605	3498130	411209330
7219	1353	3657	1814	1679404	154680668	2512660	264412791
7220	298	1878	520	1680183	154777232	3517806	414440604
7221	2601	5097	4194	1680219	154780126	0	0
7222	913	2662	2083	1680307	154791739	3338959	385956608
7223	1547	5394	2970	1680462	154809683	0	0
7224	4274	6744	8934	1680528	154817264	2712873	291975170
7225	4728	4881	6427	1680635	154830420	4244925	536436453
7226	131	4379	3745	1680931	154876233	0	0
7227	5158	5328	6144	1681127	154902736	3660814	437003849
7228	4704	6203	4388	1681506	154961642	0	0
7229	3658	3825	2651	1681569	154970077	3508798	412878927
7230	1338	4304	2944	1681573	154970952	1937467	186785989
7231	1637	5512	2269	1681744	154997597	3131036	352960767
7232	135	2705	2640	1681901	155021552	3441045	402407298
7233	620	5074	1279	1682178	155063247	1736612	162132638
7234	5092	6000	7295	1682257	155074240	3254688	371943918
7235	2903	3036	3439	1682964	155199506	4419848	566428426
7236	1668	5497	4146	1683177	155231243	2423142	251863781
7237	2546	4012	4166	1683858	155338043	2517220	265009118
7238	718	5210	6281	1684441	155430045	0	0
7239	3581	4360	7902	1684485	155437590	2337983	239644417
7240	2538	4948	4816	1684489	155438238	3355470	388623313
7241	2909	6576	3364	1685264	155576108	0	0
7242	1225	1446	1224	1686030	155699741	2435498	253630169
7243	2944	4784	4026	1686621	155782510	2139163	213461362
7244	1782	2317	1908	1686696	155794231	0	0
7245	4134	6595	631	1688145	155986990	4167119	523195599
7246	1071	6800	3894	1688162	155989166	0	0
7247	835	6526	11332	1688402	156019278	3101949	348868684
7248	452	7150	5239	1688775	156079240	0	0
7249	4249	5564	6456	1688985	156108862	0	0
7250	939	1613	650	1689120	156130292	1996581	194927425
7251	613	6530	5962	1689267	156152042	1739158	162503282
7252	4385	6976	2678	1689390	156171206	2510986	264199724
7253	2670	2823	4114	1689639	156208789	3298892	379018737
7254	1248	5143	1430	1690426	156330350	0	0
7255	6401	6762	3624	1691148	156441520	0	0
7256	1544	2107	1781	1691640	156507640	2457757	256819033
7257	6415	6531	3443	1691714	156517327	0	0
7258	364	6544	3047	1691789	156528501	0	0
7259	1901	5880	1534	1691830	156534488	2011112	196873825
7260	3746	7039	3959	1692737	156664277	1765825	166238668
7261	1895	3621	2924	1692823	156675248	2953383	325966966
7262	6560	7028	6777	1693421	156761790	3683979	441080306
7263	5185	5324	526	1694072	156852384	1742651	162972415
7264	707	961	351	1694688	156936433	1825902	173311063
7265	528	4724	4060	1695206	156997165	0	0
7266	4626	4774	6745	1695610	157042181	2354721	241888910
7267	1159	4530	639	1695722	157056549	4253580	537946663
7268	1204	6075	3018	1695963	157086966	0	0
7269	4141	7158	5145	1696788	157191535	1998837	195197919
7270	199	6520	2667	1697006	157218261	4037731	500861496
7271	665	5009	828	1697205	157242953	1949655	188750656
7272	4421	6613	6507	1697833	157320226	1714402	159462462
7273	924	5942	5739	1698065	157347264	0	0
7274	17	7058	1501	1698385	157385575	2378912	245161559
7275	2438	5346	1413	1699112	157475995	2300034	234318956
7276	3892	5568	2898	1701561	157737450	2607420	277655397
7277	4298	5741	5849	1701898	157767818	2019168	197974561
7278	2066	5893	2456	1702318	157810504	0	0
7279	4438	4958	3218	1702513	157830785	4240475	535687056
7280	1580	1629	1709	1702643	157846992	0	0
7281	2315	4298	3730	1702811	157866692	0	0
7282	2798	5838	4211	1703502	157937662	2579862	273388478
7283	1545	2038	2045	1703773	157968841	2299112	234170179
7284	461	4550	5231	1703871	157978499	2777750	301645651
7285	3593	5759	5822	1704155	158014900	2032033	199714730
7286	237	7212	4959	1704287	158032997	0	0
7287	2106	5610	4095	1704351	158040210	3471668	407172052
7288	5496	7190	8370	1706092	158251006	3167409	359127166
7289	3010	6282	6281	1706458	158294951	1777907	167643192
7290	3803	6278	9006	1706550	158307343	2462242	257426258
7291	373	6802	6877	1707595	158444344	2414465	250550908
7292	185	381	220	1707671	158454905	2047935	201893265
7293	6497	6619	6905	1707753	158464503	2227307	224608531
7294	5903	6039	5189	1708330	158550008	3814634	463561138
7295	4302	4487	8180	1708599	158591042	2403400	248776312
7296	2909	4510	2780	1708700	158610048	0	0
7297	4301	5807	4083	1709137	158674511	2926831	322154198
7298	869	3367	3259	1709347	158710897	0	0
7299	4411	5832	3560	1710001	158820666	2562455	270899445
7300	3192	4400	3508	1710793	158941005	0	0
7301	1033	6410	10067	1711726	159065739	3295000	378334090
7302	1745	4374	2259	1711779	159075688	2628694	280436017
7303	4995	6674	6492	1712129	159129410	3525123	415648909
7304	63	2484	722	1712308	159157973	0	0
7305	5210	7064	7272	1712889	159248363	0	0
7306	2265	2596	1403	1713242	159300574	3758008	454103693
7307	436	1155	367	1713627	159351701	0	0
7308	2915	4373	3149	1713833	159384554	3958537	487994994
7309	2599	2752	1025	1713987	159406526	2754512	298002249
7310	578	2498	4981	1714253	159442494	0	0
7311	4792	7272	8624	1714402	159462462	3560672	420938804
7312	949	6264	2176	1714732	159514891	4317954	549376715
7313	3261	5842	2177	1714922	159544980	0	0
7314	1131	5971	3860	1716302	159750982	2052312	202408626
7315	3169	3515	1846	1716409	159765999	2085274	206128943
7316	714	1871	1145	1716430	159770227	0	0
7317	1324	6185	2201	1717090	159859896	3695210	443103872
7318	1522	3108	2370	1717428	159903283	0	0
7319	54	5603	1379	1717573	159922396	1724780	160738766
7320	1926	4192	3845	1717844	159956411	3230345	368439123
7321	4633	4907	3383	1717973	159975997	1905854	182822176
7322	331	1351	645	1720084	160231953	2598599	276324306
7323	4302	7102	8647	1721305	160350523	3732383	449553835
7324	728	4328	2902	1721524	160373787	2649567	283312848
7325	3464	3920	1624	1721803	160403650	1814519	171864796
7326	3930	6119	5039	1721952	160421501	2316797	236654881
7327	204	3012	2971	1722328	160461246	0	0
7328	3820	5036	4061	1722526	160484739	2445056	255021490
7329	1848	3928	4890	1723268	160568436	0	0
7330	2567	6301	1817	1723310	160572137	1801767	170344392
7331	4994	6930	5519	1723724	160618661	2612579	278282983
7332	4218	4631	2045	1723907	160641310	0	0
7333	831	6417	1280	1724168	160671484	4208052	530161732
7334	2727	6627	1544	1724659	160726074	0	0
7335	3133	7319	3141	1724780	160738766	0	0
7336	4346	7026	4436	1724819	160744003	2352711	241656015
7337	1766	4740	2787	1725122	160782401	1930170	185805629
7338	1673	2358	1824	1725232	160794590	1744077	163144318
7339	4121	5941	7205	1726229	160909262	1750384	163939618
7340	4577	6821	2311	1727627	161065478	2037734	200412913
7341	279	2688	739	1727815	161084978	0	0
7342	1415	5129	2733	1728230	161126406	3051369	340432269
7343	305	6053	3485	1728418	161145425	1734306	161851051
7344	1661	4280	1673	1728425	161146232	1877241	179585599
7345	158	4240	2230	1729184	161225978	1731827	161538647
7346	6513	6798	3788	1729452	161252822	0	0
7347	3480	6113	3551	1729624	161271725	0	0
7348	1263	4513	4564	1730195	161335528	1837548	174808494
7349	1804	3267	3072	1730509	161369933	2666429	285831331
7350	3089	6473	3374	1730745	161396487	1857548	177103004
7351	3879	4234	3951	1730753	161397331	4313071	548391135
7352	475	5743	1041	1730757	161397492	4068226	505708890
7353	5180	6129	5639	1730775	161400514	2288823	232704045
7354	1522	5511	3630	1730941	161421869	2604012	277220147
7355	449	1391	682	1731275	161465115	2278452	231535914
7356	1062	3587	1392	1731434	161486064	1968901	191314683
7357	985	2807	1185	1731703	161520691	0	0
7358	2343	2666	4104	1731705	161520825	0	0
7359	4803	7345	2990	1731827	161538647	3345797	387093629
7360	1360	2953	2031	1732226	161594554	2245300	227080979
7361	987	5218	1946	1732765	161664422	2038087	200456127
7362	22	2727	1006	1733578	161769277	1750421	163944256
7363	581	3557	1202	1733678	161779902	2771131	300689254
7364	354	2457	933	1733794	161791085	2039874	200719147
7365	3451	5913	3492	1734020	161815664	0	0
7366	2424	3667	3854	1734243	161844131	2623264	279663184
7367	2364	7343	4378	1734306	161851051	1839781	175093551
7368	551	938	512	1734405	161863236	1746805	163488406
7369	214	4366	930	1734565	161880276	0	0
7370	565	672	288	1735068	161941430	0	0
7371	2514	5226	5975	1735544	161994065	2275962	231243411
7372	251	3915	901	1735634	162005965	0	0
7373	4656	6721	9139	1735848	162033134	3305843	380304672
7374	1970	2718	4420	1736122	162070663	3833629	466750889
7375	1010	2281	1787	1736496	162117839	2948464	325311714
7376	6495	7233	2790	1736612	162132638	2853165	312216479
7377	4043	6791	10308	1736639	162134993	2355845	242034348
7378	1190	5287	7064	1737031	162190163	0	0
7379	926	966	801	1737641	162289821	3730026	449172382
7380	3457	4308	3764	1738405	162397362	0	0
7381	3624	4728	6326	1738874	162459563	2266561	229951759
7382	684	1375	329	1738883	162460451	0	0
7383	5046	5125	3433	1738946	162470011	0	0
7384	4443	7251	8523	1739158	162503282	2422412	251740585
7385	2186	3027	1256	1739255	162521978	4441807	570670136
7386	124	6726	3224	1740244	162664250	2401135	248356935
7387	1225	4973	3091	1740440	162691012	0	0
7388	1714	2223	2797	1741733	162862932	0	0
7389	5153	6541	7254	1742018	162895109	2193969	220406501
7390	5276	7263	1158	1742651	162972415	2141555	213760044
7391	254	2045	521	1742663	162973983	0	0
7392	5172	6919	3060	1743396	163062547	0	0
7393	6590	7057	3107	1743400	163062905	2129714	212293946
7394	3951	6612	3075	1743729	163103079	0	0
7395	6030	7338	4050	1744077	163144318	0	0
7396	875	2338	1850	1744692	163214053	2939222	323888465
7397	4497	7177	5434	1744858	163234753	0	0
7398	1887	4732	5433	1744938	163246004	0	0
7399	634	2255	1170	1744957	163249014	0	0
7400	2694	7087	1984	1745691	163349637	3229003	368271363
7401	3056	4421	3987	1746304	163426238	2099392	208160830
7402	6766	7368	2628	1746805	163488406	3725698	448386709
7403	3749	6522	8402	1747665	163590508	0	0
7404	5944	6865	5549	1747781	163604318	0	0
7405	2474	5107	3021	1747860	163614915	0	0
7406	2781	5479	3774	1748286	163671808	1842110	175379834
7407	325	725	452	1748852	163749951	0	0
7408	2514	3512	4417	1749413	163815189	0	0
7409	4282	6471	5195	1749931	163877781	2461893	257380744
7410	4770	6560	3180	1750122	163904599	4152418	520551116
7411	1715	7339	8429	1750384	163939618	0	0
7412	2505	7362	2709	1750421	163944256	0	0
7413	4325	5784	4616	1750447	163947383	2480253	260095256
7414	6328	7078	6628	1750467	163950250	3737048	450423922
7415	851	2881	1059	1750731	163998258	2082274	205653513
7416	3530	6639	5522	1750903	164023468	1942553	187528143
7417	2751	5998	9218	1751090	164058073	0	0
7418	1463	4550	5752	1751580	164151061	2703085	290458927
7419	802	5547	5111	1751699	164173414	1983354	193186803
7420	1682	4536	3251	1751772	164188963	0	0
7421	761	2607	1396	1751940	164217962	2824298	308252904
7422	5019	6770	1541	1752085	164247607	4240324	535662082
7423	6651	6970	5075	1752186	164265353	3899338	477779976
7424	3806	5533	4616	1753697	164549559	2075717	204824768
7425	6617	6952	2105	1754222	164639709	2179235	218436781
7426	783	3126	928	1754521	164690221	2445056	255021490
7427	936	1623	1588	1754543	164693384	3148883	355862861
7428	597	5089	2733	1754662	164710538	2307611	235462484
7429	2599	3302	1898	1755663	164861337	0	0
7430	417	6976	2205	1755824	164887331	0	0
7431	3232	3631	3371	1756169	164935787	1772003	166951131
7432	2335	6898	3728	1756647	165003486	0	0
7433	309	5372	3484	1756974	165047677	3137198	353812212
7434	976	4180	822	1757532	165124361	2198331	220990076
7435	3618	4018	3071	1757540	165125974	0	0
7436	359	4186	3774	1757574	165129308	2976179	329148268
7437	4605	6900	3120	1758903	165315348	0	0
7438	3586	4960	6016	1758953	165321358	2069406	204093091
7439	4457	5134	4503	1759013	165330216	3364890	390316327
7440	280	5133	1239	1759525	165406191	0	0
7441	6764	7082	4366	1759787	165444276	3641071	433450504
7442	3349	5798	2441	1760132	165493831	1912225	183600375
7443	749	5617	2669	1760375	165527667	0	0
7444	2058	4622	2575	1760611	165558019	0	0
7445	88	7109	934	1760726	165574089	0	0
7446	84	3603	1934	1761550	165682329	2901874	318745410
7447	532	6758	2527	1761973	165730874	2123692	211607189
7448	4300	6819	10218	1762162	165752517	2586871	274467669
7449	882	6268	2133	1762524	165803436	1888718	180971445
7450	3331	6403	6191	1763938	165983070	2781102	302154164
7451	2291	3615	8774	1764047	165997819	2781102	302154164
7452	2835	5787	4602	1764229	166024322	0	0
7453	1085	2541	2791	1764545	166067542	0	0
7454	1100	2580	2686	1764767	166098844	4258431	538714892
7455	1001	5130	2221	1765399	166183373	3620103	429749140
7456	5917	7260	8986	1765825	166238668	3084581	346031703
7457	938	2377	728	1767784	166484199	0	0
7458	2845	5226	5029	1767930	166499473	2355274	241955031
7459	1436	2769	2683	1767970	166503558	2514703	264686255
7460	3488	5265	1069	1768080	166516425	2101840	208528781
7461	2316	4680	2294	1768560	166573567	1784824	168443110
7462	4689	7012	1393	1769053	166628673	1823519	172999997
7463	1134	5970	3045	1769389	166667821	0	0
7464	2614	5576	3624	1770041	166738716	1920426	184565746
7465	345	1674	418	1770700	166810893	2186154	219364753
7466	4731	5350	4659	1770981	166836563	0	0
7467	2843	4759	5009	1771116	166850300	3565473	421712656
7468	4288	6133	6915	1771544	166896958	2529862	266963969
7469	5705	7431	5937	1772003	166951131	1826240	173355793
7470	4543	5132	4425	1772688	167031146	0	0
7471	1335	7007	8416	1772714	167033789	0	0
7472	4158	4951	4658	1774146	167221143	2170338	217259229
7473	2019	2744	2996	1774266	167234227	2532613	267329176
7474	2053	2899	2499	1774628	167281624	0	0
7475	6633	7024	1659	1775455	167374213	0	0
7476	5080	6012	6341	1775621	167394433	0	0
7477	3805	4246	5453	1777294	167574585	2048141	201919236
7478	934	6118	5317	1777561	167598568	0	0
7479	4489	7289	8781	1777907	167643192	2683897	287906447
7480	1306	6962	14037	1778283	167687143	1925726	185154845
7481	342	1754	850	1779039	167787509	3922986	482335274
7482	3894	6436	1190	1779199	167808403	0	0
7483	553	2632	2186	1779419	167836880	1976669	192270073
7484	62	4929	3190	1780216	167939554	2783914	302600875
7485	1992	5821	4319	1780938	168028415	2623102	279635623
7486	5418	5693	3281	1781512	168099383	1854219	176752955
7487	76	790	265	1781996	168155852	2324395	237777411
7488	3505	3798	5810	1783246	168289110	0	0
7489	1632	5335	2389	1784096	168376262	0	0
7490	1212	7131	1651	1784112	168378118	0	0
7491	2194	7168	2923	1784694	168432145	0	0
7492	4523	7461	5396	1784824	168443110	4258145	538669377
7493	1082	6217	2067	1784884	168448997	0	0
7494	1358	1495	1835	1784992	168459276	2793084	303840987
7495	435	2920	1590	1785210	168484002	1965288	190744368
7496	6144	6284	8074	1785406	168502996	0	0
7497	13	2813	1096	1785549	168520467	1986114	193591556
7498	806	3497	1088	1786254	168600700	2032900	199831073
7499	1554	4321	2608	1787099	168689078	0	0
7500	3729	3820	5815	1787175	168698166	0	0
7501	39	2403	1228	1787400	168725191	2229262	224878062
7502	1365	5616	4836	1787517	168738235	2574488	272594656
7503	309	5165	2055	1788150	168806420	0	0
7504	1324	3528	2031	1788224	168814050	2147084	214429132
7505	5973	7152	12694	1788476	168844480	0	0
7506	1450	5218	1342	1789656	168987585	4040914	501386029
7507	2233	4982	2353	1789888	169012743	2518520	265190595
7508	18	4304	1123	1790061	169033689	1801618	170329376
7509	551	4740	1340	1790272	169056914	2785014	302763981
7510	4390	4988	2852	1790799	169116708	2318895	236946535
7511	2015	5960	3047	1791030	169142969	0	0
7512	3694	3927	1265	1791520	169193172	2390194	246709081
7513	3695	6270	4054	1791528	169193673	3979904	491823423
7514	6883	7260	8467	1791842	169228400	3280543	375919506
7515	988	6309	6557	1794063	169467828	0	0
7516	4331	6482	6161	1794102	169473011	3245035	370484100
7517	1931	7176	4003	1794331	169499643	0	0
7518	246	4408	646	1794358	169502760	3463532	405917248
7519	2642	2946	2654	1794391	169507100	0	0
7520	2765	6709	3668	1794794	169559585	1823688	173022762
7521	542	1938	806	1795059	169594194	0	0
7522	431	3057	1864	1795101	169598615	3079531	345259007
7523	24	3493	1837	1795146	169604792	2126218	211879571
7524	4888	7084	4172	1795351	169629446	4454879	572962646
7525	186	1549	837	1795743	169677458	1854168	176749036
7526	5228	6366	2813	1795868	169692648	2317654	236773284
7527	1596	3822	1478	1796626	169787087	0	0
7528	466	7162	2411	1796947	169823808	1862981	177770580
7529	150	2521	862	1797512	169893349	1925792	185166913
7530	967	4832	543	1797718	169915558	2155735	215501851
7531	624	4818	1394	1797871	169932703	2170241	217246594
7532	2491	3612	2805	1798114	169959605	0	0
7533	3077	6900	4226	1798583	170007062	0	0
7534	4469	6974	2764	1798774	170027642	0	0
7535	1917	2013	2599	1798918	170044135	0	0
7536	4803	6574	3941	1799024	170056388	0	0
7537	435	2429	1052	1799145	170072759	0	0
7538	1450	3751	1991	1799153	170073360	0	0
7539	1773	3704	1392	1799936	170160045	0	0
7540	1142	3128	1263	1800368	170208756	1977409	192368146
7541	1475	1502	1365	1801597	170327843	2782463	302369707
7542	5492	7508	7066	1801618	170329376	3128394	352584970
7543	668	3783	3511	1801706	170337879	2403488	248794905
7544	4659	7330	4498	1801767	170344392	1922511	184765850
7545	1037	2459	1667	1802424	170414633	3223032	367507052
7546	2883	5844	3863	1803113	170488013	2086018	206245458
7547	4953	5317	4577	1803127	170489394	0	0
7548	2711	6745	9053	1803894	170569614	0	0
7549	4791	6654	7709	1804121	170595996	2819143	307408932
7550	185	4129	1244	1804447	170635588	0	0
7551	3861	5557	2073	1804594	170652466	3284765	376727293
7552	788	4488	5275	1805441	170754572	1942833	187578328
7553	2079	2410	2545	1806273	170848919	1814696	171891328
7554	4515	5313	3257	1806280	170849295	0	0
7555	319	3883	2607	1806471	170874082	2570639	272045456
7556	5534	5910	1795	1806844	170918250	4140152	518337229
7557	3546	6207	2423	1807407	170980020	1839993	175119205
7558	790	3017	533	1807744	171017073	0	0
7559	4787	6979	7676	1808088	171057373	2449911	255642697
7560	631	2678	1319	1808276	171082534	0	0
7561	255	6139	2329	1808688	171133790	4263389	539461181
7562	1801	3995	2763	1808882	171155702	2951773	325756704
7563	1496	1566	866	1809575	171238092	0	0
7564	2935	4375	1334	1809704	171251616	0	0
7565	4130	5710	6622	1810250	171308949	2344472	240540139
7566	2948	4094	4168	1810298	171314038	2248366	227443718
7567	3249	5208	4772	1810302	171314398	1879892	179919037
7568	1375	6003	1366	1810384	171323693	1844303	175653948
7569	6578	6838	7219	1810757	171369631	2185254	219251169
7570	482	6374	539	1811445	171454973	3152723	356659931
7571	2249	6496	6724	1812410	171572214	1938980	186982647
7572	1543	4114	2330	1812658	171603089	4263926	539535045
7573	313	683	492	1812952	171637223	2866691	313893542
7574	4250	6286	13356	1813027	171645826	1967300	191033516
7575	1724	3491	1219	1813294	171683093	3422240	399389270
7576	907	6552	6741	1813310	171684669	3264208	373392533
7577	953	5121	2788	1813945	171778347	0	0
7578	1533	4462	2657	1814463	171856911	3106891	349805920
7579	5000	7325	3721	1814519	171864796	2823344	308090368
7580	301	7553	2607	1814696	171891328	4210821	530573609
7581	1799	2099	1080	1816202	172105479	0	0
7582	1701	2414	1330	1816389	172130760	0	0
7583	4921	6038	3822	1816715	172171125	2277818	231461862
7584	2471	5509	7670	1817376	172249306	0	0
7585	3897	6349	2230	1817822	172305884	2748823	297145046
7586	246	3793	2888	1817919	172316914	3457323	404865471
7587	465	1973	2045	1818734	172414651	0	0
7588	49	5541	930	1818851	172426899	2039983	200734112
7589	134	2913	354	1819173	172467173	3223684	367587867
7590	3547	3702	3558	1819227	172472231	1825268	173226624
7591	1616	2290	2001	1819241	172474522	0	0
7592	2109	5475	2094	1819312	172483925	0	0
7593	390	6142	5342	1819965	172558822	2293199	233290974
7594	1356	3059	1635	1820020	172566332	2085274	206128943
7595	3989	4458	1345	1820197	172589528	4125329	515957266
7596	2468	7092	4210	1820894	172676707	3194347	363140765
7597	1128	3736	940	1821338	172730721	3728598	448909121
7598	684	5608	3799	1821618	172762684	2750398	297384349
7599	4503	5554	3798	1821968	172802814	1962270	190357613
7600	3329	6041	3262	1822227	172832689	2541576	268428946
7601	4339	6674	5073	1822468	172862859	0	0
7602	4516	6840	8430	1822571	172874767	0	0
7603	50	3810	2426	1823038	172935573	0	0
7604	6479	7462	2532	1823519	172999997	0	0
7605	3815	7520	4292	1823688	173022762	2401271	248380637
7606	4548	5781	5998	1824042	173066722	0	0
7607	2536	5257	2559	1824854	173177458	3063209	342248517
7608	5136	7590	7177	1825268	173226624	0	0
7609	2416	6396	6154	1825453	173251736	2261731	229244655
7610	1920	7264	886	1825902	173311063	2371339	244223854
7611	3609	7469	7183	1826240	173355793	2697349	289573030
7612	2347	4250	3249	1826250	173358193	0	0
7613	1186	2241	618	1826330	173370079	3570099	422367541
7614	2802	3081	1528	1826561	173404713	0	0
7615	5428	5805	4198	1827759	173570300	4018804	497764479
7616	114	4012	3919	1827802	173576209	0	0
7617	1466	2599	2011	1827988	173598894	1936943	186717159
7618	536	2852	1715	1828295	173639249	2063726	203531409
7619	290	7093	4088	1828568	173676490	0	0
7620	1893	5704	3634	1828828	173712114	2180733	218662823
7621	5328	6896	7791	1829425	173799825	2194177	220432339
7622	1405	3024	2249	1830415	173925371	1941471	187344490
7623	763	5634	2641	1830711	173959941	0	0
7624	2428	7057	3377	1832078	174117734	1924004	184941046
7625	1446	3313	2521	1832156	174126736	2037404	200372898
7626	413	2066	1487	1832356	174149493	0	0
7627	1535	6196	2980	1832544	174171550	0	0
7628	3080	5979	7781	1832595	174177506	1865407	178096308
7629	4212	5965	4567	1832974	174226732	3765617	455157946
7630	1182	2223	1068	1833699	174321417	0	0
7631	382	901	222	1833807	174334593	2250258	227648110
7632	2145	7133	2654	1833874	174343993	3178801	360867480
7633	5401	6961	4663	1834189	174384090	1856041	176925494
7634	90	4997	2673	1834543	174426405	0	0
7635	2088	5648	2460	1834548	174426957	4318221	549436428
7636	1569	6519	3452	1834887	174468477	2879510	315640684
7637	1437	7137	2871	1835209	174510255	1905793	182817649
7638	2406	6777	5197	1835950	174609060	2318524	236887180
7639	2949	3682	2974	1836614	174694280	1993360	194516297
7640	185	1636	635	1837182	174765368	2132245	212649964
7641	3480	5866	5499	1837251	174773475	0	0
7642	5193	6306	5053	1837344	174783497	0	0
7643	3758	7348	5137	1837548	174808494	2038836	200559984
7644	717	2817	2470	1838826	174974424	2411097	250050100
7645	4403	6989	4938	1838903	174984171	1872398	178998452
7646	664	2794	1118	1839028	175002157	2535359	267633359
7647	2961	7367	5856	1839781	175093551	0	0
7648	5223	7557	5079	1839993	175119205	2535675	267672670
7649	2026	3736	1220	1840496	175181172	0	0
7650	3232	4016	3082	1840814	175223995	1867417	178368373
7651	3176	7056	1772	1841457	175303864	0	0
7652	3893	6160	4660	1841813	175343417	2246789	227258535
7653	2669	7406	4170	1842110	175379834	0	0
7654	1850	6714	7379	1842743	175459945	0	0
7655	1126	5655	4229	1842879	175475845	3359424	389313377
7656	1570	2423	2139	1842915	175480342	1870198	178724898
7657	145	7568	1431	1844303	175653948	2322300	237492383
7658	1408	7112	5115	1844463	175671083	2064714	203612273
7659	2414	3111	2582	1844519	175677857	3130653	352904874
7660	4932	5698	5215	1844764	175708516	2473030	258967299
7661	2694	6558	1408	1845569	175806775	1864022	177912466
7662	809	3939	3101	1845954	175852651	4065141	505305347
7663	4919	5958	8874	1846649	175932812	2399321	248026910
7664	2824	6151	5585	1846735	175944406	4426957	567761333
7665	2060	2368	1915	1846963	175976457	0	0
7666	3985	4016	2139	1847201	176006061	2939222	323888465
7667	4726	5396	4977	1847225	176008107	3808492	462423305
7668	45	2810	1500	1847471	176038095	2869254	314234853
7669	2398	5906	1148	1847793	176082406	3297465	378757528
7670	122	3511	324	1848491	176172316	2958967	326737619
7671	504	2770	1458	1849010	176235605	0	0
7672	476	4587	403	1849370	176275173	0	0
7673	3827	4115	3277	1849904	176333004	3048640	340011198
7674	4	6936	1631	1850066	176350666	3233681	368877980
7675	1148	2220	1466	1850434	176387415	2247400	227333458
7676	6513	6731	5827	1850617	176408498	0	0
7677	4176	6558	3122	1852019	176551369	2440261	254333458
7678	1972	2576	2246	1852067	176555514	0	0
7679	3857	5009	3088	1853448	176687623	3584811	424608230
7680	1217	3450	3159	1854015	176738891	2583285	273906692
7681	844	4305	563	1854081	176743144	1935738	186574415
7682	6598	7525	2702	1854168	176749036	0	0
7683	6923	7486	5776	1854219	176752955	4193627	527733362
7684	2109	6159	968	1855033	176831922	2358763	242456375
7685	1334	1355	1171	1855040	176832156	2025437	198925664
7686	828	2247	2038	1855475	176870643	2716823	292659305
7687	2571	3206	3398	1855528	176875915	3009070	334425583
7688	5	2200	716	1855611	176883100	3143320	354739208
7689	1908	4712	3384	1855748	176895907	2599699	276504677
7690	751	5433	2907	1855763	176897476	2048413	201952569
7691	3298	7633	5233	1856041	176925494	0	0
7692	3912	4630	2769	1856511	176978947	2334719	239209138
7693	5071	6165	6649	1856535	176981447	2932054	322836386
7694	1591	4748	2593	1856752	177004962	3736196	450249001
7695	1701	4372	879	1857038	177041808	2791190	303559372
7696	629	893	706	1857176	177056697	3244728	370442420
7697	4541	6943	2975	1857265	177067851	2847473	311539566
7698	6062	7350	6387	1857548	177103004	2435922	253682190
7699	263	2606	3847	1857752	177128086	2154311	215327679
7700	2432	4426	2617	1858322	177198916	0	0
7701	501	3960	2088	1858402	177209572	0	0
7702	764	6147	3990	1858663	177243029	3342494	386502385
7703	5826	6296	7412	1858878	177273926	0	0
7704	2173	3819	2937	1860035	177420600	0	0
7705	2684	2706	3455	1860381	177465024	2305499	235118220
7706	803	7147	2128	1861398	177580908	2503215	263253528
7707	6149	6458	8084	1861782	177623427	2566131	271396314
7708	1740	4332	2235	1862204	177671229	2508791	263930453
7709	1530	1734	2236	1862249	177675281	3510112	413138282
7710	1732	5615	1685	1862411	177694702	0	0
7711	6202	7072	8310	1862566	177714117	0	0
7712	168	6676	3288	1862590	177716839	2080420	205366812
7713	875	2012	489	1862622	177720952	1912145	183589435
7714	2133	5234	1997	1862858	177751145	0	0
7715	2436	7528	2543	1862981	177770580	2632569	280912574
7716	3734	7661	3316	1864022	177912466	0	0
7717	6320	6381	5779	1864567	177984563	1874680	179263130
7718	4445	5354	7911	1865015	178043153	3611498	428404585
7719	96	7628	7833	1865407	178096308	2470217	258496885
7720	1442	2954	3203	1865439	178100768	1911531	183507485
7721	926	3836	2080	1865978	178179168	0	0
7722	1013	3321	1005	1866098	178194744	4246282	536671128
7723	4421	4623	3134	1866712	178277258	2159010	215847262
7724	2711	4657	2174	1866947	178309356	0	0
7725	6883	7650	7590	1867417	178368373	2099303	208148104
7726	2155	3386	3017	1867844	178426669	0	0
7727	2098	7045	1296	1867911	178434241	0	0
7728	3367	5711	5780	1868306	178493647	3020072	336033745
7729	917	6811	4804	1870018	178704119	3621487	429978189
7730	5776	7656	3313	1870198	178724898	0	0
7731	1132	3276	1631	1870205	178725696	0	0
7732	5185	6977	982	1870289	178737593	1902388	182500643
7733	2197	3869	1333	1870314	178740422	3595899	426097155
7734	1047	4560	4341	1870895	178815305	2735948	295462547
7735	1767	4079	757	1871115	178843670	2067841	203929005
7736	5045	5543	4575	1871396	178879393	0	0
7737	1231	4172	2682	1872117	178965623	0	0
7738	5432	7645	7679	1872398	178998452	2647680	283014178
7739	5515	7151	2232	1872671	179034300	4323037	550348470
7740	5109	5744	1928	1874334	179226509	3382124	393185172
7741	2523	7717	6487	1874680	179263130	3750852	453082445
7742	5323	6865	9809	1874774	179272270	3913908	480403972
7743	832	3098	3221	1875046	179310195	0	0
7744	5580	5854	2637	1875331	179347047	0	0
7745	1758	6721	8393	1876127	179440565	0	0
7746	2673	2931	3555	1876439	179482661	0	0
7747	4491	7162	2247	1876578	179498930	0	0
7748	1786	4996	627	1876599	179501120	0	0
7749	1017	3542	1980	1876708	179515710	0	0
7750	2075	7344	2091	1877241	179585599	3376076	392221451
7751	4734	6357	5816	1877322	179596559	2710858	291675434
7752	1165	6508	1951	1877403	179606342	1986368	193629823
7753	1224	4926	3550	1878806	179789189	0	0
7754	2900	5655	4795	1879058	179820236	0	0
7755	2288	5999	2495	1879265	179850057	0	0
7756	3227	3316	6714	1879838	179913224	0	0
7757	2508	7567	8676	1879892	179919037	2207323	222051989
7758	1362	2272	1883	1880723	180029095	0	0
7759	2975	6698	2578	1881250	180094012	2493350	262021368
7760	1624	3418	1159	1881278	180096650	2678193	287157614
7761	980	2483	976	1882206	180207431	3803169	461552423
7762	1450	4224	2402	1882543	180244519	4146699	519553639
7763	3670	6622	5664	1882948	180287876	0	0
7764	1620	2758	1627	1883019	180297881	0	0
7765	157	4538	1396	1883036	180299304	2709821	291518655
7766	4990	7203	4341	1883295	180324832	2325476	237928985
7767	2970	3759	4161	1883756	180380124	3559195	420721152
7768	3579	4053	5457	1883760	180380285	0	0
7769	1981	6746	897	1883921	180400464	0	0
7770	1608	7108	3124	1883940	180402752	0	0
7771	1316	5676	1460	1885467	180590151	0	0
7772	1913	4194	4974	1885492	180593159	1907734	183025738
7773	5102	5375	5036	1885525	180596922	0	0
7774	2379	4368	2725	1885796	180632573	3457682	404923537
7775	734	2954	2975	1885883	180641286	0	0
7776	3169	7062	3941	1887866	180877835	2203735	221587406
7777	671	7000	3656	1888335	180927462	3641479	433516962
7778	305	7449	2251	1888718	180971445	0	0
7779	1805	7131	1570	1889592	181065860	2506085	263633901
7780	2047	4881	2936	1889719	181077573	2258449	228745638
7781	1622	5235	3391	1890186	181124369	2464121	257679358
7782	5805	6860	3429	1890203	181126077	0	0
7783	3824	5516	6991	1890378	181144830	2469353	258357215
7784	1711	6629	2954	1890442	181153227	0	0
7785	2608	2713	3209	1890929	181210290	0	0
7786	744	5919	1897	1891593	181293160	2410368	249950003
7787	4611	5521	1515	1891605	181294573	1975149	192072457
7788	2092	3692	1961	1891854	181320113	2059574	203157811
7789	3487	6865	6071	1892370	181378356	3982548	492253200
7790	2341	4347	2145	1892425	181384624	0	0
7791	5620	6297	5162	1892604	181407046	3724451	448162055
7792	1212	6051	4155	1892705	181423598	2701778	290241277
7793	4233	5813	2212	1892823	181439669	0	0
7794	1219	5761	3937	1893269	181496573	0	0
7795	576	4916	3934	1893375	181508167	0	0
7796	4740	6583	4166	1893744	181557041	2059789	203177743
7797	3119	4071	5382	1893912	181578830	2019434	198006211
7798	565	6363	2138	1894314	181635040	3528001	416140401
7799	2127	5376	2908	1894439	181652876	0	0
7800	44	704	482	1894512	181662760	0	0
7801	1452	6715	2961	1896147	181875495	2410735	249997048
7802	103	831	225	1896489	181910173	2757424	298512211
7803	2324	5179	2210	1896693	181932716	2289743	232826818
7804	4091	5980	923	1896851	181951834	3961078	488392591
7805	3068	5478	4213	1896869	181954318	1946380	188245683
7806	1059	4359	1843	1898922	182168403	0	0
7807	6378	7055	2217	1899290	182205297	4231093	534005326
7808	2301	7047	2709	1899808	182252566	0	0
7809	627	3342	2814	1899994	182269550	2245230	227072451
7810	4072	7215	4616	1900241	182290457	0	0
7811	967	6065	5324	1901212	182389240	0	0
7812	3285	5634	2454	1902312	182492910	1987110	193737254
7813	6842	7732	4797	1902388	182500643	2698162	289682894
7814	4010	4091	2789	1903422	182595648	2837645	310245800
7815	404	6111	3201	1903568	182612622	0	0
7816	257	5099	1324	1903760	182630222	3305525	380248488
7817	561	6695	3903	1903898	182641649	3382555	393256120
7818	3054	3062	1241	1904552	182704799	0	0
7819	113	2693	1166	1905455	182788729	2445746	255115254
7820	3296	7637	5542	1905793	182817649	3274441	374862070
7821	5253	7321	6025	1905854	182822176	2387836	246416950
7822	837	1679	1032	1906305	182868194	3662780	437335917
7823	3868	6660	3822	1906413	182878436	0	0
7824	2585	5113	4408	1906616	182900577	0	0
7825	900	5504	3155	1906693	182908773	0	0
7826	992	6854	2704	1906953	182933172	3449492	403662427
7827	3024	3403	2062	1906980	182935420	2215821	223162524
7828	3695	3773	1781	1906985	182936009	0	0
7829	34	6298	4562	1907358	182980711	0	0
7830	4483	5123	2177	1907427	182989138	4062349	504890862
7831	86	6895	1611	1907694	183021016	0	0
7832	4910	7772	7495	1907734	183025738	3235151	369071244
7833	2389	7059	1223	1908079	183071426	0	0
7834	59	1746	372	1908394	183118861	4252053	537671504
7835	3047	7050	2157	1908796	183166995	0	0
7836	1767	4780	2157	1909389	183234441	3144352	354924801
7837	1185	6809	1170	1909755	183280221	2076562	204928789
7838	1339	5173	3062	1909815	183287648	1944148	187843209
7839	5309	5316	8624	1909999	183310096	2206519	221936481
7840	3585	6710	1558	1910419	183367543	2247400	227333458
7841	2602	3961	2922	1911155	183457295	0	0
7842	2500	4506	5009	1911240	183467318	4285038	543538303
7843	679	7141	442	1911336	183482144	3486527	409586463
7844	4651	7720	5188	1911531	183507485	0	0
7845	6622	7713	4401	1912145	183589435	0	0
7846	7067	7442	5648	1912225	183600375	0	0
7847	3969	4062	3161	1912322	183611848	1943774	187767449
7848	3527	4043	4363	1912365	183617007	0	0
7849	1653	4376	2287	1912720	183665954	0	0
7850	3665	4152	5435	1912737	183668423	0	0
7851	5655	5912	5441	1913474	183773184	2121158	211310017
7852	3714	4887	2631	1914249	183876301	0	0
7853	1587	2179	585	1914662	183934402	3080129	345362367
7854	1003	5396	1271	1914843	183960240	2096905	207824896
7855	4475	6492	1575	1915215	184008057	2090324	206987418
7856	2394	6348	2557	1915498	184040852	0	0
7857	4663	4728	5633	1915820	184077761	2922467	321534043
7858	2540	6411	1176	1915866	184083666	2527331	266557567
7859	5015	5769	2926	1916858	184196435	1976669	192270073
7860	2674	7338	2733	1917025	184214297	2028402	199276270
7861	3998	6594	5949	1917826	184304822	1975683	192141120
7862	795	4537	1556	1918463	184376634	4127099	516224327
7863	805	3660	794	1918887	184417531	0	0
7864	5258	6906	3757	1919479	184474531	3342775	386553241
7865	887	7464	3912	1920426	184565746	1998837	195197919
7866	1633	4214	2543	1920993	184618517	2067429	203885423
7867	2035	4711	3422	1921287	184646101	2005816	196158526
7868	767	4506	3508	1922011	184720841	0	0
7869	3443	3740	3142	1922486	184763531	2005816	196158526
7870	5474	7544	5694	1922511	184765850	2324834	237839175
7871	3755	4329	5607	1922534	184768856	2305499	235118220
7872	3527	6140	5726	1922661	184783833	2848376	311652480
7873	2422	4184	1397	1922731	184791689	2038506	200514735
7874	2787	5258	1785	1923119	184835921	2381521	245488620
7875	978	1632	795	1923140	184838645	2437112	253872696
7876	1062	7067	3776	1923230	184851849	0	0
7877	4570	4939	3369	1923876	184924931	0	0
7878	2778	7624	4462	1924004	184941046	1963700	190536021
7879	3339	7044	3508	1924918	185054515	0	0
7880	131	2167	805	1925031	185070359	2145110	214182366
7881	2181	5969	3086	1925595	185140395	1941471	187344490
7882	2567	7480	15067	1925726	185154845	2080420	205366812
7883	241	7529	887	1925792	185166913	3948062	486437678
7884	3494	5618	6304	1926768	185303358	0	0
7885	458	5274	4374	1927205	185366452	2229842	224950673
7886	7168	7175	3420	1927740	185443112	1972010	191723598
7887	2308	5670	2131	1928335	185527402	2099690	208206978
7888	1483	5781	5115	1928587	185565714	2316094	236566549
7889	2258	6278	4059	1928650	185573485	0	0
7890	6389	7080	10245	1929023	185627072	3790336	459430896
7891	235	5596	2238	1929797	185742888	2895191	317801250
7892	4639	6408	7634	1929813	185745709	0	0
7893	5542	7337	5209	1930170	185805629	4427033	567774854
7894	5912	7078	2821	1930795	185902900	2285846	232384121
7895	15	3408	3164	1931270	185974097	1974556	192006015
7896	5281	6996	4878	1931484	186004842	4098538	510986952
7897	662	4059	1023	1932131	186102421	0	0
7898	2376	6661	2566	1932526	186157140	0	0
7899	2442	4791	5006	1933064	186230497	2835545	309934203
7900	5164	6228	2893	1933735	186312163	2732237	294972572
7901	2150	2557	1609	1933774	186317609	3046113	339637037
7902	469	6273	2919	1933838	186327076	2107841	209407619
7903	50	822	915	1933890	186335040	3261588	373016679
7904	84	4605	637	1934182	186374871	0	0
7905	4911	6561	4051	1934351	186397869	2535359	267633359
7906	935	1199	1379	1934628	186435798	3208730	365238144
7907	3523	4364	3948	1934883	186467695	0	0
7908	6930	7681	4161	1935738	186574415	0	0
7909	52	2634	937	1935842	186589243	0	0
7910	2972	4638	5500	1936173	186626979	2188920	219753980
7911	1680	5739	2597	1936236	186634811	4135964	517586432
7912	7179	7617	5918	1936943	186717159	3270685	374338869
7913	4312	7230	6122	1937467	186785989	2126038	211857774
7914	1287	3731	2951	1938246	186885661	2210314	222497350
7915	2143	6982	2159	1938741	186944749	0	0
7916	6352	7164	9024	1938785	186949066	2644638	282536013
7917	6609	7145	7566	1938799	186950568	3569079	422222824
7918	160	7571	6793	1938980	186982647	4008027	495906481
7919	197	7054	934	1939863	187125148	2622124	279497334
7920	63	2412	340	1940078	187153498	0	0
7921	7622	7881	5335	1941471	187344490	0	0
7922	4048	6069	7486	1941490	187346924	0	0
7923	6298	6483	8052	1941820	187400625	3717582	446974471
7924	575	5356	5204	1941832	187402561	0	0
7925	3485	4717	8329	1941975	187427366	0	0
7926	4695	5568	4211	1942075	187443541	0	0
7927	2092	5679	2864	1942106	187447237	0	0
7928	3091	7416	6050	1942553	187528143	0	0
7929	5566	6026	5877	1942587	187534906	2782543	302383569
7930	2052	7552	6239	1942833	187578328	2038506	200514735
7931	2783	6862	4906	1942946	187603039	2563999	271115879
7932	707	2327	1316	1943308	187677180	3931350	483711732
7933	176	7847	3235	1943774	187767449	2083298	205821270
7934	5730	7838	7522	1944148	187843209	3803246	461563550
7935	5202	5541	3494	1944166	187846415	1957515	189791392
7936	303	1604	469	1944490	187915900	1975149	192072457
7937	407	2691	1840	1944826	187982203	2036427	200251514
7938	1521	5483	686	1945230	188055744	2191674	220134718
7939	2079	7805	4965	1946380	188245683	3727982	448795870
7940	1986	5182	3833	1946634	188288704	3516231	414193285
7941	3376	6679	4904	1947006	188354159	2158633	215800811
7942	736	2739	2716	1948123	188539480	3808492	462423305
7943	1056	4555	3304	1948257	188557798	2302614	234672080
7944	6216	7431	6541	1949492	188730401	2497582	262543950
7945	6037	7271	3670	1949655	188750656	0	0
7946	1723	7099	8934	1950919	188920966	2290352	232906768
7947	5293	6381	6110	1951842	189040638	2361034	242764537
7948	815	4956	1860	1952247	189092022	2051920	202366138
7949	2136	2877	1801	1952360	189107943	4166915	523169496
7950	1722	4133	1027	1952452	189119940	2973914	328847559
7951	2690	5138	5631	1952517	189128521	0	0
7952	389	2465	2879	1953127	189214220	2468038	258174666
7953	6924	6965	10481	1953839	189310024	4117809	514622948
7954	2766	6663	2793	1954233	189366471	0	0
7955	3840	4735	2727	1955176	189504276	4240026	535607109
7956	1199	3685	1938	1956652	189684143	2009793	196718572
7957	1386	4617	1751	1956878	189709620	0	0
7958	2929	6423	2677	1956888	189711016	2054343	202620660
7959	1702	6410	9604	1956924	189714755	1964596	190645679
7960	1321	2058	995	1957162	189747778	0	0
7961	5425	7935	4650	1957515	189791392	3421071	399216075
7962	2034	7105	8153	1959605	190042364	0	0
7963	2418	5341	3657	1959771	190062895	0	0
7964	1586	1905	2285	1960194	190115149	2683897	287906447
7965	1247	4786	1585	1960628	190162827	2916156	320679611
7966	4678	6493	7067	1961132	190220087	2073650	204540805
7967	36	1229	841	1961456	190261223	2047529	201843033
7968	1410	5370	3449	1961496	190265925	2021424	198315773
7969	1876	3714	1618	1961694	190288281	2359410	242549039
7970	163	3805	2319	1961914	190316109	3400501	395973519
7971	1345	2056	418	1962101	190337201	4205379	529741974
7972	4950	6166	5174	1962109	190338162	2981781	329987783
7973	1042	7599	4055	1962270	190357613	2365693	243402535
7974	2566	6439	1887	1962444	190380249	1980646	192833506
7975	926	1221	1671	1963280	190482950	4437875	569901021
7976	3463	7878	6389	1963700	190536021	0	0
7977	1849	3982	2939	1963824	190551956	0	0
7978	1768	3964	2622	1963950	190568805	2187372	219530562
7979	368	3590	578	1964498	190634549	0	0
7980	5017	7959	10979	1964596	190645679	0	0
7981	542	2863	863	1964755	190669256	3225160	367776234
7982	1754	5204	5892	1964944	190694439	0	0
7983	2097	6889	4831	1964998	190700532	0	0
7984	2469	7495	2282	1965288	190744368	2280751	231827237
7985	925	2014	1379	1966377	190902026	0	0
7986	268	384	575	1966561	190925990	2547556	269079883
7987	692	6406	3048	1966606	190931152	0	0
7988	5330	5833	9842	1967170	191011107	0	0
7989	559	7574	13663	1967300	191033516	0	0
7990	6707	7103	5084	1967358	191043413	0	0
7991	1430	5935	2576	1967827	191125706	3449318	403637715
7992	60	6675	116	1968057	191167787	2870974	314463674
7993	1677	7356	2271	1968901	191314683	2676971	287003499
7994	552	710	704	1970406	191529340	0	0
7995	305	1864	603	1971345	191649169	4334174	552167144
7996	743	7886	4304	1972010	191723598	2466285	257952609
7997	2638	4196	3346	1972615	191795076	0	0
7998	2078	2364	1126	1972679	191802708	0	0
7999	2299	3512	3405	1972904	191826747	0	0
8000	454	1037	739	1972963	191833812	0	0
8001	3665	7233	5893	1973662	191910473	2830611	309242443
8002	2674	7135	7878	1974531	192002909	0	0
8003	1908	7895	3795	1974556	192006015	0	0
8004	3556	5126	5463	1974984	192051455	3543529	418327675
8005	7787	7936	1984	1975149	192072457	2309856	235786540
8006	1800	2435	2145	1975587	192128461	2083238	205810539
8007	2198	7861	6638	1975683	192141120	0	0
8008	1356	4592	1910	1975764	192150847	0	0
8009	1007	4556	2041	1975971	192180410	2121158	211310017
8010	7483	7859	5112	1976669	192270073	0	0
8011	1634	2823	3388	1976683	192271002	2010877	196840019
8012	770	2617	505	1977164	192334896	2583117	273879474
8013	58	469	251	1977205	192340237	0	0
8014	4926	7540	4551	1977409	192368146	3161288	358172822
8015	14	439	174	1977701	192405730	2894096	317645915
8016	5256	6118	6499	1977754	192413910	2072370	204393241
8017	1463	7787	2236	1977940	192438332	3773839	456608145
8018	1394	6931	4514	1978242	192481705	0	0
8019	730	1192	628	1978320	192491478	2029938	199454651
8020	5490	6583	5507	1978394	192502674	0	0
8021	2682	3719	4319	1979202	192618255	3876380	474026210
8022	2192	5702	1586	1979623	192680019	0	0
8023	3339	4831	2211	1979903	192717397	0	0
8024	2619	4550	5644	1979924	192720320	2329738	238503885
8025	3777	4130	4467	1979995	192731557	2764356	299603339
8026	3425	4417	3355	1980234	192768862	0	0
8027	1615	7974	2307	1980646	192833506	0	0
8028	1076	2168	1135	1980900	192869862	0	0
8029	1025	1467	834	1981212	192912384	4030372	499718561
8030	1224	5227	1885	1981479	192949971	4428094	567971694
8031	1859	3583	3375	1981495	192951647	0	0
8032	1227	4631	1513	1982200	193042140	2562176	270859496
8033	2699	4251	2298	1982676	193104379	3246865	370764030
8034	2400	5389	2678	1982902	193131870	0	0
8035	1499	7419	6370	1983354	193186803	0	0
8036	4709	5323	5623	1983469	193204625	0	0
8037	484	4366	1188	1983638	193226661	2957413	326501348
8038	1500	5354	4084	1983672	193230679	3469302	406779247
8039	5066	5850	5338	1984096	193289193	0	0
8040	6436	6938	6420	1984173	193300923	4000537	494814944
8041	6743	7886	7276	1985032	193430437	2863989	313541815
8042	207	872	357	1985135	193449113	4067339	505594613
8043	1264	1453	1277	1985179	193455297	0	0
8044	1497	5451	3770	1985251	193465009	3935352	484312122
8045	5446	5660	6224	1985898	193559512	2129229	212230724
8046	1829	7497	1620	1986114	193591556	1988979	193991796
8047	2777	7752	4372	1986368	193629823	0	0
8048	1980	7812	2872	1987110	193737254	0	0
8049	401	2041	1364	1987561	193801118	2559892	270579360
8050	2823	8046	4404	1988979	193991796	4435870	569498632
8051	1684	1829	1381	1989231	194020709	2446662	255236186
8052	1665	3625	1194	1989546	194058940	0	0
8053	1199	4497	3054	1989573	194062212	2892171	317392303
8054	94	3325	771	1989982	194110390	0	0
8055	1433	3515	1357	1990400	194155380	3614924	428953393
8056	6364	6947	9279	1990878	194206376	0	0
8057	822	4389	3902	1990888	194207562	3513686	413785355
8058	6123	6481	5268	1991225	194250216	3162400	358342663
8059	2622	6415	3728	1991471	194287786	3146263	355313203
8060	789	1861	1573	1993242	194501633	3788718	459161987
8061	3512	4647	9727	1993263	194503807	4085991	508697652
8062	4220	7639	4622	1993360	194516297	0	0
8063	2730	6093	3409	1993467	194530995	2262657	229375670
8064	1641	5262	1997	1994089	194614724	2703624	290554007
8065	751	6910	3180	1994351	194646481	2724362	293868411
8066	1555	2852	1634	1994950	194721273	2378282	245091517
8067	2128	5402	5970	1995458	194780471	0	0
8068	5156	6027	4235	1995602	194799441	2451586	255882733
8069	6361	7250	1019	1996581	194927425	2387857	246420097
8070	5281	6114	5492	1996961	194970315	0	0
8071	3212	4566	6299	1997187	194996980	2836307	310037150
8072	4653	7321	3613	1997475	195033914	3535680	417320257
8073	1884	7151	1760	1998631	195176523	0	0
8074	7269	7865	9057	1998837	195197919	2110326	209757951
8075	401	2835	2146	1999094	195233985	3134870	353478413
8076	1983	4174	2633	1999769	195318333	0	0
8077	3834	4336	2737	2000004	195346007	0	0
8078	2896	6586	3983	2000764	195434119	3173064	360007470
8079	2392	4358	4667	2000984	195458134	2950346	325571205
8080	5191	6272	7250	2001051	195465698	0	0
8081	4313	6094	11080	2001275	195492848	2689074	288558158
8082	940	5555	2385	2001483	195523487	2731939	294928253
8083	437	5329	2868	2002026	195598572	0	0
8084	120	1224	308	2002035	195599609	3282426	376276946
8085	4443	5782	2763	2002259	195628409	2623544	279711332
8086	2749	3920	1231	2002412	195648778	2636363	281325444
8087	2794	5947	5205	2002455	195653806	2080078	205329133
8088	2002	5956	4277	2002955	195726615	4058437	504269803
8089	2175	5216	4153	2003019	195733982	2214024	222948671
8090	2414	6781	1850	2003046	195737690	0	0
8091	1469	2343	3937	2003555	195813012	0	0
8092	1422	7135	7569	2003789	195847376	3620493	429807872
8093	3938	6944	3778	2003791	195848073	2454560	256329157
8094	1665	1991	1379	2004145	195904951	2817227	307139586
8095	5882	6023	5085	2004393	195942579	3189982	362469843
8096	1869	3508	3893	2004732	195994340	2647680	283014178
8097	3019	3756	3454	2004979	196030788	0	0
8098	339	3605	2363	2005591	196125522	0	0
8099	1871	6428	4373	2005765	196151005	2039153	200603414
8100	7867	7869	6564	2005816	196158526	2115566	210591467
8101	982	4070	1897	2007278	196394406	0	0
8102	343	852	496	2007873	196476650	2861001	313204464
8103	2463	5898	2763	2009040	196622497	3572041	422656447
8104	4375	4516	5906	2009243	196645920	2395795	247463367
8105	5024	7956	5061	2009793	196718572	2598057	276231195
8106	673	6185	2441	2010701	196822564	3266515	373753166
8107	1047	6054	1233	2010733	196824534	0	0
8108	1665	8011	3746	2010877	196840019	0	0
8109	629	6248	2821	2010995	196858075	4185543	526219147
8110	4326	7259	4596	2011112	196873825	3088107	346535352
8111	2613	3522	1537	2011164	196880208	2447540	255343677
8112	2161	3113	2933	2011541	196931788	2780005	301998053
8113	4820	6271	3504	2011722	196956159	0	0
8114	1108	1394	482	2011773	196962283	2913436	320261102
8115	5372	6643	6814	2011882	196978659	0	0
8116	5319	6360	4469	2012133	197012085	2561208	270739442
8117	2585	6927	10256	2012191	197019902	3739972	451028186
8118	653	2159	746	2012380	197051605	0	0
8119	264	5142	1198	2013107	197169518	2585565	274260428
8120	3635	5464	1674	2013736	197263825	0	0
8121	776	4641	1643	2014182	197325885	3023276	336436200
8122	3570	5633	5877	2014536	197375008	0	0
8123	4095	6913	10287	2015045	197447073	4387958	560889866
8124	3336	6200	1969	2017693	197807122	3051724	340486419
8125	2396	4257	4127	2018100	197852453	2775204	301261287
8126	3569	6012	5092	2018312	197878034	0	0
8127	1740	4064	2164	2018971	197949728	0	0
8128	2483	5887	3461	2019012	197955191	2638131	281569575
8129	647	3676	2034	2019035	197957474	0	0
8130	3835	7277	6648	2019168	197974561	4015504	497217191
8131	5988	7797	6464	2019434	198006211	3192697	362867507
8132	6351	6997	9048	2019495	198014243	3858503	470914658
8133	854	2874	1878	2019753	198057992	2343131	240353091
8134	3803	7022	8951	2020058	198103270	0	0
8135	1953	2737	2315	2020258	198134522	3305953	380319693
8136	4115	6876	2306	2020429	198159926	0	0
8137	6017	6808	5416	2020682	198199028	3767165	455404020
8138	1141	2265	1420	2020974	198242161	0	0
8139	3851	7135	7874	2021397	198311277	0	0
8140	2233	7968	4592	2021424	198315773	4214029	531168040
8141	4368	6876	1314	2021710	198359637	0	0
8142	3915	6570	2242	2021991	198404936	2806398	305716292
8143	4544	7497	2909	2022675	198511490	2141376	213737513
8144	119	3682	1356	2022755	198524348	0	0
8145	4784	6775	9506	2022864	198542445	2980841	329844942
8146	1899	6777	4477	2023163	198593759	2257230	228546516
8147	1611	3086	1103	2024580	198809811	0	0
8148	2945	7685	2513	2025437	198925664	0	0
8149	519	1937	1368	2025517	198936951	2355454	241979272
8150	3038	3830	5511	2027230	199147319	2177396	218207865
8151	409	6734	784	2027285	199152657	0	0
8152	895	3823	1986	2028077	199240643	0	0
8153	3222	4916	3953	2028362	199273551	2478117	259775180
8154	337	7860	3093	2028402	199276270	0	0
8155	54	1379	722	2028432	199279247	4258107	538663257
8156	1566	2071	1629	2028656	199304822	3921128	481958577
8157	2046	5817	2474	2029222	199369677	2253533	228014883
8158	2204	5665	2503	2029238	199371705	0	0
8159	2000	5655	4365	2029874	199446927	3235702	369155650
8160	2610	3060	3340	2029883	199447759	3358115	389068214
8161	6251	8019	4308	2029938	199454651	3208730	365238144
8162	6669	6689	9852	2030291	199496244	2112350	210069664
8163	3969	6895	3319	2030784	199559402	0	0
8164	3339	3511	1247	2030951	199579678	3654889	435938479
8165	1158	5166	1350	2031262	199620061	3279746	375775112
8166	275	4104	2706	2031369	199635365	2612852	278313163
8167	2779	7285	6324	2032033	199714730	0	0
8168	508	669	484	2032064	199718328	2396118	247515566
8169	71	6681	4406	2032336	199755542	0	0
8170	1835	7498	1940	2032900	199831073	4069308	505848966
8171	1076	4089	3166	2033484	199904559	2195746	220642270
8172	51	2770	1143	2034035	199966669	0	0
8173	4224	4631	3147	2034414	200007726	2096375	207756143
8174	1550	2396	1418	2034809	200051586	4349960	554618219
8175	2074	4800	2872	2035212	200099376	0	0
8176	1986	5338	5658	2035353	200115078	2293908	233401075
8177	7176	7442	5765	2035380	200118680	2278957	231594724
8178	699	761	861	2035423	200126066	0	0
8179	2592	2755	3875	2035853	200186475	2630932	280729591
8180	1924	7937	3596	2036427	200251514	0	0
8181	1914	6402	3315	2036913	200312871	0	0
8182	1594	5279	1441	2037244	200354208	3520972	414944482
8183	4684	7625	3671	2037404	200372898	2250086	227630197
8184	1715	7340	3535	2037734	200412913	2304018	234871179
8185	6303	7361	3175	2038087	200456127	2491431	261740888
8186	176	3742	769	2038299	200486366	2643502	282368294
8187	7873	7930	7636	2038506	200514735	0	0
8188	5459	7643	8578	2038836	200559984	2436318	253745827
8189	1080	2274	1753	2038881	200565652	0	0
8190	861	6565	1100	2039140	200602050	2413618	250420007
8191	5147	8099	7821	2039153	200603414	4098591	510995698
8192	6447	7260	6085	2039420	200644540	2923557	321687466
8193	4095	7364	3597	2039874	200719147	0	0
8194	1389	5861	3056	2039918	200725608	2642750	282256968
8195	1076	6750	3632	2039966	200732370	2284747	232262701
8196	1248	7588	1445	2039983	200734112	0	0
8197	138	2370	792	2040176	200763269	2746654	296875430
8198	4534	5301	3491	2040272	200779107	0	0
8199	5077	6640	5129	2040516	200825806	0	0
8200	6591	6854	4949	2041076	200917179	0	0
8201	1548	7157	3777	2041850	201045726	2135523	213044390
8202	1673	6124	6048	2042523	201154206	4084425	508425501
8203	300	4001	1488	2042532	201155046	2334192	239138443
8204	3008	5586	4623	2042677	201180352	4037731	500861496
8205	7650	8019	3710	2042992	201228758	0	0
8206	2369	6259	3058	2043843	201359970	4435019	569328142
8207	2039	2683	1947	2044391	201438873	2791422	303592016
8208	3042	3269	2469	2044798	201494160	3305033	380163323
8209	591	2787	585	2045734	201618057	2451014	255803753
8210	1845	3526	3075	2046176	201675324	2540788	268336316
8211	3710	6204	2727	2046182	201675933	0	0
8212	3712	4928	4512	2046449	201709506	2550784	269404600
8213	3432	7967	3905	2047529	201843033	0	0
8214	5512	7292	2382	2047935	201893265	3460424	405393758
8215	6195	7477	7599	2048141	201919236	2870562	314401637
8216	471	7690	3112	2048413	201952569	3798419	460780954
8217	1827	6259	3764	2048922	202019881	2977383	329325902
8218	2757	7057	2144	2049734	202124350	2164473	216494109
8219	1370	4890	927	2050237	202182325	3600181	426709274
8220	1224	6594	2503	2050392	202200525	3742255	451489124
8221	1178	6612	1934	2050691	202232611	2338631	239722406
8222	2172	4908	3646	2051500	202322127	2269193	230339644
8223	4807	7948	5997	2051920	202366138	0	0
8224	6711	7314	5007	2052312	202408626	0	0
8225	1644	3460	1745	2053203	202505893	0	0
8226	329	2135	409	2054053	202593900	0	0
8227	541	5589	3060	2054240	202610841	0	0
8228	5891	7958	10410	2054343	202620660	2279291	231634239
8229	4251	7107	3156	2054597	202647968	2379547	245232541
8230	2819	5587	2825	2055453	202747229	3817748	464168420
8231	3746	4574	3008	2055812	202786350	3264659	373464989
8232	185	739	738	2055871	202794065	0	0
8233	827	2529	1168	2057301	202943334	2624442	279856606
8234	702	7230	3327	2057556	202968217	3143816	354821791
8235	1588	5704	2857	2057968	203006093	2083900	205911773
8236	161	4323	2858	2058185	203027297	4190886	527269245
8237	2234	5754	2849	2058320	203041223	2614062	278449128
8238	4006	5367	1603	2059426	203146175	3333931	385170262
8239	2510	7788	2175	2059574	203157811	2527331	266557567
8240	3164	5747	2389	2059783	203177164	2328216	238326400
8241	4461	7796	5747	2059789	203177743	3881274	474767699
8242	3690	4620	590	2060339	203233839	3440093	402244025
8243	915	6205	3717	2061341	203323309	2205340	221773717
8244	1047	3995	3001	2061644	203351425	3381410	393082635
8245	584	2453	1219	2061727	203360123	0	0
8246	1589	6310	4030	2063446	203508814	2701720	290235610
8247	227	3032	795	2063535	203516283	3983625	492425139
8248	2790	7618	2166	2063726	203531409	0	0
8249	4357	4434	1153	2064120	203564909	4069401	505862422
8250	1890	7658	5442	2064714	203612273	2706266	290986793
8251	1282	7085	9071	2065074	203644631	0	0
8252	897	4318	2533	2065455	203681225	3656354	436212876
8253	1871	3508	2672	2065755	203712251	2814094	306685141
8254	435	2748	593	2065789	203716811	2072517	204410909
8255	3943	7571	7050	2066088	203747140	3065448	342597330
8256	2350	2549	2443	2067094	203848340	3943094	485568670
8257	2566	6765	5482	2067199	203858753	3864676	472017228
8258	164	7866	2638	2067429	203885423	3771394	456153899
8259	3185	7735	2513	2067841	203929005	0	0
8260	2080	3301	3715	2068063	203953858	2242226	226668002
8261	2445	3512	3640	2068333	203982664	2449797	255628534
8262	3137	5922	2736	2069319	204084052	2136894	213192565
8263	2204	7438	6345	2069406	204093091	0	0
8264	98	2683	1214	2071070	204273546	2170889	217332286
8265	2109	7362	1268	2071268	204293444	2106771	209251664
8266	4658	7069	2513	2071743	204335758	4072405	506369544
8267	3523	4961	4834	2072078	204365333	0	0
8268	4487	7030	5917	2072197	204375571	3940028	485046883
8269	6898	8016	9522	2072370	204393241	2636006	281283478
8270	2353	8254	2441	2072517	204410909	2474076	259133862
8271	3127	5711	4245	2073009	204466599	0	0
8272	665	5564	5138	2073245	204492526	2345037	240614843
8273	3851	6201	5805	2073335	204503406	2551320	269467637
8274	5017	7966	8442	2073650	204540805	4018804	497764479
8275	1414	3542	2824	2073771	204558955	3442367	402618467
8276	2281	6592	1644	2074017	204595954	0	0
8277	182	1251	416	2074874	204714763	2081815	205577255
8278	220	3486	880	2074896	204717586	3715269	446596091
8279	1798	7424	5562	2075717	204824768	2896789	318018910
8280	2312	6530	5974	2075910	204850810	2172448	217552455
8281	545	3647	2881	2076213	204888470	0	0
8282	7837	7861	7119	2076562	204928789	2695209	289311028
8283	3259	5221	2092	2077994	205114474	2912522	320129199
8284	349	916	302	2078067	205121535	4131768	516921627
8285	1304	6140	3543	2078398	205160189	0	0
8286	3030	5832	4039	2079451	205268459	2420110	251397888
8287	5408	8087	7315	2080078	205329133	4372476	558081573
8288	7712	7882	18355	2080420	205366812	0	0
8289	3065	3630	1873	2080846	205431163	3376584	392310191
8290	4500	5542	3016	2080886	205437601	2140632	213643307
8291	1137	7067	4087	2081287	205496013	4290269	544584316
8292	355	3709	2447	2081548	205535769	3909412	479636569
8293	3141	5289	3430	2081551	205536041	0	0
8294	2066	3171	4206	2081792	205574515	2129922	212325982
8295	1756	8277	1173	2081815	205577255	0	0
8296	4493	6356	4288	2082041	205612480	0	0
8297	291	7415	1279	2082274	205653513	0	0
8298	2691	3717	3884	2082450	205681926	2913229	320232951
8299	4711	8006	4884	2083238	205810539	2517842	265088846
8300	755	7933	3481	2083298	205821270	0	0
8301	610	5473	3098	2083717	205884069	2240122	226367837
8302	364	3495	970	2083798	205896941	2408138	249609539
8303	2842	8235	3228	2083900	205911773	2422461	251748238
8304	3620	5173	5648	2084280	205968503	3044012	339344648
8305	217	2045	430	2084381	205984184	2530904	267109326
8306	7150	7860	7757	2084990	206081546	2752596	297665956
8307	7315	7594	3481	2085274	206128943	2500565	262902874
8308	2657	6682	6061	2085441	206154203	4070849	506087374
8309	2656	6024	3027	2085966	206237178	0	0
8310	6223	7546	9997	2086018	206245458	0	0
8311	6421	6657	7450	2086424	206318296	3798480	460791725
8312	4270	6988	9205	2086524	206334555	3143888	354833202
8313	3075	6423	2594	2087791	206592138	4159515	521969449
8314	447	890	689	2087823	206596530	0	0
8315	752	5045	2356	2088392	206691923	2921096	321354829
8316	3437	7855	2755	2090324	206987418	0	0
8317	784	3219	1099	2090671	207037042	3189176	362367152
8318	1540	6878	1173	2090679	207037602	0	0
8319	1859	5665	3489	2090892	207064901	3247241	370828106
8320	5661	6766	3350	2091750	207171793	3260354	372849121
8321	2848	3441	1081	2092068	207209817	2782543	302383569
8322	3047	5111	2527	2092097	207213932	3979273	491728766
8323	670	3431	2018	2092324	207246342	2381207	245443818
8324	4647	6591	10465	2092565	207277147	0	0
8325	2918	4012	6108	2093401	207380627	2237482	226004905
8326	532	6296	2481	2093651	207412111	0	0
8327	1961	3853	1569	2093681	207416071	0	0
8328	6122	7141	3651	2093713	207419829	2177838	218259881
8329	3910	5367	2008	2094214	207484138	0	0
8330	3814	6305	4940	2094269	207491834	0	0
8331	326	446	150	2094353	207503564	0	0
8332	3911	5118	4717	2094788	207561148	2776351	301430521
8333	737	6037	3108	2095010	207588338	0	0
8334	551	1388	510	2096131	207727482	0	0
8335	4518	6484	3236	2096205	207735612	2492885	261956852
8336	6556	8173	5845	2096375	207756143	3024331	336567956
8337	749	7854	1483	2096905	207824896	0	0
8338	1713	6643	4817	2097436	207894538	3099078	348378560
8339	5764	7337	5509	2097485	207900254	2744122	296538692
8340	5759	6978	9789	2097808	207942389	0	0
8341	1459	4008	3659	2097848	207949218	3297499	378763452
8342	2749	4750	2935	2098117	207988348	3725054	448266210
8343	939	5991	1314	2098447	208033268	2570487	272022448
8344	63	7725	7616	2099303	208148104	3508351	412799056
8345	5676	7401	5074	2099392	208160830	0	0
8346	1952	7887	3336	2099690	208206978	2957080	326450613
8347	459	6328	5337	2100205	208292207	4150652	520209481
8348	3259	6521	3361	2100278	208303476	3249350	371179666
8349	2209	4162	2501	2101677	208507255	0	0
8350	4606	7460	3494	2101840	208528781	0	0
8351	3864	5292	10366	2101867	208533299	0	0
8352	968	3519	782	2102266	208597894	2417506	251006404
8353	4705	6077	2385	2102287	208601090	0	0
8354	3345	4839	4796	2102514	208635821	2720131	293241292
8355	5033	5867	6466	2103284	208760182	2598632	276328296
8356	1652	1977	537	2103418	208776718	0	0
8357	2869	3735	5234	2103956	208860280	4105293	512239617
8358	2443	3656	2160	2104315	208909067	2232605	225316771
8359	716	1674	1645	2104682	208965544	2394723	247319281
8360	4250	6193	3873	2106020	209147534	2180539	218630582
8361	1040	5238	3481	2106039	209149831	0	0
8362	3777	4068	2737	2106241	209174682	0	0
8363	4318	5591	5919	2106501	209211734	3788708	459160677
8364	5580	5641	2516	2106688	209238138	2224042	224151178
8365	6348	8265	3111	2106771	209251664	0	0
8366	1035	5968	5014	2107231	209318057	0	0
8367	5026	7902	4857	2107841	209407619	2975510	329045832
8368	5512	6029	6570	2107985	209425669	0	0
8369	764	795	930	2108518	209502258	3707529	445303502
8370	3248	6468	3070	2108747	209536838	2985012	330466564
8371	4179	5432	4950	2109274	209610617	0	0
8372	5478	6696	7136	2109541	209645947	0	0
8373	5351	5618	6296	2109740	209670544	2501874	263070181
8374	2888	3258	2100	2110045	209717737	3589149	425220879
8375	3053	8074	11009	2110326	209757951	2525190	266194554
8376	6	1908	639	2110832	209835379	0	0
8377	6065	7030	6664	2110931	209848740	2504806	263472079
8378	5862	5875	6548	2111994	210013408	0	0
8379	3033	5695	8084	2112166	210041105	2479753	260019176
8380	2214	3397	2266	2112170	210041374	0	0
8381	1468	8162	10973	2112350	210069664	0	0
8382	1073	4642	3990	2112930	210178851	2459376	257058060
8383	948	1829	856	2113623	210298230	3435099	401353634
8384	1845	3326	1056	2114453	210430001	3752076	453266831
8385	4101	7869	5219	2114743	210473384	2412323	250224549
8386	2675	4096	4800	2115537	210587488	3659715	436804042
8387	5140	8100	8806	2115566	210591467	3273442	374721879
8388	653	5710	4569	2116385	210718383	0	0
8389	298	5090	1097	2116594	210751966	0	0
8390	276	5547	4407	2118412	210995415	0	0
8391	5055	5331	6251	2119093	211081671	3048744	340027296
8392	85	5713	1324	2120057	211192002	0	0
8393	1837	5546	3047	2120112	211197092	0	0
8394	34	4852	2210	2120383	211228835	3888286	475923063
8395	7851	8009	7482	2121158	211310017	0	0
8396	843	2032	658	2121206	211316531	2628182	280370187
8397	5727	6763	7478	2122201	211431975	2371903	244300840
8398	4413	6177	6910	2122877	211512756	0	0
8399	930	7447	3368	2123692	211607189	0	0
8400	66	4044	2021	2123763	211615758	3235441	369115597
8401	3405	4623	1314	2124646	211714525	3979273	491728766
8402	4081	5498	1959	2125193	211770842	2966732	327903720
8403	18	3464	777	2125271	211777270	4094949	510386104
8404	3254	3872	4137	2125368	211787461	3774730	456763573
8405	1051	2605	1768	2125497	211801770	2441387	254500996
8406	356	7913	6236	2126038	211857774	2170557	217286830
8407	7233	7523	3116	2126218	211879571	3906637	479123621
8408	4715	5085	813	2126222	211880003	0	0
8409	3963	6364	6024	2126351	211893965	4374185	558373872
8410	1988	6104	2536	2127572	212042958	2440216	254326852
8411	2811	4043	2303	2127747	212063169	0	0
8412	4784	4956	3726	2128223	212120627	2726500	294174702
8413	5826	6486	8717	2129068	212212662	0	0
8414	4795	8045	7026	2129229	212230724	0	0
8415	1745	3966	2491	2129254	212233373	3383017	393341266
8416	251	4061	1766	2129320	212242148	2235278	225722801
8417	2820	6259	3256	2129453	212258790	2805266	305564126
8418	2204	7393	3436	2129714	212293946	0	0
8419	930	8294	5047	2129922	212325982	3436863	401657004
8420	3897	6769	1695	2130061	212345218	3226068	367894921
8421	4352	5429	7526	2130600	212423221	4007615	495838148
8422	3935	4507	3713	2131026	212482817	3894303	476896498
8423	1028	1788	1873	2131892	212603039	2641688	282102559
8424	1129	7640	916	2132245	212649964	0	0
8425	3025	5068	3035	2132311	212658824	0	0
8426	580	2497	1940	2133229	212778430	3610303	428206975
8427	2370	7062	3357	2133319	212788237	0	0
8428	626	4333	2121	2133412	212800825	2461893	257380744
8429	2737	4386	6434	2134106	212885513	0	0
8430	1057	1784	938	2134686	212952266	0	0
8431	4398	8201	6675	2135523	213044390	3502418	411858491
8432	1314	3860	1286	2135862	213080993	2157402	215684176
8433	1955	3445	1431	2135963	213090745	0	0
8434	5389	6538	4096	2136154	213111665	0	0
8435	839	3040	2269	2136571	213157377	2236606	225896565
8436	7204	8262	4368	2136894	213192565	4073457	506559657
8437	2850	5001	4280	2136997	213202839	0	0
8438	442	1819	296	2137102	213216205	0	0
8439	2488	6768	6401	2137377	213248844	3457682	404923537
8440	1155	6154	1615	2137948	213318432	0	0
8441	3327	3954	4735	2138622	213399148	0	0
8442	3766	3989	2136	2138708	213407935	0	0
8443	4618	7956	3373	2138917	213432004	3149981	356097441
8444	3716	7243	6926	2139163	213461362	3887557	475790685
8445	4245	6176	3038	2139554	213508275	3252139	371566252
8446	3044	3606	4300	2140156	213583435	4358163	555815012
8447	2054	8290	3116	2140632	213643307	2454964	256395762
8448	1950	6540	6269	2140982	213682359	0	0
8449	4095	4852	4857	2141215	213716271	2381618	245500250
8450	4605	8143	3505	2141376	213737513	0	0
8451	440	7390	1513	2141555	213760044	2588378	274717975
8452	2311	4430	1605	2142845	213925271	0	0
8453	3908	6423	2982	2143618	214016859	0	0
8454	1253	5220	3280	2143680	214023633	2289507	232795405
8455	4825	5034	2971	2144351	214099440	2795907	304253654
8456	5988	7074	3807	2144854	214150985	2766933	300038819
8457	4696	7017	6761	2144943	214159889	0	0
8458	3100	7880	3162	2145110	214182366	2348928	241171589
8459	3292	6585	7519	2145482	214226832	3503967	412087663
8460	4114	4482	3374	2145710	214253810	2619514	279157444
8461	4092	4720	2469	2145865	214274936	0	0
8462	5698	7106	3800	2146906	214407201	2534643	267551877
8463	1727	7504	2261	2147084	214429132	2417229	250966631
8464	1801	7182	1058	2147228	214447030	0	0
8465	315	7197	2427	2148425	214581396	4068605	505756283
8466	2336	4986	4659	2149324	214681179	0	0
8467	4813	5507	4705	2149398	214688916	0	0
8468	4337	6975	5674	2149597	214709070	2787145	303053388
8469	2125	6192	4707	2149656	214715389	2968037	328077214
8470	1049	4269	709	2150330	214802724	0	0
8471	2995	6163	4612	2150478	214820108	2659913	284822944
8472	4956	5194	1799	2150962	214874958	0	0
8473	4344	7195	4357	2150989	214878796	2164146	216457772
8474	5509	8006	8034	2151008	214881124	2958649	326690153
8475	1783	4284	1449	2151159	214899560	0	0
8476	1259	4550	5386	2151419	214935730	4329019	551333071
8477	3141	6013	3855	2152017	215023675	4301507	546501658
8478	1018	5789	5153	2152274	215059548	0	0
8479	977	4945	2887	2153335	215205039	0	0
8480	2350	6083	4749	2153562	215233890	0	0
8481	218	6348	1947	2153696	215249870	0	0
8482	3325	7699	4479	2154311	215327679	3289786	377524986
8483	3081	5726	889	2154851	215389502	2965308	327715350
8484	72	2896	3005	2155022	215411026	2896946	318044123
8485	1578	5386	2133	2155284	215443091	2158633	215800811
8486	841	7530	1076	2155735	215501851	0	0
8487	1287	8432	2332	2157402	215684176	0	0
8488	3008	4671	2572	2157811	215724459	0	0
8489	5791	5989	6336	2158610	215798432	2835790	309962683
8490	7941	8485	7037	2158633	215800811	4263816	539517689
8491	2075	6030	2644	2158684	215806404	2457148	256727676
8492	5582	7350	7342	2158689	215807128	4054671	503626809
8493	94	7723	3273	2159010	215847262	2223380	224058929
8494	3181	5105	1598	2159032	215850896	0	0
8495	5715	6428	6462	2159151	215865352	0	0
8496	179	5146	2320	2159951	215971979	2657236	284411248
8497	1149	2355	1310	2160014	215980205	0	0
8498	2273	4919	1754	2160413	216033599	2314150	236334581
8499	1757	2768	2334	2160768	216080300	0	0
8500	143	447	312	2161703	216189091	0	0
8501	140	3795	717	2162071	216229718	0	0
8502	3546	4786	1410	2162326	216254890	0	0
8503	2351	5167	831	2162539	216275525	3240891	369922721
8504	5820	7033	9682	2162848	216308107	0	0
8505	881	6798	1305	2163078	216336128	0	0
8506	1664	5053	1211	2164026	216445001	0	0
8507	5585	8473	9987	2164146	216457772	0	0
8508	5524	8218	4162	2164473	216494109	0	0
8509	672	5716	4986	2164508	216498935	2633690	281034451
8510	4566	7158	6116	2164515	216499383	3411142	397690780
8511	1082	6124	5579	2165255	216601502	2393158	247109663
8512	3531	5052	1876	2165401	216624342	2910239	319830742
8513	2658	3931	3688	2165440	216628423	2793893	303959659
8514	1859	7259	2849	2165642	216655624	3193389	362981576
8515	2331	3940	1917	2165929	216695557	0	0
8516	4361	5659	3646	2166675	216792229	0	0
8517	1057	1483	1602	2166858	216816991	3326121	383889077
8518	2025	4713	2439	2166954	216827936	3600626	426782650
8519	3912	7048	7370	2167090	216845505	3010191	334621257
8520	6373	6985	5954	2167316	216876129	0	0
8521	2737	7178	4405	2168479	217034316	0	0
8522	1523	4326	3346	2169130	217119901	3491431	410232638
8523	5517	7531	5035	2170241	217246594	0	0
8524	3299	7472	5630	2170338	217259229	2584495	274090791
8525	1001	1789	1738	2170458	217274211	2392857	247069383
8526	4775	8406	8462	2170557	217286830	3881252	474764188
8527	2142	8264	1869	2170889	217332286	0	0
8528	66	3546	584	2170983	217344963	0	0
8529	1549	6869	5480	2171145	217366976	2576626	272904748
8530	3850	6373	5101	2171299	217387745	4270538	540532201
8531	4749	6896	6070	2171819	217461335	4345801	554007873
8532	4603	5436	2853	2172050	217494007	0	0
8533	4490	4504	5692	2172424	217548830	4000387	494795376
8534	2180	8280	6239	2172448	217552455	3324173	383551268
8535	1326	6976	2098	2175094	217939519	0	0
8536	2780	5734	1515	2175154	217945686	0	0
8537	1498	6421	5778	2175959	218044565	0	0
8538	1795	5667	2648	2176981	218163499	2943724	324563618
8539	1165	8150	6674	2177396	218207865	0	0
8540	5995	8328	7627	2177838	218259881	2874480	314938121
8541	1141	1892	1041	2177974	218273882	0	0
8542	3364	5037	5307	2178702	218361418	0	0
8543	2960	6358	6521	2178717	218362757	0	0
8544	3589	7099	8093	2178770	218368692	0	0
8545	5963	7425	8868	2179235	218436781	2607410	277654201
8546	6098	6147	5298	2180032	218554789	2340673	239977766
8547	1255	6191	3029	2180127	218567800	3513552	413762754
8548	1271	2744	1944	2180324	218597124	0	0
8549	6196	8360	6183	2180539	218630582	3354692	388512288
8550	396	7620	3687	2180733	218662823	2614209	278464622
8551	3532	4590	3491	2182112	218871351	0	0
8552	2673	5467	4432	2184223	219133173	3078979	345162170
8553	190	3175	784	2184734	219195591	3557106	420412719
8554	7171	7569	12369	2185254	219251169	2678296	287170514
8555	6032	6204	4645	2185862	219329332	2489230	261394180
8556	4266	7021	6400	2186152	219364602	0	0
8557	973	7465	526	2186154	219364753	3720591	447544882
8558	3399	5728	3339	2186396	219401072	3995263	494158325
8559	579	6682	5583	2186427	219405754	2318524	236887180
8560	2059	2431	2311	2186691	219439100	0	0
8561	1897	5061	2595	2187281	219517745	3186999	362077811
8562	4305	7978	3099	2187372	219530562	0	0
8563	777	2529	1285	2187423	219537868	0	0
8564	1625	2099	797	2187662	219571894	0	0
8565	6149	6774	9896	2187767	219584554	2856961	312680885
8566	5149	6671	3466	2188058	219628862	3173263	360036396
8567	6420	7910	8856	2188920	219753980	0	0
8568	3150	4713	2235	2189071	219779372	2710858	291675434
8569	2303	2649	1733	2189580	219858113	0	0
8570	1118	6280	1713	2189588	219859058	4138598	518032685
8571	3551	7938	2505	2191674	220134718	2678095	287145262
8572	2047	4160	3511	2191776	220144864	0	0
8573	271	6431	1442	2192044	220178733	2557915	270354012
8574	617	4457	3946	2192208	220196821	2269314	230357790
8575	758	4547	3430	2193759	220381578	0	0
8576	1125	2608	2563	2193878	220396680	2449911	255642697
8577	1342	7389	7723	2193969	220406501	3117771	351238621
8578	258	7621	7886	2194177	220432339	3823796	465181334
8579	2424	3882	4854	2194586	220491841	0	0
8580	3019	8171	4740	2195746	220642270	0	0
8581	1259	2975	1026	2196211	220704947	4064649	505237639
8582	6100	7003	12404	2196413	220730751	0	0
8583	834	5338	4517	2197264	220850145	0	0
8584	304	692	818	2197509	220879749	0	0
8585	1916	2621	1589	2197661	220899988	3481537	408831604
8586	176	7434	896	2198331	220990076	2537868	267980205
8587	1729	4662	3362	2199038	221074380	0	0
8588	3179	3412	2392	2199767	221158463	2604911	277345144
8589	3136	3238	2498	2200179	221205308	0	0
8590	307	1150	903	2200321	221222496	0	0
8591	1427	4286	1114	2200664	221261463	2984312	330361608
8592	2465	5849	3451	2200845	221281477	0	0
8593	1798	5782	1148	2201234	221325964	2322300	237492383
8594	234	6763	6873	2201733	221373110	0	0
8595	2459	3696	1929	2201767	221376712	0	0
8596	4829	5306	1517	2202446	221448099	3079531	345259007
8597	3820	5123	3939	2202827	221486502	4342944	553548242
8598	2841	4804	5660	2202858	221489103	0	0
8599	2572	5476	1622	2203029	221510961	2205340	221773717
8600	1921	2997	2275	2203499	221561972	0	0
8601	5799	7776	8380	2203735	221587406	0	0
8602	2048	6724	2559	2204457	221672723	0	0
8603	2388	6953	5221	2205079	221739518	0	0
8604	4026	5790	4902	2205101	221742566	3904657	478742897
8605	3919	4738	2613	2205218	221757278	2419796	251354891
8606	215	6916	2256	2205250	221761192	2714739	292248995
8607	2121	5207	4019	2205304	221768181	3590908	425450010
8608	8243	8599	5339	2205340	221773717	0	0
8609	5274	7599	8053	2205903	221851002	2769286	300402244
8610	5436	7839	10947	2206519	221936481	3296480	378583432
8611	478	7061	2846	2206810	221977479	0	0
8612	3278	7271	1370	2206989	222003713	0	0
8613	7757	7880	9481	2207323	222051989	2253720	228038016
8614	3300	6880	2479	2207712	222113037	0	0
8615	259	2314	1912	2207749	222119179	0	0
8616	6401	7956	4358	2207763	222121398	3554478	420025585
8617	2736	6921	417	2208603	222253672	2259614	228920088
8618	3975	6665	4094	2209178	222334925	2535898	267700041
8619	3535	3997	2937	2209269	222348940	2223213	224036966
8620	681	3382	2082	2210292	222495558	2922264	321503257
8621	6972	7914	4589	2210314	222497350	4399653	563008505
8622	129	2388	1966	2211226	222621307	3421340	399257725
8623	2542	2575	1587	2211803	222694867	2684645	288013829
8624	3921	4158	3100	2212790	222810514	0	0
8625	1367	2621	1334	2213646	222908749	0	0
8626	1997	4436	933	2213649	222908817	0	0
8627	1024	8089	4219	2214024	222948671	2332188	238856273
8628	191	671	690	2214109	222958224	2430725	252977652
8629	104	6699	5283	2214192	222966974	3621506	429980208
8630	1062	6530	6217	2214385	222990484	2600114	276565847
8631	485	582	644	2214843	223046115	3690473	442252231
8632	3474	5485	4285	2215239	223092005	2693475	289101931
8633	4907	7827	2584	2215821	223162524	0	0
8634	915	1792	1031	2215865	223168287	0	0
8635	1057	2352	1376	2215972	223181256	0	0
8636	805	4549	3428	2216380	223228917	2282349	232012676
8637	2176	5706	1953	2216473	223240395	0	0
8638	4841	6443	3997	2216560	223252190	0	0
8639	3016	5994	2430	2216996	223306758	2653029	283812051
8640	2570	5427	2669	2217301	223343365	2617136	278823940
8641	2367	3748	1111	2218457	223476064	0	0
8642	3414	6858	5771	2219094	223539316	0	0
8643	250	7105	7521	2219190	223550459	2922225	321497625
8644	3849	5190	2216	2219734	223611998	0	0
8645	3159	7851	8462	2220055	223644526	2264423	229627337
8646	719	6412	1148	2220088	223647687	2295113	233598895
8647	3491	5384	3427	2220129	223653580	0	0
8648	3780	6457	4789	2220863	223743978	3143320	354739208
8649	5230	7031	9777	2221203	223782296	0	0
8650	655	4092	679	2222362	223926678	2506323	263661675
8651	1259	4445	5173	2222520	223942916	3360552	389512679
8652	2509	4612	3493	2222554	223946975	0	0
8653	3665	5626	5514	2222568	223948846	3765617	455157946
8654	115	1442	518	2222938	224002017	0	0
8655	4193	8619	5145	2223213	224036966	2456315	256602942
8656	4717	8493	8149	2223380	224058929	0	0
8657	3329	4298	4419	2224011	224146042	3416084	398441026
8658	6436	8364	2999	2224042	224151178	4069651	505898653
8659	1971	2955	2836	2224684	224241937	3406942	397034673
8660	5302	5414	2675	2224829	224266923	2510105	264084528
8661	148	1127	512	2224855	224269718	0	0
8662	534	6270	3236	2225404	224351418	0	0
8663	348	996	1285	2225540	224367111	0	0
8664	2318	4808	4850	2225567	224370184	2825649	308464762
8665	1790	3212	3694	2225938	224426601	0	0
8666	1496	3288	1546	2226542	224507602	2270980	230601306
8667	4944	6443	2009	2226955	224560172	3068287	343110006
8668	5384	6627	2928	2227205	224592207	2428784	252739525
8669	4046	4218	1052	2227298	224607672	0	0
8670	245	7293	7139	2227307	224608531	2237880	226059066
8671	551	2225	1125	2227696	224663342	0	0
8672	6200	7035	4012	2228190	224731571	2318475	236880187
8673	3589	6973	3825	2228573	224788057	2429447	252821755
8674	479	1507	564	2228809	224821065	0	0
8675	7442	7501	3669	2229262	224878062	3685965	441473435
8676	2398	7185	918	2229506	224909742	0	0
8677	3252	7885	5479	2229842	224950673	2987401	330836111
8678	3136	4889	4636	2230884	225080645	3069611	343390245
8679	1936	4344	3972	2231033	225099018	2748750	297136959
8680	785	7720	3746	2231263	225128767	3176297	360491486
8681	1018	2139	602	2231296	225133071	0	0
8682	267	1063	311	2231397	225146899	2400739	248285159
8683	916	3238	1732	2231464	225157143	4286502	543838783
8684	838	1359	453	2231556	225169930	3084688	346047240
8685	319	3324	2686	2231625	225180175	2418635	251176267
8686	3834	5780	5925	2232117	225247462	2956597	326381784
8687	4792	6240	5976	2232239	225264307	0	0
8688	3185	7026	4766	2232363	225278887	2253720	228038016
8689	4212	4948	6475	2232500	225301214	0	0
8690	5995	8358	6136	2232605	225316771	3556247	420275760
8691	1237	1845	1520	2233612	225474059	3144877	355025811
8692	63	7599	3824	2233868	225511101	3560672	420938804
8693	368	3310	1331	2234035	225536647	4261074	539146665
8694	602	4410	3197	2234280	225571879	4246630	536733407
8695	6261	6466	3050	2234300	225575307	3476248	407969127
8696	4568	6650	5325	2234361	225585556	3601803	426973024
8697	5212	5593	3186	2235210	225713603	0	0
8698	486	8416	1863	2235278	225722801	0	0
8699	1137	5298	1590	2236384	225868093	2612056	278231457
8700	4215	8435	3027	2236606	225896565	2618793	279061677
8701	4459	5868	1985	2237212	225973677	0	0
8702	6334	6843	2686	2237333	225986380	2275962	231243411
8703	4771	5593	2247	2237426	225999505	0	0
8704	3849	8325	6695	2237482	226004905	2582252	273740881
8705	3586	4419	2769	2237606	226019870	0	0
8706	1436	8432	2207	2237796	226047196	0	0
8707	3291	8670	8400	2237880	226059066	4218833	531936937
8708	4408	4758	1205	2238874	226203755	3626626	431004497
8709	4214	6559	5877	2239311	226258827	2622124	279497334
8710	3362	5674	2444	2239916	226340659	0	0
8711	3608	8301	5848	2240122	226367837	0	0
8712	3565	7599	4447	2240258	226388583	3672325	438973136
8713	932	2640	2251	2241005	226495278	0	0
8714	315	7129	504	2241261	226527772	3370086	391182854
8715	2201	3527	3345	2241340	226538176	2586630	274429267
8716	3877	5488	6281	2241478	226554195	2252999	227947847
8717	1470	5723	2601	2241527	226561562	0	0
8718	2909	5216	3549	2242172	226659555	0	0
8719	6407	8260	5434	2242226	226668002	2389691	246647369
8720	4193	5102	5674	2242322	226684393	2432592	253215787
8721	4789	5167	1173	2244753	227016304	3305843	380304672
8722	1526	3589	1537	2245056	227051563	2400259	248189202
8723	2228	7809	3881	2245230	227072451	3481475	408821821
8724	1902	7360	3181	2245300	227080979	2795907	304253654
8725	5032	7652	5690	2246789	227258535	0	0
8726	372	3799	1056	2246839	227265590	3181127	361203027
8727	7675	7840	3024	2247400	227333458	0	0
8728	2227	7035	4070	2247535	227348242	3226563	367960141
8729	108	2576	953	2248224	227428852	3900719	478018262
8730	4742	7566	6098	2248366	227443718	3403930	396545762
8731	564	737	444	2249616	227582692	2760264	298947153
8732	1162	7735	882	2249745	227593859	3232798	368756628
8733	1070	8183	4338	2250086	227630197	0	0
8734	5699	7631	2412	2250258	227648110	3216284	366467302
8735	1759	1813	666	2250866	227712215	2378912	245161559
8736	2863	6339	2262	2251533	227780746	0	0
8737	3212	4941	6832	2251713	227797833	2471262	258668732
8738	5574	7339	9281	2251817	227808102	0	0
8739	2241	4013	3619	2252506	227894173	0	0
8740	1436	2571	2030	2252831	227929448	3854381	470293476
8741	1966	4738	2460	2252986	227946754	2456185	256584040
8742	3434	8716	6931	2252999	227947847	0	0
8743	2669	8157	2870	2253533	228014883	3463948	405983959
8744	2794	3693	1702	2253668	228032439	4027000	499207917
8745	8613	8688	14247	2253720	228038016	2754290	297954500
8746	4603	6250	3590	2253887	228060511	2513347	264502406
8747	2311	5345	6272	2255155	228253251	2882491	316096045
8748	364	5237	1596	2255672	228328446	0	0
8749	5522	6665	3539	2256122	228391838	3891405	476432292
8750	170	1700	861	2256258	228408387	0	0
8751	3320	3999	6781	2256319	228416101	2299009	234155384
8752	539	4080	3628	2256823	228486186	3972694	490564527
8753	3260	8146	5576	2257230	228546516	3482285	408945805
8754	976	6957	2502	2257393	228571234	4358079	555803710
8755	5242	5250	6445	2257510	228588268	0	0
8756	3176	4479	3273	2258119	228690109	3369367	391066670
8757	3629	7780	5454	2258449	228745638	2414163	250503307
8758	2016	4968	2316	2258808	228798465	0	0
8759	937	4547	3543	2258851	228803800	0	0
8760	2468	6934	6623	2259109	228840629	0	0
8761	5106	8617	2564	2259614	228920088	3645921	434211894
8762	6	5002	5683	2260082	228996110	0	0
8763	641	4930	1318	2260341	229038936	0	0
8764	1228	1858	1142	2261150	229162568	2844830	311221720
8765	2689	7609	6345	2261731	229244655	4159515	521969449
8766	6809	8063	4270	2262657	229375670	0	0
8767	3868	5397	5919	2262830	229399170	3190545	362548170
8768	4353	7338	5558	2263242	229456836	0	0
8769	3227	3599	6246	2263821	229542059	2990471	331363226
8770	1029	2275	2522	2264094	229578568	0	0
8771	3871	8645	9474	2264423	229627337	4433119	568948753
8772	871	1645	130	2264607	229656138	3959924	488216534
8773	2564	5167	1439	2264982	229709328	3569012	422213443
8774	4539	5609	5455	2265217	229745879	3088107	346535352
8775	3595	6072	2706	2265390	229772937	2806560	305738532
8776	1967	3511	762	2265524	229792834	2702395	290343102
8777	5632	6988	8637	2265728	229824192	2742755	296353605
8778	14	5869	3571	2265853	229842776	3270599	374328558
8779	679	7381	6423	2266561	229951759	0	0
8780	1443	5618	6197	2266824	229993525	2923557	321687466
8781	244	686	383	2268212	230203515	2371003	244179154
8782	3319	7368	853	2268273	230213269	0	0
8783	2645	6932	3477	2268735	230276883	3080129	345362367
8784	1468	2174	2980	2269100	230328075	3716528	446796239
8785	3762	8222	5604	2269193	230339644	0	0
8786	1486	8574	5617	2269314	230357790	0	0
8787	2204	3366	1090	2269501	230386638	0	0
8788	4435	6903	5764	2269790	230426116	0	0
8789	1407	3847	3450	2270622	230553899	3402667	396327865
8790	2961	5694	3861	2270788	230577216	4158430	521762790
8791	2565	8666	4560	2270980	230601306	3192697	362867507
8792	2785	3336	3642	2271812	230723996	0	0
8793	1292	2465	3444	2271987	230751152	4266276	539869967
8794	760	6556	2972	2273094	230902507	2910946	319920082
8795	4213	6577	2681	2273289	230926234	3831356	466386446
8796	1362	4593	1269	2275605	231206396	0	0
8797	1545	5713	1794	2275609	231206756	3641071	433450504
8798	7371	8702	8661	2275962	231243411	4085875	508673169
8799	771	6512	6468	2276084	231256818	2292858	233242435
8800	481	2599	739	2277350	231407457	0	0
8801	4518	6281	1012	2277541	231429198	3895364	477074522
8802	6606	7583	8071	2277818	231461862	2366173	243463215
8803	2422	3643	2935	2278063	231490372	0	0
8804	739	7355	1328	2278452	231535914	2350341	241368638
8805	212	8177	5825	2278957	231594724	3370524	391257219
8806	3124	8228	12032	2279291	231634239	0	0
8807	3148	5016	1755	2280598	231808316	0	0
8808	3449	7984	3890	2280751	231827237	0	0
8809	2039	6337	3746	2282171	231994824	4431692	568675257
8810	871	8636	3514	2282349	232012676	0	0
8811	503	2235	414	2283379	232126084	2456293	256601064
8812	2736	4099	1296	2284221	232211765	3490853	410159268
8813	1559	1773	1209	2284388	232226624	0	0
8814	4090	6423	5588	2284587	232244567	0	0
8815	1919	8195	5363	2284747	232262701	4151211	520319157
8816	2452	7356	2233	2285018	232289958	3334543	385269556
8817	4944	5850	5283	2285089	232298031	2768775	300320943
8818	2345	7028	5117	2285293	232321804	2367245	243629254
8819	1687	2006	1680	2285751	232373151	0	0
8820	5234	7894	3543	2285846	232384121	0	0
8821	1551	4374	1490	2286487	232457017	2905613	319233648
8822	2185	3430	2559	2286566	232464879	0	0
8823	589	5136	3911	2287156	232527922	0	0
8824	2581	7948	2984	2287183	232529920	0	0
8825	2499	4974	5200	2288140	232630576	3467534	406504061
8826	1921	6020	3394	2288398	232656715	2896753	318014449
8827	2039	6723	3602	2288645	232681699	0	0
8828	4976	7353	9530	2288823	232704045	3653481	435644495
8829	138	4419	1327	2288906	232716129	0	0
8830	1797	6940	9242	2289224	232753395	0	0
8831	28	71	44	2289392	232777488	2298016	234012875
8832	177	8454	3330	2289507	232795405	0	0
8833	2651	7803	4324	2289743	232826818	0	0
8834	5316	7946	13382	2290352	232906768	4103992	511989942
8835	77	1313	580	2291624	233087893	3478379	408345493
8836	5487	8799	11387	2292858	233242435	3329046	384328893
8837	3032	7593	6010	2293199	233290974	3904743	478759379
8838	1530	4607	431	2293288	233303829	4433119	568948753
8839	3354	4725	13929	2293399	233318877	2661760	285087854
8840	5471	8176	7987	2293908	233401075	3275884	375101863
8841	2468	5495	3495	2294405	233480460	0	0
8842	6062	7640	3648	2294555	233505416	3368138	390863691
8843	19	2929	1211	2294808	233549055	2334935	239238084
8844	1145	8646	1600	2295113	233598895	0	0
8845	1168	5429	3248	2295908	233725592	0	0
8846	1788	4726	5547	2296592	233817818	2554622	269923155
8847	7480	8831	14081	2298016	234012875	2522330	265744376
8848	3870	6525	3682	2298018	234012919	2487168	261105781
8849	302	4835	1165	2298308	234050655	0	0
8850	187	8751	6933	2299009	234155384	0	0
8851	2168	7283	2644	2299112	234170179	0	0
8852	1619	1652	219	2299530	234241054	0	0
8853	6489	7275	7500	2300034	234318956	0	0
8854	1020	4742	2273	2301169	234485572	3016642	335602001
8855	5	1488	829	2301402	234514742	3856978	470679464
8856	285	7628	7830	2301516	234527984	4210882	530586447
8857	4092	6586	1215	2302538	234664678	0	0
8858	5779	7943	5844	2302614	234672080	0	0
8859	310	2612	1529	2302927	234716560	0	0
8860	5866	7269	8913	2303054	234732023	2739064	295872521
8861	3299	3898	3893	2303629	234815958	0	0
8862	380	5417	4570	2303667	234821841	3512435	413561273
8863	5135	5861	6968	2303818	234841109	3257194	372337328
8864	4030	8184	6399	2304018	234871179	0	0
8865	1464	5855	8415	2304095	234886138	4365374	556969927
8866	6268	6692	3605	2304368	234930319	0	0
8867	2913	5207	2423	2305481	235115772	0	0
8868	7705	7871	9062	2305499	235118220	3435932	401484252
8869	2018	7001	3875	2306279	235246187	0	0
8870	3062	3681	1448	2306810	235332211	0	0
8871	461	5076	1740	2307076	235378205	0	0
8872	4185	7428	3928	2307611	235462484	0	0
8873	2293	5156	2949	2307680	235474984	0	0
8874	1153	3482	2128	2307786	235492379	2331996	238827255
8875	2951	3514	1556	2307826	235498990	0	0
8876	1204	6504	1617	2308819	235650507	3609070	428018892
8877	4665	6418	2817	2309804	235780184	0	0
8878	527	7007	7378	2309849	235785931	3124521	352057705
8879	3926	8005	4382	2309856	235786540	0	0
8880	795	1096	743	2310435	235868684	0	0
8881	398	5385	5506	2311543	236001185	2509958	264065886
8882	5715	6445	5594	2311595	236007861	3504798	412207750
8883	481	5434	1948	2311763	236030617	0	0
8884	806	2301	1428	2313118	236208903	0	0
8885	1547	2619	953	2313231	236220905	2581339	273608215
8886	1845	3743	2024	2313324	236231589	2422054	251691428
8887	6	4178	2894	2313423	236243852	2814251	306706912
8888	1	1468	1122	2313515	236255161	0	0
8889	6027	6416	4368	2313638	236271950	2472290	258835860
8890	4786	8498	2614	2314150	236334581	4454734	572939154
8891	2432	7061	2888	2314660	236393493	0	0
8892	2036	2642	2664	2314818	236413094	0	0
8893	1180	4824	3952	2315055	236440688	0	0
8894	1675	3722	4046	2315400	236482572	0	0
8895	55	3441	973	2315691	236519010	0	0
8896	1106	5729	2102	2316017	236556849	0	0
8897	3527	7888	7468	2316094	236566549	2722344	293573413
8898	6609	7124	7286	2316691	236642388	3932130	483822612
8899	1137	7326	5919	2316797	236654881	0	0
8900	1272	5321	2232	2316945	236677981	3201507	364254452
8901	2406	7526	3773	2317654	236773284	2692676	289001028
8902	1357	7029	3175	2318255	236850924	0	0
8903	45	8672	4030	2318475	236880187	0	0
8904	7638	8559	10780	2318524	236887180	2996841	332404901
8905	5122	5311	7072	2318799	236932285	2698804	289774294
8906	3138	7510	4382	2318895	236946535	0	0
8907	1343	8670	7778	2319312	237017162	2597087	276065756
8908	810	8498	2180	2319517	237051382	3378282	392609326
8909	2283	4142	1512	2320739	237260966	0	0
8910	2600	7103	5309	2320848	237276905	2739264	295897986
8911	1580	2940	1755	2320962	237295119	0	0
8912	1311	3819	3180	2320970	237296225	0	0
8913	1767	2233	1500	2321301	237346781	3590291	425371952
8914	608	811	437	2321821	237424217	0	0
8915	7657	8593	2579	2322300	237492383	3329866	384468968
8916	3417	4162	4092	2322512	237523536	0	0
8917	1648	3238	2317	2322983	237585607	0	0
8918	1313	4172	2678	2323138	237608243	3067921	343032959
8919	629	2778	1307	2323938	237715624	0	0
8920	1078	7937	2439	2324039	237731568	0	0
8921	5099	7487	1543	2324395	237777411	3435543	401424124
8922	5569	7870	6405	2324834	237839175	0	0
8923	2947	6242	8021	2324986	237860436	2391932	246940713
8924	3396	7766	7638	2325476	237928985	2439431	254218665
8925	4976	7338	5715	2326031	238016552	3732615	449590203
8926	1752	6825	2375	2326530	238097526	0	0
8927	454	3593	495	2327527	238236154	3119373	351431648
8928	113	4391	914	2327637	238250937	0	0
8929	233	8240	2405	2328216	238326400	0	0
8930	4142	4389	4133	2328926	238411173	2432592	253215787
8931	370	1719	633	2329261	238448884	0	0
8932	7127	8024	15161	2329738	238503885	0	0
8933	4310	7531	4772	2330102	238554118	0	0
8934	3753	6745	9720	2330390	238596042	0	0
8935	508	2753	1795	2330636	238631146	0	0
8936	2694	7656	3004	2330973	238681635	0	0
8937	3300	7487	622	2331634	238776681	4047193	502371803
8938	5399	5509	6920	2331801	238800016	0	0
8939	4438	8874	2410	2331996	238827255	3447262	403327395
8940	1853	2291	3722	2332079	238838547	3959056	488077144
8941	802	8627	5030	2332188	238856273	0	0
8942	3419	3880	677	2332452	238897319	4446529	571594802
8943	2133	8046	2895	2333541	239052954	2767800	300171516
8944	3005	8203	1633	2334192	239138443	3556169	420264103
8945	1063	3019	1786	2334283	239149777	3227664	368103611
8946	1522	4231	1098	2334317	239154680	2473873	259101735
8947	548	4356	2004	2334661	239200682	0	0
8948	5552	6370	4334	2334683	239203898	3706153	445082579
8949	6060	7692	5368	2334719	239209138	3366331	390556946
8950	1149	8843	1528	2334935	239238084	3699417	443895681
8951	3883	4870	6553	2335216	239276579	0	0
8952	3278	7546	4405	2336124	239400591	3382304	393211876
8953	4470	7020	4312	2337492	239581723	0	0
8954	3483	7239	8524	2337983	239644417	4338409	552815363
8955	3530	8221	4459	2338631	239722406	4120723	515148797
8956	2956	3403	2037	2338920	239759411	0	0
8957	2407	7712	4498	2339249	239797279	0	0
8958	5867	7191	5218	2339748	239858697	0	0
8959	5904	6081	1786	2339960	239884464	3150446	356190048
8960	3169	8546	6566	2340673	239977766	3047702	339860655
8961	3510	5532	4757	2340925	240010793	3099345	348423393
8962	1161	4725	12283	2341162	240041781	4134823	517382594
8963	1757	6554	2663	2341177	240044983	3349338	387715628
8964	4377	4391	3193	2341444	240088213	2553772	269796055
8965	565	1932	998	2341527	240101382	0	0
8966	4209	7072	5568	2341587	240109452	3913564	480332179
8967	3245	6865	6289	2341997	240178408	3374031	391865360
8968	1595	8133	2633	2343131	240353091	0	0
8969	2919	4214	3261	2344286	240514684	3345014	386961897
8970	3467	7565	7984	2344472	240540139	3645873	434206022
8971	3230	6606	7480	2344913	240596716	3467962	406565779
8972	3515	5448	3467	2344915	240596848	3153480	356817030
8973	8011	8272	8526	2345037	240614843	0	0
8974	2083	2728	1726	2345267	240650506	0	0
8975	98	2207	509	2346441	240820380	2830611	309242443
8976	6900	7367	6902	2346536	240834212	0	0
8977	3470	7205	4976	2347500	240971987	3325119	383714351
8978	1122	4327	3732	2347719	241004763	0	0
8979	6082	7260	8348	2347866	241020503	0	0
8980	1645	4946	823	2348199	241068316	0	0
8981	2133	3413	1525	2348367	241090377	2398560	247904724
8982	1244	1462	1135	2348811	241155920	0	0
8983	5950	8458	3718	2348928	241171589	0	0
8984	1020	1885	1059	2350137	241340956	3099136	348387778
8985	6425	8804	4935	2350341	241368638	0	0
8986	5311	5325	3876	2350947	241445572	2358695	242446970
8987	58	4249	1634	2352656	241650415	0	0
8988	3545	7336	4964	2352711	241656015	3108710	350105266
8989	4571	6221	3088	2352756	241661111	2759800	298877602
8990	2736	4691	867	2352763	241662790	0	0
8991	3666	7054	2171	2352937	241684919	0	0
8992	855	1485	634	2353581	241764432	0	0
8993	1633	4704	1492	2354024	241813159	0	0
8994	1119	1559	973	2354645	241881873	4041254	501446170
8995	6887	7266	12218	2354721	241888910	0	0
8996	912	4831	1802	2354852	241904649	3504771	412204213
8997	4091	8646	1621	2355068	241930330	0	0
8998	4679	7458	7585	2355274	241955031	0	0
8999	117	4514	1432	2355371	241968556	4171828	523882859
9000	2119	8149	2467	2355454	241979272	2757737	298560143
9001	468	6391	4693	2355793	242027203	0	0
9002	5160	7377	12497	2355845	242034348	0	0
9003	3357	6260	2886	2357311	242247510	0	0
9004	1088	3074	1638	2357379	242255191	2828884	308977628
9005	5248	7675	3688	2358008	242351385	3137641	353876976
9006	412	5995	4113	2358189	242377468	0	0
9007	792	2336	3291	2358356	242399049	2571868	272219090
9008	363	8986	4258	2358695	242446970	2359410	242549039
9009	4271	7684	2358	2358763	242456375	2797455	304479344
9010	243	2866	765	2359186	242518970	2778466	301764094
9011	1610	5671	1805	2359246	242527548	0	0
9012	7969	9008	5876	2359410	242549039	2574227	272557992
9013	2201	3104	2115	2359747	242597529	0	0
9014	6967	7947	14418	2361034	242764537	0	0
9015	791	1416	1555	2361319	242807836	3114957	350910322
9016	1736	6491	1954	2362470	242974237	3940028	485046883
9017	2306	6434	5562	2362529	242980155	0	0
9018	175	5029	1041	2362622	242992292	2392647	247040204
9019	2939	7966	8354	2363168	243068848	0	0
9020	5455	7292	1321	2363832	243158722	2636006	281283478
9021	2849	6200	4041	2364645	243266694	0	0
9022	1392	3569	1841	2365404	243363812	3016642	335602001
9023	2399	5108	1805	2365433	243368040	0	0
9024	2703	7888	5792	2365483	243374346	0	0
9025	2800	7973	5623	2365693	243402535	2432164	253159844
9026	5657	8802	8983	2366173	243463215	3753296	453449228
9027	2747	3128	893	2366434	243504259	3090260	346848600
9028	7048	8751	11998	2366777	243554700	0	0
9029	3996	6678	5072	2366929	243578911	0	0
9030	2749	8818	5490	2367245	243629254	3457101	404829609
9031	3480	4086	3308	2367359	243645398	2747086	296930581
9032	4510	5954	3663	2368487	243825600	0	0
9033	5762	6593	3455	2368493	243826255	3567855	422057836
9034	1303	6364	6387	2370195	244069563	2724792	293929698
9035	479	3243	2005	2370694	244141696	2955896	326287176
9036	2611	2936	4396	2370852	244158796	0	0
9037	5344	8781	692	2371003	244179154	0	0
9038	2916	7610	1605	2371339	244223854	2491226	261710628
9039	514	1276	911	2371555	244253514	0	0
9040	5670	8397	8098	2371903	244300840	0	0
9041	3135	7501	4740	2372109	244326912	0	0
9042	3043	6885	4437	2373510	244514376	2402933	248698172
9043	2355	2745	1940	2373688	244537102	0	0
9044	1412	5888	3994	2373741	244543350	0	0
9045	324	5496	6702	2374078	244590905	3151860	356477915
9046	2837	3603	3649	2374781	244688535	2596943	276044996
9047	833	2327	1632	2374993	244716356	2752869	297709137
9048	27	1165	1181	2375628	244793213	4100308	511308066
9049	1167	3169	2344	2376141	244858686	0	0
9050	3602	5245	2550	2377353	244991321	0	0
9051	5826	6542	6311	2377675	245026594	2600114	276565847
9052	3109	4139	4782	2377936	245056096	3859632	471113179
9053	6712	8066	5217	2378282	245091517	0	0
9054	1450	2734	1397	2378436	245108825	2644148	282466616
9055	7274	8735	2167	2378912	245161559	2550666	269391697
9056	1438	2012	1069	2378941	245163985	2414422	250545097
9057	4742	6557	6585	2379083	245178830	0	0
9058	2095	2210	3385	2379272	245200441	2392857	247069383
9059	385	8229	3263	2379547	245232541	3121950	351759710
9060	114	5138	5311	2379607	245238646	0	0
9061	1224	5247	2207	2379791	245260406	3153584	356836273
9062	129	2703	758	2380054	245292193	0	0
9063	2129	4200	2875	2380254	245319922	0	0
9064	3464	6218	7768	2380794	245389409	0	0
9065	885	2380	649	2381068	245424044	2876137	315173962
9066	4528	4966	5378	2381205	245443781	2457757	256819033
9067	7198	8323	2797	2381207	245443818	4154436	520956526
9068	1719	7874	2240	2381521	245488620	0	0
9069	1635	8449	5451	2381618	245500250	0	0
9070	382	5875	2618	2382521	245635870	0	0
9071	845	6773	7546	2382962	245696914	0	0
9072	2896	6741	6099	2382967	245697464	3999484	494677191
9073	3732	4420	6396	2383218	245739934	4155823	521249821
9074	279	3481	1134	2383498	245778342	3554478	420025585
9075	613	6787	3181	2384062	245862813	0	0
9076	657	5084	4802	2384070	245863596	2953383	325966966
9077	2905	6214	1952	2384436	245919192	0	0
9078	2639	3130	4375	2385419	246073776	2777249	301572893
9079	3539	6643	3715	2385432	246076151	0	0
9080	525	2576	1193	2385640	246108074	0	0
9081	963	4052	1435	2386646	246265348	0	0
9082	1794	7067	3779	2387001	246309577	3634880	432431964
9083	1075	7821	6193	2387836	246416950	2782726	302411521
9084	2158	8069	1388	2387857	246420097	3246506	370708748
9085	1115	3039	2482	2387947	246431459	0	0
9086	1646	1993	1504	2388614	246519598	0	0
9087	775	1185	649	2388805	246544941	3182521	361403294
9088	1201	4230	1212	2389594	246637926	3186442	361998570
9089	8358	8719	7594	2389691	246647369	0	0
9090	2132	3676	2533	2390128	246701189	0	0
9091	2493	7512	2088	2390194	246709081	2462934	257518224
9092	6838	7529	3855	2390278	246720182	0	0
9093	1448	6801	5899	2390345	246728326	3814918	463615348
9094	2869	6804	2839	2390741	246790226	3990738	493463608
9095	3942	8923	8683	2391932	246940713	2879577	315648311
9096	1929	9018	1616	2392647	247040204	0	0
9097	8525	9058	5123	2392857	247069383	3797344	460588964
9098	2814	8511	7897	2393158	247109663	0	0
9099	1512	8359	2246	2394723	247319281	3849615	469523953
9100	4131	4343	10349	2394938	247345440	2760840	299033567
9101	2549	5322	5263	2395639	247443416	3101563	348808270
9102	814	5320	3327	2395708	247452314	0	0
9103	6865	8104	10795	2395795	247463367	2595007	275732095
9104	1740	5527	4986	2395876	247477828	0	0
9105	1687	8168	1679	2396118	247515566	4032887	500099928
9106	4134	5595	2504	2396311	247548833	0	0
9107	1168	4058	2539	2396772	247626108	2717953	292878982
9108	2487	6690	2492	2397424	247725018	3042084	339072278
9109	494	1948	1027	2397596	247749898	2474717	259238705
9110	3932	5875	12132	2397709	247766150	0	0
9111	838	4966	2527	2397718	247767638	0	0
9112	4318	8981	3880	2398560	247904724	3692872	442680923
9113	4410	5349	5462	2398611	247912717	3866289	472320832
9114	223	5010	2584	2399112	247995355	2997080	332444842
9115	4901	7663	10944	2399321	248026910	0	0
9116	5469	5966	8925	2399570	248067545	2811138	306321974
9117	6359	8722	8193	2400259	248189202	3678486	440129883
9118	3156	4410	3770	2400423	248223664	0	0
9119	445	5734	657	2400714	248280899	0	0
9120	5720	8682	1444	2400739	248285159	2475504	259376847
9121	3018	7386	6052	2401135	248356935	0	0
9122	1357	7605	4818	2401271	248380637	0	0
9123	3805	5814	2990	2401546	248432377	3834236	466849156
9124	5521	6128	7577	2402206	248565951	3007560	334168800
9125	694	9042	4756	2402933	248698172	0	0
9126	1525	5411	893	2402935	248698236	2576630	272905355
9127	5647	7295	15550	2403400	248776312	2636727	281371439
9128	4	7543	3514	2403488	248794905	0	0
9129	3233	5079	1358	2404011	248903751	2761203	299093805
9130	640	1655	223	2405369	249172698	3187379	362127478
9131	2561	2833	2420	2406287	249328646	2568787	271786779
9132	673	2874	2059	2407345	249482579	3954130	487385961
9133	6409	6450	7431	2407553	249514309	2821736	307805997
9134	5203	5724	2215	2407730	249540468	0	0
9135	6868	7336	9023	2407756	249545799	2957353	326491010
9136	6844	8302	6171	2408138	249609539	0	0
9137	5031	6483	4762	2409225	249785514	0	0
9138	411	2380	256	2410114	249915501	0	0
9139	406	7786	2029	2410368	249950003	3330317	384546830
9140	1694	7801	3615	2410735	249997048	0	0
9141	1753	7644	5053	2411097	250050100	0	0
9142	1722	5686	841	2411415	250094797	0	0
9143	3753	5986	6881	2412171	250202053	0	0
9144	6186	8385	9690	2412323	250224549	0	0
9145	4587	4754	2516	2412508	250254777	2715335	292344159
9146	4318	8190	3455	2413618	250420007	0	0
9147	1026	6777	5240	2413696	250429617	2608797	277844128
9148	3994	6777	5016	2413747	250437723	0	0
9149	5785	8757	7001	2414163	250503307	3796316	460410460
9150	3032	9056	1737	2414422	250545097	0	0
9151	2	7291	6879	2414465	250550908	2661993	285125869
9152	1525	4454	2602	2415334	250697177	3333544	385112105
9153	3517	5664	3584	2416686	250891747	2748750	297136959
9154	1751	8463	3326	2417229	250966631	2607420	277655397
9155	5015	8352	3383	2417506	251006404	4403523	563658265
9156	5150	6380	6327	2417579	251017248	0	0
9157	2566	6186	4626	2417618	251022810	2570487	272022448
9158	2009	4421	3149	2417789	251047493	2510061	264078203
9159	2189	3714	2007	2417815	251051982	3142603	354631242
9160	1677	5618	6385	2417859	251058410	3313708	381771361
9161	7874	8685	4471	2418635	251176267	2791190	303559372
9162	5378	5912	2597	2419048	251243697	0	0
9163	3002	4710	2294	2419683	251336487	2730396	294718538
9164	589	8605	2905	2419796	251354891	0	0
9165	27	8286	4057	2420110	251397888	4436355	569600414
9166	2962	6127	9983	2420382	251440864	2489299	261403802
9167	1432	4935	6287	2421522	251614838	0	0
9168	569	1904	1047	2421539	251616751	3816227	463872749
9169	3555	8886	2850	2422054	251691428	2683170	287815299
9170	5243	7384	10621	2422412	251740585	0	0
9171	5633	8303	8828	2422461	251748238	3856639	470628480
9172	501	7355	1014	2422813	251809734	0	0
9173	5605	7236	14625	2423142	251863781	0	0
9174	2414	7415	2314	2423297	251892216	3866289	472320832
9175	4954	5602	7942	2423566	251944903	2628694	280436017
9176	4663	7361	3873	2423825	251990042	0	0
9177	5134	6512	7160	2425685	252301825	3068468	343146617
9178	602	1772	1588	2425871	252337671	0	0
9179	1230	2294	1555	2426088	252369626	3988719	493185594
9180	486	1470	472	2426108	252373625	2923135	321629284
9181	1594	4569	2273	2427982	252639190	0	0
9182	127	1504	664	2428265	252674923	2522161	265723006
9183	1003	8668	3414	2428784	252739525	3609500	428077615
9184	3278	8673	4367	2429447	252821755	0	0
9185	3312	4343	2463	2429575	252837192	0	0
9186	2128	3353	3220	2429667	252847409	0	0
9187	533	2473	461	2430151	252907648	2877821	315416401
9188	5538	5884	7278	2430455	252943953	3402667	396327865
9189	714	3639	3053	2430483	252947418	3584811	424608230
9190	3369	8628	5271	2430725	252977652	0	0
9191	2982	3329	3200	2430901	253000388	0	0
9192	624	4193	2524	2431514	253078526	0	0
9193	560	5159	3163	2431554	253082409	2753314	297780450
9194	1988	4745	1548	2432059	253147571	4190123	527122541
9195	617	9025	6001	2432164	253159844	0	0
9196	8720	8930	9807	2432592	253215787	3663737	437492958
9197	5778	7032	3721	2433174	253309242	2721846	293498753
9198	4001	5021	3874	2433892	253414570	3289786	377524986
9199	4980	5026	3646	2434048	253436654	0	0
9200	1927	4135	2655	2435210	253588710	0	0
9201	1638	7242	2643	2435498	253630169	3718502	447147249
9202	6933	7698	14878	2435922	253682190	3493992	410570481
9203	1196	8188	8976	2436318	253745827	2588668	274765162
9204	974	6296	2735	2436360	253752848	0	0
9205	3905	4704	2065	2436928	253844113	0	0
9206	6232	7875	7274	2437112	253872696	0	0
9207	1632	5243	2658	2438170	254031215	0	0
9208	1933	8924	7856	2439431	254218665	0	0
9209	5361	5828	5098	2440171	254322156	4325127	550697665
9210	6008	8410	2713	2440216	254326852	2760264	298947153
9211	2622	7677	4415	2440261	254333458	2654846	284057220
9212	494	580	805	2440668	254394662	0	0
9213	6675	7880	901	2440941	254433742	2844641	311200026
9214	784	8405	2311	2441387	254500996	3989780	493323716
9215	3547	5050	5522	2441606	254530736	3322531	383248121
9216	439	6475	1495	2441760	254552766	3478646	408385734
9217	3360	7553	3479	2442082	254601609	0	0
9218	6966	7169	4673	2442546	254665620	0	0
9219	5563	6563	3403	2443024	254733166	0	0
9220	1343	4139	4251	2443225	254763998	3963731	488849430
9221	1527	5514	4751	2443674	254824553	3415469	398346930
9222	3221	7000	5832	2443865	254850425	0	0
9223	3272	6334	1798	2444459	254935819	2681859	287648710
9224	5712	7512	2489	2444732	254972643	2752991	297726932
9225	7328	7426	4989	2445056	255021490	2615756	278644734
9226	2569	7819	2986	2445746	255115254	0	0
9227	1983	8005	2878	2446234	255181746	3000252	332968458
9228	918	4537	1102	2446389	255198908	0	0
9229	7618	8051	3096	2446662	255236186	2778466	301764094
9230	7458	8111	6566	2447540	255343677	0	0
9231	1540	5642	2584	2447797	255374546	0	0
9232	4329	7067	3795	2448450	255458554	0	0
9233	2677	4869	3280	2448514	255466260	3920743	481877411
9234	364	6631	1967	2449223	255553882	3452141	404057951
9235	1498	2197	1337	2449740	255622640	3320321	382872384
9236	991	8261	4762	2449797	255628534	2485879	260931816
9237	3537	7968	5124	2449832	255633003	0	0
9238	7559	8576	10239	2449911	255642697	3183420	361533135
9239	3027	5970	2222	2450285	255696502	2871090	314482587
9240	2858	6897	4507	2450542	255732873	3990449	493418001
9241	6855	8209	1149	2451014	255803753	0	0
9242	7902	8301	6017	2451431	255861967	4443448	570967070
9243	1929	8068	4810	2451586	255882733	0	0
9244	6281	6601	5959	2452306	255997635	3177730	360699023
9245	3812	4767	6700	2453300	256139408	0	0
9246	422	6932	2748	2453398	256155246	0	0
9247	1981	4118	1812	2453632	256184984	3691105	442358442
9248	2833	3332	2479	2453690	256193257	0	0
9249	5895	6936	5389	2453801	256211140	4219752	532098650
9250	5477	7460	2536	2454044	256248452	0	0
9251	394	6096	4338	2454098	256256863	0	0
9252	1417	8093	4304	2454560	256329157	2933524	323022723
9253	3464	8447	3882	2454964	256395762	0	0
9254	482	4958	3178	2455179	256430785	0	0
9255	1153	2737	1634	2456072	256568370	2778823	301822447
9256	5109	8741	3087	2456185	256584040	0	0
9257	3506	8811	1493	2456293	256601064	0	0
9258	2979	8655	5698	2456315	256602942	0	0
9259	5416	8491	6629	2457148	256727676	3861525	471443477
9260	7256	9066	7159	2457757	256819033	3471600	407162062
9261	2943	5628	3555	2457772	256821595	0	0
9262	597	1023	449	2458336	256905849	0	0
9263	39	8382	4021	2459376	257058060	0	0
9264	5194	7160	3968	2460043	257144337	4339568	552998215
9265	7409	8428	7316	2461893	257380744	3454641	404442828
9266	2313	7290	9557	2462242	257426258	3948021	486431074
9267	4536	6280	4192	2462265	257428863	0	0
9268	1186	2730	1216	2462642	257476769	2575502	272744276
9269	459	2380	329	2462851	257507548	0	0
9270	5219	9091	3119	2462934	257518224	0	0
9271	3743	3771	1658	2463333	257576724	3851276	469803972
9272	206	534	316	2464068	257673356	0	0
9273	2520	7781	3833	2464121	257679358	0	0
9274	6175	7501	3675	2464643	257753045	4312351	548247995
9275	291	4066	1358	2464943	257789096	0	0
9276	6328	6707	5676	2465665	257879756	2576630	272905355
9277	4526	7996	6908	2466285	257952609	2905531	319224571
9278	6349	6859	2098	2466473	257975072	3348186	387519948
9279	302	6688	4225	2467098	258054244	3405025	396722599
9280	4981	5976	5493	2467383	258086823	4094614	510332209
9281	2980	6751	1524	2467536	258105140	2847473	311539566
9282	3403	7389	8136	2467775	258136317	0	0
9283	136	5441	3311	2467902	258153089	0	0
9284	4372	7952	3683	2468038	258174666	0	0
9285	3144	5243	3418	2468557	258247905	4325127	550697665
9286	3290	7201	3615	2468973	258306883	3838459	467499745
9287	1833	3516	2100	2469224	258340250	3273155	374683827
9288	4114	7783	8898	2469353	258357215	0	0
9289	1190	7847	4355	2469608	258398168	3371822	391477975
9290	2153	5642	2411	2469932	258453615	3394280	394984339
9291	5234	5891	8455	2470196	258493240	2873344	314785083
9292	1546	7719	8900	2470217	258496885	0	0
9293	722	7625	2741	2470537	258548485	4203259	529400023
9294	2379	8737	8815	2471262	258668732	3116248	351054294
9295	7145	8889	8184	2472290	258835860	3814634	463561138
9296	633	5886	3963	2472312	258840429	2549353	269257930
9297	1228	6593	1490	2472314	258840671	0	0
9298	5245	6439	2921	2472323	258843847	2881662	315969036
9299	1948	7660	5878	2473030	258967299	3571001	422494530
9300	2416	8946	3190	2473873	259101735	3920717	481872841
9301	4574	5468	1398	2473991	259118173	0	0
9302	6334	8270	2726	2474076	259133862	0	0
9303	1344	7787	1726	2474498	259200982	3083351	345860957
9304	1642	5204	5345	2474513	259204017	3574069	422948104
9305	1683	7026	3215	2474656	259226823	2714715	292246072
9306	4425	9109	4352	2474717	259238705	0	0
9307	2550	6622	5943	2474962	259279838	3478676	408390293
9308	2236	9120	2671	2475504	259376847	3330561	384587543
9309	550	5826	5686	2477118	259628708	2498833	262698307
9310	5635	8190	3856	2477235	259646332	3397118	395460773
9311	5032	7624	4407	2477405	259672788	3999755	494712292
9312	2539	4493	4366	2478005	259756884	0	0
9313	3692	8153	4971	2478117	259775180	0	0
9314	3007	6771	7038	2478536	259842150	3153487	356817584
9315	1264	4670	2180	2479595	259993395	3160856	358107567
9316	4371	5574	2935	2479652	260001716	0	0
9317	2754	8379	8186	2479753	260019176	0	0
9318	1318	5719	3954	2479948	260049277	2582220	273735725
9319	43	1460	669	2479997	260057789	0	0
9320	2778	7413	5701	2480253	260095256	3816922	464006896
9321	863	4842	5528	2480866	260190070	2731939	294928253
9322	280	8435	2482	2480919	260198257	2674165	286737305
9323	3330	5803	2665	2482520	260445739	3062590	342156486
9324	5802	6124	7004	2483155	260530057	2705331	290831568
9325	1519	6389	7535	2484029	260652354	3576400	423316023
9326	5719	6937	5649	2484064	260656841	0	0
9327	764	6311	3537	2484244	260685869	0	0
9328	4726	6278	6622	2484299	260694002	0	0
9329	3119	5311	6415	2484868	260775612	2737032	295599163
9330	422	2467	713	2485566	260887357	4243306	536149812
9331	3597	9236	6893	2485879	260931816	2840963	310697767
9332	2207	5580	1023	2486681	261043034	0	0
9333	3748	8848	4150	2487168	261105781	2767800	300171516
9334	4742	6536	2432	2487212	261110996	0	0
9335	3679	6541	6612	2487474	261150858	0	0
9336	3964	6011	4938	2487568	261163787	3676580	439773755
9337	5865	6652	9029	2489180	261388705	2601345	276786655
9338	3744	8555	5139	2489230	261394180	2886411	316647516
9339	5716	9166	14925	2489299	261403802	0	0
9340	159	6714	6192	2489409	261420231	3647534	434469253
9341	1646	4871	2958	2490588	261608204	0	0
9342	1651	9038	3056	2491226	261710628	0	0
9343	1608	8185	3505	2491431	261740888	0	0
9344	3473	4055	2145	2492338	261873946	3416084	398441026
9345	688	2343	3511	2492544	261906836	0	0
9346	7330	8335	5053	2492885	261956852	2648038	283071345
9347	5387	7759	3716	2493350	262021368	3334543	385269556
9348	468	996	1701	2495190	262265743	0	0
9349	2240	3696	2462	2495336	262284835	3256312	372198308
9350	63	4968	1881	2495386	262289939	4131768	516921627
9351	2408	4331	5424	2495495	262300512	2713998	292143087
9352	700	6133	3076	2496560	262430252	0	0
9353	4849	7944	7169	2497582	262543950	0	0
9354	3832	5252	5227	2497780	262567634	2761354	299118746
9355	4335	5884	7647	2498121	262612011	3134726	353457998
9356	2343	9309	8978	2498833	262698307	0	0
9357	604	806	709	2499584	262790724	4346692	554140008
9358	27	6813	1099	2500013	262838698	0	0
9359	4963	6413	1344	2500501	262894699	3411486	397740977
9360	6130	8307	9184	2500565	262902874	0	0
9361	668	3579	3815	2501625	263037220	3907684	479317400
9362	2299	8373	7502	2501874	263070181	2867790	314033544
9363	91	249	255	2502093	263098228	3906485	479099037
9364	51	3386	992	2502259	263123668	2642346	282196651
9365	4741	5591	4927	2502503	263153457	2595007	275732095
9366	3151	3809	5420	2502650	263173652	0	0
9367	6293	6345	4010	2502844	263197482	2799103	304701298
9368	1072	3709	2499	2502934	263210672	2553841	269806570
9369	6574	7706	5309	2503215	263253528	2890789	317204197
9370	31	8377	6677	2504806	263472079	0	0
9371	2511	6825	1846	2505748	263594458	0	0
9372	4722	7779	1995	2506085	263633901	0	0
9373	700	8650	741	2506323	263661675	2689794	288649194
9374	64	773	269	2507089	263746589	0	0
9375	211	4234	2686	2507655	263809129	0	0
9376	4570	5441	3374	2507725	263817485	0	0
9377	1233	7885	4579	2508225	263868979	3241123	369957994
9378	2990	7708	3257	2508791	263930453	0	0
9379	2704	3917	1286	2508987	263953088	0	0
9380	1234	4989	6180	2509045	263959499	2798177	304572443
9381	4445	5390	7950	2509882	264057885	3046775	339729064
9382	3588	8881	6182	2509958	264065886	0	0
9383	361	9158	3301	2510061	264078203	3177836	360712856
9384	4736	8660	3628	2510105	264084528	2517662	265065894
9385	1491	3985	3309	2510378	264121497	3972946	490616471
9386	5865	7252	8278	2510986	264199724	2863615	313497252
9387	6348	7933	5078	2511131	264219432	3363800	390122002
9388	781	7460	1246	2512367	264379497	0	0
9389	4070	7219	3113	2512660	264412791	0	0
9390	1978	3487	1510	2512943	264451180	0	0
9391	5100	8746	6253	2513347	264502406	0	0
9392	3254	4453	3500	2513492	264523991	3400797	396020638
9393	5563	7186	5968	2513954	264585251	0	0
9394	4115	5807	4099	2514358	264635925	0	0
9395	3647	6658	6330	2514471	264650705	3758782	454201464
9396	1873	7459	5038	2514703	264686255	3640098	433303960
9397	1766	2691	3271	2514711	264687238	3906485	479099037
9398	991	1331	1336	2514935	264720135	4140235	518356217
9399	4034	6001	2514	2516259	264891751	3496426	410938944
9400	523	5949	2829	2516907	264973601	0	0
9401	2729	8385	7098	2517203	265006705	0	0
9402	5797	7237	4937	2517220	265009118	3691243	442380419
9403	1966	8229	3742	2517317	265022111	0	0
9404	4719	9384	5427	2517662	265065894	2616406	278727416
9405	5245	5407	5264	2517751	265076753	2757737	298560143
9406	8299	8646	6032	2517842	265088846	2741872	296241553
9407	2503	4599	2914	2518208	265145030	0	0
9408	569	7507	2960	2518520	265190595	0	0
9409	434	513	414	2518769	265227611	2648038	283071345
9410	4274	6546	9604	2519176	265290272	2525190	266194554
9411	3297	4504	2672	2520613	265506174	2697760	289630372
9412	653	6361	771	2520729	265520714	2663942	285461506
9413	3717	6320	4092	2520947	265550778	2948658	325338580
9414	2583	5373	9988	2520950	265551078	2764441	299616518
9415	3908	9182	2166	2522161	265723006	2806540	305736348
9416	1872	8847	15593	2522330	265744376	3210622	365508726
9417	1066	5807	2557	2523274	265902754	0	0
9418	3021	3523	2421	2523987	266008439	3932243	483839275
9419	5430	6917	6174	2524133	266029592	2943632	324551804
9420	8375	9410	20613	2525190	266194554	0	0
9421	3023	4682	1986	2526306	266384724	0	0
9422	6157	7752	6886	2526361	266394354	0	0
9423	872	4207	5313	2526923	266488989	0	0
9424	812	5369	3146	2527128	266521723	3597119	426262317
9425	470	1174	486	2527197	266532311	0	0
9426	7858	8239	3351	2527331	266557567	0	0
9427	1755	5166	1451	2527404	266569871	0	0
9428	166	1872	1624	2527413	266571218	0	0
9429	523	2129	1184	2528705	266794369	2546312	268943546
9430	1273	4576	1753	2529204	266869176	0	0
9431	2134	7468	7353	2529862	266963969	3038863	338562313
9432	84	1879	892	2530758	267089337	2560714	270680943
9433	4856	8305	592	2530904	267109326	2729041	294522210
9434	140	4075	1952	2532008	267251361	0	0
9435	4653	7473	3226	2532613	267329176	0	0
9436	1604	1965	1408	2533255	267402780	0	0
9437	1370	4966	2444	2534114	267498236	0	0
9438	3448	8462	6329	2534643	267551877	0	0
9439	2973	3912	6274	2535188	267613584	3437083	401700089
9440	4190	5407	6532	2535275	267621819	2984312	330361608
9441	7646	7905	5169	2535359	267633359	3932130	483822612
9442	269	7648	5272	2535675	267672670	4310335	547870918
9443	6585	8618	9377	2535898	267700041	0	0
9444	6550	6980	6009	2535914	267701867	2775516	301308628
9445	6815	8586	3737	2537868	267980205	0	0
9446	1667	3872	5065	2538407	268048455	0	0
9447	278	1907	865	2538584	268070907	3929383	483430728
9448	3977	4693	2399	2539574	268190268	4037068	500741991
9449	3975	6946	2785	2539721	268205794	3944461	485819490
9450	1328	3148	2281	2539819	268217250	3022842	336381838
9451	1071	5934	1907	2539866	268223612	2828007	308846855
9452	2198	7428	3422	2540772	268334424	0	0
9453	1306	8210	3643	2540788	268336316	2696991	289531123
9454	142	1425	1351	2540935	268353449	3371822	391477975
9455	204	7600	3413	2541576	268428946	2962535	327310031
9456	1940	6326	3461	2541975	268478993	2607410	277654201
9457	5285	6318	6466	2542008	268481741	0	0
9458	1949	4964	1396	2542083	268491887	2643989	282441608
9459	107	7344	1695	2542720	268566100	0	0
9460	2312	6106	1976	2543769	268682919	0	0
9461	3972	6424	1462	2544222	268729865	0	0
9462	1201	2970	1216	2544366	268744575	0	0
9463	5592	6029	5261	2545294	268839900	3995870	494234389
9464	923	4556	2659	2545527	268863718	0	0
9465	4264	9429	2360	2546312	268943546	3196347	363468835
9466	2979	6324	9959	2546626	268972321	4119681	514949448
9467	3904	7986	1117	2547556	269079883	0	0
9468	1844	4558	3164	2547760	269100973	0	0
9469	2976	4555	3105	2548673	269190734	3983697	492440220
9470	904	4361	2283	2548716	269195914	3634204	432318244
9471	6823	9296	4799	2549353	269257930	0	0
9472	6803	6873	1513	2549515	269273796	3358823	389195482
9473	2109	4919	1408	2549664	269288971	2626539	280156888
9474	3835	6994	4649	2549716	269295617	3159015	357822873
9475	582	4691	755	2549954	269321497	2918929	321077033
9476	3717	9055	4351	2550666	269391697	3507222	412603896
9477	5321	8212	6242	2550784	269404600	2698760	289768540
9478	2687	5650	3655	2551046	269436430	0	0
9479	7428	8273	8538	2551320	269467637	0	0
9480	1417	5606	846	2551819	269530987	0	0
9481	5404	6224	5482	2552005	269554403	3247941	370951707
9482	761	4609	4038	2552086	269563777	3963795	488863511
9483	3116	6392	5827	2552108	269567000	3340239	386155224
9484	1169	3701	431	2552309	269598840	3652196	435402512
9485	368	5538	1872	2552488	269623828	2961324	327125365
9486	3732	5429	6986	2552789	269660423	0	0
9487	2692	7256	5133	2553095	269705243	0	0
9488	169	3861	1606	2553606	269773499	0	0
9489	6628	8964	7673	2553772	269796055	3786974	458876054
9490	4363	9368	3068	2553841	269806570	4011019	496421236
9491	981	3835	1338	2554135	269851780	0	0
9492	2184	8846	5979	2554622	269923155	3017896	335766075
9493	4405	8573	2898	2557915	270354012	3344290	386834420
9494	2880	6208	7784	2558251	270388605	2648103	283080764
9495	1788	6320	3263	2558291	270393256	3901373	478133269
9496	6052	6548	10083	2559088	270482034	0	0
9497	827	1177	275	2559221	270498752	0	0
9498	2203	2285	2078	2559437	270524325	0	0
9499	5595	7152	3521	2559849	270574320	3555571	420174498
9500	6657	8049	3253	2559892	270579360	3158475	357738238
9501	3998	9432	4600	2560714	270680943	3872902	473427595
9502	389	6991	1418	2560744	270684545	0	0
9503	315	2613	1314	2561086	270724668	0	0
9504	849	8116	5211	2561208	270739442	4331928	551810942
9505	3884	6515	5710	2562102	270850386	0	0
9506	5514	5971	6873	2562137	270854901	0	0
9507	4652	8032	5640	2562176	270859496	0	0
9508	4318	7299	5915	2562455	270899445	4047292	502386883
9509	3472	5927	4655	2563018	270978733	2588613	274756642
9510	3219	7956	2494	2563099	270992452	0	0
9511	2483	4070	1654	2563821	271090218	0	0
9512	6470	7931	6965	2563999	271115879	0	0
9513	1074	5099	1455	2565666	271339270	4067339	505594613
9514	1395	2045	1148	2565862	271362886	0	0
9515	4836	7574	16774	2566048	271385647	0	0
9516	175	4215	835	2566077	271389817	3066730	342813000
9517	4013	7707	11684	2566131	271396314	3245792	370588912
9518	6324	6436	9889	2566658	271479674	0	0
9519	1426	4789	1374	2567465	271597770	2799103	304701298
9520	4587	5479	1302	2568104	271691216	0	0
9521	4034	4738	2991	2568476	271744494	2674153	286736355
9522	5677	9131	8243	2568787	271786779	4150224	520146359
9523	1622	2390	1215	2570157	271979030	0	0
9524	4303	6783	3323	2570234	271988624	3371385	391404932
9525	3743	4629	5461	2570309	271998945	0	0
9526	8343	9157	5940	2570487	272022448	0	0
9527	1138	4134	732	2570511	272027335	0	0
9528	1293	7555	2879	2570639	272045456	4178432	524910623
9529	3269	4153	2359	2570664	272047899	2865461	313735987
9530	5535	9007	7044	2571868	272219090	0	0
9531	1050	5509	6021	2572257	272277522	3541565	418081039
9532	1873	7875	3150	2572525	272315304	2684645	288013829
9533	1346	1948	1231	2573387	272442842	3230892	368504376
9534	5314	9012	8170	2574227	272557992	0	0
9535	6570	7502	6347	2574488	272594656	3238358	369552043
9536	6017	9296	4875	2574746	272633411	2870562	314401637
9537	2472	3331	2133	2574872	272655113	0	0
9538	1227	1670	755	2574969	272669870	0	0
9539	5994	9268	2832	2575502	272744276	3965291	489171073
9540	2977	6078	3837	2575659	272768968	0	0
9541	1242	5899	2202	2575668	272769852	0	0
9542	1394	6840	3323	2576269	272852545	0	0
9543	6235	8529	8690	2576626	272904748	0	0
9544	9126	9276	6569	2576630	272905355	0	0
9545	6761	7508	5987	2576976	272960652	0	0
9546	3548	6999	3313	2577282	273011838	3254948	371980486
9547	1527	5818	1640	2577906	273111256	0	0
9548	4530	6449	1986	2578070	273137177	0	0
9549	2602	5350	3389	2579446	273332703	3726117	448471711
9550	353	7282	4332	2579862	273388478	0	0
9551	5322	7009	7858	2579873	273390350	3621487	429978189
9552	3503	7507	4881	2581005	273560949	0	0
9553	3204	6626	563	2581223	273589599	0	0
9554	7935	8885	4447	2581339	273608215	2804916	305521820
9555	2738	3386	2646	2581390	273616475	0	0
9556	1001	1384	2457	2581957	273699310	3119950	351501108
9557	370	6528	3209	2582021	273707194	0	0
9558	149	3753	1861	2582027	273707891	3014827	335355243
9559	5589	9318	6706	2582220	273735725	0	0
9560	2733	8704	6994	2582252	273740881	3039523	338669962
9561	8011	8012	3893	2583117	273879474	3331842	384810939
9562	1314	7680	3408	2583285	273906692	2840963	310697767
9563	4990	7061	5786	2583627	273960785	0	0
9564	6128	8524	12877	2584495	274090791	3809507	462613196
9565	4785	6028	4691	2585395	274232783	0	0
9566	102	8119	1229	2585565	274260428	3691176	442371199
9567	2166	2500	2967	2585659	274276153	3768106	455550734
9568	4608	7428	5020	2585845	274304807	3235441	369115597
9569	961	5899	1903	2586119	274350617	0	0
9570	2276	4359	1622	2586521	274411721	4383135	560108653
9571	5479	8715	4466	2586630	274429267	0	0
9572	2794	5765	5367	2586770	274451174	0	0
9573	7448	7948	12078	2586871	274467669	0	0
9574	5309	8451	5689	2588378	274717975	3299064	379052106
9575	5455	9509	5756	2588613	274756642	3188790	362317905
9576	487	9203	9311	2588668	274765162	0	0
9577	508	3883	2892	2589671	274939516	2902238	318797239
9578	3713	4770	2959	2589844	274968034	4285664	543663562
9579	1463	4278	2980	2589948	274983605	3173722	360110717
9580	2034	2561	1991	2590252	275039974	3835484	467035776
9581	179	4192	3366	2591775	275275533	0	0
9582	2197	6444	2372	2591986	275307686	3220581	367144655
9583	6933	7510	11343	2593139	275465356	0	0
9584	4703	5501	6085	2593221	275477593	3382087	393180526
9585	3354	6081	3533	2594052	275599020	0	0
9586	3505	6028	3806	2594099	275606655	0	0
9587	4407	6864	4195	2594433	275654166	0	0
9588	9103	9365	15722	2595007	275732095	2993638	331872700
9589	2382	7184	2473	2595354	275791508	3859632	471113179
9590	1380	7780	3589	2595492	275814638	2677308	287043323
9591	3478	7717	6370	2596334	275951757	0	0
9592	3461	3797	2492	2596338	275951920	0	0
9593	2083	9046	4064	2596943	276044996	4274175	541273616
9594	2154	3014	1390	2597043	276060891	4424582	567324042
9595	3425	8907	9595	2597087	276065756	3313441	381721909
9596	4758	8105	5730	2598057	276231195	3895103	477030966
9597	3198	7322	1853	2598599	276324306	2628182	280370187
9598	7194	8355	7593	2598632	276328296	4035128	500444492
9599	7689	7707	11468	2599699	276504677	0	0
9600	8630	9051	12528	2600114	276565847	0	0
9601	960	3396	3461	2601176	276759306	2966732	327903720
9602	238	9337	9408	2601345	276786655	3649050	434747718
9603	6169	6405	3854	2603135	277088841	0	0
9604	5133	7354	4656	2604012	277220147	0	0
9605	201	2854	788	2604377	277271033	0	0
9606	6079	8588	3450	2604911	277345144	3578462	423658790
9607	1850	3849	1871	2605093	277369533	3652482	435454463
9608	2053	3183	3434	2606429	277537437	0	0
9609	8545	9456	12329	2607410	277654201	0	0
9610	7276	9154	6224	2607420	277655397	0	0
9611	3103	3758	752	2607427	277657211	0	0
9612	3769	9147	5467	2608797	277844128	0	0
9613	4472	5551	3625	2611446	278167349	3537249	417517348
9614	865	4323	2975	2611952	278221121	0	0
9615	1040	8699	2070	2612056	278231457	3557163	420419520
9616	566	7331	5735	2612579	278282983	0	0
9617	1680	4078	1169	2612833	278310917	4084382	508417537
9618	3702	8166	4168	2612852	278313163	0	0
9619	5550	5813	3557	2613608	278397455	3524423	415521809
9620	2223	8237	3761	2614062	278449128	0	0
9621	822	8550	4580	2614209	278464622	0	0
9622	4864	5969	6503	2614491	278495888	0	0
9623	1578	6003	2091	2615185	278574983	2616706	278766148
9624	871	6523	2582	2615462	278606320	0	0
9625	2421	9225	7037	2615756	278644734	4274489	541348795
9626	6220	9404	8961	2616406	278727416	3058250	341499383
9627	2697	9623	5037	2616706	278766148	2638131	281569575
9628	528	5982	5574	2617010	278809139	2639060	281706744
9629	2709	3392	2851	2617084	278817951	3684508	441172356
9630	494	8640	3033	2617136	278823940	0	0
9631	1067	2172	1584	2617158	278827675	3960361	488284790
9632	41	6876	588	2617539	278885377	3065838	342664767
9633	123	377	247	2617916	278940389	2676580	286961289
9634	8700	9051	9338	2618793	279061677	0	0
9635	5558	8460	8472	2619514	279157444	0	0
9636	4158	4745	3482	2620569	279304954	2639974	281847757
9637	95	1272	527	2621225	279391487	0	0
9638	2096	7384	8707	2621866	279464642	0	0
9639	6252	8529	7448	2621943	279473092	2975356	329026937
9640	1963	3012	3580	2621958	279474861	2867359	313976295
9641	7919	8709	6811	2622124	279497334	3808849	462492701
9642	1	1285	313	2622235	279516753	2904887	319144670
9643	1249	2731	1183	2622661	279576809	0	0
9644	54	7485	4373	2623102	279635623	3433297	401051089
9645	7366	8737	10686	2623264	279663184	0	0
9646	3659	8085	3557	2623544	279711332	2993163	331798816
9647	643	7895	3553	2623581	279717285	0	0
9648	4023	6179	2701	2624323	279838556	0	0
9649	2216	8233	2055	2624442	279856606	3048640	340011198
9650	941	4541	1638	2624467	279860000	0	0
9651	1037	7168	773	2624601	279878338	0	0
9652	6696	8301	7025	2624953	279926290	0	0
9653	3250	4920	2857	2625220	279968616	0	0
9654	4001	9473	2723	2626539	280156888	0	0
9655	2015	5499	1360	2627075	280232852	3215808	366391299
9656	4744	6216	5640	2627248	280254021	0	0
9657	123	646	694	2627784	280320314	0	0
9658	8396	9597	2511	2628182	280370187	2637669	281501676
9659	7302	9175	10201	2628694	280436017	0	0
9660	2452	6356	1295	2629442	280540987	0	0
9661	1018	2063	1348	2629639	280563721	0	0
9662	7459	8179	6558	2630932	280729591	2951818	325762284
9663	4181	5167	1067	2631643	280812311	0	0
9664	542	1617	676	2632420	280895798	0	0
9665	6160	7715	7059	2632569	280912574	0	0
9666	1941	3571	1705	2633168	280981109	0	0
9667	5342	8509	7451	2633690	281034451	0	0
9668	3299	8700	3999	2633717	281036986	0	0
9669	3879	6207	3251	2634882	281164967	3457288	404859949
9670	1819	6723	3004	2635043	281180621	3019844	336005982
9671	8269	9020	10843	2636006	281283478	3913908	480403972
9672	3886	5905	2988	2636038	281287248	3209593	365366419
9673	4079	8086	1631	2636363	281325444	0	0
9674	3914	9127	15717	2636727	281371439	0	0
9675	6825	8270	4043	2637469	281475729	3445668	403092201
9676	5056	9658	3657	2637669	281501676	3104847	349411383
9677	161	4360	4776	2637755	281513318	3737048	450423922
9678	808	6025	2519	2637825	281524709	0	0
9679	8128	9627	8498	2638131	281569575	0	0
9680	6153	9628	7794	2639060	281706744	0	0
9681	3690	4464	3178	2639836	281825202	0	0
9682	6043	9636	5134	2639974	281847757	0	0
9683	6842	7568	5181	2640471	281926197	0	0
9684	2536	6547	2447	2640867	281986299	2669102	286192533
9685	2663	3994	1611	2641459	282070477	3716023	446706410
9686	3147	8423	3644	2641688	282102559	0	0
9687	54	6227	5977	2641804	282117570	3778509	457370690
9688	8410	9364	3528	2642346	282196651	0	0
9689	3218	4860	2405	2642677	282246287	0	0
9690	5465	8194	5121	2642750	282256968	3069611	343390245
9691	2211	8186	1825	2643502	282368294	0	0
9692	152	9458	1467	2643989	282441608	3584079	424502973
9693	7054	9054	2193	2644148	282466616	0	0
9694	413	6934	5186	2644454	282509871	3690564	442266757
9695	6529	6692	7919	2644582	282528905	2821115	307695611
9696	6858	7916	13146	2644638	282536013	2676765	286978705
9697	579	3351	5350	2644732	282553271	2882301	316065028
9698	2416	3037	5171	2647590	283002377	3439396	402117443
9699	7738	8096	11572	2647680	283014178	0	0
9700	9346	9409	5467	2648038	283071345	0	0
9701	2726	9494	8174	2648103	283080764	0	0
9702	1008	7324	2992	2649567	283312848	0	0
9703	2441	3056	2672	2649577	283313984	0	0
9704	3191	5233	6235	2650041	283384643	0	0
9705	4154	6420	5773	2650058	283386973	0	0
9706	290	3097	455	2650499	283452312	0	0
9707	6592	6715	2025	2651601	283611701	0	0
9708	1313	7203	1604	2652104	283684292	0	0
9709	2957	7663	12071	2652467	283732094	2944794	324726975
9710	4334	8639	4977	2653029	283812051	0	0
9711	2329	5782	1409	2653337	283854156	3092304	347181938
9712	6065	7163	5673	2654291	283985527	2725352	294011341
9713	3698	3834	5931	2654571	284021198	0	0
9714	2133	4166	2799	2654839	284056642	3490799	410151422
9715	1890	9211	4742	2654846	284057220	3407642	397150038
9716	686	7339	7457	2655526	284151661	0	0
9717	1555	9055	2494	2655948	284209033	3820176	464593730
9718	7142	8066	6428	2656069	284226251	0	0
9719	1257	5741	2896	2656310	284262469	0	0
9720	2301	6702	5877	2656384	284273549	0	0
9721	3075	6548	5921	2656687	284322065	0	0
9722	7480	8496	16357	2657236	284411248	0	0
9723	1085	3219	1961	2657759	284500558	0	0
9724	3388	8471	5808	2659913	284822944	2990777	331414032
9725	13	4011	2201	2660138	284855456	0	0
9726	2430	6822	4792	2660432	284900160	2790400	303461379
9727	208	4472	2566	2660967	284973871	0	0
9728	7165	7622	2867	2661500	285050303	0	0
9729	8460	8839	17303	2661760	285087854	0	0
9730	1562	5765	6581	2661864	285104950	0	0
9731	5884	9151	12415	2661993	285125869	3423297	399538182
9732	1039	2930	643	2663028	285310862	0	0
9733	6574	9412	3952	2663942	285461506	3899846	477865486
9734	4220	6129	4780	2664598	285563061	0	0
9735	2560	4824	5506	2665012	285625631	0	0
9736	3521	6973	4641	2665755	285739819	0	0
9737	7272	7349	9579	2666429	285831331	0	0
9738	378	1597	498	2668057	286062021	4132006	516957366
9739	4611	5681	2529	2668187	286079252	0	0
9740	4905	9684	3268	2669102	286192533	0	0
9741	2415	6527	5563	2669176	286201444	2724792	293929698
9742	1072	6766	2503	2670141	286319743	0	0
9743	556	4797	2354	2671025	286424081	2793893	303959659
9744	2787	4786	1327	2673200	286651633	3341513	386345726
9745	2167	5046	1791	2673996	286721193	3376584	392310191
9746	1895	9521	4887	2674153	286736355	0	0
9747	749	9322	2694	2674165	286737305	0	0
9748	349	7076	2353	2674193	286739767	0	0
9749	2382	4964	980	2675063	286823444	3596429	426166739
9750	1682	3408	3408	2675494	286864841	0	0
9751	4081	7000	4950	2675816	286893174	0	0
9752	9318	9633	4201	2676580	286961289	2825649	308464762
9753	6055	9696	15483	2676765	286978705	2715144	292306752
9754	1417	6786	2922	2676906	286994248	4395301	562218766
9755	5584	7993	2651	2676971	287003499	0	0
9756	1262	3815	1502	2677025	287008951	0	0
9757	7104	9590	6740	2677308	287043323	0	0
9758	3349	6195	2744	2677661	287089544	0	0
9759	1785	8571	3180	2678095	287145262	3186157	361955804
9760	970	7760	1451	2678193	287157614	3459128	405181202
9761	5626	8554	13269	2678296	287170514	0	0
9762	2128	6175	4507	2678899	287260929	0	0
9763	5289	8498	2887	2679767	287377116	0	0
9764	5381	8005	2730	2680088	287425050	0	0
9765	840	2079	1034	2681276	287579554	3559679	420787429
9766	7055	7193	4604	2681563	287610988	2842685	310942710
9767	16	1365	643	2681580	287612666	2923263	321646477
9768	4640	9223	5209	2681859	287648710	2820284	307570840
9769	3692	9169	3868	2683170	287815299	0	0
9770	6605	7931	9177	2683311	287831740	0	0
9771	7479	7964	11066	2683897	287906447	3779075	457458247
9772	8623	9532	4737	2684645	288013829	0	0
9773	3418	8063	4129	2684721	288022904	0	0
9774	705	5591	3887	2685863	288169679	0	0
9775	263	2218	174	2686054	288194682	0	0
9776	3013	5273	5482	2686981	288316048	0	0
9777	2372	7041	3647	2687756	288413606	4182514	525640437
9778	443	1619	328	2687810	288419781	0	0
9779	1066	2950	1312	2688198	288461907	0	0
9780	8	4346	1433	2689040	288554326	4210252	530484400
9781	1047	8081	11784	2689074	288558158	0	0
9782	2851	9373	1709	2689794	288649194	0	0
9783	5877	6839	8123	2690364	288718825	0	0
9784	1109	4022	2289	2690877	288785285	3152768	356667377
9785	4674	4832	6206	2691606	288870184	4177687	524787151
9786	2316	4113	934	2692338	288960851	0	0
9787	2402	5994	2610	2692547	288984839	0	0
9788	2987	9223	2880	2692564	288987034	0	0
9789	1562	8901	5650	2692676	289001028	2977543	329348155
9790	4720	5785	3801	2692705	289004166	3812356	463148825
9791	7210	8632	7991	2693475	289101931	0	0
9792	3461	5810	2661	2693588	289115776	0	0
9793	2058	8282	7991	2695209	289311028	2754512	298002249
9794	3202	7084	2764	2695242	289314843	4194234	527841204
9795	5609	8719	9165	2695964	289408217	4236340	534924386
9796	165	9453	3732	2696991	289531123	0	0
9797	5375	7611	8753	2697349	289573030	0	0
9798	4480	9411	7974	2697760	289630372	0	0
9799	2117	7813	6813	2698162	289682894	4198688	528635417
9800	7071	9477	9783	2698760	289768540	4243219	536133541
9801	5280	8905	12549	2698804	289774294	3648648	434663675
9802	6066	6246	7283	2699679	289914076	3103701	349200275
9803	2090	3962	3941	2700708	290082481	3555762	420200866
9804	908	5224	4053	2700900	290112207	3530894	416603420
9805	5136	8246	7649	2701720	290235610	0	0
9806	1604	7792	4559	2701778	290241277	0	0
9807	7076	8776	3022	2702395	290343102	0	0
9808	7110	8261	13265	2702814	290412561	3544115	418403365
9809	47	3187	760	2702957	290435638	0	0
9810	3109	7418	6922	2703085	290458927	0	0
9811	5918	8064	4600	2703624	290554007	0	0
9812	3687	5343	9188	2705010	290779941	0	0
9813	733	1462	2011	2705207	290812878	0	0
9814	5375	6081	3184	2705273	290822922	0	0
9815	4163	9324	7360	2705331	290831568	0	0
9816	1182	4635	2459	2705769	290904948	2939777	323969926
9817	5143	8250	6357	2706266	290986793	3695517	443163413
9818	14	6188	1534	2707685	291218755	0	0
9819	1585	4862	557	2708282	291308243	0	0
9820	4712	6761	7617	2709055	291416805	2933394	323002019
9821	2551	5737	3578	2709334	291452640	0	0
9822	1330	6413	828	2709337	291452826	3476576	408024125
9823	4531	7765	3447	2709821	291518655	0	0
9824	2914	6128	10069	2709943	291534990	2899071	318349213
9825	4491	4822	3721	2709952	291536312	0	0
9826	7751	8568	8051	2710858	291675434	2979085	329582181
9827	602	2975	940	2711130	291713709	0	0
9828	6416	6954	4617	2711509	291773482	3346228	387168496
9829	1804	1839	2848	2711560	291781466	0	0
9830	1699	3153	850	2711694	291800451	0	0
9831	966	1510	1180	2712396	291907120	3426186	399990228
9832	584	3449	1856	2712734	291957197	0	0
9833	346	7224	9317	2712873	291975170	0	0
9834	17	9351	5434	2713998	292143087	0	0
9835	291	3412	854	2714279	292186100	2753353	297788122
9836	7291	9305	10092	2714715	292246072	3634116	432303519
9837	2154	8606	3171	2714739	292248995	0	0
9838	3985	9753	16564	2715144	292306752	3648287	434594850
9839	4039	6485	11493	2715247	292327817	4398445	562792704
9840	448	9145	2603	2715335	292344159	0	0
9841	56	7123	4656	2715575	292387118	3467534	406504061
9842	3890	8270	5051	2715836	292445408	0	0
9843	4921	7686	3572	2716823	292659305	0	0
9844	6469	8485	4910	2717118	292720404	0	0
9845	5314	9107	4833	2717953	292878982	3384844	393631497
9846	436	3581	3529	2718108	292904816	0	0
9847	4975	6604	4920	2719604	293160654	0	0
9848	4586	8354	6214	2720131	293241292	3271393	374431196
9849	2692	6138	4122	2721243	293410018	3035859	338117628
9850	1529	3171	6287	2721711	293479030	0	0
9851	9197	9597	5574	2721846	293498753	2776257	301414319
9852	3861	8897	8946	2722344	293573413	0	0
9853	92	1977	471	2723690	293775868	0	0
9854	834	8065	3558	2724362	293868411	0	0
9855	9034	9741	11950	2724792	293929698	0	0
9856	7557	9712	8096	2725352	294011341	3097184	348041819
9857	1443	8412	4417	2726500	294174702	4034223	500314945
9858	1260	7712	3807	2726512	294176002	0	0
9859	3227	6869	8659	2727614	294325295	3732649	449595436
9860	2019	5117	4349	2727925	294368774	3380776	392992090
9861	3839	5393	3238	2728731	294477836	4098178	510927190
9862	3317	7620	5561	2728969	294512337	0	0
9863	2455	9433	3439	2729041	294522210	3963144	488747648
9864	1131	2883	3088	2729282	294554906	0	0
9865	3594	5627	3897	2729451	294581213	2795026	304127582
9866	5975	9163	5565	2730396	294718538	2892384	317421982
9867	4810	5968	5781	2731283	294838714	0	0
9868	2856	4166	1991	2731888	294921123	0	0
9869	8082	9321	7913	2731939	294928253	4317241	549221896
9870	4056	7900	3888	2732237	294972572	3083351	345860957
9871	912	4454	2577	2732531	295017961	0	0
9872	98	3914	234	2733679	295179333	3585142	424658531
9873	267	1023	250	2733897	295208605	3925281	482776022
9874	1172	6277	2343	2734883	295325456	0	0
9875	4043	4502	3239	2735332	295381709	2938263	323744854
9876	6990	8907	10020	2735342	295382859	0	0
9877	343	5831	3595	2735801	295442039	3139971	354208532
9878	1622	7734	4706	2735948	295462547	3631620	431904277
9879	4547	7325	4699	2736964	295589623	3233681	368877980
9880	295	9329	6563	2737032	295599163	3614572	428906532
9881	4240	5015	4718	2737163	295616790	0	0
9882	1892	4400	2655	2738443	295793352	3194347	363140765
9883	3182	8860	9194	2739064	295872521	0	0
9884	6931	8910	9543	2739264	295897986	0	0
9885	3366	5143	1676	2740572	296082319	3370599	391271234
9886	680	1915	867	2741291	296169876	3635860	432601737
9887	6157	9406	10967	2741872	296241553	3841813	468110087
9888	1829	7201	3363	2742749	296352784	3580091	423915318
9889	3895	8777	8911	2742755	296353605	0	0
9890	6859	7233	1864	2743435	296450264	3308960	380904639
9891	3427	4330	4010	2743641	296474154	2985223	330496010
9892	2365	3532	4204	2743954	296515729	0	0
9893	1154	5625	2469	2744015	296523941	0	0
9894	3476	8339	8312	2744122	296538692	0	0
9895	118	5866	3824	2745349	296708328	3148883	355862861
9896	2547	3528	2482	2746336	296834953	0	0
9897	1536	4763	3180	2746418	296844898	0	0
9898	533	2493	1109	2746445	296848496	2762552	299321773
9899	5656	8197	2473	2746654	296875430	0	0
9900	4222	9031	4456	2747086	296930581	0	0
9901	1684	3436	3388	2747950	297042761	3114957	350910322
9902	924	4339	3070	2748064	297055529	3443821	402842508
9903	4945	7350	5189	2748717	297133443	0	0
9904	8679	9153	7556	2748750	297136959	3357342	388933457
9905	6544	7585	5131	2748823	297145046	0	0
9906	5156	5775	8011	2748873	297153239	3937795	484701923
9907	647	1098	830	2749281	297214894	0	0
9908	2098	4092	427	2749371	297227792	2975356	329026937
9909	5112	6546	7747	2749474	297242825	0	0
9910	186	6603	1725	2750040	297330354	0	0
9911	6154	7598	5325	2750398	297384349	0	0
9912	436	4436	564	2750658	297416202	0	0
9913	5920	6466	5516	2752579	297663698	0	0
9914	5920	8885	4365	2752579	297663698	3283146	376424326
9915	6466	8885	3057	2752579	297663698	0	0
9916	7910	8306	13257	2752596	297665956	0	0
9917	6163	9047	3104	2752869	297709137	2823242	308071199
9918	6226	9224	11708	2752991	297726932	2987401	330836111
9919	660	1687	2047	2753267	297772718	0	0
9920	1125	9193	4668	2753314	297780450	4132803	517079337
9921	3045	9835	1404	2753353	297788122	0	0
9922	927	5671	1402	2753674	297852713	4279521	542439242
9923	283	4928	1238	2754095	297923229	3886812	475661479
9924	929	8745	14806	2754290	297954500	3146829	355429694
9925	7309	9793	9016	2754512	298002249	4178774	524974771
9926	1171	4362	2115	2755521	298198072	3125074	352128386
9927	1916	4213	1908	2756289	298331916	3673761	439249015
9928	1261	1902	1546	2756301	298334139	0	0
9929	36	7802	253	2757424	298512211	0	0
9930	1182	6765	5483	2757455	298515041	0	0
9931	9000	9405	7731	2757737	298560143	2912522	320129199
9932	810	5029	1390	2758095	298617780	3597786	426357151
9933	2451	7776	4515	2759198	298787967	4175417	524455354
9934	1488	8989	3911	2759800	298877602	0	0
9935	3294	6408	8929	2759828	298880568	0	0
9936	259	6344	970	2759909	298892610	3689819	442158824
9937	1866	2517	2230	2760228	298941870	0	0
9938	8731	9210	3157	2760264	298947153	3141417	354445775
9939	680	9100	10490	2760840	299033567	4144739	519190382
9940	193	9129	1470	2761203	299093805	0	0
9941	3674	9354	6568	2761354	299118746	0	0
9942	1842	2548	992	2761655	299171232	0	0
9943	1488	1874	1842	2762439	299304230	0	0
9944	364	9898	1255	2762552	299321773	0	0
9945	4675	6390	5831	2763131	299409705	3143110	354706570
9946	2301	6350	2928	2763169	299416195	0	0
9947	5498	5575	3259	2764152	299574300	0	0
9948	7660	8025	9682	2764356	299603339	0	0
9949	5718	9414	10640	2764441	299616518	4139095	518118303
9950	5642	6763	8591	2764974	299714228	4048108	502523333
9951	3662	4828	967	2766322	299938309	0	0
9952	6714	8456	9902	2766933	300038819	0	0
9953	8943	9333	7045	2767800	300171516	0	0
9954	1283	3964	1403	2768528	300284307	3329076	384333306
9955	3487	7362	2188	2768642	300301083	2894352	317678018
9956	1828	8817	5839	2768775	300320943	0	0
9957	6713	8609	12444	2769286	300402244	3394280	394984339
9958	3496	5550	2500	2769513	300443082	0	0
9959	5109	7363	1829	2771131	300689254	0	0
9960	430	9590	3752	2771591	300753126	0	0
9961	1209	8668	4178	2771813	300786554	0	0
9962	1197	4599	2272	2772228	300843547	3845816	468893354
9963	5781	5809	6976	2772389	300862941	2828395	308900876
9964	1980	4935	5739	2772906	300940555	0	0
9965	68	4369	1542	2773128	300971755	0	0
9966	6337	6631	4767	2773662	301053164	0	0
9967	5621	6400	5695	2774762	301202426	2921096	321354829
9968	5275	8125	4413	2775204	301261287	0	0
9969	1227	3161	823	2775388	301286872	0	0
9970	3614	9444	8617	2775516	301308628	0	0
9971	3059	5245	2442	2775629	301324728	0	0
9972	6070	9851	7541	2776257	301414319	0	0
9973	3036	8332	6314	2776351	301430521	0	0
9974	2538	5159	3306	2776609	301473140	3120062	351516543
9975	5045	9078	6101	2777249	301572893	3546862	418838075
9976	5068	6011	4802	2777274	301575900	3138994	354068603
9977	3866	7284	7801	2777750	301645651	0	0
9978	9010	9229	3861	2778466	301764094	0	0
9979	2599	9255	2273	2778823	301822447	0	0
9980	1481	8112	4627	2780005	301998053	2999405	332831475
9981	424	890	469	2780087	302009309	0	0
9982	1643	2001	3259	2780342	302045143	3147464	355565835
9983	1777	4189	1664	2781013	302141801	3763033	454776810
9984	7450	7451	14965	2781102	302154164	4373806	558295982
9985	6536	7541	1867	2782463	302369707	4345801	554007873
9986	7929	8321	6958	2782543	302383569	3960361	488284790
9987	4168	9083	8884	2782726	302411521	0	0
9988	1358	5052	1296	2782816	302426615	4256792	538466679
9989	2085	5379	5446	2783373	302518150	3570988	422493305
9990	606	7484	3402	2783914	302600875	0	0
9991	755	7509	1586	2785014	302763981	4309179	547664604
9992	137	8468	5720	2787145	303053388	3199610	363957645
9993	1190	4600	9789	2787426	303092636	0	0
9994	929	6827	1461	2788477	303229878	2841411	310763956
9995	2203	6665	4051	2788886	303283244	4389787	561215479
9996	1979	2352	1145	2790074	303423323	0	0
9997	4059	6692	2935	2790348	303455479	0	0
9998	2713	9726	6943	2790400	303461379	0	0
9999	1568	5628	3404	2790491	303473209	0	0
10000	3224	6007	2006	2790662	303496707	0	0
10001	7695	9161	5350	2791190	303559372	3684497	441169999
10002	6514	7061	8344	2791239	303565806	0	0
10003	3036	7720	4800	2791337	303579278	3886812	475661479
10004	7796	8207	6113	2791422	303592016	0	0
10005	1314	4493	4083	2792338	303733212	0	0
10006	1347	6541	6301	2792403	303741948	0	0
10007	756	5327	1565	2792917	303815731	2810711	306271460
10008	4994	7494	3756	2793084	303840987	0	0
10009	260	1879	988	2793213	303860448	0	0
10010	3967	4729	4399	2793696	303930904	0	0
10011	8513	9743	6042	2793893	303959659	3473948	407536032
10012	1212	4279	3555	2793906	303961403	4336140	552464445
10013	5393	6612	2756	2794546	304057428	0	0
10014	1472	9865	4985	2795026	304127582	4232396	534232651
10015	4258	6805	4459	2795479	304192461	0	0
10016	8455	8724	6152	2795907	304253654	2814520	306740783
10017	1018	2075	849	2796018	304270274	3488111	409792141
10018	589	3584	2027	2796645	304366201	0	0
10019	7854	9009	3629	2797455	304479344	0	0
10020	8700	9380	9207	2798177	304572443	0	0
10021	307	5281	3331	2798854	304667797	0	0
10022	9367	9519	5384	2799103	304701298	0	0
10023	1738	4652	4399	2799300	304726352	0	0
10024	2630	6599	3971	2799402	304739544	0	0
10025	7112	7874	5667	2799635	304771993	0	0
10026	1915	2815	1859	2799661	304774763	0	0
10027	4534	7055	2589	2799751	304787954	3831642	466431219
10028	5855	6506	9797	2800247	304862552	0	0
10029	3890	6113	4430	2800356	304880477	0	0
10030	3113	6427	4459	2800708	304934199	3485211	409396942
10031	677	2437	1299	2801881	305118079	3431531	400749732
10032	3209	8618	6016	2801974	305130613	2937881	323687551
10033	2536	5456	3597	2802656	305226467	0	0
10034	2809	6955	2070	2804092	305422647	0	0
10035	4718	7887	3691	2804450	305465202	0	0
10036	5941	9554	9996	2804916	305521820	2889433	317025107
10037	6126	8417	6074	2805266	305564126	0	0
10038	516	1111	1467	2805825	305641867	0	0
10039	4336	8142	2475	2806398	305716292	0	0
10040	4563	9415	3400	2806540	305736348	3089944	346798320
10041	4440	8775	4855	2806560	305738532	4100740	511392448
10042	3513	3713	2507	2806811	305776487	4410445	564745881
10043	661	1606	2008	2807406	305853996	3538526	417690247
10044	1343	3141	2936	2807670	305887771	0	0
10045	7299	7946	12494	2808626	306008585	3349338	387715628
10046	1999	6608	4301	2809591	306130406	0	0
10047	3760	5849	2207	2810464	306243690	3652287	435421229
10048	3491	10007	2616	2810711	306271460	3571175	422521398
10049	181	9116	9032	2811138	306321974	0	0
10050	3736	7256	2266	2811672	306393560	4185282	526167863
10051	4804	6480	5067	2812302	306474432	0	0
10052	326	5672	466	2812760	306530182	0	0
10053	3947	4458	1550	2812912	306547355	3319867	382800690
10054	5347	6037	5265	2813733	306642763	4210252	530484400
10055	8253	8645	11134	2814094	306685141	2934543	323182530
10056	3913	8887	4918	2814251	306706912	0	0
10057	6327	7236	6282	2814457	306733256	3192929	362901230
10058	2147	10016	6747	2814520	306740783	0	0
10059	2333	6796	3591	2814669	306762438	0	0
10060	6628	7464	8104	2815508	306879601	0	0
10061	2514	7882	17285	2816155	306972570	3054715	340937540
10062	344	7958	2965	2816842	307077665	0	0
10063	2759	8094	2631	2817227	307139586	3616828	429265085
10064	350	2752	429	2817487	307180460	0	0
10065	3737	5403	2333	2818332	307301775	0	0
10066	69	1695	988	2818362	307305815	3178801	360867480
10067	714	5266	3486	2818865	307371006	0	0
10068	551	7549	7833	2819143	307408932	3300688	379345227
10069	2916	3553	2820	2819386	307445042	0	0
10070	1698	6921	2482	2819660	307481090	3282316	376255104
10071	3202	4316	3955	2819961	307521914	0	0
10072	2306	4588	1120	2820143	307551158	4204689	529637722
10073	2306	9768	5847	2820284	307570840	0	0
10074	930	4009	2247	2820796	307650108	3023971	336521875
10075	6237	7131	6013	2820963	307673111	0	0
10076	3234	4021	9834	2821086	307692066	3574069	422948104
10077	3614	9695	10527	2821115	307695611	0	0
10078	726	6121	5911	2821600	307782130	0	0
10079	5405	9133	8588	2821736	307805997	4252231	537700350
10080	31	9917	3117	2823242	308071199	2971238	328522762
10081	2791	8307	4566	2823301	308083223	0	0
10082	7579	8358	5881	2823344	308090368	0	0
10083	90	7421	1416	2824298	308252904	0	0
10084	802	2268	1229	2825104	308381970	0	0
10085	857	5043	2186	2825112	308382514	3171162	359722250
10086	8664	9752	9051	2825649	308464762	0	0
10087	6542	6958	1983	2825673	308468363	0	0
10088	6213	8218	3412	2825733	308478364	4311990	548180274
10089	6867	7865	6193	2826182	308560117	3507690	412683039
10090	1032	3626	920	2826535	308622733	3117166	351167964
10091	1316	5949	2807	2827928	308836090	0	0
10092	503	9451	2109	2828007	308846855	0	0
10093	5387	9963	8114	2828395	308900876	3445856	403121058
10094	1588	4026	4066	2828732	308955021	0	0
10095	2573	9004	3125	2828884	308977628	0	0
10096	3689	6880	5716	2829492	309075721	2887757	316807061
10097	2972	3439	3345	2829728	309112356	3733693	449805825
10098	8001	8975	6402	2830611	309242443	0	0
10099	1835	2305	2856	2830891	309278340	0	0
10100	344	5222	4727	2831076	309307831	0	0
10101	1016	2000	679	2831364	309351875	0	0
10102	2338	6530	7236	2831795	309419080	2999958	332913928
10103	737	5490	2823	2832270	309490861	2959900	326885149
10104	2569	3155	2687	2832795	309573128	3148584	355803356
10105	754	5599	2495	2832937	309596083	0	0
10106	375	4086	1672	2833733	309702984	0	0
10107	2386	4567	1856	2834361	309787419	3832235	466526967
10108	1095	7899	5087	2835545	309934203	0	0
10109	1835	2775	3658	2835750	309958125	0	0
10110	4323	8489	9069	2835790	309962683	0	0
10111	2907	8071	7224	2836307	310037150	3144883	355026983
10112	5058	6579	6055	2836609	310079345	0	0
10113	6179	6455	5980	2836657	310087159	0	0
10114	3724	7814	4467	2837645	310245800	0	0
10115	3776	3811	2754	2838023	310298943	3038032	338430994
10116	4703	7878	6743	2838147	310317342	3765840	455193078
10117	527	7029	2979	2839655	310529250	4108362	512825081
10118	168	6100	3772	2839744	310542139	0	0
10119	547	703	368	2840345	310624964	3686452	441562031
10120	9331	9562	10301	2840963	310697767	0	0
10121	7902	8201	6696	2840973	310699571	0	0
10122	1900	3915	2195	2841332	310752126	0	0
10123	4860	9994	2851	2841411	310763956	2900286	318526971
10124	2559	5482	1826	2842066	310858774	3038505	338501845
10125	5536	5771	3286	2842568	310926671	0	0
10126	5711	9766	7299	2842685	310942710	3061401	341978969
10127	517	6664	2391	2843169	311008560	0	0
10128	5918	9213	3504	2844641	311200026	0	0
10129	7910	8764	6642	2844830	311221720	2955214	326201246
10130	3685	5913	2682	2844877	311228547	0	0
10131	3422	6570	2419	2846154	311388666	3189176	362367152
10132	1918	6012	4375	2846749	311453162	2906821	319405482
10133	2627	3649	2185	2846889	311468046	3560446	420902773
10134	5594	5935	4817	2846986	311480979	3063112	342230898
10135	7697	9281	4499	2847473	311539566	2946242	324979524
10136	2475	6259	3175	2847722	311571144	0	0
10137	2662	7872	7415	2848376	311652480	0	0
10138	253	1728	1835	2848939	311719589	0	0
10139	3747	6745	8637	2849535	311795354	3172151	359865187
10140	1204	8456	4467	2850013	311853778	0	0
10141	4165	5335	2373	2850177	311873715	3702464	444437318
10142	113	6972	1732	2850670	311930157	0	0
10143	5418	5725	3517	2851461	312024034	0	0
10144	3969	8646	2881	2851764	312060426	3700149	444020032
10145	5292	5452	9988	2852770	312170852	3231586	368599411
10146	6965	7376	11290	2853165	312216479	3431605	400760445
10147	3534	6642	5230	2853314	312236627	3217260	366628608
10148	3264	6876	878	2853955	312314981	0	0
10149	4100	5597	7516	2853988	312318780	0	0
10150	1717	2975	731	2855262	312484060	0	0
10151	4626	5232	3109	2855926	312565788	0	0
10152	1411	5213	5234	2856081	312581802	0	0
10153	4755	5255	4148	2856278	312605005	0	0
10154	732	1230	953	2856789	312664328	0	0
10155	2684	8565	12329	2856961	312680885	3067921	343032959
10156	526	8924	7839	2856966	312681132	0	0
10157	2130	6535	2429	2857113	312701454	3276601	375233751
10158	1736	7029	3185	2857729	312779495	3230625	368473193
10159	2816	3993	3187	2857813	312791811	0	0
10160	3376	6909	2915	2858143	312837212	0	0
10161	2109	7712	3550	2858441	312879498	3412730	397926912
10162	802	3623	3533	2858786	312930891	2914010	320344064
10163	8102	8168	980	2861001	313204464	2894999	317772385
10164	2816	6233	3746	2861292	313238869	3210987	365568104
10165	1756	5907	6639	2861860	313300218	3282426	376276946
10166	2969	6546	5938	2862758	313398203	3619963	429725820
10167	2904	4999	4779	2862814	313405188	0	0
10168	2494	5405	2188	2862997	313425507	3643933	433909540
10169	1679	9386	8978	2863615	313497252	3244639	370429693
10170	2177	5174	2267	2863865	313526540	0	0
10171	3799	8041	8054	2863989	313541815	0	0
10172	512	7639	3334	2864220	313572985	3716528	446796239
10173	8332	9529	7076	2865461	313735987	0	0
10174	469	3590	681	2865766	313777497	0	0
10175	741	2531	2456	2866264	313841429	3176297	360491486
10176	870	1595	1098	2866274	313843066	0	0
10177	2323	4865	3881	2866659	313889386	0	0
10178	1312	7573	747	2866691	313893542	3448182	403471450
10179	1885	1930	1710	2866911	313917513	0	0
10180	3408	6577	4679	2867037	313932989	3445543	403074712
10181	2116	9640	4286	2867359	313976295	0	0
10182	3369	7260	8540	2867695	314019729	0	0
10183	6348	9362	9345	2867790	314033544	2876541	315226532
10184	5653	7668	2637	2869254	314234853	0	0
10185	3504	5538	4729	2869633	314284178	0	0
10186	1574	4077	2023	2869977	314327618	3369393	391072396
10187	922	3660	815	2870148	314350526	0	0
10188	8215	9536	12474	2870562	314401637	0	0
10189	1437	5947	5103	2870663	314417909	3780039	457629402
10190	7204	7935	5126	2870885	314451064	0	0
10191	3017	7992	451	2870974	314463674	3981447	492090757
10192	4292	9239	3855	2871090	314482587	0	0
10193	2054	9291	8555	2873344	314785083	4415653	565614142
10194	5413	6398	6115	2873396	314792063	0	0
10195	814	6889	3800	2873712	314835805	3181127	361203027
10196	3948	8540	8653	2874480	314938121	3274441	374862070
10197	2241	5718	671	2874867	314995672	3245834	370594238
10198	2438	6096	4176	2874894	315001127	0	0
10199	1821	4929	4727	2875500	315089887	3022756	336370956
10200	1567	9065	1078	2876137	315173962	3496911	411021552
10201	1303	10183	10575	2876541	315226532	0	0
10202	3753	3925	2992	2876962	315289158	0	0
10203	4619	6925	4858	2877194	315323601	0	0
10204	3102	9187	1140	2877821	315416401	0	0
10205	1158	7636	3989	2879510	315640684	0	0
10206	6402	9095	10194	2879577	315648311	3940111	485060467
10207	6095	6987	10865	2879855	315687293	0	0
10208	2201	6012	4509	2880358	315762032	0	0
10209	854	2275	2722	2880386	315764958	0	0
10210	3387	4906	3821	2880960	315860889	0	0
10211	3314	5561	7027	2881602	315959906	0	0
10212	3451	9298	4330	2881662	315969036	0	0
10213	4761	9697	6094	2882301	316065028	0	0
10214	6255	8747	7863	2882491	316096045	4089875	509442432
10215	4220	4498	1802	2883873	316317460	0	0
10216	328	5468	1165	2884407	316396536	0	0
10217	4855	9338	7765	2886411	316647516	3839009	467590031
10218	1958	3564	893	2886722	316685168	0	0
10219	1138	9126	1257	2887193	316741904	0	0
10220	5339	7113	3744	2887396	316765893	0	0
10221	466	3727	693	2887750	316806083	3408531	397296488
10222	420	10096	5926	2887757	316807061	4297354	545830650
10223	3385	9726	6706	2887907	316824191	0	0
10224	3247	8239	6952	2888781	316944382	0	0
10225	1937	7082	3135	2889151	316992148	2962758	327343191
10226	3660	10036	10431	2889433	317025107	0	0
10227	2055	4145	1960	2889934	317095769	3403416	396455633
10228	1420	6614	2341	2890204	317129937	3066730	342813000
10229	3567	9369	8626	2890789	317204197	0	0
10230	266	5081	2749	2890797	317204817	2957916	326578046
10231	5395	8053	4860	2892171	317392303	0	0
10232	2321	9866	6339	2892384	317421982	3293900	378174200
10233	4008	4837	3726	2893685	317587506	0	0
10234	6701	9331	10816	2893857	317609603	0	0
10235	4097	5080	6918	2894039	317635703	0	0
10236	4190	8015	2631	2894096	317645915	3772226	456299303
10237	2281	9955	3502	2894352	317678018	3008242	334290088
10238	579	4099	1362	2894470	317693865	3253053	371697851
10239	906	2031	1030	2894836	317748496	4039576	501171161
10240	7324	10163	3882	2894999	317772385	3343966	386773404
10241	5183	7891	5453	2895191	317801250	0	0
10242	148	5381	812	2895677	317871227	0	0
10243	3359	8826	3879	2896753	318014449	0	0
10244	1374	5418	2188	2896757	318015253	0	0
10245	4164	8279	8630	2896789	318018910	0	0
10246	5932	8484	5294	2896946	318044123	3515623	414099499
10247	4089	5578	7017	2898740	318303168	0	0
10248	3597	5048	3479	2898904	318327082	3361603	389700293
10249	6540	9824	15839	2899071	318349213	3166478	358962694
10250	2243	10123	3893	2900286	318526971	4010732	496374536
10251	3212	3817	5616	2900862	318611087	3102947	349053035
10252	5413	6708	2185	2900884	318615203	0	0
10253	657	1483	1027	2901559	318706089	4027954	499361457
10254	1268	7446	2511	2901874	318745410	3449492	403662427
10255	740	9577	3517	2902238	318797239	3679985	440417318
10256	2669	6965	8896	2902830	318874007	0	0
10257	190	722	337	2903117	318914144	3206033	364888385
10258	2852	8777	9944	2904306	319074554	0	0
10259	4408	5961	3510	2904853	319140365	0	0
10260	499	9642	904	2904887	319144670	3663027	437376369
10261	7119	9277	7802	2905531	319224571	3794508	460106285
10262	5969	8821	3665	2905613	319233648	4038966	501069877
10263	1656	5987	4212	2906045	319295044	3120577	351576317
10264	3683	10132	5505	2906821	319405482	0	0
10265	91	3559	2099	2907585	319507598	0	0
10266	1495	2556	1851	2908195	319579660	2975883	329103352
10267	2878	7717	8046	2908455	319609380	0	0
10268	4313	5421	5644	2909155	319696855	2994932	332104153
10269	1763	2097	2468	2909516	319743191	0	0
10270	2551	4804	6317	2910133	319817662	3388240	394131095
10271	7325	8512	3500	2910239	319830742	0	0
10272	1566	8781	854	2910387	319849167	0	0
10273	3102	7680	3838	2910668	319884305	0	0
10274	499	3217	1442	2910775	319897683	3408335	397265566
10275	3402	8794	3495	2910946	319920082	0	0
10276	4131	5359	9957	2911240	319956956	0	0
10277	589	3906	1817	2912031	320064250	3777170	457178610
10278	8283	9931	9823	2912522	320129199	0	0
10279	5701	8298	5740	2913229	320232951	0	0
10280	4194	6567	11442	2913363	320250172	0	0
10281	817	5784	1557	2913376	320252306	2986246	330658129
10282	757	8114	627	2913436	320261102	3521894	415093351
10283	4418	10162	6857	2914010	320344064	3334070	385192497
10284	708	4846	6394	2914081	320354169	3642064	433615600
10285	4694	5953	4234	2914592	320438918	3125074	352128386
10286	585	4605	614	2915586	320593308	3190545	362548170
10287	3091	4856	690	2915786	320623386	2989456	331203302
10288	5823	7965	12462	2916156	320679611	4070637	506051101
10289	818	6261	1150	2917395	320863844	3769386	455768935
10290	6622	7217	6648	2917745	320911940	0	0
10291	976	2091	2146	2917950	320942130	0	0
10292	1863	3520	3547	2918715	321049202	3343065	386609843
10293	1343	9475	1394	2918929	321077033	3408531	397296488
10294	650	1690	1733	2919150	321108500	3101949	348868684
10295	4093	5044	3549	2919675	321180644	0	0
10296	8315	9967	8051	2921096	321354829	0	0
10297	2911	9697	7736	2921636	321423347	0	0
10298	2616	8643	11085	2922225	321497625	0	0
10299	2057	8620	2836	2922264	321503257	0	0
10300	1865	7857	6171	2922467	321534043	0	0
10301	4713	9180	2223	2923135	321629284	3207170	365030490
10302	908	3580	890	2923174	321633285	0	0
10303	1094	9767	1433	2923263	321646477	4134135	517276796
10304	8192	8780	12282	2923557	321687466	0	0
10305	2535	5505	1791	2924123	321775838	4002464	495108669
10306	4837	5899	2962	2924196	321786104	3387731	394055430
10307	2012	4969	3227	2924406	321821510	3982817	492294075
10308	5976	7125	5280	2926329	322088214	4130482	516734599
10309	7297	7553	6628	2926831	322154198	0	0
10310	1859	2411	2288	2926878	322160465	3473188	407411175
10311	2356	3504	3737	2927067	322187387	4302956	546729722
10312	4080	7620	6969	2927236	322212583	2967601	328015946
10313	2181	6273	3597	2927964	322316701	0	0
10314	596	2195	617	2928279	322361474	0	0
10315	1933	6942	1580	2928682	322416782	0	0
10316	1488	3309	2037	2929717	322551180	4047518	502423908
10317	4359	6793	6753	2929851	322568793	0	0
10318	3724	5868	3339	2930473	322648546	0	0
10319	1533	4618	1636	2931011	322717494	4103320	511859204
10320	54	1768	1528	2931573	322785783	3244777	370447532
10321	714	9433	846	2931687	322797894	3469553	406823305
10322	29	5707	2049	2931934	322825581	0	0
10323	5738	7693	8909	2932054	322836386	3139878	354195613
10324	1024	7060	8276	2932409	322876094	3840940	467935729
10325	7337	9820	10404	2933394	323002019	0	0
10326	7148	9252	14159	2933524	323022723	0	0
10327	163	3308	2275	2933614	323035986	0	0
10328	4145	6871	3433	2933759	323058685	3263456	373289421
10329	2261	6171	1664	2933894	323080654	3850830	469726663
10330	6063	10055	12234	2934543	323182530	3461171	405511465
10331	6748	6993	3997	2935872	323391145	3219089	366909391
10332	1962	6574	3822	2937675	323659149	0	0
10333	7419	10032	11127	2937881	323687551	3675490	439566232
10334	5112	9875	5311	2938263	323744854	0	0
10335	2090	7130	2809	2939075	323864613	0	0
10336	7396	7666	3989	2939222	323888465	3057505	341384233
10337	3848	9816	5054	2939777	323969926	0	0
10338	5644	9127	17173	2940018	324008961	0	0
10339	346	7447	2910	2940502	324084202	0	0
10340	6673	8417	4610	2940552	324093248	0	0
10341	4235	4677	7424	2942645	324405999	3095949	347814135
10342	2637	5125	3899	2943107	324474927	0	0
10343	8019	9419	6802	2943632	324551804	0	0
10344	5263	8538	3398	2943724	324563618	3579231	423776119
10345	1100	8688	6646	2943793	324572947	3382087	393180526
10346	461	7326	5239	2943948	324596063	2999958	332913928
10347	5295	5972	5868	2944413	324668759	4351410	554797032
10348	6909	9709	13138	2944794	324726975	0	0
10349	2281	3329	2460	2945077	324777158	0	0
10350	1357	3156	1368	2945867	324915117	0	0
10351	1299	10135	4880	2946242	324979524	3061867	342050393
10352	67	5301	2226	2946953	325086698	0	0
10353	2049	5696	4625	2948129	325266591	0	0
10354	1522	7375	2292	2948464	325311714	3484295	409270901
10355	623	4530	428	2948506	325315614	3279187	375673299
10356	2532	5881	1471	2948516	325316384	0	0
10357	3934	9413	4361	2948658	325338580	3081396	345561424
10358	3146	6537	3028	2950142	325542226	3004288	333639953
10359	5425	8079	5823	2950346	325571205	0	0
10360	4612	5481	3307	2950387	325576072	0	0
10361	3442	6542	2940	2951340	325700661	0	0
10362	2157	3995	2802	2951715	325750022	0	0
10363	6673	7562	4117	2951773	325756704	3665269	437747987
10364	2664	9662	7727	2951818	325762284	0	0
10365	7261	9076	7726	2953383	325966966	4052573	503272032
10366	383	800	252	2953558	325990551	0	0
10367	524	7202	2369	2954771	326146978	3783639	458270641
10368	3961	4052	2841	2955137	326191283	3311891	381468095
10369	659	10129	7106	2955214	326201246	4209840	530414626
10370	652	6115	710	2955336	326218662	0	0
10371	7103	9035	6614	2955896	326287176	0	0
10372	6385	8686	6980	2956597	326381784	3811221	462935522
10373	2395	8346	4313	2957080	326450613	3996868	494359825
10374	4238	9182	3028	2957154	326460734	3496294	410919268
10375	7487	9135	9288	2957353	326491010	3026528	336866454
10376	3763	8037	2146	2957413	326501348	0	0
10377	4526	10230	5353	2957916	326578046	3368709	390954309
10378	951	5494	1442	2958146	326613955	0	0
10379	7208	8474	11921	2958649	326690153	3913564	480332179
10380	3488	6382	5451	2958913	326727656	3613607	428757078
10381	4056	7670	1319	2958967	326737619	0	0
10382	4159	7172	4241	2959598	326837250	3555571	420174498
10383	7004	10103	5105	2959900	326885149	0	0
10384	5925	6859	747	2960020	326906476	3189982	362469843
10385	189	1170	618	2960564	326996411	0	0
10386	4839	6665	6157	2960570	326996713	0	0
10387	5516	9056	5206	2960969	327070936	3039943	338736687
10388	4618	9485	3307	2961324	327125365	0	0
10389	971	1109	738	2962216	327263237	3804140	461709375
10390	7115	9455	4585	2962535	327310031	3732595	449587790
10391	1162	1485	436	2962540	327310915	0	0
10392	10129	10225	9777	2962758	327343191	0	0
10393	682	1354	644	2962854	327357696	0	0
10394	142	3847	2007	2963857	327507584	3127549	352468341
10395	1240	6234	4643	2964012	327529027	0	0
10396	583	3777	2083	2964132	327546352	4026390	499112710
10397	4350	8483	3111	2965308	327715350	0	0
10398	3107	4221	2781	2965525	327746230	0	0
10399	8402	9601	5420	2966732	327903720	0	0
10400	805	10312	7328	2967601	328015946	0	0
10401	3544	3949	3230	2967937	328062375	0	0
10402	939	8469	4954	2968037	328077214	3867331	472505593
10403	6580	8379	10919	2968627	328161725	3547849	418998154
10404	6053	6134	5423	2968932	328205780	0	0
10405	2465	6435	5704	2969030	328218949	3124007	352002786
10406	323	1494	670	2969426	328273438	4380121	559549291
10407	1828	3303	1613	2970121	328372041	3321567	383085148
10408	3666	10080	4492	2971238	328522762	0	0
10409	2480	2587	3996	2971323	328535659	0	0
10410	779	4483	1136	2972249	328655221	3811385	462967280
10411	3764	4071	4790	2973387	328786087	0	0
10412	6132	6419	4701	2973664	328818768	0	0
10413	2706	4147	1466	2973671	328819325	3153817	356887343
10414	4736	9008	5211	2973764	328831501	4006821	495734482
10415	5718	7950	1679	2973914	328847559	0	0
10416	3557	5395	2673	2974054	328863981	3525123	415648909
10417	2252	4893	2957	2974569	328928214	4205297	529730313
10418	1266	2258	1927	2974787	328954822	3717954	447042182
10419	994	2134	592	2975185	329007925	3394832	395072150
10420	9639	9908	7875	2975356	329026937	0	0
10421	1303	7600	4492	2975358	329026944	4394366	562032950
10422	1492	8367	5973	2975510	329045832	0	0
10423	2463	5701	2380	2975823	329094948	0	0
10424	6799	10266	3552	2975883	329103352	3594003	425842268
10425	288	6212	1953	2975935	329110794	0	0
10426	3964	7436	4922	2976179	329148268	0	0
10427	3521	5058	4224	2976291	329162068	3935162	484281050
10428	2847	3214	2516	2976668	329216390	0	0
10429	4062	4601	3838	2976848	329241724	3134308	353399935
10430	1502	8217	4244	2977383	329325902	0	0
10431	1567	9789	6079	2977543	329348155	0	0
10432	1189	1268	1349	2977594	329356601	0	0
10433	1820	2004	1648	2978866	329550346	4224355	532934547
10434	1428	6373	4765	2978895	329554760	0	0
10435	3248	9826	10165	2979085	329582181	4367899	557347247
10436	4176	6925	3722	2979284	329613877	0	0
10437	1089	8145	9935	2980841	329844942	0	0
10438	152	1548	222	2981177	329895965	0	0
10439	6717	7972	5939	2981781	329987783	0	0
10440	3090	4858	7882	2982244	330060343	3091710	347070110
10441	5410	5779	5705	2983386	330231880	0	0
10442	3290	5608	4517	2984020	330320684	3975557	491113892
10443	8591	9440	7646	2984312	330361608	0	0
10444	671	8370	3667	2985012	330466564	3175114	360314478
10445	946	9891	4215	2985223	330496010	3144711	354991529
10446	1047	6802	7527	2985332	330511104	0	0
10447	621	5139	2448	2985460	330530884	0	0
10448	5028	6144	10565	2985586	330552338	3671091	438718752
10449	1701	2991	2140	2985722	330572838	0	0
10450	8	8015	181	2985886	330598985	0	0
10451	1365	10281	2185	2986246	330658129	3373158	391721053
10452	5852	6774	8914	2986824	330741241	0	0
10453	3305	3396	5625	2986887	330748973	3043647	339294270
10454	3184	4671	2217	2987096	330784172	0	0
10455	8677	9918	17187	2987401	330836111	0	0
10456	3647	5384	4984	2988634	331054437	3004288	333639953
10457	3078	7438	6480	2988849	331092876	0	0
10458	7190	10287	2495	2989456	331203302	0	0
10459	1364	8769	6557	2990471	331363226	0	0
10460	6465	9724	7150	2990777	331414032	0	0
10461	2554	6923	2826	2990798	331417068	3051198	340406356
10462	5666	5967	6568	2991929	331601893	0	0
10463	4671	7692	3489	2992084	331627979	0	0
10464	1656	4744	2800	2992259	331658384	0	0
10465	294	9046	3836	2992286	331661633	0	0
10466	2312	9646	3883	2993163	331798816	3629626	431546580
10467	476	9588	15944	2993638	331872700	0	0
10468	4375	10268	6163	2994932	332104153	3095298	347691585
10469	5358	8454	4735	2995814	332244377	3184740	361737565
10470	1950	2975	1170	2996725	332386526	3829628	466125165
10471	4693	8904	11528	2996841	332404901	3075008	344447845
10472	6248	9114	5183	2997080	332444842	0	0
10473	3490	6641	6623	2997359	332490612	0	0
10474	279	3787	2835	2997905	332581189	0	0
10475	6341	6416	5133	2999006	332767553	3706288	445103927
10476	536	9980	5035	2999405	332831475	0	0
10477	10102	10346	12475	2999958	332913928	0	0
10478	4526	9227	5482	3000252	332968458	0	0
10479	1770	4942	5012	3000306	332976476	4430562	568453560
10480	584	5032	1278	3000547	333019586	0	0
10481	6029	9046	8057	3000610	333031274	0	0
10482	455	4496	694	3001392	333170690	0	0
10483	2165	2590	3585	3001663	333215535	3577029	423424062
10484	3202	9252	4771	3002680	333383797	0	0
10485	3345	8286	5468	3002979	333431505	4070849	506087374
10486	4337	4439	4049	3003732	333549872	0	0
10487	10358	10456	8012	3004288	333639953	0	0
10488	4003	5590	13036	3004621	333691486	0	0
10489	4414	4611	3309	3005427	333825620	0	0
10490	816	3250	2269	3005471	333833188	0	0
10491	6136	7208	5712	3006164	333939607	0	0
10492	3529	5896	6146	3006323	333966793	0	0
10493	1649	6413	2030	3006560	334005899	0	0
10494	232	6735	4019	3006617	334016461	4360267	556121757
10495	454	9124	7969	3007560	334168800	0	0
10496	6443	6800	4310	3007828	334214655	0	0
10497	5504	10237	6381	3008242	334290088	0	0
10498	103	7687	3455	3009070	334425583	0	0
10499	3966	6056	3334	3009100	334429948	0	0
10500	5764	9918	14430	3009332	334471342	0	0
10501	2688	4172	2698	3009442	334495733	0	0
10502	6316	8519	8026	3010191	334621257	3216071	366430732
10503	6855	7389	7818	3010454	334668377	0	0
10504	5706	8846	6271	3010481	334671788	0	0
10505	904	1134	1760	3010996	334767863	4084425	508425501
10506	1535	5305	3433	3014392	335297626	0	0
10507	5849	9558	2545	3014827	335355243	0	0
10508	2284	8432	1996	3015080	335392429	0	0
10509	5038	8190	1475	3015469	335443629	0	0
10510	6241	8051	3745	3015840	335492830	0	0
10511	425	6998	7347	3016273	335551908	0	0
10512	6859	7053	1356	3016380	335566050	0	0
10513	8854	9022	4114	3016642	335602001	0	0
10514	1778	6562	2275	3016879	335633172	3255514	372070464
10515	696	9492	6114	3017896	335766075	4271695	540754102
10516	4251	5078	2727	3019333	335949307	0	0
10517	7805	9670	7217	3019844	336005982	0	0
10518	6428	7728	9262	3020072	336033745	4132202	516984821
10519	890	990	1075	3021009	336161650	0	0
10520	122	337	408	3021189	336184325	0	0
10521	3180	5231	1153	3022409	336328295	3597786	426357151
10522	5231	8493	3520	3022563	336345309	3861525	471443477
10523	1195	10199	5064	3022756	336370956	3895704	477144158
10524	4957	9450	4272	3022842	336381838	0	0
10525	567	2549	1149	3022977	336396162	4336828	552565062
10526	2316	8121	1720	3023276	336436200	0	0
10527	589	5020	1802	3023317	336440330	0	0
10528	1773	2324	1348	3023892	336510933	0	0
10529	8529	10074	7727	3023971	336521875	0	0
10530	4672	9826	11663	3024198	336551877	0	0
10531	55	2251	695	3024282	336561091	0	0
10532	115	8336	5917	3024331	336567956	3099422	348437687
10533	3649	5498	1765	3025199	336690437	3358115	389068214
10534	2517	5839	3165	3025968	336790382	4245177	536480599
10535	4518	8262	2995	3026100	336808841	0	0
10536	7840	10375	10846	3026528	336866454	0	0
10537	1030	4521	675	3027162	336950455	0	0
10538	3040	4011	4235	3027328	336974893	0	0
10539	2800	5621	3715	3027425	336989669	0	0
10540	3818	6970	2609	3027553	337008122	0	0
10541	6346	8359	6285	3027790	337042741	0	0
10542	3084	5372	4228	3027984	337071478	0	0
10543	5043	6119	6060	3028875	337203413	3375527	392126093
10544	3477	4709	1689	3029088	337233357	0	0
10545	4916	7363	4677	3029111	337236177	3393535	394870152
10546	3580	4427	779	3029573	337314171	0	0
10547	45	3403	900	3029668	337327716	4274489	541348795
10548	3902	4547	4117	3031060	337507963	0	0
10549	5748	6681	5328	3031359	337549197	0	0
10550	1262	2190	1269	3031410	337555811	0	0
10551	731	3764	3965	3031621	337583155	0	0
10552	1918	2508	4762	3031903	337615963	0	0
10553	5844	6119	6236	3031943	337620264	3362417	389853033
10554	3743	7071	4829	3032670	337714094	0	0
10555	837	2979	885	3033068	337771966	0	0
10556	1733	5540	4106	3033197	337789226	0	0
10557	1836	5877	4213	3033403	337814998	0	0
10558	5197	6441	3136	3034106	337902151	3724530	448175202
10559	997	7330	2634	3034231	337917790	3560446	420902773
10560	3041	3249	4182	3034529	337953835	0	0
10561	391	4319	1652	3035606	338086892	0	0
10562	1161	4999	2448	3035734	338103194	0	0
10563	3393	5093	3299	3035739	338103584	0	0
10564	6815	9849	6963	3035859	338117628	3163744	358559589
10565	2506	7870	6373	3035950	338128732	0	0
10566	2853	6530	7068	3035959	338129983	4178432	524910623
10567	3533	5455	2000	3036280	338171400	4108362	512825081
10568	2284	6053	4077	3036288	338172113	0	0
10569	6520	6705	6658	3036462	338200754	0	0
10570	1691	5367	1746	3036725	338238944	0	0
10571	3763	9291	9413	3037126	338299360	4230090	533835969
10572	2013	2206	2297	3037321	338328199	0	0
10573	4203	10115	3415	3038032	338430994	3354692	388512288
10574	501	5391	2489	3038389	338483333	0	0
10575	4525	10124	5223	3038505	338501845	0	0
10576	814	9431	8067	3038863	338562313	0	0
10577	3011	5125	5305	3039429	338652566	3346494	387215571
10578	4879	9560	8691	3039523	338669962	0	0
10579	4906	6854	3883	3039866	338725369	0	0
10580	1606	10387	6559	3039943	338736687	0	0
10581	6471	9108	5460	3042084	339072278	3930832	483634354
10582	7631	10453	5847	3043647	339294270	0	0
10583	3491	7483	3237	3043960	339337157	0	0
10584	5264	8304	8032	3044012	339344648	0	0
10585	967	1955	575	3044342	339393332	4423803	567185358
10586	2980	6833	5027	3045068	339496855	3126458	352311634
10587	3116	4070	1984	3045084	339498351	4133380	517167206
10588	2884	6730	1861	3045336	339530969	3105437	349525502
10589	296	6585	5500	3045982	339619953	3415039	398283755
10590	3822	7901	2099	3046113	339637037	3154001	356924944
10591	3288	6223	7285	3046116	339637467	0	0
10592	680	9381	8091	3046775	339729064	3361797	389733130
10593	7034	8960	14222	3047702	339860655	0	0
10594	3797	4798	2460	3047954	339905173	3482015	408902716
10595	7673	9649	5332	3048640	340011198	3501688	411752469
10596	5626	8391	7151	3048744	340027296	0	0
10597	3821	5273	4411	3048899	340050192	0	0
10598	6013	6922	5199	3049077	340079962	3370708	391289244
10599	2991	5601	2303	3051154	340399182	0	0
10600	2951	10461	3348	3051198	340406356	3321990	383154727
10601	6078	7342	6412	3051369	340432269	0	0
10602	5271	9628	9357	3051662	340476369	3355050	388560635
10603	8124	8188	10547	3051724	340486419	0	0
10604	853	1521	448	3053156	340718495	0	0
10605	5144	6439	1858	3053355	340751698	0	0
10606	576	632	682	3053394	340757986	3982175	492197277
10607	4121	10061	18941	3054715	340937540	0	0
10608	4167	5707	2663	3055347	341044004	0	0
10609	1833	6844	5729	3055802	341119268	3719228	447284827
10610	5152	7854	2699	3056083	341167954	3369561	391096139
10611	2605	4157	1612	3056160	341179598	3801037	461234032
10612	137	3120	1535	3056653	341254729	3241123	369957994
10613	6125	6133	6420	3057213	341342778	0	0
10614	1106	6906	2709	3057451	341377109	0	0
10615	5821	10336	6714	3057505	341384233	0	0
10616	5859	7510	4002	3058189	341489029	0	0
10617	2790	9626	9412	3058250	341499383	0	0
10618	120	6010	2903	3058517	341543711	0	0
10619	638	3925	1699	3058885	341608674	0	0
10620	819	3771	647	3059211	341659673	0	0
10621	1334	5064	1100	3059672	341730008	3125050	352125863
10622	6464	9114	4752	3060605	341868574	0	0
10623	8396	10126	7957	3061401	341978969	0	0
10624	4203	10351	5541	3061867	342050393	0	0
10625	409	9323	3055	3062590	342156486	4032357	500011742
10626	2704	6406	2564	3062680	342170169	3642495	433686749
10627	4324	5577	5124	3063086	342226534	3594612	425928176
10628	789	10134	5520	3063112	342230898	0	0
10629	3470	7607	6113	3063209	342248517	0	0
10630	1447	2338	1879	3063325	342267337	0	0
10631	6306	7732	3983	3064254	342413011	3114554	350864940
10632	4079	5233	4070	3064685	342478771	3339740	386081059
10633	1938	5942	5827	3064776	342489896	0	0
10634	3614	9331	9501	3064853	342502733	3805749	461961186
10635	1970	4098	3412	3065346	342581815	4309247	547676435
10636	4055	8255	7752	3065448	342597330	0	0
10637	7043	9632	1119	3065838	342664767	0	0
10638	6291	6811	5835	3066508	342779044	0	0
10639	5152	6962	14897	3066641	342797312	4339568	552998215
10640	9516	10228	3176	3066730	342813000	0	0
10641	4758	6723	3471	3067025	342864931	3618822	429550967
10642	3627	5881	2537	3067528	342955573	0	0
10643	1158	7941	5441	3067569	342965028	0	0
10644	1322	5068	1153	3067651	342980622	3405707	396833943
10645	8918	10155	15007	3067921	343032959	0	0
10646	7502	8667	6845	3068287	343110006	0	0
10647	6868	9177	11747	3068468	343146617	0	0
10648	1113	3356	1498	3068944	343247275	3838041	467437115
10649	2999	5308	2866	3069005	343261265	0	0
10650	5757	7759	9701	3069066	343273166	0	0
10651	8678	9690	9757	3069611	343390245	3893558	476774086
10652	277	9662	6845	3069687	343406695	4227271	533385929
10653	2623	6631	3594	3070229	343522930	0	0
10654	4559	7406	6560	3070387	343561852	0	0
10655	64	3522	294	3072852	344075705	3659915	436838020
10656	2255	3020	5302	3073068	344111859	0	0
10657	2047	7640	850	3073227	344143651	0	0
10658	3493	5236	2419	3073332	344164850	3523385	415343042
10659	2806	9536	7502	3073625	344216383	3599758	426644822
10660	1042	6653	4763	3074764	344409290	0	0
10661	2526	10471	13348	3075008	344447845	0	0
10662	1207	8620	2214	3075209	344483058	3527607	416076015
10663	522	1359	746	3075236	344488520	0	0
10664	7053	7418	6523	3075473	344530835	0	0
10665	2284	4529	4742	3077068	344818784	3608856	427988906
10666	3369	6791	12879	3077312	344861343	0	0
10667	470	5487	5086	3077578	344912757	0	0
10668	3496	3527	2670	3078440	345065013	3956824	487739154
10669	720	8552	5433	3078979	345162170	3522967	415270586
10670	2999	10225	5405	3079083	345181329	0	0
10671	7522	8596	3381	3079531	345259007	3772226	456299303
10672	7853	8783	4062	3080129	345362367	0	0
10673	1905	2658	3705	3080282	345386835	0	0
10674	160	794	487	3081018	345503111	0	0
10675	6240	10357	8220	3081396	345561424	0	0
10676	2185	2523	2496	3082633	345752126	4162681	522528985
10677	9303	9870	5614	3083351	345860957	4154153	520893836
10678	4460	6040	3659	3084073	345960002	0	0
10679	7456	7803	11196	3084581	346031703	3708156	445405378
10680	4334	8684	3000	3084688	346047240	3473678	407487941
10681	3060	7070	5043	3084871	346075201	3100163	348565690
10682	1938	4608	2987	3085256	346135350	0	0
10683	4753	5356	7959	3087635	346473437	0	0
10684	4018	8719	6281	3087875	346505449	0	0
10685	8110	8774	10051	3088107	346535352	3162400	358342663
10686	4649	5925	5096	3088925	346654593	3274583	374887221
10687	5605	6341	13040	3089878	346787700	4292763	545031650
10688	4861	10040	4331	3089944	346798320	0	0
10689	5973	9027	12202	3090260	346848600	0	0
10690	3157	9103	12703	3091171	346985736	3990984	493504970
10691	49	6463	3781	3091629	347056785	3937795	484701923
10692	6681	10440	12266	3091710	347070110	0	0
10693	235	2485	463	3091962	347117776	3455020	404509256
10694	7510	9711	4261	3092304	347181938	0	0
10695	5680	7162	4186	3092555	347225178	0	0
10696	2684	4093	5392	3092731	347252343	0	0
10697	3337	3351	9116	3093458	347377383	0	0
10698	3064	4871	2515	3094455	347542535	3430126	400545577
10699	545	6934	5247	3094565	347559274	3136322	353682984
10700	465	6149	6288	3094662	347578224	0	0
10701	5851	6342	6036	3095019	347639610	0	0
10702	442	5884	5630	3095051	347643725	3723248	447969894
10703	896	8455	3665	3095291	347690727	3500329	411552757
10704	2644	10468	7479	3095298	347691585	0	0
10705	3370	5013	1834	3095844	347796608	3406969	397038482
10706	5010	10341	9911	3095949	347814135	0	0
10707	5234	9856	8818	3097184	348041819	4171573	523843601
10708	502	6553	2347	3097493	348102830	3647783	434508566
10709	1336	8338	5073	3099078	348378560	3104847	349411383
10710	6207	8984	2932	3099136	348387778	3582011	424210763
10711	5486	8961	6646	3099345	348423393	3816227	463872749
10712	7986	10532	6492	3099422	348437687	4416212	565713410
10713	9633	10681	5290	3100163	348565690	0	0
10714	3344	6080	4818	3100910	348697951	3896490	477276907
10715	1502	2351	799	3100956	348703937	3180251	361085748
10716	4280	9101	6477	3101563	348808270	0	0
10717	7247	10294	13065	3101949	348868684	3545323	418579938
10718	6198	7094	6448	3102843	349032366	0	0
10719	6195	10251	7762	3102947	349053035	3262150	373093482
10720	1120	9802	7515	3103701	349200275	0	0
10721	9676	10709	8730	3104847	349411383	0	0
10722	2643	2931	2711	3105179	349480363	0	0
10723	1178	7698	6691	3105305	349501936	3690878	442320031
10724	5991	9000	3534	3105431	349524797	0	0
10725	4479	10588	4719	3105437	349525502	0	0
10726	4904	5297	6675	3105761	349594394	0	0
10727	1865	7578	3195	3106891	349805920	0	0
10728	3201	8988	7033	3108710	350105266	3840165	467785532
10729	1609	3183	3066	3111792	350540645	3296937	378659248
10730	404	2402	1113	3112199	350588675	0	0
10731	2669	3972	1096	3112467	350621790	0	0
10732	1448	5300	4176	3113516	350744497	4181404	525441432
10733	3847	3991	4486	3113693	350764423	0	0
10734	1692	7336	5114	3113773	350773194	0	0
10735	3488	5725	1772	3113980	350797738	3358788	389186951
10736	4121	10631	5639	3114554	350864940	0	0
10737	1553	7588	1200	3114792	350891251	3510147	413144293
10738	9015	9901	4943	3114957	350910322	0	0
10739	2160	3149	2212	3115741	350996411	3379383	392792425
10740	2104	3236	1907	3115931	351018260	0	0
10741	3753	4973	4180	3116082	351034504	3144711	354991529
10742	461	9294	9015	3116248	351054294	0	0
10743	3403	10090	1802	3117166	351167964	0	0
10744	1597	1644	763	3117502	351208000	3577141	423443444
10745	6480	8577	8953	3117771	351238621	0	0
10746	7065	7952	6155	3118218	351289655	3971150	490267247
10747	3121	4921	2292	3118758	351358174	0	0
10748	2592	8927	3922	3119373	351431648	0	0
10749	2770	9556	3566	3119950	351501108	0	0
10750	4202	9974	4344	3120062	351516543	0	0
10751	5769	10263	4537	3120577	351576317	3403072	396395357
10752	1418	2682	1656	3120708	351594232	0	0
10753	6240	6359	10515	3121214	351662988	3742143	451461569
10754	2051	9059	6100	3121950	351759710	0	0
10755	7122	10405	6496	3124007	352002786	0	0
10756	2516	2979	1366	3124033	352005970	4343596	553649570
10757	4062	8878	8806	3124521	352057705	0	0
10758	4703	6516	3824	3124872	352103208	3474307	407600399
10759	6277	10621	2982	3125050	352125863	0	0
10760	9926	10285	6349	3125074	352128386	3581118	424071704
10761	4508	6501	3365	3125589	352201939	3201416	364238589
10762	2557	3250	2843	3126095	352265953	0	0
10763	5971	10586	7749	3126458	352311634	4243261	536141865
10764	1214	6014	8737	3126631	352333480	0	0
10765	3833	4481	3873	3126647	352335384	0	0
10766	6535	10394	3637	3127549	352468341	0	0
10767	7542	7869	10208	3128394	352584970	4177294	524727230
10768	331	5699	2316	3129084	352686835	4060271	504558671
10769	4778	6166	5105	3129452	352736383	0	0
10770	3851	6869	5663	3129549	352750282	0	0
10771	2794	6268	2086	3129655	352765839	3254948	371980486
10772	1419	7659	2918	3130653	352904874	3897125	477392998
10773	2438	7231	2508	3131036	352960767	3430010	400529925
10774	2533	5954	3599	3131341	353002813	0	0
10775	1981	4242	2063	3132542	353159576	0	0
10776	4268	6600	2422	3132867	353198867	0	0
10777	1206	3906	3210	3132949	353209550	0	0
10778	1082	2503	2068	3133047	353222172	0	0
10779	3892	6031	3518	3133058	353223971	3574927	423083606
10780	9010	9211	5180	3133169	353238639	0	0
10781	6713	7644	6861	3133710	353317018	0	0
10782	6278	7522	4294	3133985	353355520	3620942	429884705
10783	5592	10429	4691	3134308	353399935	0	0
10784	0	9355	7648	3134726	353457998	0	0
10785	829	1515	710	3134794	353468686	0	0
10786	6996	8075	3854	3134870	353478413	0	0
10787	392	7198	1140	3135137	353520281	0	0
10788	3313	10699	7230	3136322	353682984	3961078	488392591
10789	3533	4315	8190	3136718	353739995	0	0
10790	2192	3812	3772	3136787	353750605	4025365	498944924
10791	6490	7433	4841	3137198	353812212	3841017	467952468
10792	1213	9005	4669	3137641	353876976	3678814	440190926
10793	5670	6756	3677	3137678	353881355	0	0
10794	1138	6095	6879	3138978	354066308	0	0
10795	2781	9976	7455	3138994	354068603	0	0
10796	3630	10323	10007	3139878	354195613	0	0
10797	6373	9877	7963	3139971	354208532	0	0
10798	3620	4604	5875	3140266	354253501	3587505	424992761
10799	6596	8783	7578	3141079	354393479	4045586	502123163
10800	1339	9938	4145	3141417	354445775	0	0
10801	2538	8087	5681	3142048	354550195	0	0
10802	616	9159	2084	3142603	354631242	3570988	422493305
10803	5214	8053	7452	3142663	354639919	0	0
10804	810	9945	6257	3143110	354706570	3677999	440038872
10805	7688	8648	5505	3143320	354739208	3635320	432508850
10806	3979	6113	2059	3143751	354808975	0	0
10807	594	8234	3478	3143816	354821791	4186119	526328059
10808	4563	8312	10439	3143888	354833202	0	0
10809	4507	7836	4171	3144352	354924801	0	0
10810	10445	10741	8395	3144711	354991529	0	0
10811	5823	8691	12397	3144877	355025811	0	0
10812	5914	10111	8691	3144883	355026983	0	0
10813	5369	5955	4347	3145587	355174878	3990449	493418001
10814	7259	8059	5262	3146263	355313203	3275179	374989765
10815	3397	9924	15784	3146829	355429694	4376683	558853293
10816	5054	5521	3122	3146903	355445816	0	0
10817	1587	9982	3511	3147464	355565835	3328758	384286159
10818	1995	3593	1370	3148239	355726293	0	0
10819	3187	7154	3673	3148346	355748602	0	0
10820	292	10104	2864	3148584	355803356	3990094	493367312
10821	7427	9895	5412	3148883	355862861	0	0
10822	764	5055	2289	3149112	355907711	0	0
10823	1626	6742	5637	3149321	355953098	4328018	551161562
10824	4750	8443	5935	3149981	356097441	3716023	446706410
10825	3181	8720	6945	3150125	356123386	3474307	407600399
10826	2212	4323	4082	3150348	356171052	3304486	380071094
10827	6128	8959	9033	3150446	356190048	0	0
10828	524	5740	687	3151172	356340527	0	0
10829	8190	9045	7802	3151860	356477915	0	0
10830	5311	7570	2910	3152723	356659931	0	0
10831	8016	9662	13057	3152735	356662672	3237921	369478895
10832	2901	9784	2644	3152768	356667377	0	0
10833	888	1331	998	3153002	356719817	0	0
10834	2181	8972	4378	3153480	356817030	4452103	572524393
10835	3355	9314	9172	3153487	356817584	0	0
10836	3711	9061	4713	3153584	356836273	0	0
10837	3405	10413	2390	3153817	356887343	3234645	369007547
10838	3626	10590	2633	3154001	356924944	0	0
10839	3960	5830	5086	3157676	357607973	0	0
10840	99	8105	5093	3158019	357658034	0	0
10841	3280	9500	5767	3158475	357738238	3928907	483360337
10842	6244	9474	5843	3159015	357822873	0	0
10843	708	5032	1086	3159722	357936388	4291237	544770257
10844	4498	7459	2837	3160596	358067585	4166117	523055782
10845	6995	9315	7485	3160856	358107567	0	0
10846	8014	9451	6458	3161288	358172822	3290707	377663231
10847	663	2483	637	3161319	358177802	0	0
10848	8058	10685	15319	3162400	358342663	0	0
10849	2670	8443	4703	3163716	358556063	0	0
10850	7342	10564	9696	3163744	358559589	0	0
10851	2796	3472	1420	3165179	358777425	0	0
10852	4731	8269	11705	3165981	358889108	0	0
10853	1387	10249	15995	3166478	358962694	0	0
10854	645	4791	4165	3166759	359009731	0	0
10855	4068	7288	9095	3167409	359127166	3700443	444070277
10856	6168	6339	1915	3167853	359200078	0	0
10857	1578	4397	3668	3168388	359288987	0	0
10858	2974	6579	4757	3168719	359343073	4452103	572524393
10859	3481	6414	3843	3168770	359351378	4382447	559981257
10860	764	6575	2701	3169268	359429296	4270657	540556294
10861	6365	6607	3005	3169277	359430256	0	0
10862	3205	5961	3975	3169558	359472738	0	0
10863	425	9590	3766	3170040	359550856	3561682	421111630
10864	4186	10085	5667	3171162	359722250	0	0
10865	3670	3695	2731	3171573	359783833	0	0
10866	2543	10139	9829	3172151	359865187	0	0
10867	7447	8078	6510	3173064	360007470	0	0
10868	3744	5442	2494	3173172	360020767	0	0
10869	6633	8566	4120	3173263	360036396	3936450	484484840
10870	268	511	461	3173306	360041355	3464735	406109915
10871	1647	9579	3413	3173722	360110717	0	0
10872	1544	7461	3467	3175095	360312293	4248466	537058739
10873	2656	10444	4820	3175114	360314478	0	0
10874	2728	5802	3127	3175705	360403028	3879643	474521675
10875	8680	10175	6202	3176297	360491486	0	0
10876	601	8679	4280	3176456	360516772	0	0
10877	525	1391	617	3176641	360541351	4382213	559945779
10878	3228	5267	3616	3177177	360621653	4188335	526788638
10879	1988	8360	3972	3177236	360631046	3782951	458152082
10880	3551	9244	7778	3177730	360699023	0	0
10881	5950	7152	1941	3177753	360701919	0	0
10882	521	9383	3402	3177836	360712856	0	0
10883	1621	6495	1761	3177994	360733933	0	0
10884	7772	8009	7015	3178337	360789996	0	0
10885	2836	3172	3067	3178794	360866210	0	0
10886	7632	10066	3642	3178801	360867480	0	0
10887	1561	2485	535	3179740	361010942	0	0
10888	5547	10715	5099	3180251	361085748	0	0
10889	3105	4039	4802	3180967	361180808	0	0
10890	8726	10195	4856	3181127	361203027	0	0
10891	3171	3410	3706	3181715	361290126	0	0
10892	4191	7786	3926	3182180	361353129	0	0
10893	9087	10564	7612	3182521	361403294	0	0
10894	1885	5747	2154	3183397	361527962	0	0
10895	7668	9238	11739	3183420	361533135	0	0
10896	418	5760	1515	3183458	361539955	0	0
10897	6811	9031	7941	3184401	361677991	0	0
10898	3871	6989	3953	3184412	361679854	0	0
10899	5694	10469	7118	3184740	361737565	0	0
10900	7360	9759	5211	3186157	361955804	4373163	558191090
10901	976	3867	1224	3186368	361987996	0	0
10902	1239	9088	2160	3186442	361998570	0	0
10903	1298	8561	3331	3186999	362077811	3967339	489549289
10904	1032	9130	609	3187379	362127478	0	0
10905	745	1502	1045	3187478	362140763	3355092	388567641
10906	5058	9575	8424	3188790	362317905	3968720	489811778
10907	8317	10131	3518	3189176	362367152	0	0
10908	1303	2118	2104	3189631	362424414	0	0
10909	8095	10384	5832	3189982	362469843	0	0
10910	2995	10183	12485	3190145	362489073	0	0
10911	8767	10286	6533	3190545	362548170	4244925	536436453
10912	7061	8146	6980	3190653	362563398	0	0
10913	6495	7060	9721	3191157	362639323	0	0
10914	8131	8791	11024	3192697	362867507	0	0
10915	8306	10057	14039	3192929	362901230	3957794	487878288
10916	4395	5236	1231	3193218	362950514	0	0
10917	4619	8514	6564	3193389	362981576	4158320	521742968
10918	1168	4284	1505	3193915	363065313	0	0
10919	953	4910	2841	3193958	363073995	3436211	401533022
10920	4206	5350	5058	3194086	363096208	0	0
10921	7596	9882	6865	3194347	363140765	3764277	454943540
10922	5072	6744	9777	3195994	363414576	0	0
10923	2327	9465	3479	3196347	363468835	0	0
10924	1698	8014	6911	3196459	363490420	0	0
10925	127	536	464	3197354	363634856	3624219	430544529
10926	938	5050	3814	3198110	363746241	0	0
10927	3032	7685	1839	3198749	363842229	0	0
10928	2150	4963	1818	3199006	363878178	0	0
10929	9477	9992	11962	3199610	363957645	3306337	380387990
10930	6935	10631	15123	3200477	364081673	4249369	537210816
10931	5527	7194	5611	3200596	364100273	0	0
10932	1630	10761	3621	3201416	364238589	0	0
10933	3745	8900	4514	3201507	364254452	0	0
10934	2325	5434	2996	3202197	364367869	0	0
10935	2174	3391	3374	3202462	364407856	4003425	495262159
10936	2422	3253	1920	3202695	364446029	3922986	482335274
10937	1519	2143	2579	3203713	364597579	3358158	389076786
10938	2193	3507	1803	3205214	364786883	0	0
10939	3110	10257	1659	3206033	364888385	3967393	489560034
10940	598	6322	4904	3206037	364888885	0	0
10941	3891	6341	6709	3206201	364906009	0	0
10942	1336	5496	6821	3206408	364933879	0	0
10943	3859	6825	3088	3206742	364975643	3232798	368756628
10944	4484	10301	6287	3207170	365030490	0	0
10945	797	4121	2294	3207845	365117462	0	0
10946	3113	5940	2199	3207847	365117498	0	0
10947	6192	8065	6988	3207868	365119611	0	0
10948	2460	8930	5310	3208463	365199970	0	0
10949	7906	8161	5687	3208730	365238144	3902769	478378985
10950	606	5438	2940	3209470	365349627	0	0
10951	4551	9672	4284	3209593	365366419	0	0
10952	390	6463	3820	3209626	365372781	0	0
10953	8609	9416	23646	3210622	365508726	0	0
10954	188	10164	3837	3210987	365568104	0	0
10955	2453	3115	1623	3210999	365569738	3402954	396377759
10956	3038	8574	4941	3211109	365589853	0	0
10957	6866	7059	2309	3212340	365795589	3399796	395861046
10958	2754	7187	5604	3212584	365832510	0	0
10959	1883	6962	15310	3212853	365878069	4210882	530586447
10960	3045	6767	7545	3213542	366005034	0	0
10961	4292	5454	5101	3213779	366044877	4085875	508673169
10962	86	9655	1385	3215808	366391299	0	0
10963	7376	10502	10816	3216071	366430732	0	0
10964	1170	8734	2932	3216284	366467302	3280093	375835761
10965	2952	3170	970	3216835	366561550	0	0
10966	6318	10147	8225	3217260	366628608	0	0
10967	8525	9087	2387	3218102	366762728	0	0
10968	1221	1960	1491	3218368	366801105	3900834	478038950
10969	2778	9187	1546	3218581	366837069	0	0
10970	246	7477	5563	3219022	366900195	0	0
10971	7418	10331	9749	3219089	366909391	0	0
10972	7097	7541	2337	3219357	366957803	3357049	388885503
10973	473	9582	2420	3220581	367144655	0	0
10974	4124	7781	5373	3221049	367215685	0	0
10975	1163	2887	2264	3221375	367265516	3592061	425599128
10976	2101	5546	2599	3221670	367310590	3654430	435844334
10977	7620	7936	4103	3222232	367390236	0	0
10978	3594	9955	2578	3223017	367505369	0	0
10979	1698	7545	4027	3223032	367507052	3449762	403698391
10980	534	6414	3043	3223144	367521624	0	0
10981	1646	7589	1107	3223684	367587867	0	0
10982	757	5303	1834	3224131	367644263	3242926	370215878
10983	2283	6276	2598	3224662	367715194	3780754	457759062
10984	2930	3201	2145	3224669	367715968	0	0
10985	433	1142	571	3224923	367748022	0	0
10986	3713	7981	2901	3225160	367776234	0	0
10987	4966	6514	8203	3225588	367831824	0	0
10988	2335	5893	1886	3225674	367840999	0	0
10989	826	8420	2046	3226068	367894921	0	0
10990	8104	8728	9976	3226563	367960141	3281666	376130131
10991	1903	7231	3444	3226929	368009383	3457101	404829609
10992	4825	9579	4764	3227113	368029674	0	0
10993	2024	8945	4642	3227664	368103611	0	0
10994	648	6262	1484	3228639	368228637	0	0
10995	7400	10257	2321	3229003	368271363	4122278	515454025
10996	87	2058	926	3229009	368271616	0	0
10997	934	3730	5161	3229271	368303801	0	0
10998	2973	7320	7966	3230345	368439123	0	0
10999	5984	8343	4120	3230578	368467852	0	0
11000	182	10158	3239	3230625	368473193	3578462	423658790
11001	4535	9533	2355	3230892	368504376	3391787	394627812
11002	2303	10145	10167	3231586	368599411	0	0
11003	227	2303	306	3232584	368729746	0	0
11004	8732	10943	3970	3232798	368756628	0	0
11005	3279	3292	3428	3233416	368841053	0	0
11006	7674	9879	6330	3233681	368877980	4145678	519367843
11007	4326	6572	4405	3234482	368984468	3941878	485357119
11008	10096	10837	8106	3234645	369007547	0	0
11009	3982	7832	9549	3235151	369071244	0	0
11010	8400	9568	7041	3235441	369115597	0	0
11011	716	8159	5676	3235702	369155650	3967339	489549289
11012	170	6585	5357	3236696	369308414	0	0
11013	137	10831	13103	3237921	369478895	3625952	430871217
11014	4831	9535	7587	3238358	369552043	0	0
11015	3863	4596	4794	3240281	369838375	0	0
11016	6415	8503	3266	3240891	369922721	3461878	405630216
11017	574	5579	3013	3240901	369923493	0	0
11018	9377	10612	6114	3241123	369957994	0	0
11019	1317	2020	1492	3241339	369986503	0	0
11020	4219	7501	3537	3241402	369994499	3949423	486660544
11021	274	4054	2208	3241648	370030446	3408358	397267388
11022	4713	10982	3585	3242926	370215878	0	0
11023	1265	5868	1845	3244329	370395465	0	0
11024	996	10169	10063	3244639	370429693	0	0
11025	2462	7696	1854	3244728	370442420	3763361	454816739
11026	7130	10320	3360	3244777	370447532	0	0
11027	3273	8006	2502	3244897	370464217	0	0
11028	6671	7516	8550	3245035	370484100	0	0
11029	1890	4258	1926	3245584	370560862	0	0
11030	5059	9517	18517	3245792	370588912	0	0
11031	1917	10197	2623	3245834	370594238	0	0
11032	706	5220	2803	3246116	370638679	0	0
11033	1280	4964	700	3246142	370644927	0	0
11034	3522	9084	1661	3246506	370708748	0	0
11035	824	903	730	3246750	370747150	3769219	455740194
11036	819	6462	6036	3246824	370758430	3473948	407536032
11037	2617	8033	2626	3246865	370764030	0	0
11038	2405	8319	4496	3247241	370828106	0	0
11039	3291	9481	6743	3247941	370951707	0	0
11040	945	8348	3743	3249350	371179666	0	0
11041	2150	6921	951	3249438	371194813	0	0
11042	4529	8445	7070	3252139	371566252	0	0
11043	1641	7882	15651	3252280	371584250	0	0
11044	2064	7838	3773	3252647	371640249	3329105	384337734
11045	4750	6807	3868	3252840	371666200	3421197	399233321
11046	827	3047	811	3252932	371679865	0	0
11047	380	10238	1748	3253053	371697851	4276929	541904450
11048	464	1336	777	3253059	371698151	0	0
11049	4555	6336	7616	3253377	371744977	4139068	518111676
11050	3977	7234	8946	3254688	371943918	0	0
11051	4904	5397	9195	3254773	371957215	0	0
11052	2074	2566	1342	3254821	371962738	3789980	459374489
11053	9546	10771	5399	3254948	371980486	0	0
11054	5245	10514	3464	3255514	372070464	0	0
11055	1093	1267	982	3255817	372121753	3355092	388567641
11056	425	2271	1903	3256160	372175574	4232107	534183327
11057	5370	9349	5409	3256312	372198308	0	0
11058	3683	5070	2475	3257125	372327917	0	0
11059	3542	5544	4368	3257162	372333364	0	0
11060	5060	8863	13703	3257194	372337328	0	0
11061	604	3986	5046	3258076	372490813	0	0
11062	91	1735	331	3258942	372636104	0	0
11063	481	7047	1599	3258960	372639439	0	0
11064	2169	8320	4749	3260354	372849121	0	0
11065	2620	8636	3684	3260720	372902483	0	0
11066	1865	2137	2668	3261377	372987803	3491431	410232638
11067	7903	9337	9944	3261588	373016679	0	0
11068	5539	8319	5242	3261714	373033800	4306341	547221821
11069	816	10719	7968	3262150	373093482	0	0
11070	881	2706	1641	3262447	373138683	0	0
11071	3600	10328	6717	3263456	373289421	0	0
11072	111	7576	6783	3264208	373392533	4053005	503351080
11073	5116	7067	11661	3264473	373434592	0	0
11074	3079	4573	5800	3264513	373441109	4103176	511828814
11075	4741	8231	4371	3264659	373464989	0	0
11076	2427	4185	1732	3265280	373562475	4363760	556719268
11077	973	8106	2549	3266515	373753166	0	0
11078	5339	9346	8032	3266936	373814609	0	0
11079	370	2002	1415	3267230	373858229	0	0
11080	983	6221	3308	3268056	373983733	0	0
11081	2978	4985	1294	3268755	374080948	4280085	542550972
11082	8512	8918	4554	3268946	374107734	0	0
11083	5802	6247	4042	3269136	374135024	3370599	391271234
11084	689	1273	682	3269183	374140878	0	0
11085	4870	8416	5826	3269334	374162752	0	0
11086	1201	8778	3826	3270599	374328558	4142987	518883606
11087	1244	7912	6159	3270685	374338869	3488111	409792141
11088	450	679	281	3271165	374400796	4148601	519885275
11089	6913	9848	13837	3271393	374431196	0	0
11090	4824	5156	6149	3271546	374453790	0	0
11091	1602	2156	1839	3272143	374545901	3533579	417039202
11092	520	3975	1568	3272272	374563469	3742665	451589504
11093	4536	9287	5101	3273155	374683827	0	0
11094	4988	8387	10836	3273442	374721879	4228393	533556090
11095	4534	8254	1907	3273733	374763522	0	0
11096	1132	5231	992	3274180	374825984	0	0
11097	7820	10196	14195	3274441	374862070	3736404	450287019
11098	3882	10686	9457	3274583	374887221	0	0
11099	1657	1950	1147	3274659	374900156	0	0
11100	1227	10814	5559	3275179	374989765	0	0
11101	530	4230	1213	3275313	375008436	0	0
11102	6551	8840	10784	3275884	375101863	0	0
11103	243	5107	2605	3276373	375192639	0	0
11104	684	10157	2487	3276601	375233751	0	0
11105	2643	7760	2441	3276655	375241975	3684508	441172356
11106	1548	5347	2574	3276977	375298043	0	0
11107	7091	7557	3376	3277217	375344086	0	0
11108	6045	6442	4944	3277249	375347626	0	0
11109	616	3236	1217	3278025	375478616	4192226	527504822
11110	135	1130	216	3278109	375493297	4421583	566767085
11111	6740	10355	9927	3279187	375673299	4202193	529220737
11112	4152	8165	2171	3279746	375775112	3433580	401099175
11113	6507	10196	11146	3279795	375782738	0	0
11114	7525	10964	3769	3280093	375835761	3670766	438662762
11115	7114	7514	10827	3280543	375919506	0	0
11116	1770	5370	3849	3281080	376019693	3307012	380526675
11117	5608	8493	7014	3281452	376086189	4180681	525311177
11118	854	5007	5718	3281501	376096639	0	0
11119	2653	10990	11782	3281666	376130131	0	0
11120	10070	10685	12533	3282316	376255104	0	0
11121	2278	2473	712	3282350	376262785	0	0
11122	8084	10165	6947	3282426	376276946	3313441	381721909
11123	2675	7355	1541	3283092	376414004	0	0
11124	6300	9914	5555	3283146	376424326	0	0
11125	2494	8142	3273	3284438	376665242	0	0
11126	4608	7551	4360	3284765	376727293	0	0
11127	828	10163	1223	3286157	376971512	4282034	542950317
11128	3461	7136	3395	3287882	377238486	4016449	497368141
11129	5638	5823	13680	3287950	377249327	4154153	520893836
11130	617	1625	761	3289518	377486663	0	0
11131	8482	9198	8353	3289786	377524986	3683979	441080306
11132	5477	8924	9105	3290240	377595571	0	0
11133	4212	10846	8593	3290707	377663231	4246630	536733407
11134	3991	6559	6466	3290926	377697345	0	0
11135	265	1297	653	3291396	377770200	0	0
11136	7292	7578	2877	3291436	377777315	0	0
11137	821	7009	3785	3291466	377782783	0	0
11138	6810	8498	10904	3291772	377833723	0	0
11139	1897	6714	6360	3293068	378048787	0	0
11140	3645	10232	8811	3293900	378174200	3308289	380774587
11141	1464	4442	2091	3294610	378274464	0	0
11142	4832	7301	10316	3295000	378334090	0	0
11143	4026	10686	8279	3295831	378472778	3794435	460097568
11144	2490	8610	12686	3296480	378583432	0	0
11145	6844	10729	8267	3296937	378659248	4036875	500711558
11146	4996	5392	2444	3297000	378671087	0	0
11147	1141	9724	6330	3297214	378708955	3392411	394710254
11148	3674	4949	3162	3297293	378723720	0	0
11149	1344	7669	1359	3297465	378757528	3922145	482169028
11150	2060	8341	4041	3297499	378763452	0	0
11151	5196	7854	2377	3297593	378783196	0	0
11152	6802	7253	10937	3298892	379018737	3767832	455507615
11153	4495	9574	8430	3299064	379052106	0	0
11154	1641	5348	2483	3299172	379069821	0	0
11155	5077	10068	8066	3300688	379345227	3307012	380526675
11156	5165	6720	7924	3300793	379364162	0	0
11157	2043	2404	2308	3300810	379366528	0	0
11158	892	7022	2507	3300914	379383655	0	0
11159	6672	9101	6089	3301279	379447765	4172106	523925285
11160	3498	7480	15220	3301566	379498817	0	0
11161	5799	7120	5753	3302372	379662200	0	0
11162	1514	10761	4908	3302778	379751844	4103320	511859204
11163	158	4988	2143	3303235	379838745	3358788	389186951
11164	2389	2528	2160	3303611	379913337	3308800	380872774
11165	2137	10826	6212	3304486	380071094	3508798	412878927
11166	2019	8208	4553	3305033	380163323	0	0
11167	2013	7816	1971	3305525	380248488	3573233	422820961
11168	7373	8721	10312	3305843	380304672	0	0
11169	3044	8239	4845	3305882	380308879	0	0
11170	3392	8135	4478	3305953	380319693	0	0
11171	2112	10929	12450	3306337	380387990	3621987	430073540
11172	7090	9726	5662	3306651	380449346	0	0
11173	11116	11155	11915	3307012	380526675	0	0
11174	5487	11140	13730	3308289	380774587	4267002	539966265
11175	4779	11164	2374	3308800	380872774	0	0
11176	9368	9890	4363	3308960	380904639	0	0
11177	3516	6263	4749	3310422	381200569	0	0
11178	3278	9211	4957	3311477	381395297	0	0
11179	7801	10368	5802	3311891	381468095	0	0
11180	507	4249	1673	3313409	381717021	0	0
11181	9595	11122	16542	3313441	381721909	0	0
11182	3497	4565	1517	3313460	381725154	3890821	476343157
11183	6218	9160	13387	3313708	381771361	4354237	555211571
11184	3196	7186	4046	3314133	381854064	4169303	523501248
11185	4279	4593	3239	3315455	382100357	0	0
11186	205	5264	2483	3316214	382234768	0	0
11187	3206	6795	4038	3316235	382238383	3626626	431004497
11188	3488	8646	1469	3316273	382246025	0	0
11189	276	7859	3033	3317240	382415884	0	0
11190	926	4903	5416	3317508	382456799	0	0
11191	2568	6118	5732	3318516	382609466	0	0
11192	7480	10053	15587	3319867	382800690	0	0
11193	6474	9235	2446	3320321	382872384	4119970	515003629
11194	5343	5371	9335	3320408	382885360	0	0
11195	49	3052	4773	3320639	382920986	0	0
11196	3944	5509	7451	3321234	383024169	0	0
11197	5904	10407	1785	3321567	383085148	0	0
11198	4187	5936	8934	3321866	383133424	3648139	434571378
11199	5253	8889	7010	3321937	383145483	3417224	398622866
11200	299	10600	3481	3321990	383154727	3361797	389733130
11201	1499	4014	2468	3322354	383218378	0	0
11202	8745	9215	19769	3322531	383248121	4437521	569814874
11203	247	8534	6320	3324173	383551268	0	0
11204	6734	6931	4628	3324849	383669542	0	0
11205	7179	8977	8883	3325119	383714351	0	0
11206	3864	8517	4384	3326121	383889077	3942812	485523388
11207	5586	8927	3266	3328153	384195767	0	0
11208	164	6156	4545	3328196	384200416	3575261	423137383
11209	2586	10817	5382	3328758	384286159	3732383	449553835
11210	7887	8836	13518	3329046	384328893	3522084	415119361
11211	3054	9954	2418	3329076	384333306	3966139	489330377
11212	6633	11044	4427	3329105	384337734	0	0
11213	8915	10053	4129	3329866	384468968	0	0
11214	404	2547	929	3330094	384508958	0	0
11215	5531	8025	6850	3330196	384526091	0	0
11216	6431	9139	3356	3330317	384546830	0	0
11217	4695	9308	5941	3330561	384587543	0	0
11218	2581	6916	3320	3330566	384588091	0	0
11219	3080	4465	2795	3330634	384598344	0	0
11220	386	1522	670	3331457	384745750	0	0
11221	967	6235	3504	3331570	384767300	0	0
11222	7545	9561	5560	3331842	384810939	0	0
11223	9152	9413	6694	3333544	385112105	0	0
11224	1150	8238	2345	3333931	385170262	0	0
11225	672	10283	6901	3334070	385192497	0	0
11226	2409	5623	3246	3334379	385245766	3684155	441109474
11227	8816	9347	5949	3334543	385269556	0	0
11228	310	4487	4499	3336356	385564030	3717296	446921022
11229	5542	7666	4561	3336859	385631456	0	0
11230	5882	8767	7160	3337013	385652718	0	0
11231	3583	4386	7112	3337323	385700321	3537353	417530745
11232	1970	6705	6157	3337467	385724713	0	0
11233	3527	9130	2576	3337598	385746034	3537410	417539142
11234	208	7903	993	3338393	385864847	0	0
11235	4895	9007	7231	3338540	385889113	0	0
11236	7079	7222	7214	3338959	385956608	3757966	454098373
11237	2238	4484	4537	3339351	386020348	0	0
11238	878	10632	4230	3339740	386081059	0	0
11239	2293	9483	6337	3340239	386155224	3805749	461961186
11240	44	5799	4450	3341483	386342319	0	0
11241	4318	9744	3682	3341513	386345726	0	0
11242	3572	6819	13749	3341836	386391632	0	0
11243	5771	8079	6987	3341969	386415914	0	0
11244	4682	6251	4319	3341996	386421034	3654430	435844334
11245	5061	10085	4516	3342207	386456170	0	0
11246	5152	7702	5418	3342494	386502385	0	0
11247	2549	3292	3301	3342545	386511811	3742143	451461569
11248	3812	7864	6955	3342775	386553241	3511953	413479141
11249	671	10292	4144	3343065	386609843	0	0
11250	278	6936	1817	3343464	386682963	0	0
11251	2871	3599	3882	3343832	386748269	0	0
11252	4004	10240	6281	3343966	386773404	0	0
11253	3291	9493	4159	3344290	386834420	0	0
11254	996	7935	4579	3344417	386857315	3431605	400760445
11255	3204	8969	3458	3345014	386961897	0	0
11256	3378	7359	3940	3345797	387093629	0	0
11257	5611	9828	8882	3346228	387168496	0	0
11258	6788	10577	6270	3346494	387215571	0	0
11259	8666	10440	9428	3346497	387215785	0	0
11260	264	3490	3676	3346607	387236920	0	0
11261	5938	9278	4793	3348186	387519948	3669722	438489550
11262	8963	10045	15157	3349338	387715628	0	0
11263	4888	6318	4870	3352051	388151631	0	0
11264	2363	2608	2615	3352375	388197980	0	0
11265	276	4394	1058	3352696	388245159	0	0
11266	8549	10573	9598	3354692	388512288	4304632	546965055
11267	2547	10602	10167	3355050	388560635	3519076	414637974
11268	10905	11055	2027	3355092	388567641	0	0
11269	7240	8847	18897	3355470	388623313	0	0
11270	1257	4491	566	3355942	388699236	4178774	524974771
11271	3830	5926	8002	3356480	388787452	0	0
11272	2442	10972	3491	3357049	388885503	0	0
11273	3011	9904	10433	3357342	388933457	0	0
11274	1228	6890	6022	3357926	389036848	4080085	507701347
11275	475	6702	4999	3358017	389052338	3872864	473421097
11276	8160	10533	5105	3358115	389068214	3798067	460712516
11277	4542	10937	3052	3358158	389076786	3694693	443007613
11278	10735	11163	3915	3358788	389186951	0	0
11279	3669	9472	2961	3358823	389195482	0	0
11280	3014	7655	4704	3359424	389313377	0	0
11281	2896	5483	3359	3359683	389360466	0	0
11282	5994	6557	6271	3359759	389371339	0	0
11283	8651	9724	10981	3360552	389512679	0	0
11284	2957	6412	3829	3361219	389633287	0	0
11285	6010	10248	6336	3361603	389700293	0	0
11286	10592	11200	11572	3361797	389733130	0	0
11287	1688	9595	9981	3362097	389792720	0	0
11288	2614	10553	7301	3362417	389853033	0	0
11289	1177	9387	5177	3363800	390122002	0	0
11290	5289	5557	1728	3364687	390285210	0	0
11291	3180	7439	5409	3364890	390316327	4219752	532098650
11292	6304	8960	10035	3366060	390509414	0	0
11293	2746	8949	7119	3366331	390556946	3517448	414384106
11294	712	834	774	3367790	390805817	0	0
11295	3204	4218	1026	3367964	390836453	3389389	394294443
11296	4016	8842	4706	3368138	390863691	3936123	484432482
11297	104	1167	1101	3368250	390880351	4373163	558191090
11298	4168	10377	8044	3368709	390954309	3784838	458479084
11299	4079	8756	3673	3369367	391066670	0	0
11300	2281	10186	3337	3369393	391072396	0	0
11301	6091	10610	6160	3369561	391096139	0	0
11302	4464	8714	3363	3370086	391182854	3637622	432885783
11303	4580	8805	6943	3370524	391257219	4186789	526465809
11304	9885	11083	5718	3370599	391271234	0	0
11305	2583	10598	6305	3370708	391289244	3685877	441457715
11306	7568	9524	4689	3371385	391404932	3947554	486356483
11307	2206	7066	2955	3371555	391431173	3809228	462559815
11308	4324	4332	3334	3371748	391463461	0	0
11309	590	6991	1426	3371816	391477081	0	0
11310	9289	9454	5706	3371822	391477975	4042153	501589016
11311	6343	10451	2662	3373158	391721053	0	0
11312	4177	9976	6166	3373243	391733960	3968587	489785592
11313	470	7203	1225	3373969	391855670	3703422	444616525
11314	4905	9223	2619	3374019	391864187	0	0
11315	5193	8967	8341	3374031	391865360	0	0
11316	1589	2515	1434	3374121	391880116	0	0
11317	3489	3799	2097	3374192	391891709	3720096	447452676
11318	5053	8724	4012	3375056	392050028	0	0
11319	1823	6647	3465	3375156	392066463	3850471	469659294
11320	2691	10543	7760	3375527	392126093	0	0
11321	6431	7750	3418	3376076	392221451	0	0
11322	8289	9745	3664	3376584	392310191	3662047	437213827
11323	2367	3839	2755	3376637	392321358	0	0
11324	3037	8445	6117	3376708	392336142	0	0
11325	452	2093	1514	3376803	392354894	3491298	410216482
11326	58	7200	1606	3377802	392529863	3752949	453398924
11327	4678	8908	4787	3378282	392609326	4030372	499718561
11328	1556	10739	4387	3379383	392792425	0	0
11329	4676	9860	5429	3380776	392992090	0	0
11330	225	4526	2739	3381252	393062127	0	0
11331	4666	8244	7287	3381410	393082635	0	0
11332	9584	10345	12731	3382087	393180526	0	0
11333	7740	8709	7805	3382124	393185172	0	0
11334	27	8952	4423	3382304	393211876	3602516	427078040
11335	6915	7817	7031	3382555	393256120	3416740	398542457
11336	541	8415	2799	3383017	393341266	0	0
11337	259	2654	689	3384423	393570413	0	0
11338	3795	5242	1919	3384640	393602901	0	0
11339	5116	9845	13287	3384844	393631497	0	0
11340	224	1678	396	3385216	393691103	0	0
11341	1782	4733	1794	3386506	393880866	0	0
11342	1847	3594	1719	3386904	393939525	0	0
11343	2061	5696	5415	3387060	393961576	3872890	473425326
11344	5206	10306	9412	3387731	394055430	0	0
11345	4072	10270	6896	3388240	394131095	0	0
11346	4045	11295	4840	3389389	394294443	0	0
11347	2491	5566	7289	3390408	394435105	0	0
11348	638	2261	1500	3390435	394438726	4412819	565129186
11349	1309	1949	1343	3390722	394478591	0	0
11350	5572	6607	3611	3391548	394595433	0	0
11351	9369	11001	7664	3391787	394627812	4227756	533458222
11352	6883	9745	6299	3392132	394673267	0	0
11353	4893	11147	8469	3392411	394710254	3736961	450406613
11354	6949	10286	2046	3392510	394724736	3803403	461588542
11355	3300	6177	4527	3393186	394818920	0	0
11356	1167	5558	6174	3393295	394833963	3399660	395839576
11357	3491	6772	2530	3393512	394866629	0	0
11358	4738	10545	6551	3393535	394870152	0	0
11359	7	6220	3538	3393816	394910760	4452392	572570469
11360	4866	8262	5770	3394270	394982566	3600181	426709274
11361	9290	9957	14855	3394280	394984339	3453072	404186987
11362	853	10419	730	3394832	395072150	4247150	536830360
11363	4635	8977	7279	3395101	395118039	0	0
11364	1338	10444	5499	3395971	395264048	0	0
11365	5391	8282	9276	3396060	395281177	0	0
11366	806	9310	4074	3397118	395460773	0	0
11367	956	5511	3538	3398696	395705893	0	0
11368	3403	7132	1255	3399303	395793157	0	0
11369	1371	11356	6415	3399660	395839576	4087333	508965362
11370	1286	4248	3366	3399714	395846045	0	0
11371	2349	10741	5027	3399730	395849216	0	0
11372	1407	10957	3912	3399796	395861046	0	0
11373	215	8591	1174	3399996	395896118	3464059	406001659
11374	7783	7970	9310	3400501	395973519	3858503	470914658
11375	2411	9392	4473	3400797	396020638	0	0
11376	829	6205	3933	3400975	396049451	0	0
11377	2405	4739	7192	3401229	396092318	0	0
11378	1149	3416	3076	3401511	396139733	4254067	538032406
11379	1661	6275	1193	3401986	396216390	0	0
11380	8789	9188	10728	3402667	396327865	0	0
11381	4950	10955	4312	3402954	396377759	3410673	397623976
11382	163	10751	4586	3403072	396395357	3777300	457199240
11383	879	9632	954	3403251	396427452	0	0
11384	4566	10227	5411	3403416	396455633	0	0
11385	8473	8730	10455	3403930	396545762	0	0
11386	4649	5666	6082	3404964	396713215	0	0
11387	3532	9279	6954	3405025	396722599	0	0
11388	4562	10644	2768	3405707	396833943	3663364	437428272
11389	2112	2117	2504	3406483	396962052	0	0
11390	8320	8659	6186	3406942	397034673	3763333	454814137
11391	6000	10705	6502	3406969	397038482	4085991	508697652
11392	3151	9715	6795	3407642	397150038	0	0
11393	5586	10274	4213	3408335	397265566	0	0
11394	165	11021	2297	3408358	397267388	3803246	461563550
11395	10221	10293	2087	3408531	397296488	3504798	412207750
11396	773	5311	2619	3408909	397358440	4348474	554402032
11397	1455	4449	3877	3409427	397434725	0	0
11398	425	11381	4489	3410673	397623976	0	0
11399	775	4682	979	3410762	397638252	0	0
11400	3348	8510	7186	3411142	397690780	0	0
11401	3840	9359	3124	3411486	397740977	3550590	419472735
11402	5401	7509	4498	3411544	397750792	4026010	499047649
11403	260	4033	2738	3412396	397880765	0	0
11404	35	955	217	3412498	397893954	3951438	486995732
11405	825	2935	1170	3412500	397893987	3608398	427921655
11406	8609	10161	11603	3412730	397926912	0	0
11407	622	840	393	3412824	397941324	0	0
11408	2460	6316	1833	3412900	397953731	0	0
11409	1606	9891	5363	3413637	398065437	0	0
11410	1816	6464	2242	3413735	398082965	0	0
11411	5989	10589	7562	3415039	398283755	0	0
11412	2516	9221	5564	3415469	398346930	0	0
11413	1800	6345	2253	3415568	398361465	0	0
11414	8657	9344	6564	3416084	398441026	0	0
11415	304	4903	5353	3416125	398446659	3673761	439249015
11416	8757	11335	12485	3416740	398542457	3971828	490401056
11417	2911	5767	5078	3417134	398608949	3864026	471894085
11418	76	11199	7077	3417224	398622866	0	0
11419	3610	10592	8187	3418693	398875199	0	0
11420	4595	5929	2402	3420281	399109672	3609033	428012949
11421	1613	1966	989	3420583	399150096	0	0
11422	1489	7961	5366	3421071	399216075	3486527	409586463
11423	5848	11045	7163	3421197	399233321	4156667	521421335
11424	1117	8622	2401	3421340	399257725	0	0
11425	44	273	202	3422209	399384368	0	0
11426	37	7575	1266	3422240	399389270	0	0
11427	4717	9731	17291	3423297	399538182	0	0
11428	7507	10320	3881	3423441	399562299	0	0
11429	4419	8171	4385	3423615	399593121	0	0
11430	2844	3360	1970	3423708	399607970	0	0
11431	1323	4146	1079	3423805	399623328	3875249	473839423
11432	2967	6884	2938	3424531	399733059	0	0
11433	5802	7001	5038	3424649	399748279	3784838	458479084
11434	2806	5951	3846	3424706	399756158	0	0
11435	1470	5276	1007	3424806	399771378	3725054	448266210
11436	2828	4410	3053	3425023	399807783	0	0
11437	5579	7596	6730	3425675	399911639	0	0
11438	2573	9831	2667	3426186	399990228	0	0
11439	5129	6613	6206	3426237	399997477	0	0
11440	5324	6666	3753	3426313	400009530	0	0
11441	653	7632	3056	3428298	400308129	0	0
11442	3426	8102	2211	3428319	400311090	0	0
11443	4017	5179	4079	3429388	400447011	3496622	410970547
11444	1389	3449	2282	3429496	400463134	3654880	435937039
11445	5487	6437	7307	3429625	400476132	4235204	534736160
11446	2022	5513	2101	3429913	400517351	0	0
11447	25	2349	865	3429972	400525242	0	0
11448	1730	10773	3046	3430010	400529925	0	0
11449	4590	4731	2945	3430031	400532776	0	0
11450	2892	10698	2912	3430126	400545577	3440637	402336560
11451	3378	8566	4416	3430159	400549822	0	0
11452	4803	5719	4410	3430390	400580318	3599758	426644822
11453	8014	9055	6718	3430746	400635062	3871182	473146940
11454	4250	8145	11657	3431025	400674477	0	0
11455	4221	10031	1924	3431531	400749732	0	0
11456	4039	9210	6342	3431544	400751988	4070227	505984835
11457	10146	11254	15869	3431605	400760445	3903851	478586229
11458	2096	6687	6949	3432281	400878987	0	0
11459	1032	4374	1743	3433246	401043584	4167287	523219785
11460	2611	9644	7470	3433297	401051089	0	0
11461	1993	11112	2922	3433580	401099175	0	0
11462	5444	8383	3635	3435099	401353634	0	0
11463	6685	8921	5641	3435543	401424124	4443330	570946855
11464	8354	8868	13858	3435932	401484252	0	0
11465	1894	10919	3394	3436211	401533022	4131354	516860844
11466	2336	3624	5233	3436379	401563278	0	0
11467	6220	7720	6737	3436569	401593955	0	0
11468	7013	8419	9523	3436863	401657004	3468384	406630011
11469	9439	10301	8497	3437083	401700089	0	0
11470	1194	6536	1685	3438186	401914429	0	0
11471	2311	8058	6089	3439043	402058012	3956323	487675509
11472	5685	9698	7109	3439396	402117443	0	0
11473	4829	8242	1189	3440093	402244025	0	0
11474	11122	11450	9859	3440637	402336560	0	0
11475	3151	7232	4693	3441045	402407298	0	0
11476	2181	8275	3735	3442367	402618467	0	0
11477	5109	9902	3697	3443821	402842508	3711729	446013204
11478	868	5758	1219	3444484	402934532	3507690	412683039
11479	2477	10180	5858	3445543	403074712	0	0
11480	1024	1263	1629	3445578	403078645	0	0
11481	544	9675	4433	3445668	403092201	4297354	545830650
11482	1509	10093	8252	3445856	403121058	0	0
11483	4655	5556	2581	3446191	403168872	0	0
11484	3903	7427	5039	3446754	403249672	0	0
11485	3474	3715	3143	3446846	403264721	0	0
11486	8939	9914	6775	3447262	403327395	0	0
11487	549	6338	6621	3447612	403381812	0	0
11488	455	9556	2823	3448116	403459778	0	0
11489	3601	10178	2778	3448182	403471450	0	0
11490	1215	10514	3056	3449305	403635779	0	0
11491	989	7991	3859	3449318	403637715	0	0
11492	7826	10254	5215	3449492	403662427	3913782	480378770
11493	629	9532	3372	3449613	403680854	0	0
11494	1101	10979	4265	3449762	403698391	0	0
11495	1872	5149	2589	3450180	403761211	0	0
11496	7590	7695	4437	3450492	403810339	0	0
11497	1839	5717	6199	3450810	403858423	0	0
11498	1657	6120	1833	3451029	403890153	3914108	480451094
11499	4255	9234	2287	3452141	404057951	3552671	419770057
11500	2762	11361	16167	3453072	404186987	0	0
11501	2859	3969	3129	3453180	404204150	0	0
11502	4045	6770	4334	3453369	404239094	0	0
11503	5677	7507	8176	3453906	404321788	0	0
11504	3224	8469	6052	3454413	404403333	0	0
11505	1657	3136	1623	3454572	404430417	0	0
11506	8262	9265	10052	3454641	404442828	0	0
11507	1354	7717	5991	3454672	404448805	0	0
11508	5392	10693	2488	3455020	404509256	0	0
11509	1461	2679	813	3455271	404549677	0	0
11510	5152	8197	2220	3457070	404826367	0	0
11511	9030	10991	8934	3457101	404829609	4417395	565932811
11512	2181	9669	4162	3457288	404859949	0	0
11513	6486	7586	6148	3457323	404865471	0	0
11514	430	6855	727	3457483	404894665	3708218	445415899
11515	7774	8439	9126	3457682	404923537	0	0
11516	5002	5390	8807	3457775	404940869	0	0
11517	2920	3341	3300	3458279	405030168	0	0
11518	5843	9760	5305	3459128	405181202	0	0
11519	6340	7393	5891	3460193	405356043	4052573	503272032
11520	430	8214	2545	3460424	405393758	4036606	500674274
11521	624	2503	1993	3460601	405419673	0	0
11522	5105	10330	12561	3461171	405511465	0	0
11523	248	3927	946	3461219	405520548	3692872	442680923
11524	2929	3251	3196	3461804	405619296	0	0
11525	7375	11016	5053	3461878	405630216	0	0
11526	1141	5622	3999	3463056	405845773	0	0
11527	2522	3488	658	3463321	405884776	0	0
11528	7518	10355	1074	3463532	405917248	0	0
11529	2754	8743	2972	3463948	405983959	0	0
11530	1558	11373	2052	3464059	406001659	0	0
11531	1452	1733	2683	3464521	406075480	0	0
11532	3617	10870	1513	3464735	406109915	0	0
11533	377	4747	622	3465590	406228461	0	0
11534	1034	6414	3273	3466010	406285015	4120153	515035310
11535	388	6004	4787	3466186	406309490	0	0
11536	2589	3940	2881	3466441	406349080	0	0
11537	1700	6981	3426	3467222	406458950	0	0
11538	1879	4709	1554	3467484	406497797	0	0
11539	8825	9841	9856	3467534	406504061	0	0
11540	2026	8971	8215	3467962	406565779	0	0
11541	1191	9898	1852	3468148	406594527	0	0
11542	3464	8971	8246	3468178	406599804	0	0
11543	4392	11468	11677	3468384	406630011	3963548	488818724
11544	8038	8133	5962	3469302	406779247	0	0
11545	6357	8719	7744	3469540	406821130	0	0
11546	609	10321	1090	3469553	406823305	0	0
11547	1374	5976	3955	3470382	406968862	3852743	470038027
11548	1126	3823	1111	3470962	407060541	0	0
11549	3682	3884	2691	3471033	407070961	0	0
11550	3503	9260	9687	3471600	407162062	0	0
11551	6825	7287	5697	3471668	407172052	0	0
11552	894	10310	2824	3473188	407411175	3591497	425525416
11553	1378	8745	14703	3473232	407417490	0	0
11554	5555	10680	5120	3473678	407487941	0	0
11555	10011	11036	12078	3473948	407536032	0	0
11556	10758	10825	10769	3474307	407600399	3850447	469656139
11557	1427	8096	4353	3474576	407648701	0	0
11558	4928	10040	4528	3474951	407721799	0	0
11559	5498	6283	4788	3475743	407877306	0	0
11560	6298	8695	7595	3476248	407969127	3806116	462019654
11561	2730	7826	3321	3476436	408003118	0	0
11562	7094	9822	3956	3476576	408024125	0	0
11563	339	8835	765	3478379	408345493	0	0
11564	7880	9216	2300	3478646	408385734	0	0
11565	3412	9307	6577	3478676	408390293	3895103	477030966
11566	1403	8952	5032	3479048	408452251	0	0
11567	8545	9333	13018	3480897	408736556	0	0
11568	5365	8723	5232	3481475	408821821	0	0
11569	8585	9976	6391	3481537	408831604	0	0
11570	2652	5367	2612	3481699	408855919	0	0
11571	2945	10594	3802	3482015	408902716	4044808	501993521
11572	7320	8753	9421	3482285	408945805	0	0
11573	4595	6326	2557	3483418	409135793	0	0
11574	3941	10354	2888	3484295	409270901	4404571	563831140
11575	2405	6836	1700	3484491	409294246	3968520	489773106
11576	4638	10030	7501	3485211	409396942	0	0
11577	3127	3203	3134	3486447	409575832	0	0
11578	7843	11422	5808	3486527	409586463	0	0
11579	10017	11087	7008	3488111	409792141	0	0
11580	4114	5028	6559	3488255	409814953	0	0
11581	3958	7910	5881	3489061	409929611	0	0
11582	417	2992	1322	3490056	410057832	0	0
11583	930	8053	3895	3490092	410061537	0	0
11584	2451	7706	2702	3490314	410089719	3638088	432963991
11585	4962	9714	3742	3490799	410151422	0	0
11586	7583	8812	5118	3490853	410159268	0	0
11587	2647	11325	3386	3491298	410216482	3826442	465614163
11588	8522	11066	6014	3491431	410232638	0	0
11589	3213	3523	5240	3491645	410257665	0	0
11590	3132	8586	1558	3492035	410311426	0	0
11591	2339	4219	4053	3492367	410353894	3630306	431670867
11592	2699	7425	2594	3492554	410379657	0	0
11593	4851	7632	5223	3492722	410402166	0	0
11594	643	3127	1939	3493463	410501974	0	0
11595	1896	9202	15713	3493992	410570481	0	0
11596	9945	11112	8002	3494550	410657727	0	0
11597	2319	5742	2005	3494894	410710538	3935692	484363116
11598	2970	10374	3989	3496294	410919268	0	0
11599	8391	9399	8765	3496426	410938944	0	0
11600	2959	7621	8447	3496524	410953295	0	0
11601	3003	11443	5704	3496622	410970547	0	0
11602	4811	10200	7225	3496911	411021552	0	0
11603	7152	7218	9365	3498130	411209330	0	0
11604	947	5316	4647	3499403	411413239	0	0
11605	2303	6079	1237	3499891	411488154	0	0
11606	10453	10703	9290	3500329	411552757	0	0
11607	2750	3571	2141	3501013	411650463	0	0
11608	2571	7878	5571	3501064	411658421	0	0
11609	4704	5136	4618	3501075	411659524	0	0
11610	513	10595	5566	3501688	411752469	0	0
11611	1631	4341	1427	3501727	411759804	0	0
11612	827	8106	2617	3502035	411802917	0	0
11613	5591	8431	10239	3502418	411858491	0	0
11614	1571	4951	2827	3503225	411976991	0	0
11615	4003	8459	11983	3503967	412087663	0	0
11616	7516	8924	13799	3504631	412180576	0	0
11617	726	8996	2062	3504771	412204213	0	0
11618	8882	11395	7681	3504798	412207750	0	0
11619	682	3075	1546	3505504	412324326	0	0
11620	1260	6489	6606	3505755	412367265	0	0
11621	3270	6611	7993	3506343	412459827	0	0
11622	6611	9476	9763	3507222	412603896	0	0
11623	10089	11478	7412	3507690	412683039	0	0
11624	2379	4401	5068	3507722	412688646	0	0
11625	5033	5275	3651	3508195	412773229	0	0
11626	3123	8344	9571	3508351	412799056	0	0
11627	2948	5187	5904	3508698	412858952	0	0
11628	7229	11165	8863	3508798	412878927	0	0
11629	4601	4873	3479	3509151	412949801	0	0
11630	3435	4334	4782	3509574	413033019	4026734	499165372
11631	1302	7709	2952	3510112	413138282	0	0
11632	7017	10737	4176	3510147	413144293	0	0
11633	3905	4409	2716	3511758	413441911	0	0
11634	5807	11248	9320	3511953	413479141	0	0
11635	3675	8862	6264	3512435	413561273	0	0
11636	3687	4029	2871	3512504	413575373	0	0
11637	1407	8547	4632	3513552	413762754	0	0
11638	8057	10040	7302	3513686	413785355	3893120	476702534
11639	747	5775	5785	3513703	413787998	3574552	423025100
11640	175	4252	2211	3515526	414084015	3542917	418253846
11641	4084	10246	5949	3515623	414099499	0	0
11642	2588	5727	1586	3515695	414112925	3962573	488649557
11643	2795	7940	5896	3516231	414193285	4169957	523599700
11644	5441	11293	10377	3517448	414384106	0	0
11645	5940	7220	1584	3517806	414440604	0	0
11646	865	7027	1006	3518277	414518948	3552671	419770057
11647	2202	5305	3036	3518699	414580526	0	0
11648	2708	11267	11400	3519076	414637974	4377938	559117967
11649	1170	9314	7558	3519531	414711996	0	0
11650	3600	5477	4751	3520075	414800423	0	0
11651	5588	6590	2052	3520449	414858085	0	0
11652	2563	5942	6289	3520507	414865649	0	0
11653	7344	8182	3114	3520972	414944482	0	0
11654	3948	10282	1653	3521894	415093351	0	0
11655	5422	11210	15706	3522084	415119361	4183121	525747149
11656	1913	7501	1348	3522532	415194206	4413669	565268674
11657	5239	5697	6573	3522609	415208964	0	0
11658	3849	10669	6020	3522967	415270586	0	0
11659	407	4444	3071	3523274	415325727	0	0
11660	1091	10658	3261	3523385	415343042	3674879	439455920
11661	8162	9619	13409	3524423	415521809	0	0
11662	7303	10416	9165	3525123	415648909	0	0
11663	6217	7695	2555	3525881	415781820	4269583	540379268
11664	2209	5251	3427	3525929	415789422	3933580	484040927
11665	1207	3954	3545	3526000	415800272	0	0
11666	842	2822	1595	3526020	415803783	0	0
11667	5953	6624	9105	3527126	415994168	0	0
11668	10123	10662	5065	3527607	416076015	0	0
11669	1296	4566	3650	3527813	416111478	0	0
11670	6240	7798	5997	3528001	416140401	3815539	463739627
11671	2128	6868	6647	3530174	416487656	0	0
11672	2156	6908	6788	3530325	416511176	0	0
11673	4421	6493	7204	3530427	416527562	0	0
11674	112	7875	816	3530462	416535025	4027000	499207917
11675	3533	9804	4952	3530894	416603420	0	0
11676	1860	7289	7374	3531065	416631820	3710585	445808947
11677	4681	6111	3768	3531146	416644376	0	0
11678	4291	6612	4114	3532119	416810818	0	0
11679	7212	7465	5261	3532471	416869679	0	0
11680	638	11091	2321	3533579	417039202	0	0
11681	4242	7992	2025	3535495	417295902	3816922	464006896
11682	338	8072	3643	3535680	417320257	0	0
11683	1282	2253	869	3535981	417356456	0	0
11684	1682	9613	3875	3537249	417517348	0	0
11685	2366	11231	7894	3537353	417530745	3560496	420910406
11686	7190	11233	4381	3537410	417539142	0	0
11687	570	8510	6395	3537569	417561346	0	0
11688	1662	2848	2144	3537634	417568880	0	0
11689	1109	4604	2619	3537751	417585386	0	0
11690	6811	10043	6641	3538526	417690247	3628619	431369048
11691	2160	5392	3003	3539205	417794236	0	0
11692	6098	7091	2518	3539921	417884760	0	0
11693	4397	5183	5887	3541537	418079064	0	0
11694	1540	9531	6687	3541565	418081039	0	0
11695	544	4715	760	3541796	418111330	0	0
11696	2086	6236	1869	3541948	418130356	0	0
11697	1629	3857	3944	3542456	418193749	0	0
11698	4088	7032	4230	3542465	418194421	3920691	481869000
11699	2	2384	1542	3542617	418214322	0	0
11700	2704	11640	2332	3542917	418253846	0	0
11701	8004	11083	9505	3543529	418327675	0	0
11702	7805	9808	17478	3544115	418403365	4020307	498026317
11703	374	4642	3912	3544437	418446711	0	0
11704	4425	6723	6127	3544812	418502335	3882197	474922247
11705	1957	4382	5430	3545201	418561116	0	0
11706	5393	10717	14191	3545323	418579938	0	0
11707	1851	4698	2226	3545829	418667149	0	0
11708	1774	1838	1328	3546275	418742390	0	0
11709	7938	9975	6787	3546862	418838075	0	0
11710	6241	6994	6214	3546931	418848432	3879268	474463629
11711	69	1105	678	3547077	418873360	0	0
11712	3717	7377	12492	3547674	418969341	3920863	481898484
11713	2898	10403	12215	3547849	418998154	0	0
11714	3642	9579	3634	3548816	419175873	0	0
11715	3838	11401	4979	3550590	419472735	0	0
11716	2105	3641	3412	3551427	419599301	0	0
11717	1346	6755	939	3552247	419718311	3621987	430073540
11718	11499	11646	3293	3552671	419770057	0	0
11719	6452	7377	10486	3553186	419842136	0	0
11720	8616	9074	5492	3554478	420025585	0	0
11721	1177	6140	3472	3554849	420075785	0	0
11722	581	1097	491	3554975	420092837	0	0
11723	9499	10382	7762	3555571	420174498	4001241	494920959
11724	3653	9803	4700	3555762	420200866	0	0
11725	6657	8944	3522	3556169	420264103	0	0
11726	4824	8690	9846	3556247	420275760	3596081	426118705
11727	7735	9808	14022	3556305	420284236	0	0
11728	3887	8553	3473	3557106	420412719	0	0
11729	7861	9615	8019	3557163	420419520	0	0
11730	5159	6798	3516	3558367	420604835	0	0
11731	1890	7767	4488	3559195	420721152	0	0
11732	7096	9765	6866	3559679	420787429	0	0
11733	10133	10559	4819	3560446	420902773	0	0
11734	4177	11685	9258	3560496	420910406	0	0
11735	7311	8692	12448	3560672	420938804	0	0
11736	6829	10863	4510	3561682	421111630	0	0
11737	4002	8377	9212	3562514	421249910	0	0
11738	2765	3068	2507	3562638	421271136	4274175	541273616
11739	2808	4809	1638	3562986	421327885	0	0
11740	2846	3158	4746	3563123	421349204	0	0
11741	3877	4828	1502	3564623	421588744	0	0
11742	6334	7467	5294	3565473	421712656	0	0
11743	6066	9298	5687	3565521	421719946	0	0
11744	6186	6976	6311	3565911	421778658	0	0
11745	1432	7276	3864	3567161	421957582	0	0
11746	1655	9033	3616	3567855	422057836	3969392	489947512
11747	1633	2939	1780	3567879	422062226	3718028	447059377
11748	4416	4735	3034	3567981	422073483	0	0
11749	3007	3621	2611	3568215	422102963	3694990	443065886
11750	7839	8004	14087	3568713	422168847	0	0
11751	3002	8773	2346	3569012	422213443	0	0
11752	817	7917	8137	3569079	422222824	0	0
11753	1025	4264	1555	3569192	422236017	3826241	465584289
11754	2201	7613	1610	3570099	422367541	0	0
11755	9989	10802	7530	3570988	422493305	0	0
11756	4643	9299	6532	3571001	422494530	3979589	491775133
11757	3219	10048	3172	3571175	422521398	0	0
11758	3608	4018	3597	3571379	422553396	0	0
11759	1675	8103	3108	3572041	422656447	0	0
11760	3933	9577	4532	3572296	422686918	3831559	466419094
11761	4526	6062	5617	3572810	422760854	0	0
11762	6003	11167	3066	3573233	422820961	0	0
11763	9304	10076	15179	3574069	422948104	0	0
11764	4689	11639	6121	3574552	423025100	0	0
11765	3246	9658	5695	3574683	423044712	4189730	527047379
11766	3155	10779	4385	3574927	423083606	0	0
11767	4572	6252	2939	3575087	423112525	0	0
11768	2549	11208	5610	3575261	423137383	0	0
11769	3835	9325	8334	3576400	423316023	3916808	481071261
11770	8591	10483	4699	3577029	423424062	0	0
11771	2528	10744	2574	3577141	423443444	0	0
11772	679	7126	1808	3577737	423540435	3962185	488581832
11773	9606	11000	6689	3578462	423658790	0	0
11774	6231	10344	6589	3579231	423776119	3732615	449590203
11775	2130	2452	1640	3579256	423780003	4298211	545977895
11776	5255	9888	5123	3580091	423915318	3921956	482133065
11777	3017	10760	6684	3581118	424071704	4451846	572486055
11778	5472	5797	4234	3581194	424084917	0	0
11779	694	756	683	3581686	424158296	3725729	448391586
11780	4085	10710	5506	3582011	424210763	0	0
11781	275	878	333	3582066	424218212	0	0
11782	138	2329	1315	3582190	424237871	0	0
11783	3031	4792	3864	3582478	424282063	3972946	490616471
11784	152	8065	3251	3583270	424394611	4290269	544584316
11785	428	5605	10779	3583992	424489268	0	0
11786	2115	9692	2593	3584079	424502973	3665910	437848939
11787	7679	9189	6141	3584811	424608230	0	0
11788	4295	9872	4251	3585142	424658531	0	0
11789	2746	3780	2977	3586207	424820341	0	0
11790	4501	5590	10578	3587356	424973133	0	0
11791	855	8435	2592	3587423	424982652	3943094	485568670
11792	3411	10798	7558	3587505	424992761	0	0
11793	3204	4243	2379	3587796	425039397	0	0
11794	1669	2405	1770	3588183	425095624	0	0
11795	3126	8374	2627	3589149	425220879	0	0
11796	2231	8547	4325	3589642	425284269	0	0
11797	7891	8913	3738	3590291	425371952	3659915	436838020
11798	2577	2892	753	3590720	425424630	0	0
11799	5845	8607	5959	3590908	425450010	0	0
11800	3784	11552	3986	3591497	425525416	0	0
11801	1449	10975	3728	3592061	425599128	0	0
11802	777	6399	864	3592084	425601833	0	0
11803	2608	3591	1281	3592497	425654134	0	0
11804	4695	10090	4190	3592531	425657861	0	0
11805	1841	4599	1716	3592887	425702679	0	0
11806	2463	6698	2431	3593494	425782328	0	0
11807	3209	4779	2136	3593855	425824766	0	0
11808	6824	10424	6212	3594003	425842268	0	0
11809	3417	7025	5345	3594184	425868621	3618740	429540418
11810	5862	10627	9180	3594612	425928176	0	0
11811	5874	7733	1912	3595899	426097155	3713178	446248776
11812	5141	11726	10337	3596081	426118705	0	0
11813	2587	9749	3949	3596429	426166739	0	0
11814	4577	9535	6802	3597052	426251302	0	0
11815	1015	5288	3697	3597088	426257088	4012958	496786356
11816	9424	9902	6216	3597119	426262317	0	0
11817	9932	10521	2543	3597786	426357151	3930281	483555163
11818	2972	6153	4678	3597833	426363223	0	0
11819	6869	7039	6146	3597841	426364385	0	0
11820	4243	6644	6442	3598441	426451950	0	0
11821	10659	11452	11912	3599758	426644822	0	0
11822	3078	5713	1742	3599932	426670113	0	0
11823	663	6644	4542	3600177	426708768	0	0
11824	8219	11360	6697	3600181	426709274	0	0
11825	6018	8518	5832	3600626	426782650	0	0
11826	3820	8696	8000	3601803	426973024	0	0
11827	5521	11334	4753	3602516	427078040	3666882	438019423
11828	4732	5244	5259	3603033	427154247	0	0
11829	1672	4866	3315	3603035	427154282	0	0
11830	5600	7122	1901	3603325	427196801	0	0
11831	3152	3920	2353	3603884	427280285	0	0
11832	692	7020	3059	3604595	427386633	0	0
11833	3463	4552	4444	3605467	427507843	0	0
11834	4903	6408	9498	3605711	427544522	3742164	451465805
11835	471	3884	1562	3606357	427641556	0	0
11836	3862	5365	2028	3606875	427713356	0	0
11837	4708	6174	5011	3607179	427750697	0	0
11838	4792	8166	4823	3607718	427828229	0	0
11839	6907	11405	6062	3608398	427921655	0	0
11840	5948	10665	6127	3608856	427988906	0	0
11841	1502	11420	2882	3609033	428012949	0	0
11842	5043	8876	3354	3609070	428018892	0	0
11843	5318	9183	5781	3609500	428077615	0	0
11844	7446	9560	8928	3609769	428118262	0	0
11845	3833	4059	3319	3610126	428176833	0	0
11846	6950	8426	12343	3610303	428206975	0	0
11847	1869	5579	4632	3610713	428272470	0	0
11848	127	1165	1219	3610756	428279173	0	0
11849	354	416	270	3611409	428388554	0	0
11850	2538	7718	8387	3611498	428404585	0	0
11851	2493	6094	7812	3611639	428428631	4417056	565869275
11852	2222	2483	1103	3613456	428734888	0	0
11853	654	10380	5909	3613607	428757078	0	0
11854	1728	2569	3486	3614183	428844719	3829909	466164541
11855	4024	9880	7287	3614572	428906532	0	0
11856	4354	5925	2198	3614806	428939402	0	0
11857	1205	2463	902	3614915	428952766	0	0
11858	1155	8055	1446	3614924	428953393	0	0
11859	218	10717	13169	3615725	429089724	0	0
11860	672	10063	2675	3616828	429265085	0	0
11861	833	6003	1608	3616923	429280417	0	0
11862	2889	7064	2562	3617354	429344974	3684858	441248699
11863	88	11809	5431	3618740	429540418	0	0
11864	642	10641	3889	3618822	429550967	3990332	493400951
11865	2256	7516	8002	3618851	429554136	3698385	443712951
11866	1787	2703	1410	3619040	429583860	0	0
11867	7189	10166	8828	3619963	429725820	0	0
11868	1137	7455	3101	3620103	429749140	0	0
11869	4801	8092	10742	3620493	429807872	0	0
11870	2971	6526	11782	3620735	429848279	0	0
11871	2596	9902	3575	3620787	429857922	0	0
11872	4896	10782	5597	3620942	429884705	0	0
11873	7729	9551	12662	3621487	429978189	0	0
11874	8629	10685	15334	3621506	429980208	0	0
11875	11171	11717	13389	3621987	430073540	4108343	512822034
11876	6079	6286	12263	3623580	430416379	0	0
11877	5123	10925	1728	3624219	430544529	0	0
11878	111	2339	1786	3624282	430558075	0	0
11879	2024	2389	3205	3624348	430568227	0	0
11880	11013	11420	15505	3625952	430871217	4387958	560889866
11881	8708	11187	5243	3626626	431004497	0	0
11882	405	6750	3293	3626986	431072680	0	0
11883	2380	7014	2417	3627302	431130679	3818392	464283249
11884	2282	3635	1786	3628077	431270324	4343245	553596863
11885	5559	11690	7359	3628619	431369048	0	0
11886	1759	3471	1225	3628742	431393014	3949633	486691133
11887	9901	10466	7271	3629626	431546580	0	0
11888	4999	7415	3234	3629840	431585195	0	0
11889	879	5773	2935	3630059	431624630	0	0
11890	353	11591	4174	3630306	431670867	0	0
11891	911	1831	4166	3630824	431762533	3814178	463477057
11892	6365	9878	6667	3631620	431904277	4186087	526323439
11893	3681	4531	3273	3632239	432013004	0	0
11894	2267	5642	3237	3633362	432191037	0	0
11895	417	11055	1347	3633537	432215334	0	0
11896	2915	3519	1353	3633622	432231528	3990332	493400951
11897	6879	9836	12062	3634116	432303519	0	0
11898	4513	9470	5284	3634204	432318244	0	0
11899	4901	5121	4538	3634672	432393910	0	0
11900	5107	9082	6252	3634880	432431964	3879485	474496671
11901	1364	4913	2331	3634955	432445947	3857120	470700869
11902	2433	7321	3752	3635171	432486135	4306167	547196930
11903	6910	10805	8567	3635320	432508850	0	0
11904	2698	9886	1697	3635860	432601737	0	0
11905	1547	5744	1641	3636701	432742472	0	0
11906	5360	11302	10348	3637622	432885783	0	0
11907	1157	7867	4866	3637745	432905951	0	0
11908	296	7062	2890	3638055	432958456	0	0
11909	5576	11584	5261	3638088	432963991	0	0
11910	373	5633	5654	3638131	432970133	0	0
11911	137	4043	2056	3638209	432984042	0	0
11912	834	8666	1924	3638982	433122597	4388978	561066291
11913	467	726	406	3639748	433251161	3983625	492425139
11914	1091	9396	5880	3640098	433303960	0	0
11915	1112	5644	2401	3640236	433325657	0	0
11916	1053	5861	2921	3641032	433444945	4067969	505674670
11917	7441	8797	6160	3641071	433450504	3769306	455754276
11918	1699	7777	3958	3641479	433516962	0	0
11919	118	10284	6450	3642064	433615600	0	0
11920	150	4216	6249	3642285	433654098	4236998	535050951
11921	4591	10626	3990	3642495	433686749	0	0
11922	3214	6505	6117	3643048	433772199	0	0
11923	3557	5419	1157	3643126	433786166	0	0
11924	1456	3202	831	3643473	433843233	0	0
11925	7933	10168	5423	3643933	433909540	4079394	507587897
11926	3364	5102	4329	3643984	433919017	0	0
11927	5648	8721	3547	3644568	434012855	0	0
11928	736	5697	2826	3644684	434030427	0	0
11929	5573	7069	2694	3644880	434061329	0	0
11930	4486	8970	8529	3645873	434206022	0	0
11931	6730	8761	4145	3645921	434211894	0	0
11932	3624	8161	6928	3646816	434354118	3837363	467334141
11933	5395	9109	2833	3647368	434442141	0	0
11934	8720	9340	11866	3647534	434469253	0	0
11935	327	1881	659	3647677	434493612	0	0
11936	1795	10708	3867	3647783	434508566	0	0
11937	2638	11198	10854	3648139	434571378	0	0
11938	1793	9838	17023	3648287	434594850	0	0
11939	6752	9801	19933	3648648	434663675	0	0
11940	64	1820	523	3648693	434673397	4413328	565207523
11941	1593	9602	10728	3649050	434747718	0	0
11942	90	3635	1494	3649868	434934804	0	0
11943	3127	8255	8600	3651722	435316160	3792337	459755948
11944	5829	9484	8014	3652196	435402512	0	0
11945	4434	10047	2563	3652287	435421229	0	0
11946	2698	6806	1560	3652424	435443355	4117361	514545632
11947	2698	7233	2109	3652424	435443355	0	0
11948	6806	7233	2009	3652424	435443355	0	0
11949	356	9607	1985	3652482	435454463	0	0
11950	1750	8828	9790	3653481	435644495	3763989	454899709
11951	1467	5803	2452	3653704	435687454	0	0
11952	635	2784	1490	3653920	435741597	0	0
11953	4884	7644	4232	3654174	435796545	0	0
11954	10976	11244	6918	3654430	435844334	0	0
11955	8032	11444	3795	3654880	435937039	0	0
11956	1067	8164	1467	3654889	435938479	4047950	502494205
11957	785	2634	1440	3655146	435990933	0	0
11958	7039	8252	3921	3656354	436212876	0	0
11959	7760	8250	6601	3656554	436251408	0	0
11960	6327	7958	4813	3657970	436514094	0	0
11961	589	4604	2593	3658426	436592558	3830137	466197891
11962	2284	2444	1173	3659156	436708547	3688155	441886145
11963	4448	6811	6355	3659598	436783523	0	0
11964	3027	8386	5151	3659715	436804042	0	0
11965	10655	11797	4032	3659915	436838020	0	0
11966	7645	8387	13744	3659968	436849112	0	0
11967	7227	10274	7586	3660814	437003849	0	0
11968	1005	4205	1377	3661070	437046173	0	0
11969	1069	5388	3862	3661242	437075573	0	0
11970	6259	11322	6412	3662047	437213827	0	0
11971	5429	6857	5331	3662520	437292305	0	0
11972	629	7822	1254	3662780	437335917	0	0
11973	2724	10260	2035	3663027	437376369	0	0
11974	2063	6912	2022	3663307	437419029	3782640	458093156
11975	1434	11388	3359	3663364	437428272	4371332	557895170
11976	657	9196	9991	3663737	437492958	0	0
11977	2432	5013	843	3664136	437561053	0	0
11978	5524	8082	4403	3664963	437697291	4359493	555991350
11979	3982	6646	3728	3665069	437715639	3846949	469090570
11980	7861	10363	10066	3665269	437747987	0	0
11981	1441	4409	2322	3665748	437821675	4186087	526323439
11982	3267	11786	3738	3665910	437848939	0	0
11983	2301	5687	5506	3666478	437949765	3783611	458266127
11984	2588	6455	4954	3666831	438010500	0	0
11985	2136	11827	5450	3666882	438019423	0	0
11986	1771	8860	9574	3667662	438157189	0	0
11987	4532	8182	3191	3667903	438195474	4365374	556969927
11988	4505	11261	8324	3669722	438489550	0	0
11989	4075	5154	6797	3669783	438498027	0	0
11990	5577	5687	7819	3670338	438592638	0	0
11991	5014	9613	4892	3670563	438627584	0	0
11992	5659	11114	5718	3670766	438662762	0	0
11993	5493	10758	13650	3670876	438682668	0	0
11994	4829	8620	2681	3670928	438691947	0	0
11995	1686	6637	4212	3670942	438694315	0	0
11996	7620	10448	14199	3671091	438718752	4413437	565223387
11997	4940	8712	5108	3672325	438973136	0	0
11998	1660	6056	2159	3672540	439015466	0	0
11999	6930	7961	8248	3673207	439142657	0	0
12000	9927	11415	7261	3673761	439249015	0	0
12001	4906	6184	3944	3674014	439293000	0	0
12002	3577	11660	4948	3674879	439455920	0	0
12003	4201	10333	13329	3675490	439566232	0	0
12004	835	5764	2945	3676127	439687500	0	0
12005	9336	10124	6764	3676580	439773755	0	0
12006	1517	6345	2080	3677926	440026988	0	0
12007	2928	10804	6865	3677999	440038872	0	0
12008	6122	9117	11499	3678486	440129883	0	0
12009	6579	10792	8056	3678814	440190926	4248466	537058739
12010	3196	4028	1296	3679477	440310953	0	0
12011	9926	10331	6112	3679591	440333545	4336715	552548483
12012	2325	10255	4665	3679985	440417318	4269112	540299948
12013	1078	4269	1161	3680297	440474974	0	0
12014	4893	7436	5913	3681809	440744393	0	0
12015	1215	8053	3835	3683248	440971164	0	0
12016	4248	9244	8533	3683576	441020240	0	0
12017	7262	11131	15130	3683979	441080306	0	0
12018	1038	6187	6664	3683985	441080711	0	0
12019	5505	11226	4291	3684155	441109474	0	0
12020	2324	10001	6296	3684497	441169999	0	0
12021	9629	11105	5292	3684508	441172356	4078818	507496578
12022	1391	8623	1905	3684749	441225840	0	0
12023	1530	6433	4417	3684829	441243737	0	0
12024	5926	11862	6048	3684858	441248699	4278452	542217212
12025	3804	11305	8484	3685877	441457715	0	0
12026	959	8675	4185	3685965	441473435	0	0
12027	4250	6314	3695	3686359	441545300	0	0
12028	6131	10119	2514	3686452	441562031	0	0
12029	1032	11962	1559	3688155	441886145	0	0
12030	3977	5089	4086	3688756	441985640	0	0
12031	2420	3627	4173	3689659	442136260	3915337	480738646
12032	3032	9936	1638	3689819	442158824	0	0
12033	2548	7204	2100	3690293	442227792	0	0
12034	4442	8631	1523	3690473	442252231	3839811	467721353
12035	6404	9694	10249	3690564	442266757	4336828	552565062
12036	6978	10723	10761	3690878	442320031	0	0
12037	1229	9247	2625	3691105	442358442	4335733	552405341
12038	7261	9566	4153	3691176	442371199	0	0
12039	7266	9402	11682	3691243	442380419	0	0
12040	1615	9238	10659	3692407	442588160	0	0
12041	176	7290	9080	3692865	442680090	4153386	520740003
12042	9112	11523	4826	3692872	442680923	3863502	471800661
12043	1549	1607	3358	3694136	442911579	0	0
12044	2125	5377	1978	3694500	442971725	0	0
12045	9386	11277	11330	3694693	443007613	0	0
12046	4685	7359	4917	3694815	443030370	0	0
12047	1593	11749	3931	3694990	443065886	0	0
12048	4686	4804	7634	3695105	443086447	0	0
12049	6387	7317	3576	3695210	443103872	0	0
12050	2797	5640	6907	3695354	443129097	0	0
12051	1443	9817	7048	3695517	443163413	0	0
12052	1222	1288	1261	3697616	443579668	4450067	572210795
12053	1170	1702	1314	3697873	443626799	0	0
12054	5468	11865	8963	3698385	443712951	0	0
12055	1089	8950	1957	3699417	443895681	0	0
12056	3605	5536	3144	3699496	443908503	3714424	446453133
12057	1121	8131	7179	3699883	443978923	4392919	561758824
12058	2297	10144	3766	3700149	444020032	0	0
12059	36	10943	3116	3700157	444021032	3717296	446921022
12060	2083	4174	2154	3700314	444047090	0	0
12061	6946	10855	10576	3700443	444070277	0	0
12062	1128	4796	4822	3701080	444192344	4007074	495768500
12063	71	800	120	3701563	444284639	0	0
12064	1452	2720	3309	3702161	444384987	0	0
12065	1645	10141	2417	3702464	444437318	0	0
12066	2936	8775	4005	3702476	444440138	0	0
12067	3253	6768	6720	3702628	444465189	0	0
12068	2517	5901	4712	3702856	444509728	0	0
12069	3922	9697	9100	3702859	444509974	0	0
12070	162	11313	1345	3703422	444616525	3725303	448312143
12071	5427	9007	5732	3703467	444624201	4403523	563658265
12072	7102	10559	7384	3703690	444664850	0	0
12073	1500	1540	1657	3703963	444715967	0	0
12074	1767	9108	2849	3704198	444757169	0	0
12075	1753	8948	6917	3706153	445082579	0	0
12076	7750	10475	7224	3706288	445103927	0	0
12077	8369	10076	10764	3707529	445303502	0	0
12078	3868	10679	11277	3708156	445405378	0	0
12079	3666	8037	2563	3708172	445407312	0	0
12080	9636	11514	4209	3708218	445415899	0	0
12081	3092	4804	4097	3709884	445700730	0	0
12082	3626	9568	5554	3710424	445785792	0	0
12083	9519	11676	8748	3710585	445808947	0	0
12084	3446	8907	8046	3711281	445933096	0	0
12085	191	3430	864	3711325	445941008	0	0
12086	4808	11477	7622	3711729	446013204	0	0
12087	3514	3607	5084	3712741	446175639	0	0
12088	7486	11811	5193	3713178	446248776	0	0
12089	3005	6358	1572	3713184	446249438	0	0
12090	1272	2757	1172	3713640	446324477	0	0
12091	2290	6409	7253	3714394	446447148	0	0
12092	4172	9413	6224	3714407	446450089	0	0
12093	7937	12056	4984	3714424	446453133	4054344	503566589
12094	1662	8278	2903	3715269	446596091	3831559	466419094
12095	9685	10824	7546	3716023	446706410	0	0
12096	7576	9377	11320	3716034	446707984	0	0
12097	8784	10172	6314	3716528	446796239	0	0
12098	11228	12059	7615	3717296	446921022	3735411	450114268
12099	3077	5039	3153	3717524	446962179	0	0
12100	4581	7923	17163	3717582	446974471	4007765	495858913
12101	3557	10418	2794	3717954	447042182	0	0
12102	8573	11747	3222	3718028	447059377	0	0
12103	1452	1922	1653	3718123	447078395	3807493	462252465
12104	5572	9201	5210	3718502	447147249	0	0
12105	1781	6246	4908	3719222	447283532	0	0
12106	5758	10609	6684	3719228	447284827	0	0
12107	2748	11317	2473	3720096	447452676	0	0
12108	6519	8557	3270	3720591	447544882	0	0
12109	10532	10702	11547	3723248	447969894	0	0
12110	735	7970	2892	3723392	447993275	0	0
12111	1869	4827	4458	3723780	448055276	0	0
12112	6841	7791	14167	3724451	448162055	4416212	565713410
12113	4855	10558	5762	3724530	448175202	0	0
12114	6144	7645	10851	3724848	448228666	3728183	448829611
12115	8342	11435	3942	3725054	448266210	0	0
12116	2877	3400	2357	3725197	448293232	0	0
12117	2259	12070	1971	3725303	448312143	0	0
12118	1741	7402	2765	3725698	448386709	0	0
12119	7677	11779	3805	3725729	448391586	0	0
12120	7175	9549	6383	3726117	448471711	0	0
12121	289	3153	572	3727478	448708277	0	0
12122	2267	7939	6284	3727982	448795870	0	0
12123	4735	12114	11798	3728183	448829611	0	0
12124	2910	7597	3286	3728598	448909121	3869880	472937884
12125	5438	8025	7195	3728608	448910288	0	0
12126	1395	7486	4142	3728877	448958333	0	0
12127	902	3014	1948	3729527	449079176	0	0
12128	615	7379	1061	3730026	449172382	0	0
12129	469	2783	1846	3730248	449213403	3767832	455507615
12130	377	1915	925	3730429	449243364	0	0
12131	2264	3837	2663	3730529	449259945	0	0
12132	2952	4325	3924	3730863	449314185	0	0
12133	400	7130	2025	3732021	449498316	0	0
12134	7323	11209	14029	3732383	449553835	4107499	512657751
12135	7805	10390	8798	3732595	449587790	0	0
12136	8925	11774	12304	3732615	449590203	0	0
12137	4140	9859	10395	3732649	449595436	4315105	548795543
12138	3719	10097	6682	3733693	449805825	0	0
12139	4498	4915	3632	3734483	449950195	0	0
12140	5601	12098	7853	3735411	450114268	0	0
12141	7694	9560	9587	3736196	450249001	0	0
12142	6485	11097	22059	3736404	450287019	0	0
12143	2404	11353	9217	3736961	450406613	0	0
12144	7414	9677	11404	3737048	450423922	0	0
12145	1942	5900	1408	3738349	450702386	0	0
12146	1481	8799	8162	3738525	450735796	0	0
12147	4964	11277	3662	3739215	450871568	3770754	456035621
12148	8117	9802	17539	3739972	451028186	0	0
12149	427	5619	4190	3741240	451293604	3875249	473839423
12150	1363	7043	553	3741933	451424413	0	0
12151	10753	11247	13816	3742143	451461569	0	0
12152	1533	11834	9699	3742164	451465805	0	0
12153	6499	6586	7836	3742227	451482728	0	0
12154	5461	8220	6137	3742255	451489124	0	0
12155	5536	11092	2534	3742665	451589504	0	0
12156	4205	6376	3803	3743138	451699446	0	0
12157	4417	8757	6992	3745074	452099074	4074561	506746094
12158	4850	7555	6121	3747185	452486474	0	0
12159	8616	9473	5766	3747287	452500149	0	0
12160	2306	7705	4093	3747644	452561106	0	0
12161	3743	5649	3668	3750325	453004976	0	0
12162	4044	7741	8474	3750852	453082445	0	0
12163	224	8410	2576	3751466	453173525	3900834	478038950
12164	8359	11452	6055	3751775	453224899	0	0
12165	2422	8384	2213	3752076	453266831	0	0
12166	902	5340	3503	3752274	453294444	0	0
12167	137	5709	3414	3752289	453296361	4194087	527816196
12168	5560	6255	4650	3752476	453324445	0	0
12169	9473	11326	3014	3752949	453398924	0	0
12170	2851	9026	9951	3753296	453449228	0	0
12171	747	3776	737	3754040	453562575	0	0
12172	3361	4906	2082	3754139	453576942	4009194	496116213
12173	257	4652	4173	3754489	453628603	0	0
12174	1391	5066	1789	3754739	453665958	0	0
12175	5249	6884	1823	3756670	453932582	0	0
12176	3061	3140	2752	3757298	454010677	0	0
12177	1817	6849	1382	3757347	454016756	0	0
12178	7940	11236	11047	3757966	454098373	3860792	471309988
12179	6419	7306	3464	3758008	454103693	4281655	542872633
12180	9103	9395	17125	3758782	454201464	0	0
12181	3423	6683	10872	3760652	454463782	0	0
12182	835	1142	737	3761905	454631372	0	0
12183	501	7692	3101	3762986	454772253	4388810	561042776
12184	1134	9983	2838	3763033	454776810	0	0
12185	8063	9994	4870	3763124	454787683	3985993	492808208
12186	4852	11390	8379	3763333	454814137	0	0
12187	5760	11025	3253	3763361	454816739	0	0
12188	6222	6628	5379	3763415	454824084	0	0
12189	5424	5428	3109	3763941	454893041	0	0
12190	1949	11950	10576	3763989	454899709	0	0
12191	4623	10921	7255	3764277	454943540	0	0
12192	3583	7344	3733	3764595	454995803	4203026	529365710
12193	3029	8794	3663	3765255	455100498	0	0
12194	7629	8653	10081	3765617	455157946	0	0
12195	3674	10116	8084	3765840	455193078	0	0
12196	5248	8137	7638	3767165	455404020	0	0
12197	11152	12129	12783	3767832	455507615	0	0
12198	4870	9567	7027	3768106	455550734	4268393	540185997
12199	2492	6785	6638	3768963	455693180	0	0
12200	2526	11035	2550	3769219	455740194	3846362	468988378
12201	3694	11917	6512	3769306	455754276	0	0
12202	7480	10289	15187	3769386	455768935	0	0
12203	5402	8512	5786	3769645	455817588	4317166	549204102
12204	5123	6525	3440	3770342	455953887	0	0
12205	7000	12147	6721	3770754	456035621	0	0
12206	2430	8258	4005	3771394	456153899	0	0
12207	3408	5556	3757	3771754	456217890	0	0
12208	3075	6694	6238	3772064	456274999	0	0
12209	10236	10671	6012	3772226	456299303	0	0
12210	4942	7576	10851	3772832	456416928	0	0
12211	1141	8260	4237	3773130	456472499	0	0
12212	7855	8821	3065	3773337	456515009	0	0
12213	8017	10230	4985	3773839	456608145	0	0
12214	5572	8404	6704	3774730	456763573	0	0
12215	27	5437	1653	3775501	456895276	0	0
12216	112	2159	365	3775905	456966872	0	0
12217	9	10277	1821	3777170	457178610	4258107	538663257
12218	8781	11382	4969	3777300	457199240	4220411	532229396
12219	1542	2763	1838	3778216	457331909	0	0
12220	4294	9687	7223	3778509	457370690	0	0
12221	9551	9771	18924	3779075	457458247	4218146	531814587
12222	2074	8428	3308	3779173	457475621	0	0
12223	960	2452	1005	3779285	457499363	0	0
12224	6483	10189	8610	3780039	457629402	0	0
12225	1385	7465	707	3780183	457656030	0	0
12226	8967	10983	8887	3780754	457759062	0	0
12227	5107	10680	5473	3780955	457789372	0	0
12228	5060	10236	9366	3781786	457934410	0	0
12229	4688	4954	4741	3781792	457935582	3979904	491823423
12230	3932	4951	12265	3781874	457950162	4054981	503679985
12231	211	8260	3828	3782348	458040796	0	0
12232	6511	11974	3569	3782640	458093156	0	0
12233	494	10879	4336	3782951	458152082	0	0
12234	189	11983	5604	3783611	458266127	0	0
12235	1305	10367	2753	3783639	458270641	0	0
12236	117	4200	2132	3784662	458451769	4444414	571169788
12237	11298	11433	13082	3784838	458479084	4150652	520209481
12238	2642	5855	9432	3785381	458588610	4215787	531452924
12239	414	433	192	3786830	458854684	0	0
12240	1797	9489	9757	3786974	458876054	4071766	506257805
12241	6339	7578	4162	3788635	459152272	0	0
12242	1534	8363	6120	3788708	459160677	4132006	516957366
12243	8060	8945	3359	3788718	459161987	4138598	518032685
12244	5600	11052	2451	3789980	459374489	0	0
12245	7890	10469	14980	3790336	459430896	0	0
12246	3485	4852	5646	3792222	459739394	3849421	469494343
12247	3503	6450	3979	3792264	459745020	3840552	467860720
12248	4812	11943	14408	3792337	459755948	3839732	467707467
12249	9227	11143	11157	3794435	460097568	0	0
12250	3447	10261	9404	3794508	460106285	0	0
12251	4485	4693	3520	3795686	460308992	0	0
12252	2640	9149	9059	3796316	460410460	0	0
12253	3477	4019	8456	3796371	460419767	0	0
12254	4303	9354	6464	3796379	460421020	0	0
12255	7083	9097	7034	3797344	460588964	0	0
12256	3610	11276	5201	3798067	460712516	0	0
12257	5768	6083	4750	3798160	460731450	4429910	568330396
12258	77	8216	3146	3798419	460780954	0	0
12259	6890	8311	13220	3798480	460791725	0	0
12260	2396	6214	1980	3798827	460860533	0	0
12261	3189	3474	4026	3799138	460923362	0	0
12262	400	3613	5036	3800489	461141841	0	0
12263	1792	10611	2508	3801037	461234032	0	0
12264	2039	7173	5028	3802252	461417451	0	0
12265	2417	6486	3397	3802929	461517737	0	0
12266	5244	7761	2483	3803169	461552423	0	0
12267	7934	11394	9819	3803246	461563550	4275122	541498526
12268	3674	11354	3387	3803403	461588542	0	0
12269	2326	7133	2665	3803479	461598007	0	0
12270	1091	7083	2753	3803621	461621687	3999270	494650440
12271	5981	10389	1493	3804140	461709375	0	0
12272	4334	5787	5280	3805649	461944361	4317166	549204102
12273	3367	5119	3553	3805735	461959100	4430562	568453560
12274	10634	11239	15838	3805749	461961186	3902769	478378985
12275	2352	5644	2240	3805805	461971237	0	0
12276	2122	11560	8687	3806116	462019654	0	0
12277	5647	8157	9844	3806551	462092232	0	0
12278	1046	8773	2100	3807460	462248474	0	0
12279	6318	12103	4648	3807493	462252465	0	0
12280	34	5343	7804	3808098	462354231	0	0
12281	7667	7942	7693	3808492	462423305	4412844	565133076
12282	5954	9641	8946	3808849	462492701	0	0
12283	2705	7973	6631	3808875	462496357	0	0
12284	2489	4176	3730	3809085	462536022	0	0
12285	1186	11307	3554	3809228	462559815	0	0
12286	7130	9564	14709	3809507	462613196	0	0
12287	1425	10804	7448	3811202	462932267	0	0
12288	1181	10372	7836	3811221	462935522	0	0
12289	3644	10410	1404	3811385	462967280	0	0
12290	3760	9790	5324	3812356	463148825	0	0
12291	614	5553	2034	3813177	463296246	0	0
12292	1800	8596	2093	3813794	463415206	4129040	516523282
12293	2765	3232	3527	3814092	463462560	0	0
12294	8458	11891	7328	3814178	463477057	0	0
12295	748	9860	4474	3814270	463493041	0	0
12296	7294	9295	13373	3814634	463561138	0	0
12297	2511	2872	1210	3814805	463591680	4327317	551056583
12298	11	9093	5911	3814918	463615348	0	0
12299	4390	11670	6819	3815539	463739627	0	0
12300	9168	10711	7693	3816227	463872749	0	0
12301	9320	11681	7726	3816922	464006896	4018428	497699760
12302	3721	8230	3586	3817748	464168420	0	0
12303	2513	11883	3500	3818392	464283249	0	0
12304	543	564	637	3819418	464470400	0	0
12305	1118	10238	1884	3819570	464496999	0	0
12306	7854	8493	4544	3819980	464566478	0	0
12307	5137	9803	6721	3820021	464571754	0	0
12308	7956	9717	4432	3820176	464593730	0	0
12309	350	2207	485	3821518	464816834	0	0
12310	4216	5892	9414	3821601	464829735	0	0
12311	4163	9698	5527	3822150	464923856	0	0
12312	6060	8578	10485	3823796	465181334	0	0
12313	1912	6678	2835	3823948	465207572	0	0
12314	4456	5451	2134	3824138	465236979	0	0
12315	1873	9078	6730	3824829	465353849	0	0
12316	1141	10061	17807	3825101	465396113	0	0
12317	2205	11753	3810	3826241	465584289	0	0
12318	1708	3087	1408	3826287	465591635	0	0
12319	5430	11587	8314	3826442	465614163	0	0
12320	9160	9406	12417	3827585	465797733	0	0
12321	2870	8692	5008	3827885	465850631	0	0
12322	80	5880	1175	3828578	465963979	0	0
12323	2296	5769	799	3828688	465980595	0	0
12324	1516	1747	2858	3829381	466090073	0	0
12325	5385	10470	6616	3829628	466125165	0	0
12326	8630	11854	9703	3829909	466164541	0	0
12327	6859	7617	2596	3830035	466184697	0	0
12328	5661	11961	3827	3830137	466197891	0	0
12329	613	3651	2264	3830765	466296233	0	0
12330	7777	8795	6337	3831356	466386446	0	0
12331	11760	12094	7435	3831559	466419094	4327317	551056583
12332	9901	10027	5977	3831642	466431219	4074561	506746094
12333	3471	5606	946	3831872	466471123	0	0
12334	1135	5500	6013	3831966	466485003	0	0
12335	1270	10107	2392	3832235	466526967	0	0
12336	7194	7374	5547	3833629	466750889	0	0
12337	1139	3701	1021	3833930	466799158	0	0
12338	360	9123	3119	3834236	466849156	0	0
12339	493	1739	815	3835292	467005307	0	0
12340	6049	9477	12240	3835338	467012201	0	0
12341	563	9580	2195	3835484	467035776	4136714	517710989
12342	1809	6769	2124	3835745	467078055	0	0
12343	9268	10166	7154	3836090	467134862	0	0
12344	4185	8975	1704	3836426	467181733	0	0
12345	2255	5147	4440	3836634	467213478	3856063	470540307
12346	3081	11932	7446	3837363	467334141	4138165	517956141
12347	3022	5358	4550	3838011	467433361	0	0
12348	2540	10648	2228	3838041	467437115	0	0
12349	6048	9286	6439	3838459	467499745	0	0
12350	4743	10217	8357	3839009	467590031	0	0
12351	5484	12248	19965	3839732	467707467	0	0
12352	3553	3917	3266	3839800	467720039	0	0
12353	2850	12034	2222	3839811	467721353	0	0
12354	1830	7035	4167	3839908	467738813	3899846	477865486
12355	8737	10728	13865	3840165	467785532	0	0
12356	3822	12247	4469	3840552	467860720	0	0
12357	5858	10324	9419	3840940	467935729	0	0
12358	1424	10791	5256	3841017	467952468	0	0
12359	955	9887	11150	3841813	468110087	0	0
12360	3060	7479	10399	3842268	468207248	0	0
12361	2487	6337	3340	3843520	468458034	0	0
12362	3289	7181	3784	3845624	468859614	0	0
12363	4598	9962	4011	3845816	468893354	0	0
12364	5189	12200	6200	3846362	468988378	0	0
12365	1217	11979	4266	3846949	469090570	0	0
12366	3181	4981	2931	3847645	469207424	0	0
12367	4525	8887	6291	3848616	469368558	0	0
12368	4163	6266	3035	3848687	469381408	0	0
12369	7314	12246	9506	3849421	469494343	0	0
12370	5604	9099	3203	3849615	469523953	0	0
12371	3990	11556	13459	3850447	469656139	3961350	488434673
12372	6119	11319	7788	3850471	469659294	0	0
12373	4824	10418	5637	3850474	469659941	0	0
12374	1732	10329	2425	3850830	469726663	0	0
12375	5481	9271	2349	3851276	469803972	0	0
12376	4408	11547	4491	3852743	470038027	0	0
12377	1602	8064	2533	3852829	470053063	0	0
12378	1301	4973	2803	3853399	470144410	0	0
12379	1234	1282	1551	3854359	470291245	0	0
12380	4376	8740	3326	3854381	470293476	0	0
12381	689	9554	4597	3855331	470427218	4193266	527677414
12382	1785	2062	1203	3855521	470459665	0	0
12383	10469	12345	9175	3856063	470540307	0	0
12384	2292	9171	10313	3856639	470628480	0	0
12385	3806	8855	1725	3856978	470679464	0	0
12386	651	11901	3182	3857120	470700869	0	0
12387	4151	7644	4214	3857871	470812300	0	0
12388	2367	8162	10495	3858040	470840902	0	0
12389	8132	11374	18358	3858503	470914658	0	0
12390	5875	7009	6152	3858909	470989229	4320856	549967309
12391	9052	9589	7255	3859632	471113179	0	0
12392	6081	9299	7492	3859986	471174538	0	0
12393	1307	4880	3469	3860188	471204619	0	0
12394	5346	12178	12221	3860792	471309988	0	0
12395	9259	10522	10149	3861525	471443477	3884874	475345931
12396	2800	3472	2281	3862060	471541130	4040914	501386029
12397	6666	12042	8193	3863502	471800661	0	0
12398	5561	6246	10824	3863517	471801823	0	0
12399	2137	7102	6880	3863786	471848128	0	0
12400	6726	11417	8223	3864026	471894085	0	0
12401	5353	9182	3501	3864122	471911687	4061852	504810145
12402	4025	5534	2614	3864583	472002078	0	0
12403	8257	10662	7696	3864676	472017228	0	0
12404	6568	11335	7858	3865789	472223265	4232107	534183327
12405	9113	9174	7776	3866289	472320832	0	0
12406	3471	10402	5580	3867331	472505593	4102562	511720122
12407	512	11091	2199	3867533	472543922	0	0
12408	4648	8816	4035	3867684	472572995	0	0
12409	6119	9227	7201	3869206	472825815	0	0
12410	595	12124	3358	3869880	472937884	0	0
12411	2573	5747	2925	3870787	473083501	0	0
12412	8417	9879	7955	3870949	473108639	3911300	479936203
12413	3390	6552	8864	3870967	473111968	0	0
12414	2466	11453	7275	3871182	473146940	0	0
12415	1573	6066	3299	3871366	473176638	0	0
12416	6456	7135	8152	3872311	473327567	0	0
12417	6943	11275	6641	3872864	473421097	0	0
12418	7935	11343	8909	3872890	473425326	4354237	555211571
12419	1419	9501	4936	3872902	473427595	0	0
12420	3525	7508	3117	3873346	473513438	4069040	505813087
12421	2491	4234	5046	3873615	473557236	4236812	535015542
12422	11431	12149	5269	3875249	473839423	4420723	566604035
12423	3805	7368	2782	3875306	473847755	0	0
12424	161	3512	2324	3875363	473858565	4035916	500565095
12425	963	8021	4922	3876380	474026210	0	0
12426	623	11710	6325	3879268	474463629	0	0
12427	5145	11900	7207	3879485	474496671	0	0
12428	4857	10874	3745	3879643	474521675	0	0
12429	10157	10621	3529	3880222	474607156	3945450	485995108
12430	1899	6141	8720	3880235	474608397	0	0
12431	5979	11335	13313	3880945	474716469	4393370	561843719
12432	4193	8526	10670	3881252	474764188	0	0
12433	5524	8241	7765	3881274	474767699	0	0
12434	9974	11704	9433	3882197	474922247	0	0
12435	4494	5480	5128	3882500	474972402	0	0
12436	1041	1500	1437	3882788	475021779	0	0
12437	3362	5997	2347	3883386	475120087	0	0
12438	37	12395	10196	3884874	475345931	4060102	504529519
12439	1829	5557	1119	3885217	475406963	4445197	571330092
12440	3742	8627	4914	3885248	475410762	0	0
12441	1943	8679	4478	3885269	475413834	0	0
12442	2356	6120	1935	3885909	475505776	0	0
12443	3580	6304	4093	3886308	475571645	0	0
12444	8732	9354	6109	3886383	475586107	0	0
12445	2686	2931	1908	3886429	475592967	0	0
12446	3853	11305	6664	3886472	475599877	0	0
12447	9923	10003	6038	3886812	475661479	0	0
12448	5097	12246	8277	3886844	475667323	4116447	514389357
12449	1412	4048	3082	3887365	475758641	0	0
12450	3405	8444	7850	3887557	475790685	0	0
12451	284	5191	2833	3887784	475832304	0	0
12452	5007	6918	6008	3888154	475900387	0	0
12453	8323	8394	4228	3888286	475923063	0	0
12454	3650	5773	3556	3890061	476221534	0	0
12455	79	1415	322	3890109	476228247	0	0
12456	10553	11182	7753	3890821	476343157	0	0
12457	8749	11420	5941	3891405	476432292	0	0
12458	2331	10468	6406	3891811	476494384	0	0
12459	2783	3112	2251	3892035	476532574	0	0
12460	8367	11638	12159	3893120	476702534	0	0
12461	5992	10651	11242	3893558	476774086	0	0
12462	7425	8422	5818	3894303	476896498	0	0
12463	437	2535	943	3894391	476912664	0	0
12464	9596	11565	12307	3895103	477030966	0	0
12465	5896	8801	5871	3895364	477074522	0	0
12466	5912	10523	6458	3895704	477144158	4433228	568967980
12467	10714	10729	7884	3896490	477276907	0	0
12468	3669	5813	2822	3896755	477327984	0	0
12469	54	9632	642	3896766	477330555	0	0
12470	3197	10772	5237	3897125	477392998	0	0
12471	3283	9406	8525	3897230	477410216	0	0
12472	7507	11827	7106	3897749	477500177	0	0
12473	2492	5537	4126	3897759	477501576	0	0
12474	1527	2862	1800	3898511	477636637	3957794	487878288
12475	4254	5256	3009	3899282	477771271	0	0
12476	3226	7423	6545	3899338	477779976	0	0
12477	9733	12354	8119	3899846	477865486	0	0
12478	924	8729	1565	3900719	478018262	0	0
12479	718	8709	6029	3900822	478035822	4085406	508588098
12480	10968	12163	4067	3900834	478038950	0	0
12481	1093	2885	889	3900889	478049472	0	0
12482	2761	8162	10915	3901242	478113947	0	0
12483	5642	9495	5181	3901373	478133269	0	0
12484	728	3062	459	3901500	478155230	0	0
12485	1193	2063	1165	3901735	478197180	0	0
12486	1104	4922	2321	3901954	478234891	0	0
12487	1367	2179	826	3902192	478274018	0	0
12488	10949	12274	21525	3902769	478378985	0	0
12489	5158	11457	18755	3903851	478586229	0	0
12490	812	8604	4969	3904657	478742897	0	0
12491	717	8837	6840	3904743	478759379	0	0
12492	679	11779	780	3905572	478922370	0	0
12493	9363	9397	3526	3906485	479099037	0	0
12494	4418	8407	6440	3906637	479123621	0	0
12495	2834	5184	4511	3906755	479145326	4035116	500442401
12496	4758	9361	4484	3907684	479317400	0	0
12497	1748	4318	4194	3908734	479515830	0	0
12498	537	8292	2799	3909412	479636569	0	0
12499	638	4814	2487	3909829	479704655	0	0
12500	5925	6953	3498	3910869	479869131	0	0
12501	11670	12412	13952	3911300	479936203	0	0
12502	2689	9123	3181	3912077	480067104	0	0
12503	2089	5395	2881	3912170	480082727	0	0
12504	6589	7787	5226	3912280	480101118	0	0
12505	6589	8585	5300	3912280	480101118	0	0
12506	7787	8585	3104	3912280	480101118	0	0
12507	9524	10146	14613	3912656	480169163	0	0
12508	1023	8216	3263	3912991	480225722	0	0
12509	3066	3631	2420	3913434	480306978	0	0
12510	8966	10379	17489	3913564	480332179	0	0
12511	4768	10246	6015	3913679	480354616	3985378	492708123
12512	5932	11492	7504	3913782	480378770	0	0
12513	7742	9671	20652	3913908	480403972	0	0
12514	2008	5954	3403	3913920	480405817	3949423	486660544
12515	3168	11498	3233	3914108	480451094	0	0
12516	7080	8604	8359	3914113	480452447	4049119	502707965
12517	3918	5656	3488	3914199	480475559	0	0
12518	434	841	713	3914379	480518108	0	0
12519	8016	12031	10672	3915337	480738646	0	0
12520	5323	11769	13254	3916808	481071261	0	0
12521	3593	8406	6339	3918891	481516021	0	0
12522	3230	6290	6732	3919191	481577114	0	0
12523	781	3010	3735	3919618	481662118	0	0
12524	2223	9835	1766	3920129	481767034	0	0
12525	1211	11698	5129	3920691	481869000	0	0
12526	4451	9300	7270	3920717	481872841	0	0
12527	4393	9233	4349	3920743	481877411	0	0
12528	1200	11712	12686	3920863	481898484	0	0
12529	514	8156	1834	3921128	481958577	4118224	514700502
12530	5607	11776	9356	3921956	482133065	0	0
12531	1605	10007	2846	3922060	482151395	4076063	507031205
12532	1477	11149	1782	3922145	482169028	0	0
12533	3610	4717	4972	3922824	482303042	0	0
12534	7481	10936	2770	3922986	482335274	0	0
12535	1438	5164	1464	3924418	482613338	0	0
12536	6467	9873	3471	3925281	482776022	0	0
12537	1592	10837	3631	3925620	482842578	4405289	563949612
12538	2702	10841	6530	3928907	483360337	4295817	545578944
12539	1108	6607	1246	3929355	483426529	4352327	554925381
12540	9447	11865	8867	3929383	483430728	0	0
12541	5146	11817	4765	3930281	483555163	0	0
12542	8650	10581	6139	3930832	483634354	4090650	509590499
12543	439	1147	689	3931319	483707050	0	0
12544	2427	7932	1853	3931350	483711732	0	0
12545	1243	3229	1304	3931428	483724652	0	0
12546	8898	9441	12455	3932130	483822612	0	0
12547	4931	9418	5892	3932243	483839275	0	0
12548	406	1042	389	3933221	483987852	0	0
12549	10641	11664	6898	3933580	484040927	0	0
12550	2532	8574	4734	3933655	484049504	0	0
12551	2179	6530	5981	3934207	484133069	0	0
12552	1020	11305	6648	3934785	484224247	0	0
12553	2351	5417	4503	3934882	484237407	3989195	493252258
12554	3065	4613	3617	3935005	484254833	0	0
12555	7325	10427	5848	3935162	484281050	0	0
12556	3514	8044	4804	3935352	484312122	0	0
12557	3764	11597	5457	3935692	484363116	0	0
12558	6895	11296	6292	3936123	484432482	0	0
12559	1891	10869	4840	3936450	484484840	0	0
12560	1017	3661	2817	3937081	484587089	0	0
12561	89	4666	4305	3937278	484618420	0	0
12562	9906	10691	11792	3937795	484701923	0	0
12563	1860	5453	3012	3939616	484985675	0	0
12564	8268	9016	7871	3940028	485046883	0	0
12565	3286	10206	11440	3940111	485060467	0	0
12566	3043	10374	5021	3941269	485258769	0	0
12567	2779	4527	6602	3941862	485355396	0	0
12568	8160	11007	7745	3941878	485357119	0	0
12569	3527	8692	6177	3942204	485418102	0	0
12570	3029	3258	1687	3942207	485418381	0	0
12571	2602	11206	5297	3942812	485523388	0	0
12572	8256	11791	5035	3943094	485568670	0	0
12573	4468	6725	4937	3943450	485637125	0	0
12574	4720	9715	6996	3943683	485678401	0	0
12575	468	6404	5679	3943747	485689588	0	0
12576	3576	9449	4011	3944461	485819490	0	0
12577	9321	10679	16724	3945211	485951948	0	0
12578	3299	12429	4501	3945450	485995108	0	0
12579	315	11306	4739	3947554	486356483	0	0
12580	1248	9266	10072	3948021	486431074	0	0
12581	5745	7883	2938	3948062	486437678	0	0
12582	5285	8239	5646	3948858	486566514	0	0
12583	11020	12514	6940	3949423	486660544	0	0
12584	11390	11886	7411	3949633	486691133	0	0
12585	4075	11334	6314	3950192	486786112	0	0
12586	6256	11404	2387	3951438	486995732	0	0
12587	1294	4699	1180	3951848	487061366	0	0
12588	952	3162	704	3952594	487177284	4437521	569814874
12589	5353	8069	3856	3953173	487260334	0	0
12590	9132	9967	7754	3954130	487385961	0	0
12591	2118	3948	1900	3955080	487519138	0	0
12592	3489	11471	7408	3956323	487675509	0	0
12593	3504	3995	5284	3956570	487704441	4351317	554787197
12594	7272	10668	9177	3956824	487739154	0	0
12595	1982	11165	7191	3957204	487793887	4175053	524398166
12596	3858	7125	3264	3957363	487816482	0	0
12597	757	7426	1073	3957566	487846897	0	0
12598	10915	12474	15839	3957794	487878288	0	0
12599	104	6692	2207	3958288	487959816	0	0
12600	6272	7308	7635	3958537	487994994	0	0
12601	3640	8940	4388	3959056	488077144	0	0
12602	1335	3772	1881	3959858	488206817	0	0
12603	2655	8772	943	3959924	488216534	0	0
12604	37	1194	1230	3960314	488276229	0	0
12605	9631	9986	8542	3960361	488284790	0	0
12606	7804	10788	8153	3961078	488392591	0	0
12607	2028	12371	14031	3961350	488434673	0	0
12608	6268	6590	3056	3961378	488439817	4307981	547461952
12609	3817	4057	5173	3962024	488554441	0	0
12610	8419	11772	6855	3962185	488581832	0	0
12611	6312	11642	5879	3962573	488649557	0	0
12612	3020	9863	7749	3963144	488747648	0	0
12613	5909	11543	14930	3963548	488818724	0	0
12614	8243	9220	7968	3963731	488849430	0	0
12615	4019	9482	11508	3963795	488863511	0	0
12616	7386	9539	6056	3965291	489171073	0	0
12617	895	11211	3475	3966139	489330377	0	0
12618	5789	7152	6107	3967170	489517805	0	0
12619	2785	5558	7614	3967203	489523153	0	0
12620	10903	11011	9007	3967339	489549289	0	0
12621	3220	10939	2623	3967393	489560034	0	0
12622	2086	11575	2113	3968520	489773106	4360038	556083797
12623	8825	11312	11366	3968587	489785592	0	0
12624	5598	10906	9132	3968720	489811778	4270708	540565921
12625	2699	11746	4105	3969392	489947512	0	0
12626	1537	1849	1139	3969573	489977436	0	0
12627	929	5829	8142	3970236	490101547	0	0
12628	7340	10746	8466	3971150	490267247	4278781	542289060
12629	3599	5133	3371	3971750	490384500	0	0
12630	5758	11416	13440	3971828	490401056	0	0
12631	8752	11817	6171	3972694	490564527	0	0
12632	9385	11783	7173	3972946	490616471	0	0
12633	7213	7886	4202	3973651	490756174	0	0
12634	2485	10681	5453	3974228	490865814	0	0
12635	6111	6457	6645	3974509	490919479	0	0
12636	3659	5914	2261	3974720	490955566	0	0
12637	2617	5733	5236	3975389	491084441	0	0
12638	1447	10442	4808	3975557	491113892	0	0
12639	6739	8714	1548	3977063	491376998	0	0
12640	1231	2727	1542	3978967	491684908	0	0
12641	8322	8401	3841	3979273	491728766	0	0
12642	4836	8012	3923	3979348	491740658	0	0
12643	3122	9717	3098	3979373	491743590	0	0
12644	2783	11756	8145	3979589	491775133	4168860	523438136
12645	7513	12229	8795	3979904	491823423	0	0
12646	879	4734	3872	3980065	491854921	0	0
12647	144	2548	564	3981091	492032467	4308920	547618857
12648	8623	10191	2038	3981447	492090757	4096762	510689876
12649	6469	10606	3459	3982175	492197277	0	0
12650	6468	7004	3238	3982335	492220388	0	0
12651	2714	7789	9524	3982548	492253200	0	0
12652	2287	10611	3105	3982718	492277251	0	0
12653	6202	10307	8405	3982817	492294075	0	0
12654	8247	11913	1201	3983625	492425139	0	0
12655	4587	9469	3286	3983697	492440220	0	0
12656	1956	6698	2497	3983974	492484984	0	0
12657	4094	12511	6665	3985378	492708123	0	0
12658	207	12185	5009	3985993	492808208	0	0
12659	1285	3582	1137	3987989	493092153	0	0
12660	1897	9347	3981	3988223	493124122	0	0
12661	6408	9179	5913	3988719	493185594	0	0
12662	3577	12553	6190	3989195	493252258	0	0
12663	749	3833	2778	3989202	493253106	0	0
12664	2375	9214	4203	3989780	493323716	0	0
12665	3670	6932	4284	3989942	493345166	0	0
12666	5260	10820	4983	3990094	493367312	0	0
12667	93	1056	362	3990309	493398681	0	0
12668	11864	11896	5242	3990332	493400951	0	0
12669	9240	10813	8854	3990449	493418001	0	0
12670	4332	9094	4572	3990738	493463608	0	0
12671	7261	10690	15627	3990984	493504970	4361140	556263411
12672	535	6597	1620	3993215	493853315	0	0
12673	946	6265	3350	3993807	493943927	0	0
12674	6675	8558	3435	3995263	494158325	0	0
12675	2884	9463	5541	3995870	494234389	0	0
12676	1032	10373	4699	3996868	494359825	0	0
12677	2461	2491	5233	3997599	494451553	0	0
12678	2044	6881	5334	3999084	494627307	0	0
12679	1229	12270	3566	3999270	494650440	0	0
12680	3627	5641	3789	3999274	494650570	0	0
12681	4352	9072	10729	3999484	494677191	4017367	497518962
12682	4264	9311	5583	3999755	494712292	0	0
12683	134	8533	5775	4000387	494795376	0	0
12684	8040	8103	9183	4000537	494814944	4236260	534911166
12685	1347	3766	2191	4000947	494877209	0	0
12686	1132	11723	8507	4001241	494920959	0	0
12687	879	8837	6376	4001797	495005821	0	0
12688	1033	6686	6475	4001846	495014040	4236998	535050951
12689	5243	10305	3889	4002464	495108669	4083387	508250167
12690	676	2295	571	4003357	495254324	0	0
12691	3707	10935	5804	4003425	495262159	0	0
12692	3002	8009	2948	4004032	495357883	0	0
12693	1158	5932	2826	4006068	495634359	4265043	539699157
12694	1306	10414	5779	4006821	495734482	0	0
12695	773	3347	5276	4006931	495748814	0	0
12696	2532	12062	5610	4007074	495768500	0	0
12697	6745	8421	15471	4007615	495838148	4331343	551705137
12698	5963	12100	23926	4007765	495858913	0	0
12699	1318	4607	462	4007951	495891248	0	0
12700	6	7918	6801	4008027	495906481	4257197	538523203
12701	5789	12172	6804	4009194	496116213	0	0
12702	1027	6524	2181	4009229	496122159	0	0
12703	6526	10250	15002	4010732	496374536	0	0
12704	5425	9188	8434	4010973	496414548	0	0
12705	7090	9490	3938	4011019	496421236	0	0
12706	3412	8104	6540	4011148	496449065	0	0
12707	4102	10183	11979	4011562	496527250	0	0
12708	1388	3185	2142	4012421	496685877	0	0
12709	2655	11815	4510	4012958	496786356	4080085	507701347
12710	4134	6256	2538	4013035	496801347	0	0
12711	198	5606	380	4013885	496957922	0	0
12712	1047	7886	4124	4014022	496978477	0	0
12713	6166	8797	4279	4014924	497124933	0	0
12714	2800	4605	2164	4015144	497159604	0	0
12715	8130	9629	9499	4015504	497217191	0	0
12716	3853	4585	2627	4015635	497239009	0	0
12717	6634	11128	6750	4016449	497368141	0	0
12718	4697	12681	14812	4017367	497518962	0	0
12719	985	12301	8175	4018428	497699760	0	0
12720	7615	8274	12640	4018804	497764479	0	0
12721	7946	9531	14955	4020194	498007468	0	0
12722	1164	11702	17795	4020307	498026317	4273388	541102815
12723	4659	7817	6584	4020748	498113416	0	0
12724	775	6264	1706	4022151	498391121	0	0
12725	0	7006	6754	4023216	498583551	4413437	565223387
12726	3767	6385	2162	4023821	498691917	0	0
12727	4141	11547	6435	4024495	498801730	0	0
12728	10790	11298	11816	4025365	498944924	0	0
12729	6085	11402	6096	4026010	499047649	0	0
12730	9399	10396	4597	4026390	499112710	4095615	510500793
12731	250	1708	972	4026579	499140959	0	0
12732	3549	11630	8335	4026734	499165372	0	0
12733	8744	11674	2518	4027000	499207917	0	0
12734	9012	10253	6903	4027954	499361457	0	0
12735	5811	7900	3667	4028455	499431872	0	0
12736	7173	7530	4771	4029701	499623450	0	0
12737	8029	11327	5621	4030372	499718561	0	0
12738	4661	7236	5769	4030947	499802360	0	0
12739	1128	5267	2973	4030961	499805452	0	0
12740	6288	8925	11971	4031733	499917501	0	0
12741	4992	10625	5388	4032357	500011742	0	0
12742	2756	6566	8663	4032395	500017980	0	0
12743	929	9105	2238	4032887	500099928	0	0
12744	5918	9857	7020	4034223	500314945	0	0
12745	4874	12495	5257	4035116	500442401	0	0
12746	4075	9598	9484	4035128	500444492	0	0
12747	7585	12424	4554	4035916	500565095	0	0
12748	1771	4881	3382	4036490	500655393	0	0
12749	519	11520	2932	4036606	500674274	0	0
12750	1993	11145	9018	4036875	500711558	0	0
12751	2604	9448	3646	4037068	500741991	0	0
12752	8157	10874	5601	4037117	500749857	0	0
12753	7270	8204	7290	4037731	500861496	0	0
12754	2397	4428	5301	4038221	500942068	0	0
12755	6595	10027	2852	4038874	501052237	0	0
12756	5732	10262	7433	4038966	501069877	0	0
12757	9225	10239	6019	4039576	501171161	0	0
12758	6218	9279	11227	4039916	501225138	0	0
12759	3347	8557	5554	4040716	501353564	4231093	534005326
12760	7506	12396	3623	4040914	501386029	0	0
12761	177	8994	1023	4041254	501446170	0	0
12762	1064	2901	1109	4041380	501466213	0	0
12763	1867	11310	6256	4042153	501589016	0	0
12764	1690	4841	5047	4042318	501613025	0	0
12765	5834	5914	3654	4042544	501653317	0	0
12766	4431	7495	2731	4043196	501757882	4411113	564854084
12767	9465	9986	9318	4044672	501973682	0	0
12768	7239	11571	11704	4044808	501993521	0	0
12769	1911	3472	1353	4045267	502069288	0	0
12770	6783	7026	5096	4045427	502095355	0	0
12771	1136	3758	1132	4045561	502118235	4120268	515057800
12772	8243	10799	11295	4045586	502123163	0	0
12773	2124	8937	3105	4047193	502371803	0	0
12774	3553	9508	8016	4047292	502386883	0	0
12775	3074	10316	3167	4047518	502423908	0	0
12776	1014	8509	5178	4047615	502439169	0	0
12777	6585	10758	9107	4047810	502471587	0	0
12778	8406	11956	7703	4047950	502494205	0	0
12779	3306	9950	10184	4048108	502523333	0	0
12780	717	4268	1375	4048658	502628852	0	0
12781	2903	12516	10201	4049119	502707965	0	0
12782	857	2114	1380	4050056	502876192	0	0
12783	4044	10671	5368	4051290	503073223	0	0
12784	82	2062	542	4052357	503239506	0	0
12785	10365	11519	13617	4052573	503272032	0	0
12786	3422	11072	7691	4053005	503351080	4394740	562106952
12787	6178	12093	8794	4054344	503566589	0	0
12788	4910	8492	9863	4054671	503626809	0	0
12789	5215	12230	14397	4054981	503679985	0	0
12790	1377	8256	4029	4055876	503852990	0	0
12791	2319	5621	2517	4056586	503971336	4347494	554257166
12792	3396	8514	6146	4058356	504258518	4307981	547461952
12793	3468	7786	3347	4058405	504264757	0	0
12794	1908	8088	4908	4058437	504269803	0	0
12795	1858	2381	2584	4059180	504387019	0	0
12796	8558	10262	7004	4059668	504459664	0	0
12797	2631	10031	2514	4060081	504527131	0	0
12798	853	12438	10334	4060102	504529519	0	0
12799	4562	10768	3931	4060271	504558671	0	0
12800	11431	12401	4580	4061852	504810145	0	0
12801	4833	7830	4031	4062349	504890862	0	0
12802	218	4931	3575	4062816	504961901	0	0
12803	5495	9501	6446	4063167	505014924	4418689	566203094
12804	915	6267	3398	4064339	505189765	4184453	526016889
12805	8581	11254	5605	4064649	505237639	0	0
12806	2164	2302	1495	4064673	505241081	0	0
12807	2413	7662	4574	4065141	505305347	4288704	544280312
12808	8394	10418	4137	4066882	505536975	0	0
12809	8042	9513	1812	4067339	505594613	0	0
12810	3470	11916	6475	4067969	505674670	0	0
12811	1612	5985	3440	4068020	505681754	0	0
12812	7352	8699	2631	4068226	505708890	0	0
12813	7708	8465	4662	4068605	505756283	0	0
12814	962	12420	3729	4069040	505813087	0	0
12815	8170	9310	5796	4069308	505848966	0	0
12816	5357	8249	4552	4069401	505862422	0	0
12817	8658	9582	5371	4069651	505898653	0	0
12818	2513	7944	7624	4069835	505926102	0	0
12819	1931	11456	7021	4070227	505984835	4153386	520740003
12820	4575	6860	3931	4070273	505990400	0	0
12821	2771	5222	5014	4070386	506010634	4317108	549192424
12822	1054	10288	12953	4070637	506051101	0	0
12823	8308	10485	11529	4070849	506087374	0	0
12824	342	6419	2144	4070921	506099667	0	0
12825	4728	6813	4787	4071624	506230284	4139068	518111676
12826	2709	12240	10445	4071766	506257805	4270518	540529379
12827	5194	8266	3005	4072405	506369544	0	0
12828	4623	8270	2831	4073434	506556458	0	0
12829	6223	8436	10502	4073457	506559657	0	0
12830	656	5110	2292	4074249	506692061	0	0
12831	12157	12332	12969	4074561	506746094	0	0
12832	3505	9247	2514	4074737	506780473	0	0
12833	7585	8106	4671	4074912	506818091	0	0
12834	1296	1702	993	4075104	506853830	0	0
12835	5403	12531	4405	4076063	507031205	0	0
12836	957	1001	1455	4076835	507168419	0	0
12837	4028	5597	4521	4077456	507275362	0	0
12838	56	603	291	4078359	507420209	0	0
12839	7038	10955	3471	4078728	507482183	0	0
12840	2221	12021	5749	4078818	507496578	0	0
12841	727	890	931	4078891	507506616	0	0
12842	6785	8177	9850	4079067	507532925	0	0
12843	1761	6001	2128	4079197	507554194	0	0
12844	6102	11925	8139	4079394	507587897	0	0
12845	11274	12709	10532	4080085	507701347	0	0
12846	5675	7613	4174	4080098	507702563	0	0
12847	1679	2956	1855	4080702	507803787	0	0
12848	1947	6255	2314	4080797	507819522	0	0
12849	3431	6429	3648	4080878	507834372	0	0
12850	4452	8952	7047	4082930	508180832	0	0
12851	3532	7689	6113	4083273	508234251	0	0
12852	1515	6310	4237	4083369	508248388	0	0
12853	6768	12689	9846	4083387	508250167	4178399	524906316
12854	707	9885	1873	4084036	508357563	0	0
12855	1608	3317	2257	4084051	508360126	0	0
12856	121	9617	1248	4084382	508417537	0	0
12857	8202	10505	7808	4084425	508425501	0	0
12858	2720	12479	8072	4085406	508588098	0	0
12859	8798	10961	13762	4085875	508673169	0	0
12860	8061	11391	16229	4085991	508697652	0	0
12861	11353	11369	14884	4087333	508965362	0	0
12862	7659	12103	4235	4088881	509264487	0	0
12863	5611	7106	5223	4089564	509380946	0	0
12864	4236	4440	5515	4089612	509388129	4373428	558231518
12865	6482	7637	4404	4089623	509389516	0	0
12866	8474	11149	9393	4089838	509433545	0	0
12867	6164	10214	8769	4089875	509442432	0	0
12868	260	2503	1814	4090427	509546031	0	0
12869	6341	12542	8700	4090650	509590499	0	0
12870	6042	6558	2738	4090815	509621216	0	0
12871	2224	9410	10265	4091635	509783507	0	0
12872	2960	4137	6092	4092171	509886209	0	0
12873	6276	11514	2937	4094323	510283489	4165427	522953279
12874	8	9280	5500	4094614	510332209	0	0
12875	8403	9451	2684	4094949	510386104	0	0
12876	3600	5029	4248	4095387	510462333	0	0
12877	5352	9926	5066	4095498	510481193	4435019	569328142
12878	1832	12730	6114	4095615	510500793	0	0
12879	6215	12648	7279	4096762	510689876	0	0
12880	3056	3936	1361	4097529	510820442	0	0
12881	7287	12542	10234	4098091	510912964	0	0
12882	8493	9861	6511	4098178	510927190	0	0
12883	1552	7896	5665	4098538	510986952	0	0
12884	2379	8191	9804	4098591	510995698	0	0
12885	1659	4193	2839	4099197	511098646	0	0
12886	1776	4141	2556	4099288	511117146	0	0
12887	2458	5865	6654	4099540	511161858	0	0
12888	3136	6143	10342	4099696	511191428	0	0
12889	234	9048	1381	4100308	511308066	4114927	514134818
12890	2345	10041	5454	4100740	511392448	0	0
12891	3635	10606	2156	4101204	511472899	4204110	529539317
12892	5675	9279	7781	4101385	511504390	0	0
12893	2212	10281	2906	4101913	511598634	0	0
12894	2150	6726	3974	4102085	511628479	0	0
12895	5422	12406	7768	4102562	511720122	0	0
12896	256	5491	4075	4102851	511766695	0	0
12897	4241	11074	7534	4103176	511828814	0	0
12898	10319	11162	6544	4103320	511859204	0	0
12899	7914	8834	16333	4103992	511989942	0	0
12900	6173	8130	8582	4104843	512151859	0	0
12901	7170	8357	10715	4105293	512239617	0	0
12902	3503	6300	3718	4105931	512370478	0	0
12903	1358	2783	1934	4106007	512384711	0	0
12904	1823	9088	1987	4107376	512638055	0	0
12905	9623	12134	16120	4107499	512657751	0	0
12906	5277	9061	4214	4108000	512754021	0	0
12907	5203	11875	15252	4108343	512822034	0	0
12908	10117	10567	4979	4108362	512825081	0	0
12909	208	9564	12955	4108439	512844874	0	0
12910	882	11552	3534	4109277	513040281	0	0
12911	1028	4871	2723	4109545	513103459	0	0
12912	6	6716	3215	4109991	513193652	0	0
12913	5018	7180	6590	4111487	513500829	0	0
12914	4590	5764	3484	4111590	513522474	0	0
12915	2344	4733	603	4111749	513555922	0	0
12916	875	6512	6487	4114469	514059857	4288704	544280312
12917	1391	9639	7766	4114681	514096739	0	0
12918	885	12889	1837	4114927	514134818	0	0
12919	929	9519	1933	4115029	514153279	0	0
12920	8100	12448	14841	4116447	514389357	0	0
12921	269	4846	6531	4117036	514491548	4380121	559549291
12922	5695	6178	10886	4117351	514543741	0	0
12923	6161	11946	3692	4117361	514545632	0	0
12924	7688	7953	11197	4117809	514622948	0	0
12925	1049	12529	1981	4118224	514700502	0	0
12926	856	5266	3653	4118412	514735292	0	0
12927	3877	9466	11169	4119681	514949448	0	0
12928	1210	5568	1800	4119760	514966172	0	0
12929	1274	11193	2620	4119970	515003629	0	0
12930	2088	11534	3359	4120153	515035310	0	0
12931	7003	12771	9796	4120268	515057800	0	0
12932	2844	10671	4417	4120278	515059445	0	0
12933	2326	9803	5573	4120400	515082482	0	0
12934	3823	8955	5388	4120723	515148797	4269826	540417793
12935	4045	7122	4606	4121039	515211529	0	0
12936	2657	10995	3160	4122278	515454025	0	0
12937	1799	5765	5370	4122690	515528316	0	0
12938	1795	4368	2262	4123864	515724306	0	0
12939	1628	8274	9036	4124107	515765063	4309463	547714702
12940	2302	3312	810	4124141	515771223	0	0
12941	4264	7595	2521	4125329	515957266	0	0
12942	712	4632	6234	4125331	515957375	0	0
12943	8610	10055	22081	4126896	516192334	0	0
12944	5147	7862	5004	4127099	516224327	0	0
12945	501	2877	1436	4127556	516296010	0	0
12946	190	12292	2210	4129040	516523282	0	0
12947	5146	10802	4306	4129934	516658862	4399653	563008505
12948	5826	10308	10737	4130482	516734599	0	0
12949	819	11465	3671	4131354	516860844	0	0
12950	8284	9350	2183	4131768	516921627	0	0
12951	9738	12242	6618	4132006	516957366	0	0
12952	5554	10518	11633	4132202	516984821	0	0
12953	6633	9920	5322	4132803	517079337	0	0
12954	2431	10587	3541	4133380	517167206	0	0
12955	7036	10303	3365	4134135	517276796	0	0
12956	6953	9568	8356	4134239	517292646	0	0
12957	1844	9158	3648	4134314	517302693	0	0
12958	330	6289	1671	4134352	517309623	0	0
12959	3479	6239	4018	4134462	517328183	0	0
12960	8962	12511	18298	4134823	517382594	0	0
12961	1674	5914	1801	4135437	517488850	0	0
12962	2544	9790	4052	4135797	517554055	0	0
12963	5241	9159	3082	4135907	517575982	0	0
12964	5298	7911	3307	4135964	517586432	0	0
12965	5033	12341	5560	4136714	517710989	0	0
12966	6503	8160	4573	4137142	517779312	0	0
12967	3577	5205	5294	4137368	517819553	4375516	558618922
12968	2051	7633	7500	4138094	517945623	0	0
12969	1586	12346	7784	4138165	517956141	0	0
12970	8570	12243	5072	4138598	518032685	0	0
12971	11049	12825	12403	4139068	518111676	0	0
12972	6338	9949	16865	4139095	518118303	0	0
12973	8678	10632	8706	4140079	518325381	0	0
12974	971	2569	2240	4140147	518336311	0	0
12975	5840	7556	4914	4140152	518337229	0	0
12976	2148	9398	2027	4140235	518356217	0	0
12977	684	1663	512	4140313	518373375	0	0
12978	3515	6232	7057	4140545	518420942	0	0
12979	9931	11086	11557	4142987	518883606	0	0
12980	5884	6151	9994	4144273	519114260	0	0
12981	1803	4230	2334	4144329	519122558	0	0
12982	6540	9939	16260	4144739	519190382	0	0
12983	885	1788	1811	4145134	519264872	0	0
12984	11006	11016	9596	4145678	519367843	0	0
12985	1516	7762	4186	4146699	519553639	0	0
12986	2566	5751	2989	4147011	519611557	0	0
12987	3302	11088	1540	4148601	519885275	0	0
12988	3161	4427	681	4148711	519903790	0	0
12989	6511	8971	9027	4149149	519979887	0	0
12990	5503	5667	3835	4149929	520103333	0	0
12991	6144	9522	14156	4150224	520146359	0	0
12992	8347	12237	18419	4150652	520209481	0	0
12993	1147	1411	591	4150705	520222824	0	0
12994	5083	5174	3618	4150876	520255241	4289245	544392559
12995	4544	4638	4855	4150934	520268488	0	0
12996	2624	3795	1126	4151099	520298630	0	0
12997	4295	8815	9380	4151211	520319157	0	0
12998	6434	7410	8104	4152418	520551116	0	0
12999	12041	12819	16101	4153386	520740003	0	0
13000	10677	11129	19294	4154153	520893836	0	0
13001	2618	9067	3221	4154436	520956526	4295817	545578944
13002	4273	7102	6842	4154918	521062704	0	0
13003	330	9073	6566	4155823	521249821	0	0
13004	6058	10559	4228	4156206	521324366	0	0
13005	5760	11423	8562	4156667	521421335	0	0
13006	7317	8585	3790	4157169	521516778	0	0
13007	1420	2328	1427	4157587	521602706	4382231	559948937
13008	6016	10917	7996	4158320	521742968	0	0
13009	6977	8790	4703	4158430	521762790	0	0
13010	5940	10341	8488	4159513	521969282	0	0
13011	8313	8765	8939	4159515	521969449	4367802	557331092
13012	1015	5864	1856	4161870	522394271	0	0
13013	2951	10676	3018	4162681	522528985	0	0
13014	2386	6717	1158	4163132	522599803	0	0
13015	5464	8620	2282	4163302	522622329	0	0
13016	7912	9891	9928	4163575	522664771	0	0
13017	5004	12873	3556	4165427	522953279	0	0
13018	1423	6627	1373	4165524	522969868	0	0
13019	7123	10844	7459	4166117	523055782	0	0
13020	1653	7949	2792	4166915	523169496	0	0
13021	7245	7713	1120	4167119	523195599	0	0
13022	6605	11459	6014	4167287	523219785	0	0
13023	8901	12644	11918	4168860	523438136	0	0
13024	3779	7043	2232	4168946	523451725	0	0
13025	2490	4075	3630	4169211	523489457	0	0
13026	4774	11184	8651	4169303	523501248	0	0
13027	9967	11643	11591	4169957	523599700	0	0
13028	2122	3531	1993	4170065	523615238	0	0
13029	909	6465	2519	4170215	523638359	0	0
13030	1806	6019	869	4170365	523665325	0	0
13031	4942	6761	8974	4170884	523741558	0	0
13032	2147	10707	9413	4171573	523843601	0	0
13033	5066	8999	2903	4171828	523882859	0	0
13034	6294	11159	10458	4172106	523925285	0	0
13035	6422	7252	6209	4172112	523926110	0	0
13036	307	5549	3997	4174913	524379276	0	0
13037	11228	12595	11690	4175053	524398166	0	0
13038	33	9933	4543	4175417	524455354	0	0
13039	1989	4767	3644	4176859	524666684	0	0
13040	246	10767	10318	4177294	524727230	0	0
13041	1477	9785	6629	4177687	524787151	0	0
13042	5491	12853	13779	4178399	524906316	0	0
13043	9528	10566	9947	4178432	524910623	0	0
13044	5789	9639	12170	4178507	524922221	0	0
13045	9925	11270	9582	4178774	524974771	0	0
13046	1746	11117	7369	4180681	525311177	0	0
13047	9193	10732	7339	4181404	525441432	0	0
13048	6780	9777	7546	4182514	525640437	4419208	566303995
13049	6680	10799	8511	4182900	525711354	0	0
13050	8949	11655	21074	4183121	525747149	0	0
13051	2045	8279	5849	4183932	525914054	0	0
13052	2353	5050	5274	4184344	525996910	0	0
13053	2538	12804	3874	4184453	526016889	0	0
13054	2658	8679	5730	4184988	526113230	0	0
13055	5094	10050	2621	4185282	526167863	0	0
13056	7132	8109	3194	4185543	526219147	0	0
13057	11892	11981	8989	4186087	526323439	4359493	555991350
13058	6966	7010	6524	4186109	526326331	0	0
13059	7197	10807	5855	4186119	526328059	0	0
13060	1801	7830	2643	4186609	526429440	0	0
13061	1041	11303	7389	4186789	526465809	0	0
13062	10878	12681	14345	4188335	526788638	0	0
13063	8060	11765	7268	4189730	527047379	0	0
13064	5222	9194	5987	4190123	527122541	0	0
13065	3387	4875	4191	4190186	527135252	0	0
13066	3102	8236	3537	4190886	527269245	4236340	534924386
13067	457	9061	2303	4191639	527403851	0	0
13068	924	2722	1437	4192015	527469202	0	0
13069	7717	11109	6996	4192226	527504822	0	0
13070	3907	4511	2554	4192408	527535893	0	0
13071	8482	12381	9076	4193266	527677414	0	0
13072	2042	7683	6442	4193627	527733362	0	0
13073	3619	12167	5382	4194087	527816196	0	0
13074	6580	9794	5599	4194234	527841204	0	0
13075	7401	8709	9864	4195015	527976316	0	0
13076	6767	6870	11874	4195087	527985798	0	0
13077	6240	11267	14026	4196728	528292231	0	0
13078	6217	7867	5098	4197265	528386282	0	0
13079	1835	6160	5368	4197344	528399742	0	0
13080	5303	7556	3484	4197938	528502557	0	0
13081	1976	6505	6374	4197996	528512247	0	0
13082	60	12021	5312	4198235	528551023	0	0
13083	4455	9799	9135	4198688	528635417	0	0
13084	5479	6185	2963	4198854	528665564	0	0
13085	469	3969	1966	4201013	529039210	0	0
13086	5709	10390	7953	4201094	529051290	0	0
13087	8216	11111	13039	4202193	529220737	0	0
13088	681	12192	3821	4203026	529365710	0	0
13089	319	9293	2855	4203259	529400023	0	0
13090	3097	5366	1981	4203769	529484464	0	0
13091	3759	7620	6834	4204047	529530430	0	0
13092	4201	12891	4358	4204110	529539317	0	0
13093	3406	10072	2487	4204689	529637722	0	0
13094	4086	10417	4534	4205297	529730313	0	0
13095	5190	7971	2047	4205379	529741974	0	0
13096	4307	4702	4222	4205954	529834742	0	0
13097	1168	2640	2410	4206561	529931337	0	0
13098	3454	9644	7216	4206709	529953517	0	0
13099	960	7333	1444	4208052	530161732	0	0
13100	4257	7918	10127	4208383	530206073	0	0
13101	594	2329	1358	4208396	530208067	0	0
13102	9105	9880	8242	4209462	530361445	0	0
13103	2612	10045	13807	4209531	530370682	0	0
13104	6813	10369	8187	4209840	530414626	0	0
13105	9780	10054	6698	4210252	530484400	0	0
13106	1716	4822	4363	4210374	530501769	0	0
13107	890	7580	3027	4210821	530573609	0	0
13108	8856	10959	23140	4210882	530586447	0	0
13109	3909	6136	2665	4211630	530731794	0	0
13110	1052	2977	883	4211899	530786573	0	0
13111	2370	8040	7104	4212699	530932233	0	0
13112	1431	3783	3867	4213740	531117552	0	0
13113	2386	8140	4985	4214029	531168040	4431102	568559275
13114	448	12238	9519	4215787	531452924	0	0
13115	3682	4986	3380	4217030	531646233	4312351	548247995
13116	3051	8492	8294	4217416	531704177	0	0
13117	4873	9280	6562	4217954	531779914	0	0
13118	5664	12221	21285	4218146	531814587	0	0
13119	8247	8707	9195	4218833	531936937	0	0
13120	2895	7263	2082	4219023	531967099	0	0
13121	2340	11974	2622	4219335	532019489	4252231	537700350
13122	4660	9289	8439	4219673	532083638	0	0
13123	9249	11291	10798	4219752	532098650	0	0
13124	4626	5086	3043	4220099	532170457	0	0
13125	8653	12218	10483	4220411	532229396	0	0
13126	6214	6454	6672	4221508	532436173	0	0
13127	445	3302	1330	4223225	532752751	0	0
13128	1006	8275	3211	4223584	532811406	0	0
13129	4968	10433	3503	4224355	532934547	0	0
13130	562	2947	417	4224519	532958979	0	0
13131	1931	10671	4060	4225456	533105508	0	0
13132	8207	12240	11704	4225656	533136452	0	0
13133	2183	4525	4016	4226083	533205097	0	0
13134	1177	10652	6944	4227271	533385929	0	0
13135	3280	7168	2940	4227397	533404403	0	0
13136	407	5422	2328	4227575	533432189	0	0
13137	7200	11351	9252	4227756	533458222	0	0
13138	1033	4086	2834	4227841	533472021	0	0
13139	1032	4018	1233	4228374	533553530	0	0
13140	8445	11094	13874	4228393	533556090	0	0
13141	371	3441	1394	4228419	533559956	0	0
13142	1175	11298	9213	4229552	533749426	0	0
13143	3024	10571	10593	4230090	533835969	0	0
13144	2716	8749	4304	4230522	533910907	0	0
13145	7807	12759	7771	4231093	534005326	0	0
13146	3245	6200	2243	4231321	534043144	0	0
13147	11056	12404	9761	4232107	534183327	0	0
13148	5726	8485	2504	4232169	534193803	0	0
13149	4844	10014	6179	4232396	534232651	0	0
13150	2887	5695	9098	4232471	534244198	4443330	570946855
13151	5645	7522	6257	4232482	534245281	0	0
13152	10281	11444	3839	4233921	534516467	0	0
13153	716	5637	5560	4234919	534686407	0	0
13154	4074	11445	9467	4235204	534736160	0	0
13155	1107	2619	1279	4236254	534910342	0	0
13156	1977	12684	9635	4236260	534911166	4375905	558690917
13157	9795	13066	12702	4236340	534924386	0	0
13158	230	12421	5157	4236812	535015542	0	0
13159	11920	12688	12724	4236998	535050951	0	0
13160	512	1329	830	4237878	535229330	4377938	559117967
13161	3219	9954	1959	4239710	535555434	0	0
13162	5861	7955	5109	4240026	535607109	0	0
13163	7422	8195	5173	4240324	535662082	0	0
13164	2935	7279	4033	4240475	535687056	0	0
13165	695	3756	2959	4240569	535702533	0	0
13166	3014	3600	3759	4240786	535734525	0	0
13167	2776	10919	3886	4242739	536055859	0	0
13168	9259	9800	16412	4243219	536133541	0	0
13169	3941	10763	8345	4243261	536141865	0	0
13170	8901	9330	4486	4243306	536149812	0	0
13171	4480	7919	6236	4243560	536195469	0	0
13172	7225	10911	12960	4244925	536436453	0	0
13173	976	10534	3533	4245177	536480599	0	0
13174	9091	9338	7227	4245822	536591812	0	0
13175	5768	7722	2384	4246282	536671128	0	0
13176	8694	11133	11790	4246630	536733407	0	0
13177	2692	11362	4082	4247150	536830360	0	0
13178	10872	12009	11523	4248466	537058739	0	0
13179	3207	10930	16452	4249369	537210816	0	0
13180	7978	10131	5041	4251567	537593356	0	0
13181	3114	11864	4830	4251857	537641837	0	0
13182	5243	7834	2470	4252053	537671504	0	0
13183	10079	13121	11210	4252231	537700350	0	0
13184	4383	11457	16765	4252428	537730958	0	0
13185	2194	7267	3136	4253580	537946663	0	0
13186	38	11378	3107	4254067	538032406	0	0
13187	1925	8571	3507	4254159	538050587	0	0
13188	2539	9988	1828	4256792	538466679	0	0
13189	3920	12700	7659	4257197	538523203	0	0
13190	1185	6037	3151	4257702	538596083	0	0
13191	8377	8417	9920	4257987	538642796	0	0
13192	8155	12217	2543	4258107	538663257	0	0
13193	6784	7492	8971	4258145	538669377	0	0
13194	6345	7454	4363	4258431	538714892	0	0
13195	8117	9299	16134	4259145	538834531	0	0
13196	2179	8693	1664	4261074	539146665	0	0
13197	4674	7561	8286	4263389	539461181	0	0
13198	5191	8490	9801	4263816	539517689	0	0
13199	6481	7572	3107	4263926	539535045	0	0
13200	8215	12693	10425	4265043	539699157	0	0
13201	8793	11313	4669	4266276	539869967	0	0
13202	3720	4389	3495	4266580	539910941	0	0
13203	8704	11174	20425	4267002	539966265	0	0
13204	3519	6227	6132	4267809	540098667	0	0
13205	204	12198	7178	4268393	540185997	0	0
13206	2027	12012	5724	4269112	540299948	0	0
13207	7174	11663	7701	4269583	540379268	0	0
13208	1008	2384	1630	4269585	540379415	0	0
13209	8320	12934	8738	4269826	540417793	0	0
13210	4440	7028	6667	4270377	540510365	0	0
13211	757	10419	737	4270420	540517316	0	0
13212	3714	12826	11383	4270518	540529379	0	0
13213	6651	8530	8137	4270538	540532201	0	0
13214	10	10860	2716	4270657	540556294	0	0
13215	5098	12624	10201	4270708	540565921	0	0
13216	6724	10515	6953	4271695	540754102	0	0
13217	1778	6760	12997	4272131	540837162	0	0
13218	3818	6681	4954	4272183	540849616	0	0
13219	5794	6597	1935	4272257	540864219	0	0
13220	1101	3978	3238	4273263	541078532	0	0
13221	1918	5883	2987	4273300	541086736	0	0
13222	3910	12722	19142	4273388	541102815	4285561	543643851
13223	9593	11738	6571	4274175	541273616	0	0
13224	9625	10547	7937	4274489	541348795	0	0
13225	833	12267	10332	4275122	541498526	0	0
13226	2596	5610	3697	4275179	541513540	0	0
13227	5929	7508	3337	4275192	541516913	0	0
13228	9494	11047	9532	4276929	541904450	0	0
13229	1414	3483	1855	4277010	541922918	0	0
13230	1451	2801	2240	4277640	542047189	0	0
13231	6885	12024	8492	4278452	542217212	0	0
13232	1446	12628	9004	4278781	542289060	0	0
13233	2340	4146	1236	4278797	542292108	0	0
13234	1084	7093	4114	4279393	542415170	0	0
13235	804	9922	1894	4279521	542439242	0	0
13236	3476	11081	4097	4280085	542550972	0	0
13237	4928	9123	4118	4280380	542611616	0	0
13238	2869	8970	9750	4280438	542623458	0	0
13239	798	5204	5862	4280665	542668056	0	0
13240	7194	7252	3805	4281243	542787665	0	0
13241	10166	12179	9402	4281655	542872633	0	0
13242	666	5636	6101	4281692	542879281	0	0
13243	6144	11127	7136	4282034	542950317	0	0
13244	2782	8557	2059	4282729	543096207	0	0
13245	3844	5935	4115	4283121	543171405	0	0
13246	3831	5083	1578	4283579	543268014	0	0
13247	6607	8009	3085	4283960	543340178	0	0
13248	6978	7842	9079	4285038	543538303	0	0
13249	4959	8105	7400	4285519	543634987	0	0
13250	3908	13222	20644	4285561	543643851	0	0
13251	1318	9578	3263	4285664	543663562	0	0
13252	208	8683	1810	4286502	543838783	0	0
13253	3629	8142	4760	4286860	543913089	0	0
13254	7779	11171	14020	4288361	544214605	0	0
13255	12807	12916	11061	4288704	544280312	0	0
13256	1283	12994	3873	4289245	544392559	0	0
13257	8291	11784	7338	4290269	544584316	0	0
13258	1641	10843	1670	4291237	544770257	0	0
13259	2755	10687	13488	4292763	545031650	0	0
13260	5349	11584	5236	4293327	545133671	0	0
13261	6995	10163	6285	4293400	545147891	0	0
13262	4048	4722	2563	4294772	545398277	0	0
13263	1491	5280	7705	4294919	545425367	0	0
13264	3047	4383	1531	4294932	545426877	0	0
13265	2798	5029	1956	4295253	545480003	0	0
13266	12538	13001	9751	4295817	545578944	0	0
13267	5476	12891	3613	4296998	545779783	0	0
13268	10222	11481	10359	4297354	545830650	0	0
13269	5685	9295	10122	4297570	545869557	0	0
13270	11775	12267	11459	4298211	545977895	0	0
13271	8618	12012	8759	4300269	546314113	0	0
13272	2472	7648	5975	4301279	546468232	0	0
13273	2510	11247	3515	4301406	546485190	0	0
13274	8477	10047	6062	4301507	546501658	0	0
13275	948	10311	4069	4302956	546729722	0	0
13276	920	5230	1540	4303028	546739403	0	0
13277	9047	9967	7327	4304014	546883185	0	0
13278	4119	11266	10792	4304632	546965055	0	0
13279	445	4484	4135	4305222	547058408	4330532	551577975
13280	4056	11902	4747	4306167	547196930	0	0
13281	5406	11068	7757	4306341	547221821	0	0
13282	5743	10990	10685	4306684	547269953	4392659	561715885
13283	220	2426	924	4306808	547286937	0	0
13284	181	9967	5802	4307138	547337945	0	0
13285	12608	12792	9202	4307981	547461952	0	0
13286	3173	7022	3944	4308019	547469443	0	0
13287	4838	5305	3641	4308387	547529850	0	0
13288	4159	7899	7958	4308589	547563845	0	0
13289	2228	12647	1631	4308920	547618857	0	0
13290	6072	9991	2196	4309179	547664604	4343754	553676199
13291	1270	10635	3948	4309247	547676435	0	0
13292	1489	12939	9752	4309463	547714702	0	0
13293	687	7807	2822	4309991	547810712	0	0
13294	830	9442	5536	4310335	547870918	0	0
13295	7428	9617	3902	4310419	547884725	0	0
13296	5951	6745	9164	4310421	547884870	0	0
13297	10357	11210	17879	4311318	548048875	4312762	548324088
13298	1578	9109	2023	4311642	548112922	0	0
13299	2018	8011	4041	4311859	548156502	0	0
13300	192	10088	3479	4311990	548180274	0	0
13301	9274	13115	7055	4312351	548247995	0	0
13302	7598	13297	21678	4312762	548324088	0	0
13303	2248	7351	4937	4313071	548391135	0	0
13304	5070	5192	2403	4313512	548475051	0	0
13305	7643	12137	15532	4315105	548795543	0	0
13306	5169	9745	2277	4315124	548798498	0	0
13307	6834	10772	5924	4316448	549064999	0	0
13308	8286	12821	9053	4317108	549192424	0	0
13309	12203	12272	11066	4317166	549204102	0	0
13310	1699	9869	8215	4317241	549221896	0	0
13311	976	6706	5341	4317366	549244222	0	0
13312	7312	9359	3520	4317954	549376715	0	0
13313	4651	7635	4445	4318221	549436428	4371041	557850395
13314	2098	6302	5655	4318736	549550122	0	0
13315	2705	3496	2893	4319737	549755091	0	0
13316	4071	11295	2364	4320140	549834434	0	0
13317	7338	12390	7976	4320856	549967309	0	0
13318	5145	10407	2568	4321740	550130609	0	0
13319	5593	7739	3524	4323037	550348470	0	0
13320	5674	9880	7088	4323121	550361529	0	0
13321	7911	9294	11412	4324413	550576965	0	0
13322	9209	9285	8516	4325127	550697665	0	0
13323	1593	2565	4334	4325415	550747818	0	0
13324	573	5021	2748	4326672	550955838	0	0
13325	12297	12331	8645	4327317	551056583	0	0
13326	3112	10823	6275	4328018	551161562	0	0
13327	5469	5829	11382	4328500	551244390	0	0
13328	2712	8476	6927	4329019	551333071	0	0
13329	910	5876	5193	4329669	551440071	0	0
13330	7981	13279	4998	4330532	551577975	0	0
13331	6280	6553	3197	4331313	551700551	0	0
13332	7883	12697	16358	4331343	551705137	0	0
13333	1456	9504	5575	4331928	551810942	0	0
13334	1633	3633	2072	4332786	551958916	0	0
13335	7875	7995	1398	4334174	552167144	0	0
13336	2931	3472	2142	4334834	552271073	0	0
13337	7880	11145	9072	4334849	552272640	0	0
13338	348	7462	1593	4335286	552336651	0	0
13339	1908	12037	3256	4335733	552405341	0	0
13340	2384	4832	1789	4335913	552431278	0	0
13341	6261	10012	4501	4336140	552464445	0	0
13342	2614	12011	7177	4336715	552548483	0	0
13343	10525	12035	11398	4336828	552565062	0	0
13344	1317	4358	3095	4338101	552772148	0	0
13345	3785	8954	9843	4338409	552815363	0	0
13346	5886	8291	7633	4338935	552898918	0	0
13347	9264	10639	18865	4339568	552998215	0	0
13348	1300	6955	2200	4339943	553065524	0	0
13349	2012	6050	2487	4342371	553463165	0	0
13350	8597	11690	10580	4342944	553548242	0	0
13351	10214	11884	9649	4343245	553596863	0	0
13352	1050	10756	1498	4343596	553649570	0	0
13353	10760	13290	8545	4343754	553676199	0	0
13354	9646	11784	6808	4344279	553759724	0	0
13355	7580	10032	8623	4344289	553761837	0	0
13356	8531	9985	7937	4345801	554007873	0	0
13357	1024	9015	1621	4345905	554021765	0	0
13358	5971	6563	3181	4346429	554103382	0	0
13359	4890	9357	1554	4346692	554140008	0	0
13360	4593	12791	2944	4347494	554257166	0	0
13361	5742	11396	4254	4348474	554402032	0	0
13362	1485	9558	2172	4348706	554432607	0	0
13363	4157	8174	1530	4349960	554618219	0	0
13364	3334	3533	2323	4350152	554643888	0	0
13365	3067	12593	6093	4351317	554787197	0	0
13366	4171	10347	7542	4351410	554797032	0	0
13367	2602	10261	8715	4351478	554806610	0	0
13368	3247	3796	6387	4351502	554809595	0	0
13369	1860	12539	2339	4352327	554925381	0	0
13370	5799	7871	10046	4352615	554965443	0	0
13371	6853	7001	4198	4352828	554996691	0	0
13372	5452	10161	5954	4353194	555051333	0	0
13373	7360	7595	3376	4353975	555173885	0	0
13374	11183	12418	22296	4354237	555211571	0	0
13375	3220	10230	3713	4356289	555545994	0	0
13376	578	1734	2493	4356819	555626787	0	0
13377	4152	5690	2421	4357915	555781743	0	0
13378	5874	8754	3081	4358079	555803710	0	0
13379	8446	10505	6060	4358163	555815012	0	0
13380	806	9597	2071	4359242	555960364	0	0
13381	11978	13057	13392	4359493	555991350	0	0
13382	5943	8923	13118	4359555	556000354	0	0
13383	2418	3738	3673	4359607	556008987	0	0
13384	6838	12622	5106	4360038	556083797	0	0
13385	1533	10494	4220	4360267	556121757	0	0
13386	6924	9015	3536	4360354	556138982	0	0
13387	9672	12671	18615	4361140	556263411	0	0
13388	7048	8201	8994	4361779	556383235	0	0
13389	895	901	1153	4362646	556540604	0	0
13390	1747	2215	3353	4363301	556647157	0	0
13391	3866	11076	4302	4363760	556719268	0	0
13392	8865	11987	11606	4365374	556969927	0	0
13393	4060	7969	3337	4365396	556974301	0	0
13394	5561	10324	14583	4367606	557297604	0	0
13395	5862	13011	12995	4367802	557331092	0	0
13396	4639	10435	13441	4367899	557347247	0	0
13397	4964	8124	2579	4368550	557463181	0	0
13398	3791	9575	6312	4369874	557672465	0	0
13399	5500	13313	10019	4371041	557850395	0	0
13400	10949	11975	9046	4371332	557895170	0	0
13401	4141	8287	9795	4372476	558081573	0	0
13402	2345	10668	3269	4372998	558161148	0	0
13403	1558	11459	2621	4373068	558175076	0	0
13404	10900	11297	6312	4373163	558191090	0	0
13405	2048	12864	7235	4373428	558231518	0	0
13406	3208	9984	15241	4373806	558295982	0	0
13407	1701	7507	2428	4373838	558303401	0	0
13408	4698	8409	7344	4374185	558373872	0	0
13409	1414	5221	1573	4374324	558397919	0	0
13410	792	2271	2404	4375170	558559972	0	0
13411	2363	12967	6851	4375516	558618922	0	0
13412	1144	8177	6405	4375615	558636342	0	0
13413	8863	13156	16603	4375905	558690917	0	0
13414	2247	8068	6030	4376188	558753424	0	0
13415	5980	10815	16234	4376683	558853293	0	0
13416	11648	13160	12230	4377938	559117967	0	0
13417	834	2527	528	4377967	559122805	0	0
13418	10406	12921	7201	4380121	559549291	0	0
13419	2787	4506	3583	4380650	559653748	0	0
13420	3075	6792	1983	4381536	559826838	0	0
13421	6531	10877	1625	4382213	559945779	0	0
13422	7106	13007	2385	4382231	559948937	0	0
13423	6132	10859	6483	4382447	559981257	0	0
13424	4012	9749	4846	4382672	560022006	0	0
13425	5443	6970	4396	4382864	560057438	0	0
13426	2378	9570	3861	4383135	560108653	0	0
13427	2534	5178	3615	4385324	560471259	0	0
13428	4226	6147	6519	4385657	560524039	0	0
13429	3865	7595	3822	4385706	560532756	0	0
13430	2189	2277	2640	4386009	560577506	0	0
13431	7373	11864	13028	4386414	560645569	0	0
13432	5039	6547	3231	4386965	560727374	0	0
13433	8123	11880	25792	4387958	560889866	0	0
13434	4454	6008	2192	4387996	560896214	0	0
13435	7448	12183	13319	4388810	561042776	0	0
13436	5793	9084	3906	4388824	561043879	0	0
13437	1400	11912	2507	4388978	561066291	0	0
13438	8732	9995	4933	4389787	561215479	0	0
13439	3251	5788	5448	4390696	561393736	0	0
13440	669	1288	883	4390945	561441284	0	0
13441	32	6605	4279	4392321	561662326	0	0
13442	3780	13282	11911	4392659	561715885	0	0
13443	240	12057	7345	4392919	561758824	0	0
13444	6654	12431	17170	4393370	561843719	0	0
13445	5474	10421	5688	4394366	562032950	0	0
13446	7324	12786	10593	4394740	562106952	0	0
13447	2511	4462	2700	4394897	562140484	0	0
13448	3270	4100	5850	4395045	562169366	0	0
13449	6482	9754	4455	4395301	562218766	0	0
13450	2604	5610	4439	4396497	562439754	0	0
13451	6026	10870	1522	4398413	562786853	0	0
13452	1165	9839	12656	4398445	562792704	0	0
13453	4777	11036	8638	4398934	562877420	0	0
13454	8621	12947	8895	4399653	563008505	0	0
13455	6832	7154	11774	4400927	563221739	0	0
13456	1309	3957	1821	4402213	563443351	0	0
13457	4582	11698	4359	4402238	563446877	0	0
13458	6840	7636	6495	4402690	563521498	0	0
13459	9155	12071	9115	4403523	563658265	0	0
13460	3209	9163	4216	4404441	563807982	0	0
13461	3631	11574	4235	4404571	563831140	0	0
13462	1011	4659	3682	4405047	563907111	0	0
13463	4238	12537	5995	4405289	563949612	0	0
13464	4780	5720	2933	4406651	564151633	0	0
13465	4635	8282	9422	4406797	564173517	0	0
13466	6595	11369	6678	4407253	564242292	0	0
13467	5879	9482	5852	4408076	564357992	0	0
13468	585	10145	10006	4408098	564360200	0	0
13469	4273	7757	10768	4408110	564362461	0	0
13470	3386	10590	3057	4408275	564392342	0	0
13471	837	6615	709	4408792	564481020	0	0
13472	4641	7439	6053	4409241	564550969	0	0
13473	3255	4131	8445	4410153	564697809	0	0
13474	1677	10042	3386	4410445	564745881	0	0
13475	2391	3579	4472	4410476	564750251	0	0
13476	5355	10921	8063	4410761	564797095	0	0
13477	3152	12766	4226	4411113	564854084	0	0
13478	2544	5019	1272	4412469	565074490	0	0
13479	404	11348	1619	4412819	565129186	0	0
13480	2812	12281	9137	4412844	565133076	0	0
13481	10611	11940	2135	4413328	565207523	0	0
13482	11996	12725	20953	4413437	565223387	0	0
13483	8756	11656	4621	4413669	565268674	0	0
13484	1895	6025	4213	4414854	565476039	0	0
13485	276	10193	8662	4415653	565614142	0	0
13486	10712	12112	20659	4416212	565713410	0	0
13487	292	854	595	4416683	565799158	0	0
13488	1623	11851	8458	4417056	565869275	0	0
13489	294	11511	9121	4417395	565932811	0	0
13490	2535	10402	5700	4417605	565970226	0	0
13491	6088	12803	8919	4418689	566203094	4454035	572830638
13492	538	4252	2199	4419153	566296092	0	0
13493	5665	13048	9720	4419208	566303995	0	0
13494	1613	7235	3842	4419848	566428426	0	0
13495	3680	7348	7676	4420310	566521900	0	0
13496	5634	12422	7505	4420723	566604035	0	0
13497	2215	4900	3442	4421425	566735039	0	0
13498	4444	11110	3147	4421583	566767085	0	0
13499	1004	9331	7744	4423718	567169741	0	0
13500	10585	10995	2896	4423803	567185358	0	0
13501	1926	5855	7780	4423939	567209615	0	0
13502	5106	9277	9055	4424023	567223565	0	0
13503	3585	4361	2297	4424157	567250114	0	0
13504	551	9594	1514	4424582	567324042	0	0
13505	1784	6448	7897	4425558	567486966	0	0
13506	5501	6006	17647	4425649	567505341	0	0
13507	2617	9290	2739	4426262	567632970	0	0
13508	4218	9529	3188	4426936	567757664	0	0
13509	4860	7664	6975	4426957	567761333	0	0
13510	623	7893	5320	4427033	567774854	0	0
13511	2515	12644	9427	4427878	567936669	0	0
13512	4623	6948	4474	4428008	567958658	0	0
13513	5310	8030	4667	4428094	567971694	0	0
13514	2957	7781	6588	4428106	567973652	0	0
13515	3586	10107	3406	4428547	568065512	0	0
13516	1748	2544	2090	4428875	568129877	0	0
13517	1111	10585	1496	4429615	568274552	0	0
13518	1436	9493	3819	4429859	568319608	0	0
13519	5580	12257	5331	4429910	568330396	0	0
13520	10479	12273	8565	4430562	568453560	0	0
13521	393	7107	1398	4430927	568523768	0	0
13522	693	13113	5187	4431102	568559275	0	0
13523	2901	10939	2014	4431232	568586672	0	0
13524	7816	8809	5070	4431692	568675257	0	0
13525	4485	4677	5052	4432089	568753379	0	0
13526	8771	8838	9905	4433119	568948753	0	0
13527	5583	12466	12704	4433228	568967980	0	0
13528	12098	12422	12884	4434330	569192682	0	0
13529	194	6897	2999	4434437	569215227	0	0
13530	8206	12877	8124	4435019	569328142	0	0
13531	1198	8050	4592	4435870	569498632	0	0
13532	2550	9165	6088	4436355	569600414	0	0
13533	3521	5079	2514	4436359	569600574	0	0
13534	3854	5792	6366	4436770	569672622	0	0
13535	3453	7309	3075	4437072	569731493	0	0
13536	11202	12588	20473	4437521	569814874	0	0
13537	7975	8095	6756	4437875	569901021	0	0
13538	3177	5085	932	4437890	569904991	0	0
13539	837	8691	1852	4438255	569980583	0	0
13540	967	1069	990	4438347	570000885	0	0
13541	6248	12516	10958	4440245	570381922	0	0
13542	290	3573	2389	4440931	570508130	0	0
13543	2699	7385	1745	4441807	570670136	0	0
13544	1939	9112	5190	4441993	570700956	0	0
13545	6156	11417	9528	4442395	570774824	0	0
13546	4213	8130	7808	4443248	570931244	0	0
13547	4989	9027	5985	4443315	570943721	0	0
13548	11463	13150	14739	4443330	570946855	0	0
13549	6357	9242	8327	4443448	570967070	0	0
13550	6511	8510	7663	4443912	571062605	0	0
13551	7742	12236	11941	4444414	571169788	0	0
13552	4759	8050	7589	4444874	571265175	0	0
13553	1946	4588	812	4444945	571275369	0	0
13554	1934	12439	2469	4445197	571330092	0	0
13555	8942	9904	8233	4446529	571594802	0	0
13556	2077	7081	5647	4447727	571825363	0	0
13557	217	1797	2227	4448878	572027168	0	0
13558	6204	12052	3626	4450067	572210795	0	0
13559	5071	12024	8689	4450180	572226382	0	0
13560	1880	11777	7010	4451846	572486055	0	0
13561	10834	10858	9135	4452103	572524393	0	0
13562	2116	11359	4244	4452392	572570469	0	0
13563	2383	3863	6632	4453971	572820571	0	0
13564	4843	13491	12074	4454035	572830638	0	0
13565	747	8890	2827	4454734	572939154	0	0
13566	7524	8025	8639	4454879	572962646	0	0
13567	5707	8033	4336	4455313	573034251	0	0
