0	-1	-1	1	0	0	2	1
1	-1	-1	1	0	0	2	1
2	0	1	2	2	1	5	2
3	0	2	3	5	2	14	15
4	1	2	3	5	2	8	5
5	2	4	5	8	5	29	31
6	0	3	4	14	15	36	51
7	1	4	4	17	19	50	81
8	0	4	4	22	25	29	31
9	3	4	6	22	25	55	89
10	4	5	8	29	31	88	222
11	4	8	7	29	31	444	1924
12	5	8	9	29	31	55	89
13	1	6	5	36	51	44	61
14	1	13	6	44	61	124	364
15	6	13	9	44	61	73	182
16	7	8	8	50	81	88	222
17	9	12	15	55	89	65	123
18	7	17	19	65	123	585	2883
19	6	15	13	73	182	469	2193
20	6	7	8	75	190	106	288
21	2	15	11	80	199	133	392
22	10	16	16	88	222	121	345
23	9	15	15	93	247	219	779
24	6	20	12	106	288	118	323
25	7	20	12	106	288	164	530
26	10	13	13	115	312	147	471
27	8	24	16	118	323	469	2193
28	15	22	25	121	345	172	557
29	5	14	11	124	364	341	1261
30	7	21	15	133	392	464	2179
31	4	10	11	142	430	635	3290
32	7	26	17	147	471	405	1731
33	25	26	25	164	530	201	682
34	14	28	31	172	557	1499	10911
35	8	20	12	192	664	240	841
36	12	33	34	201	682	306	1018
37	3	23	18	219	779	799	4444
38	13	23	20	236	831	3109	28854
39	16	35	20	240	841	388	1671
40	4	21	14	256	883	282	957
41	5	28	30	259	885	306	1018
42	9	40	20	282	957	347	1275
43	6	24	16	298	1002	1363	9605
44	12	35	21	304	1014	1208	7738
45	36	41	64	306	1018	347	1275
46	2	29	13	341	1261	1499	10911
47	42	45	84	347	1275	444	1924
48	4	23	18	361	1519	543	2664
49	1	28	26	368	1558	597	2940
50	16	39	28	388	1671	423	1804
51	17	32	32	405	1731	493	2400
52	39	50	48	423	1804	657	3358
53	5	42	25	432	1867	871	4969
54	11	47	91	444	1924	3106	28827
55	25	30	27	464	2179	992	5949
56	19	27	29	469	2193	894	5183
57	22	51	48	493	2400	762	4126
58	21	39	31	496	2420	543	2664
59	15	21	20	504	2488	591	2901
60	17	36	49	532	2618	657	3358
61	48	58	49	543	2664	698	3715
62	18	50	47	585	2883	597	2940
63	22	59	36	591	2901	1756	13925
64	49	62	73	597	2940	3040	28342
65	1	31	12	635	3290	1133	6898
66	52	60	97	657	3358	1322	8985
67	29	59	31	681	3612	1375	9738
68	42	52	68	696	3703	6681	77338
69	18	61	68	698	3715	1068	6296
70	3	51	35	707	3789	2926	26915
71	18	36	53	714	3858	857	4831
72	20	59	28	750	4087	3001	27881
73	1	30	16	760	4123	4932	54648
74	57	62	95	762	4126	1356	9458
75	8	19	17	766	4163	901	5248
76	28	59	45	788	4330	812	4555
77	37	61	67	799	4444	1068	6296
78	26	76	58	812	4555	1322	8985
79	25	59	32	815	4558	1285	8726
80	32	39	37	849	4793	1666	12743
81	33	71	78	857	4831	1124	6756
82	33	53	50	871	4969	3529	34406
83	6	53	29	873	4970	1133	6898
84	56	57	77	894	5183	1812	14502
85	5	75	22	901	5248	1375	9738
86	47	48	102	932	5471	4621	49977
87	47	50	112	932	5471	1164	7137
88	48	50	46	932	5471	2755	25492
89	24	35	24	965	5792	1423	10200
90	5	52	53	976	5845	20117	333435
91	48	55	45	992	5949	12267	175086
92	0	56	30	1020	6158	1947	16151
93	12	32	26	1033	6196	1610	12381
94	29	52	59	1049	6234	1742	13782
95	69	77	135	1068	6296	6081	68696
96	21	81	89	1124	6756	1911	15774
97	65	83	41	1133	6898	1164	7137
98	87	97	153	1164	7137	1208	7738
99	44	98	174	1208	7738	2258	18954
100	47	49	110	1223	8114	28590	533587
101	52	79	80	1285	8726	2296	19806
102	9	62	53	1289	8737	5908	67173
103	66	78	155	1322	8985	2404	21001
104	14	24	18	1341	9338	23129	405263
105	40	65	26	1354	9454	2148	17998
106	7	74	99	1356	9458	1459	10491
107	43	50	44	1363	9605	2898	26719
108	67	85	53	1375	9738	2451	21634
109	24	89	36	1423	10200	1742	13782
110	4	47	87	1426	10204	1524	11156
111	57	59	68	1452	10449	2313	20018
112	52	106	147	1459	10491	1668	12744
113	34	46	44	1499	10911	1648	12598
114	0	57	49	1505	10961	1553	11453
115	47	110	171	1524	11156	1553	11453
116	114	115	220	1553	11453	2088	17149
117	1	93	27	1610	12381	2181	18304
118	8	12	13	1621	12452	27817	520032
119	7	113	48	1648	12598	6565	75626
120	47	80	121	1666	12743	2258	18954
121	62	112	194	1668	12744	2679	24641
122	61	97	90	1715	13553	2181	18304
123	6	57	52	1718	13574	1841	14951
124	94	109	95	1742	13782	7251	86183
125	21	63	47	1756	13925	1819	14562
126	6	87	116	1760	13986	2478	21842
127	84	112	224	1812	14502	6836	78911
128	57	125	95	1819	14562	1952	16163
129	69	123	120	1841	14951	228444	8366202
130	23	61	64	1875	15501	2618	24012
131	61	96	138	1911	15774	3109	28854
132	43	92	46	1947	16151	1950	16161
133	49	132	72	1950	16161	13515	197204
134	6	128	99	1952	16163	4790	52543
135	9	114	55	2021	16891	2618	24012
136	34	109	67	2061	17047	11040	153904
137	116	132	266	2088	17149	2478	21842
138	29	39	31	2144	17969	2296	19806
139	27	105	42	2148	17998	4268	45786
140	117	122	117	2181	18304	8829	115637
141	45	84	141	2217	18647	7090	83967
142	24	51	44	2245	18842	9449	126138
143	99	120	295	2258	18954	3884	39411
144	101	138	111	2296	19806	3365	32816
145	50	111	96	2313	20018	2803	25859
146	32	123	69	2352	20544	3190	30197
147	20	78	66	2372	20733	5638	64428
148	3	103	158	2404	21001	5554	62817
149	50	108	81	2451	21634	4036	43024
150	126	137	382	2478	21842	3895	39726
151	103	108	208	2542	22998	5145	57137
152	40	106	113	2586	23658	2919	26849
153	130	135	119	2618	24012	9790	131985
154	1	121	195	2679	24641	3276	31496
155	35	85	34	2711	25201	6266	71226
156	53	88	71	2755	25492	2795	25769
157	111	128	163	2786	25675	4932	54648
158	31	156	82	2795	25769	5902	67138
159	24	145	108	2803	25859	3476	33966
160	37	94	77	2859	26505	2919	26849
161	28	107	69	2898	26719	3106	28827
162	152	160	190	2919	26849	4559	49146
163	70	128	130	2926	26915	9887	133533
164	41	111	98	2989	27751	23326	412038
165	6	39	24	2994	27805	11243	157625
166	72	110	115	3001	27881	6215	70519
167	24	31	23	3004	27913	3365	32816
168	18	64	92	3040	28342	44842	951478
169	5	72	33	3101	28800	5089	56621
170	54	161	160	3106	28827	9403	125431
171	38	131	158	3109	28854	19429	317811
172	24	78	70	3161	29785	3634	35812
173	88	137	312	3177	29966	19509	319658
174	116	146	289	3190	30197	7960	97210
175	94	154	254	3276	31496	24445	442539
176	113	154	239	3326	32282	4244	45272
177	144	167	134	3365	32816	4244	45272
178	9	116	226	3405	33296	6070	68599
179	74	159	203	3476	33966	8951	117847
180	5	43	21	3489	34114	12715	183545
181	23	43	31	3520	34342	3567	34826
182	44	82	71	3529	34406	7537	90708
183	111	115	239	3538	34514	7071	83561
184	59	128	115	3555	34705	4599	49644
185	42	181	51	3567	34826	3630	35749
186	71	99	227	3575	34950	3656	36157
187	97	185	92	3630	35749	3769	37762
188	72	172	98	3634	35812	3884	39411
189	0	114	50	3653	36139	3838	38883
190	6	186	231	3656	36157	4026	42777
191	49	167	49	3714	37184	13770	206420
192	130	138	95	3721	37274	5780	65981
193	69	138	99	3745	37516	4838	53139
194	120	187	213	3769	37762	13663	202849
195	2	186	229	3807	38343	4703	51268
196	79	189	82	3838	38883	8912	117195
197	143	188	393	3884	39411	19172	310189
198	50	150	410	3895	39726	16088	246371
199	39	190	251	4026	42777	10952	152427
200	128	149	176	4036	43024	7280	86392
201	17	72	43	4115	44339	4330	46812
202	0	152	114	4117	44347	15028	226291
203	67	146	100	4167	44762	4435	47818
204	97	114	90	4181	44881	4421	47640
205	6	97	45	4214	45094	10303	140706
206	176	177	373	4244	45272	21734	370099
207	38	139	62	4268	45786	5065	56260
208	187	201	135	4330	46812	5050	56003
209	94	105	85	4357	47224	12482	179325
210	53	65	37	4421	47640	8883	116734
211	53	204	115	4421	47640	16731	262937
212	65	204	102	4421	47640	11825	168179
213	8	203	104	4435	47818	7275	86376
214	54	64	164	4506	48655	15871	242723
215	56	149	110	4510	48681	8440	106976
216	81	167	101	4532	48872	7056	83384
217	22	181	47	4536	48885	7618	91800
218	48	162	208	4559	49146	4864	53467
219	39	184	135	4599	49644	13505	196939
220	86	96	191	4621	49977	5254	58408
221	49	144	137	4652	50650	13835	207517
222	1	113	45	4660	50749	5908	67173
223	22	195	245	4703	51268	9059	120697
224	5	12	14	4730	51651	115666	3388289
225	53	66	122	4774	52331	10666	146375
226	134	181	130	4790	52543	15318	232771
227	41	160	107	4828	53030	8888	116787
228	50	193	127	4838	53139	11337	159215
229	38	218	228	4864	53467	17219	272408
230	41	92	60	4921	54484	9487	126894
231	73	157	179	4932	54648	18359	294156
232	3	18	22	4982	55361	26609	497383
233	64	125	120	5005	55590	5591	63583
234	20	208	143	5050	56003	6244	70854
235	23	207	77	5065	56260	9977	135343
236	36	55	61	5075	56395	76576	1944955
237	18	169	52	5089	56621	184176	6248073
238	6	193	103	5122	57003	29966	572215
239	22	36	50	5136	57090	5478	61915
240	43	151	224	5145	57137	8706	112587
241	46	75	30	5173	57724	10687	146718
242	76	131	183	5239	58331	6509	74674
243	2	138	33	5254	58408	34342	671922
244	2	220	193	5254	58408	5335	59830
245	138	220	222	5254	58408	13990	209345
246	29	167	34	5295	59241	25805	476738
247	36	51	66	5317	59613	6689	77480
248	20	47	92	5324	59659	20206	335234
249	46	244	206	5335	59830	16494	254189
250	65	89	36	5406	60936	6614	76303
251	21	143	306	5415	61037	51214	1146979
252	154	239	245	5478	61915	5540	62522
253	58	252	276	5540	62522	8293	103982
254	4	148	161	5554	62817	22067	379653
255	123	233	172	5591	63583	62408	1493251
256	97	134	140	5630	64280	6620	76432
257	35	147	78	5638	64428	42245	877342
258	120	138	152	5780	65981	9827	132507
259	120	192	216	5780	65981	6400	72915
260	138	192	126	5780	65981	6362	72396
261	19	48	31	5800	66289	9653	129923
262	84	93	103	5835	66658	177165	5923556
263	79	158	114	5902	67138	18336	293703
264	102	222	98	5908	67173	13189	193357
265	31	233	131	5975	67803	8988	118791
266	41	112	177	6014	68014	14375	215430
267	75	88	63	6020	68060	19302	314120
268	113	181	75	6029	68189	22693	396776
269	122	178	316	6070	68599	7457	88917
270	95	187	227	6081	68696	12874	186726
271	137	166	381	6215	70519	6836	78911
272	10	139	50	6228	70662	8831	115643
273	123	234	195	6244	70854	8392	106179
274	139	155	76	6266	71226	6825	78841
275	59	132	66	6344	72215	40460	824038
276	81	102	131	6358	72354	17176	271627
277	125	260	173	6362	72396	20996	352879
278	59	71	73	6383	72652	21636	367299
279	108	259	269	6400	72915	9428	125756
280	83	116	249	6417	73263	491400	23577250
281	96	128	184	6470	74112	7658	92117
282	84	242	260	6509	74674	27116	503483
283	24	177	146	6518	74814	7280	86392
284	4	12	12	6565	75626	9599	128934
285	4	119	51	6565	75626	11896	169639
286	12	119	57	6565	75626	7451	88883
287	81	166	193	6585	75902	7457	88917
288	69	250	104	6614	76303	35083	688731
289	169	256	173	6620	76432	66490	1599990
290	68	146	137	6681	77338	16088	246371
291	119	247	114	6689	77480	9565	128387
292	51	76	77	6803	78697	30614	586187
293	12	274	85	6825	78841	18691	298719
294	59	127	244	6836	78911	37162	744769
295	59	271	401	6836	78911	7787	93685
296	127	271	605	6836	78911	8440	106976
297	9	126	122	6940	81932	22833	399495
298	64	132	119	7010	82826	8095	100232
299	106	216	200	7056	83384	12750	184244
300	69	183	307	7071	83561	11524	162281
301	141	203	241	7090	83967	12946	188444
302	82	130	114	7187	85667	7410	88361
303	41	124	125	7251	86183	7658	92117
304	119	213	152	7275	86376	11300	158550
305	200	283	322	7280	86392	8651	111358
306	50	71	81	7318	87237	11337	159215
307	25	302	126	7410	88361	38302	768289
308	1	286	58	7451	88883	40277	820146
309	269	287	509	7457	88917	24763	451395
310	68	204	158	7529	90499	11696	165688
311	135	182	126	7537	90708	16553	255420
312	47	217	131	7618	91800	7899	95535
313	281	303	309	7658	92117	12727	183692
314	178	295	627	7787	93685	7899	95535
315	19	220	204	7863	95142	8951	117847
316	312	314	758	7899	95535	17368	275947
317	148	174	447	7960	97210	27502	511762
318	58	82	81	7968	97618	8564	110228
319	23	132	61	8027	99286	11193	156670
320	23	123	67	8032	99355	45722	978853
321	218	298	327	8095	100232	9611	129095
322	162	314	817	8112	100516	21903	374426
323	15	60	58	8274	103674	40460	824038
324	15	200	185	8274	103674	13500	196848
325	60	200	225	8274	103674	12903	187371
326	92	98	183	8290	103964	10067	137144
327	59	253	296	8293	103982	29999	572853
328	157	247	229	8304	104396	39076	787829
329	58	89	55	8324	104658	52540	1193646
330	86	273	297	8392	106179	27170	504125
331	215	296	715	8440	106976	14762	220505
332	9	201	49	8484	108446	11040	153904
333	1	189	51	8514	109416	14698	219758
334	22	65	28	8552	110019	10618	145424
335	57	318	129	8564	110228	8767	114316
336	51	216	133	8607	110858	11457	161284
337	201	305	365	8651	111358	8706	112587
338	240	337	589	8706	112587	30297	579286
339	184	335	244	8767	114316	15936	243836
340	30	140	132	8829	115637	10144	138631
341	233	272	170	8831	115643	10035	136528
342	49	210	63	8883	116734	81199	2108325
343	25	227	119	8888	116787	27875	520971
344	152	196	195	8912	117195	9276	123627
345	179	315	407	8951	117847	10618	145424
346	265	274	207	8988	118791	17055	269870
347	126	207	178	9026	119736	9487	126894
348	52	223	293	9059	120697	12307	175406
349	81	203	178	9211	123096	26468	494375
350	107	215	154	9223	123162	9276	123627
351	72	87	140	9267	123584	15015	226162
352	344	350	349	9276	123627	10340	141108
353	108	170	213	9403	125431	23857	426167
354	95	279	404	9428	125756	22833	399495
355	41	142	74	9449	126138	10093	137891
356	40	76	59	9462	126372	147228	4650229
357	230	347	238	9487	126894	16054	245679
358	222	291	159	9565	128387	9635	129608
359	126	284	128	9599	128934	15533	235797
360	80	321	364	9611	129095	21149	357258
361	14	358	165	9635	129608	15871	242723
362	149	261	112	9653	129923	12633	182053
363	121	147	260	9729	131289	22955	401925
364	153	172	189	9790	131985	50512	1123750
365	22	258	168	9827	132507	16518	254594
366	258	318	233	9867	133198	24910	455611
367	163	234	273	9887	133533	21231	359793
368	190	242	414	9896	133748	23424	414704
369	24	134	111	9901	133815	31845	609088
370	20	252	253	9967	135205	17269	273505
371	203	235	177	9977	135343	11103	154689
372	130	341	234	10035	136528	11567	163091
373	159	326	291	10067	137144	10739	147876
374	274	355	150	10093	137891	10739	147876
375	114	340	181	10144	138631	20806	349146
376	76	227	152	10279	140533	15544	236025
377	79	205	77	10303	140706	68475	1679733
378	48	150	400	10326	140926	30935	592614
379	287	352	542	10340	141108	11907	169791
380	19	223	258	10496	143914	105649	3052342
381	73	121	210	10547	144666	19763	326008
382	334	345	435	10618	145424	61683	1471584
383	88	225	168	10666	146375	13505	196939
384	40	154	209	10687	146718	48089	1048984
385	40	241	44	10687	146718	46404	999853
386	154	241	225	10687	146718	10737	147843
387	244	386	418	10737	147843	12338	176141
388	373	374	441	10739	147876	43991	926647
389	39	142	64	10906	152022	11649	164801
390	199	259	467	10952	152427	46896	1014419
391	42	81	98	10998	153407	12156	173785
392	136	332	116	11040	153904	13663	202849
393	98	216	254	11070	154266	21205	358988
394	160	371	254	11103	154689	11264	157876
395	239	296	655	11125	155068	13442	195573
396	122	319	151	11193	156670	73592	1846418
397	17	165	39	11243	157625	16341	251781
398	120	394	375	11264	157876	41421	850263
399	96	304	241	11300	158550	12633	182053
400	54	56	120	11312	158857	15341	233093
401	55	147	93	11325	159002	28594	533662
402	228	306	208	11337	159215	51225	1147449
403	44	222	66	11409	160647	35686	706825
404	17	336	148	11457	161284	97848	2722212
405	295	300	708	11524	162281	16875	266236
406	2	372	236	11567	163091	87983	2365105
407	81	389	142	11649	164801	22955	401925
408	134	314	726	11671	165053	13515	197204
409	152	310	271	11696	165688	69899	1724456
410	7	45	68	11784	167514	31313	601351
411	82	321	377	11803	167724	74275	1871474
412	205	212	147	11825	168179	35714	707664
413	190	205	276	11854	168813	12929	188038
414	109	285	87	11896	169639	20453	341653
415	4	379	545	11907	169791	20931	351279
416	62	285	98	11954	171093	62493	1496462
417	210	391	135	12156	173785	20515	343262
418	184	190	346	12183	174011	12307	175406
419	18	91	64	12267	175086	26175	485999
420	348	418	639	12307	175406	39389	796426
421	68	387	486	12338	176141	68004	1655419
422	6	159	112	12365	176789	14451	216367
423	65	209	97	12482	179325	26160	485395
424	54	269	407	12488	179359	21903	374426
425	306	352	430	12543	180492	16476	253773
426	259	318	297	12620	181903	16341	251781
427	362	399	353	12633	182053	17847	284622
428	11	180	28	12715	183545	13355	195018
429	204	313	399	12727	183692	23857	426167
430	208	299	335	12750	184244	40571	826475
431	8	136	71	12824	185893	51788	1163640
432	141	270	368	12874	186726	19389	316599
433	152	325	338	12903	187371	15544	236025
434	15	413	285	12929	188038	18969	303033
435	301	344	436	12946	188444	16606	257436
436	165	240	248	12968	189232	14108	211010
437	228	230	187	13161	193058	22342	387945
438	264	362	210	13189	193357	18298	292517
439	166	215	225	13290	194292	21668	368147
440	22	204	106	13346	194931	17905	285814
441	180	428	49	13355	195018	15107	228946
442	27	86	118	13415	195428	14142	211586
443	69	395	723	13442	195573	128913	3930542
444	291	324	299	13500	196848	197048	6828219
445	219	383	303	13505	196939	28322	528252
446	133	408	798	13515	197204	39194	790535
447	228	395	782	13639	201950	15030	226299
448	194	392	329	13663	202849	22500	391733
449	120	392	237	13684	203887	20771	348578
450	85	191	71	13770	206420	103565	2927447
451	30	221	152	13835	207517	16035	245285
452	18	245	241	13990	209345	15511	235366
453	150	315	586	13994	209359	27229	505339
454	235	391	175	14082	210642	40009	814204
455	341	436	418	14108	211010	34002	662319
456	7	184	119	14117	211197	43588	914721
457	50	442	146	14142	211586	28501	531796
458	61	144	160	14174	212167	30124	575049
459	130	163	194	14238	213432	15728	240022
460	163	392	246	14259	213656	63582	1526398
461	44	274	97	14280	214188	15341	233093
462	89	230	84	14361	215278	29306	555544
463	266	325	402	14375	215430	43243	906443
464	109	141	177	14384	215578	24051	431144
465	177	422	246	14451	216367	1730470	126627875
466	44	422	133	14482	216767	30935	592614
467	31	36	45	14522	217419	97438	2708534
468	99	138	205	14531	217500	31699	606895
469	38	200	196	14593	218528	17971	287022
470	158	240	306	14611	218762	16553	255420
471	76	80	82	14620	218799	22367	388450
472	13	77	72	14669	219399	19776	326326
473	261	274	107	14671	219414	18897	300950
474	94	333	110	14698	219758	33398	647465
475	372	387	652	14755	220409	32203	617643
476	331	340	847	14762	220505	36463	727190
477	106	196	181	14930	225078	22342	387945
478	161	351	209	15015	226162	24739	450977
479	202	313	423	15028	226291	3153301	283766757
480	272	447	832	15030	226299	20323	337423
481	48	441	67	15107	228946	27961	522210
482	108	285	104	15242	231829	156576	5030065
483	21	155	45	15273	232125	63894	1537592
484	244	325	418	15284	232289	34342	671922
485	92	226	160	15318	232771	49596	1099508
486	400	461	217	15341	233093	15766	240962
487	266	452	418	15511	235366	220144	8010942
488	86	147	168	15520	235479	17237	272841
489	355	359	202	15533	235797	20206	335234
490	376	433	490	15544	236025	39415	797336
491	30	266	192	15619	237752	30279	578689
492	186	196	309	15655	238502	25910	478729
493	0	259	217	15703	239459	52607	1195887
494	51	459	226	15728	240022	19573	321299
495	45	486	281	15766	240962	48150	1050465
496	214	361	329	15871	242723	16035	245285
497	101	339	324	15936	243836	35275	693557
498	451	496	481	16035	245285	24051	431144
499	351	357	378	16054	245679	55021	1267469
500	198	290	547	16088	246371	19321	314577
501	130	221	201	16308	251370	28369	529228
502	397	426	336	16341	251781	51734	1162351
503	352	433	687	16459	253324	19058	306029
504	383	425	598	16476	253773	22099	380466
505	249	441	255	16494	254189	29369	557206
506	181	365	199	16518	254594	39084	787930
507	311	470	432	16553	255420	41893	868382
508	301	496	570	16582	256809	18298	292517
509	59	395	675	16598	257103	22144	381929
510	67	435	467	16606	257436	48411	1058036
511	176	211	354	16731	262937	79783	2058698
512	63	105	62	16774	264254	18610	298125
513	141	405	849	16875	266236	23561	417942
514	346	351	347	17055	269870	43569	913735
515	153	196	201	17130	271062	25634	472322
516	49	276	157	17176	271627	17269	273505
517	112	335	276	17195	271865	51618	1159501
518	203	229	328	17219	272408	29579	564798
519	83	188	127	17233	272789	26523	495142
520	88	488	214	17237	272841	35595	703174
521	37	234	161	17253	273123	17766	283480
522	370	516	410	17269	273505	19763	326008
523	207	422	174	17285	273868	20418	340675
524	40	184	129	17352	275667	21205	358988
525	153	316	877	17368	275947	45241	962069
526	31	84	88	17430	277774	25612	471807
527	37	70	53	17565	280558	33467	648737
528	16	51	40	17587	280860	20292	336984
529	256	392	256	17657	281953	24051	431144
530	87	195	341	17687	282228	18140	289577
531	87	121	306	17708	282519	23744	423627
532	33	284	37	17763	283450	30557	585492
533	265	521	292	17766	283480	29306	555544
534	126	281	300	17840	284485	26072	483003
535	244	427	546	17847	284622	74807	1886066
536	40	440	120	17905	285814	34594	679290
537	211	469	311	17971	287022	35537	701223
538	49	111	94	18078	288673	28702	536414
539	177	400	254	18103	289032	82371	2159239
540	150	179	585	18126	289260	473186	22363876
541	86	530	443	18140	289577	18946	302255
542	92	355	104	18259	291941	62150	1485893
543	438	508	780	18298	292517	18897	300950
544	210	263	151	18336	293703	23978	429495
545	123	231	231	18359	294156	25733	475316
546	22	216	117	18563	297707	56845	1325180
547	32	512	79	18610	298125	23212	407752
548	86	293	187	18691	298719	20625	346108
549	77	304	219	18715	298880	35950	713286
550	253	324	461	18718	298898	390975	17331397
551	10	18	27	18856	300592	502124	24167729
552	473	543	887	18897	300950	29361	557071
553	339	541	687	18946	302255	43118	903224
554	434	451	437	18969	303033	71384	1760784
555	79	209	117	18978	303404	265462	10220249
556	37	469	214	18989	303674	20979	352549
557	336	399	374	19056	305981	38337	769026
558	324	503	872	19058	306029	24245	437455
559	114	197	442	19172	310189	838525	48452079
560	110	196	169	19221	311797	55450	1283745
561	93	347	204	19246	312531	56827	1324765
562	91	267	108	19302	314120	63291	1518972
563	166	500	662	19321	314577	25281	465082
564	85	432	390	19389	316599	66047	1590031
565	149	171	239	19429	317811	85017	2246452
566	173	186	539	19509	319658	21629	367225
567	200	451	328	19517	319905	234090	8637725
568	136	187	159	19544	320619	21388	363695
569	408	494	952	19573	321299	538146	26435326
570	381	522	620	19763	326008	55071	1269685
571	203	472	172	19776	326326	103466	2924182
572	230	395	715	19804	327054	28947	543084
573	314	335	756	19908	330181	32019	611529
574	350	433	492	20115	333427	24531	445132
575	90	352	402	20117	333435	22597	394469
576	211	452	356	20123	333543	32085	613296
577	50	319	89	20193	335003	63779	1532319
578	248	489	294	20206	335234	39194	790535
579	381	528	250	20292	336984	34632	680028
580	326	480	1015	20323	337423	26175	485999
581	286	523	231	20418	340675	20996	352879
582	314	414	714	20453	341653	48747	1072592
583	321	428	355	20488	342497	167728	5480957
584	141	417	276	20515	343262	28957	543457
585	352	548	536	20625	346108	49908	1105890
586	228	449	364	20771	348578	21096	356054
587	53	375	206	20806	349146	71714	1773833
588	76	148	203	20821	349427	39883	811165
589	186	415	772	20931	351279	42634	886982
590	114	556	263	20979	352549	36265	721670
591	277	581	404	20996	352879	56969	1329508
592	144	586	475	21096	356054	89405	2414660
593	4	284	15	21145	357203	124133	3739803
594	163	360	494	21149	357258	27991	522739
595	93	277	199	21176	358006	79658	2053932
596	393	524	383	21205	358988	354075	15143320
597	367	436	521	21231	359793	106871	3090560
598	233	568	279	21388	363695	95872	2644071
599	62	281	231	21580	366756	25036	459129
600	90	277	226	21610	366999	114818	3345758
601	516	566	696	21629	367225	40931	835877
602	84	278	150	21636	367299	53738	1225136
603	219	291	249	21660	367857	45722	978853
604	263	439	339	21668	368147	31088	595735
605	226	351	270	21695	368997	156815	5039546
606	83	206	402	21734	370099	77161	1969045
607	367	432	641	21819	372803	46117	990189
608	322	424	1224	21903	374426	118256	3495190
609	137	568	425	21969	376783	40537	825534
610	113	254	205	22067	379653	66929	1613824
611	8	504	602	22099	380466	36132	717510
612	56	509	704	22144	381929	23216	407878
613	256	272	190	22304	387060	36516	728771
614	437	477	368	22342	387945	76784	1952343
615	285	471	133	22367	388450	36129	717489
616	136	500	614	22418	389570	35181	690915
617	433	448	667	22500	391733	50059	1110188
618	8	331	719	22562	393346	47075	1022912
619	15	575	411	22597	394469	24960	456538
620	16	512	70	22675	396489	24739	450977
621	157	268	238	22693	396776	30694	587583
622	6	176	243	22695	396794	38103	764171
623	297	354	526	22833	399495	37448	748976
624	265	318	212	22872	400389	27961	522210
625	231	422	291	22916	401181	35537	701223
626	363	407	402	22955	401925	41353	848202
627	0	324	186	23115	405073	50261	1117553
628	104	186	245	23129	405263	58052	1366421
629	184	395	770	23136	405305	27502	511762
630	60	305	371	23144	405472	688257	36729254
631	326	361	348	23151	405675	23326	412038
632	28	547	104	23212	407752	54070	1233497
633	470	612	1010	23216	407878	1255103	82256921
634	164	631	446	23326	412038	52792	1200498
635	76	368	459	23424	414704	36075	716107
636	513	541	1292	23561	417942	59157	1399783
637	374	504	748	23640	420313	37665	753420
638	293	302	199	23736	423397	49411	1094420
639	235	531	383	23744	423627	31624	605607
640	353	429	612	23857	426167	28590	533587
641	139	394	296	23862	426447	34270	669833
642	217	544	198	23978	429495	27312	507353
643	174	248	381	23985	429564	54428	1246042
644	464	498	658	24051	431144	35275	693557
645	464	529	433	24051	431144	82982	2177725
646	498	529	737	24051	431144	33802	656487
647	73	558	888	24245	437455	67732	1644225
648	101	543	860	24396	441448	42617	886394
649	175	209	339	24445	442539	40810	832541
650	39	513	869	24517	444695	45884	982043
651	464	574	669	24531	445132	66954	1614439
652	32	269	333	24703	450247	62150	1485893
653	478	620	279	24739	450977	44089	929287
654	124	425	525	24745	451009	39450	798339
655	303	309	634	24763	451395	77978	1996664
656	242	548	370	24770	451500	35511	700492
657	86	366	335	24910	455611	33085	641024
658	78	116	278	24960	456538	71316	1759434
659	78	619	469	24960	456538	28232	526648
660	116	619	631	24960	456538	53738	1225136
661	91	469	241	25024	458768	71782	1776502
662	204	599	321	25036	459129	31493	603943
663	64	339	317	25039	459191	32019	611529
664	57	244	241	25113	461308	32789	635506
665	126	563	778	25281	465082	165596	5395039
666	150	337	747	25480	469140	44089	929287
667	541	544	594	25506	469801	32088	613362
668	186	526	315	25612	471807	193862	6678940
669	303	515	326	25634	472322	27570	514042
670	366	513	1082	25642	472441	80881	2096456
671	164	545	329	25733	475316	34157	666610
672	192	277	268	25798	476617	32259	619828
673	246	470	340	25805	476738	147702	4670070
674	226	433	468	25851	477698	43321	908216
675	395	492	964	25910	478729	53067	1210052
676	277	515	374	25922	479003	32389	623542
677	173	286	369	26012	481741	46913	1015263
678	248	534	392	26072	483003	31019	594486
679	187	563	754	26082	483259	76709	1949809
680	260	423	223	26160	485395	34117	665115
681	419	580	1079	26175	485999	156326	5018874
682	35	55	39	26379	492728	51105	1143541
683	349	374	328	26468	494375	35094	688971
684	309	348	802	26518	495031	171475	5637898
685	174	519	416	26523	495142	86313	2290077
686	232	477	203	26609	497383	35133	690051
687	268	473	182	26775	499718	38184	765792
688	274	459	270	26802	500088	33879	659105
689	199	303	376	26879	500932	32511	627160
690	340	376	284	27028	502539	28781	538294
691	218	278	281	27045	502689	174556	5813639
692	9	282	266	27116	503483	37328	747190
693	14	330	303	27170	504125	48667	1070242
694	279	305	591	27185	504348	66501	1600216
695	397	453	625	27229	505339	118211	3493356
696	185	435	487	27303	507061	32389	623542
697	67	642	229	27312	507353	81258	2109893
698	365	372	402	27332	507758	72346	1801555
699	317	629	1217	27502	511762	33606	651306
700	6	669	330	27570	514042	42324	879352
701	53	162	215	27661	516598	34368	673064
702	264	300	405	27692	517404	66490	1599990
703	92	277	203	27749	518886	34628	679908
704	118	179	216	27817	520032	29966	572215
705	196	343	201	27875	520971	93476	2548748
706	481	624	279	27961	522210	33416	647739
707	152	594	607	27991	522739	43831	922481
708	179	659	672	28232	526648	106611	3080089
709	53	74	120	28279	527567	64605	1559796
710	123	548	239	28283	527625	28947	543084
711	72	445	331	28322	528252	34368	673064
712	317	501	648	28369	529228	44169	932223
713	321	457	473	28501	531796	28848	539881
714	100	640	722	28590	533587	52019	1172984
715	58	401	124	28594	533662	65178	1573567
716	300	376	459	28680	536006	782442	43898686
717	90	538	147	28702	536414	30297	579286
718	352	690	633	28781	538294	30694	587583
719	315	713	677	28848	539881	48227	1052468
720	196	509	757	28855	540073	114594	3338438
721	256	286	197	28910	542107	66970	1614926
722	572	710	954	28947	543084	56403	1310359
723	360	584	640	28957	543457	40768	831174
724	423	558	969	29007	546415	75749	1915000
725	228	415	672	29191	552521	66695	1605614
726	462	533	376	29306	555544	43732	919819
727	98	264	251	29342	556455	56952	1329008
728	204	552	977	29361	557071	95872	2644071
729	10	505	263	29369	557206	68283	1670950
730	316	505	1013	29524	563030	94922	2603652
731	340	518	460	29579	564798	73493	1839357
732	103	245	377	29722	568849	32559	629080
733	81	301	319	29831	570602	360988	15577946
734	71	158	135	29834	570623	34002	662319
735	238	704	319	29966	572215	33416	647739
736	52	327	344	29999	572853	65966	1588315
737	215	418	456	30056	573860	196931	6822720
738	265	458	291	30124	575049	38453	771467
739	315	429	603	30142	575390	35950	713286
740	199	249	457	30149	575526	296711	11826502
741	44	300	328	30194	576559	34109	665010
742	337	491	557	30279	578689	67443	1632939
743	338	717	736	30297	579286	32684	632435
744	155	304	186	30373	581848	57391	1344595
745	89	286	81	30384	582016	327771	13668756
746	461	532	134	30557	585492	51500	1157036
747	292	619	488	30614	586187	41831	866523
748	621	718	871	30694	587583	50832	1132242
749	266	713	650	30744	589155	40537	825534
750	378	466	533	30935	592614	46561	1005231
751	620	678	462	31019	594486	41166	843613
752	35	154	207	31068	595445	60955	1453658
753	604	713	812	31088	595735	36589	731082
754	205	345	452	31092	595910	4002843	392806137
755	410	534	368	31313	601351	39928	812140
756	175	662	575	31493	603943	225495	8251355
757	74	639	478	31624	605607	118943	3524082
758	258	325	377	31677	606426	33089	641086
759	267	468	268	31699	606895	80112	2071130
760	270	332	276	31783	608188	34841	684873
761	28	174	314	31810	608610	226479	8282701
762	363	369	371	31845	609088	35558	701755
763	573	663	1073	32019	611529	262518	10085832
764	128	194	308	32039	612127	369785	16113133
765	212	492	411	32078	613114	99898	2789363
766	16	576	364	32085	613296	103098	2908446
767	413	667	870	32088	613362	107973	3123547
768	79	333	83	32176	616577	52887	1203643
769	153	475	771	32203	617643	49874	1105080
770	46	672	281	32259	619828	38593	775658
771	50	174	317	32330	621814	40255	819771
772	676	696	861	32389	623542	242519	9062558
773	160	689	453	32511	627160	38829	781350
774	21	174	300	32543	628775	112350	3265412
775	62	732	424	32559	629080	42019	871558
776	42	303	145	32623	630850	33126	641942
777	95	743	871	32684	632435	147422	4657757
778	247	664	307	32789	635506	587887	29732532
779	50	397	67	33034	640482	92855	2528292
780	197	657	728	33085	641024	57683	1353383
781	87	758	489	33089	641086	866113	50744704
782	581	776	376	33126	641942	48089	1048984
783	428	758	405	33275	645224	63651	1527700
784	291	519	241	33289	645566	81178	2107683
785	212	474	212	33398	647465	36573	730624
786	706	735	598	33416	647739	96932	2681970
787	494	527	279	33467	648737	47776	1042109
788	389	699	1281	33606	651306	44940	953048
789	471	473	189	33670	653254	56403	1310359
790	157	669	489	33695	653814	168249	5505302
791	46	202	127	33747	655255	43535	912880
792	166	646	852	33802	656487	378829	16594982
793	45	688	334	33879	659105	54539	1251500
794	455	734	553	34002	662319	670538	35420900
795	79	447	814	34061	663759	103560	2927335
796	239	741	378	34109	665010	58715	1389932
797	524	680	352	34117	665115	38644	777113
798	190	195	460	34144	665940	36979	741978
799	157	671	492	34157	666610	37986	760569
800	422	641	408	34270	669833	89093	2403484
801	243	484	451	34342	671922	1616338	116199709
802	701	711	546	34368	673064	46117	990189
803	23	37	33	34550	678364	36265	721670
804	413	425	706	34561	678486	164836	5358664
805	210	536	157	34594	679290	139922	4352366
806	358	703	362	34628	679908	61384	1463967
807	140	579	367	34632	680028	55968	1296580
808	92	760	306	34841	684873	40033	814738
809	150	461	479	34912	685899	58661	1388361
810	419	472	136	34952	686413	66929	1613824
811	139	175	296	34986	686940	138652	4298090
812	80	424	444	34999	687205	291545	11550865
813	216	288	205	35083	688731	98507	2742104
814	366	683	561	35094	688971	475626	22512527
815	264	686	301	35133	690051	63894	1537592
816	207	616	676	35181	690915	39450	798339
817	497	644	982	35275	693557	182914	6178738
818	448	459	523	35387	697558	70297	1733397
819	214	656	534	35511	700492	46561	1005231
820	537	625	602	35537	701223	37986	760569
821	111	762	439	35558	701755	48150	1050465
822	256	718	773	35570	702139	70766	1742754
823	222	520	259	35595	703174	227250	8318990
824	403	735	385	35686	706825	53480	1220136
825	150	412	529	35714	707664	116924	3437417
826	73	410	84	35831	710792	44653	947760
827	1	156	72	35927	712852	69752	1720163
828	549	739	822	35950	713286	42462	882191
829	474	635	569	36075	716107	153908	4904488
830	267	290	200	36114	716979	178148	5953167
831	393	615	387	36129	717489	37739	755074
832	109	611	638	36132	717510	78873	2030995
833	590	803	296	36265	721670	42228	876739
834	316	344	953	36295	722620	84681	2232958
835	118	292	90	36303	722847	43346	908735
836	476	683	1175	36463	727190	45921	983241
837	210	449	274	36502	728503	69057	1696604
838	354	613	594	36516	728771	79710	2055942
839	288	785	316	36573	730624	334121	13988755
840	146	753	881	36589	731082	46896	1014419
841	302	304	266	36724	736179	115824	3396116
842	182	798	531	36979	741978	92293	2513027
843	2	294	246	37162	744769	45303	964370
844	152	504	711	37177	744961	38468	771785
845	639	692	649	37328	747190	476320	22556847
846	205	281	229	37366	747836	103970	2946579
847	244	623	719	37448	748976	62341	1490945
848	522	704	626	37521	750307	791501	44649063
849	96	637	837	37665	753420	45122	958396
850	235	419	141	37727	754852	190532	6519676
851	549	831	606	37739	755074	55751	1290966
852	45	331	779	37900	758928	46913	1015263
853	799	820	1094	37986	760569	50059	1110188
854	324	622	428	38103	764171	133104	4077041
855	568	687	341	38184	765792	525646	25681786
856	307	497	450	38302	768289	55816	1292531
857	183	557	613	38337	769026	108256	3131763
858	202	738	405	38453	771467	158125	5095282
859	713	844	1184	38468	771785	50512	1123750
860	122	770	371	38593	775658	1986700	151947118
861	126	797	468	38644	777113	51813	1164145
862	9	331	721	38694	778198	100215	2807388
863	448	773	782	38829	781350	60200	1433420
864	157	480	995	38986	785292	155318	4972138
865	328	584	505	39076	787829	96071	2650684
866	22	328	245	39084	787930	44449	941679
867	22	506	215	39084	787930	76216	1936075
868	328	506	428	39084	787930	209594	7413672
869	446	578	1092	39194	790535	55021	1267469
870	252	374	395	39261	792997	155003	4951722
871	157	359	291	39312	794625	65605	1580956
872	52	420	687	39389	796426	56166	1303369
873	77	490	557	39415	797336	65414	1576653
874	654	816	1201	39450	798339	68117	1660947
875	25	307	138	39751	808456	50261	1117553
876	100	195	339	39764	808621	183371	6205782
877	158	281	266	39860	810739	55945	1295551
878	508	588	773	39883	811165	40931	835877
879	152	755	481	39928	812140	51618	1159501
880	172	318	151	39943	812648	54411	1245162
881	300	454	482	40009	814204	41353	848202
882	274	808	382	40033	814738	490344	23491650
883	8	169	37	40202	818619	86543	2300740
884	8	519	131	40244	819491	59645	1410744
885	563	771	979	40255	819771	93579	2552849
886	11	359	135	40260	819857	56332	1308456
887	20	118	21	40265	819947	66722	1606844
888	254	717	308	40269	820000	45303	964370
889	284	308	70	40277	820146	60745	1450066
890	312	376	283	40292	820391	53910	1228907
891	275	323	124	40460	824038	41240	845716
892	609	749	1075	40537	825534	171419	5633937
893	430	734	470	40571	826475	129449	3948045
894	68	292	145	40672	829249	49460	1095720
895	466	568	292	40701	829837	101431	2849531
896	412	723	787	40768	831174	41510	853027
897	649	711	670	40810	832541	49402	1094181
898	601	878	1469	40931	835877	41556	854973
899	323	337	423	41121	842227	71363	1760346
900	48	751	480	41166	843613	92962	2531489
901	505	891	379	41240	845716	61710	1472659
902	626	881	884	41353	848202	46402	999809
903	350	440	260	41413	850107	61683	1471584
904	225	398	497	41421	850263	80112	2071130
905	541	896	1230	41510	853027	92962	2531489
906	259	898	1685	41556	854973	54070	1233497
907	183	448	568	41607	857808	97848	2722212
908	209	747	573	41831	866523	52837	1201671
909	123	507	484	41893	868382	56563	1315639
910	474	775	534	42019	871558	622845	32060029
911	100	644	768	42225	876705	270413	10502001
912	357	833	534	42228	876739	57851	1357653
913	257	599	309	42245	877342	52837	1201671
914	89	403	90	42280	878479	191049	6549629
915	217	700	377	42324	879352	53453	1219681
916	131	828	960	42462	882191	44445	941565
917	412	454	322	42476	882672	2572676	214654929
918	407	648	1002	42617	886394	56634	1317511
919	339	589	1016	42634	886982	2731278	232757781
920	139	558	914	42664	888207	175722	5868888
921	116	758	597	42739	890814	99738	2783646
922	162	580	1205	42870	895817	59601	1408610
923	195	424	636	43092	902555	94646	2594726
924	58	553	718	43118	903224	43569	913735
925	61	463	451	43243	906443	139859	4351198
926	136	674	535	43321	908216	94180	2581632
927	489	835	292	43346	908735	67168	1621315
928	152	261	144	43520	912618	60144	1431398
929	609	791	552	43535	912880	74858	1887524
930	110	710	326	43550	913144	144407	4518662
931	514	924	1065	43569	913735	61202	1458445
932	205	456	164	43588	914721	127091	3877123
933	110	294	331	43648	916646	71755	1775345
934	532	726	413	43732	919819	113606	3307019
935	328	707	836	43831	922481	365030	15790172
936	298	466	252	43859	923427	44036	927725
937	261	388	472	43991	926647	341594	14407922
938	415	936	797	44036	927725	50863	1133395
939	653	666	1026	44089	929287	50832	1132242
940	268	311	201	44092	929355	48227	1052468
941	509	712	1323	44169	932223	76846	1954765
942	311	916	1086	44445	941565	99510	2774737
943	59	866	265	44449	941679	83684	2199201
944	335	678	521	44578	945616	108484	3138831
945	188	826	182	44653	947760	85027	2246639
946	167	394	277	44818	951028	53453	1219681
947	30	168	107	44842	951478	344279	14576775
948	248	689	468	44889	952169	407879	18345824
949	461	788	1378	44940	953048	48398	1057659
950	75	484	435	45077	957220	131678	4026412
951	110	849	924	45122	958396	53910	1228907
952	525	556	1091	45241	962069	71755	1775345
953	843	888	554	45303	964370	72130	1791920
954	271	362	493	45327	965321	138050	4271048
955	573	637	1504	45352	966450	63779	1532319
956	490	504	1088	45381	967371	47581	1037018
957	320	603	316	45722	978853	55104	1271095
958	458	650	1029	45884	982043	122003	3649926
959	300	734	442	45919	983216	214162	7623893
960	346	836	1382	45921	983241	142319	4445954
961	408	523	900	46082	989094	64643	1560763
962	607	802	1187	46117	990189	164824	5358099
963	151	351	348	46208	993604	164824	5358099
964	258	355	226	46326	997987	94527	2590957
965	650	902	1753	46402	999809	48943	1079927
966	385	689	420	46404	999853	56459	1311998
967	750	819	1067	46561	1005231	63158	1515405
968	390	840	1348	46896	1014419	84199	2214827
969	118	575	415	46911	1015136	49460	1095720
970	677	852	1148	46913	1015263	206173	7242973
971	94	819	593	46989	1019500	87490	2340734
972	618	732	1096	47075	1022912	86387	2291935
973	410	654	593	47125	1025394	166633	5435840
974	277	283	319	47415	1034181	103371	2920670
975	79	310	190	47508	1035942	447611	20784356
976	64	458	233	47521	1036090	175949	5877226
977	165	656	394	47576	1036962	181175	6081802
978	346	956	1295	47581	1037018	58033	1365536
979	732	787	656	47776	1042109	176217	5888734
980	275	629	836	47830	1043130	70766	1742754
981	359	523	302	47884	1044717	120305	3589945
982	67	207	93	47920	1045400	186479	6342735
983	2	523	176	47969	1046569	177989	5946933
984	245	341	392	48027	1047841	272408	10605648
985	14	469	202	48038	1048053	605974	30993371
986	384	782	585	48089	1048984	66954	1614439
987	495	821	720	48150	1050465	55587	1287229
988	719	940	878	48227	1052468	122468	3669658
989	279	370	522	48340	1056011	58150	1371409
990	429	949	1777	48398	1057659	293955	11686872
991	240	510	691	48411	1058036	62937	1509142
992	445	586	667	48445	1060267	0	0
993	110	331	802	48503	1063552	171130	5618844
994	230	264	158	48566	1066331	607796	31091882
995	392	693	419	48667	1070242	55104	1271095
996	8	582	718	48747	1072592	71609	1769538
997	176	758	616	48813	1075048	57948	1361680
998	741	965	2081	48943	1079927	141219	4391686
999	615	797	485	48970	1081265	57471	1347052
1000	432	538	462	49072	1085701	601624	30735009
1001	669	897	996	49402	1094181	602879	30820757
1002	115	638	370	49411	1094420	62720	1502932
1003	894	969	560	49460	1095720	109993	3196406
1004	485	735	479	49596	1099508	111414	3240232
1005	52	102	101	49648	1100965	61515	1467750
1006	130	282	324	49755	1103189	75772	1916292
1007	109	199	287	49809	1104013	112350	3265412
1008	65	769	783	49874	1105080	1240525	81138052
1009	585	626	938	49908	1105890	85840	2274536
1010	53	693	328	49949	1107076	500228	24060995
1011	617	853	1761	50059	1110188	51819	1164308
1012	627	875	324	50261	1117553	73419	1836763
1013	28	506	224	50290	1118318	71932	1783233
1014	735	749	969	50392	1120995	59579	1407917
1015	52	451	200	50470	1122988	57683	1353383
1016	364	859	1373	50512	1123750	96937	2682091
1017	127	304	376	50785	1131392	52047	1174007
1018	748	939	1897	50832	1132242	54411	1245162
1019	323	938	855	50863	1133395	180495	6050233
1020	62	525	924	50985	1138833	81950	2140033
1021	582	682	753	51105	1143541	52468	1191549
1022	251	678	698	51214	1146979	75749	1915000
1023	402	843	454	51225	1147449	112873	3279767
1024	12	552	896	51252	1148245	131256	4011193
1025	199	240	475	51334	1151285	167418	5465652
1026	66	209	182	51338	1151410	108049	3125596
1027	71	387	471	51384	1153221	54822	1260972
1028	268	746	209	51500	1157036	54133	1236764
1029	517	879	757	51618	1159501	63651	1527700
1030	3	502	339	51734	1162351	205429	7203065
1031	200	431	247	51788	1163640	127577	3898415
1032	359	861	596	51813	1164145	63291	1518972
1033	321	1011	2088	51819	1164308	52117	1176723
1034	183	714	961	52019	1172984	154864	4944705
1035	376	1017	528	52047	1174007	69027	1695356
1036	656	1033	2458	52117	1176723	68041	1656524
1037	110	1021	840	52468	1191549	52887	1203643
1038	183	329	294	52540	1193646	181175	6081802
1039	493	522	627	52607	1195887	54858	1261999
1040	601	634	1142	52792	1200498	99889	2788838
1041	908	913	882	52837	1201671	67565	1637300
1042	768	1037	923	52887	1203643	196997	6825440
1043	18	675	983	53067	1210052	78384	2013356
1044	915	946	654	53453	1219681	77978	1996664
1045	34	824	416	53480	1220136	456114	21270334
1046	388	687	623	53684	1224138	84241	2216252
1047	602	660	781	53738	1225136	76784	1952343
1048	46	376	165	53897	1228655	381907	16791909
1049	890	951	1207	53910	1228907	73138	1827692
1050	76	121	239	53956	1230180	530757	25955702
1051	632	906	1789	54070	1233497	73493	1839357
1052	239	1028	259	54133	1236764	118537	3505606
1053	492	616	923	54330	1243069	376922	16497926
1054	880	1018	2048	54411	1245162	226390	8278577
1055	306	643	462	54428	1246042	1430862	98200342
1056	194	671	542	54512	1250267	457124	21325396
1057	426	793	631	54539	1251500	114755	3343402
1058	13	291	119	54712	1258045	82238	2154452
1059	578	1027	765	54822	1260972	226467	8281903
1060	478	1039	836	54858	1261999	75742	1914704
1061	309	423	606	54916	1264466	152871	4852018
1062	499	869	1470	55021	1267469	62374	1491909
1063	71	323	111	55030	1267826	143552	4489647
1064	570	747	1108	55071	1269685	114144	3325483
1065	957	995	735	55104	1271095	57050	1332732
1066	116	560	389	55450	1283745	184623	6269380
1067	121	370	447	55483	1284770	85989	2279289
1068	284	376	164	55565	1286722	72130	1791920
1069	205	987	765	55587	1287229	3295291	301737450
1070	53	386	250	55641	1288487	346791	14729140
1071	55	851	633	55751	1290966	77830	1990144
1072	581	856	681	55816	1292531	60413	1440633
1073	557	581	605	55918	1294812	319644	13186281
1074	26	824	398	55927	1295054	123434	3712230
1075	352	877	615	55945	1295551	315457	12966743
1076	706	751	741	55955	1295818	64342	1550698
1077	672	807	635	55968	1296580	125141	3785751
1078	91	872	732	56166	1303369	218588	7918102
1079	19	545	244	56196	1304147	935421	55886355
1080	51	886	167	56332	1308456	68778	1690104
1081	722	789	1143	56403	1310359	191370	6567055
1082	413	966	696	56459	1311998	178447	5961586
1083	313	909	793	56563	1315639	85989	2279289
1084	611	918	1604	56634	1317511	119913	3570768
1085	318	374	231	56794	1323711	65481	1577878
1086	477	561	385	56827	1324765	81847	2134141
1087	91	546	162	56845	1325180	99738	2783646
1088	671	853	1423	56861	1325975	145485	4565421
1089	277	727	424	56952	1329008	334562	14013819
1090	390	591	871	56969	1329508	112073	3257068
1091	861	1065	1203	57050	1332732	73346	1833828
1092	261	648	891	57063	1333303	75575	1908194
1093	514	771	664	57338	1343334	67443	1632939
1094	688	744	456	57391	1344595	62760	1503991
1095	59	849	857	57417	1345318	70769	1742843
1096	181	336	164	57428	1345756	111620	3245492
1097	117	999	512	57471	1347052	90274	2445414
1098	379	485	702	57652	1352637	1429025	98026784
1099	780	1015	928	57683	1353383	86470	2295533
1100	56	558	901	57814	1356606	71932	1783233
1101	859	912	1718	57851	1357653	81818	2132069
1102	378	957	716	57941	1361373	65722	1583346
1103	47	997	700	57948	1361680	81481	2118865
1104	588	978	1498	58033	1365536	72795	1818570
1105	628	666	992	58052	1366421	96966	2683443
1106	773	989	975	58150	1371409	104497	2983043
1107	689	999	861	58378	1381072	456381	21284965
1108	139	833	338	58477	1384159	1185050	76560332
1109	499	809	857	58661	1388361	158660	5119796
1110	748	796	1249	58715	1389932	266550	10283011
1111	77	453	653	59030	1397432	60144	1431398
1112	354	636	1696	59157	1399783	69113	1698178
1113	57	392	164	59331	1403915	76980	1961764
1114	397	431	110	59576	1407905	73039	1825710
1115	549	1014	1188	59579	1407917	109105	3167095
1116	908	922	1778	59601	1408610	59749	1414271
1117	194	884	344	59645	1410744	238600	8871040
1118	433	1116	2116	59749	1414271	67221	1622868
1119	135	447	837	59944	1424846	125218	3789525
1120	397	909	523	60117	1430707	108105	3127105
1121	104	546	135	60120	1430726	65391	1576438
1122	928	1111	797	60144	1431398	249384	9375624
1123	388	863	1223	60200	1433420	252695	9543144
1124	488	664	409	60234	1434337	582269	29358025
1125	93	313	335	60330	1437640	2163907	171240591
1126	181	1072	712	60413	1440633	179863	6018636
1127	495	749	931	60486	1442711	77810	1988985
1128	456	889	189	60745	1450066	71950	1783721
1129	107	277	217	60767	1450451	62937	1509142
1130	68	117	95	60859	1452161	62105	1484473
1131	528	752	247	60955	1453658	76846	1954765
1132	607	613	831	61019	1454628	101119	2840882
1133	390	575	869	61068	1455532	248957	9361405
1134	462	755	452	61125	1456859	87493	2340751
1135	323	908	631	61184	1458085	75847	1920948
1136	166	931	1180	61202	1458445	289050	11443208
1137	295	649	740	61280	1460871	333389	13948988
1138	806	861	830	61384	1463967	91732	2496616
1139	140	331	832	61422	1464867	74598	1879847
1140	41	1005	131	61515	1467750	146945	4636777
1141	382	903	695	61683	1471584	115660	3388063
1142	214	901	543	61710	1472659	80389	2078786
1143	66	726	473	61795	1475109	89556	2420986
1144	163	632	234	61819	1475590	246583	9280434
1145	161	533	361	61844	1476072	78393	2013850
1146	573	644	1414	61955	1478893	69721	1719414
1147	32	699	1234	61978	1479726	252400	9526990
1148	903	1130	355	62105	1484473	70341	1734222
1149	542	652	437	62150	1485893	75323	1900916
1150	264	620	168	62192	1487004	71609	1769538
1151	45	344	259	62254	1488759	1703352	124252921
1152	520	847	933	62341	1490945	152278	4827393
1153	93	1062	1496	62374	1491909	89093	2403484
1154	209	255	257	62408	1493251	366205	15857527
1155	416	749	748	62493	1496462	77161	1969045
1156	158	1002	452	62720	1502932	0	0
1157	490	1094	946	62760	1503991	105999	3063300
1158	190	746	365	62856	1506742	93327	2544946
1159	385	401	137	62905	1508245	64409	1552578
1160	991	1129	908	62937	1509142	176419	5896159
1161	41	967	1097	63158	1515405	82371	2159239
1162	35	401	105	63287	1518909	167350	5462415
1163	562	1032	704	63291	1518972	77018	1963038
1164	223	514	592	63331	1520131	123236	3704718
1165	333	819	585	63538	1525511	78010	1998367
1166	460	755	614	63582	1526398	66020	1589236
1167	59	144	131	63615	1527089	89962	2437188
1168	783	1029	1162	63651	1527700	101614	2854528
1169	232	235	99	63658	1528011	278289	10878061
1170	117	542	131	63721	1530530	67933	1652938
1171	150	472	454	63749	1531557	420029	19018655
1172	577	955	1593	63779	1532319	86947	2315818
1173	483	815	346	63894	1537592	98234	2733576
1174	575	689	778	64095	1544718	79658	2053932
1175	161	473	176	64144	1546130	157238	5057104
1176	73	522	426	64151	1546311	130239	3973534
1177	388	644	1099	64234	1548259	83714	2199952
1178	1015	1076	941	64342	1550698	233327	8599241
1179	469	568	355	64369	1551615	444235	20574049
1180	580	1159	1152	64409	1552578	120462	3597189
1181	29	55	38	64433	1553950	344279	14576775
1182	202	530	455	64438	1554063	178679	5970649
1183	221	709	257	64605	1559796	144312	4515788
1184	234	499	521	64623	1560243	783409	43974103
1185	428	961	928	64643	1560763	463124	21763842
1186	483	693	348	64659	1561646	101891	2865772
1187	206	468	578	65035	1571163	138280	4280049
1188	310	638	357	65129	1572820	74275	1871474
1189	293	715	209	65178	1573567	71363	1760346
1190	274	1121	211	65391	1576438	90243	2444541
1191	638	873	756	65414	1576653	72364	1802148
1192	382	591	839	65469	1577569	176489	5899414
1193	660	1085	862	65481	1577878	135714	4167154
1194	13	871	296	65605	1580956	166204	5416816
1195	755	1102	1084	65722	1583346	108271	3132233
1196	736	1039	971	65966	1588315	91013	2473257
1197	354	1166	1018	66020	1589236	110063	3198128
1198	278	564	463	66047	1590031	2796461	239795659
1199	17	806	377	66116	1591714	90334	2447397
1200	383	696	655	66355	1597377	146345	4608431
1201	323	782	434	66381	1597860	68283	1670950
1202	289	702	578	66490	1599990	86470	2295533
1203	47	637	832	66499	1600163	102976	2903135
1204	119	694	639	66501	1600216	109233	3173687
1205	167	928	167	66552	1601972	113888	3317057
1206	566	659	1008	66650	1604582	107698	3116772
1207	725	1002	1042	66695	1605614	135111	4142332
1208	656	887	391	66722	1606844	71714	1773833
1209	19	776	158	66816	1610372	126272	3839928
1210	610	810	341	66929	1613824	171569	5646122
1211	651	986	1254	66954	1614439	134075	4105072
1212	34	721	228	66970	1614926	331495	13847583
1213	357	927	530	67168	1621315	147850	4675590
1214	819	1118	2650	67221	1622868	355441	15211756
1215	742	1093	1221	67443	1632939	100791	2828203
1216	20	1041	890	67565	1637300	467581	22046438
1217	442	677	487	67621	1639664	110699	3221261
1218	75	348	310	67704	1643380	0	0
1219	647	654	1413	67732	1644225	129822	3959884
1220	485	637	908	67821	1648210	78873	2030995
1221	886	1170	266	67933	1652938	92293	2513027
1222	122	623	616	67949	1653423	366730	15894992
1223	209	421	571	68004	1655419	93542	2551038
1224	318	1036	2539	68041	1656524	380648	16705905
1225	142	874	1245	68117	1660947	153908	4904488
1226	729	1201	697	68283	1670950	1492714	104020983
1227	377	916	1037	68475	1679733	91283	2482887
1228	181	618	750	68702	1688155	72346	1801555
1229	456	1080	286	68778	1690104	145703	4577819
1230	33	770	306	69000	1694910	72048	1788215
1231	421	809	965	69023	1695286	110067	3198247
1232	164	1035	626	69027	1695356	137573	4247929
1233	140	642	315	69030	1695577	95424	2623870
1234	837	918	1276	69057	1696604	152278	4827393
1235	333	793	385	69097	1697886	97960	2725582
1236	218	1112	1904	69113	1698178	103834	2938485
1237	707	747	1095	69355	1710081	145277	4555684
1238	183	632	343	69379	1710970	102103	2874707
1239	478	1146	1623	69721	1719414	150506	4760095
1240	457	827	218	69752	1720163	140449	4366499
1241	24	409	283	69899	1724456	165327	5382789
1242	291	585	650	69926	1724991	3531832	332411053
1243	154	835	285	70014	1727844	113871	3316656
1244	252	760	521	70114	1730194	86474	2295804
1245	818	916	1483	70297	1733397	672272	35559175
1246	875	1148	493	70341	1734222	149641	4736094
1247	360	545	595	70504	1737938	86905	2314425
1248	42	607	661	70627	1740191	71399	1761317
1249	125	296	652	70719	1741825	184623	6269380
1250	183	526	327	70732	1742036	73138	1827692
1251	822	980	1609	70766	1742754	87105	2322673
1252	116	1095	1077	70769	1742843	267864	10352381
1253	26	894	158	70889	1748545	370041	16128716
1254	84	607	718	71212	1757065	100470	2816905
1255	498	658	759	71316	1759434	657378	34516632
1256	472	1076	813	71357	1760323	290521	11504681
1257	899	1189	632	71363	1760346	73490	1839291
1258	554	612	1141	71384	1760784	84855	2240589
1259	966	1248	1081	71399	1761317	84681	2232958
1260	996	1150	886	71609	1769538	94546	2591399
1261	4	307	129	71617	1769914	366135	15852661
1262	587	1208	597	71714	1773833	122278	3660043
1263	933	952	1422	71755	1775345	95712	2636113
1264	661	802	787	71782	1776502	104194	2960231
1265	1013	1100	1125	71932	1783233	87751	2355253
1266	424	1128	596	71950	1783721	198918	6922293
1267	586	663	681	71964	1784444	95212	2613835
1268	186	1230	533	72048	1788215	132795	4065588
1269	414	712	735	72127	1791845	168556	5522576
1270	953	1068	718	72130	1791920	102231	2878513
1271	97	135	96	72273	1798902	139922	4352366
1272	698	1228	1152	72346	1801555	178440	5961376
1273	776	1191	901	72364	1802148	162432	5269821
1274	124	197	488	72498	1809307	130775	3992033
1275	385	669	370	72754	1817759	102231	2878513
1276	246	1104	1532	72795	1818570	93500	2549560
1277	642	1114	308	73039	1825710	1260355	82726600
1278	1049	1250	1534	73138	1827692	218941	7935409
1279	436	458	408	73290	1832484	78384	2013356
1280	809	1091	1682	73346	1833828	646745	33625044
1281	624	671	541	73376	1834869	77672	1985294
1282	59	1012	344	73419	1836763	79785	2058728
1283	544	1257	783	73490	1839291	180379	6043868
1284	731	1051	2249	73493	1839357	80389	2078786
1285	284	396	163	73592	1846418	153134	4867107
1286	185	1095	908	73605	1846825	125335	3796182
1287	197	773	846	73780	1855895	103037	2905433
1288	65	69	80	73895	1860022	303409	12216794
1289	151	734	343	73971	1862954	86474	2295804
1290	806	909	846	74122	1867425	128412	3916796
1291	560	619	580	74180	1868895	76559	1944689
1292	87	468	317	74228	1870349	136971	4218362
1293	411	1188	734	74275	1871474	235132	8686096
1294	127	902	1108	74346	1873619	79403	2046431
1295	955	1139	2336	74598	1879847	87490	2340734
1296	719	1189	886	74788	1885494	124856	3769790
1297	9	535	552	74807	1886066	79871	2062277
1298	657	929	887	74858	1887524	121887	3646391
1299	849	890	1120	75005	1892395	195093	6724793
1300	803	808	339	75078	1894483	86387	2291935
1301	15	347	187	75084	1894612	107682	3116377
1302	149	517	357	75202	1897852	150401	4756544
1303	153	1017	495	75234	1898620	161227	5225059
1304	80	1102	753	75313	1900718	155318	4972138
1305	987	1149	1157	75323	1900916	339139	14271299
1306	1094	1146	1870	75545	1907213	131863	4034814
1307	409	821	710	75552	1907630	81551	2121907
1308	255	1092	1063	75575	1908194	110067	3198247
1309	563	1060	1498	75742	1914704	83366	2187779
1310	724	1022	1667	75749	1915000	116360	3417031
1311	456	1006	443	75772	1916292	105466	3045097
1312	235	1135	708	75847	1920948	108457	3137926
1313	383	867	383	76216	1936075	174107	5791113
1314	493	844	928	76276	1937719	83992	2208985
1315	378	508	970	76358	1939702	338784	14250061
1316	82	512	112	76449	1942264	334562	14013819
1317	522	572	1125	76496	1943178	120570	3602457
1318	946	1291	857	76559	1944689	126483	3848178
1319	117	451	179	76574	1944953	258598	9869849
1320	236	452	302	76576	1944955	79710	2055942
1321	493	679	971	76709	1949809	98063	2728442
1322	614	1047	1149	76784	1952343	159317	5148488
1323	941	1131	1570	76846	1954765	119342	3544707
1324	530	1113	505	76980	1961764	136966	4218259
1325	696	1163	1191	77018	1963038	90642	2459118
1326	606	1155	1150	77161	1969045	1919833	145364835
1327	415	541	988	77316	1974837	92855	2528292
1328	114	410	117	77576	1983273	140397	4365041
1329	231	411	556	77641	1984551	180159	6032261
1330	1228	1281	1291	77672	1985294	311237	12686320
1331	712	967	1715	77740	1987215	81818	2132069
1332	624	1127	1143	77810	1988985	88412	2382727
1333	12	1071	642	77830	1990144	134413	4118219
1334	655	1044	1288	77978	1996664	104495	2982994
1335	428	520	242	78004	1998064	130452	3980275
1336	776	1165	730	78010	1998367	96250	2658134
1337	1100	1148	1256	78158	2005708	81342	2113039
1338	1043	1279	1391	78384	2013356	92306	2513210
1339	1145	1159	498	78393	2013850	83895	2206367
1340	330	1102	1013	78560	2020048	197093	6830242
1341	1028	1051	1998	78605	2021543	108767	3150192
1342	832	1220	1546	78873	2030995	115353	3372655
1343	55	499	405	79029	2037221	88098	2370470
1344	680	880	374	79053	2038036	263477	10127899
1345	617	770	948	79110	2039389	122301	3661095
1346	89	577	113	79367	2045531	244504	9176812
1347	810	1294	1244	79403	2046431	112849	3278701
1348	653	879	760	79488	2048607	352757	15074917
1349	724	1005	1070	79494	2048744	101921	2866905
1350	300	751	769	79542	2050120	88032	2367678
1351	68	373	359	79655	2053859	124133	3739803
1352	595	1174	977	79658	2053932	196129	6785237
1353	838	1320	896	79710	2055942	116360	3417031
1354	364	511	543	79783	2058698	196534	6805132
1355	14	1282	350	79785	2058728	184974	6284732
1356	171	1297	710	79871	2062277	171836	5663676
1357	179	672	471	80068	2069721	88928	2398651
1358	759	904	765	80112	2071130	128412	3916796
1359	149	759	349	80222	2074909	90826	2466905
1360	14	809	485	80382	2078632	1299271	86146235
1361	1142	1284	2792	80389	2078786	604266	30906670
1362	93	957	342	80521	2084694	128940	3931302
1363	48	649	357	80622	2088625	187959	6429129
1364	481	713	540	80819	2094217	328676	13707623
1365	624	997	828	80862	2095825	152526	4838647
1366	420	928	783	80873	2096264	83115	2180457
1367	670	991	1773	80881	2096456	237969	8838555
1368	370	784	494	81178	2107683	103873	2940339
1369	337	342	428	81199	2108325	278040	10867176
1370	644	1035	1186	81235	2109219	85139	2251239
1371	273	697	424	81258	2109893	96932	2681970
1372	142	662	365	81264	2110357	195192	6729642
1373	418	1337	1602	81342	2113039	99031	2757960
1374	1103	1135	1331	81481	2118865	295826	11782701
1375	152	828	935	81518	2120296	140731	4374544
1376	205	1307	755	81551	2121907	156424	5022843
1377	200	466	309	81756	2130005	103656	2930620
1378	1101	1331	3433	81818	2132069	235765	8725194
1379	10	1086	393	81847	2134141	106413	3074509
1380	782	1020	1300	81950	2140033	173250	5740766
1381	119	527	101	82172	2152189	92306	2513210
1382	477	1058	300	82238	2154452	1040780	64577983
1383	670	671	1411	82280	2155655	119721	3561852
1384	539	1161	1351	82371	2159239	508581	24608354
1385	715	908	697	82602	2168351	215580	7728319
1386	485	1121	295	82688	2171610	136577	4204480
1387	410	645	501	82982	2177725	239894	8916005
1388	456	750	652	83015	2178333	97304	2701929
1389	100	331	825	83097	2180202	124523	3754134
1390	607	1366	1424	83115	2180457	108878	3156218
1391	216	887	122	83150	2181569	117702	3475985
1392	775	1128	613	83205	2183484	278040	10867176
1393	418	1250	673	83349	2187203	98868	2752536
1394	851	1309	2104	83366	2187779	115087	3357402
1395	912	1320	836	83371	2188020	842946	48868088
1396	807	827	439	83539	2194679	2562373	213548077
1397	104	943	283	83684	2199201	117771	3478193
1398	207	1177	1161	83714	2199952	95424	2623870
1399	3	1339	501	83895	2206367	138463	4290295
1400	641	1314	1224	83992	2208985	689200	36778914
1401	357	419	302	84165	2214045	138979	4311794
1402	609	968	1773	84199	2214827	89449	2416538
1403	1046	1101	2341	84241	2216252	152896	4853016
1404	283	617	813	84426	2224738	155958	5002861
1405	834	1259	2034	84681	2232958	550004	27285194
1406	223	1258	1386	84855	2240589	87105	2322673
1407	222	524	174	84892	2242284	88746	2393308
1408	168	565	331	85017	2246452	124104	3738978
1409	153	945	301	85027	2246639	299168	11947405
1410	269	951	1240	85083	2248932	454271	21164456
1411	96	1370	1275	85139	2251239	1155975	73801421
1412	906	1314	2613	85438	2262200	382590	16835270
1413	202	866	359	85515	2264725	103565	2927447
1414	424	585	943	85635	2268459	110648	3219601
1415	414	622	330	85698	2270623	95660	2634396
1416	806	1009	1300	85840	2274536	111730	3247947
1417	6	357	242	85984	2279207	88359	2381423
1418	1067	1083	1240	85989	2279289	1478471	102572169
1419	459	650	1063	86096	2283635	779387	43613863
1420	92	244	223	86300	2289889	293556	11672120
1421	353	685	629	86313	2290077	103873	2940339
1422	972	1300	1435	86387	2291935	291403	11544789
1423	851	1139	1438	86400	2292507	116826	3434067
1424	1099	1202	1506	86470	2295533	96151	2653522
1425	1244	1289	864	86474	2295804	927083	55269243
1426	883	1170	168	86543	2300740	147802	4673987
1427	827	1247	667	86905	2314425	318312	13119113
1428	146	1172	1662	86947	2315818	141430	4401198
1429	1251	1406	2995	87105	2322673	104325	2968565
1430	649	1370	1525	87310	2332861	96469	2667276
1431	971	1295	2929	87490	2340734	96937	2682091
1432	290	1134	589	87493	2340751	0	0
1433	241	748	901	87688	2352049	279578	10942944
1434	626	1265	1527	87751	2355253	143615	4491767
1435	318	1191	837	87869	2360880	125461	3802875
1436	256	406	376	87983	2365105	113575	3305771
1437	575	1350	1171	88032	2367678	190918	6542714
1438	268	1343	480	88098	2370470	307417	12412628
1439	23	1145	376	88244	2376928	262816	10100463
1440	505	535	801	88298	2378993	132634	4060764
1441	451	1417	394	88359	2381423	235425	8700710
1442	199	1332	1394	88412	2382727	146828	4628555
1443	291	307	240	88587	2389186	209331	7404525
1444	431	1121	206	88644	2390617	462546	21715355
1445	1015	1407	374	88746	2393308	113928	3318673
1446	91	965	1798	88776	2394061	114945	3350072
1447	107	306	125	88897	2397718	322615	13365041
1448	904	1357	968	88928	2398651	628284	32426076
1449	643	818	904	89090	2403398	130775	3992033
1450	800	1153	1904	89093	2403484	180495	6050233
1451	42	294	264	89290	2411320	114945	3350072
1452	146	909	553	89306	2411623	106707	3082506
1453	592	991	1166	89405	2414660	153862	4902098
1454	251	1402	2079	89449	2416538	290756	11512185
1455	949	1143	1851	89556	2420986	113331	3293411
1456	364	564	579	89805	2431112	238058	8842717
1457	118	833	309	89818	2431474	141056	4385902
1458	946	1167	408	89962	2437188	90334	2447397
1459	127	425	654	90088	2441091	238356	8859059
1460	686	1190	414	90243	2444541	173142	5734144
1461	500	1143	1020	90247	2444599	2204001	175131379
1462	676	1097	886	90274	2445414	112288	3263348
1463	381	1068	374	90295	2446054	277661	10849195
1464	1199	1458	785	90334	2447397	121323	3631594
1465	642	961	1098	90368	2448687	99889	2788838
1466	143	505	550	90396	2449698	156961	5045581
1467	490	816	1166	90485	2452875	138979	4311794
1468	581	1417	473	90524	2454202	1369903	92752527
1469	56	265	160	90539	2454760	126109	3833839
1470	202	971	707	90585	2456478	166204	5416816
1471	749	1325	1841	90642	2459118	563998	28089129
1472	370	1359	602	90826	2466905	234400	8652984
1473	142	594	538	90871	2468740	129157	3937835
1474	47	957	400	90877	2468896	876586	51481396
1475	96	560	258	90962	2471522	161678	5241534
1476	33	1196	996	91013	2473257	218435	7911476
1477	411	1227	1414	91283	2482887	93579	2552849
1478	281	644	842	91416	2488072	92739	2525594
1479	42	1046	643	91549	2491748	99582	2777303
1480	153	160	196	91565	2492146	93476	2548748
1481	122	253	366	91647	2494630	97366	2704985
1482	612	1289	1047	91694	2495548	508391	24594072
1483	45	869	1156	91729	2496565	671550	35494101
1484	956	1138	1918	91732	2496616	100028	2796232
1485	83	359	157	92065	2508321	105999	3063300
1486	436	461	345	92139	2509688	285404	11245617
1487	842	1221	797	92293	2513027	149024	4718776
1488	394	431	325	92297	2513060	193862	6678940
1489	1338	1381	1492	92306	2513210	225573	8253502
1490	258	621	390	92524	2521170	218454	7912303
1491	64	368	487	92732	2525446	205429	7203065
1492	78	1478	900	92739	2525594	121094	3623799
1493	779	1327	1055	92855	2528292	235812	8728808
1494	900	905	1710	92962	2531489	433543	19890573
1495	268	1327	1063	92983	2532333	522234	25462025
1496	346	367	480	93294	2543824	164884	5361870
1497	346	1158	572	93327	2544946	124980	3776080
1498	705	1480	397	93476	2548748	98063	2728442
1499	250	1276	1568	93500	2549560	125332	3795994
1500	72	796	406	93527	2550291	3049706	271360804
1501	418	1223	917	93542	2551038	225142	8241203
1502	885	1477	2393	93579	2552849	126950	3868738
1503	54	836	1266	93609	2554588	322458	13356396
1504	880	1146	1565	93654	2557894	187128	6379457
1505	13	90	58	93674	2559440	342359	14459844
1506	186	313	536	94076	2578206	274337	10682248
1507	649	926	874	94180	2581632	816370	46621228
1508	509	964	901	94527	2590957	117070	3444122
1509	658	1260	1164	94546	2591399	145432	4561954
1510	299	653	479	94575	2592180	280240	10976851
1511	37	627	204	94624	2593873	135177	4144936
1512	225	923	758	94646	2594726	1078434	67666056
1513	1095	1227	1894	94786	2599087	0	0
1514	730	788	2294	94922	2603652	168389	5512717
1515	42	97	61	94941	2604266	319098	13150694
1516	507	644	1090	95177	2612773	163780	5317957
1517	231	1091	1382	95184	2612975	122205	3657353
1518	927	1267	973	95212	2613835	287726	11373918
1519	360	1101	2082	95220	2614169	137393	4238714
1520	1233	1398	1476	95424	2623870	257756	9817189
1521	259	1415	546	95660	2634396	220144	8010942
1522	1263	1458	1830	95712	2636113	145432	4561954
1523	598	728	1256	95872	2644071	232876	8583476
1524	95	865	640	96071	2650684	96826	2679192
1525	385	652	377	96104	2651986	163116	5294345
1526	365	1424	1674	96151	2653522	311302	12690205
1527	324	1336	915	96250	2658134	115660	3388063
1528	270	517	503	96415	2665360	115013	3353497
1529	328	1430	1754	96469	2667276	418914	18963079
1530	61	1524	689	96826	2679192	219592	7977274
1531	188	428	126	96833	2679329	108271	3132233
1532	786	1371	1022	96932	2681970	220961	8056311
1533	1016	1431	4302	96937	2682091	917427	54500907
1534	32	1105	1009	96966	2683443	113340	3293819
1535	789	1388	841	97304	2701929	416482	18830512
1536	872	1481	1053	97366	2704985	161828	5246649
1537	467	796	423	97438	2708534	204511	7166170
1538	404	907	716	97848	2722212	325708	13544625
1539	199	284	263	97870	2722736	194214	6693916
1540	586	628	609	97933	2724789	208537	7357923
1541	185	1235	436	97960	2725582	238058	8842717
1542	1321	1498	1368	98063	2728442	0	0
1543	497	557	698	98166	2731557	551508	27367679
1544	419	589	836	98197	2732536	445519	20648841
1545	236	1173	407	98234	2733576	304873	12292228
1546	195	1043	1212	98479	2741354	244459	9175166
1547	63	813	241	98507	2742104	211453	7515816
1548	480	886	967	98537	2743187	131652	4025198
1549	411	821	816	98545	2743373	228444	8366202
1550	545	637	979	98853	2751992	198309	6904489
1551	678	1393	1065	98868	2752536	387146	17125975
1552	201	749	693	98888	2753329	199601	6950991
1553	430	603	584	98937	2755222	384939	17000404
1554	1129	1373	1819	99031	2757960	144712	4531595
1555	88	316	804	99070	2759413	183348	6204991
1556	77	510	534	99079	2759719	106986	3094986
1557	210	851	643	99315	2769351	103037	2905433
1558	710	942	1325	99510	2774737	204511	7166170
1559	185	524	180	99518	2774889	181247	6085491
1560	1101	1479	2361	99582	2777303	759317	42029439
1561	921	1087	759	99738	2783646	102976	2903135
1562	1040	1465	2240	99889	2788838	1055534	65829740
1563	765	995	830	99898	2789363	131093	4004807
1564	1388	1484	2570	100028	2796232	437885	20180539
1565	16	862	729	100215	2807388	143187	4479549
1566	1092	1254	1609	100470	2816905	103970	2946579
1567	433	1099	1266	100630	2823107	240490	8941171
1568	1033	1215	3309	100791	2828203	180159	6032261
1569	536	1132	951	101119	2840882	2360272	190799718
1570	646	732	1114	101265	2845382	192682	6625902
1571	895	1114	402	101431	2849531	267864	10352381
1572	679	867	969	101467	2850346	138103	4273028
1573	986	1168	1747	101614	2854528	168962	5541715
1574	1139	1431	3761	101654	2856020	117042	3442053
1575	195	375	410	101807	2862849	279932	10960625
1576	758	1186	725	101891	2865772	111033	3230275
1577	320	1349	1137	101921	2866905	104114	2954902
1578	162	1238	533	102103	2874707	144001	4505517
1579	317	873	1004	102211	2877818	123519	3715218
1580	1270	1275	1088	102231	2878513	473939	22399804
1581	86	1393	775	102400	2884543	208428	7352325
1582	13	1300	344	102565	2889743	191370	6567055
1583	142	286	101	102608	2891314	160195	5179820
1584	300	859	1491	102634	2892000	120305	3589945
1585	820	1325	1793	102696	2894288	126458	3846812
1586	227	1129	324	102791	2897870	537423	26387981
1587	19	1407	187	102817	2898626	388512	17198782
1588	60	155	83	102832	2898935	276748	10798571
1589	1203	1561	1591	102976	2903135	124842	3769014
1590	180	476	868	102990	2903669	144312	4515788
1591	1287	1557	1489	103037	2905433	105466	3045097
1592	766	1190	575	103098	2908446	140827	4378431
1593	837	972	1370	103138	2910229	222512	8125602
1594	122	533	382	103287	2917032	142291	4444424
1595	701	974	534	103371	2920670	836162	48262170
1596	571	746	306	103466	2924182	208428	7352325
1597	694	795	1405	103560	2927335	213999	7616694
1598	450	1413	430	103565	2927447	452374	21039766
1599	693	1377	612	103656	2930620	214683	7648495
1600	96	527	142	103660	2930706	506480	24428457
1601	86	1068	266	103694	2932279	154859	4944510
1602	635	1112	2155	103696	2932285	254618	9646514
1603	969	1236	2319	103834	2938485	171433	5634806
1604	1368	1421	1123	103873	2940339	844575	49013948
1605	16	1017	384	103896	2941852	143615	4491767
1606	846	1566	1838	103970	2946579	440181	20314994
1607	581	1577	1368	104114	2954902	589028	29814388
1608	32	1325	1208	104177	2959634	837284	48354799
1609	205	1264	832	104194	2960231	198920	6922296
1610	941	1429	4318	104325	2968565	104495	2982994
1611	259	1479	859	104429	2976639	358769	15429158
1612	163	769	901	104464	2980045	207576	7313256
1613	1334	1610	5606	104495	2982994	195192	6729642
1614	1	1106	976	104497	2983043	308438	12480334
1615	120	146	190	104738	3009344	153348	4879503
1616	513	1150	1017	105021	3028216	181162	6081364
1617	1106	1381	1076	105361	3042179	494570	23789411
1618	1311	1591	1932	105466	3045097	106707	3082506
1619	456	940	320	105574	3049976	186040	6325836
1620	380	884	389	105649	3052342	186676	6351016
1621	598	1421	908	105760	3055945	115353	3372655
1622	1157	1485	1103	105999	3063300	108484	3138831
1623	529	1029	1013	106165	3067612	113331	3293411
1624	192	955	1599	106242	3069652	184384	6258257
1625	1379	1388	1045	106413	3074509	229594	8414355
1626	221	883	174	106479	3076407	106986	3094986
1627	375	708	853	106611	3080089	115063	3355877
1628	207	401	155	106692	3082173	113871	3316656
1629	1452	1618	2485	106707	3082506	181444	6095073
1630	531	597	827	106871	3090560	301304	12089141
1631	531	715	430	106871	3090560	123434	3712230
1632	597	715	645	106871	3090560	242482	9060775
1633	398	421	861	106925	3092710	178830	5976962
1634	1556	1626	708	106986	3094986	142874	4469569
1635	152	1157	1059	107178	3101772	221770	8094603
1636	57	1343	453	107180	3101896	152896	4853016
1637	851	921	1203	107370	3108963	182409	6144108
1638	120	875	259	107572	3114111	0	0
1639	347	1301	365	107682	3116377	365317	15805265
1640	56	1206	1037	107698	3116772	0	0
1641	270	767	1097	107973	3123547	182914	6178738
1642	106	1026	281	108049	3125596	740614	40623679
1643	168	824	477	108059	3125969	270625	10512769
1644	517	1120	799	108105	3127105	126109	3833839
1645	354	857	1017	108256	3131763	126731	3859947
1646	1195	1531	1210	108271	3132233	331495	13847583
1647	558	1312	1580	108457	3137926	1619966	116537830
1648	944	1622	1624	108484	3138831	116107	3407534
1649	177	622	377	108594	3143717	139020	4314190
1650	488	498	649	108641	3145530	271638	10573933
1651	412	1341	2145	108767	3150192	186966	6367497
1652	329	1390	1479	108878	3156218	118081	3488426
1653	726	1115	1564	109105	3167095	157762	5080148
1654	1111	1204	1292	109233	3173687	154864	4944705
1655	288	463	506	109370	3178780	150960	4783706
1656	597	837	795	109442	3181051	158125	5095282
1657	420	1524	1279	109694	3188731	163252	5299664
1658	17	1003	575	109993	3196406	125335	3796182
1659	253	1197	1294	110063	3198128	142186	4439752
1660	1231	1308	2028	110067	3198247	173274	5742214
1661	179	1227	1240	110142	3201886	353307	15098240
1662	37	506	217	110238	3206170	755388	41704342
1663	65	543	792	110430	3213018	160632	5197234
1664	602	770	431	110532	3216068	145386	4559850
1665	88	1058	165	110580	3217647	133347	4085331
1666	130	1414	1007	110648	3219601	0	0
1667	889	1217	557	110699	3221261	240081	8925732
1668	418	590	609	110915	3226664	2016668	155125377
1669	1291	1576	1305	111033	3230275	137764	4257276
1670	693	889	373	111100	3232450	120406	3595070
1671	75	1297	569	111163	3234109	994158	60543535
1672	100	565	349	111255	3236451	1053050	65649455
1673	406	512	298	111323	3238022	853395	49698323
1674	573	1301	943	111345	3238422	159112	5138980
1675	109	1004	515	111414	3240232	125332	3795994
1676	1120	1388	1175	111481	3241649	218065	7896496
1677	59	1096	184	111620	3245492	137859	4262657
1678	1379	1416	1693	111730	3247947	247709	9322023
1679	84	734	212	112049	3256582	157977	5088855
1680	659	1090	1340	112073	3257068	270782	10520566
1681	699	999	1702	112147	3259005	334995	14036605
1682	723	1462	1526	112288	3263348	160335	5185290
1683	774	1007	587	112350	3265412	130907	3996690
1684	594	856	944	112664	3274722	164827	5358218
1685	232	328	251	112819	3278179	127871	3906335
1686	595	1347	1443	112849	3278701	123579	3718359
1687	456	1023	573	112873	3279767	210018	7433434
1688	659	808	775	112877	3279819	133994	4102416
1689	14	942	1092	112977	3283108	135634	4163889
1690	209	233	205	113325	3293284	140675	4373079
1691	1455	1623	2864	113331	3293411	135911	4175949
1692	1095	1534	1866	113340	3293819	122727	3682843
1693	186	1413	586	113500	3301824	242065	9039123
1694	687	1436	558	113575	3305771	132781	4065032
1695	93	934	439	113606	3307019	190751	6533784
1696	1243	1628	440	113871	3316656	126128	3834339
1697	627	1205	353	113888	3317057	4064389	400740385
1698	758	1445	751	113928	3318673	273577	10644797
1699	625	1064	1399	114144	3325483	149194	4723071
1700	187	582	806	114276	3329371	119721	3561852
1701	636	1357	1763	114518	3336312	682525	36324554
1702	720	1359	1106	114594	3338438	315544	12970839
1703	741	857	941	114745	3342930	147301	4652780
1704	685	1057	1047	114755	3343402	252638	9539656
1705	461	862	818	114775	3344024	357129	15293797
1706	600	661	467	114818	3345758	420662	19043873
1707	1121	1233	450	114884	3348329	191107	6553751
1708	1446	1451	2062	114945	3350072	270824	10522891
1709	327	1528	799	115013	3353497	168242	5505088
1710	621	1627	1091	115063	3355877	167310	5460366
1711	17	1394	2119	115087	3357402	292434	11600036
1712	420	877	905	115100	3358172	137503	4243882
1713	1342	1621	2454	115353	3372655	206786	7273269
1714	247	562	174	115365	3372962	116530	3424058
1715	1141	1527	1610	115660	3388063	177803	5941167
1716	224	1337	1270	115666	3388289	179873	6019111
1717	289	841	439	115824	3396116	250012	9411827
1718	395	1648	2279	116107	3407534	2372615	192271826
1719	1310	1353	2563	116360	3417031	158097	5093020
1720	304	1714	326	116530	3424058	149194	4723071
1721	1018	1423	3335	116826	3434067	141430	4401198
1722	825	1371	953	116924	3437417	132795	4065588
1723	600	1574	3987	117042	3442053	1160296	74250215
1724	820	1508	1503	117070	3444122	501864	24151317
1725	861	1091	1671	117260	3457828	118715	3512438
1726	127	412	371	117647	3473931	697658	37367811
1727	199	1391	373	117702	3475985	259325	9906186
1728	692	708	938	117757	3477640	334979	14035964
1729	1168	1397	1445	117771	3478193	174712	5820622
1730	1357	1652	1950	118081	3488426	135017	4138617
1731	98	695	778	118211	3493356	439189	20265593
1732	608	1116	3002	118256	3495190	240800	8952233
1733	1052	1115	1447	118537	3505606	130428	3979406
1734	456	1406	1505	118646	3509705	162967	5288236
1735	916	1725	2631	118715	3512438	124323	3745240
1736	447	1208	1173	118723	3512803	316177	13006210
1737	757	1610	4796	118943	3524082	374396	16335197
1738	458	1174	938	119031	3528715	194669	6709052
1739	317	1138	1277	119102	3532289	243812	9147566
1740	365	527	221	119236	3540321	172763	5712695
1741	1312	1323	2278	119342	3544707	1304800	86596396
1742	1383	1700	2217	119721	3561852	166351	5421528
1743	566	1118	2655	119879	3569232	138984	4311884
1744	806	1084	1966	119913	3570768	280240	10976851
1745	218	884	339	120159	3583967	206963	7283161
1746	981	1584	1793	120305	3589945	220088	8006527
1747	169	1670	406	120406	3595070	265462	10220249
1748	85	407	164	120451	3596843	177001	5917280
1749	303	1180	1277	120462	3597189	122468	3669658
1750	688	1317	1395	120570	3602457	428294	19553930
1751	333	1373	1653	120580	3602732	448541	20837356
1752	199	354	655	120748	3611670	179731	6013192
1753	1057	1492	1531	121094	3623799	155009	4952063
1754	23	709	135	121192	3627663	598632	30536900
1755	472	561	276	121255	3629927	259064	9894481
1756	122	1464	875	121323	3631594	134131	4107435
1757	822	1032	1369	121375	3633644	316508	13027226
1758	224	1379	407	121770	3643999	161236	5225480
1759	504	604	937	121772	3644023	129343	3944050
1760	702	1298	1292	121887	3646391	133907	4100164
1761	724	1534	1978	121905	3646765	959993	57900509
1762	958	1379	1422	122003	3649926	144919	4540341
1763	305	548	509	122025	3650971	1198725	77810534
1764	508	1517	1952	122205	3657353	203052	7104412
1765	224	1262	611	122278	3660043	360239	15529420
1766	211	1345	1063	122301	3661095	133017	4073141
1767	988	1749	2155	122468	3669658	342559	14472973
1768	771	834	1270	122638	3677197	150511	4760293
1769	1388	1692	2518	122727	3682843	138280	4280049
1770	698	1217	889	122825	3688161	235322	8693729
1771	303	971	718	123010	3696805	161350	5230373
1772	1164	1180	1744	123236	3704718	164378	5338074
1773	1074	1631	828	123434	3712230	308340	12469576
1774	432	675	1332	123471	3713348	290877	11517248
1775	101	1579	1084	123519	3715218	267996	10358091
1776	7	1686	1447	123579	3718359	130907	3996690
1777	324	558	1057	123722	3725496	551508	27367679
1778	292	618	796	123736	3726035	167548	5472172
1779	1371	1408	755	124104	3738978	169029	5544580
1780	593	1351	374	124133	3739803	441651	20413077
1781	354	833	700	124205	3741928	188973	6464055
1782	202	1735	2745	124323	3745240	524766	25617082
1783	1168	1648	2786	124467	3751910	522390	25471215
1784	657	1389	1160	124523	3754134	139020	4314190
1785	672	1431	3197	124640	3759603	137020	4219798
1786	135	1589	1646	124842	3769014	215025	7676755
1787	581	1296	1117	124856	3769790	285404	11245617
1788	334	1497	600	124980	3776080	318871	13139490
1789	410	455	486	125050	3780530	365168	15797818
1790	381	1077	845	125141	3785751	299265	11954396
1791	901	1119	1216	125218	3789525	445405	20642188
1792	1499	1675	2083	125332	3795994	206078	7235928
1793	1286	1658	1483	125335	3796182	520942	25394623
1794	797	1032	948	125353	3797232	458752	21441914
1795	207	1435	899	125461	3802875	1244890	81489876
1796	943	1086	650	125561	3809004	1708338	124636067
1797	721	921	794	125873	3825272	174556	5813639
1798	350	1379	547	126040	3831322	201282	7015776
1799	1469	1644	959	126109	3833839	137503	4243882
1800	978	1696	1735	126128	3834339	172392	5693459
1801	12	1209	167	126272	3839928	208601	7362147
1802	187	931	1157	126431	3845872	195872	6772230
1803	931	1585	2858	126458	3846812	228394	8364457
1804	451	1318	1009	126483	3848178	298510	11912246
1805	943	1275	635	126636	3855917	153092	4864943
1806	151	1645	1225	126731	3859947	183612	6216502
1807	517	1502	2669	126950	3868738	770937	42974397
1808	932	1284	2413	127091	3877123	734628	40102141
1809	448	927	621	127372	3890552	151680	4808853
1810	296	842	1136	127420	3892383	273378	10638465
1811	541	1031	690	127577	3898415	141238	4392401
1812	483	1685	296	127871	3906335	233089	8590949
1813	191	414	136	128027	3909340	135177	4144936
1814	746	1317	1259	128105	3910476	433507	19888574
1815	411	484	795	128176	3911975	2018141	155283731
1816	48	1368	512	128268	3913835	216954	7828462
1817	186	1062	1697	128392	3916272	135236	4147633
1818	1290	1358	1611	128412	3916796	138652	4298090
1819	141	651	810	128615	3923347	129157	3937835
1820	254	529	417	128681	3925272	336741	14132556
1821	923	1013	860	128890	3930025	222551	8127103
1822	121	443	917	128913	3930542	170901	5607329
1823	827	1362	414	128940	3931302	188480	6449188
1824	476	787	1126	129049	3934746	163533	5308951
1825	1473	1819	1348	129157	3937835	493119	23709099
1826	134	612	803	129275	3941949	365314	15805204
1827	158	166	197	129281	3942078	296230	11804193
1828	570	680	843	129339	3944027	555459	27627683
1829	1068	1759	1101	129343	3944050	161066	5217705
1830	458	893	630	129449	3948045	140449	4366499
1831	198	644	1068	129507	3950278	144935	4540934
1832	231	538	273	129708	3956700	197642	6876227
1833	97	1219	1454	129822	3959884	311877	12743398
1834	283	641	442	129831	3960170	518745	25285760
1835	64	546	190	129868	3961775	169383	5559869
1836	2	774	302	129920	3963864	214595	7644389
1837	414	770	368	130032	3967587	510756	24771014
1838	458	744	346	130103	3969756	145606	4572388
1839	561	1012	528	130172	3971772	260064	9945339
1840	1018	1176	2323	130239	3973534	411406	18542046
1841	317	1114	557	130404	3978742	237476	8818681
1842	1359	1733	1796	130428	3979406	399178	17791791
1843	1067	1335	689	130452	3980275	1205779	78377871
1844	771	1013	541	130529	3983675	146345	4608431
1845	426	1235	682	130743	3991052	186966	6367497
1846	1274	1449	1392	130775	3992033	166887	5445534
1847	1683	1776	2034	130907	3996690	215789	7742811
1848	456	1563	949	131093	4004807	314624	12909915
1849	961	1024	1796	131256	4011193	164404	5339008
1850	620	1291	650	131284	4012054	181469	6096797
1851	409	1548	1238	131652	4025198	189550	6481988
1852	950	1429	3430	131678	4026412	245699	9237886
1853	425	1306	2300	131863	4034814	146696	4621565
1854	193	1177	1198	132533	4058516	717369	38847954
1855	66	547	176	132594	4059897	186125	6329467
1856	547	1043	1062	132628	4060560	144119	4509194
1857	774	1440	1101	132634	4060764	342536	14471755
1858	113	1694	602	132781	4065032	206854	7277296
1859	1268	1722	1486	132795	4065588	1497365	104433052
1860	1074	1290	1244	132999	4072529	169923	5579881
1861	173	1766	1375	133017	4073141	299300	11956967
1862	554	854	865	133104	4077041	1777068	130952476
1863	964	1665	391	133347	4085331	310496	12638804
1864	1254	1267	1399	133418	4087521	277454	10837372
1865	871	953	845	133422	4087680	151982	4816967
1866	45	469	260	133839	4099051	434401	19947049
1867	227	1760	1399	133907	4100164	4259550	425454208
1868	16	1080	175	133911	4100285	156576	5030065
1869	332	1688	824	133994	4102416	702128	37704318
1870	729	752	470	134034	4103727	693602	37076669
1871	96	1211	1343	134075	4105072	214444	7636472
1872	400	1756	995	134131	4107435	150109	4748271
1873	553	1398	1848	134333	4114846	345639	14667815
1874	585	1658	1111	134354	4115665	353635	15116296
1875	152	1333	755	134413	4118219	246754	9289945
1876	991	1349	1761	134754	4130703	143552	4489647
1877	1254	1730	2668	135017	4138617	1516672	106160633
1878	659	1207	1511	135111	4142332	214444	7636472
1879	1511	1813	340	135177	4144936	260095	9947559
1880	1749	1817	2974	135236	4147633	186676	6351016
1881	458	1199	537	135561	4161454	0	0
1882	1060	1689	1928	135634	4163889	449142	20865552
1883	710	1362	581	135638	4164018	141215	4391577
1884	1065	1193	1597	135714	4167154	0	0
1885	382	702	840	135878	4174564	169383	5559869
1886	735	1691	3183	135911	4175949	375973	16434165
1887	866	1397	528	136027	4183211	146462	4612971
1888	624	1071	845	136526	4202794	494636	23792321
1889	1386	1499	1863	136577	4204480	155003	4951722
1890	268	400	195	136644	4207440	154396	4929105
1891	302	1258	1255	136687	4208905	1081107	67875801
1892	1189	1324	714	136966	4218259	164836	5358664
1893	433	1292	655	136971	4218362	333086	13931533
1894	99	1785	3371	137020	4219798	446925	20734103
1895	187	1017	468	137161	4227088	280231	10976401
1896	319	1519	2143	137393	4238714	170698	5600169
1897	1712	1799	1864	137503	4243882	461932	21660930
1898	578	1150	462	137524	4245006	482978	23043954
1899	373	1232	917	137573	4247929	140072	4355637
1900	439	1669	1530	137764	4257276	299300	11956967
1901	443	1677	907	137859	4262657	160152	5178061
1902	954	1131	740	138050	4271048	627326	32369736
1903	883	1572	1006	138103	4273028	416245	18809633
1904	1187	1769	3096	138280	4280049	148317	4690661
1905	1247	1399	1096	138463	4290295	3101075	277693384
1906	811	1818	1907	138652	4298090	282465	11074035
1907	1401	1467	1468	138979	4311794	241440	9001288
1908	1215	1743	3876	138984	4311884	190521	6519098
1909	1649	1784	1537	139020	4314190	952252	57333350
1910	97	488	209	139408	4337121	1118194	70807331
1911	113	925	495	139859	4351198	317553	13079786
1912	805	1271	253	139922	4352366	219396	7966288
1913	49	1899	943	140072	4355637	800159	45366205
1914	230	1127	991	140230	4359884	181860	6120643
1915	774	995	719	140233	4360018	213378	7594387
1916	414	1112	1783	140279	4361296	548070	27150665
1917	58	1328	148	140397	4365041	146021	4594571
1918	1240	1830	848	140449	4366499	693094	37037989
1919	46	884	144	140500	4368005	362819	15676617
1920	999	1690	690	140675	4373079	192961	6636618
1921	1258	1375	2076	140731	4374544	349714	14911181
1922	1478	1592	1417	140827	4378431	201703	7036395
1923	1332	1457	1452	141056	4385902	204028	7143917
1924	297	1883	703	141215	4391577	598368	30524259
1925	326	998	2264	141219	4391686	317951	13099521
1926	60	1811	739	141238	4392401	982938	59623089
1927	784	934	654	141367	4398484	160335	5185290
1928	1428	1721	4997	141430	4401198	214783	7652782
1929	1413	1484	2277	141628	4413149	171324	5628314
1930	178	771	543	142156	4439051	273735	10652374
1931	1043	1659	2277	142186	4439752	176054	5880629
1932	283	509	821	142201	4440646	316177	13006210
1933	953	1594	936	142291	4444424	372197	16240884
1934	951	960	2306	142319	4445954	146768	4624766
1935	375	1784	1341	142491	4455408	392560	17415172
1936	699	1634	1925	142874	4469569	213853	7611118
1937	440	728	1083	143004	4473725	655756	34362192
1938	927	1565	1021	143187	4479549	1316824	87748224
1939	1063	1876	1872	143552	4489647	220954	8056231
1940	43	97	57	143598	4491282	969614	58612779
1941	1434	1605	1911	143615	4491767	181162	6081364
1942	407	447	924	143979	4505047	387399	17142969
1943	888	1578	841	144001	4505517	364956	15786493
1944	752	1188	564	144045	4506777	236237	8762404
1945	529	1856	1318	144119	4509194	208185	7339279
1946	1183	1590	1125	144312	4515788	387268	17134463
1947	930	1153	1822	144407	4518662	187388	6394995
1948	0	898	1470	144552	4524904	152985	4858640
1949	1366	1554	2602	144712	4531595	212485	7557611
1950	581	1762	1653	144919	4540341	336103	14103470
1951	810	1831	1204	144935	4540934	261769	10048378
1952	726	1237	1471	145277	4555684	216768	7815790
1953	1336	1664	1161	145386	4559850	190060	6501971
1954	1509	1522	2994	145432	4561954	1436643	98770442
1955	933	1088	1754	145485	4565421	794823	44929445
1956	1027	1119	1308	145529	4567848	596428	30417876
1957	313	1838	655	145606	4572388	178898	5979089
1958	532	1229	323	145703	4577819	256569	9760185
1959	552	796	1265	145835	4584761	216954	7828462
1960	158	1449	986	145901	4588298	244739	9191928
1961	1247	1594	977	145955	4591263	199094	6929160
1962	950	1037	1275	146003	4593636	153134	4867107
1963	918	1917	1150	146021	4594571	995150	60643493
1964	1200	1844	1196	146345	4608431	319175	13155703
1965	360	1887	892	146462	4612971	199004	6925543
1966	273	1853	2495	146696	4621565	202001	7047880
1967	286	1934	2363	146768	4624766	158566	5114896
1968	944	1442	1915	146828	4628555	302364	12148978
1969	1140	1917	279	146945	4636777	184241	6251292
1970	356	721	256	147228	4650229	152705	4846328
1971	522	1703	1351	147301	4652780	151803	4811789
1972	414	777	958	147422	4657757	406907	18270857
1973	11	485	167	147514	4661587	197642	6876227
1974	220	1776	1638	147529	4662269	274208	10675304
1975	673	755	708	147702	4670070	340229	14332138
1976	86	1426	270	147802	4673987	463637	21803022
1977	996	1200	1373	147848	4675557	153635	4891730
1978	228	1213	657	147850	4675590	775974	43338718
1979	281	1377	493	147905	4677453	197132	6833694
1980	731	1165	1045	148007	4681132	259800	9932224
1981	137	1904	3362	148317	4690661	216266	7778798
1982	1033	1626	2262	148382	4693976	314905	12929436
1983	161	1161	1166	148628	4705993	207558	7312403
1984	1190	1487	1008	149024	4718776	169412	5560805
1985	1699	1720	1725	149194	4723071	233403	8602751
1986	967	1159	1204	149345	4728051	202001	7047880
1987	273	1246	688	149641	4736094	190009	6500495
1988	752	1766	1270	149670	4736778	418134	18928094
1989	789	953	743	149680	4737083	493318	23723492
1990	523	542	278	149813	4741144	361415	15598998
1991	928	1005	245	149891	4743061	193822	6677171
1992	825	1268	1062	150105	4748093	150871	4780170
1993	1165	1872	1580	150109	4748271	1888688	142060672
1994	31	339	255	150198	4751187	227775	8341385
1995	512	938	859	150312	4754610	3786766	365347751
1996	1302	1725	2028	150401	4756544	259064	9894481
1997	5	1733	1452	150490	4759552	357368	15306754
1998	117	1239	1650	150506	4760095	183583	6214235
1999	454	1768	1445	150511	4760293	490111	23476316
2000	585	1373	2138	150529	4761356	177989	5946933
2001	966	1992	1482	150871	4780170	236663	8783915
2002	762	1655	877	150960	4783706	208324	7345532
2003	802	1457	855	151038	4787161	1630929	117526389
2004	420	654	1164	151133	4791114	196997	6825440
2005	174	476	1136	151283	4796779	264929	10185407
2006	271	837	655	151387	4800421	190521	6519098
2007	65	1809	633	151680	4808853	319225	13158623
2008	1173	1971	1697	151803	4811789	686418	36605675
2009	22	1865	861	151982	4816967	356976	15286876
2010	306	1334	1369	152030	4818235	230773	8468150
2011	448	581	560	152090	4820525	268494	10385012
2012	730	1381	1114	152116	4821266	157193	5054324
2013	202	1407	288	152253	4826607	152276	4827385
2014	1219	2013	1701	152276	4827385	192063	6599858
2015	1152	1234	2209	152278	4827393	337771	14187714
2016	1191	1365	1584	152526	4838647	216228	7776079
2017	900	1703	1421	152659	4844302	216959	7829001
2018	352	1970	605	152705	4846328	434326	19940001
2019	913	1095	1166	152838	4850829	2395479	194855266
2020	1061	1399	1107	152871	4852018	592667	30131900
2021	1403	1636	2794	152896	4853016	210348	7446252
2022	246	1948	1504	152985	4858640	196129	6785237
2023	257	1805	713	153092	4864943	385093	17011156
2024	1285	1962	1438	153134	4867107	305420	12318992
2025	192	1615	285	153348	4879503	297201	11851522
2026	231	530	520	153535	4887799	199690	6954889
2027	713	1561	1232	153624	4891360	186509	6343609
2028	1021	1977	2126	153635	4891730	1437553	98860670
2029	35	468	217	153702	4895425	307443	12414581
2030	508	1028	779	153785	4899224	162192	5260651
2031	193	1453	1265	153862	4902098	239570	8906095
2032	829	1225	1814	153908	4904488	353227	15094675
2033	231	1112	1875	154100	4914879	196481	6802992
2034	354	1511	608	154176	4918277	1286327	85020009
2035	219	1890	330	154396	4929105	233339	8599549
2036	443	1327	1711	154402	4929355	273626	10646725
2037	1084	1601	1870	154859	4944510	185758	6313744
2038	1034	1654	2253	154864	4944705	160727	5200951
2039	414	1323	1657	154900	4946326	673864	35677463
2040	870	1889	2258	155003	4951722	457312	21335414
2041	314	1753	2158	155009	4952063	182359	6141502
2042	844	889	781	155062	4956094	278035	10867078
2043	864	1304	1748	155318	4972138	208809	7376175
2044	214	785	376	155336	4973289	502732	24204458
2045	63	1049	1243	155475	4980423	210853	7481203
2046	271	1817	2078	155698	4991220	560725	27934469
2047	225	1373	1724	155722	4991930	284743	11207339
2048	37	177	152	155893	5000250	1089517	68548108
2049	298	1404	932	155958	5002861	156865	5041155
2050	38	659	489	156139	5009410	228945	8387244
2051	1423	1889	3301	156195	5011843	326038	13561579
2052	681	1205	1246	156326	5018874	170946	5609729
2053	1103	1376	1455	156424	5022843	212748	7570100
2054	482	1868	279	156576	5030065	400141	17845251
2055	69	605	338	156815	5039546	497694	23958630
2056	1692	2049	2798	156865	5041155	999447	61020037
2057	610	1466	755	156961	5045581	159058	5136476
2058	80	1119	874	157118	5051550	316128	13002686
2059	1421	1889	2492	157168	5053379	216768	7815790
2060	1376	2012	1869	157193	5054324	462186	21680810
2061	1175	1485	333	157238	5057104	536257	26309298
2062	65	475	664	157510	5070739	242920	9090466
2063	121	806	556	157745	5079638	302634	12170329
2064	805	1653	1721	157762	5080148	200910	7000178
2065	507	1679	644	157977	5088855	227498	8329126
2066	316	1167	889	157991	5089162	386413	17093128
2067	132	229	274	157993	5089182	1122592	71157450
2068	82	849	887	158048	5091162	770693	42962030
2069	375	1719	2744	158097	5093020	168045	5494137
2070	858	1656	1200	158125	5095282	576217	28894356
2071	272	1093	714	158321	5104894	861267	50318751
2072	1690	1967	2568	158566	5114896	731207	39839209
2073	388	1109	1298	158660	5119796	159058	5136476
2074	460	1590	1114	158929	5131576	217459	7861681
2075	1199	1381	478	158947	5132391	1621018	116617350
2076	2057	2073	2053	159058	5136476	2111752	165763597
2077	294	1674	1187	159112	5138980	173869	5775084
2078	367	1322	1422	159317	5148488	446272	20695573
2079	29	1065	746	159538	5158050	346512	14717292
2080	638	863	981	159734	5165326	219085	7944239
2081	1246	2049	1425	159892	5170268	201386	7021508
2082	207	393	316	160037	5174806	189319	6473422
2083	1180	1901	2059	160152	5178061	1629792	117417857
2084	1002	1583	471	160195	5179820	320526	13244654
2085	939	1446	2824	160243	5181425	282929	11104613
2086	1682	1927	2180	160335	5185290	282465	11074035
2087	480	661	1073	160575	5195591	199520	6947872
2088	1462	1663	1678	160632	5197234	926771	55244808
2089	313	2038	2562	160727	5200951	165327	5382789
2090	149	622	324	160909	5211370	238620	8871969
2091	2	1208	393	161031	5216065	329056	13724298
2092	1421	1829	1730	161066	5217705	182409	6144108
2093	279	1303	764	161227	5225059	1163604	74562464
2094	1285	1758	570	161236	5225480	163789	5318215
2095	460	1771	964	161350	5230373	383998	16932368
2096	1118	1475	2374	161678	5241534	173819	5772769
2097	785	1536	1265	161828	5246649	252400	9526990
2098	805	997	773	161867	5248029	288962	11439166
2099	284	1331	1727	162032	5254368	296469	11815480
2100	1106	1497	1547	162079	5256319	260580	9980200
2101	34	471	113	162179	5260019	189550	6481988
2102	1314	2030	1707	162192	5260651	540214	26587320
2103	618	1273	1620	162432	5269821	512308	24872331
2104	1200	1246	1148	162454	5270366	203781	7136431
2105	284	1689	1104	162813	5284062	164210	5332267
2106	295	463	803	162890	5286164	264747	10177891
2107	401	1734	1598	162967	5288236	2529235	209708071
2108	1273	1525	1278	163116	5294345	238834	8880210
2109	438	1657	1489	163252	5299664	199813	6959344
2110	810	1824	1262	163533	5308951	359888	15505130
2111	27	1389	841	163734	5316571	2307250	185454089
2112	863	1516	1872	163780	5317957	278698	10899881
2113	154	2094	765	163789	5318215	379838	16648378
2114	659	872	1156	164184	5331735	1342585	90055669
2115	73	2105	1120	164210	5332267	684840	36482106
2116	164	827	170	164352	5337294	281578	11043453
2117	945	1772	1926	164378	5338074	1016758	62438168
2118	393	1849	2050	164404	5339008	0	0
2119	962	963	1535	164824	5358099	292673	11618885
2120	1342	1684	2490	164827	5358218	276456	10781382
2121	804	1892	1420	164836	5358664	259139	9897848
2122	804	1496	1186	164884	5361870	319098	13150694
2123	418	505	601	165178	5377399	312848	12801972
2124	1241	2089	2845	165327	5382789	177001	5917280
2125	188	213	202	165418	5387550	185000	6285612
2126	54	665	869	165596	5395039	415076	18739101
2127	1353	1689	1988	165921	5407480	267097	10314177
2128	372	547	313	165934	5407957	664957	35058045
2129	212	1508	1003	165996	5409915	722182	39159005
2130	1194	1470	1003	166204	5416816	189402	6475973
2131	396	628	396	166346	5421444	854918	49799467
2132	452	958	1270	166351	5421528	202290	7061818
2133	452	1742	2458	166351	5421528	172982	5724003
2134	958	1742	3246	166351	5421528	217430	7860289
2135	219	973	728	166633	5435840	199004	6925543
2136	248	1846	1484	166887	5445534	257136	9789567
2137	186	1462	1113	167102	5453253	204852	7179247
2138	24	1383	1423	167163	5455576	248576	9347984
2139	669	1710	1417	167310	5460366	490649	23514920
2140	1162	1455	1956	167350	5462415	197132	6833694
2141	1025	1730	2425	167418	5465652	252638	9539656
2142	346	1778	1003	167548	5472172	182489	6148882
2143	206	583	728	167728	5480957	1513658	105836917
2144	472	1734	1577	167836	5484738	230773	8468150
2145	699	1686	2660	167862	5486337	1275535	84008673
2146	138	659	500	168020	5493057	202618	7080739
2147	348	2069	3037	168045	5494137	747039	41118477
2148	138	1709	830	168242	5505088	479076	22715987
2149	790	1057	1120	168249	5505302	183583	6214235
2150	519	1514	2421	168389	5512717	171433	5634806
2151	1269	1271	831	168556	5522576	642822	33328894
2152	973	1573	2340	168962	5541715	185541	6303970
2153	1101	1779	2473	169029	5544580	411802	18564630
2154	1835	1885	1030	169383	5559869	331574	13851662
2155	637	1984	1756	169412	5560805	448541	20837356
2156	154	1090	1066	169867	5578089	246583	9280434
2157	1445	1860	1618	169923	5579881	1340223	89839085
2158	605	1689	1362	170417	5593508	183572	6213801
2159	218	895	500	170499	5595632	387268	17134463
2160	483	1423	1483	170564	5596829	703044	37767649
2161	613	1028	399	170642	5598844	293879	11684361
2162	321	1896	2470	170698	5600169	215743	7739492
2163	304	483	197	170781	5603571	200908	7000172
2164	171	996	876	170893	5607125	228821	8382640
2165	481	1822	984	170901	5607329	432064	19782703
2166	753	2052	2058	170946	5609729	307209	12400785
2167	418	534	646	171025	5613696	0	0
2168	352	993	1151	171130	5618844	321851	13321063
2169	999	1176	911	171149	5619511	279137	10920969
2170	525	553	1564	171170	5620355	302364	12148978
2171	1601	1929	2543	171324	5628314	1323843	88428322
2172	546	1675	632	171385	5632325	200640	6990238
2173	701	892	1290	171419	5633937	211835	7533693
2174	1603	2150	4740	171433	5634806	231968	8538576
2175	684	741	1130	171475	5637898	824488	47280816
2176	590	1210	604	171569	5646122	0	0
2177	907	1356	1278	171836	5663676	392221	17393680
2178	1271	1565	825	171943	5670452	624913	32209508
2179	79	1735	2663	172170	5682432	326719	13607267
2180	725	1800	2407	172392	5693459	299168	11947405
2181	900	1691	3344	172566	5702139	815954	46581787
2182	80	1561	796	172668	5707957	1062617	66397124
2183	106	1579	1103	172730	5711049	392007	17383483
2184	177	858	539	172732	5711061	683782	36420809
2185	929	1740	773	172763	5712695	419621	19001325
2186	1733	2133	3905	172982	5724003	174712	5820622
2187	1188	1314	1285	173013	5725619	510308	24733324
2188	124	1460	509	173142	5734144	239010	8887736
2189	1380	1722	2253	173250	5740766	401182	17898002
2190	527	1660	2081	173274	5742214	318977	13143921
2191	359	512	190	173745	5770159	215387	7713744
2192	1102	1458	1124	173775	5771020	650965	33989512
2193	1189	2096	2583	173819	5772769	856233	49905505
2194	434	734	420	173859	5774623	385306	17023774
2195	1492	2077	2087	173869	5775084	191049	6549629
2196	177	840	1015	173987	5782867	202309	7062764
2197	1313	1496	863	174107	5791113	427568	19506334
2198	770	776	426	174123	5791952	421709	19112365
2199	1876	2069	4505	174460	5808883	381332	16747944
2200	736	1087	506	174541	5813042	180379	6043868
2201	691	1797	1075	174556	5813639	200640	6990238
2202	1729	2186	5350	174712	5820622	197093	6830242
2203	132	662	367	175226	5850708	2996065	264230735
2204	697	1269	964	175243	5851281	193910	6680677
2205	1335	1350	1011	175280	5853054	179424	6001275
2206	777	916	1831	175495	5861732	393455	17465128
2207	118	214	177	175499	5862037	301607	12104359
2208	920	1594	1296	175722	5868888	546096	27008012
2209	51	1579	1036	175771	5870905	205060	7188130
2210	153	816	795	175833	5873367	240800	8952233
2211	800	976	641	175949	5877226	193161	6647758
2212	4	1931	2280	176054	5880629	310209	12619747
2213	332	979	705	176217	5888734	452181	21028450
2214	1064	1160	2016	176419	5896159	222863	8144669
2215	741	1192	1167	176489	5899414	308694	12505518
2216	140	141	258	176874	5914204	189625	6485021
2217	1748	2124	3009	177001	5917280	257756	9817189
2218	169	760	309	177022	5918235	361679	15612437
2219	262	903	363	177165	5923556	267784	10349386
2220	433	799	830	177558	5935874	179424	6001275
2221	429	886	534	177680	5938794	2003751	153688788
2222	952	1715	2701	177803	5941167	286531	11305087
2223	12	661	250	177870	5943210	238600	8871040
2224	983	2000	2314	177989	5946933	0	0
2225	317	830	647	178148	5953167	188557	6451298
2226	768	1191	839	178334	5958782	339494	14294844
2227	1272	1466	1702	178440	5961376	421977	19131937
2228	531	1082	1002	178447	5961586	305819	12339836
2229	800	1250	735	178658	5970120	200394	6982115
2230	1177	1182	1554	178679	5970649	178898	5979089
2231	1188	1633	1218	178830	5976962	190532	6519676
2232	218	1121	343	178865	5978339	304338	12267107
2233	1957	2230	2209	178898	5979089	242653	9070673
2234	1014	1175	1145	179009	5984780	239936	8918074
2235	826	1733	1531	179257	5994881	318871	13139490
2236	2205	2220	1841	179424	6001275	222367	8119565
2237	504	1165	1183	179702	6012335	627326	32369736
2238	663	1623	1330	179729	6013180	993454	60485288
2239	442	1752	773	179731	6013192	286973	11328356
2240	786	1296	1484	179759	6014037	826746	47476762
2241	934	1126	1125	179863	6018636	531912	26021206
2242	1176	1716	1696	179873	6019111	303856	12235693
2243	1329	1568	3865	180159	6032261	507338	24503436
2244	1283	2200	1289	180379	6043868	337959	14201188
2245	1019	1450	2759	180495	6050233	251223	9478417
2246	257	1294	1186	180747	6065362	253061	9565608
2247	1616	1941	2928	181162	6081364	233327	8599241
2248	977	1038	688	181175	6081802	471573	22286711
2249	1026	1559	362	181247	6085491	231299	8499202
2250	515	1467	1367	181355	6091182	195050	6723245
2251	1049	1629	3692	181444	6095073	182619	6157325
2252	833	1522	2126	181446	6095274	242999	9096416
2253	676	1850	1024	181469	6096797	239616	8907596
2254	987	1134	1172	181842	6119385	503970	24267666
2255	644	1914	1649	181860	6120643	704729	37865684
2256	446	2041	2956	182359	6141502	579943	29171256
2257	1637	2092	2933	182409	6144108	227539	8330775
2258	712	752	855	182417	6144805	245120	9214400
2259	162	1300	529	182419	6144849	522541	25480801
2260	1621	2142	1911	182489	6148882	326344	13581722
2261	40	2251	3706	182619	6157325	319725	13190274
2262	817	1641	2079	182914	6178738	0	0
2263	339	577	333	183012	6186371	191935	6593803
2264	13	128	100	183159	6196457	285604	11256667
2265	459	1555	998	183348	6204991	189753	6489961
2266	876	1406	1725	183371	6205782	430784	19701740
2267	117	2158	1389	183572	6213801	381332	16747944
2268	1998	2149	2770	183583	6214235	209681	7417295
2269	97	400	161	183586	6214293	300969	12075716
2270	1618	1806	3157	183612	6216502	917400	54498649
2271	481	545	298	183935	6237667	218588	7918102
2272	237	381	262	184176	6248073	226698	8292939
2273	25	1076	753	184219	6250183	320299	13231431
2274	1072	1716	1951	184236	6250804	193385	6658000
2275	496	1969	608	184241	6251292	190009	6500495
2276	1624	1850	2249	184384	6258257	438729	20235839
2277	3	1166	617	184451	6261215	240758	8950074
2278	1066	1249	1041	184623	6269380	192063	6599858
2279	1329	1649	933	184749	6274838	211453	7515816
2280	929	1657	1831	184906	6281436	319886	13201321
2281	680	1355	573	184974	6284732	553628	27525490
2282	394	2125	456	185000	6285612	208618	7363191
2283	124	1142	638	185037	6287172	269830	10468100
2284	515	1889	2064	185302	6296635	309657	12580813
2285	1049	2152	3547	185541	6303970	314624	12909915
2286	1605	2037	2254	185758	6313744	187443	6397709
2287	79	1435	869	185801	6316213	728656	39634774
2288	150	506	581	185908	6320757	287975	11386900
2289	1114	1619	430	186040	6325836	186102	6328692
2290	588	2289	633	186102	6328692	2137274	168216276
2291	803	1855	209	186125	6329467	1472724	102149074
2292	782	1406	1762	186305	6336611	1328689	88837679
2293	52	982	141	186479	6342735	322346	13351131
2294	979	2027	1888	186509	6343609	219911	7994613
2295	642	1568	3507	186572	6346188	377971	16550151
2296	1620	1880	3363	186676	6351016	204058	7144798
2297	73	1525	393	186739	6354554	1379875	93606072
2298	1470	1531	833	186882	6363916	259800	9932224
2299	1651	1845	2827	186966	6367497	623913	32128689
2300	922	1504	2770	187128	6379457	222863	8144669
2301	642	1130	293	187266	6388101	211065	7494747
2302	83	252	274	187325	6391197	234990	8681185
2303	288	1947	1926	187388	6394995	820196	46921856
2304	637	2286	3002	187443	6397709	311006	12669348
2305	1363	1585	2150	187959	6429129	790236	44544981
2306	462	556	298	188476	6449129	232681	8575659
2307	1195	1823	1498	188480	6449188	368600	16027592
2308	482	1058	223	188482	6449191	197197	6839322
2309	1477	2225	2061	188557	6451298	490368	23493179
2310	417	442	253	188744	6458368	190060	6501971
2311	395	427	1008	188866	6461538	204852	7179247
2312	765	1781	1111	188973	6464055	616767	31666507
2313	101	1002	450	189115	6468067	306726	12381876
2314	635	1231	1424	189319	6473422	446888	20732444
2315	635	2082	775	189319	6473422	755388	41704342
2316	1231	2082	1281	189319	6473422	714606	38615926
2317	277	1464	958	189372	6474935	827318	47528498
2318	225	2130	1125	189402	6475973	378224	16563586
2319	1851	2101	1351	189550	6481988	220163	8011971
2320	1313	2216	641	189625	6485021	235245	8690301
2321	607	2265	1639	189753	6489961	0	0
2322	1987	2275	1296	190009	6500495	295083	11748568
2323	1953	2310	1414	190060	6501971	370474	16160738
2324	1480	1629	2681	190231	6509006	284176	11178953
2325	1908	2006	4531	190521	6519098	406503	18240729
2326	850	2231	1359	190532	6519676	265371	10213378
2327	99	1012	498	190539	6520314	438250	20204982
2328	1162	1695	544	190751	6533784	972860	58853657
2329	861	1437	1639	190918	6542714	244545	9178650
2330	914	2195	2177	191049	6549629	210863	7481616
2331	262	1707	553	191107	6553751	232876	8583476
2332	1081	1582	1487	191370	6567055	192917	6634444
2333	427	929	905	191402	6568804	340489	14341678
2334	952	980	1927	191584	6578688	223978	8199973
2335	332	921	646	191765	6586356	406489	18240306
2336	66	1559	277	191814	6589012	390614	17313340
2337	0	1735	2632	191919	6592844	1368476	92622774
2338	1081	2263	1476	191935	6593803	1217939	79359199
2339	2014	2278	2742	192063	6599858	192961	6636618
2340	1005	1113	265	192104	6601744	221948	8103506
2341	342	576	419	192493	6618676	230459	8453851
2342	747	1730	2438	192612	6622829	1115128	70582292
2343	1570	1626	1288	192682	6625902	220698	8044386
2344	1244	2332	2008	192917	6634444	309339	12557157
2345	1920	2339	3432	192961	6636618	1877945	140982208
2346	81	2211	719	193161	6647758	201282	7015776
2347	809	2274	2430	193385	6658000	263320	10119191
2348	1015	1962	1475	193541	6665720	504548	24305012
2349	447	1991	1027	193822	6677171	681126	36209445
2350	668	1488	640	193862	6678940	334403	14005410
2351	1977	2204	2337	193910	6680677	244504	9176812
2352	571	1025	647	193922	6681207	439370	20275026
2353	1539	1570	1377	194214	6693916	221392	8076557
2354	534	1046	923	194302	6697636	288035	11390850
2355	871	1929	2568	194595	6706807	1278732	84315524
2356	1591	1738	2427	194669	6709052	267941	10355645
2357	235	412	224	194734	6711670	246107	9259509
2358	862	2250	2088	195050	6723245	398264	17737550
2359	508	1299	1690	195093	6724793	355260	15203228
2360	348	2230	1847	195130	6726517	1314319	87488091
2361	1372	1613	5971	195192	6729642	210388	7447667
2362	504	1860	1842	195469	6748406	249494	9381426
2363	1013	1101	1942	195709	6762700	1473519	102213330
2364	351	1130	235	195760	6766284	463767	21810733
2365	1802	1991	1402	195872	6772230	506616	24438601
2366	734	1776	1582	196026	6780581	390975	17331397
2367	1352	2022	2481	196129	6785237	3038867	269969763
2368	671	2033	2204	196481	6802992	480631	22826769
2369	545	1354	774	196534	6805132	343968	14561484
2370	8	605	274	196732	6813929	245699	9237886
2371	1077	1465	1733	196742	6814482	422383	19155754
2372	100	1524	750	196795	6817105	404837	18124890
2373	737	1035	984	196931	6822720	495802	23869609
2374	1042	2004	2087	196997	6825440	249742	9396133
2375	360	444	663	197048	6828219	396281	17625301
2376	1340	2202	6363	197093	6830242	790366	44555210
2377	1979	2140	2449	197132	6833694	202747	7087995
2378	312	2308	354	197197	6839322	200021	6968760
2379	269	1670	689	197549	6869721	913557	54243256
2380	1832	1973	440	197642	6876227	1193958	77385141
2381	138	1063	142	198008	6894540	212348	7553696
2382	312	977	525	198059	6896521	331795	13861696
2383	1354	1550	1522	198309	6904489	1131521	71889629
2384	573	1504	2321	198460	6909528	230405	8450479
2385	1114	1266	706	198918	6922293	886768	52371652
2386	155	1609	866	198920	6922296	1318331	87912477
2387	262	1502	2496	198939	6922813	0	0
2388	64	316	831	198974	6923966	211760	7530533
2389	1965	2135	1620	199004	6925543	221770	8094603
2390	968	1961	2325	199094	6929160	392023	17384064
2391	470	2087	1379	199520	6947872	206395	7254654
2392	1552	1663	1485	199601	6950991	524134	25575134
2393	78	2026	578	199690	6954889	324362	13480681
2394	606	1096	566	199774	6957855	724718	39366878
2395	677	2109	1858	199813	6959344	269273	10432066
2396	824	1258	1526	199927	6964432	329871	13770278
2397	105	2378	380	200021	6968760	1152119	73488962
2398	61	1822	966	200190	6975026	2752334	235223898
2399	473	1887	635	200302	6979249	249379	9375583
2400	6	238	107	200348	6980723	521443	25421067
2401	593	2229	750	200394	6982115	511172	24800188
2402	657	1217	822	200491	6985481	215743	7739492
2403	2172	2201	1707	200640	6990238	994225	60549572
2404	285	1700	857	200703	6992826	264996	10188521
2405	1020	2163	1121	200908	7000172	201110	7008311
2406	152	2064	1834	200910	7000178	251073	9471367
2407	1259	2405	2202	201110	7008311	205429	7203065
2408	1798	2346	1266	201282	7015776	435614	20031481
2409	709	2135	848	201285	7015828	215025	7676755
2410	1469	2081	1585	201386	7021508	456223	21275608
2411	1131	1466	797	201499	7026995	345074	14627990
2412	184	1922	1532	201703	7036395	228454	8366709
2413	1966	1986	3699	202001	7047880	452295	21035049
2414	364	2230	1743	202168	7056140	300485	12047406
2415	495	2132	1551	202290	7061818	208324	7345532
2416	714	2196	1737	202309	7062764	353307	15098240
2417	433	475	990	202419	7069442	1113281	70452253
2418	300	1180	1459	202608	7080230	214140	7622875
2419	940	2146	701	202618	7080739	269413	10440991
2420	63	340	168	202710	7086190	319783	13194361
2421	43	2377	2465	202747	7087995	651587	34054529
2422	1085	1929	2508	202925	7098276	265787	10238760
2423	1391	1764	2074	203052	7104412	502996	24220488
2424	461	1362	439	203400	7122733	309339	12557157
2425	727	893	721	203586	7130306	0	0
2426	423	2104	1245	203781	7136431	218901	7932854
2427	678	1923	1844	204028	7143917	1142485	72790391
2428	1068	2296	3527	204058	7144798	223978	8199973
2429	197	427	746	204283	7157233	466466	21974471
2430	1537	1558	1748	204511	7166170	249343	9373789
2431	128	993	897	204792	7177207	361288	15593177
2432	650	1664	1300	204804	7177515	260095	9947559
2433	2137	2311	2121	204852	7179247	261356	10026172
2434	209	890	368	205011	7186078	292616	11615220
2435	1230	2209	1342	205060	7188130	287042	11332802
2436	59	371	197	205239	7196860	606931	31047499
2437	163	425	560	205401	7201878	538475	26455421
2438	1030	1491	826	205429	7203065	229568	8413132
2439	1030	2407	2541	205429	7203065	276812	10802356
2440	1491	2407	2689	205429	7203065	669918	35370652
2441	460	1398	1407	205718	7219941	696327	37250387
2442	1148	2204	1319	205846	7226237	600796	30678091
2443	1792	2089	4645	206078	7235928	306365	12364025
2444	870	970	1543	206173	7242973	271638	10573933
2445	356	681	1138	206380	7254087	252482	9531266
2446	127	2391	1603	206395	7254654	839693	48556588
2447	290	1308	1200	206645	7266929	744913	40956525
2448	687	1713	2636	206786	7273269	961789	58018962
2449	1831	1858	1670	206854	7277296	1633044	117722917
2450	228	1745	466	206963	7283161	226808	8298750
2451	1128	1314	1117	207079	7290434	282009	11059263
2452	1323	2000	3708	207205	7296011	685599	36534971
2453	739	987	1323	207462	7308198	457171	21327472
2454	49	1760	1318	207523	7311060	334090	13986493
2455	281	1983	1350	207558	7312403	425866	19375197
2456	686	1612	1104	207576	7313256	733021	39995382
2457	269	695	941	207817	7325424	386663	17103276
2458	0	2205	1012	208074	7334918	285693	11262148
2459	67	1492	931	208172	7338826	1917960	145183187
2460	1527	1945	2233	208185	7339279	352390	15054929
2461	14	1283	789	208257	7342773	689483	36791690
2462	2002	2415	2428	208324	7345532	880854	51838695
2463	1581	1596	1081	208428	7352325	560928	27943214
2464	1259	1540	1690	208537	7357923	287622	11367671
2465	1574	1801	3928	208601	7362147	218753	7924728
2466	1889	2282	2319	208618	7363191	386902	17112125
2467	1899	2043	2665	208809	7376175	288703	11423802
2468	392	1443	356	209331	7404525	2054195	159257768
2469	868	1424	1934	209594	7413672	374273	16329353
2470	833	1844	837	209646	7415956	772225	43037889
2471	1304	2268	3523	209681	7417295	275723	10740910
2472	547	1628	234	209921	7429397	237008	8798618
2473	1049	1687	1780	210018	7433434	257694	9814292
2474	40	412	161	210036	7434128	257258	9795851
2475	1114	1267	791	210045	7434560	324630	13496351
2476	312	2021	2925	210348	7446252	1330907	88977320
2477	322	2361	6788	210388	7447667	3527448	331864487
2478	721	2045	1440	210853	7481203	384366	16963337
2479	1290	2330	3023	210863	7481616	295688	11775798
2480	1164	2301	885	211065	7494747	218901	7932854
2481	1067	1624	2046	211400	7514046	245521	9231165
2482	1547	2279	1174	211453	7515816	313786	12860383
2483	382	508	1005	211710	7528631	457480	21348180
2484	1677	2388	1015	211760	7530533	237476	8818681
2485	637	2173	2038	211835	7533693	531987	26026224
2486	80	1677	221	212077	7543784	529569	25895780
2487	493	1174	995	212101	7544655	0	0
2488	1213	2381	672	212348	7553696	596154	30398821
2489	1403	1949	4943	212485	7557611	2055260	159363273
2490	857	1092	1504	212693	7567544	807845	45938722
2491	241	2053	1485	212748	7570100	724203	39325402
2492	43	1254	734	213065	7582764	486267	23233480
2493	1152	1298	1820	213158	7586106	265034	10190740
2494	1915	1934	3025	213378	7594387	415117	18740530
2495	142	1193	906	213592	7603335	788102	44398214
2496	247	817	1048	213847	7610987	225573	8253502
2497	171	1936	2083	213853	7611118	253399	9589021
2498	214	1597	1569	213999	7616694	219848	7991121
2499	444	815	600	214017	7617306	400181	17847212
2500	1238	2418	1802	214140	7622875	920561	54749071
2501	959	1584	1933	214162	7623893	275891	10750026
2502	1871	1878	2854	214444	7636472	242653	9070673
2503	128	1836	397	214595	7644389	241440	9001288
2504	737	1599	1068	214683	7648495	425973	19381551
2505	482	1325	1295	214707	7649436	237008	8798618
2506	912	2052	1780	214778	7652550	244545	9178650
2507	618	1928	5716	214783	7652782	292371	11595531
2508	2069	2135	3472	214795	7653938	214920	7665584
2509	965	2508	5225	214920	7665584	241008	8964119
2510	1786	2409	2494	215025	7676755	229389	8404870
2511	333	1766	1114	215196	7694674	542380	26715115
2512	931	1684	2009	215327	7708429	2106895	165179300
2513	1835	2191	380	215387	7713744	0	0
2514	244	1115	1381	215392	7714061	246262	9264945
2515	178	1385	923	215580	7728319	284176	11178953
2516	501	1686	1644	215607	7730637	351517	15013662
2517	2162	2402	3292	215743	7739492	648863	33790724
2518	469	1847	2230	215789	7742811	329223	13729983
2519	1440	1682	2327	216225	7775856	403222	18001771
2520	810	2016	1720	216228	7776079	1041006	64599531
2521	1297	1981	3914	216266	7778798	241008	8964119
2522	1952	2059	3963	216768	7815790	231093	8484541
2523	1816	1959	1777	216954	7828462	308340	12469576
2524	879	2017	1902	216959	7829001	264747	10177891
2525	106	112	246	217270	7851545	3360010	309610214
2526	620	719	747	217409	7859453	322941	13384552
2527	6	2134	3250	217430	7860289	1498580	104524174
2528	350	2074	1268	217459	7861681	301905	12119133
2529	309	1026	691	217565	7868975	1589887	113581200
2530	165	2152	2364	217662	7874913	242365	9053501
2531	319	1676	1236	218065	7896496	253773	9610642
2532	193	1476	1095	218435	7911476	291170	11532257
2533	158	1490	472	218454	7912303	840460	48620971
2534	367	482	377	218543	7916018	718549	38923943
2535	1078	2271	1030	218588	7918102	460961	21595721
2536	245	895	514	218682	7922251	724502	39349881
2537	235	2465	4005	218753	7924728	329357	13736439
2538	762	790	860	218845	7929548	285810	11269156
2539	2426	2480	2130	218901	7932854	279098	10918375
2540	1044	1278	2188	218941	7935409	554605	27587066
2541	127	1762	1646	218978	7937474	255818	9718719
2542	1257	1415	962	219041	7941333	348652	14848938
2543	957	2080	1297	219085	7944239	231072	8483593
2544	179	958	1232	219166	7950818	878567	51683355
2545	181	1912	284	219396	7966288	273441	10640219
2546	383	504	766	219508	7972227	222512	8125602
2547	687	1530	871	219592	7977274	246262	9264945
2548	825	1355	879	219844	7991004	229096	8392901
2549	191	2498	1618	219848	7991121	231380	8504809
2550	2294	2296	5251	219911	7994613	1499360	104587722
2551	897	1746	2463	220088	8006527	360741	15563653
2552	487	1521	964	220144	8010942	373748	16307441
2553	1338	2319	2742	220163	8011971	308222	12461000
2554	902	2343	2172	220698	8044386	226528	8284964
2555	1091	1939	3075	220954	8056231	477704	22637417
2556	529	1532	1278	220961	8056311	425448	19351619
2557	379	2353	1919	221392	8076557	222553	8127122
2558	1665	1896	2308	221556	8085122	774781	43227144
2559	439	508	795	221689	8091049	333544	13957172
2560	1635	2389	2679	221770	8094603	4293955	430533633
2561	470	2340	571	221948	8103506	231072	8483593
2562	143	622	538	222156	8112648	398639	17761323
2563	113	1457	353	222269	8116430	247954	9330186
2564	995	2236	2260	222367	8119565	691854	36945236
2565	235	621	315	222423	8121646	281578	11043453
2566	775	789	613	222500	8125139	0	0
2567	1593	2546	2136	222512	8125602	552238	27412018
2568	318	1821	941	222551	8127103	406544	18243408
2569	1279	2557	2327	222553	8127122	650257	33924655
2570	697	2134	3475	222844	8143718	588959	29808858
2571	2214	2300	4786	222863	8144669	348235	14816923
2572	181	1831	1099	223457	8182086	793659	44826051
2573	2334	2428	5454	223978	8199973	311433	12699646
2574	678	1589	1983	224773	8229393	430784	19701740
2575	949	1939	3250	224865	8232138	235425	8700710
2576	364	1501	1106	225142	8241203	260009	9941446
2577	756	1006	899	225495	8251355	545006	26922520
2578	1489	2496	2540	225573	8253502	1412356	96506113
2579	1570	1679	1326	225848	8262863	406371	18233101
2580	322	1007	1104	226011	8268201	428734	19575941
2581	615	1445	507	226102	8270918	564428	28111201
2582	1498	1550	1376	226296	8275942	515436	25096622
2583	925	2289	881	226341	8277224	836923	48328747
2584	467	1054	2093	226390	8278577	464880	21883130
2585	451	1059	917	226467	8281903	298112	11886889
2586	761	1046	937	226479	8282701	246107	9259509
2587	102	2554	2225	226528	8284964	270782	10520566
2588	1785	2272	3459	226698	8292939	466663	21984793
2589	634	2450	912	226808	8298750	289342	11459098
2590	783	1627	1258	227194	8316483	302897	12186592
2591	823	1317	1384	227250	8318990	270980	10534815
2592	235	1368	571	227327	8321966	232676	8575503
2593	820	2065	1246	227498	8329126	267420	10331690
2594	1030	2257	3272	227539	8330775	440652	20349459
2595	1458	1994	663	227775	8341385	0	0
2596	62	579	297	227804	8342827	247738	9323040
2597	30	1434	1542	227836	8344066	254288	9631650
2598	724	1803	3827	228394	8364457	308298	12465646
2599	129	1549	936	228444	8366202	817015	46679026
2600	887	2412	1553	228454	8366709	332989	13923933
2601	126	2164	992	228821	8382640	270687	10515469
2602	694	2050	1080	228945	8387244	548337	27174569
2603	245	2548	1101	229096	8392901	853086	49675117
2604	962	1313	1570	229187	8396795	1859986	139209366
2605	398	2510	2869	229389	8404870	1998970	153335138
2606	209	1443	325	229428	8406447	296711	11826502
2607	780	2438	1554	229568	8413132	701562	37668258
2608	1625	2096	3419	229594	8414355	2006467	153932229
2609	696	1532	1509	229734	8421845	344112	14567166
2610	300	446	1105	229878	8429180	272702	10614845
2611	265	476	978	230342	8448203	237306	8810741
2612	2384	2465	6249	230405	8450479	862028	50390244
2613	1012	2341	743	230459	8453851	242372	9053712
2614	467	685	461	230695	8465110	593186	30172213
2615	2010	2144	2946	230773	8468150	1494890	104218711
2616	594	1531	620	231017	8481072	419801	19008545
2617	653	1809	900	231030	8481547	967469	58436509
2618	2543	2561	1868	231072	8483593	586584	29638970
2619	577	2522	4052	231093	8484541	4234069	422667552
2620	500	2249	909	231299	8499202	325878	13553031
2621	1899	2549	2535	231380	8504809	505002	24332552
2622	134	2174	4839	231968	8538576	462728	21729550
2623	1931	2191	2467	232254	8556645	606515	31021659
2624	237	2592	623	232676	8575503	441103	20379606
2625	18	2306	317	232681	8575659	313673	12851792
2626	1523	2331	1809	232876	8583476	579513	29123536
2627	782	1812	672	233089	8590949	3489487	326868076
2628	663	2142	1320	233115	8592051	690590	36858565
2629	1178	2247	3869	233327	8599241	1158654	74055527
2630	13	1559	185	233335	8599425	513962	24997471
2631	333	2035	381	233339	8599549	380997	16728203
2632	1289	1985	2068	233403	8602751	269546	10448832
2633	687	889	252	233712	8619459	254613	9646337
2634	825	1082	1225	233898	8626954	599607	30590872
2635	333	2361	6022	233953	8628842	322855	13377817
2636	567	1490	718	234090	8637725	1053679	65686451
2637	818	1437	1694	234194	8643039	261569	10036852
2638	560	615	302	234258	8646016	409214	18417669
2639	1472	2251	4294	234400	8652984	320509	13243586
2640	255	1303	667	234848	8675966	408934	18406837
2641	1470	2302	981	234990	8681185	559264	27850419
2642	426	900	777	234996	8681343	979100	59332235
2643	442	1121	253	235082	8684913	3395777	314482509
2644	1126	1293	1446	235132	8686096	275039	10712292
2645	109	2412	1568	235227	8689646	479560	22745785
2646	2236	2320	2482	235245	8690301	389036	17229190
2647	1200	2081	2080	235261	8690788	284795	11210268
2648	543	1770	1669	235322	8693729	237181	8805635
2649	700	1880	3304	235325	8693779	324331	13477711
2650	1441	2575	3644	235425	8700710	443516	20514680
2651	421	1637	1689	235565	8711568	720797	39068570
2652	707	1378	4040	235765	8725194	814034	46402447
2653	287	1493	1248	235812	8728808	784452	44085626
2654	640	1622	1715	235918	8739082	450593	20950529
2655	1944	1971	1915	236237	8762404	281669	11045935
2656	268	806	437	236307	8767183	757601	41873928
2657	1572	2001	2451	236663	8783915	299265	11954396
2658	2472	2505	1529	237008	8798618	257694	9814292
2659	276	1063	242	237093	8802370	613203	31423308
2660	2130	2648	2672	237181	8805635	263328	10119451
2661	288	2611	1082	237306	8810741	310209	12619747
2662	1841	2484	1572	237476	8818681	0	0
2663	401	1612	994	237633	8826954	272408	10605648
2664	695	2173	1915	237937	8837614	844567	49013337
2665	394	1367	2027	237969	8838555	243312	9118745
2666	394	1855	430	237969	8838555	257093	9787267
2667	1367	1855	1949	237969	8838555	714288	38589808
2668	1064	2592	1679	238039	8841646	280627	10997791
2669	1456	1541	1015	238058	8842717	634860	32865892
2670	1188	1818	1968	238149	8847595	258530	9865484
2671	1491	1561	1246	238211	8851198	415076	18739101
2672	536	1459	774	238356	8859059	270980	10534815
2673	1117	2223	594	238600	8871040	542288	26710359
2674	1292	2090	641	238620	8871969	832166	47937755
2675	1563	2108	2108	238834	8880210	407775	18338470
2676	1557	2188	1152	239010	8887736	431828	19761751
2677	339	534	544	239396	8901217	1241653	81227096
2678	1634	2031	1973	239570	8906095	291818	11565448
2679	1064	2253	2132	239616	8907596	429581	19621055
2680	771	1603	2636	239852	8914410	800189	45368442
2681	1387	1674	1444	239894	8916005	359646	15486141
2682	147	2234	1211	239936	8918074	341703	14416322
2683	924	1667	1275	240081	8925732	377468	16525020
2684	81	1567	1344	240490	8941171	424497	19279428
2685	901	1669	1684	240614	8945290	324331	13477711
2686	43	1478	858	240701	8948378	453336	21100586
2687	1657	2277	1896	240758	8950074	1437887	98891921
2688	1732	2210	3797	240800	8952233	651194	34006567
2689	1302	1740	578	240821	8953581	405364	18170468
2690	2509	2521	9139	241008	8964119	357368	15306754
2691	610	1334	1493	241217	8982783	2414703	197056300
2692	1907	2503	1865	241440	9001288	671014	35453466
2693	704	1191	972	241724	9020994	389036	17229190
2694	359	632	232	241986	9035348	1945101	147813934
2695	942	1915	1805	242036	9037999	463882	21818491
2696	1548	1693	1553	242065	9039123	276456	10781382
2697	1372	2158	1727	242178	9044379	457229	21331431
2698	566	2530	2903	242365	9053501	335855	14089419
2699	1415	2613	1073	242372	9053712	784253	44064306
2700	1531	1632	771	242482	9060775	254582	9644944
2701	205	772	906	242519	9062558	539350	26527248
2702	2233	2502	5063	242653	9070673	956517	57656467
2703	1847	2062	2698	242920	9090466	830208	47797947
2704	2233	2252	4335	242999	9096416	308298	12465646
2705	321	1083	1120	243258	9114818	255090	9669262
2706	176	2665	2266	243312	9118745	540633	26612587
2707	483	1739	1322	243812	9147566	627719	32389664
2708	1752	1762	2077	244176	9163763	255316	9685855
2709	440	1756	981	244198	9164724	395743	17590570
2710	340	1029	889	244273	9167709	454358	21169499
2711	650	1546	2081	244459	9175166	498454	23981128
2712	1346	2351	2450	244504	9176812	1019737	62709903
2713	2329	2506	3419	244545	9178650	330979	13822458
2714	1644	1832	1072	244552	9178918	2530673	209900120
2715	2	1960	988	244739	9191928	288392	11409457
2716	572	715	839	244929	9204279	1690603	123084757
2717	481	2258	922	245120	9214400	390216	17293286
2718	534	2481	2346	245521	9231165	262045	10062686
2719	1852	2370	3704	245699	9237886	258242	9846616
2720	558	660	1503	245788	9243835	1120886	70999239
2721	28	500	572	246015	9255516	260133	9950120
2722	2357	2586	1161	246107	9259509	423722	19227269
2723	2514	2547	2252	246262	9264945	313720	12854782
2724	45	127	288	246342	9269513	798392	45233132
2725	1144	2156	1300	246583	9280434	404707	18116107
2726	1383	1653	2975	246590	9280723	336868	14139050
2727	654	1875	1280	246754	9289945	4110989	406750292
2728	195	1485	386	246835	9293885	317951	13099521
2729	37	874	1219	247320	9312215	698163	37408459
2730	862	1143	1194	247646	9320712	455819	21251766
2731	531	1678	1999	247709	9322023	0	0
2732	1014	2596	1266	247738	9323040	636553	32980186
2733	622	1131	490	247756	9323646	261769	10048378
2734	808	2563	659	247954	9330186	367448	15942622
2735	913	1729	1754	248046	9333283	260316	9962779
2736	57	2310	301	248057	9333774	922263	54882238
2737	2104	2138	2571	248576	9347984	249343	9373789
2738	1847	2158	3396	248592	9348435	1161451	74363558
2739	95	1133	1004	248957	9361405	269273	10432066
2740	193	1689	1191	249095	9365937	403104	17996043
2741	2430	2737	4319	249343	9373789	255134	9672144
2742	1061	2399	1241	249379	9375583	535296	26240399
2743	301	1122	1038	249384	9375624	1362944	91988241
2744	2362	2480	2727	249494	9381426	354604	15169292
2745	942	2374	3173	249742	9396133	388525	17199450
2746	751	1786	2108	249939	9407305	287042	11332802
2747	658	1655	784	249944	9407481	320299	13231431
2748	1435	1981	4199	249985	9409665	1428350	97956278
2749	1717	2300	3209	250012	9411827	0	0
2750	260	1716	1396	250102	9419466	666965	35198974
2751	565	837	513	250144	9423858	2254239	180080416
2752	119	1772	1792	250918	9464770	3038916	269974425
2753	50	1042	951	250962	9466890	315773	12983248
2754	1470	2406	2541	251073	9471367	1029125	63519860
2755	999	2245	3244	251223	9478417	396371	17630870
2756	1653	1939	3436	251863	9507913	461832	21653578
2757	624	1090	1083	252240	9521965	1445562	99584783
2758	1771	1971	2069	252294	9523556	423722	19227269
2759	1147	2097	2499	252400	9526990	4035082	396789131
2760	692	2445	1404	252482	9531266	329421	13741148
2761	1625	1768	2315	252531	9533217	500975	24103051
2762	1704	2141	3472	252638	9539656	303856	12235693
2763	1123	1749	2500	252695	9543144	264411	10164887
2764	1030	1173	685	252991	9561585	334019	13982802
2765	1467	2505	2461	253017	9563129	323689	13436379
2766	2246	2508	4658	253061	9565608	256108	9732394
2767	1694	2497	2641	253399	9589021	362341	15640946
2768	429	887	420	253593	9601611	925619	55160272
2769	149	2531	1317	253773	9610642	265787	10238760
2770	39	390	487	253828	9613751	884749	52177044
2771	843	916	1206	254121	9625798	344088	14566491
2772	683	1163	1032	254286	9631641	273735	10652374
2773	1101	2597	3260	254288	9631650	268521	10386207
2774	2502	2700	3625	254582	9644944	294346	11708472
2775	987	2633	972	254613	9646337	869599	50954274
2776	446	1602	2953	254618	9646514	2163855	171235154
2777	201	1539	306	254946	9663264	457171	21327472
2778	2162	2705	3590	255090	9669262	0	0
2779	177	2741	4453	255134	9672144	347889	14787845
2780	734	2708	2212	255316	9685855	440011	20301447
2781	563	1283	1445	255559	9701902	747074	41120526
2782	1292	2541	1963	255818	9718719	763713	42377531
2783	2231	2766	5876	256108	9732394	593380	30185554
2784	552	2188	1396	256386	9749377	633847	32799389
2785	466	2611	1111	256520	9757853	267996	10358091
2786	44	1958	344	256569	9760185	1285999	84986450
2787	609	2378	779	256661	9764356	260064	9945339
2788	1772	2053	3199	256758	9769531	558142	27773730
2789	161	2557	1988	257069	9785988	1294739	85643296
2790	1173	2666	776	257093	9787267	430953	19712132
2791	879	2136	1965	257136	9789567	340672	14349130
2792	1619	2474	481	257258	9795851	290537	11505273
2793	11	1556	541	257625	9811262	686803	36635764
2794	2473	2658	3309	257694	9814292	1187108	76792497
2795	1520	2217	4485	257756	9817189	980159	59406217
2796	649	838	933	258209	9844877	1385846	94159181
2797	702	2719	4109	258242	9846616	1972477	150520967
2798	2163	2253	1221	258370	9855002	1076197	67496075
2799	1779	2670	2723	258530	9865484	670038	35380419
2800	1057	1319	810	258598	9869849	1108992	70075044
2801	1755	1996	2304	259064	9894481	357954	15356117
2802	1984	2121	2428	259139	9897848	298772	11927126
2803	132	535	592	259314	9905788	445317	20636621
2804	1041	1727	1255	259325	9906186	871357	51085054
2805	650	908	1442	259406	9910438	616494	31650314
2806	699	1552	1910	259451	9912850	862273	50420141
2807	668	2035	645	259460	9913217	300969	12075716
2808	428	1514	2322	259576	9920262	302089	12130831
2809	504	1229	884	259758	9929738	448859	20853896
2810	1980	2298	1878	259800	9932224	456598	21296267
2811	1610	2576	5424	260009	9941446	299941	12007157
2812	1839	2787	1307	260064	9945339	1474748	102296949
2813	1879	2432	1640	260095	9947559	0	0
2814	577	2721	661	260133	9950120	278505	10890133
2815	463	2735	2156	260316	9962779	434316	19939169
2816	18	1090	890	260325	9963207	1089396	68538264
2817	44	2252	2147	260444	9970218	420840	19054766
2818	909	2138	1907	260458	9971343	266360	10271078
2819	268	2100	1622	260580	9980200	398512	17752183
2820	746	1981	3496	260949	10003884	299176	11947756
2821	196	2101	195	260980	10005958	374592	16349407
2822	31	2433	2132	261356	10026172	1009145	61766221
2823	1033	2637	3782	261569	10036852	996626	60814080
2824	775	2265	1422	261624	10040156	418255	18934394
2825	1951	2733	1694	261769	10048378	734628	40102141
2826	972	2718	3442	262045	10062686	1223529	79815597
2827	7	749	654	262221	10071183	526530	25732590
2828	1393	1657	1952	262303	10075752	3102051	277800293
2829	295	1561	1160	262404	10081039	310881	12661173
2830	763	2146	1573	262518	10085832	0	0
2831	791	2132	1397	262802	10100043	353227	15094675
2832	1439	2225	1023	262816	10100463	690816	36873183
2833	48	348	311	262822	10100653	367202	15928956
2834	298	783	524	262956	10106948	345812	14678693
2835	1712	2347	3335	263320	10119191	275885	10749695
2836	2277	2660	3289	263328	10119451	2165178	171373130
2837	678	867	607	263454	10126800	1531357	107701232
2838	1132	1344	1205	263477	10127899	482689	23023583
2839	211	2065	759	263957	10150287	1131047	71855622
2840	70	1914	1026	264360	10163537	1899530	143197730
2841	1059	2763	3265	264411	10164887	283334	11126462
2842	178	1637	1429	264530	10169435	338584	14238349
2843	704	730	1229	264682	10175478	446888	20732444
2844	2106	2524	2705	264747	10177891	266491	10278603
2845	1120	1123	1746	264803	10179913	627911	32400278
2846	120	136	188	264906	10184342	454271	21164456
2847	315	2005	1340	264929	10185407	374211	16326533
2848	1436	1493	1431	264947	10186319	315018	12937541
2849	2404	2543	2154	264996	10188521	366895	15905957
2850	2033	2493	3695	265034	10190740	568636	28385304
2851	455	796	796	265316	10210276	330043	13779943
2852	261	815	332	265342	10211350	420221	19026856
2853	2217	2326	4368	265371	10213378	3640941	346070319
2854	555	1747	523	265462	10220249	349682	14909718
2855	2422	2769	3825	265787	10238760	524263	25582597
2856	2277	2530	2981	266259	10266076	481687	22936682
2857	906	2818	3592	266360	10271078	445519	20648841
2858	738	2844	2996	266491	10278603	1391718	94745574
2859	238	1244	624	266542	10282731	0	0
2860	1110	1354	1792	266550	10283011	691118	36893324
2861	678	1781	1092	267074	10313295	698714	37455439
2862	33	2127	2013	267097	10314177	407861	18344749
2863	668	689	691	267181	10319712	387575	17153168
2864	1772	2593	2990	267420	10331690	297933	11878797
2865	1397	2219	646	267784	10349386	499453	24019394
2866	1252	1571	1479	267864	10352381	1975347	150845279
2867	1473	2356	2965	267941	10355645	379704	16636557
2868	1775	2785	2195	267996	10358091	412302	18589459
2869	89	1914	1015	268130	10365972	379378	16618233
2870	237	2089	2614	268226	10371170	612921	31407315
2871	582	2011	1274	268494	10385012	337969	14201951
2872	1983	2773	4426	268521	10386207	1292859	85510679
2873	977	2521	4308	268658	10395959	335241	14052089
2874	300	2253	1331	268864	10409622	1193803	77372606
2875	1920	2104	1838	269063	10421020	280627	10997791
2876	856	1491	937	269126	10424832	416335	18816400
2877	33	617	692	269233	10430325	1271102	83629890
2878	2395	2739	2862	269273	10432066	2125013	167077823
2879	1823	2419	1115	269413	10440991	342017	14438822
2880	1589	2632	3659	269546	10448832	392221	17393680
2881	828	1044	1476	269608	10452580	302249	12141524
2882	2156	2283	1704	269830	10468100	288549	11416458
2883	2156	2541	2712	269830	10468100	280003	10963959
2884	2283	2541	2284	269830	10468100	2581114	215559803
2885	870	911	1163	270413	10502001	497303	23944635
2886	97	2080	1022	270489	10506026	2758652	235859304
2887	912	1722	1487	270563	10509232	1006679	61601649
2888	1290	1643	1323	270625	10512769	1516086	106109134
2889	99	2601	1166	270687	10515469	0	0
2890	1680	2587	3565	270782	10520566	287265	11345272
2891	224	1708	2076	270824	10522891	492247	23643493
2892	2591	2672	2158	270980	10534815	579517	29123819
2893	713	1101	2191	271248	10553191	284778	11209118
2894	1650	2444	2192	271638	10573933	395529	17575200
2895	1688	1849	2571	271863	10584352	344112	14567166
2896	1342	1393	2219	272170	10597172	438250	20204982
2897	984	2663	1386	272408	10605648	571534	28576099
2898	1602	2610	3260	272702	10614845	298218	11892296
2899	1162	1648	1729	273018	10626809	571784	28589411
2900	535	1273	1447	273155	10631344	290725	11511093
2901	770	1766	1344	273284	10635280	634173	32820190
2902	592	1810	1611	273378	10638465	502513	24190862
2903	130	2545	348	273441	10640219	524934	25628251
2904	971	1698	1344	273577	10644797	612587	31389960
2905	1502	2036	4104	273626	10646725	1015799	62351750
2906	1930	2772	1575	273735	10652374	328650	13706758
2907	830	1821	1060	273783	10654765	350399	14941058
2908	501	923	837	273828	10657164	612271	31374983
2909	1772	1819	2554	274141	10671930	511827	24844741
2910	1517	1974	3020	274208	10675304	357909	15352635
2911	480	1506	1368	274337	10682248	527453	25791876
2912	1231	1799	1924	274719	10700401	612179	31371051
2913	1738	2644	2384	275039	10712292	385562	17041879
2914	1704	2296	4410	275205	10718927	282478	11074903
2915	101	590	343	275360	10725550	315544	12970839
2916	2138	2471	4946	275723	10740910	344688	14597454
2917	700	1527	1245	275735	10741698	291687	11557872
2918	523	2835	3509	275885	10749695	1441433	99187242
2919	273	2501	2128	275891	10750026	898477	53211183
2920	2120	2696	4043	276456	10781382	819103	46840682
2921	425	606	832	276526	10786463	338584	14238349
2922	1298	2444	2430	276744	10798376	307407	12411705
2923	1248	1588	744	276748	10798571	487519	23297174
2924	2370	2439	2815	276812	10802356	308222	12461000
2925	613	2236	2031	277103	10820803	0	0
2926	1743	1864	4054	277454	10837372	1855172	138759572
2927	806	922	1567	277558	10843713	567344	28317116
2928	1327	1463	1362	277661	10849195	342536	14471755
2929	2016	2042	2365	278035	10867078	2044078	158114325
2930	1369	1392	1041	278040	10867176	360239	15529420
2931	314	1119	1464	278268	10877397	372405	16251470
2932	1169	2773	3359	278289	10878061	407308	18301725
2933	1240	1941	2129	278497	10889851	1733555	126919063
2934	2399	2814	1296	278505	10890133	906413	53763845
2935	459	2112	2066	278698	10899881	449308	20874790
2936	870	2539	2525	279098	10918375	362318	15639633
2937	1734	2169	2416	279137	10920969	1003104	61323634
2938	299	1476	1196	279427	10936054	1324581	88493049
2939	93	611	628	279447	10936679	690526	36854940
2940	749	1131	897	279459	10937010	326344	13581722
2941	687	1081	1325	279531	10940479	302634	12170329
2942	329	2140	2011	279574	10942641	541535	26664397
2943	1433	2666	1331	279578	10942944	552470	27431476
2944	627	1498	583	279763	10952302	933768	55754041
2945	942	1575	1496	279932	10960625	313720	12854782
2946	402	2883	2920	280003	10963959	477704	22637417
2947	539	1895	722	280231	10976401	569007	28405807
2948	5	121	199	280238	10976844	0	0
2949	1510	1744	2445	280240	10976851	538475	26455421
2950	74	2347	2525	280510	10991220	720629	39057215
2951	2668	2875	3517	280627	10997791	326719	13607267
2952	448	490	819	280836	11009690	288703	11423802
2953	685	2033	2291	281057	11021115	292434	11600036
2954	2116	2565	485	281578	11043453	457312	21335414
2955	95	2655	2050	281669	11045935	495259	23828354
2956	669	1581	1101	281743	11048814	369046	16061842
2957	659	2451	1586	282009	11059263	629504	32508772
2958	943	949	1643	282155	11064601	0	0
2959	37	525	895	282228	11066920	539484	26536611
2960	1906	2086	4087	282465	11074035	986110	59851555
2961	2320	2914	5051	282478	11074903	547915	27136140
2962	1511	2085	3028	282929	11104613	961789	58018962
2963	516	1540	766	283182	11118155	310771	12654851
2964	1309	1719	4061	283276	11123309	678970	36007162
2965	1473	2841	3803	283334	11126462	409974	18454526
2966	460	2339	2988	283456	11134672	311433	12699646
2967	1346	1756	988	283560	11142220	412920	18622982
2968	185	1497	623	283754	11154691	722938	39224747
2969	1308	1996	3091	283928	11164783	715935	38730304
2970	2324	2515	3604	284176	11178953	449105	20863987
2971	2047	2565	2039	284743	11207339	1943725	147677165
2972	1299	2893	3311	284778	11209118	662824	34859429
2973	2647	2773	5340	284795	11210268	476014	22536146
2974	621	2719	3942	285344	11242123	313166	12817556
2975	589	966	1192	285364	11243316	1041630	64655456
2976	1486	1787	1462	285404	11245617	301432	12095153
2977	1922	2264	1517	285604	11256667	1637575	118108154
2978	2138	2458	2435	285693	11262148	357129	15293797
2979	180	226	151	285763	11266953	819274	46853030
2980	1133	2538	1729	285810	11269156	2840308	245602059
2981	412	1266	743	285962	11277852	471573	22286711
2982	620	722	1024	285980	11278876	369985	16125832
2983	1	1096	165	286330	11295365	1201750	78040444
2984	660	2162	3101	286339	11295537	293955	11686872
2985	88	735	365	286491	11303115	0	0
2986	1385	2222	3398	286531	11305087	3009704	266244192
2987	35	625	303	286832	11321950	354777	15178391
2988	1552	2026	1213	286868	11324154	708156	38082189
2989	1023	2503	851	286954	11327621	414002	18683508
2990	2124	2239	3618	286973	11328356	0	0
2991	2435	2746	3450	287042	11332802	0	0
2992	117	2890	3592	287265	11345272	479725	22756863
2993	976	2464	1923	287622	11367671	365168	15797818
2994	1518	1738	1911	287726	11373918	644777	33482671
2995	47	167	107	287803	11378756	851670	49549326
2996	437	2484	1202	287972	11386842	400308	17853940
2997	279	2288	850	287975	11386900	600464	30652571
2998	615	2354	1056	288035	11390850	928352	55387822
2999	421	2715	1474	288392	11409457	443943	20550370
3000	1312	2882	2412	288549	11416458	1098617	69214778
3001	2467	2952	3484	288703	11423802	858323	50070970
3002	179	2098	976	288962	11439166	301264	12087713
3003	1136	2001	2662	289050	11443208	3259299	297352127
3004	856	1652	1929	289169	11449575	291687	11557872
3005	725	1685	923	289255	11454328	3638059	345734841
3006	856	2589	1362	289342	11459098	369054	16062785
3007	765	2404	1268	289648	11474502	489531	23426330
3008	1323	2073	2868	289837	11482348	1017533	62509571
3009	819	1368	1028	290287	11498345	692544	36995067
3010	325	1256	1038	290521	11504681	587686	29717701
3011	2278	2792	1522	290537	11505273	313288	12826434
3012	443	2900	2170	290725	11511093	646435	33605389
3013	466	1454	2212	290756	11512185	504108	24273763
3014	713	1190	684	290773	11512800	304791	12289145
3015	519	1774	1459	290877	11517248	432576	19825190
3016	1024	1714	1070	290932	11519994	402129	17944245
3017	1401	2406	2136	290987	11523229	1286024	84988693
3018	2510	2532	3589	291170	11532257	532075	26032105
3019	548	1422	1622	291403	11544789	545006	26922520
3020	812	1281	985	291545	11550865	925020	55119285
3021	2917	3004	3174	291687	11557872	353619	15115541
3022	509	2678	2648	291818	11565448	618994	31833293
3023	827	1273	973	291825	11565838	467624	22049726
3024	1426	2507	5884	292371	11595531	368525	16021674
3025	1711	2953	4410	292434	11600036	1265231	83146320
3026	714	2434	1090	292616	11615220	2306662	185393280
3027	750	2119	2068	292673	11618885	883378	52050198
3028	408	2668	2405	293213	11654780	1546546	109134849
3029	1420	2875	2061	293556	11672120	357772	15341788
3030	974	2161	718	293879	11684361	1149545	73318197
3031	990	2984	4878	293955	11686872	464966	21887867
3032	379	1295	2878	293980	11688037	341863	14427240
3033	311	830	326	294043	11692741	358769	15429158
3034	598	2774	3904	294346	11708472	1109560	70129917
3035	74	96	184	294520	11719222	1289547	85276606
3036	15	1472	611	294575	11722338	309026	12534643
3037	2496	2521	4962	294772	11732216	416304	18813670
3038	1680	2322	2636	295083	11748568	4436299	449476785
3039	1283	2043	2531	295453	11766530	648874	33791383
3040	2092	2479	4753	295688	11775798	317068	13053459
3041	1374	2733	1821	295826	11782701	547397	27097813
3042	1853	2593	3546	296054	11794603	316128	13002686
3043	270	1827	424	296230	11804193	350227	14934520
3044	461	2099	1824	296469	11815480	912023	54135263
3045	773	1856	1515	296704	11826178	326390	13584806
3046	740	2606	782	296711	11826502	403617	18034321
3047	448	1732	3331	296724	11827006	395379	17566058
3048	1652	1784	2639	296788	11830295	542708	26734842
3049	253	1567	1542	297055	11844805	1040294	64522874
3050	240	2025	509	297201	11851522	426348	19402934
3051	931	1541	1501	297231	11852764	334090	13986493
3052	610	826	289	297399	11861351	484138	23129799
3053	452	1917	389	297498	11864471	433314	19876595
3054	971	2864	3583	297933	11878797	810531	46163632
3055	1644	2792	1280	298039	11883546	531133	25978975
3056	1547	1715	1851	298082	11885770	979227	59339293
3057	2422	2585	3425	298112	11886889	972217	58803194
3058	467	2655	1960	298130	11887555	1807663	133969962
3059	1180	2898	4412	298218	11892296	600084	30625136
3060	1301	1804	1196	298510	11912246	384846	16994776
3061	318	2802	2509	298772	11927126	475439	22498733
3062	1334	1497	1860	299144	11946841	1464903	101434112
3063	1409	2180	2708	299168	11947405	3343313	307598717
3064	1501	2820	4413	299176	11947756	356474	15257735
3065	1790	2657	3296	299265	11954396	837787	48392815
3066	1861	1900	2905	299300	11956967	350511	14946724
3067	104	1454	2097	299434	11970175	570815	28531620
3068	744	2006	841	299468	11973427	487887	23315527
3069	2746	2811	7532	299941	12007157	662901	34864234
3070	1829	2414	2844	300485	12047406	617204	31690959
3071	2269	2807	806	300969	12075716	323632	13432065
3072	2047	3002	2700	301264	12087713	518876	25292099
3073	1630	1652	2306	301304	12089141	942624	56523293
3074	261	2976	1493	301432	12095153	368920	16051767
3075	817	1488	1307	301545	12101117	482626	23019674
3076	876	2207	516	301607	12104359	804855	45727394
3077	148	2632	2226	301728	12109955	579424	29117575
3078	1188	1952	1828	301816	12114444	615158	31558817
3079	202	1852	3544	301886	12117930	342408	14463131
3080	545	2528	1499	301905	12119133	1879508	141145662
3081	1414	2808	3265	302089	12130831	690690	36864163
3082	48	1949	2620	302093	12131184	452966	21073394
3083	423	2881	1573	302249	12141524	388322	17190315
3084	1968	2170	3479	302364	12148978	780398	43696862
3085	2063	2941	1881	302634	12170329	627906	32400110
3086	517	1727	649	302755	12178784	418255	18934394
3087	1248	2590	1919	302897	12186592	518640	25280757
3088	1037	2613	1583	302945	12189202	356131	15244678
3089	1575	1998	2060	303196	12204463	307596	12425276
3090	2592	2882	2275	303279	12209949	328676	13707623
3091	1288	1451	344	303409	12216794	334834	14028616
3092	610	2347	2635	303826	12234842	795637	45005471
3093	2242	2762	5168	303856	12235693	0	0
3094	330	2217	3306	303990	12244778	934687	55814735
3095	1977	2232	1716	304338	12267107	0	0
3096	933	2099	2058	304779	12288712	809610	46090226
3097	1367	3014	2457	304791	12289145	345812	14678693
3098	1545	1817	2104	304873	12292228	784873	44134081
3099	866	1429	3240	305118	12303699	491645	23597418
3100	223	1779	1000	305200	12307629	337104	14154840
3101	2024	2296	4801	305420	12318992	409732	18439610
3102	1948	2228	2472	305819	12339836	1003259	61337864
3103	952	2941	2416	305853	12341010	309464	12567238
3104	1832	2443	4918	306365	12364025	347889	14787845
3105	1190	2313	661	306726	12381876	831526	47895478
3106	1127	1169	1030	306884	12388662	365590	15822781
3107	1278	1374	2865	307203	12400491	569007	28405807
3108	1596	2166	2364	307209	12400785	467538	22043483
3109	224	2286	2268	307265	12403998	515448	25096873
3110	1752	2922	3085	307407	12411705	345458	14653940
3111	741	1438	808	307417	12412628	0	0
3112	769	2138	2194	307438	12414279	629879	32534045
3113	2029	2438	1043	307443	12414581	356793	15276533
3114	1442	3089	3454	307596	12425276	0	0
3115	2553	2924	5557	308222	12461000	831726	47908215
3116	2598	2704	8162	308298	12465646	589641	29868684
3117	1773	2523	2605	308340	12469576	477093	22604927
3118	1062	1614	2446	308438	12480334	411063	18519739
3119	361	2215	1332	308694	12505518	1166951	74819519
3120	953	2351	2891	308887	12523029	385306	17023774
3121	320	3036	678	309026	12534643	894001	52894469
3122	2344	2424	2447	309339	12557157	557755	27751584
3123	356	3103	2475	309464	12567238	753757	41538182
3124	1388	2180	3059	309493	12569250	732556	39958613
3125	333	2284	2115	309657	12580813	368920	16051767
3126	70	2279	968	309926	12601793	776096	43347939
3127	2554	2657	4623	310007	12606782	344688	14597454
3128	2212	2661	3362	310209	12619747	0	0
3129	513	1863	1240	310496	12638804	347653	14776664
3130	71	866	298	310555	12642690	418875	18961475
3131	673	824	725	310609	12645744	714413	38598877
3132	415	478	754	310767	12654822	684894	36485346
3133	1947	2963	2588	310771	12654851	1676453	121841811
3134	769	1193	1633	310822	12657952	596996	30457096
3135	881	2829	1642	310881	12661173	588566	29778232
3136	1328	1605	501	310902	12662649	387906	17171470
3137	156	2304	3073	311006	12669348	334526	14011446
3138	700	1330	1621	311237	12686320	2926569	255569583
3139	526	1749	1365	311239	12686345	347308	14758783
3140	568	1526	1833	311302	12690205	664581	35017684
3141	352	1374	1680	311345	12693021	528007	25820661
3142	385	1062	1514	311381	12695297	409732	18439610
3143	2573	2966	8442	311433	12699646	0	0
3144	72	1833	1482	311877	12743398	415611	18771421
3145	0	377	78	312155	12764050	392801	17428713
3146	69	102	121	312180	12765162	1763118	129731482
3147	504	1548	1565	312322	12772174	375466	16403556
3148	352	2528	1617	312409	12778371	361494	15602453
3149	929	1398	1713	312586	12789054	319725	13190274
3150	1195	2123	1685	312848	12801972	387906	17171470
3151	1287	1510	1325	312898	12804060	319236	13159515
3152	1173	2465	4274	313003	12809415	706938	38001372
3153	1217	2974	4429	313166	12817556	394091	17500902
3154	1324	3011	2027	313288	12826434	558057	27768370
3155	542	730	1117	313511	12841967	351012	14980055
3156	2625	2708	2394	313673	12851792	612587	31389960
3157	2723	2945	3748	313720	12854782	730129	39756301
3158	2422	2482	3682	313786	12860383	476672	22576849
3159	1317	1912	1378	314457	12901032	1681982	122288952
3160	1520	2596	1773	314594	12908542	649727	33875913
3161	1848	2285	4496	314624	12909915	359596	15483024
3162	1141	1743	3350	314689	12913876	449379	20879361
3163	1017	1455	2227	314799	12921678	342812	14494800
3164	1982	2308	2485	314905	12929436	345074	14627990
3165	18	2848	1450	315018	12937541	441947	20432925
3166	189	2432	1350	315071	12940818	542708	26734842
3167	62	1920	737	315327	12958399	500309	24065795
3168	1075	1497	1187	315457	12966743	1002097	61226778
3169	1702	2915	1449	315544	12970839	1171953	75228417
3170	2515	2753	1874	315773	12983248	474690	22452316
3171	518	1709	1127	315970	12994861	333389	13948988
3172	2058	3042	4420	316128	13002686	536837	26344464
3173	1736	1932	1994	316177	13006210	440749	20355864
3174	662	1757	1690	316508	13027226	347035	14743623
3175	912	1373	2136	317063	13053248	1365951	92314880
3176	1738	3040	5691	317068	13053459	332658	13902347
3177	1702	2000	3244	317486	13076282	722407	39176318
3178	876	1911	834	317553	13079786	338903	14256947
3179	138	1585	1824	317730	13088531	1522798	106732323
3180	238	1438	583	317798	13092190	892156	52739380
3181	105	2220	856	317835	13093829	450462	20943703
3182	366	2087	1306	317910	13097522	576168	28889079
3183	1925	2728	2650	317951	13099521	1149506	73315855
3184	571	1427	839	318312	13119113	628253	32424442
3185	879	2289	911	318766	13136269	858216	50062729
3186	162	1634	898	318834	13138102	524819	25620532
3187	1788	2235	2131	318871	13139490	426639	19420485
3188	1650	2190	2730	318977	13143921	481124	22880582
3189	579	2142	1253	319043	13147546	758921	41989359
3190	636	1948	2762	319090	13150360	997865	60910446
3191	1515	2122	1247	319098	13150694	328256	13689492
3192	1176	1964	1622	319175	13155703	2518092	208488173
3193	1186	2007	981	319225	13158623	352311	15052144
3194	2357	3151	1549	319236	13159515	0	0
3195	187	1876	1853	319330	13165674	966598	58371982
3196	12	1073	614	319644	13186281	379095	16605877
3197	2261	3149	5419	319725	13190274	3478273	325526525
3198	1960	2420	1154	319783	13194361	1117635	70774910
3199	1899	2280	2748	319886	13201321	495441	23842717
3200	57	58	79	319998	13211703	3365454	310461559
3201	2273	2747	1537	320299	13231431	585566	29574163
3202	690	2639	4578	320509	13243586	605964	30992843
3203	122	2084	561	320526	13244654	393471	17466416
3204	449	1900	1767	320762	13260307	393471	17466416
3205	1458	2479	3431	320828	13264780	1430570	98175269
3206	270	1748	391	320835	13265118	392560	17415172
3207	655	1651	2779	320841	13265542	349127	14876021
3208	1118	2214	4132	321769	13317154	2842934	245984100
3209	1074	2168	1549	321851	13321063	428995	19586331
3210	1147	2374	3321	321857	13321241	415968	18792386
3211	2844	3042	6251	321908	13324483	340784	14355585
3212	1346	1822	1030	322110	13336917	698134	37405698
3213	124	1311	538	322162	13339824	779921	43658111
3214	1397	2293	424	322346	13351131	589506	29856160
3215	2101	2124	2958	322452	13355782	369785	16113133
3216	1503	2233	3475	322458	13356396	547926	27137025
3217	1298	1447	1012	322615	13365041	373748	16307441
3218	1489	2635	7514	322855	13377817	2379143	193030751
3219	844	2526	1458	322941	13384552	2223058	176972556
3220	292	1984	1085	323241	13408236	2223565	177028184
3221	2279	2283	1571	323542	13425944	577143	28978942
3222	2361	3071	6777	323632	13432065	458752	21441914
3223	8	2765	2465	323689	13436379	1596833	114355520
3224	2649	2685	4988	324331	13477711	0	0
3225	1470	2393	1285	324362	13480681	332676	13903001
3226	1248	2475	1452	324630	13496351	736885	40277513
3227	694	1234	1867	324891	13509743	1631802	117610589
3228	1042	2030	1702	324983	13515709	1988554	152175644
3229	37	647	906	324997	13516038	410404	18480933
3230	91	793	379	325433	13535016	610969	31310788
3231	1538	2233	2925	325708	13544625	396316	17627202
3232	1427	2531	1903	325735	13545933	417929	18919224
3233	1773	2591	2212	325753	13546681	494636	23792321
3234	1327	1830	1618	325784	13548221	510669	24764016
3235	1707	2620	1359	325878	13553031	501503	24130232
3236	1531	1618	2058	325997	13559341	339145	14271458
3237	302	2051	3415	326038	13561579	1133116	72010252
3238	729	2142	1266	326329	13580837	423907	19239024
3239	2260	2940	2808	326344	13581722	667925	35256450
3240	2503	3045	1912	326390	13584806	1805924	133758782
3241	231	2881	1655	326542	13596561	426365	19403537
3242	2179	2951	6180	326719	13607267	1121274	71031719
3243	908	1204	1212	327202	13640220	327691	13664552
3244	411	920	1291	327418	13652024	392814	17429099
3245	126	1013	340	327628	13661841	1765370	129922434
3246	659	3243	1681	327691	13664552	390055	17285306
3247	101	1887	608	327732	13666951	418679	18954240
3248	745	859	1265	327771	13668756	578333	29061738
3249	57	1273	949	328114	13682869	551597	27372628
3250	1463	1860	1618	328133	13683636	643960	33422828
3251	1469	3191	1407	328256	13689492	511020	24789374
3252	690	2685	1968	328310	13692384	525088	25639534
3253	169	2906	1608	328650	13706758	950269	57162748
3254	1364	3090	2815	328676	13707623	765896	42572895
3255	345	1473	945	328838	13715932	0	0
3256	690	2091	677	329056	13724298	931937	55644586
3257	1244	3071	1327	329203	13729533	519703	25335725
3258	2518	2844	4935	329223	13729983	473338	22369600
3259	1066	2537	4394	329357	13736439	429486	19614467
3260	74	2760	1499	329421	13741148	0	0
3261	1191	2396	2282	329871	13770278	346851	14732053
3262	165	2851	820	330043	13779943	401836	17928932
3263	1270	1465	1816	330476	13800999	443367	20508050
3264	871	1610	4609	330543	13803990	701812	37683407
3265	695	1518	1598	330775	13814341	0	0
3266	1766	2713	4482	330979	13822458	664603	35019535
3267	677	1240	587	331017	13824514	526306	25719339
3268	1584	2116	1661	331310	13839378	1721512	125876028
3269	250	2188	545	331345	13840719	0	0
3270	1212	1646	1438	331495	13847583	368692	16035260
3271	2154	2162	3500	331574	13851662	611291	31325668
3272	818	2382	1048	331795	13861696	373733	16306855
3273	338	1248	1250	331826	13863078	341089	14377404
3274	214	2384	2485	331886	13866824	529244	25879054
3275	362	670	1194	332024	13873428	1634880	117845946
3276	2288	2773	3841	332249	13883788	421536	19099432
3277	1120	3176	6214	332658	13902347	617204	31690959
3278	1811	3225	1975	332676	13903001	541768	26677646
3279	2600	3036	2164	332989	13923933	864849	50653361
3280	488	1136	1348	332995	13924518	865308	50693010
3281	936	1893	907	333086	13931533	564672	28128119
3282	1137	3171	1867	333389	13948988	500309	24065795
3283	2389	2559	2415	333544	13957172	986491	59880106
3284	942	1632	1731	333569	13959308	429840	19639985
3285	1876	2723	4013	333921	13977394	406943	18273717
3286	502	2764	1021	334019	13982802	500673	24087758
3287	2454	3051	2819	334090	13986493	364383	15755431
3288	839	1838	662	334121	13988755	733021	39995382
3289	664	2350	881	334403	14005410	873373	51217637
3290	327	3137	3369	334526	14011446	398264	17737550
3291	1089	1316	536	334562	14013819	388384	17193193
3292	199	1110	1500	334731	14024274	607814	31094027
3293	96	1658	664	334775	14026148	737039	40288958
3294	148	3091	502	334834	14028616	510225	24727253
3295	1062	1728	2408	334979	14035964	618079	31756977
3296	1681	1960	2688	334995	14036605	672839	35607419
3297	542	2873	4412	335241	14052089	599303	30569397
3298	157	188	261	335446	14067794	479981	22777922
3299	1128	2698	3092	335855	14089419	1260355	82726600
3300	536	1950	1773	336103	14103470	1778751	131106646
3301	2518	2633	2482	336572	14125264	618168	31763167
3302	1711	1965	3011	336703	14130590	426794	19436472
3303	824	1820	802	336741	14132556	371664	16215100
3304	119	862	769	336772	14134199	1445416	99566701
3305	1847	2726	5009	336868	14139050	575797	28857185
3306	139	1293	776	337047	14151545	2869650	249381034
3307	62	3100	1047	337104	14154840	841312	48687723
3308	1619	2089	2882	337443	14171449	723548	39269403
3309	1290	1967	3209	337536	14175902	842946	48868088
3310	499	1477	1792	337540	14176114	375733	16417291
3311	2015	2575	5459	337771	14187714	934186	55779906
3312	2089	2244	3851	337959	14201188	1587353	113292235
3313	1858	2871	1876	337969	14201951	1144027	72885229
3314	477	1007	468	338569	14237506	396666	17655983
3315	2842	2921	2261	338584	14238349	750759	41351541
3316	1546	2370	1486	338599	14239208	524957	25629381
3317	124	1315	1065	338784	14250061	406489	18240306
3318	1570	3178	1948	338903	14256947	857748	50031283
3319	416	2808	2420	338962	14260999	0	0
3320	1305	2502	4011	339139	14271299	437215	20133503
3321	777	3236	2929	339145	14271458	0	0
3322	2226	2760	2243	339494	14294844	1557719	110306295
3323	707	1609	1439	339749	14310448	356785	15276005
3324	68	954	561	339943	14320592	815076	46490746
3325	1333	1975	1350	340229	14332138	1408825	96242526
3326	460	557	620	340468	14340820	531922	26021563
3327	628	2333	1150	340489	14341678	468585	22118134
3328	641	2050	785	340507	14342265	0	0
3329	2049	2479	3955	340665	14348870	975416	59060689
3330	2450	2791	2431	340672	14349130	463078	21760335
3331	1781	3211	6951	340784	14355585	579642	29133730
3332	653	3273	1529	341089	14377404	388512	17198782
3333	1276	2382	2057	341535	14404928	372766	16268016
3334	179	2900	1650	341548	14405291	362136	15632211
3335	1187	2974	4520	341586	14407620	364567	15762980
3336	937	1635	1531	341594	14407922	447795	20795954
3337	306	2682	1292	341703	14416322	547094	27077650
3338	1206	3032	3886	341863	14427240	432263	19800180
3339	291	2879	1229	342017	14438822	350340	14938549
3340	1073	1186	953	342069	14442921	0	0
3341	937	2152	2812	342236	14452167	513978	24998231
3342	11	1505	65	342359	14459844	370474	16160738
3343	82	3079	3594	342408	14463131	466475	21974923
3344	1857	2928	2463	342536	14471755	1810700	134288807
3345	1052	1767	2414	342559	14472973	1233435	80582487
3346	925	3163	2678	342812	14494800	855962	49885740
3347	1148	2000	2493	343073	14514867	434206	19930149
3348	117	2233	2236	343509	14542341	547037	27073965
3349	69	223	313	343687	14551034	671639	35500997
3350	1246	2369	1267	343968	14561484	715209	38675941
3351	519	2771	1333	344088	14566491	814198	46416014
3352	2609	2895	4080	344112	14567166	2506174	207279490
3353	70	949	1413	344166	14570535	380648	16705905
3354	267	859	1247	344262	14575970	1017533	62509571
3355	947	1181	145	344279	14576775	437661	20166340
3356	599	732	608	344385	14582055	655303	34330374
3357	2916	3127	9569	344688	14597454	367513	15946588
3358	2411	3164	3282	345074	14627990	1711116	124855473
3359	2435	3110	4427	345458	14653940	920207	54722042
3360	1797	1873	2642	345639	14667815	1200148	77924116
3361	2834	3097	2981	345812	14678693	937886	56103140
3362	486	2079	963	346512	14717292	619898	31884419
3363	1249	1680	1992	346648	14722909	533094	26107678
3364	1070	2502	3104	346791	14729140	787558	44358915
3365	1167	3261	2413	346851	14732053	738714	40420161
3366	568	1939	2031	347013	14741682	730129	39756301
3367	467	3174	1735	347035	14743623	3232229	294136633
3368	584	1776	1723	347184	14752351	1954498	148831045
3369	273	3139	1560	347308	14758783	961353	57990978
3370	974	3129	1559	347653	14776664	961353	57990978
3371	1193	1265	1987	347707	14779173	901668	53441497
3372	2779	3104	9371	347889	14787845	1305001	86614265
3373	1137	2571	5526	348235	14816923	1683144	122391465
3374	246	2542	996	348652	14848938	523149	25518178
3375	1490	2138	1813	349065	14873203	1379449	93571710
3376	1267	3207	3460	349127	14876021	455824	21251950
3377	38	2179	2683	349221	14882085	420684	19044844
3378	655	1249	1286	349249	14884342	551112	27347200
3379	1247	2854	1118	349682	14909718	507826	24544820
3380	224	1921	2090	349714	14911181	1841397	137323389
3381	2273	3043	1177	350227	14934520	587473	29699924
3382	774	3339	1529	350340	14938549	359087	15450333
3383	169	2907	1093	350399	14941058	2593294	217017764
3384	28	3066	2930	350511	14946724	366878	15904871
3385	746	1602	2289	350584	14950391	494570	23789411
3386	589	2479	3795	350720	14957991	441651	20413077
3387	1243	1914	1276	350729	14958680	601826	30746489
3388	373	2807	936	350745	14959686	493435	23734288
3389	2047	2412	3256	350755	14960190	787313	44341196
3390	931	1873	2913	350861	14969537	395363	17565206
3391	265	2097	1396	350973	14977307	411063	18519739
3392	510	3155	1584	351012	14980055	1893774	142649870
3393	385	1847	2078	351353	15004621	399178	17791791
3394	2112	2516	3516	351517	15013662	649831	33885209
3395	8	1612	905	351615	15018682	932561	55682374
3396	472	676	446	352105	15043605	2603176	218049354
3397	1521	1811	1236	352217	15048720	3088004	276118084
3398	433	3193	1319	352311	15052144	1029143	63521341
3399	1150	1729	1613	352378	15054552	360460	15546197
3400	2334	2460	4160	352390	15054929	538146	26435326
3401	1348	1947	2582	352757	15074917	0	0
3402	539	1548	1221	352948	15083946	397440	17699784
3403	2032	2831	3211	353227	15094675	0	0
3404	1316	2505	1407	353255	15095555	462546	21715355
3405	1661	2416	2977	353307	15098240	602879	30820757
3406	683	1136	1508	353356	15101438	375698	16415177
3407	363	3021	3434	353619	15115541	845956	49117688
3408	822	1874	1884	353635	15116296	419801	19008545
3409	224	1498	411	353810	15128130	1340582	89881062
3410	348	565	532	353913	15134656	473939	22399804
3411	596	2871	1657	354075	15143320	867720	50821000
3412	321	533	619	354323	15155740	1725080	126214065
3413	321	1530	1016	354323	15155740	561340	27961968
3414	533	1530	981	354323	15155740	523595	25544482
3415	635	2744	3186	354604	15169292	630653	32582360
3416	149	1340	1094	354621	15170630	809131	46049688
3417	0	2987	304	354777	15178391	415312	18750718
3418	916	2343	2248	354799	15179250	640876	33203491
3419	1211	1699	2653	354879	15184010	362622	15661376
3420	1083	2359	2483	355260	15203228	795318	44971741
3421	1214	2430	4398	355441	15211756	769248	42859004
3422	791	849	964	355701	15225644	1611207	115697294
3423	12	1527	924	356069	15242654	606515	31021659
3424	356	3088	1642	356131	15244678	454068	21152029
3425	1372	1930	908	356207	15247991	566573	28265844
3426	9	1722	959	356405	15255916	479981	22777922
3427	235	3064	4490	356474	15257735	589569	29861144
3428	89	3323	1463	356785	15276005	585735	29583526
3429	1615	3113	1233	356793	15276533	426870	19445464
3430	890	2009	1144	356976	15286876	626677	32335519
3431	536	2282	576	357075	15291357	365314	15805204
3432	1705	2978	3253	357129	15293797	704367	37844288
3433	1997	2690	10591	357368	15306754	812337	46270344
3434	190	548	418	357631	15332225	554863	27600530
3435	2223	3029	2311	357772	15341788	556157	27661825
3436	1254	2910	3738	357909	15352635	489539	23426910
3437	1591	2801	3793	357954	15356117	729680	39716460
3438	996	1162	823	358306	15389082	487788	23309154
3439	531	2635	6328	358328	15390941	484808	23163476
3440	105	2284	2090	358419	15398271	426655	19421757
3441	1611	3033	1185	358769	15429158	381907	16791909
3442	1385	3382	2226	359087	15450333	389502	17252587
3443	1256	1730	2763	359218	15458752	396052	17609410
3444	1092	2945	2387	359451	15474757	920220	54722642
3445	826	912	618	359522	15479257	611594	31342121
3446	1831	3161	5564	359596	15483024	379702	16636477
3447	1981	2681	4806	359646	15486141	0	0
3448	107	261	75	359739	15493053	619649	31872704
3449	191	628	294	359866	15503739	395856	17598097
3450	1416	2110	2562	359888	15505130	2503329	206999675
3451	1765	2930	1652	360239	15529420	507020	24470772
3452	1328	2226	956	360312	15535456	1923933	145720005
3453	1204	3399	2252	360460	15546197	881003	51851180
3454	1133	2551	3332	360741	15563653	383952	16929108
3455	116	733	539	360988	15577946	365472	15814779
3456	264	2431	995	361288	15593177	589028	29814388
3457	1990	3243	1490	361415	15598998	478313	22671168
3458	305	1573	2069	361469	15601304	990755	60274092
3459	1020	3148	2541	361494	15602453	594273	30253113
3460	741	1183	585	361670	15612021	1272161	83718853
3461	548	2218	496	361679	15612437	567753	28340896
3462	976	3334	1883	362136	15632211	1720351	125774630
3463	1016	1594	1755	362288	15638451	565371	28172313
3464	2332	2936	4012	362318	15639633	457294	21334788
3465	2767	2900	4088	362341	15640946	366158	15854275
3466	2162	2395	4328	362433	15647621	1282366	84639348
3467	2081	3419	4078	362622	15661376	1782445	131406980
3468	1377	1920	999	362764	15672427	1062617	66397124
3469	740	1919	601	362819	15676617	431254	19733312
3470	93	1284	2275	363063	15693024	0	0
3471	2045	2882	2947	363236	15702672	590714	29980732
3472	122	1788	690	363309	15706292	373289	16290739
3473	1827	3339	1426	363890	15734937	2718610	231240284
3474	417	1682	1661	363892	15734962	2878023	250229754
3475	1176	1182	881	364193	15748409	1591023	113731420
3476	984	3287	3211	364383	15755431	511827	24844741
3477	468	3335	4725	364567	15762980	436987	20115308
3478	345	1229	693	364669	15769142	0	0
3479	336	2333	1038	364691	15770633	805365	45768191
3480	1263	1943	2263	364956	15786493	403256	18004359
3481	935	2561	1407	365030	15790172	1007398	61645680
3482	1789	2993	2409	365168	15797818	875121	51361795
3483	1826	3431	1379	365314	15805204	433314	19876595
3484	1639	2419	1066	365317	15805265	0	0
3485	1699	2772	2431	365428	15811273	1978457	151125703
3486	3029	3455	2600	365472	15814779	1329062	88862847
3487	476	3106	1877	365590	15822781	677266	35897687
3488	1261	2895	2700	366135	15852661	366205	15857527
3489	674	3465	4556	366158	15854275	1949991	148350437
3490	206	1558	1698	366189	15856288	1574379	112052060
3491	1154	3488	2957	366205	15857527	450593	20950529
3492	1222	1597	2021	366730	15894992	382590	16835270
3493	964	1667	783	366815	15900712	551112	27347200
3494	1259	3384	4011	366878	15904871	403427	18017760
3495	112	2849	2301	366895	15905957	428952	19584384
3496	226	2833	441	367202	15928956	1995271	152958149
3497	1463	2734	1033	367448	15942622	615558	31586194
3498	1271	3357	9665	367513	15946588	2923406	255197663
3499	2142	2464	2693	367733	15967648	440003	20300832
3500	638	1413	558	367831	15976883	504144	24275721
3501	1590	2154	1898	368070	15995240	836162	48262170
3502	2424	3024	6323	368525	16021674	613842	31458032
3503	2307	2930	2539	368600	16027592	2686580	227551674
3504	113	3270	1482	368692	16035260	964446	58233011
3505	3074	3125	3608	368920	16051767	1201893	78050145
3506	942	2956	2187	369046	16061842	398984	17781242
3507	775	3006	1786	369054	16062785	383952	16929108
3508	1200	2663	1649	369526	16098085	496585	23914192
3509	764	3215	3266	369785	16113133	495259	23828354
3510	45	74	159	369839	16116322	466167	21961700
3511	1633	2982	1885	369985	16125832	387146	17125975
3512	1253	1261	287	370041	16128716	509444	24658576
3513	2347	2507	8146	370102	16132739	2315446	186235835
3514	2323	3342	1479	370474	16160738	378323	16569139
3515	204	747	578	370600	16168808	400290	17852804
3516	1106	1844	1516	371244	16197917	560928	27943214
3517	1460	2741	4733	371394	16203343	631466	32643109
3518	360	447	1146	371621	16213049	736405	40244196
3519	1836	3303	1104	371664	16215100	3972903	388699393
3520	2202	2951	8867	371884	16223313	1043634	64853751
3521	1428	1933	2598	372197	16240884	717628	38866941
3522	327	2931	1760	372405	16251470	584803	29528119
3523	106	281	283	372745	16267244	666086	35156403
3524	1499	3333	3625	372766	16268016	397821	17715815
3525	1251	3472	2299	373289	16290739	662880	34862645
3526	1887	1911	1023	373488	16298437	379431	16621593
3527	1932	1998	2471	373638	16303366	825047	47318968
3528	100	3272	1158	373733	16306855	718902	38944643
3529	2552	3217	1976	373748	16307441	1204657	78283189
3530	6	2589	916	373930	16315068	664778	35038434
3531	763	2161	1472	374125	16323254	1542783	108733616
3532	1759	2847	2277	374211	16326533	534571	26190897
3533	748	2469	2805	374273	16329353	840124	48589584
3534	1737	2382	5321	374396	16335197	1161940	74416759
3535	1442	2984	4495	374507	16342723	470576	22227468
3536	2186	2597	5447	374515	16343037	1545727	109044365
3537	431	2821	266	374592	16349407	1258709	82580806
3538	1114	1651	2255	375364	16398596	382394	16822327
3539	279	3147	1834	375466	16403556	474003	22403065
3540	2507	3406	7224	375698	16415177	1923933	145720005
3541	1263	3310	3214	375733	16417291	817406	46708074
3542	1374	1391	1453	375821	16423656	685075	36495712
3543	343	1886	3302	375973	16434165	447295	20760890
3544	117	600	253	376001	16436602	640306	33182610
3545	127	1160	1132	376050	16440011	611291	31325668
3546	1621	1871	2251	376154	16449139	450462	20943703
3547	1040	1327	2130	376574	16478232	3498938	327661526
3548	617	1028	876	376602	16479427	1187685	76859311
3549	1053	2530	3287	376922	16497926	661703	34782173
3550	20	1644	807	376969	16500479	580952	29263890
3551	1656	2339	3537	377165	16509676	1197289	77676629
3552	980	1491	1323	377362	16520247	492602	23670734
3553	1929	2683	3552	377468	16525020	1099324	69268149
3554	1022	2264	798	377909	16547549	444257	20575490
3555	1573	2295	5254	377971	16550151	383711	16909199
3556	866	2318	1370	378224	16563586	2162677	171081471
3557	1433	3514	2380	378323	16569139	381202	16740279
3558	764	1144	542	378415	16574231	1618579	116426408
3559	863	1740	1003	378486	16577671	460538	21569640
3560	792	2547	1723	378829	16594982	1236230	80781632
3561	332	1477	1463	378873	16596541	572790	28649924
3562	1768	3196	1884	379095	16605877	875528	51389429
3563	114	1073	654	379285	16613970	1014476	62222038
3564	2573	2869	6469	379378	16618233	404852	18126137
3565	43	3526	1039	379431	16621593	498466	23981746
3566	663	1356	1027	379523	16627364	437885	20180539
3567	2307	3446	7062	379702	16636477	880854	51838695
3568	1081	2867	4108	379704	16636557	442435	20459249
3569	865	2113	1270	379838	16648378	403104	17996043
3570	1037	2844	3545	380163	16674708	563447	28060531
3571	1223	1435	1408	380188	16676008	530757	25955702
3572	1488	2771	1531	380306	16684680	419115	18974685
3573	338	674	1057	380325	16686160	0	0
3574	1224	3353	3952	380648	16705905	748516	41211617
3575	1120	2631	904	380997	16728203	0	0
3576	1076	2282	1197	381114	16735734	682525	36324554
3577	700	3557	2710	381202	16740279	483882	23110797
3578	177	2633	386	381222	16741542	889047	52518819
3579	2199	2267	5894	381332	16747944	526642	25738756
3580	1431	2464	4619	381409	16754804	808074	45958149
3581	27	2587	2241	381803	16785217	590502	29962969
3582	1048	3441	1350	381907	16791909	541319	26651779
3583	143	1489	1787	382130	16805985	530340	25931653
3584	2936	3538	4780	382394	16822327	599303	30569397
3585	1412	3492	4634	382590	16835270	584100	29476595
3586	720	1009	1695	382601	16836228	1087639	68375943
3587	1430	1711	3644	382854	16854675	515801	25124276
3588	1599	2037	2482	382951	16861325	438444	20216328
3589	1364	1657	1819	383250	16882154	3758446	361513720
3590	147	1263	1488	383257	16882372	608603	31153188
3591	2576	2785	2217	383382	16890309	520654	25378661
3592	665	1747	1184	383516	16898394	565136	28156432
3593	732	3555	5631	383711	16909199	1172382	75267299
3594	406	3287	3055	383758	16912647	1270474	83572595
3595	3454	3507	5118	383952	16929108	426655	19421757
3596	368	2095	1378	383998	16932368	757601	41873928
3597	1037	2478	2280	384366	16963337	4229974	422087133
3598	1747	2498	1975	384735	16988656	1022821	62963310
3599	926	3060	1731	384846	16994776	613351	31431703
3600	2120	2655	4405	384899	16998010	487788	23309154
3601	383	1553	752	384939	17000404	408860	18403764
3602	1479	2023	1356	385093	17011156	398504	17751658
3603	240	1816	736	385286	17022491	3898130	379306270
3604	2194	3120	3311	385306	17023774	858546	50089418
3605	809	1423	1917	385517	17039142	629879	32534045
3606	1619	2913	2704	385562	17041879	2228308	177467196
3607	545	2232	574	385634	17047432	465138	21898766
3608	103	2648	1824	385811	17060224	436572	20088875
3609	187	2066	981	386413	17093128	427777	19520346
3610	1194	1878	1807	386508	17096182	542708	26734842
3611	2457	2592	1512	386663	17103276	390216	17293286
3612	744	758	563	386761	17107423	868697	50873133
3613	1816	2466	2831	386902	17112125	634265	32827721
3614	1565	1820	1146	386932	17113323	652228	34123902
3615	317	2261	4153	386989	17115989	773071	43083536
3616	1551	3511	2950	387146	17125975	525088	25639534
3617	1946	2159	1625	387268	17134463	1049809	65433897
3618	1942	3441	2109	387399	17142969	550004	27285194
3619	1222	2863	1307	387575	17153168	772732	43064091
3620	3136	3150	2186	387906	17171470	889173	52526854
3621	641	1443	536	388205	17185616	956772	57678126
3622	932	3083	1737	388322	17190315	1076610	67530137
3623	254	3291	697	388384	17193193	388958	17225140
3624	1587	3332	1716	388512	17198782	3795187	366704376
3625	1035	2745	3701	388525	17199450	461082	21605089
3626	189	2063	606	388626	17206118	930214	55526111
3627	460	3623	943	388958	17225140	4125224	408480119
3628	2646	2693	3454	389036	17229190	1316824	87748224
3629	2038	2318	3378	389318	17243000	2648336	223126251
3630	1399	3557	2881	389486	17252163	0	0
3631	3291	3442	2762	389502	17252587	481912	22958770
3632	152	972	1209	389923	17278515	1265794	83188403
3633	3	3246	1684	390055	17285306	524358	25588594
3634	2717	3611	2434	390216	17293286	1446681	99699354
3635	772	1490	1251	390264	17295244	473971	22401760
3636	84	1416	1377	390389	17302207	1599140	114569488
3637	115	1290	1017	390574	17311642	2452174	201484299
3638	610	2336	482	390614	17313340	586584	29638970
3639	1327	2012	2102	390643	17314777	4444330	450509324
3640	673	1786	1986	390750	17320461	410348	18477796
3641	443	2344	2731	390941	17330117	667204	35209018
3642	550	2366	2043	390975	17331397	518923	25294637
3643	1140	2735	1885	391104	17339743	418970	18966148
3644	968	2180	3755	391275	17348542	482978	23043954
3645	602	1258	1291	391374	17353409	401182	17898002
3646	80	2125	239	391839	17376293	505710	24368426
3647	681	1699	2478	391856	17377000	0	0
3648	1466	2183	1653	392007	17383483	1049646	65421257
3649	1342	2390	3871	392023	17384064	426639	19420485
3650	2177	2880	4937	392221	17393680	543613	26820880
3651	1935	3206	1732	392560	17415172	618062	31755532
3652	733	2378	673	392798	17428540	572073	28604997
3653	22	3145	94	392801	17428713	718900	38944614
3654	597	3244	1812	392814	17429099	676164	35831665
3655	1908	1958	4199	392869	17432266	765221	42513259
3656	2318	2329	2764	393294	17457206	1822456	135375453
3657	1707	2206	2281	393455	17465128	502513	24190862
3658	3203	3204	2328	393471	17466416	1860749	139283103
3659	1200	1311	1098	393633	17476928	571282	28561891
3660	1088	2267	2812	393744	17481737	436755	20100331
3661	896	3153	5216	394091	17500902	936508	55981385
3662	2542	2683	2237	394561	17526347	671311	35476325
3663	2301	2668	1972	394909	17542944	887068	52397253
3664	514	2811	5771	395059	17549812	2058492	159683820
3665	67	3390	2944	395363	17565206	603235	30846961
3666	1068	3047	3495	395379	17566058	643261	33367934
3667	1088	1755	1699	395501	17573442	3704568	354949580
3668	1088	2894	3615	395529	17575200	645845	33563950
3669	655	2709	1615	395743	17590570	456223	21275608
3670	528	3449	334	395856	17598097	0	0
3671	984	3443	3155	396052	17609410	1211611	78874265
3672	2375	2987	966	396281	17625301	1025095	63203240
3673	1817	3231	4622	396316	17627202	0	0
3674	2755	2930	4285	396371	17630870	0	0
3675	546	3314	585	396666	17655983	593592	30204890
3676	1409	2086	2481	396920	17672602	409214	18417669
3677	2454	3402	2539	397440	17699784	405003	18138874
3678	1930	2272	805	397554	17704850	1155403	73747802
3679	288	2906	1679	397807	17715242	2296492	184369068
3680	90	3524	3678	397821	17715815	1620303	116561833
3681	2358	3290	5457	398264	17737550	424623	19288261
3682	818	3602	1879	398504	17751658	678353	35966128
3683	1685	2819	1873	398512	17752183	429946	19647307
3684	510	1514	2761	398595	17758226	429032	19588274
3685	312	2562	669	398639	17761323	517428	25232458
3686	2232	3506	2530	398984	17781242	577891	29034304
3687	1842	3393	3874	399178	17791791	412392	18594025
3688	1030	1734	1844	399604	17816439	2305406	185278691
3689	603	2047	1973	399635	17818171	1177090	75714954
3690	2439	3171	3668	399862	17830196	697807	37378962
3691	592	2054	754	400141	17845251	579777	29149541
3692	76	2499	645	400181	17847212	753751	41537824
3693	514	724	1316	400186	17847455	0	0
3694	543	2660	3452	400241	17849862	791607	44657301
3695	1944	3515	1142	400290	17852804	911538	54111880
3696	698	2996	1604	400308	17853940	468397	22106767
3697	1573	2232	2090	400518	17865793	1342433	90043454
3698	757	1680	1818	400718	17876833	2281381	182874715
3699	2189	3645	3544	401182	17898002	542634	26729783
3700	363	2096	2634	401393	17908402	671550	35494101
3701	2685	3136	2185	401452	17911140	565386	28173825
3702	807	2774	3992	401754	17924479	579177	29103451
3703	2306	3262	1118	401836	17928932	0	0
3704	474	935	946	401955	17934729	507902	24550596
3705	2910	3016	4090	402129	17944245	403657	18037188
3706	1290	2894	3038	402434	17960863	410872	18508145
3707	643	1602	2536	402447	17961340	576860	28956047
3708	1213	1502	2923	402736	17977554	1006920	61615196
3709	272	1422	1485	403033	17992540	476320	22556847
3710	2740	3569	2461	403104	17996043	568369	28369373
3711	722	2587	3179	403152	17997849	0	0
3712	880	2519	2478	403222	18001771	416270	18811511
3713	1629	3480	4748	403256	18004359	1912199	144593789
3714	1856	2734	1721	403322	18009043	787390	44345894
3715	1950	3494	5664	403427	18017760	827318	47528498
3716	558	3046	1654	403617	18034321	579513	29123536
3717	84	3705	4167	403657	18037188	415312	18750718
3718	269	2135	1044	404121	18078457	2497919	206434168
3719	1358	2133	3223	404230	18085698	0	0
3720	2223	2549	1868	404549	18105941	1413528	96634915
3721	1470	2064	2428	404657	18112434	509200	24643138
3722	362	2725	1412	404707	18116107	2580049	215456109
3723	1135	2372	1381	404837	18124890	473654	22384335
3724	2172	3564	7101	404852	18126137	454924	21198714
3725	2546	3677	3305	405003	18138874	490344	23491650
3726	1291	1641	1677	405238	18161027	2215457	176262428
3727	2225	2689	1225	405364	18170468	456598	21296267
3728	2928	3382	2891	405540	18184433	515262	25086213
3729	111	2313	518	406145	18221491	892156	52739380
3730	1206	2296	4371	406306	18229760	575922	28867201
3731	105	2579	1352	406371	18233101	808505	45999413
3732	656	1707	820	406438	18237085	2414703	197056300
3733	2335	3317	1711	406489	18240306	615158	31558817
3734	1291	2325	5111	406503	18240729	606743	31034710
3735	411	2568	1318	406544	18243408	556109	27658730
3736	1412	1972	3571	406907	18270857	609116	31190829
3737	2080	3285	4994	406943	18273717	467581	22046438
3738	1431	2932	6288	407308	18301725	3988222	390871625
3739	337	1534	1374	407446	18313345	1241653	81227096
3740	2562	2675	2646	407775	18338470	711901	38336747
3741	48	2862	2031	407861	18344749	565239	28162389
3742	948	967	1535	407879	18345824	1011201	61941180
3743	2026	2542	1482	408813	18401676	501651	24139715
3744	1355	3601	1102	408860	18403764	569108	28413117
3745	726	2640	1043	408934	18406837	476936	22595122
3746	705	1332	1344	409151	18415630	875371	51377865
3747	535	1811	1236	409182	18416476	3622750	344041552
3748	2638	3676	2783	409214	18417669	1158654	74055527
3749	686	973	796	409720	18439093	453678	21126562
3750	3101	3142	6315	409732	18439610	676967	35877874
3751	2523	2965	5580	409974	18454526	635219	32888801
3752	1689	3640	3078	410348	18477796	2081828	162492104
3753	2802	3229	3334	410404	18480933	3844151	372688071
3754	3016	3706	4108	410872	18508145	1261043	82788195
3755	3118	3391	3842	411063	18519739	579578	29127863
3756	1426	1840	2491	411406	18542046	2111752	165763597
3757	1149	2153	2910	411802	18564630	480539	22819480
3758	2658	2868	3724	412302	18589459	487996	23321368
3759	180	3687	3895	412392	18594025	926387	55214599
3760	1555	1720	1130	412537	18603269	649315	33838266
3761	959	2967	1430	412920	18622982	1022259	62915416
3762	25	185	63	412999	18626942	469894	22189749
3763	1464	1875	1540	413130	18632807	2286788	183376306
3764	952	3243	2303	413135	18633115	445209	20629205
3765	2635	2978	8457	413472	18649110	1135004	72188761
3766	3024	3602	7240	413607	18656380	623913	32128689
3767	181	518	359	413783	18669275	474198	22418712
3768	2880	2989	4510	414002	18683508	917400	54498649
3769	545	861	699	414111	18691720	3003569	265187402
3770	102	1385	750	414524	18714650	421182	19076203
3771	1129	1260	1103	415023	18737299	1281742	84579758
3772	2126	2671	2115	415076	18739101	3735801	358699010
3773	2494	3148	4642	415117	18740530	2195518	174208837
3774	80	3229	943	415308	18750473	4125224	408480119
3775	3417	3717	4471	415312	18750718	650257	33924655
3776	698	2326	1761	415338	18752078	1348888	90653707
3777	1052	3144	1741	415611	18771421	2686050	227504064
3778	494	3210	3547	415968	18792386	491415	23578270
3779	1243	1903	1291	416245	18809633	489033	23395411
3780	1312	3712	3186	416270	18811511	1646605	118948427
3781	64	3037	5035	416304	18813670	2000162	153442286
3782	681	2876	2016	416335	18816400	1097624	69143933
3783	1535	1716	2111	416482	18830512	435481	20023441
3784	1071	3677	3172	416947	18865322	875751	51405235
3785	302	524	243	417045	18872827	1099828	69310861
3786	856	1015	650	417424	18896349	865308	50693010
3787	598	2506	2059	417496	18899466	724487	39347687
3788	339	1435	1081	417824	18914771	2003343	153657880
3789	130	3232	1967	417929	18919224	790784	44592359
3790	460	1988	1516	418134	18928094	977778	59233989
3791	629	1934	3076	418153	18929429	490713	23520049
3792	2824	3086	2071	418255	18934394	421312	19084601
3793	1478	3247	1450	418679	18954240	769248	42859004
3794	2709	3130	1279	418875	18961475	1107600	69948159
3795	817	1529	2736	418914	18963079	521721	25435706
3796	3557	3643	4265	418970	18966148	1230276	80339411
3797	399	2073	1539	418972	18966150	493119	23709099
3798	463	3572	1933	419115	18974685	1024047	63104932
3799	575	2185	1175	419621	19001325	1794985	132677240
3800	2616	3408	2504	419801	19008545	478930	22707033
3801	1171	2035	784	420029	19018655	491115	23555246
3802	806	2109	1851	420188	19025734	756786	41819665
3803	1250	2852	659	420221	19026856	571997	28600528
3804	543	1135	1411	420273	19028888	867720	50821000
3805	738	3431	867	420633	19042579	571997	28600528
3806	1305	1706	1624	420662	19043873	536473	26322466
3807	1121	3377	2818	420684	19044844	564672	28128119
3808	1429	2518	5225	420742	19047697	1161613	74381678
3809	19	2817	2160	420840	19054766	434316	19939169
3810	1416	2278	2341	420943	19061273	707094	38009721
3811	1131	2444	1790	421011	19065029	2758652	235859304
3812	1998	3770	2400	421182	19076203	955136	57550158
3813	1576	3792	2796	421312	19084601	552413	27425398
3814	2543	3276	5138	421536	19099432	755707	41729303
3815	1998	2198	2076	421709	19112365	2239782	178709343
3816	2227	3261	3984	421977	19131937	0	0
3817	2371	2914	6143	422383	19155754	513189	24934302
3818	24	1826	815	422915	19188669	1365664	92282187
3819	2415	2484	2566	422917	19188680	434110	19924386
3820	18	685	435	423183	19201965	2589075	216486537
3821	458	3276	4001	423353	19209286	457480	21348180
3822	143	2265	1293	423581	19220998	0	0
3823	1691	2390	5189	423673	19224711	555950	27649773
3824	2722	2758	3230	423722	19227269	696485	37264237
3825	1492	3238	2166	423907	19239024	470387	22215288
3826	604	3705	4429	424011	19245368	614606	31519667
3827	1767	2217	5164	424172	19256193	446272	20695573
3828	163	1871	1473	424306	19265856	670038	35380419
3829	1118	2684	3460	424497	19279428	1621819	116682329
3830	2760	3681	6861	424623	19288261	689483	36791690
3831	869	1037	1932	424781	19302764	831526	47895478
3832	2391	2668	3058	425037	19322778	825047	47318968
3833	416	1530	787	425402	19348842	1858935	139121629
3834	335	2556	1407	425448	19351619	875471	51385690
3835	1931	2140	4233	425670	19363595	562181	28002405
3836	1665	2455	1515	425866	19375197	2312607	185941865
3837	2504	2967	2056	425973	19381551	431856	19763328
3838	1463	2966	3362	426097	19388775	621272	31964913
3839	533	3291	828	426340	19402633	2942481	257706119
3840	668	3050	824	426348	19402934	439041	20258204
3841	1781	3241	2355	426365	19403537	0	0
3842	1390	2907	2484	426488	19411128	1613361	115919120
3843	3187	3649	6002	426639	19420485	451742	21005703
3844	3440	3595	7208	426655	19421757	431828	19761751
3845	80	3302	3048	426794	19436472	564291	28103922
3846	1014	3429	2202	426870	19445464	510400	24741315
3847	1563	2283	1468	427411	19495130	1012733	62075322
3848	2197	2576	1969	427568	19506334	2997009	264329812
3849	2217	3609	3990	427777	19520346	1000052	61056411
3850	307	1750	1521	428294	19553930	640806	33200176
3851	2049	2580	2036	428734	19575941	1204631	78281643
3852	818	3495	2824	428952	19584384	1765508	129933218
3853	328	3209	1778	428995	19586331	0	0
3854	2900	3684	4208	429032	19588274	617793	31735842
3855	610	703	408	429225	19600672	868683	50872142
3856	76	3259	4439	429486	19614467	708343	38094765
3857	40	3441	1199	429549	19619127	647038	33643871
3858	250	1667	593	429554	19619558	596480	30421701
3859	733	2679	2451	429581	19621055	531752	26011956
3860	1344	3284	2105	429840	19639985	1494616	104191492
3861	3323	3683	3312	429946	19647307	559363	27856802
3862	298	835	209	430044	19654166	2660326	224623764
3863	768	2649	3387	430157	19661957	482814	23031658
3864	87	2235	1643	430182	19663528	734096	40071655
3865	1985	2666	2155	430675	19696394	557603	27742515
3866	2266	2574	3708	430784	19701740	492863	23688069
3867	708	1566	2281	430922	19710051	631466	32643109
3868	2382	2790	1301	430953	19712132	743060	40810437
3869	1646	3469	1811	431254	19733312	680118	36121585
3870	44	2631	402	431565	19750023	680538	36160431
3871	2676	3844	8360	431828	19761751	2437675	199670850
3872	1573	3837	3803	431856	19763328	537098	26362278
3873	1778	2230	2350	432002	19777315	625225	32230704
3874	2165	2719	4688	432064	19782703	2923406	255197663
3875	0	3338	3887	432263	19800180	1309736	87127993
3876	890	1306	2153	432468	19816839	944930	56695820
3877	1057	3015	2090	432576	19825190	540633	26612587
3878	323	1289	401	432938	19852956	551534	27368942
3879	1465	2138	2521	432981	19855626	654386	34282592
3880	3053	3483	1768	433314	19876595	458192	21399726
3881	26	1290	859	433436	19884636	466008	21952904
3882	1123	1814	2482	433507	19888574	1214275	79055100
3883	1319	1494	1889	433543	19890573	1916460	145042379
3884	1158	3145	443	433784	19905446	584330	29494899
3885	317	866	692	433792	19905683	655468	34342582
3886	576	661	597	433853	19908554	718576	38925702
3887	1066	1721	3724	433905	19911489	1125913	71390133
3888	1376	3569	2025	433999	19917098	713316	38493747
3889	779	3819	2633	434110	19924386	481912	22958770
3890	579	3347	2743	434206	19930149	863879	50566082
3891	2815	3809	4316	434316	19939169	783373	43970776
3892	2018	2362	2447	434326	19940001	2380392	193161148
3893	689	1866	636	434401	19947049	901448	53424394
3894	240	1997	1676	434697	19970310	1505245	105065748
3895	139	1318	899	434738	19972343	502315	24179658
3896	1409	2361	6272	434981	19989141	667150	35205820
3897	670	3273	2332	435045	19993317	618512	31793015
3898	602	1450	2054	435139	20000959	0	0
3899	217	3783	2158	435481	20023441	638372	33082110
3900	789	2408	1455	435614	20031481	630702	32585866
3901	2172	2180	3039	435827	20043705	733000	39993918
3902	1412	2142	3616	435829	20043814	640806	33200176
3903	309	2767	3150	436357	20076930	0	0
3904	1960	3608	2810	436572	20088875	1866772	139854002
3905	1491	3338	4373	436588	20090107	0	0
3906	360	3660	3176	436755	20100331	2534458	210393990
3907	1490	3477	5115	436987	20115308	792271	44705366
3908	229	3320	4239	437215	20133503	602112	30763237
3909	1515	1674	1004	437370	20146924	0	0
3910	1760	3355	1437	437661	20166340	0	0
3911	216	1896	2244	437839	20177510	0	0
3912	1564	3566	3597	437885	20180539	460961	21595721
3913	2327	2896	2717	438250	20204982	772909	43072247
3914	454	3588	2657	438444	20216328	483434	23080251
3915	215	1155	858	438666	20230081	832396	47954238
3916	1921	2276	4325	438729	20235839	757700	41879519
3917	2289	3840	1254	439041	20258204	507633	24528932
3918	1731	2722	1939	439189	20265593	2029998	156573402
3919	185	2352	698	439370	20275026	578472	29069357
3920	249	1322	1355	439971	20299916	968104	58488483
3921	2881	3499	4169	440003	20300832	649727	33875913
3922	2780	3104	7130	440011	20301447	660095	34681583
3923	106	3071	905	440070	20306337	2111566	165744721
3924	152	1209	271	440116	20310027	2004292	153723549
3925	1489	2482	2666	440164	20313456	648031	33711476
3926	463	1606	2240	440181	20314994	1850535	138237270
3927	1370	1406	2572	440602	20346555	582657	29384724
3928	755	2594	3640	440652	20349459	466980	22003960
3929	2101	3173	2107	440749	20355864	1451257	100120011
3930	1205	2624	790	441103	20379606	774541	43205232
3931	1489	3676	3973	441123	20380620	1094502	68928991
3932	2331	3572	2084	441378	20397860	0	0
3933	1809	2503	1018	441472	20403112	728966	39652550
3934	1780	3386	4169	441651	20413077	2083333	162619622
3935	2311	3165	2458	441947	20432925	0	0
3936	75	268	92	442013	20437446	2610732	218841604
3937	2524	3568	6010	442435	20459249	774781	43227144
3938	233	2011	680	442537	20465960	517909	25252238
3939	482	1171	558	442782	20480074	3965494	387438487
3940	220	1147	1425	442885	20485171	501968	24158172
3941	10	231	187	443023	20492737	555218	27618056
3942	484	3263	2234	443367	20508050	475420	22498007
3943	977	2084	865	443408	20509252	460538	21569640
3944	740	823	716	443433	20510410	768908	42831469
3945	621	757	716	443506	20514404	1049809	65433897
3946	1431	2650	6573	443516	20514680	452966	21073394
3947	1431	3272	3977	443516	20514680	1780639	131265509
3948	2650	3272	4692	443516	20514680	468901	22135278
3949	73	2515	939	443649	20525686	630070	32547545
3950	1769	2910	5538	443740	20533337	1119454	70880089
3951	771	2999	1791	443943	20550370	853116	49676741
3952	1179	2074	1469	444235	20574049	622074	32016823
3953	1222	3554	1414	444257	20575490	453650	21124584
3954	2396	2717	2448	444735	20604160	500228	24060995
3955	508	631	918	444804	20608351	458166	21397963
3956	1325	3024	7075	445113	20623814	522853	25496725
3957	79	3764	2335	445209	20629205	1679002	122070230
3958	372	2803	826	445317	20636621	523321	25529035
3959	282	1438	740	445323	20637142	604904	30939745
3960	983	1791	1392	445405	20642188	980468	59427174
3961	1544	2857	4428	445519	20648841	883032	52014282
3962	2078	3827	6586	446272	20695573	3501469	328043342
3963	700	1899	1247	446849	20730232	497303	23944635
3964	2314	2843	2653	446888	20732444	453336	21100586
3965	263	1894	3485	446925	20734103	507001	24468580
3966	401	2808	2415	446988	20739456	474576	22444306
3967	34	1935	1372	447078	20746127	1606832	115271018
3968	803	1792	2116	447212	20755374	507902	24550596
3969	2344	3543	5310	447295	20760890	588566	29778232
3970	975	3088	1773	447611	20784356	575609	28844147
3971	662	3336	1852	447795	20795954	513473	24958300
3972	93	1211	1280	448263	20824489	1423573	97543934
3973	1751	2155	3409	448541	20837356	3350333	308549841
3974	396	2809	1035	448859	20853896	1412489	96518046
3975	1201	2593	1680	448963	20857915	595259	30338219
3976	1809	2970	4225	449105	20863987	779629	43630033
3977	386	1882	2153	449142	20865552	723888	39298719
3978	106	1657	1378	449228	20870303	1499709	104614544
3979	652	2935	2399	449308	20874790	2837740	245248009
3980	1345	3162	4298	449379	20879361	798392	45233132
3981	589	817	1754	449662	20900515	738794	40428604
3982	47	301	325	450046	20924276	459687	21511183
3983	3181	3546	3107	450462	20943703	587473	29699924
3984	566	625	830	450545	20947923	1421440	97355083
3985	2654	3491	4672	450593	20950529	504144	24275721
3986	1052	3045	1774	450804	20962454	1647018	118987351
3987	638	935	1035	451450	20994792	1465033	101444347
3988	166	217	162	451720	21005065	578911	29091842
3989	2362	3843	7844	451742	21005703	587311	29685060
3990	56	2723	2281	451979	21018190	894796	52958448
3991	617	2340	932	452176	21028111	1218142	79375663
3992	1429	2213	3700	452181	21028450	480585	22823321
3993	1238	2413	4042	452295	21035049	696233	37242959
3994	1192	1598	1269	452374	21039766	513578	24967934
3995	210	407	179	452829	21067058	867002	50784193
3996	3082	3946	9193	452966	21073394	662918	34865619
3997	2851	3071	1602	453180	21090340	594329	30258790
3998	250	853	1130	453299	21098298	1029579	63562881
3999	2686	3964	3511	453336	21100586	964697	58249660
4000	975	3953	1604	453650	21124584	727521	39570639
4001	2952	3749	1615	453678	21126562	0	0
4002	1359	3424	1991	454068	21152029	807803	45935640
4003	1410	2846	1428	454271	21164456	773941	43139721
4004	400	2710	1009	454358	21169499	2150139	169580764
4005	792	2709	1833	454550	21180042	646612	33616143
4006	1307	3724	7811	454924	21198714	804545	45698829
4007	57	1972	1006	455421	21231380	1429025	98026784
4008	2510	2930	3535	455534	21237140	1223529	79815597
4009	532	2730	1231	455819	21251766	900153	53327283
4010	710	3376	3699	455824	21251950	1434037	98457920
4011	975	1045	606	456114	21270334	1459517	100906675
4012	2410	3669	3200	456223	21275608	917327	54490806
4013	233	1107	981	456381	21284965	503970	24267666
4014	162	700	520	456522	21292293	642188	33289545
4015	2810	3727	3103	456598	21296267	545804	26985175
4016	1056	1161	1639	457124	21325396	1040252	64518245
4017	2453	2777	1629	457171	21327472	1305124	86627468
4018	1390	2697	3151	457229	21331431	1128969	71687525
4019	844	3464	4723	457294	21334788	492004	23624124
4020	2040	2954	2743	457312	21335414	524452	25594431
4021	2483	3821	5006	457480	21348180	470131	22200718
4022	232	3660	2834	457923	21381566	647922	33702237
4023	1804	3955	1927	458166	21397963	0	0
4024	195	3880	1997	458192	21399726	1440508	99120942
4025	2953	2966	5279	458403	21418214	1181014	76143524
4026	1042	3173	2917	458620	21433036	600648	30666257
4027	1794	3222	7725	458752	21441914	802862	45577023
4028	863	963	1130	458970	21461808	611594	31342121
4029	59	933	351	459329	21490539	1514005	105875703
4030	700	1886	3513	459368	21492264	478217	22664323
4031	1145	2773	3621	459659	21509201	820801	46981749
4032	3153	3982	4754	459687	21511183	1790449	132289263
4033	587	1734	1711	459838	21521588	1029125	63519860
4034	2196	2792	1496	460131	21543445	0	0
4035	2921	3393	2910	460152	21544636	521351	25415910
4036	275	3302	3077	460350	21558471	1011341	61951693
4037	24	220	203	460355	21558583	1846675	137902646
4038	228	2940	1024	460466	21565695	512244	24868542
4039	3559	3943	1868	460538	21569640	469615	22175502
4040	312	556	345	460649	21577594	3369784	311115443
4041	2535	3912	4627	460961	21595721	652206	34121555
4042	621	3625	3939	461082	21605089	1355528	91238173
4043	82	2244	1339	461239	21616011	923740	55008022
4044	854	2137	1541	461333	21623220	481265	22895978
4045	886	3165	1585	461636	21642046	1650327	119237861
4046	2756	2945	4932	461832	21653578	530062	25915938
4047	2481	3677	4585	461922	21659843	1274324	83907057
4048	1897	2031	3129	461932	21660930	520390	25366169
4049	1149	3402	1658	462003	21666590	869410	50937317
4050	2060	2873	6177	462186	21680810	655108	34317966
4051	1273	2005	2037	462259	21687832	787558	44358915
4052	1444	3404	1613	462546	21715355	794217	44873209
4053	2330	2622	7016	462728	21729550	574158	28735141
4054	1922	3330	3848	463078	21760335	1154880	73696540
4055	198	1185	1338	463124	21763842	528176	25829091
4056	541	1019	1298	463344	21783763	0	0
4057	1279	1496	888	463576	21799419	1362755	91971208
4058	1412	1976	2883	463637	21803022	1113832	70488705
4059	2364	3912	3832	463767	21810733	514385	25026746
4060	357	2689	816	463793	21812393	1106601	69857373
4061	744	2695	1991	463882	21818491	574109	28731699
4062	1737	1826	5599	464103	21837027	1255669	82306996
4063	274	2191	266	464329	21852384	0	0
4064	259	639	599	464788	21880264	664778	35038434
4065	2584	3004	4022	464880	21883130	472553	22335287
4066	2062	2842	2093	464888	21883338	2206020	175313266
4067	1340	3031	5891	464966	21887867	613840	31457984
4068	444	3607	873	465138	21898766	668392	35286158
4069	455	2144	1995	465238	21905310	530737	25954492
4070	408	593	741	465585	21929730	1735138	127106198
4071	620	2035	400	465742	21938941	557603	27742515
4072	334	2982	1052	465767	21940242	0	0
4073	868	3881	1287	466008	21952904	527949	25817885
4074	309	2194	929	466072	21955967	579084	29099369
4075	539	3510	413	466167	21961700	886004	52301683
4076	288	1272	1256	466343	21969916	569500	28436472
4077	805	2429	903	466466	21974471	2567354	214129982
4078	3246	3343	5275	466475	21974923	1441147	99165121
4079	270	2588	3686	466663	21984793	1037507	64178869
4080	3928	3964	6293	466980	22003960	474003	22403065
4081	299	2298	1033	467076	22011974	1268152	83332973
4082	1747	3595	5524	467375	22032684	622986	32067923
4083	2018	3108	2969	467538	22043483	850914	49494116
4084	1216	3737	5884	467581	22046438	900153	53327283
4085	1264	3023	1760	467624	22049726	1203531	78198749
4086	379	1150	710	468385	22106013	530737	25954492
4087	1339	3696	2102	468397	22106767	491115	23555246
4088	335	3327	1279	468585	22118134	723107	39237994
4089	748	3948	5563	468901	22135278	800293	45378930
4090	911	2086	2948	469594	22174805	656075	34384436
4091	1059	4039	2633	469615	22175502	2110049	165572993
4092	362	1863	503	469623	22175757	900338	53344273
4093	730	3762	1076	469894	22189749	765329	42522829
4094	717	1267	828	470007	22195389	572655	28639623
4095	825	4021	5535	470131	22200718	682231	36297305
4096	3060	3825	3362	470387	22215288	1665385	120763037
4097	521	3535	4656	470576	22227468	647507	33671465
4098	1826	3047	4134	470867	22246688	778407	43537564
4099	1211	2787	2033	471129	22263009	885434	52241356
4100	2248	2981	1431	471573	22286711	624913	32209508
4101	411	906	2062	471687	22291186	699556	37524246
4102	367	3082	2893	471791	22296454	719634	38992762
4103	211	1842	1911	471965	22306203	1060074	66191224
4104	308	513	907	472020	22309585	1090161	68612423
4105	503	4065	4709	472553	22335287	715725	38714471
4106	1274	3472	1178	472609	22337729	475304	22491328
4107	540	1747	991	473186	22363876	1585273	113092885
4108	2074	3258	6049	473338	22369600	766712	42635307
4109	2526	2561	1318	473572	22380520	700840	37622537
4110	1847	3723	3415	473654	22384335	1452444	100227327
4111	1580	3410	1620	473939	22399804	569323	28426578
4112	2496	3635	2299	473971	22401760	2175669	172279517
4113	3539	4080	8127	474003	22403065	538459	26454407
4114	3284	3767	2090	474198	22418712	1004262	61435609
4115	1145	3966	2776	474576	22444306	1104067	69641337
4116	2728	3170	2260	474690	22452316	728274	39612252
4117	496	4106	1507	475304	22491328	526213	25714352
4118	1342	3942	3780	475420	22498007	596480	30421701
4119	1224	3061	5048	475439	22498733	512596	24890676
4120	814	1268	1094	475626	22512527	1362944	91988241
4121	804	2973	6046	476014	22536146	3250806	296336104
4122	845	3709	2134	476320	22556847	4439498	449911005
4123	2375	3158	4345	476672	22576849	889047	52518819
4124	570	3745	1663	476936	22595122	2238448	178578739
4125	817	3117	3587	477093	22604927	722407	39176318
4126	2555	2946	5995	477704	22637417	509753	24686111
4127	2801	4030	5817	478217	22664323	544739	26903332
4128	896	3457	2277	478313	22671168	968104	58488483
4129	1230	2537	4311	478728	22695457	1000303	61075761
4130	77	3800	2571	478930	22707033	669918	35370652
4131	1781	2148	1530	479076	22715987	492738	23679943
4132	94	2004	1223	479302	22728946	480383	22809668
4133	1928	2352	5644	479396	22734297	760118	42095674
4134	2426	2931	2709	479489	22740777	557418	27732454
4135	2645	2708	3645	479560	22745785	1155685	73771886
4136	2772	2992	4624	479725	22756863	640987	33208118
4137	533	3037	5254	479833	22766666	0	0
4138	3298	3426	1220	479981	22777922	789409	44489890
4139	1863	3053	780	480030	22782362	608603	31153188
4140	355	4132	1297	480383	22809668	705936	37951021
4141	2588	2945	4955	480482	22815599	1140632	72659603
4142	1900	3757	4440	480539	22819480	569796	28459716
4143	3386	3992	7495	480585	22823321	1093400	68856283
4144	606	2650	4046	480602	22824130	847971	49277911
4145	845	2368	2853	480631	22826769	1040294	64522874
4146	54	4065	4113	480871	22855183	1219897	79534720
4147	247	782	442	480978	22866891	896131	53054430
4148	1044	3188	3384	481124	22880582	711773	38325047
4149	1153	4044	3037	481265	22895978	1595852	114260321
4150	1489	2856	4473	481687	22936682	505986	24387103
4151	3631	3889	5395	481912	22958770	488202	23336280
4152	853	1332	2237	482180	22985540	795426	44981504
4153	839	3075	1623	482626	23019674	871924	51119648
4154	743	2838	1941	482689	23023583	1809910	134201872
4155	2469	3863	5321	482814	23031658	809314	46063542
4156	971	1223	1164	482958	23042046	0	0
4157	1898	3644	4217	482978	23043954	933929	55762971
4158	1447	3914	2782	483434	23080251	639269	33131154
4159	3178	3191	2081	483712	23101050	572612	28636840
4160	31	3577	2721	483882	23110797	917256	54483824
4161	2565	3052	604	484138	23129799	633847	32799389
4162	1635	3439	7387	484808	23163476	4290048	430023285
4163	2555	3792	5146	485936	23218893	1245855	81566826
4164	691	2473	2061	485971	23220363	2991381	263599850
4165	1736	2350	1813	486104	23226565	1377869	93445727
4166	1725	3097	4128	486256	23232996	988771	60069567
4167	2480	2492	1619	486267	23233480	814553	46447420
4168	2464	2779	6143	486333	23237279	505824	24374859
4169	982	3029	2154	486683	23256977	1288137	85165657
4170	817	1951	2186	486690	23257489	812337	46270344
4171	108	302	167	486941	23270699	1798879	133109507
4172	915	3129	1617	487077	23277477	2499679	206608919
4173	616	1315	1584	487140	23280116	1538100	108293299
4174	368	635	873	487302	23288075	582117	29349037
4175	2296	2923	4107	487519	23297174	532075	26032105
4176	3438	3600	5228	487788	23309154	2250877	179792176
4177	1748	3068	1005	487887	23315527	667738	35244667
4178	1434	3758	5251	487996	23321368	599607	30590872
4179	786	4151	5993	488202	23336280	928831	55427738
4180	2195	2579	3413	488350	23348624	713265	38488948
4181	6	2007	637	488532	23361766	524819	25620532
4182	1769	3779	3809	489033	23395411	628498	32439560
4183	1335	1873	2090	489271	23411382	1800114	133218018
4184	212	724	1071	489359	23416355	520098	25353640
4185	1534	4021	6015	489510	23424392	1734608	127039857
4186	941	3007	2591	489531	23426330	1351323	90847056
4187	2745	3436	6911	489539	23426910	1629960	117434272
4188	722	962	2141	489618	23434724	664615	35020957
4189	2045	2289	1673	489809	23452455	507051	24474345
4190	336	1329	689	489961	23465519	1305355	86653516
4191	777	1999	2316	490111	23476316	1086079	68259359
4192	1107	2907	1921	490140	23479249	567479	28324926
4193	882	3725	3687	490344	23491650	547397	27097813
4194	400	2309	2181	490368	23493179	506881	24458862
4195	1784	2139	2577	490649	23514920	681732	36258932
4196	1705	3791	3894	490713	23520049	518619	25279870
4197	487	1430	1943	490737	23522095	2209869	175697514
4198	3801	4087	2886	491115	23555246	607989	31106245
4199	280	3566	1276	491400	23577250	536908	26348882
4200	3103	3778	5963	491415	23578270	984444	59728334
4201	612	687	886	491539	23589202	1221176	79633236
4202	1655	3099	3746	491645	23597418	499453	24019394
4203	645	4019	5156	492004	23624124	783195	43955722
4204	336	2891	2209	492247	23643493	937325	56048505
4205	768	1332	1226	492507	23663520	1887671	141944801
4206	342	3552	1386	492602	23670734	625054	32219173
4207	279	642	467	492701	23677551	1459402	100893994
4208	1301	4131	1717	492738	23679943	755836	41738985
4209	259	3866	3924	492863	23688069	2165825	171440948
4210	1618	3033	2258	492888	23690685	0	0
4211	1825	3797	2887	493119	23709099	551735	27380425
4212	1989	2220	1573	493318	23723492	531458	25996588
4213	163	3388	1066	493435	23734288	954699	57521677
4214	1617	3385	3365	494570	23789411	1233626	80596884
4215	369	1529	1865	494579	23789780	0	0
4216	1138	2753	1781	494627	23791948	1109465	70120210
4217	1888	3233	3057	494636	23792321	722581	39191681
4218	1865	2330	3022	494929	23808367	1904666	143811424
4219	43	627	202	495015	23812782	719504	38983393
4220	333	2992	3643	495040	23814437	582269	29358025
4221	1458	2587	2633	495165	23822379	1077893	67626103
4222	2955	3509	5316	495259	23828354	509444	24658576
4223	2460	3199	4981	495441	23842717	3660309	348643711
4224	1279	2373	1392	495802	23869609	770693	42962030
4225	2531	2644	2682	496423	23905524	794307	44883265
4226	297	2613	865	496561	23913117	938244	56137291
4227	230	3508	1709	496585	23914192	641767	33261146
4228	279	663	586	497223	23941636	602622	30802076
4229	2885	3963	2410	497303	23944635	610254	31272722
4230	2055	3330	2769	497694	23958630	3081346	275263219
4231	1505	2084	529	497975	23967284	559264	27850419
4232	30	329	70	498026	23969085	521351	25415910
4233	926	1191	1291	498046	23969538	2221695	176837900
4234	1591	2711	3570	498454	23981128	549241	27238435
4235	2024	3565	2477	498466	23981746	3684697	352040613
4236	1	2758	2070	498636	23988338	793288	44789945
4237	576	2663	1350	498650	23988762	3531041	332317024
4238	1097	2473	2292	499226	24010150	0	0
4239	962	2546	1953	499266	24011462	777746	43486041
4240	640	1118	2728	499281	24012182	836413	48285067
4241	2865	4202	4392	499453	24019394	566563	28265200
4242	1627	3236	2911	499621	24028532	529149	25874118
4243	854	1988	1698	499851	24039932	4116656	407381865
4244	1698	3595	5869	499952	24044282	1877433	140929305
4245	1010	3954	2776	500228	24060995	519703	25335725
4246	3167	3282	2604	500309	24065795	1351731	90881231
4247	525	3286	1898	500673	24087758	857123	49980498
4248	71	1343	458	500772	24093053	1007514	61652579
4249	453	790	1075	500812	24095224	1364330	92116168
4250	354	2761	2719	500975	24103051	982938	59623089
4251	2932	3821	7360	501310	24120547	550438	27307831
4252	2319	3191	2598	501477	24129212	602083	30761242
4253	831	3235	1746	501503	24130232	0	0
4254	473	3743	1589	501651	24139715	691857	36945354
4255	1724	2261	5209	501864	24151317	3587275	339633256
4256	1650	3940	2074	501968	24158172	561404	27966082
4257	551	1301	214	502124	24167729	648031	33711476
4258	1006	2913	2708	502169	24170502	718549	38923943
4259	897	3895	1569	502315	24179658	520868	25390719
4260	2902	3657	3892	502513	24190862	1237060	80853436
4261	1445	2044	750	502732	24204458	547056	27074997
4262	239	886	185	502867	24213485	1593672	114050072
4263	646	982	830	502960	24218606	656847	34464544
4264	2423	2709	3055	502996	24220488	2793767	239541261
4265	1220	1511	1112	503884	24264607	643868	33416286
4266	2254	4013	2153	503970	24267666	1958444	149187012
4267	2698	3013	5115	504108	24273763	711426	38296831
4268	809	1522	2309	504129	24274855	588481	29773464
4269	3500	3985	5230	504144	24275721	546616	27043495
4270	1235	2999	1859	504194	24279185	967608	58446037
4271	78	2348	1533	504548	24305012	3168435	285614294
4272	913	2621	2844	505002	24332552	0	0
4273	1086	2531	1621	505210	24343656	0	0
4274	744	2815	2342	505300	24348092	1956694	149029230
4275	1281	3515	1119	505552	24361203	1417090	96908422
4276	3646	3985	4911	505710	24368426	0	0
4277	500	2931	2011	505723	24369261	516646	25190668
4278	974	4168	6462	505824	24374859	1315511	87596667
4279	769	4150	5244	505986	24387103	515685	25114358
4280	691	1733	1728	506433	24423936	0	0
4281	433	1600	480	506480	24428457	2008079	154105983
4282	1939	3231	4797	506517	24430319	864329	50607961
4283	682	2633	291	506528	24431511	972217	58803194
4284	160	2365	1479	506616	24438601	1006159	61568307
4285	1429	4194	5176	506881	24458862	0	0
4286	959	3965	3927	507001	24468580	2040455	157665340
4287	1997	3451	3104	507020	24470772	2118546	166414631
4288	583	4189	2028	507051	24474345	1301809	86344906
4289	1175	2243	4041	507338	24503436	1281405	84550154
4290	428	3917	1282	507633	24528932	876454	51468165
4291	1154	2263	590	507642	24529835	601826	30746489
4292	1972	3379	2076	507826	24544820	538693	26476003
4293	3704	3968	3062	507902	24550596	1766027	129973545
4294	334	1785	3225	508010	24560030	625341	32239605
4295	127	2801	2528	508265	24582909	1923504	145683543
4296	1263	1482	2469	508391	24594072	711301	38288173
4297	4	1384	1354	508581	24608354	0	0
4298	572	1885	1555	508890	24627731	1118194	70807331
4299	437	1621	1095	509116	24640078	514385	25026746
4300	26	3721	2441	509200	24643138	1069890	67060921
4301	1045	2654	2131	509305	24649692	690070	36827804
4302	2384	3211	8572	509407	24655856	552056	27397736
4303	3512	4222	5603	509444	24658576	837742	48389421
4304	5	2552	969	509623	24675726	1805685	133737493
4305	2523	4126	7772	509753	24686111	835929	48240036
4306	2584	3294	2595	510225	24727253	1029084	63516296
4307	2187	3669	2900	510308	24733324	1706751	124509783
4308	2025	3846	2487	510400	24741315	719359	38972124
4309	749	3234	2268	510669	24764016	829836	47764126
4310	425	1837	798	510756	24771014	670998	35452315
4311	707	1345	1555	510924	24782491	526530	25732590
4312	552	3251	2294	511020	24789374	1141320	72709581
4313	1579	2401	1754	511172	24800188	1561972	110780733
4314	1617	1864	2475	511340	24813150	1203531	78198749
4315	426	1202	875	511385	24816046	859073	50131621
4316	2909	3476	5765	511827	24844741	1981367	151373717
4317	2967	4038	2012	512244	24868542	1313127	87395400
4318	2103	2819	3242	512308	24872331	602235	30771731
4319	374	2506	1930	512339	24874405	894799	52959005
4320	387	2247	3346	512566	24889460	558656	27808842
4321	1181	4119	5086	512596	24890676	3262432	297694401
4322	914	3282	1957	513027	24923756	0	0
4323	791	3817	6270	513189	24934302	542715	26735475
4324	1403	1526	4015	513439	24955349	0	0
4325	2576	3971	2958	513473	24958300	1177931	75799754
4326	3353	3994	2682	513578	24967934	629135	32484600
4327	2630	2753	1136	513962	24997471	2108378	165359800
4328	795	3341	3626	513978	24998231	609437	31213047
4329	2864	3270	4428	514294	25019984	792150	44697390
4330	4059	4299	4927	514385	25026746	615515	31583127
4331	1625	3728	3936	515262	25086213	1555192	110015426
4332	1950	2582	3029	515436	25096622	937325	56048505
4333	2735	3109	4022	515448	25096873	919561	54682175
4334	461	1135	728	515572	25105459	830175	47795318
4335	850	4279	5385	515685	25114358	0	0
4336	3241	3587	5299	515801	25124276	583088	29409542
4337	1049	1605	1591	516586	25187981	928104	55365578
4338	2194	4277	2431	516646	25190668	872484	51152736
4339	1645	3696	2621	516752	25197163	3177152	286759288
4340	137	2528	1534	517319	25227915	694919	37162180
4341	2492	3685	1403	517428	25232458	1180727	76116564
4342	421	2767	3127	517872	25250614	558977	27830806
4343	616	3938	1294	517909	25252238	691699	36934379
4344	775	2409	1272	517988	25256368	638242	33074553
4345	149	1583	182	518171	25263620	1463760	101340243
4346	1159	1197	1155	518415	25273186	777196	43438126
4347	873	4196	4451	518619	25279870	906772	53789093
4348	2399	3087	2554	518640	25280757	1077093	67568999
4349	551	1834	469	518745	25285760	3140449	282218537
4350	2735	3072	4454	518876	25292099	594271	30252999
4351	2087	3642	3116	518923	25294637	675515	35785508
4352	3257	4245	4103	519703	25335725	1940339	147367017
4353	882	2375	1045	520061	25352235	4386318	443257854
4354	1369	4184	1499	520098	25353640	960017	57902501
4355	745	4048	3210	520390	25366169	704987	37883604
4356	542	675	1068	520542	25373011	721937	39141702
4357	3257	3591	3544	520654	25378661	1805436	133720193
4358	1397	4259	1852	520868	25390719	875528	51389429
4359	153	1793	1602	520942	25394623	767231	42682155
4360	4035	4232	2980	521351	25415910	852220	49593729
4361	1947	2400	1929	521443	25421067	1203054	78154755
4362	305	432	690	521514	25424679	1735138	127106198
4363	652	1136	1513	521681	25433533	522177	25458961
4364	2226	3795	3575	521721	25435706	1311580	87275621
4365	835	1250	417	521737	25436589	1766495	130015696
4366	32	4363	1530	522177	25458961	658241	34575621
4367	384	1495	1272	522234	25462025	774056	43149414
4368	2016	2952	2403	522248	25462638	3096023	277001068
4369	1783	2009	3647	522390	25471215	608787	31166025
4370	451	2259	681	522541	25480801	1672101	121414527
4371	1261	3956	7204	522853	25496725	4371953	441214186
4372	471	1588	165	523038	25511499	871252	51079308
4373	2610	3374	2101	523149	25518178	565996	28223230
4374	583	3958	1181	523321	25529035	604810	30934198
4375	284	2647	2092	523542	25540864	680880	36189412
4376	1420	3414	1204	523595	25544482	2270685	181591736
4377	165	1231	989	523735	25553276	743060	40810437
4378	1786	3149	3359	523800	25556642	1050590	65486990
4379	2392	2666	1915	524134	25575134	1621673	116666988
4380	175	2855	4079	524263	25582597	790019	44529620
4381	339	3633	1928	524358	25588594	1243180	81349292
4382	2375	4020	3406	524452	25594431	723548	39269403
4383	180	1782	2766	524766	25617082	1593359	114019115
4384	3186	4181	1535	524819	25620532	738170	40375672
4385	1089	2903	772	524934	25628251	0	0
4386	1215	3316	2707	524957	25629381	1335062	89325735
4387	3252	3616	4918	525088	25639534	0	0
4388	636	3966	3707	525506	25671724	0	0
4389	855	1270	1059	525646	25681786	1517579	106258657
4390	347	1537	601	526019	25704760	656083	34385058
4391	1228	4117	2257	526213	25714352	642573	33312332
4392	2339	3267	3329	526306	25719339	967585	58444168
4393	2827	4311	2209	526530	25732590	981958	59555694
4394	582	1707	1164	526588	25735818	689082	36773277
4395	39	3579	5914	526642	25738756	0	0
4396	467	1781	745	526806	25750005	733488	40031138
4397	1485	1987	845	526830	25751641	871039	51065533
4398	2514	3203	1942	527052	25766883	1561972	110780733
4399	1260	1394	2990	527195	25776303	2009998	154339068
4400	30	2911	1383	527453	25791876	590502	29962969
4401	1413	2392	1844	527912	25816694	545567	26964974
4402	1152	4073	2220	527949	25817885	636553	32980186
4403	1269	3141	2415	528007	25820661	589000	29812430
4404	812	1256	1257	528031	25821868	538929	26496206
4405	2455	4055	2688	528176	25829091	0	0
4406	684	3015	2261	528739	25858447	3467216	324098262
4407	129	606	522	529089	25872422	684386	36454131
4408	612	4242	3615	529149	25874118	554033	27551714
4409	2506	3274	4265	529244	25879054	1749432	128445496
4410	610	2191	395	529259	25879890	638116	33068237
4411	2486	2829	1381	529569	25895780	2063322	160184015
4412	2675	4046	7040	530062	25915938	592378	30108626
4413	1302	2389	1977	530099	25917691	2395557	194864759
4414	313	1887	837	530252	25927094	1081484	67902194
4415	1186	1391	470	530258	25927220	1962733	149548537
4416	701	3583	2002	530340	25931653	854918	49799467
4417	902	1263	2306	530485	25940564	534377	26177046
4418	4069	4086	2705	530737	25954492	1970816	150327830
4419	1050	3571	1647	530757	25955702	576217	28894356
4420	1130	1485	252	530772	25956651	894799	52959005
4421	2104	3055	2428	531133	25978975	0	0
4422	1998	4212	3223	531458	25996588	737235	40302900
4423	1314	2012	2042	531639	26006939	2085485	162821112
4424	935	1308	1899	531743	26011432	1556674	110186844
4425	3449	3859	2745	531752	26011956	1086616	68294838
4426	327	2241	1421	531912	26021206	3348834	308367469
4427	3326	3455	1159	531922	26021563	854971	49803023
4428	1703	2485	2979	531987	26026224	1233488	80586499
4429	3018	4175	7696	532075	26032105	712143	38358500
4430	493	3417	521	532544	26070464	679067	36016982
4431	1906	3644	5662	532719	26082486	1066015	66711173
4432	162	478	399	532879	26094390	2826060	243667944
4433	168	3363	2084	533094	26107678	1598684	114530010
4434	407	1394	2246	533368	26122697	591773	30070480
4435	1532	2936	3547	533600	26134142	2260718	180530663
4436	2523	3800	4281	533610	26134639	826746	47476762
4437	466	3060	1329	533903	26152410	2064809	160338492
4438	1840	2881	3799	534019	26158142	1389227	94517569
4439	1436	3127	4999	534340	26175203	589506	29856160
4440	3016	4417	3376	534377	26177046	570684	28523143
4441	2148	3532	3107	534571	26190897	988771	60069567
4442	1039	1853	2927	534773	26203843	670998	35452315
4443	366	2276	2482	534981	26216772	1239619	81060212
4444	1734	3222	8282	534993	26217215	0	0
4445	930	3535	4821	535275	26239120	868514	50860804
4446	2232	2891	2419	535281	26239346	724203	39325402
4447	453	2742	1827	535296	26240399	856702	49944769
4448	2762	3943	4337	535590	26264235	698163	37408459
4449	1628	1703	1096	535631	26267228	0	0
4450	462	1578	617	535948	26290281	924014	55032139
4451	1492	2625	1217	536227	26307782	1258486	82559418
4452	1412	2061	2946	536257	26309298	681332	36225872
4453	735	3806	1943	536473	26322466	3711131	355768953
4454	710	3657	2520	536694	26335537	1030965	63683839
4455	741	2275	936	536723	26337224	1228875	80215954
4456	777	3172	5291	536837	26344464	2532493	210129046
4457	645	4199	1709	536908	26348882	1603462	114945908
4458	2214	3872	5819	537098	26362278	1776366	130888887
4459	1064	2880	4767	537186	26369083	1120570	70975048
4460	1586	2407	2526	537423	26387981	1283631	84758249
4461	569	3400	5112	538146	26435326	781059	43764710
4462	1846	4113	9519	538459	26454407	1079021	67702884
4463	2437	2949	3005	538475	26455421	1076610	67530137
4464	137	1969	545	538555	26463233	573547	28699794
4465	431	4292	2147	538693	26476003	876931	51516535
4466	888	4404	1565	538929	26496206	0	0
4467	1096	3263	1980	538997	26502364	956517	57656467
4468	1274	2235	2019	539201	26517688	621071	31952826
4469	2701	3762	969	539350	26527248	610702	31297863
4470	2212	2959	3175	539484	26536611	1187100	76792045
4471	53	996	743	539579	26542898	595724	30373939
4472	1635	3259	5453	539675	26549055	586180	29612168
4473	425	3821	4431	539822	26560083	0	0
4474	1042	2102	2630	540214	26587320	569796	28459716
4475	2706	3877	4356	540633	26612587	2320287	186751997
4476	188	3877	2188	541154	26644171	3228234	293572635
4477	1144	2630	419	541172	26645157	2956625	259708291
4478	448	2646	2811	541315	26651674	1150927	73414128
4479	1570	3582	2464	541319	26651779	672929	35614644
4480	24	1320	314	541359	26653748	746939	41112773
4481	444	2942	2310	541535	26664397	2471658	203702774
4482	877	4069	2261	541711	26674906	664543	35014814
4483	1213	3278	2505	541768	26677646	1832929	136448040
4484	564	1334	1678	541995	26692265	1163176	74532371
4485	2146	2673	1094	542288	26710359	1427854	97911398
4486	1117	1379	737	542355	26713723	1080700	67843494
4487	742	2511	1671	542380	26715115	701775	37680982
4488	90	1757	1422	542434	26718572	1616082	116176421
4489	1336	3699	4274	542634	26729783	925798	55170630
4490	3048	3166	3989	542708	26734842	2099489	164332283
4491	3048	3610	4446	542708	26734842	1039277	64398834
4492	3166	3610	3157	542708	26734842	573908	28720407
4493	1446	4323	8068	542715	26735475	607746	31088230
4494	728	3290	4346	542794	26744301	985676	59820207
4495	525	3650	5814	543613	26820880	3542311	333916429
4496	1493	3287	3874	543669	26826509	677793	35932397
4497	2543	3173	3291	544315	26878306	3723079	357340884
4498	3410	4127	6349	544739	26903332	651080	33997299
4499	807	1345	1315	544778	26905957	573370	28687007
4500	2577	3019	2521	545006	26922520	0	0
4501	1329	3391	1952	545146	26933092	1084862	68160354
4502	1574	2609	5270	545173	26935200	0	0
4503	927	1620	681	545220	26938317	704739	37866276
4504	1853	2914	6710	545376	26949314	765759	42558074
4505	2466	4401	4163	545567	26964974	584671	29518217
4506	3068	4015	3944	545804	26985175	556828	27702152
4507	438	2208	1506	546096	27008012	1273835	83864702
4508	3045	4269	6745	546616	27043495	821682	47064551
4509	1462	1794	1834	546949	27068388	2168779	171734880
4510	2133	3348	4694	547037	27073965	749757	41283966
4511	938	4261	1547	547056	27074997	1013968	62170212
4512	656	3337	1662	547094	27077650	753757	41538182
4513	3041	4193	5508	547397	27097813	3352036	308744934
4514	417	1249	787	547730	27124369	3448604	321785424
4515	1819	2961	5861	547915	27136140	700840	37622537
4516	3204	3216	5242	547926	27137025	565239	28162389
4517	94	1433	960	547986	27142954	1106707	69864344
4518	1644	1916	2582	548070	27150665	1582446	112822593
4519	634	2602	1526	548337	27174569	1166275	74773267
4520	726	2100	1923	548369	27177798	1394460	94955180
4521	293	557	459	548590	27195308	1612409	115830980
4522	1649	2273	1130	548779	27209355	621679	31991839
4523	2159	2478	1940	549159	27234101	1407968	96174254
4524	2554	4234	5742	549241	27238435	1406684	96060137
4525	1756	2419	1576	549286	27241813	679764	36081176
4526	1405	3618	4143	550004	27285194	4411405	446335374
4527	453	2079	1332	550297	27301536	1262114	82889436
4528	889	4251	7430	550438	27307831	3341278	307355303
4529	3378	3493	2069	551112	27347200	1557845	110318111
4530	205	2673	639	551133	27348349	620024	31889489
4531	1121	3216	3610	551152	27349188	820514	46953562
4532	1543	1777	1755	551508	27367679	1124874	71322200
4533	2333	3878	1306	551534	27368942	719504	38983393
4534	2475	3249	1740	551597	27372628	749609	41273158
4535	906	4211	4572	551735	27380425	2635849	221787536
4536	1731	4302	9350	552056	27397736	725003	39388636
4537	1376	2567	2891	552238	27412018	2448921	201089174
4538	60	3813	2845	552413	27425398	1288019	85155021
4539	3013	4279	7456	552416	27425461	0	0
4540	558	2943	2203	552470	27431476	887790	52449871
4541	1568	3087	5228	552830	27464197	572350	28620011
4542	1384	3770	2101	553192	27493033	989837	60183589
4543	1793	4035	4393	553315	27502140	800254	45373978
4544	724	2281	1542	553628	27525490	989634	60160332
4545	1451	1469	424	553955	27547147	968018	58481158
4546	1586	4408	3939	554033	27551714	623455	32098562
4547	1333	1492	1542	554387	27575946	1270266	83549965
4548	2055	2540	2526	554605	27587066	1273104	83789998
4549	2511	3434	1532	554863	27600530	0	0
4550	643	3941	568	555218	27618056	0	0
4551	617	1537	1090	555335	27623253	701775	37680982
4552	692	2503	663	555377	27624843	2734559	233165051
4553	172	2434	438	555394	27625220	773828	43132969
4554	1801	1828	1010	555459	27627683	602112	30763237
4555	1801	1865	1012	555459	27627683	587820	29728167
4556	1828	1865	1688	555459	27627683	813448	46358085
4557	472	1450	1976	555662	27637542	576667	28937006
4558	1383	3823	6600	555950	27649773	3417886	317635269
4559	1611	2329	2498	556036	27654253	974593	58991336
4560	2389	3735	2938	556109	27658730	2163855	171235154
4561	178	3435	2537	556157	27661825	745240	40985980
4562	547	2648	1748	556731	27696006	2247226	179436334
4563	1181	4506	3982	556828	27702152	1026681	63323318
4564	1794	3273	2198	557108	27717550	790236	44544981
4565	681	4134	3788	557418	27732454	3339097	307055835
4566	3865	4071	2555	557603	27742515	1365912	92310795
4567	2982	3122	3471	557755	27751584	0	0
4568	1430	3154	3552	558057	27768370	1251656	81993582
4569	2788	3377	5882	558142	27773730	977569	59216403
4570	940	3955	1119	558317	27785410	1732661	126824330
4571	30	3611	1527	558324	27785632	656847	34464544
4572	2359	4320	5036	558656	27808842	596154	30398821
4573	1950	4342	4780	558977	27830806	961798	58019449
4574	2641	4231	1510	559264	27850419	2626712	220729282
4575	2057	3861	4067	559363	27856802	817967	46754716
4576	610	1126	917	559522	27868314	588184	29753491
4577	2042	2253	1805	559647	27876069	793477	44806789
4578	296	1220	1513	559722	27880327	671904	35524154
4579	979	2935	2722	559780	27884099	2173951	172152035
4580	1172	2046	3671	560725	27934469	0	0
4581	2463	3516	2597	560928	27943214	678353	35966128
4582	268	1879	415	561045	27948394	643261	33367934
4583	1126	3464	4724	561215	27956525	779079	43587469
4584	2718	3413	3362	561340	27961968	592786	30139917
4585	1240	4256	2292	561404	27966082	817457	46712464
4586	960	3835	5615	562181	28002405	1242376	81281041
4587	927	2146	792	562425	28014612	818220	46778353
4588	2113	2511	1879	562868	28034087	3897852	379263160
4589	125	2698	2950	562961	28037494	1583681	112938361
4590	3019	3938	2302	563020	28040437	772163	43034782
4591	12	2762	3481	563182	28047740	1508644	105392070
4592	8	2444	1547	563396	28058201	3475351	325096669
4593	565	3570	3784	563447	28060531	965544	58312863
4594	858	2753	1356	563870	28081933	855962	49885740
4595	86	3914	2759	563958	28086484	739986	40556624
4596	1471	2200	2347	563998	28089129	579177	29103451
4597	1592	3845	3623	564291	28103922	630653	32582360
4598	2581	2726	3482	564428	28111201	1650441	119247522
4599	3281	3807	3725	564672	28128119	726604	39513507
4600	3592	3889	3817	565136	28156432	2667914	225399880
4601	3741	4516	7273	565239	28162389	764242	42427008
4602	3136	3463	2256	565371	28172313	814034	46402447
4603	3701	3717	6352	565386	28173825	1526366	107127429
4604	208	832	773	565632	28195329	1576489	112289808
4605	132	3633	1730	565709	28201595	833565	48037651
4606	3347	4373	4594	565996	28223230	625622	32260157
4607	546	4241	4509	566563	28265200	575327	28825516
4608	2268	3425	3678	566573	28265844	703002	37764836
4609	2695	2927	3372	567344	28317116	2838121	245294776
4610	157	4192	2084	567479	28324926	692852	37017798
4611	1556	3461	1030	567753	28340896	753549	41518597
4612	1191	2531	1992	568207	28362106	1661174	120342290
4613	2136	3710	3945	568369	28369373	661519	34769777
4614	2040	3845	5306	568381	28369786	2025046	155968019
4615	144	2850	3806	568636	28385304	0	0
4616	1407	1789	660	568865	28398395	910646	54060405
4617	2947	3107	3587	569007	28405807	708666	38119585
4618	464	3744	1279	569108	28413117	880617	51824307
4619	223	1490	635	569208	28419157	0	0
4620	859	4111	2804	569323	28426578	0	0
4621	3564	4076	7725	569500	28436472	852181	49589414
4622	4142	4474	7070	569796	28459716	581267	29282743
4623	47	1215	1305	570230	28496210	1013363	62120848
4624	1252	1853	3377	570500	28512979	581576	29307066
4625	1450	4440	5280	570684	28523143	699166	37487266
4626	58	3067	2128	570815	28531620	0	0
4627	671	2121	1749	571255	28560296	812837	46311913
4628	1067	3659	1545	571282	28561891	2954169	259368800
4629	1271	2897	1482	571534	28576099	593911	30228843
4630	366	610	438	571657	28583203	1074203	67371128
4631	2455	2899	3079	571784	28589411	797572	45158345
4632	41	1620	419	571837	28591970	1402454	95696409
4633	3803	3805	1526	571997	28600528	979826	59383363
4634	3072	3652	3373	572073	28604997	674071	35688427
4635	1573	4541	6975	572350	28620011	1310135	87163107
4636	1367	1631	2203	572489	28628324	1233435	80582487
4637	1252	4159	3158	572612	28636840	1850837	138268624
4638	3091	4094	1172	572655	28639623	641776	33262016
4639	825	3561	1992	572790	28649924	631471	32643512
4640	373	1250	618	572805	28651035	674071	35688427
4641	2498	4499	2884	573370	28687007	577001	28967608
4642	1898	2571	5248	573405	28688930	1650263	119234890
4643	1169	4464	644	573547	28699794	682064	36284962
4644	2433	4492	5278	573908	28720407	0	0
4645	4061	4292	4067	574109	28731699	1454922	100475107
4646	1967	4053	9379	574158	28735141	685339	36512263
4647	998	3048	4720	574521	28767797	906124	53746653
4648	4094	4607	5337	575327	28825516	642792	33326726
4649	598	1051	2068	575545	28840520	1161070	74326760
4650	3040	3970	6526	575609	28844147	760118	42095674
4651	2430	3305	6757	575797	28857185	0	0
4652	830	3730	4571	575922	28867201	1029143	63521341
4653	1068	1836	466	576066	28881366	628094	32413598
4654	353	3182	1519	576168	28889079	905560	53718291
4655	2070	4419	2847	576217	28894356	1045528	65069780
4656	1477	2850	5109	576389	28910657	2713935	230656077
4657	530	4557	2317	576667	28937006	764782	42477681
4658	1406	3707	3922	576860	28956047	0	0
4659	2931	4641	4348	577001	28967608	776703	43400235
4660	82	1155	798	577125	28977528	725449	39428500
4661	3221	3449	1865	577143	28978942	1200262	77933191
4662	274	1276	1608	577380	28999705	616494	31650314
4663	340	1748	296	577780	29026915	1354180	91101876
4664	234	3686	2673	577891	29034304	1074390	67381193
4665	57	3248	1313	578333	29061738	780647	43720669
4666	311	3919	824	578472	29069357	1395821	95068802
4667	369	3988	273	578911	29091842	690590	36858565
4668	3041	4074	2750	579084	29099369	2310778	185763842
4669	3702	4596	6339	579177	29103451	798414	45234903
4670	3077	3494	6237	579424	29117575	642822	33328894
4671	2626	3716	3463	579513	29123536	1545084	108984793
4672	1624	2892	3757	579517	29123819	668142	35270246
4673	1296	3755	4728	579578	29127863	695049	37169013
4674	329	3331	7006	579642	29133730	845995	49120816
4675	3691	3823	5943	579777	29149541	1060515	66231266
4676	2485	3091	2382	579799	29152549	720755	39065328
4677	907	2256	3524	579943	29171256	923047	54947421
4678	936	3550	1059	580952	29263890	4131581	409308938
4679	3419	4622	9723	581267	29282743	1177440	75744325
4680	1982	4624	5639	581576	29307066	1889291	142132666
4681	197	4174	1266	582117	29349037	859400	50155657
4682	1124	4220	4052	582269	29358025	1790822	132322042
4683	1598	3927	3002	582657	29384724	814636	46452722
4684	509	2763	3175	582998	29403641	635219	32888801
4685	2418	4336	6758	583088	29409542	950391	57172290
4686	1727	2587	2598	583161	29414860	671796	35514966
4687	1687	2647	2653	583198	29417859	1387856	94370146
4688	607	2673	1235	583734	29454617	1855186	138760865
4689	2105	3807	3922	583782	29457617	854476	49768380
4690	1896	3585	6777	584100	29476595	678650	35984099
4691	2696	3884	1996	584330	29494899	598444	30527208
4692	1706	2011	1027	584437	29502321	2367750	191708390
4693	2654	4505	5878	584671	29518217	647600	33677327
4694	914	3522	1850	584803	29528119	851175	49512094
4695	79	2141	2457	585542	29572731	735894	40205022
4696	718	3201	2170	585566	29574163	612271	31374983
4697	1990	2930	1319	585720	29582539	1185957	76665787
4698	3158	3428	5145	585735	29583526	1144805	72952538
4699	1166	1757	1983	585890	29595166	1504846	105029479
4700	1333	1415	972	585896	29595365	961475	57997894
4701	1247	4472	6048	586180	29612168	734586	40099667
4702	2618	3638	2350	586584	29638970	947579	56935203
4703	1351	4019	5082	586750	29648786	1943456	147651506
4704	625	1475	549	586776	29651193	1971128	150353645
4705	197	832	1031	586849	29657100	973654	58908643
4706	780	1428	2390	587304	29684808	869410	50937317
4707	1029	3989	8601	587311	29685060	1545599	109029173
4708	3381	3983	4284	587473	29699924	644923	33492136
4709	1187	3010	1616	587686	29717701	882912	52005614
4710	866	4555	1257	587820	29728167	1163535	74558486
4711	778	3515	885	587887	29732532	1500442	104677933
4712	1809	4576	1538	588184	29753491	1041006	64599531
4713	1083	1316	905	588315	29762314	0	0
4714	375	603	430	588368	29766337	917716	54538031
4715	319	4268	2370	588481	29773464	2966885	260761668
4716	3135	3969	6952	588566	29778232	712765	38430954
4717	540	2402	1407	588759	29793583	1894090	142677817
4718	1636	2570	3928	588959	29808858	1013649	62140333
4719	3431	4403	2991	589000	29812430	653979	34261385
4720	1607	3456	2363	589028	29814388	977569	59216403
4721	168	2080	1073	589257	29837425	699556	37524246
4722	3214	4439	5423	589506	29856160	1207159	78524204
4723	1298	3427	5377	589569	29861144	0	0
4724	316	3116	8920	589641	29868684	2435582	199452078
4725	1308	3434	1481	589662	29871458	753751	41537824
4726	1267	3577	3391	590189	29935092	797872	45187567
4727	1738	1944	1502	590478	29961536	1342324	90034101
4728	3581	4400	3624	590502	29962969	2448895	201085113
4729	3471	4279	8191	590714	29980732	758202	41915938
4730	514	3207	3126	591448	30048345	1111170	70288128
4731	1371	2788	3623	591724	30067516	2148456	169393570
4732	1814	4434	3505	591773	30070480	1348313	90600334
4733	16	4412	7048	592378	30108626	1698334	123787141
4734	398	1214	3025	592445	30113622	825264	47338569
4735	2020	2211	1748	592667	30131900	649831	33885209
4736	2005	4584	4498	592786	30139917	2358818	190658582
4737	1674	2875	2781	592936	30151626	2905859	253308027
4738	350	2126	1023	592962	30154192	1580468	112660899
4739	2293	2614	602	593186	30172213	923740	55008022
4740	2089	2783	8438	593380	30185554	1171456	75189876
4741	1208	2042	1172	593395	30187001	1887298	141906782
4742	911	3675	1353	593592	30204890	992773	60424047
4743	4189	4629	3155	593911	30228843	1202510	78105675
4744	1223	4350	5025	594271	30252999	1547672	109240490
4745	3459	3555	7795	594273	30253113	632314	32702084
4746	2156	3997	2668	594329	30258790	1114579	70540817
4747	1157	3382	2475	594373	30262716	1318331	87912477
4748	2062	4373	2765	594489	30273282	961475	57997894
4749	1065	2197	1598	594923	30311995	726737	39523865
4750	3552	3585	5957	595015	30319412	1148055	73198999
4751	2711	3975	3761	595259	30338219	1224527	79893860
4752	2633	4471	995	595724	30373939	695118	37173523
4753	399	2094	811	596060	30393293	781955	43859950
4754	2488	4572	5708	596154	30398821	755836	41738985
4755	1956	2026	1828	596428	30417876	1964184	149671343
4756	3858	4118	4373	596480	30421701	2273276	181956618
4757	2106	3645	2094	596906	30450799	0	0
4758	2246	3134	2819	596996	30457096	841854	48735271
4759	2191	3601	942	597599	30493817	1721039	125833021
4760	2849	2854	2677	597664	30496795	1392121	94774547
4761	1924	2600	2256	598368	30524259	681732	36258932
4762	3439	4691	8324	598444	30527208	2413415	196830932
4763	1754	3975	1815	598632	30536900	0	0
4764	3086	3347	3142	599172	30563077	797347	45144491
4765	3297	3584	9192	599303	30569397	903116	53541810
4766	2634	4178	6476	599607	30590872	819224	46848237
4767	1781	2602	1780	599951	30616719	658734	34605891
4768	578	609	719	600055	30623082	1500448	104678240
4769	2903	3059	4760	600084	30625136	0	0
4770	2997	4350	5304	600464	30652571	1100109	69332475
4771	618	1237	1814	600620	30663778	1129134	71705467
4772	1754	4026	3052	600648	30666257	2784145	238629485
4773	1948	2693	2442	600701	30670329	688257	36729254
4774	2133	2442	3777	600796	30678091	692812	37013789
4775	1000	1289	805	601624	30735009	645845	33563950
4776	2632	3953	3482	601778	30744032	0	0
4777	3387	4291	1866	601826	30746489	635551	32915003
4778	182	4252	2669	602083	30761242	753578	41520781
4779	3908	4554	5249	602112	30763237	1296956	85895669
4780	550	4318	3703	602235	30771731	2201481	174847004
4781	1923	2222	4153	602379	30784041	0	0
4782	3118	4228	3032	602622	30802076	690455	36850609
4783	356	1417	301	602842	30818219	799385	45311771
4784	1001	3405	3973	602879	30820757	0	0
4785	993	3665	3746	603235	30846961	1158127	73992771
4786	1150	1498	565	603885	30889428	1134523	72140537
4787	823	3150	1944	603971	30893422	785315	44185759
4788	554	3607	1011	603995	30894320	941092	56393321
4789	94	1834	501	604223	30905158	1251822	82008567
4790	1361	1712	3697	604266	30906670	1181181	76161176
4791	348	1681	1995	604408	30913649	0	0
4792	295	2289	831	604456	30916024	2756339	235626192
4793	1961	2020	2084	604690	30927911	2634680	221658061
4794	2695	4374	2986	604810	30934198	1066700	66788296
4795	425	3959	1170	604904	30939745	0	0
4796	1299	1880	4094	605054	30947709	766712	42635307
4797	2637	3103	4110	605377	30965069	671783	35513890
4798	688	1714	444	605424	30967550	1939288	147245300
4799	304	3202	4730	605964	30992843	843020	48875443
4800	493	985	419	605974	30993371	721460	39116768
4801	676	2097	1639	606010	30995296	3930739	383178994
4802	2955	3940	3475	606295	31009648	1401074	95566281
4803	2623	3423	3391	606515	31021659	679800	36085861
4804	409	3734	5382	606743	31034710	1397318	95202313
4805	1591	2436	1686	606931	31047499	1159390	74154493
4806	13	845	654	607688	31086468	1394249	94939354
4807	888	4493	8376	607746	31088230	898739	53227784
4808	994	2445	1296	607796	31091882	702128	37704318
4809	1300	3292	1839	607814	31094027	2439044	199832334
4810	421	2559	1281	607963	31104325	733171	40007255
4811	1499	4198	4454	607989	31106245	3950542	385763924
4812	3590	4139	2268	608603	31153188	875069	51358112
4813	2365	3701	3587	608649	31156451	0	0
4814	2213	4369	4352	608787	31166025	1154251	73630349
4815	908	3021	3747	608975	31180857	2076241	161665048
4816	2279	3736	4504	609116	31190829	3642006	346206466
4817	3072	4328	6326	609437	31213047	940094	56290063
4818	300	1622	1410	609744	31239349	677793	35932397
4819	399	1182	696	610013	31257859	1817962	134996012
4820	1041	1149	1319	610063	31260697	1334365	89251533
4821	1667	4229	2967	610254	31272722	1702965	124220328
4822	1572	4469	1938	610702	31297863	1568073	111367633
4823	1040	2733	1632	610773	31301409	787562	44358989
4824	330	1690	502	610966	31310718	764377	42440239
4825	915	3230	756	610969	31310788	0	0
4826	3271	3545	4632	611291	31325668	3487739	326718480
4827	2590	3336	2789	611583	31341596	1994413	152861170
4828	3445	4028	1748	611594	31342121	1191123	77171023
4829	2730	2912	3118	612179	31371051	620291	31903936
4830	2908	4696	3007	612271	31374983	0	0
4831	2904	3156	3738	612587	31389960	809610	46090226
4832	866	2302	519	612658	31393919	0	0
4833	477	2870	2795	612921	31407315	0	0
4834	2070	2659	1442	613203	31423308	1102872	69549063
4835	1123	4469	2192	613251	31426029	0	0
4836	2989	3599	2582	613351	31431703	3070383	273957447
4837	1084	1339	2102	613408	31434787	946293	56831161
4838	1171	1573	2201	613529	31441083	2556150	212878594
4839	1528	4067	6394	613840	31457984	1503240	104913923
4840	2591	3502	7707	613842	31458032	683320	36381844
4841	1628	1739	1432	614300	31498288	1075832	67464555
4842	1402	3826	6202	614606	31519667	3148301	283238777
4843	3078	3733	3539	615158	31558817	894796	52958448
4844	668	4330	5242	615515	31583127	644190	33440162
4845	2900	3497	2480	615558	31586194	784873	44134081
4846	148	1976	428	615588	31588906	743510	40841679
4847	2257	2285	6480	615803	31603640	802358	45546768
4848	424	3400	4567	616220	31632461	707277	38021396
4849	2805	4662	3050	616494	31650314	710131	38221161
4850	2253	2312	2135	616767	31666507	736748	40268423
4851	815	4439	5300	616980	31677394	1654565	119582688
4852	3070	3277	9058	617204	31690959	763381	42346519
4853	831	3492	2408	617547	31718836	756802	41820377
4854	588	1281	744	617754	31733024	628752	32455540
4855	508	3854	4778	617793	31735842	908841	53940048
4856	1286	2136	2392	617888	31742891	1174994	75520341
4857	2831	3651	3129	618062	31755532	1017308	62489543
4858	127	3295	2632	618079	31756977	669706	35358446
4859	657	3301	2817	618168	31763167	1454071	100395590
4860	1329	3897	2888	618512	31793015	901392	53421156
4861	89	2511	1138	618553	31797236	2498595	206503426
4862	901	3022	3027	618994	31833293	699131	37484080
4863	3448	3461	571	619649	31872704	637751	33048494
4864	1338	3362	2354	619898	31884419	1798773	133100223
4865	863	4530	1421	620024	31889489	653421	34230166
4866	957	4584	3678	620056	31891061	1358391	91566053
4867	32	1576	742	620153	31896856	767231	42682155
4868	1213	3665	3474	620271	31902814	2324284	187175303
4869	3015	4829	4577	620291	31903936	1762219	129633991
4870	2650	2897	5030	620561	31920586	841722	48717302
4871	2555	3449	3369	620809	31936397	1813861	134633525
4872	4374	4468	3200	621071	31952826	914223	54281326
4873	1546	3838	4574	621272	31964913	1358982	91621904
4874	3353	4522	2543	621679	31991839	698578	37444238
4875	2055	3792	2409	621716	31994218	1314352	87489886
4876	2278	4696	3211	621839	32001198	4061298	400279720
4877	209	2769	1402	621893	32005225	847971	49277911
4878	1600	3952	1611	622074	32016823	779079	43587469
4879	944	2144	2098	622535	32042579	1513517	105820843
4880	2913	3153	6813	622693	32050756	1786118	131848337
4881	13	910	539	622845	32060029	728156	39604754
4882	304	4082	5676	622986	32067923	806850	45854479
4883	2936	4546	6464	623455	32098562	795637	45005471
4884	2280	3975	3511	623873	32126329	2742722	234128835
4885	1207	2063	1598	623876	32126490	4044268	397966380
4886	2299	3766	10067	623913	32128689	1433978	98451514
4887	906	2970	5289	624551	32183223	926079	55190556
4888	2178	4100	2256	624913	32209508	1780990	131297086
4889	263	4206	1500	625054	32219173	1070406	67117070
4890	1589	3873	3941	625225	32230704	626103	32294840
4891	32	4294	3242	625341	32239605	3105894	278175754
4892	1526	4606	6268	625622	32260157	720629	39057215
4893	3507	4890	5727	626103	32294840	729033	39658013
4894	1675	1965	1407	626176	32299673	0	0
4895	772	2409	1709	626451	32320066	641767	33261146
4896	57	1257	680	626643	32333186	1772499	130617533
4897	316	3430	1902	626677	32335519	816370	46621228
4898	412	4522	1277	627116	32360127	682231	36297305
4899	1902	2237	1923	627326	32369736	2237209	178456089
4900	81	2336	355	627565	32382959	1245031	81502275
4901	561	3155	1321	627617	32385548	1426363	97783764
4902	2707	3757	4232	627719	32389664	1067272	66844873
4903	1746	2407	3995	627901	32399823	940890	56371067
4904	3085	3492	3902	627906	32400110	886768	52371652
4905	1781	2845	2446	627911	32400278	1055784	65854597
4906	1089	4653	890	628094	32413598	689699	36805211
4907	1103	1320	1002	628167	32418346	1318461	87926475
4908	727	3184	1090	628253	32424442	0	0
4909	774	1448	1268	628284	32426076	1693974	123370789
4910	502	4182	4145	628498	32439560	1731089	126681750
4911	2535	4854	1774	628752	32455540	1037873	64226779
4912	817	3709	2467	628768	32456583	928263	55379479
4913	2144	3827	6741	628835	32461149	1656230	119731065
4914	1143	4326	3155	629135	32484600	856822	49954949
4915	1766	2346	1782	629477	32507263	4042040	397705152
4916	1678	2957	3279	629504	32508772	1242147	81262014
4917	3112	3605	4111	629879	32534045	1641381	118533027
4918	2322	2488	1968	629920	32536949	0	0
4919	840	3949	1820	630070	32547545	906668	53782183
4920	75	2013	305	630136	32551852	782875	43931983
4921	2930	4184	2112	630523	32575405	862028	50390244
4922	3415	4597	6809	630653	32582360	777196	43438126
4923	2159	2922	2930	630690	32585131	775974	43338718
4924	1774	3900	2787	630702	32585866	1422319	97430411
4925	1089	1219	1837	630792	32593286	1013968	62170212
4926	3517	3867	7014	631466	32643109	656075	34384436
4927	1914	4639	2983	631471	32643512	738387	40391439
4928	3704	4745	8741	632314	32702084	0	0
4929	531	2002	1183	632363	32706295	0	0
4930	422	3827	5276	632692	32731079	1177996	75810093
4931	1012	3571	1732	633569	32786216	686794	36635222
4932	1988	2033	3145	633632	32788913	2499121	206557487
4933	23	2234	1160	633754	32794744	0	0
4934	2784	4161	2000	633847	32799389	2244368	179198747
4935	149	943	346	633969	32805905	1842034	137385609
4936	149	2043	1829	633969	32805905	852055	49578977
4937	943	2043	2013	633969	32805905	669061	35325633
4938	1641	2573	6551	634000	32807732	636913	32999809
4939	2901	3231	4269	634173	32820190	975826	59094564
4940	403	3613	2897	634265	32827721	715881	38725469
4941	2284	2669	3079	634860	32865892	1393306	94859856
4942	207	4198	2948	634994	32873561	2120481	166609244
4943	3751	4684	8755	635219	32888801	803925	45655647
4944	3897	4245	5108	635459	32907984	1218742	79436711
4945	1842	4777	3662	635551	32915003	0	0
4946	92	535	576	636125	32958080	714152	38579902
4947	766	3135	2006	636510	32978012	642053	33280280
4948	2732	4402	3486	636553	32980186	1238352	80958283
4949	683	789	517	636793	32993026	1823327	135462740
4950	1972	4938	7509	636913	32999809	1262674	82941972
4951	374	2146	650	637191	33017418	0	0
4952	3018	4863	4160	637751	33048494	1272767	83759894
4953	1126	2553	3454	637882	33055854	768908	42831469
4954	3075	4410	1702	638116	33068237	783627	43997448
4955	2405	4184	2192	638218	33073775	655756	34362192
4956	239	4344	1322	638242	33074553	665041	35067381
4957	3899	4059	5990	638372	33082110	1351429	90853720
4958	957	1013	540	638436	33086805	695049	37169013
4959	236	4232	131	638870	33110557	2921839	255021276
4960	1687	1953	1734	639086	33122452	1220805	79605076
4961	2989	3070	3695	639223	33128291	940478	56328949
4962	2152	4158	5122	639269	33131154	784433	44083104
4963	1639	1848	1314	640030	33172734	1019384	62677821
4964	697	3544	482	640306	33182610	738527	40401891
4965	18	1484	1937	640357	33184601	1730220	126605032
4966	3850	3902	5137	640806	33200176	1177837	75787528
4967	80	3418	2285	640876	33203491	1842034	137385609
4968	2873	4136	8932	640987	33208118	1953099	148700336
4969	2898	3184	4099	641047	33212133	1103190	69573488
4970	1441	1931	2671	641308	33229978	655168	34320864
4971	982	3983	3200	641736	33259024	749633	41274673
4972	4227	4895	3418	641767	33261146	959847	57889491
4973	2197	4638	2035	641776	33262016	843020	48875443
4974	604	4947	2345	642053	33280280	872425	51149379
4975	96	4014	609	642188	33289545	2116252	166175005
4976	3840	4391	3081	642573	33312332	2038777	157489919
4977	109	969	451	642743	33323260	668142	35270246
4978	3273	4648	6587	642792	33326726	1194633	77435190
4979	2151	4670	7068	642822	33328894	753987	41560654
4980	1577	1919	1281	643011	33346110	2372715	192283824
4981	3666	4582	3910	643261	33367934	983265	59644689
4982	1649	2555	3452	643494	33388811	702108	37703112
4983	2846	4265	1300	643868	33416286	1095172	68973127
4984	1101	3250	3336	643960	33422828	672448	35572867
4985	832	4844	5880	644190	33440162	2807848	241310979
4986	757	2549	2096	644214	33442012	1922805	145631619
4987	197	1301	580	644326	33451489	0	0
4988	2994	3982	2236	644777	33482671	0	0
4989	2295	4708	7791	644923	33492136	731660	39877901
4990	1878	3844	8719	645123	33508203	1158127	73992771
4991	3668	4775	4420	645845	33563950	0	0
4992	2136	2981	2227	646243	33592386	763797	42385637
4993	2824	3012	3592	646435	33605389	1645796	118869630
4994	2904	4005	3177	646612	33616143	0	0
4995	1280	1518	2655	646745	33625044	1820723	135224073
4996	1123	3857	2422	647038	33643871	751303	41378623
4997	1269	2444	2278	647044	33644034	2990417	263449321
4998	113	4097	4700	647507	33671465	944191	56626116
4999	1811	4693	6568	647600	33677327	712134	38357195
5000	210	988	915	647624	33679079	1006383	61583249
5001	1110	4022	4083	647922	33702237	1362804	91974382
5002	3845	3969	8358	648026	33710784	948152	56981495
5003	3925	4257	2880	648031	33711476	837492	48369400
5004	1674	4082	6467	648235	33731681	959535	57866901
5005	2330	4189	3850	648346	33742651	2295349	184255650
5006	2517	3023	4265	648863	33790724	2957228	259779931
5007	3039	3139	3896	648874	33791383	3674988	350500729
5008	2096	4745	10169	649059	33810653	3116516	279393230
5009	362	3760	1242	649315	33838266	876574	51480798
5010	3160	3921	5942	649727	33875913	656521	34426695
5011	3394	4735	5264	649831	33885209	737416	40315740
5012	2569	3775	6798	650257	33924655	939942	56273852
5013	327	2192	1420	650965	33989512	1262356	82912444
5014	2650	4498	9993	651080	33997299	1228863	80215100
5015	1818	2688	5408	651194	34006567	1689017	122933362
5016	1928	3116	13159	651244	34010846	1335062	89325735
5017	551	4596	2374	651280	34014841	2676418	226405708
5018	678	4294	3617	651308	34017524	984069	59699442
5019	939	2421	3491	651587	34054529	1255087	82256104
5020	25	2208	1308	651854	34086796	1601360	114744402
5021	290	1381	238	652127	34114092	915661	54360657
5022	2050	3704	1435	652195	34120301	0	0
5023	1116	4041	6405	652206	34121555	1318024	87875647
5024	3614	4294	4371	652228	34123902	2347354	189546675
5025	475	4865	2073	653421	34230166	729391	39691986
5026	769	4719	3762	653979	34261385	1494440	104170930
5027	489	3879	2723	654386	34282592	1774536	130765081
5028	1733	1752	2102	654632	34294045	712134	38357195
5029	42	1100	921	654645	34294616	1093220	68847014
5030	433	2559	1133	654776	34301289	0	0
5031	864	2348	2470	654827	34304009	1731521	126717258
5032	315	785	416	654980	34311605	960017	57902501
5033	1460	4050	6591	655108	34317966	1542929	108747220
5034	1539	4970	2934	655168	34320864	1659258	120116639
5035	2765	3356	3069	655303	34330374	762394	42282333
5036	2188	3885	1201	655468	34342582	1447499	99772763
5037	1143	2592	1044	655478	34343247	958495	57789676
5038	743	1117	1080	655609	34351990	1267563	83301260
5039	1937	4955	3275	655756	34362192	0	0
5040	97	3285	4054	656041	34382643	660595	34714384
5041	4090	4926	9962	656075	34384436	0	0
5042	1787	4390	1718	656083	34385058	763221	42334933
5043	1389	3210	4146	656366	34411972	1173001	75326725
5044	701	1798	762	656464	34420689	3648858	347185230
5045	4151	5010	11337	656521	34426695	744094	40875631
5046	1523	2523	3033	656548	34430136	1001164	61150191
5047	4263	4571	2357	656847	34464544	714606	38615926
5048	1255	2225	1406	657378	34516632	883515	52062854
5049	629	1568	4079	657706	34539304	1607532	115325088
5050	735	2049	1251	657880	34552403	857799	50035029
5051	73	1346	129	658037	34562313	774021	43144439
5052	1846	4366	2922	658241	34575621	1081482	67901871
5053	990	2104	2925	658250	34576459	1229620	80277603
5054	2194	4767	2200	658734	34605891	724787	39372299
5055	69	1834	510	658778	34608428	706755	37993033
5056	945	973	775	658866	34613690	2089789	163283054
5057	3992	4402	5920	658901	34615909	1603393	114937199
5058	480	4268	3141	659071	34626528	662148	34815226
5059	3203	3251	1968	659677	34660446	1325847	88615515
5060	2989	4648	6188	659898	34670656	1096676	69074598
5061	977	3922	7524	660095	34681583	767886	42740340
5062	38	5040	4074	660595	34714384	1066015	66711173
5063	1922	3277	7631	661439	34763936	1725571	126254261
5064	345	1523	1663	661452	34765192	681053	36203668
5065	1728	4613	4883	661519	34769777	0	0
5066	903	3549	3547	661703	34782173	4182295	415602396
5067	1484	5058	5059	662148	34815226	980633	59442276
5068	1772	3623	2441	662267	34823905	1101154	69426480
5069	1231	2972	4276	662824	34859429	668619	35298506
5070	1526	3525	3973	662880	34862645	1361770	91890409
5071	894	3069	7677	662901	34864234	972126	58794830
5072	1603	3996	11512	662918	34865619	674991	35741208
5073	2726	3701	5160	663183	34898627	781188	43777310
5074	545	2880	3890	664223	34991098	1907328	144136764
5075	483	3459	2586	664229	34991630	1338681	89667568
5076	2237	3178	2017	664487	35010491	0	0
5077	2890	4482	5826	664543	35014814	714633	38619024
5078	3140	3795	4569	664581	35017684	876441	51467123
5079	2400	3266	4589	664603	35019535	2157905	170517832
5080	3543	4188	5443	664615	35020957	1509056	105437213
5081	3530	4064	1515	664778	35038434	1082079	67947075
5082	763	2128	1386	664957	35058045	1692938	123284716
5083	3854	4956	5530	665041	35067381	0	0
5084	756	988	1453	665320	35093588	1402830	95727902
5085	414	2029	304	665663	35125511	871598	51101326
5086	1219	3523	1696	666086	35156403	918725	54633965
5087	1893	2229	1390	666435	35174411	1278732	84315524
5088	825	2997	1379	666553	35180289	1089517	68548108
5089	1109	2750	2253	666965	35198974	845647	49093417
5090	697	3896	6501	667150	35205820	2956395	259678822
5091	1654	3641	4023	667204	35209018	1249186	81806910
5092	1100	3302	3912	667563	35232551	0	0
5093	2586	4177	1942	667738	35244667	708578	38112088
5094	3239	3493	3591	667925	35256450	2022682	155666317
5095	4672	4977	4208	668142	35270246	2646781	222966469
5096	2486	4068	1094	668392	35286158	3114859	279191844
5097	376	5069	4428	668619	35298506	2239623	178692859
5098	637	4937	2761	669061	35325633	1296321	85823984
5099	1941	4858	4543	669706	35358446	1022236	62913492
5100	1643	3946	7050	669717	35359018	793288	44789945
5101	883	2225	684	669904	35370053	3961079	386883382
5102	2440	4130	5260	669918	35370652	1383862	93960425
5103	1308	1558	2388	669937	35372128	0	0
5104	2799	3828	4196	670038	35380419	0	0
5105	794	2620	1462	670538	35420900	743997	40869845
5106	3163	3745	3270	670595	35424670	1056904	65943135
5107	1296	2426	2131	670716	35432551	833542	48035831
5108	243	2546	799	670966	35451042	1210549	78787562
5109	4310	4442	3725	670998	35452315	0	0
5110	1651	2692	4010	671014	35453466	774060	43149530
5111	106	1313	482	671266	35473989	1313021	87386992
5112	247	3662	2303	671311	35476325	0	0
5113	497	1371	748	671446	35486266	753044	41475492
5114	1483	3700	3790	671550	35494101	1076012	67479713
5115	1154	1653	1821	671598	35497759	1487332	103504598
5116	655	3349	947	671639	35500997	1626781	117151237
5117	1838	4797	4456	671783	35513890	1433818	98436555
5118	1920	4686	3288	671796	35514966	1095649	69008914
5119	1622	4578	2616	671904	35524154	684327	36450052
5120	1245	3779	2774	672272	35559175	784189	44057574
5121	1572	4984	4305	672448	35572867	841854	48735271
5122	3296	4522	3818	672839	35607419	2313931	186078125
5123	2668	4479	4143	672929	35614644	815335	46514152
5124	72	3232	1931	673669	35667006	974768	59007706
5125	2039	2810	3535	673864	35677463	695113	37172983
5126	4634	4640	3991	674071	35688427	1259398	82638687
5127	363	3792	2331	674077	35688732	1785217	131736904
5128	2106	3353	2216	674680	35725068	1881825	141363651
5129	4797	5072	15622	674991	35741208	774021	43144439
5130	666	2020	1854	675053	35746924	1080058	67796516
5131	520	4351	3330	675515	35785508	898477	53211183
5132	607	2713	4060	675771	35805875	812457	46279420
5133	2847	3654	3152	676164	35831665	1311926	87302071
5134	1961	2359	2667	676288	35839446	2719257	231319866
5135	55	2498	1596	676762	35867524	1337917	89597560
5136	717	2047	1871	676883	35873485	2517418	208418970
5137	1912	3750	6568	676967	35877874	868683	50872142
5138	1887	3487	2405	677266	35897687	1225290	79953796
5139	1027	1144	705	677318	35901558	0	0
5140	672	3108	2632	677331	35902495	2521397	208826402
5141	165	364	213	677723	35928490	844601	49015711
5142	4496	4818	5284	677793	35932397	753263	41489908
5143	3682	4581	4476	678353	35966128	795064	44948215
5144	1683	2661	1669	678415	35970511	3362953	310071027
5145	362	4690	6889	678650	35984099	1271102	83629890
5146	2964	4134	6770	678970	36007162	1107765	69962537
5147	3844	4175	11315	678980	36007642	989450	60137735
5148	1749	2481	3323	679023	36011796	1558183	110358450
5149	4192	4430	2442	679067	36016982	777521	43466904
5150	1828	2464	2533	679301	36041764	2743954	234279902
5151	63	938	833	679344	36045427	2009310	154236194
5152	492	3170	2183	679432	36052479	1325732	88603623
5153	1488	2896	2544	679547	36061883	1801670	133359888
5154	2494	4525	4601	679764	36081176	1382674	93840384
5155	1705	4803	4209	679800	36085861	923950	55026468
5156	517	2993	2199	679880	36094049	3608675	342368562
5157	3869	3940	3236	680118	36121585	758038	41902523
5158	2409	2570	4323	680341	36141610	1311926	87302071
5159	2085	3870	3226	680538	36160431	2263077	180742897
5160	903	4375	2352	680880	36189412	1055516	65827912
5161	3298	5064	1924	681053	36203668	0	0
5162	359	2349	1155	681126	36209445	698714	37455439
5163	1665	4452	3111	681332	36225872	1231669	80448816
5164	1773	2803	1420	681347	36227795	1620303	116561833
5165	4195	4761	4833	681732	36258932	0	0
5166	2810	3706	4916	681993	36278829	839052	48498222
5167	3706	4643	3682	682064	36284962	946683	56861420
5168	4095	4898	6812	682231	36297305	2616377	219448861
5169	884	1858	733	682378	36311145	819103	46840682
5170	1701	3576	2960	682525	36324554	1078434	67666056
5171	402	3895	1107	683048	36365416	0	0
5172	124	283	241	683296	36380561	1892306	142502214
5173	428	4840	7735	683320	36381844	1058214	66024880
5174	1486	2184	884	683782	36420809	1067602	66876520
5175	948	1296	1354	684216	36445057	1331716	89046976
5176	572	5119	3331	684327	36450052	1229620	80277603
5177	2646	4407	3004	684386	36454131	1493221	104061442
5178	694	1830	1221	684509	36461592	1741932	127757774
5179	944	2115	1641	684840	36482106	4451842	451364850
5180	787	3132	1033	684894	36485346	809053	46043209
5181	90	3969	5363	685063	36494596	992921	60434975
5182	1183	3542	1710	685075	36495712	1215228	79136850
5183	4020	4646	12122	685339	36512263	1115236	70590272
5184	243	2452	3741	685599	36534971	709044	38149424
5185	117	1786	1673	685722	36547602	723682	39281282
5186	1736	2916	6119	685966	36568556	1086875	68311895
5187	382	2396	1961	686193	36588457	772671	43060639
5188	2008	3949	2636	686418	36605675	2696715	228664059
5189	2140	4931	3688	686794	36635222	2473248	203871030
5190	2793	2932	3900	686803	36635764	1698649	123822966
5191	1667	3055	1837	687453	36679917	1607049	115289756
5192	1480	2415	1747	687565	36686888	1411615	96441169
5193	1540	3067	2706	687755	36698215	1340245	89841464
5194	969	2961	5466	687760	36698561	2061103	159969634
5195	1939	2420	2040	688136	36722145	0	0
5196	630	4773	2813	688257	36729254	1241844	81239618
5197	1006	1634	1032	688764	36758044	1543237	108786533
5198	2907	4394	2224	689082	36773277	937205	56039446
5199	1400	1907	2692	689200	36778914	797634	45163525
5200	2461	3830	7650	689483	36791690	1722385	125958421
5201	52	3270	1486	689505	36793190	2477515	204345420
5202	1973	2091	560	689522	36794078	2321343	186858240
5203	3709	4906	2375	689699	36805211	932413	55672250
5204	88	4301	2177	690070	36827804	1914547	144861526
5205	512	2941	1387	690265	36840167	1173097	75337411
5206	1272	4782	4184	690455	36850609	0	0
5207	1021	2939	1381	690526	36854940	1638880	118266337
5208	2628	4667	1593	690590	36858565	2051774	159021021
5209	1623	3081	4278	690690	36864163	1613711	115947411
5210	955	2832	2527	690816	36873183	993776	60511635
5211	1239	2860	3415	691118	36893324	1793435	132530065
5212	1366	2286	3037	691250	36903676	1361839	91894909
5213	1755	2621	2811	691295	36907102	699914	37554818
5214	45	685	480	691397	36915357	728128	39603404
5215	1204	2785	1750	691487	36920604	3103510	277960131
5216	4343	4410	1689	691699	36934379	0	0
5217	912	2564	2794	691854	36945236	3532049	332439992
5218	1482	4254	2636	691857	36945354	1378404	93482143
5219	1538	4693	6594	691899	36948563	0	0
5220	26	1617	1089	692248	36976593	1043506	64840735
5221	2179	3009	3691	692544	36995067	884311	52137452
5222	2549	4328	5244	692746	37009614	1624578	116912953
5223	2295	4774	7284	692812	37013789	1228179	80168848
5224	563	4610	2746	692852	37017798	2135868	168127355
5225	1743	1918	3503	693094	37037989	1346745	90452650
5226	8	4492	3161	693499	37067991	708156	38082189
5227	1870	2185	1243	693602	37076669	2676762	226451737
5228	1900	2311	2538	693718	37085594	881062	51856513
5229	223	2158	1607	693884	37096660	966837	58388219
5230	1520	3296	4164	693889	37096865	744131	40879647
5231	14	1907	1474	694357	37131702	1117082	70736617
5232	103	693	458	694663	37149540	4115730	407294657
5233	127	872	911	694711	37151704	723786	39290228
5234	531	4340	1840	694919	37162180	709044	38149424
5235	1281	4578	2054	694922	37162263	829846	47764846
5236	4673	4958	5268	695049	37169013	814329	46426056
5237	1754	5125	3670	695113	37172983	711016	38268336
5238	816	4752	1671	695118	37173523	833891	48067223
5239	109	1598	466	695428	37196892	1171569	75199591
5240	175	2942	2265	695572	37204806	824645	47291173
5241	1936	2964	5986	696233	37242959	780398	43696862
5242	1936	3993	5967	696233	37242959	1424168	97600845
5243	2964	3993	8103	696233	37242959	734804	40115763
5244	949	2441	2785	696327	37250387	696904	37301198
5245	2931	3824	4694	696485	37264237	3183768	287544525
5246	1849	2408	3062	696701	37282861	727760	39582809
5247	387	3835	4651	696826	37293939	1235950	80754491
5248	995	5244	3204	696904	37301198	799706	45333635
5249	950	2312	1546	697088	37319405	707141	38012764
5250	262	4041	4730	697180	37328464	1545350	109008688
5251	1726	3546	2622	697658	37367811	891468	52680176
5252	40	4192	1935	697747	37374353	727779	39583853
5253	2278	3690	4709	697807	37378962	860468	50242061
5254	1775	3212	2114	698134	37405698	1064566	66555344
5255	2729	4448	5556	698163	37408459	1325732	88603623
5256	2923	4874	3287	698578	37444238	1743486	127918756
5257	2861	5162	2247	698714	37455439	2702082	229319751
5258	413	4862	3303	699131	37484080	806681	45845167
5259	574	2428	4019	699138	37484838	0	0
5260	1947	4625	7102	699166	37487266	947138	56895029
5261	4101	4721	3135	699556	37524246	747984	41179001
5262	1622	2230	2657	699740	37540157	2699009	228967882
5263	3702	5213	6803	699914	37554818	762928	42310872
5264	3	16	11	700318	37589873	1279626	84392888
5265	273	320	262	700331	37590761	711127	38276037
5266	4109	4515	7179	700840	37622537	740457	40603903
5267	2607	2904	2898	701562	37668258	2484087	205004658
5268	4487	4551	2761	701775	37680982	839052	48498222
5269	2591	3264	5993	701812	37683407	729033	39658013
5270	487	4982	3870	702108	37703112	851452	49531139
5271	1869	4808	2120	702128	37704318	935720	55911914
5272	337	2353	1742	702173	37707786	1312872	87377619
5273	226	670	1212	702580	37739170	2115195	166046666
5274	880	3572	1682	702883	37757723	780647	43720669
5275	1552	4608	4371	703002	37764836	0	0
5276	2160	3016	2553	703044	37767649	820059	46911467
5277	726	1907	1844	703378	37791151	1075832	67464555
5278	1652	3642	3522	703437	37795264	871039	51065533
5279	1002	2007	1003	704152	37834706	1366278	92352313
5280	867	3964	2868	704227	37838178	829944	47774273
5281	334	3451	1680	704356	37843602	3968030	387857964
5282	129	3432	3373	704367	37844288	974171	58950072
5283	2255	2423	3723	704729	37865684	855124	49816586
5284	4136	4503	5305	704739	37866276	839381	48527779
5285	694	4355	3801	704987	37883604	1481262	102838681
5286	2949	3004	4374	705174	37895719	930259	55528698
5287	500	2333	1452	705298	37904957	1457805	100734630
5288	2762	3821	7473	705314	37906060	1192667	77264322
5289	89	748	895	705565	37926005	1279524	84385199
5290	61	4140	1346	705936	37951021	747768	41165785
5291	1933	4026	3853	706609	37986008	0	0
5292	4865	5055	1931	706755	37993033	935941	55933765
5293	1080	3152	4441	706938	38001372	742869	40797481
5294	662	3810	2662	707094	38009721	2247624	179472824
5295	3282	5249	3413	707141	38012764	806681	45845167
5296	1059	4848	5332	707277	38021396	1768203	130206187
5297	3170	4366	3404	707293	38022805	1153936	73602136
5298	586	1318	1221	707360	38027696	1567525	111313656
5299	2988	5226	4374	708156	38082189	754486	41612127
5300	3379	3856	5557	708343	38094765	2550301	212335147
5301	287	3310	1985	708576	38112086	1248718	81767101
5302	2787	5093	2721	708578	38112088	2351330	189905364
5303	443	4617	4310	708666	38119585	0	0
5304	525	866	1122	708692	38121472	0	0
5305	201	990	1820	708847	38132712	841825	48731150
5306	5184	5234	5581	709044	38149424	1011665	61978224
5307	335	4849	3179	710131	38221161	749107	41245739
5308	2366	2846	1770	710609	38247474	927115	55271607
5309	949	4344	2650	710645	38249202	837284	48354799
5310	3644	4299	4850	710739	38254100	0	0
5311	2898	5237	6930	711016	38268336	2101887	164526546
5312	3456	5265	1257	711127	38276037	2328891	187704141
5313	922	1558	2530	711165	38278635	792564	44733568
5314	2549	4296	4087	711301	38288173	895613	53017206
5315	474	4267	5225	711426	38296831	825116	47324534
5316	178	242	409	711773	38325047	1836596	136848417
5317	178	4148	3610	711773	38325047	868801	50882707
5318	242	4148	3567	711773	38325047	3771871	363314927
5319	2436	3740	2843	711901	38336747	0	0
5320	4999	5028	8670	712134	38357195	3138985	282018915
5321	4351	4429	10812	712143	38358500	0	0
5322	2952	3676	3300	712160	38360019	1179797	76028907
5323	843	4716	7198	712765	38430954	921319	54808632
5324	129	4479	2584	712779	38434247	1472258	102112718
5325	2807	4648	5982	713150	38476868	1454889	100471974
5326	1922	4180	4830	713265	38488948	849180	49382526
5327	1439	3888	2401	713316	38493747	747039	41118477
5328	816	4946	1252	714152	38579902	1386748	94242261
5329	837	1308	1337	714258	38587640	900338	53344273
5330	1049	2667	3156	714288	38589808	2107086	165202563
5331	1302	3131	1082	714413	38598877	0	0
5332	2946	4030	6433	714459	38602638	2802933	240560278
5333	2316	5047	3638	714606	38615926	0	0
5334	2631	5077	6207	714633	38619024	728966	39652550
5335	570	3350	1887	715209	38675941	833371	48023582
5336	746	4105	4843	715725	38714471	788621	44433872
5337	1350	4940	3666	715881	38725469	850866	49491034
5338	130	2969	3155	715935	38730304	1666848	120913314
5339	573	2199	5261	716045	38740413	2023104	155714245
5340	457	3363	2138	716328	38764607	0	0
5341	2894	4999	8760	716476	38777085	1054058	65709498
5342	363	2453	1583	716709	38797933	725089	39396276
5343	1197	2850	4713	717154	38832224	731660	39877901
5344	1854	3568	5306	717369	38847954	2299370	184659615
5345	1550	3521	3577	717628	38866941	2048939	158698011
5346	959	2855	4267	718359	38914117	861539	50338734
5347	1559	2792	661	718456	38918714	784902	44136809
5348	2534	4258	3085	718549	38923943	1224566	79897561
5349	171	3886	755	718576	38925702	783409	43974103
5350	51	1486	377	718763	38935878	1080058	67796516
5351	3435	3653	2405	718900	38944614	2567526	214144991
5352	21	3528	1169	718902	38944643	870413	51023989
5353	1732	2957	4588	719107	38957120	814792	46465687
5354	97	1598	471	719208	38963184	1042203	64711465
5355	1544	2165	1820	719243	38964569	2535050	210487636
5356	1196	4308	3458	719359	38972124	1349889	90740126
5357	4219	4533	1508	719504	38983393	1679002	122070230
5358	3301	3741	4513	719551	38986836	1500390	104673006
5359	2561	4102	3464	719634	38992762	0	0
5360	166	1885	955	719691	38997436	1483889	103124295
5361	291	1130	209	719723	38999560	2471316	203663634
5362	2950	4892	8793	720629	39057215	820250	46926352
5363	4419	4676	4029	720755	39065328	752061	41421454
5364	739	2651	2292	720797	39068570	749359	41258673
5365	620	4800	489	721460	39116768	0	0
5366	2901	3417	1648	721491	39118250	752969	41471310
5367	408	2606	1051	721612	39125210	1021085	62833193
5368	2215	3244	2458	721915	39140618	889795	52564501
5369	1484	4356	2986	721937	39141702	826385	47446558
5370	697	3985	4901	721947	39142394	1412489	96518046
5371	622	3266	4725	721951	39142575	3529591	332134210
5372	1699	2129	2402	722182	39159005	0	0
5373	3177	4125	6831	722407	39176318	1261399	82820143
5374	2124	4217	5902	722581	39191681	0	0
5375	3043	5125	3959	722607	39194401	2010707	154446642
5376	2565	2968	938	722938	39224747	2727351	232294140
5377	1056	4088	1821	723107	39237994	3069786	273902136
5378	966	1950	2073	723293	39252072	3689035	352809476
5379	964	2302	500	723365	39257054	1252260	82047872
5380	3308	4382	6288	723548	39269403	1121702	71071853
5381	1541	5185	2109	723682	39281282	926079	55190556
5382	1537	5233	1334	723786	39290228	936431	55975271
5383	70	1480	231	723812	39292950	1226061	80018713
5384	1708	3977	4215	723888	39298719	1600479	114679306
5385	2491	4446	3904	724203	39325402	4091880	404093902
5386	455	3787	2477	724487	39347687	2121489	166710717
5387	2536	2921	1346	724502	39349881	1381799	93778838
5388	1038	2394	860	724718	39366878	1209857	78736870
5389	2137	2191	1303	724761	39369541	1034935	63956087
5390	203	5054	2300	724787	39372299	1294739	85643296
5391	1074	4536	9748	725003	39388636	1235798	80741800
5392	534	1583	401	725071	39394639	1411256	96413827
5393	2004	5342	2747	725089	39396276	977778	59233989
5394	3605	4660	2715	725449	39428500	1041716	64663717
5395	31	2507	5727	725624	39441944	2558295	213074260
5396	1245	1304	2236	725907	39465055	1262674	82941972
5397	757	3846	2680	726501	39507657	2447971	200997832
5398	401	4599	3818	726604	39513507	966861	58389424
5399	9	4749	1604	726737	39523865	869510	50945931
5400	2436	4000	1801	727521	39570639	894114	52902392
5401	896	5246	3849	727760	39582809	896131	53054430
5402	665	5252	2713	727779	39583853	1512241	105699821
5403	1378	5214	3913	728128	39603404	919996	54708898
5404	343	4881	658	728156	39604754	826771	47478784
5405	72	4116	2288	728274	39612252	1312330	87336919
5406	585	2912	2460	728418	39621266	1460262	100995190
5407	2287	3873	3219	728656	39634774	3179309	286995648
5408	1012	1579	1328	728946	39651381	1808002	134010248
5409	3933	5334	7225	728966	39652550	991783	60349130
5410	338	1858	1191	728973	39653151	1102425	69520734
5411	4893	5269	11720	729033	39658013	0	0
5412	1725	5025	3744	729391	39691986	1452324	100214244
5413	1116	3437	5571	729680	39716460	739563	40510340
5414	272	1124	459	729773	39724770	1432186	98315909
5415	3157	3366	5779	730129	39756301	783627	43997448
5416	2638	5342	1885	730333	39774878	1653474	119489577
5417	3150	3992	5385	730883	39816582	776096	43347939
5418	2072	4150	7041	731207	39839209	1014802	62252224
5419	2285	5125	7082	731277	39845373	1175195	75531837
5420	4989	5343	12504	731660	39877901	3684697	352040613
5421	2198	4940	3323	731810	39892567	1448050	99820046
5422	3124	4474	5689	732556	39958613	899532	53283536
5423	3177	3901	6283	733000	39993918	1104504	69682963
5424	2456	3288	1766	733021	39995382	1038826	64340981
5425	1974	4810	2919	733171	40007255	1202366	78091377
5426	2623	4396	3212	733488	40031138	1753727	128863251
5427	585	1738	1474	733899	40059295	813264	46344539
5428	874	3864	2844	734096	40071655	1188316	76931959
5429	370	4701	6301	734586	40099667	1190326	77110209
5430	1808	2825	4107	734628	40102141	1324368	88471482
5431	1790	5243	8948	734804	40115763	2043591	158049854
5432	676	2690	9513	735431	40169498	0	0
5433	4196	4695	6351	735894	40205022	3444326	321107812
5434	375	4800	600	736267	40234283	2660326	224623764
5435	3243	5184	4953	736374	40241126	1380095	93628930
5436	529	3518	1402	736405	40244196	774060	43149530
5437	1457	4850	2444	736748	40268423	1113982	70500163
5438	2357	3226	1676	736885	40277513	1337917	89597560
5439	2833	2921	1143	736892	40278171	841422	48694695
5440	1908	3293	4540	737039	40288958	0	0
5441	1753	4422	4754	737235	40302900	1881915	141372258
5442	755	1991	613	737347	40310999	1423892	97576468
5443	364	5011	5453	737416	40315740	1204889	78301576
5444	463	2745	3575	737729	40341874	2317791	186486998
5445	2607	5093	3496	737989	40362060	1601788	114778355
5446	838	4384	2129	738170	40375672	1538721	108356669
5447	775	3968	2540	738275	40383994	1251456	81979810
5448	467	4927	3028	738387	40391439	834900	48155393
5449	226	4964	612	738527	40401891	994225	60549572
5450	4673	5226	7889	738566	40405833	1458591	100797977
5451	3365	3734	7524	738714	40420161	0	0
5452	1906	3981	3661	738794	40428604	4117935	407536308
5453	2480	2517	4177	738901	40440321	1758959	129288668
5454	351	2695	1945	739005	40450305	1268417	83353727
5455	1839	2657	2979	739045	40454129	881003	51851180
5456	267	4646	9442	739232	40472096	877410	51565542
5457	1301	4810	1468	739310	40481291	1126970	71494787
5458	3709	5413	7056	739563	40510340	860101	50209175
5459	2092	3707	4266	739731	40528971	1120570	70975048
5460	578	4394	1458	739942	40551907	1665380	120762335
5461	3295	4595	5167	739986	40556624	1365343	92236993
5462	1455	1813	1987	740052	40565098	858162	50059066
5463	903	1984	1268	740071	40568014	1119800	70912750
5464	1634	5266	7887	740457	40603903	1026575	63313891
5465	1642	1690	486	740614	40623679	1526695	107169689
5466	3053	3968	2505	740962	40658524	1410191	96330268
5467	1427	2070	1867	740979	40660060	1040909	64590195
5468	840	2790	1657	741058	40668484	744131	40879647
5469	381	794	763	741280	40690522	2997009	264329812
5470	1574	2389	5381	741605	40717011	1867252	139892852
5471	135	1683	642	741725	40727091	992095	60371580
5472	3053	3071	1195	742179	40758720	1038826	64340981
5473	3226	3390	4365	742350	40768834	3815731	369277191
5474	90	2897	1439	742382	40770674	1603462	114945908
5475	342	5293	4504	742869	40797481	0	0
5476	2418	4350	5913	742883	40798034	0	0
5477	3868	4377	2290	743060	40810437	954178	57483061
5478	863	3521	3380	743396	40833268	1651771	119351184
5479	667	4846	1022	743510	40841679	924874	55109679
5480	3285	5105	5475	743997	40869845	1151659	73459265
5481	927	5045	11629	744094	40875631	2619466	219835610
5482	5230	5468	5821	744131	40879647	2863429	248730132
5483	3650	5047	7294	744604	40927655	1348546	90619928
5484	1949	3239	5410	744749	40940047	1186042	76674284
5485	1853	2447	3500	744913	40956525	817444	46710943
5486	1840	4561	4860	745240	40985980	2627371	220806774
5487	280	3210	3570	745745	41028655	0	0
5488	2279	3819	3499	745914	41038439	1184127	76462716
5489	1102	2223	966	745919	41038577	1004339	61442142
5490	4840	5055	8217	746020	41046721	0	0
5491	2838	4480	1519	746939	41112773	1656524	119764137
5492	2147	5327	5438	747039	41118477	1831089	136223380
5493	2312	2781	2556	747074	41120526	3911459	380923459
5494	561	2847	1544	747330	41139989	1927777	146014470
5495	1144	5290	1580	747768	41165785	844745	49025388
5496	1998	2435	2992	747968	41177918	1059318	66126175
5497	920	5261	4049	747984	41179001	808032	45954108
5498	1067	2556	1725	748123	41187694	1223081	79780297
5499	29	3574	3963	748516	41211617	3025146	268209227
5500	445	4199	1579	749065	41243625	1156986	73892948
5501	774	5307	3479	749107	41245739	1065870	66697701
5502	493	3122	2664	749284	41255699	1577045	112346979
5503	1579	5364	3296	749359	41258673	0	0
5504	742	814	1118	749508	41267301	927385	55298580
5505	284	4534	1752	749609	41273158	1894067	142675065
5506	1738	4971	4138	749633	41274673	0	0
5507	3243	4510	5906	749757	41283966	3362240	309955755
5508	3315	4640	2879	750759	41351541	786256	44273859
5509	3295	4140	3705	751102	41369415	1011924	61999528
5510	2095	2709	1945	751303	41378623	795224	44963254
5511	2095	4996	3386	751303	41378623	802726	45568978
5512	2709	4996	3403	751303	41378623	828361	47638240
5513	1797	3167	1531	751425	41386582	759095	42008039
5514	1381	3806	1725	751659	41399666	948600	57027964
5515	375	1035	709	751667	41399825	2723705	231822299
5516	837	3334	1924	751786	41405457	1342585	90055669
5517	1582	5363	4373	752061	41421454	1184867	76535725
5518	28	2465	3953	752614	41454491	2015441	154980292
5519	2690	5366	10787	752969	41471310	890533	52608387
5520	541	5113	1191	753044	41475492	0	0
5521	462	3357	9653	753248	41489222	961798	58019449
5522	577	5142	5373	753263	41489908	892054	52728606
5523	4211	4611	3917	753549	41518597	0	0
5524	146	4778	2738	753578	41520781	779629	43630033
5525	865	990	2282	753581	41521015	795349	44974463
5526	3692	4725	2126	753751	41537824	2326391	187432536
5527	3123	4512	4137	753757	41538182	2980096	262299420
5528	660	4979	7699	753987	41560654	885573	52252893
5529	1252	3861	4389	754422	41605738	1285106	84905803
5530	3877	5299	6464	754486	41612127	1327762	88770157
5531	1015	3176	5891	755168	41681441	927112	55271511
5532	1662	2315	992	755388	41704342	1169454	75056336
5533	2534	3814	5515	755707	41729303	0	0
5534	4208	4754	7425	755836	41738985	2115941	166135054
5535	264	926	633	756218	41776698	912751	54191312
5536	3045	3652	2188	756468	41796431	0	0
5537	2530	3802	4215	756786	41819665	953933	57465614
5538	3561	4853	3871	756802	41820377	1901854	143416722
5539	2656	3596	1815	757601	41873928	928352	55387822
5540	3823	3916	9514	757700	41879519	995290	60661428
5541	2750	3964	4049	757988	41899305	758478	41943974
5542	1863	5157	3627	758038	41902523	1945101	147813934
5543	1285	4729	8354	758202	41915938	0	0
5544	112	1967	2510	758268	41921879	1214440	79065530
5545	470	2688	4103	758314	41926757	947470	56923710
5546	936	5541	4301	758478	41943974	0	0
5547	910	2924	3349	758547	41951417	1192903	77290662
5548	2516	3189	2897	758921	41989359	2886018	251003845
5549	507	5513	1963	759095	42008039	0	0
5550	1560	2492	3095	759317	42029439	1246725	81640998
5551	2845	4775	2551	759389	42035787	1054618	65754929
5552	2515	3341	3735	759475	42044281	2383124	193469884
5553	291	851	720	759603	42055093	1608146	115383945
5554	4133	4650	12170	760118	42095674	995090	60637404
5555	2046	5119	4694	760266	42112193	2278740	182579027
5556	1038	3295	2702	760268	42112259	2846239	246466520
5557	1264	2381	929	760428	42127868	0	0
5558	1743	3989	10499	760653	42150757	0	0
5559	2988	3459	3754	761187	42203002	1061907	66347515
5560	1122	1929	3074	761515	42227807	2164382	171288298
5561	2020	5035	4176	762394	42282333	813543	46366095
5562	145	1170	227	762731	42301670	1238271	80951079
5563	543	1027	1251	762772	42303598	1105565	69770667
5564	4622	5263	13873	762928	42310872	2194496	174067601
5565	510	3465	4555	763055	42320567	1135131	72202753
5566	564	5042	2108	763221	42334933	1640254	118423130
5567	683	4852	9386	763381	42346519	1144221	72897886
5568	195	2782	2192	763713	42377531	800573	45410382
5569	1240	3333	2275	763760	42381708	894114	52902392
5570	3706	4992	5265	763797	42385637	1323873	88430520
5571	1498	4601	7670	764242	42427008	1513814	105852936
5572	699	4824	1719	764377	42440239	1782756	131445582
5573	3745	4657	3360	764782	42477681	2885390	250940151
5574	1626	3655	4373	765221	42513259	1833864	136533482
5575	517	4093	1352	765329	42522829	1334056	89220997
5576	1681	2039	3359	765445	42532719	1161039	74324123
5577	2066	2945	2385	765495	42536452	0	0
5578	2821	4504	6905	765759	42558074	1223217	79790255
5579	2011	3254	3375	765896	42572895	951893	57305295
5580	1144	3033	560	766142	42592866	824873	47307311
5581	301	1039	868	766175	42595097	922136	54874699
5582	4000	4970	4275	766425	42614162	953224	57410090
5583	468	4039	2073	766675	42633007	1348938	90658850
5584	4108	4796	10143	766712	42635307	3246529	295806036
5585	968	1591	2837	766872	42649498	961855	58025601
5586	4359	4867	2344	767231	42682155	825264	47338569
5587	186	5045	11564	767543	42709004	0	0
5588	45	3635	1315	767646	42718326	2155664	170241165
5589	184	2113	880	767678	42721373	1659489	120144368
5590	2659	5061	7766	767886	42740340	3297717	302022985
5591	711	793	665	768283	42777424	1024170	63115940
5592	154	4472	5648	768379	42785816	1346745	90452650
5593	3944	4953	4170	768908	42831469	0	0
5594	3421	3793	5848	769248	42859004	2239174	178645586
5595	2551	4474	5093	769329	42866494	1797719	132996732
5596	222	2063	601	769382	42871235	772225	43037889
5597	459	1106	1169	770198	42933882	817406	46708074
5598	829	2480	1454	770387	42945519	1916509	145046743
5599	2068	4224	2279	770693	42962030	0	0
5600	854	1807	3097	770937	42974397	1593291	114013104
5601	1345	3555	6202	771203	42988317	1591023	113731420
5602	1207	1265	2167	772073	43030872	878631	51687986
5603	3717	4590	6469	772163	43034782	4164260	413388273
5604	2470	5596	1438	772225	43037889	1592661	113945493
5605	139	3744	1144	772598	43056853	1002848	61298253
5606	233	5187	2081	772671	43060639	1275385	83997313
5607	2059	3619	3799	772732	43064091	2801721	240396813
5608	1110	3913	3966	772909	43072247	1653348	119478470
5609	603	3615	4402	773071	43083536	0	0
5610	3261	3334	3932	773132	43089133	1405103	95897038
5611	641	1989	1039	773672	43123813	1057828	65999238
5612	3709	4553	1923	773828	43132969	978940	59321392
5613	2322	4003	2724	773941	43139721	969877	58632424
5614	5051	5129	15751	774021	43144439	1364579	92137386
5615	1352	4367	2249	774056	43149414	1003104	61323634
5616	5110	5436	5412	774060	43149530	1137577	72445653
5617	1896	3379	3261	774149	43160241	841605	48708125
5618	861	3930	1258	774541	43205232	1395164	95015241
5619	2688	3410	4329	774566	43207388	1482182	102934716
5620	2558	3937	8318	774781	43227144	873373	51217637
5621	1585	1939	3665	775297	43278249	0	0
5622	1357	2445	1609	775375	43285884	2362827	191048278
5623	1286	2996	2110	775429	43290168	3498467	327597127
5624	1978	4923	3587	775974	43338718	2557224	212983591
5625	3126	5417	6353	776096	43347939	1184867	76535725
5626	3316	4659	5834	776703	43400235	4027876	395738762
5627	284	1341	2010	776748	43403264	0	0
5628	4346	4922	7964	777196	43438126	1945659	147866135
5629	2042	5149	3223	777521	43466904	0	0
5630	340	1203	964	777644	43476056	3358244	309393490
5631	3042	3507	5332	777720	43483702	949838	57131180
5632	630	4239	2324	777746	43486041	880797	51835653
5633	536	1537	543	777857	43495665	1811890	134428257
5634	2306	3230	677	778252	43526836	0	0
5635	460	3106	1276	778400	43537159	837492	48369400
5636	4098	4448	8471	778407	43537564	1973723	150666501
5637	578	1097	806	778586	43551460	819632	46881124
5638	1021	3791	3829	779064	43586328	2199842	174659143
5639	4583	4878	6335	779079	43587469	860875	50280343
5640	1419	3645	2354	779387	43613863	916415	54412364
5641	3976	5524	6963	779629	43630033	875832	51411094
5642	1713	4546	6393	779760	43642709	1815500	134778500
5643	2332	3213	2025	779921	43658111	1863164	139531051
5644	1889	3858	2456	780301	43690093	1008371	61705950
5645	3084	5241	9465	780398	43696862	872789	51172723
5646	4665	5274	2995	780647	43720669	1238503	80970390
5647	2942	3514	3490	780680	43723274	2687002	227586864
5648	3213	4140	1835	780788	43735594	1069466	67027578
5649	499	4461	5490	781059	43764710	2267565	181195596
5650	4404	5073	6417	781188	43777310	1338201	89617216
5651	1449	3922	8034	781373	43797335	1405668	95948096
5652	116	3236	2278	781865	43852292	3503389	328299698
5653	1346	4753	924	781955	43859950	1438912	98990285
5654	716	3320	4470	782442	43898686	1433670	98423653
5655	850	1803	2999	782480	43901588	1324290	88464442
5656	3233	4920	2517	782875	43931983	821062	47006842
5657	2280	3154	3858	782938	43936233	1533706	107912093
5658	620	1911	565	783007	43940557	1716749	125362071
5659	2408	4203	6422	783195	43955722	1716749	125362071
5660	1907	3891	5784	783373	43970776	2926685	255583417
5661	1184	5349	1276	783409	43974103	1360483	91783486
5662	2773	4422	6483	783484	43982786	1412746	96546034
5663	1687	3727	1798	783524	43987411	2940100	257328218
5664	4954	5415	7481	783627	43997448	1750725	128555152
5665	33	2404	882	783667	44001960	1014573	62230760
5666	2765	3305	7470	783812	44017660	2542395	211334870
5667	778	1123	1530	784078	44046497	1511009	105603645
5668	1384	5120	4125	784189	44057574	1351731	90881231
5669	1308	2699	2136	784253	44064306	931734	55630322
5670	1111	4962	5775	784433	44083104	1550487	109481565
5671	2653	2679	3380	784452	44085626	1272873	83768875
5672	3098	4845	4584	784873	44134081	1364330	92116168
5673	2174	2260	6651	784886	44135181	958453	57785977
5674	3287	5347	3480	784902	44136809	1819379	135116768
5675	3243	4787	3156	785315	44185759	1313619	87431825
5676	211	1248	776	785412	44197689	0	0
5677	561	584	480	785471	44203717	2868797	249304924
5678	539	4640	872	785769	44236356	1524539	106911213
5679	2230	2505	2849	786208	44269900	881886	51924536
5680	999	5508	3364	786256	44273859	790987	44607848
5681	1654	4404	2549	787245	44337052	1124326	71285162
5682	3374	4469	1965	787287	44339582	882852	52001623
5683	2267	3389	4645	787313	44341196	2148070	169349351
5684	2606	3714	2046	787390	44345894	1164702	74637717
5685	3364	4051	5141	787558	44358915	885313	52228251
5686	3792	4823	3703	787562	44358989	822878	47162377
5687	1766	2495	1969	788102	44398214	1276905	84116626
5688	1234	2950	3801	788292	44411349	3183195	287473798
5689	4504	5265	6972	788481	44423746	1037081	64138832
5690	735	2188	828	788547	44429097	1177359	75737176
5691	2319	5336	6194	788621	44433872	1087639	68375943
5692	96	944	610	788977	44462207	2599341	217674915
5693	178	484	644	789369	44487169	816134	46598427
5694	3308	4138	4102	789409	44489890	829695	47753009
5695	2032	4254	3403	789732	44511030	1428399	97962411
5696	1064	3209	2657	789865	44519500	1138358	72503670
5697	328	4380	4308	790019	44529620	1096519	69063843
5698	2305	4564	4348	790236	44544981	0	0
5699	1520	2553	4218	790356	44554053	1540996	108568990
5700	2376	2402	7185	790366	44555210	2619791	219871057
5701	1879	3789	2307	790784	44592359	964893	58264809
5702	14	5680	3370	790987	44607848	1394460	94955180
5703	336	1797	927	791040	44612852	1438503	98946780
5704	1034	3292	2461	791390	44641274	1436643	98770442
5705	848	5513	2157	791501	44649063	3061575	272959391
5706	646	3694	4189	791607	44657301	1301601	86329445
5707	3616	4329	7378	792150	44697390	1039125	64380021
5708	3921	4553	4607	792266	44705137	909529	53985665
5709	1730	3907	7065	792271	44705366	0	0
5710	321	1407	501	792310	44708839	862142	50405909
5711	243	5313	2563	792564	44733568	1462967	101272795
5712	4236	5100	9120	793288	44789945	863879	50566082
5713	4577	5110	5815	793477	44806789	3122873	280207920
5714	3186	3542	2351	793522	44811142	1123974	71259577
5715	2572	4219	1301	793659	44826051	806966	45864296
5716	1131	3101	5048	793815	44837148	1876466	140833987
5717	3844	4052	8821	794217	44873209	2105353	164988508
5718	1349	4225	3752	794307	44883265	1057800	65997344
5719	162	1955	1944	794823	44929445	3379826	312274736
5720	126	3233	2328	795029	44945867	1866815	139857049
5721	3866	5143	8184	795064	44948215	1851871	138385638
5722	1117	2058	1218	795141	44955327	1559752	110534608
5723	1920	5510	2635	795224	44963254	806844	45854339
5724	1893	3420	3138	795318	44971741	948075	56975680
5725	2205	5525	3293	795349	44974463	1771897	130566617
5726	1563	4152	3067	795426	44981504	978100	59261449
5727	3092	4883	9099	795637	45005471	1240065	81096129
5728	179	2108	1481	796656	45102198	1621029	116618665
5729	1767	4764	5297	797347	45144491	0	0
5730	1582	2762	3816	797409	45148619	1063626	66465256
5731	819	4631	3613	797572	45158345	1055106	65796128
5732	1324	5077	6331	797587	45159527	1161451	74363558
5733	2585	5199	3609	797634	45163525	1458624	100803359
5734	4367	4726	4663	797872	45187567	0	0
5735	1313	1583	484	798273	45223981	901392	53421156
5736	2724	3980	4586	798392	45233132	1173983	75436558
5737	2230	4669	7893	798414	45234903	800189	45368442
5738	1754	2827	789	798837	45273302	1465424	101471875
5739	934	996	1131	799068	45290845	1254099	82194127
5740	34	758	408	799253	45303455	809314	46063542
5741	1405	4783	2335	799385	45311771	1373269	93055775
5742	846	2479	3252	799509	45319567	0	0
5743	2161	2442	1718	799593	45325515	1201619	78032125
5744	914	1053	1013	799629	45327823	2015342	154967625
5745	1632	5248	3849	799706	45333635	1987241	152020015
5746	1913	2322	2239	800159	45366205	3047288	271040385
5747	2680	5737	10529	800189	45368442	1363814	92070300
5748	237	4543	4445	800254	45373978	944418	56643940
5749	2931	4089	7027	800293	45378930	815293	46510073
5750	2740	5568	3383	800573	45410382	988445	60036599
5751	597	1007	808	801686	45506210	3114993	279204515
5752	1814	2055	1597	802084	45530740	1069188	67009912
5753	3348	4847	8716	802358	45546768	1514034	105878639
5754	352	5511	3735	802726	45568978	1180469	76093063
5755	503	1187	1265	802856	45576807	4021621	394913236
5756	3873	4027	10075	802862	45577023	1502421	104849206
5757	612	4696	2874	803182	45603969	1225899	80005003
5758	1919	4943	8899	803925	45655647	893424	52850614
5759	3287	3441	4004	804008	45661350	835504	48206823
5760	3272	4006	8859	804545	45698829	0	0
5761	2542	4061	2953	804802	45721587	3897578	379219208
5762	2993	3076	2439	804855	45727394	908117	53892214
5763	3285	3479	5051	805365	45768191	930419	55540225
5764	1477	2931	2878	805429	45772172	874748	51337424
5765	1120	1498	920	805718	45792895	0	0
5766	834	1030	1292	806507	45837627	846265	49145809
5767	5258	5295	6716	806681	45845167	2221231	176789717
5768	2809	5723	3519	806844	45854339	829846	47764846
5769	3364	4882	8780	806850	45854479	1002180	61233032
5770	4113	5715	9428	806966	45864296	1435122	98602092
5771	612	4231	1233	807473	45912815	2079750	162239676
5772	1590	4002	2859	807803	45935640	1136207	72320749
5773	348	1664	724	807821	45937296	1032394	63781772
5774	2490	2964	5565	807845	45938722	1396855	95158342
5775	1943	5497	4890	808032	45954108	1319327	88009967
5776	1890	3580	4814	808074	45958149	0	0
5777	1187	3731	1930	808505	45999413	971709	58762916
5778	2709	4035	3891	808829	46026042	2395272	194825125
5779	3465	5180	5121	809053	46043209	1650332	119238077
5780	3295	3416	3502	809131	46049688	1862775	139486039
5781	4155	5740	5729	809314	46063542	955879	57603165
5782	3096	4831	5796	809610	46090226	2141408	168598878
5783	1464	2081	2210	809684	46096985	1414605	96732204
5784	333	2438	877	809982	46123254	861598	50343520
5785	2343	3054	4871	810531	46163632	2534825	210453572
5786	215	3585	4744	810541	46164623	3920383	382069766
5787	717	2484	1162	810853	46187709	1190326	77110209
5788	2153	4140	3770	810895	46190917	1170416	75123454
5789	3433	4170	12777	812337	46270344	0	0
5790	229	5132	4288	812457	46279420	2070577	160968539
5791	857	1560	2974	812808	46309920	1402717	95716592
5792	4505	4627	5912	812837	46311913	1303635	86494050
5793	2835	5427	4809	813264	46344539	1928954	146169198
5794	1047	4556	2469	813448	46358085	2004097	153711709
5795	2364	5561	4411	813543	46366095	0	0
5796	2652	4602	6296	814034	46402447	1980505	151294491
5797	3351	4624	4710	814198	46416014	897579	53154963
5798	3081	5236	8533	814329	46426056	0	0
5799	122	4167	1709	814553	46447420	1440508	99120942
5800	1865	4683	3847	814636	46452722	1464903	101434112
5801	2597	5353	6130	814792	46465687	2312711	185951493
5802	1271	3324	657	815076	46490746	949838	57131180
5803	2570	3217	4487	815264	46507058	1472493	102130983
5804	129	5749	7147	815293	46510073	1850297	138217226
5805	2729	5123	5362	815335	46514152	867028	50785115
5806	2042	2740	1972	815912	46577647	3203846	290224821
5807	2181	4627	5093	815954	46581787	860468	50242061
5808	3266	5693	5126	816134	46598427	2964739	260530098
5809	1507	4897	2776	816370	46621228	1267995	83324967
5810	193	2499	699	816618	46648707	0	0
5811	1532	2599	1958	817015	46679026	1296422	85834415
5812	3541	5597	4383	817406	46708074	2240912	178834424
5813	3276	5485	7341	817444	46710943	880174	51795612
5814	920	4585	3206	817457	46712464	928831	55427738
5815	319	4575	4128	817967	46754716	0	0
5816	1896	4587	2935	818220	46778353	969470	58601278
5817	1301	2168	1338	818580	46804225	1075013	67414235
5818	811	2623	2763	818838	46822856	1009973	61829379
5819	2920	5169	4776	819103	46840682	1555192	110015426
5820	171	1890	353	819116	46841497	0	0
5821	1338	4766	7867	819224	46848237	973654	58908643
5822	59	2979	171	819274	46853030	3066186	273595977
5823	47	2009	945	819518	46872590	1199171	77851400
5824	2119	5637	2341	819632	46881124	0	0
5825	2124	5276	5398	820059	46911467	2198015	174495850
5826	2303	4515	7787	820196	46921856	2022626	155659409
5827	3971	5362	10645	820250	46926352	935043	55843829
5828	651	4531	4279	820514	46953562	3555439	335690694
5829	2710	4031	4510	820801	46981749	987383	59939353
5830	32	3483	1396	820910	46993361	1731742	126737478
5831	4643	5656	3161	821062	47006842	0	0
5832	4391	4508	9002	821682	47064551	1177931	75799754
5833	2532	3845	4143	821887	47083258	1483826	103116877
5834	2724	3583	2075	822110	47105262	0	0
5835	1841	5064	2220	822453	47132355	2473208	203865830
5836	2803	5686	4295	822878	47162377	1651637	119342419
5837	3864	4429	9339	822906	47164453	2530289	209843445
5838	554	1956	1745	823222	47190895	1370291	92793700
5839	1686	3147	3008	823402	47203210	1204552	78277205
5840	1024	4564	3094	823547	47214751	2601107	217828064
5841	1629	1928	7482	823916	47241596	1047178	65211130
5842	830	1504	1765	824092	47254292	1470093	101927666
5843	3288	4196	4556	824245	47266126	2391790	194408584
5844	769	2175	1901	824488	47280816	858726	50103839
5845	1610	5240	6583	824645	47291173	845249	49062000
5846	735	2020	1426	824715	47296287	0	0
5847	3263	5580	2376	824873	47307311	1384894	94068723
5848	3527	3832	5529	825047	47318968	1051745	65553106
5849	5105	5315	6687	825116	47324534	951174	57241206
5850	238	1919	247	825235	47335750	1168470	74963246
5851	4734	5586	5369	825264	47338569	1887850	141964436
5852	246	2103	1654	825397	47352816	1474439	102275347
5853	1442	3471	4341	825525	47365435	2791999	239359539
5854	730	1154	1270	825532	47366329	1440989	99154745
5855	1987	2498	2257	825842	47397006	903390	53565976
5856	133	1890	267	825857	47398148	0	0
5857	1445	5132	4434	826077	47418216	912123	54141490
5858	3292	5369	4486	826385	47446558	1986063	151883488
5859	2240	4436	5765	826746	47476762	3592247	340219966
5860	1576	5404	1383	826771	47478784	1035050	63968588
5861	1517	4380	5461	827000	47499448	2846239	246466520
5862	287	788	1474	827131	47510269	3045217	270784090
5863	3844	4302	15780	827141	47510808	841722	48717302
5864	2317	3715	6622	827318	47528498	0	0
5865	2594	5749	10299	827502	47550133	2128869	167538424
5866	4053	5512	10419	828361	47638240	0	0
5867	554	5025	2510	828666	47667692	1081816	67927017
5868	3824	5149	5672	828830	47682868	1563960	110981693
5869	680	884	354	829307	47724461	1314319	87488091
5870	803	1664	464	829439	47734548	984407	59725177
5871	181	5694	4133	829695	47753009	3718076	356774716
5872	1197	4309	3286	829836	47764126	953063	57397327
5873	5235	5768	5573	829846	47764846	1550918	109528943
5874	1841	5280	3425	829944	47774273	2054081	159244465
5875	1962	4334	2003	830175	47795318	1622484	116748259
5876	2703	2790	3474	830208	47797947	931093	55589238
5877	2981	5244	3528	830690	47835324	1027499	63393056
5878	1714	4102	3067	830780	47842460	2005268	153804449
5879	537	1784	1471	831441	47890306	1758012	129185934
5880	3105	3831	2593	831526	47895478	1233679	80600023
5881	2241	3115	6682	831726	47908215	896557	53082303
5882	867	1489	1707	832046	47930405	1062332	66378076
5883	2430	2674	2389	832166	47937755	1949165	148235132
5884	280	379	791	832254	47944819	0	0
5885	410	1260	954	832263	47945706	1441133	99164207
5886	3323	3915	2297	832396	47954238	0	0
5887	2331	3511	2438	832525	47963476	881503	51895432
5888	2552	4883	7428	832547	47964827	0	0
5889	1606	1943	2679	832585	47968278	2113001	165873046
5890	1249	3249	1601	832806	47984686	3018920	267502919
5891	64	1920	763	833178	48010864	1084024	68085431
5892	3016	3088	2653	833302	48018822	1707555	124575987
5893	19	5335	1900	833371	48023582	966861	58389424
5894	2452	4227	5417	833523	48034208	958649	57801427
5895	4601	5107	9404	833542	48035831	1306043	86714313
5896	2293	4605	1871	833565	48037651	1103596	69606294
5897	169	5238	1704	833891	48067223	2454629	201752611
5898	659	3433	11060	834259	48095752	1831609	136295334
5899	1830	4343	1924	834388	48107338	1844592	137654193
5900	338	3826	5018	834395	48107728	2936926	256898726
5901	3083	5448	4601	834900	48155393	2478323	204431616
5902	3522	4599	5485	834961	48161153	883744	52082534
5903	563	5759	4666	835504	48206823	1510632	105576892
5904	546	1445	491	835858	48234663	863715	50554103
5905	2472	2538	1094	835890	48237263	851682	49550342
5906	839	4305	8088	835929	48240036	939531	56239670
5907	279	1951	1473	836084	48255105	2540659	211135827
5908	1595	3501	2432	836162	48262170	1016026	62374834
5909	2072	4240	5296	836413	48285067	2426693	198443984
5910	308	1322	1207	836879	48325608	3156362	284068702
5911	337	2583	1246	836923	48328747	1370022	92763670
5912	59	1665	185	837103	48341566	872425	51149379
5913	331	3873	3065	837168	48346941	1060349	66216797
5914	1608	5309	3858	837284	48354799	910462	54048445
5915	5003	5635	4156	837492	48369400	0	0
5916	306	4303	5684	837742	48389421	1175463	75558579
5917	3065	4610	5380	837787	48392815	848462	49318362
5918	559	2376	6805	838525	48452079	3313929	304112753
5919	263	3357	9683	838530	48452270	1167588	74871245
5920	119	2494	3073	838873	48482487	1313619	87431825
5921	5166	5268	7677	839052	48498222	968894	58552861
5922	492	5284	5614	839381	48527779	1107765	69962537
5923	815	2446	1904	839693	48556588	1514034	105878639
5924	2653	3533	4053	840124	48589584	1156864	73882557
5925	3042	3564	10015	840245	48599454	1042203	64711465
5926	2533	5226	3633	840460	48620971	2800978	240300627
5927	2227	4268	4011	840815	48649257	1242147	81262014
5928	3307	3457	2537	841312	48687723	1013656	62140734
5929	791	5439	1270	841422	48694695	2887804	251180751
5930	1182	2981	1198	841602	48708100	929645	55487310
5931	1188	5617	3618	841605	48708125	1570641	111609995
5932	4870	5863	20810	841722	48717302	1884585	141578867
5933	398	5305	2195	841825	48731150	0	0
5934	4758	5121	7124	841854	48735271	1109465	70120210
5935	3821	4927	6984	842450	48818025	1086961	68318483
5936	1395	3309	4045	842946	48868088	854971	49803023
5937	4799	4973	6765	843020	48875443	1700217	124004096
5938	774	2410	1885	843732	48951015	1142127	72763895
5939	1231	4229	3375	843814	48958477	1225899	80005003
5940	384	879	690	843850	48961242	2184484	173011045
5941	1403	3797	3880	844439	49004846	0	0
5942	2664	3087	3834	844567	49013337	1611207	115697294
5943	1307	1604	1833	844575	49013948	1413083	96585779
5944	48	5141	231	844601	49015711	2024805	155935715
5945	1054	5495	3628	844745	49025388	1024398	63138125
5946	778	5845	6890	845249	49062000	1295812	85766856
5947	648	2987	1163	845290	49065807	1030854	63673920
5948	867	1657	1494	845451	49079752	1302704	86423376
5949	28	3440	2115	845506	49083419	1519835	106501159
5950	791	1549	943	845569	49088315	3057312	272334369
5951	2599	5089	3189	845647	49093417	0	0
5952	861	2791	2433	845667	49094865	0	0
5953	338	3407	4023	845956	49117688	986694	59892870
5954	3399	4674	8619	845995	49120816	861605	50343662
5955	2046	5766	3370	846265	49145809	0	0
5956	2196	2471	4538	846541	49171813	868795	50881726
5957	240	1731	1002	846595	49176704	0	0
5958	3091	5261	3479	846621	49180175	3220040	292381721
5959	291	1556	648	847641	49257277	1507024	105243436
5960	1554	4498	8168	847815	49266148	2853851	247502779
5961	4144	4877	5448	847971	49277911	1023220	63008459
5962	2847	4999	7908	848292	49303254	1089511	68547420
5963	4729	5917	13571	848462	49318362	1058372	66036411
5964	1207	5326	5872	849180	49382526	943693	56588824
5965	1165	1996	2613	849550	49411473	1617117	116273899
5966	10	3449	302	850079	49447634	0	0
5967	1942	2541	2570	850393	49465613	1153300	73559727
5968	2514	3596	2759	850405	49466266	2131054	167798423
5969	4541	5337	8894	850866	49491034	1338868	89688387
5970	577	709	209	850899	49492930	0	0
5971	429	4083	3368	850914	49494116	861727	50358052
5972	3236	4694	3908	851175	49512094	3446570	321486069
5973	232	4575	4089	851254	49518062	881902	51925915
5974	3423	5270	4794	851452	49531139	1512646	105734435
5975	856	1566	2059	851659	49548183	0	0
5976	2995	3550	914	851670	49549326	4175930	414854075
5977	4691	5905	3090	851682	49550342	0	0
5978	760	3288	938	851699	49552003	2336170	188423065
5979	215	4936	1939	852055	49578977	1492714	104020983
5980	3605	4621	9642	852181	49589414	1087670	68378980
5981	1527	4360	3895	852220	49593729	856233	49905505
5982	1281	2805	1983	852250	49596405	1510632	105576892
5983	139	4065	4064	852660	49638381	1197323	77680290
5984	1966	2603	3596	853086	49675117	1128038	71598276
5985	2838	3951	2996	853116	49676741	1398761	95336346
5986	178	1673	524	853395	49698323	1231179	80410443
5987	2453	3295	3731	853462	49702131	2149355	169492235
5988	662	4689	4243	854476	49768380	1345546	90352778
5989	427	3464	4365	854501	49769373	1356218	91322527
5990	1499	2661	2650	854662	49781355	2587025	216227108
5991	335	691	410	854878	49796071	1349663	90724294
5992	896	1557	1430	854906	49797983	2002873	153621163
5993	2131	4416	2398	854918	49799467	1103190	69573488
5994	4427	5936	5204	854971	49803023	1046966	65193291
5995	2698	4132	4126	855099	49814136	3661308	348791610
5996	5025	5283	5796	855124	49816586	2909978	253839043
5997	752	1142	750	855325	49835636	1486696	103446105
5998	3346	4594	4034	855962	49885740	1744388	128019628
5999	268	1783	2861	856060	49892161	1133732	72069728
6000	2193	5981	6478	856233	49905505	1565715	111133384
6001	924	4927	3701	856293	49909277	1214392	79062517
6002	3186	3271	4398	856543	49930640	0	0
6003	2672	4447	2601	856702	49944769	991062	60297014
6004	4914	4936	4984	856822	49954949	1091212	68711051
6005	2952	4247	2717	857123	49980498	1153936	73602136
6006	545	5363	4260	857420	50006430	2880067	250453016
6007	737	3318	2404	857748	50031283	2314302	186116416
6008	1397	5050	1534	857799	50035029	2404526	195883353
6009	2296	5462	5350	858162	50059066	0	0
6010	1171	3185	1365	858216	50062729	1667847	120988265
6011	3001	5497	7533	858323	50070970	1302213	86379446
6012	3604	3933	4329	858546	50089418	1256874	82417715
6013	1494	5844	3611	858726	50103839	1577726	112414945
6014	2697	4315	2602	859073	50131621	1480573	102763617
6015	160	3288	739	859336	50150737	0	0
6016	718	739	1236	859352	50151894	1923595	145691525
6017	852	3125	2894	859363	50153052	878623	51687522
6018	1959	4681	2531	859400	50155657	0	0
6019	1165	2049	1517	859744	50182449	1005819	61547979
6020	4799	5347	5391	859808	50186931	0	0
6021	5120	5458	9830	860101	50209175	1168470	74963246
6022	5253	5807	9802	860468	50242061	1255103	82256921
6023	1318	5639	7192	860875	50280343	1624679	116922203
6024	964	2071	940	861267	50318751	1023644	63063474
6025	1976	5346	4537	861539	50338734	0	0
6026	541	5784	1320	861598	50343520	892881	52810987
6027	3994	5954	9888	861605	50343662	1165123	74673377
6028	1166	5971	3982	861727	50358052	1416247	96849049
6029	1906	2478	3347	861802	50365102	886259	52325128
6030	2612	4921	8361	862028	50390244	1329717	88902585
6031	3315	5710	2762	862142	50405909	1062457	66386935
6032	2433	2806	4031	862273	50420141	1830238	136124891
6033	1391	3912	3719	863597	50545964	0	0
6034	4564	5904	2689	863715	50554103	3951151	385848184
6035	3890	5712	11863	863879	50566082	2935942	256775605
6036	1802	1952	2628	864157	50591116	1396544	95129664
6037	4002	4282	6788	864329	50607961	2581114	215559803
6038	1911	3281	1402	864492	50623400	0	0
6039	168	631	440	864804	50649782	0	0
6040	1060	3279	3000	864849	50653361	988445	60036599
6041	37	4192	1939	864900	50658577	1423456	97533712
6042	4865	4878	3032	865132	50678941	1463325	101303945
6043	3280	3786	1998	865308	50693010	1986079	151884790
6044	781	2090	813	866113	50744704	0	0
6045	3914	3995	2836	867002	50784193	1948713	148188576
6046	1065	5805	6097	867028	50785115	3635877	345473010
6047	289	1261	302	867475	50809120	1778808	131112853
6048	1345	4261	1698	867552	50812574	958495	57789676
6049	3351	3565	2372	867657	50818212	2518824	208569141
6050	3411	3804	3068	867720	50821000	0	0
6051	2283	2431	1535	867836	50826520	1301296	86309014
6052	504	4254	2187	868197	50843997	1833705	136520202
6053	1141	4098	4829	868316	50849788	923840	55015758
6054	1217	1352	1464	868439	50856510	1771637	130547105
6055	156	1134	523	868467	50858099	1207066	78513810
6056	2433	4445	6942	868514	50860804	3307230	303252609
6057	3855	5137	6976	868683	50872142	0	0
6058	3612	4097	5219	868697	50873133	1021363	62852250
6059	1619	5956	4858	868795	50881726	883032	52014282
6060	419	5317	3674	868801	50882707	1123974	71259577
6061	3041	3231	4746	869316	50929202	1338223	89619368
6062	4049	4706	4048	869410	50937317	4421853	447732326
6063	676	5399	1978	869510	50945931	968018	58481158
6064	2644	2775	2418	869599	50954274	2097344	164121127
6065	1366	2906	2358	870120	51001718	1875636	140762915
6066	123	838	646	870131	51002379	987967	59993449
6067	243	5352	1202	870413	51023989	1345869	90380579
6068	4397	5278	4367	871039	51065533	966634	58374283
6069	1076	4372	906	871252	51079308	2081828	162492104
6070	2804	3419	3908	871357	51085054	998180	60932067
6071	2457	5085	1245	871598	51101326	1023989	63099642
6072	1760	3061	3801	871744	51109844	934955	55836359
6073	3755	4153	5465	871924	51119648	1372156	92950902
6074	4974	5912	2530	872425	51149379	0	0
6075	2895	4338	5002	872484	51152736	1258874	82596721
6076	743	5645	10201	872789	51172723	1611101	115687819
6077	1222	3605	2533	873048	51192157	891833	52706130
6078	1251	5132	5669	873073	51193344	1673706	121574393
6079	2842	4436	5710	873338	51215324	1321542	88204621
6080	3289	5620	9199	873373	51217637	1002468	61260288
6081	1848	3244	2240	873803	51263852	910480	54049224
6082	3417	3993	4346	874006	51282137	2404382	195867635
6083	532	5764	2915	874748	51337424	1251774	82003757
6084	2771	4812	3474	875069	51358112	1482123	102928925
6085	2169	3482	3320	875121	51361795	1404908	95881003
6086	135	3746	1399	875371	51377865	3831113	371114145
6087	1992	5347	1723	875377	51378085	900111	53324470
6088	3374	3834	2403	875471	51385690	1632673	117689721
6089	3562	4358	3736	875528	51389429	955550	57579509
6090	325	3784	3397	875751	51405235	1413083	96585779
6091	3137	5641	10036	875832	51411094	0	0
6092	2603	5078	5670	876441	51467123	0	0
6093	4290	4657	3599	876454	51468165	1448706	99880964
6094	3357	5009	10811	876574	51480798	1949109	148228541
6095	1474	3386	4195	876586	51481396	1036626	64101869
6096	4465	4482	4408	876931	51516535	1309050	87056955
6097	5077	5456	15268	877410	51565542	0	0
6098	561	2544	1436	878567	51683355	1696756	123641329
6099	4640	6017	3512	878623	51687522	1132190	71939800
6100	3298	5602	2428	878631	51687986	3280290	299799948
6101	2940	5346	5164	878911	51710208	0	0
6102	65	438	222	879151	51729579	1301186	86302017
6103	549	1901	1126	879270	51738914	1010670	61895536
6104	750	4315	1408	879569	51761601	1066612	66779435
6105	2865	3356	1254	879910	51780769	0	0
6106	507	5813	7773	880174	51795612	1576649	112306591
6107	786	4618	1877	880617	51824307	951556	57274726
6108	1887	5632	2852	880797	51835653	4066399	400972461
6109	2462	3567	9490	880854	51838695	1792764	132473590
6110	3453	5455	5231	881003	51851180	971495	58745063
6111	2070	5228	3738	881062	51856513	2635818	221784035
6112	1777	5887	3495	881503	51895432	1132994	72000084
6113	254	2121	1581	881874	51923821	0	0
6114	1058	5679	2968	881886	51924536	3209747	291006639
6115	1857	5973	5190	881902	51925915	1192634	77262001
6116	3247	5682	2573	882852	52001623	942149	56485381
6117	1369	4977	879	882892	52003863	1714039	125098197
6118	4709	5266	8795	882912	52005614	3547612	334683763
6119	3961	6059	9286	883032	52014282	1034935	63956087
6120	1348	3027	2828	883378	52050198	1398359	95299860
6121	3055	4044	2821	883437	52056481	1037618	64193164
6122	179	5048	1609	883515	52062854	1742784	127846852
6123	1724	5902	6988	883744	52082534	1496607	104371896
6124	1798	2936	3072	883833	52091891	0	0
6125	2280	3859	4282	883944	52101767	3422352	318176344
6126	892	5221	4766	884311	52137452	1539495	108429575
6127	2770	3745	1530	884749	52177044	2215935	176303099
6128	558	5263	7675	884786	52179411	0	0
6129	4158	5686	6485	884948	52193357	1209411	78705340
6130	2455	5685	6491	885313	52228251	1603931	114992212
6131	3067	4099	4130	885434	52241356	1250858	81931650
6132	3261	5528	9981	885573	52252893	994216	60548936
6133	2266	3342	1790	885840	52284950	3926734	382747978
6134	180	4075	434	886004	52301683	2465881	203041115
6135	799	6029	3839	886259	52325128	1373663	93088260
6136	426	2103	1917	886386	52337507	1005826	61548246
6137	2385	4904	4608	886768	52371652	1459517	100906675
6138	1503	3663	3238	887068	52397253	4290578	430092692
6139	704	1023	670	887501	52430124	1939579	147276739
6140	12	4540	2212	887790	52449871	1574833	112112225
6141	546	2739	1121	888056	52465612	1956694	149029230
6142	1748	4234	3734	888221	52475663	2040455	157665340
6143	1974	2393	2216	888678	52500878	2069155	160799842
6144	781	2815	2645	888808	52506661	1617117	116273899
6145	3578	4123	4731	889047	52518819	907161	53820864
6146	1603	3620	4505	889173	52526854	1153821	73591768
6147	1590	5805	6230	889539	52548196	1741852	127750410
6148	1989	5368	3201	889795	52564501	3332376	306354907
6149	2252	4196	6020	890204	52588411	922949	54938528
6150	574	1661	1732	890441	52603186	1276674	84098605
6151	2620	3348	3145	890453	52604098	1564348	111016202
6152	918	5519	11789	890533	52608387	891833	52706130
6153	2204	4858	3596	890851	52635116	2284368	183133341
6154	304	1833	1606	891437	52676828	1022127	62903992
6155	4863	5251	3193	891468	52680176	1075243	67426478
6156	483	494	271	891619	52690733	1016708	62434076
6157	6077	6152	14322	891833	52706130	1126445	71432972
6158	2564	5522	7633	892054	52728606	1758094	129194193
6159	3180	3729	1101	892156	52739380	917215	54480616
6160	383	6026	1488	892881	52810987	2250566	179762340
6161	1670	2213	1078	892928	52815766	0	0
6162	1159	1830	767	893046	52824822	0	0
6163	3006	5758	10261	893424	52850614	3901066	379727824
6164	243	2744	2760	893650	52869855	1986402	151917153
6165	1545	3121	1085	894001	52894469	1938557	147155373
6166	104	3491	2975	894081	52899670	1790822	132322042
6167	5400	5569	4076	894114	52902392	1758899	129281647
6168	3731	3813	4148	894228	52912088	1457048	100665355
6169	3990	4843	5820	894796	52958448	901465	53425304
6170	4319	4420	2182	894799	52959005	984106	59701633
6171	2890	5314	7652	895613	53017206	1513065	105775223
6172	3071	3418	3054	895811	53032557	2378873	193004972
6173	1876	3448	1836	896035	53047909	1110674	70242456
6174	4147	5401	4291	896131	53054430	1220738	79600351
6175	2879	5881	7797	896557	53082303	0	0
6176	173	2689	890	897056	53120645	1947431	148044373
6177	858	3956	7480	897065	53121042	1560400	110608114
6178	438	5797	4920	897579	53154963	976233	59126709
6179	790	1089	913	898157	53194580	2474033	203965115
6180	2919	5131	5458	898477	53211183	2890772	251445861
6181	3850	4807	9897	898739	53227784	1283631	84758249
6182	1890	3879	2716	898933	53243573	987481	59946483
6183	325	5422	5914	899532	53283536	920568	54749319
6184	1521	3600	4951	899827	53305013	2078829	162113038
6185	255	6087	1895	900111	53324470	1255629	82304226
6186	4009	4084	7115	900153	53327283	1523028	106755599
6187	1871	3363	3335	900330	53343690	0	0
6188	4092	5329	1840	900338	53344273	1079021	67702884
6189	1768	3186	2168	900964	53395919	1113511	70466307
6190	4860	5735	3372	901392	53421156	2376637	192766932
6191	1351	3893	995	901448	53424394	0	0
6192	433	6169	6158	901465	53425304	1105479	69762374
6193	2869	3006	2377	901567	53432937	0	0
6194	1437	3371	3158	901668	53441497	1158324	74015954
6195	287	2811	5617	902056	53470470	1818267	135020772
6196	1100	3917	2155	902179	53478944	1157204	73911702
6197	642	4021	5204	902554	53505784	1016940	62454919
6198	1343	3582	1755	902699	53515270	2532051	210075600
6199	831	3100	1387	902719	53516661	4432676	449113920
6200	697	4765	9421	903116	53541810	1844587	137653735
6201	1703	5855	3198	903390	53565976	2038093	157418010
6202	2548	3439	7207	903708	53590476	3165140	285159147
6203	1036	2686	3316	903770	53596003	2265167	180942483
6204	2462	5513	3959	904390	53645941	1765984	129968866
6205	1339	5035	3567	904419	53648066	1229028	80228034
6206	4026	5235	4971	905484	53714191	1313668	87436441
6207	3078	4654	3347	905560	53718291	1025494	63238196
6208	1150	4904	4070	905980	53739299	2791508	239314945
6209	584	4647	4996	906124	53746653	980697	59447525
6210	629	3545	1902	906324	53758255	0	0
6211	2160	3110	4568	906393	53762180	1289076	85241422
6212	2934	4150	5769	906413	53763845	1596169	114289533
6213	3125	4919	3935	906668	53782183	0	0
6214	4347	5244	7236	906772	53789093	1805685	133737493
6215	1733	3047	4778	906994	53808341	937279	56045510
6216	2954	6145	5216	907161	53820864	1178754	75909074
6217	3	2843	1232	907473	53846338	1335959	89432457
6218	608	619	1635	907773	53868606	923554	54991309
6219	2565	5342	1898	908029	53885800	3101993	277793961
6220	1344	5762	2813	908117	53892214	909009	53951289
6221	874	3064	5614	908410	53911455	3800364	367468482
6222	673	4855	5118	908841	53940048	0	0
6223	286	6220	2870	909009	53951289	1035974	64045341
6224	2248	2881	2164	909236	53966282	1746637	128219109
6225	1061	5708	5213	909529	53985665	2558295	213074260
6226	3417	3600	4709	909531	53985884	3203915	290232914
6227	5693	5914	4502	910462	54048445	1034001	63886871
6228	586	6081	2604	910480	54049224	2179801	172611551
6229	317	4616	1107	910646	54060405	2624572	220445562
6230	110	2766	4745	910719	54064721	1446210	99653541
6231	1709	4920	1104	911074	54086341	1126718	71467215
6232	553	3695	1829	911538	54111880	3173737	286332438
6233	2540	4182	5997	911717	54120222	1902735	143520655
6234	3044	6017	4718	912023	54135263	1796881	132896842
6235	1391	5857	4556	912123	54141490	1130516	71817528
6236	4251	4254	8949	912129	54141912	944518	56654091
6237	1810	6029	4483	912137	54142281	3546035	334466850
6238	2767	3789	4608	912423	54165790	1351429	90853720
6239	1649	5535	1010	912751	54191312	2790436	239216103
6240	2488	2678	2645	913304	54227293	2848558	246796293
6241	2165	3391	2380	913353	54230586	0	0
6242	2379	2469	2623	913557	54243256	2120481	166609244
6243	219	1612	1036	913759	54255134	992773	60424047
6244	584	1947	2098	914194	54279747	2048597	158652927
6245	4125	4872	6787	914223	54281326	1186042	76674284
6246	34	4735	1779	914553	54300149	1077093	67568999
6247	2452	4974	6053	914802	54312978	1913192	144705538
6248	1250	4105	5036	915341	54341564	0	0
6249	2742	5199	3933	915380	54343917	2835436	244917036
6250	1946	5021	1363	915661	54360657	0	0
6251	3230	4898	1656	915921	54375167	0	0
6252	4084	4119	10932	915976	54378012	0	0
6253	1440	5072	12313	916168	54389947	1584394	113009478
6254	2542	4674	7968	916185	54391479	964446	58233011
6255	5640	5723	4989	916415	54412364	1358796	91603788
6256	1436	1779	1131	916452	54416070	1232770	80538717
6257	190	5048	1637	916760	54441703	1126346	71424854
6258	1708	1913	3005	916800	54444886	4045351	398099604
6259	187	1520	1568	916909	54454173	1117059	70735433
6260	743	6159	1837	917215	54480616	0	0
6261	1701	4778	4432	917220	54480904	1369568	92723640
6262	3807	4160	5539	917256	54483824	1022954	62975035
6263	2333	4012	4105	917327	54490806	1497365	104433052
6264	2270	3768	7667	917400	54498649	1022952	62974947
6265	942	1533	5388	917427	54500907	1111310	70302623
6266	3461	4714	926	917716	54538031	1204552	78277205
6267	810	5086	1832	918725	54633965	1247640	81704238
6268	2968	3682	2502	919467	54677268	1765984	129968866
6269	996	4333	4740	919561	54682175	1525821	107064088
6270	396	5403	4064	919996	54708898	993094	60450745
6271	2172	3359	5059	920207	54722042	1346752	90452876
6272	152	3444	2500	920220	54722642	1905781	143956922
6273	1423	2500	3240	920561	54749071	2648465	223138641
6274	3430	6183	7058	920568	54749319	3157550	284186495
6275	2462	3653	2522	921178	54798380	1099521	69284658
6276	1636	5323	7651	921319	54808632	1090234	68619073
6277	3733	4436	5992	921332	54809802	3212503	291345102
6278	1189	1962	1484	921391	54815681	925685	55164260
6279	2115	2277	1737	922111	54872469	992568	60409932
6280	1973	5581	1035	922136	54874699	1256074	82345462
6281	4576	4921	3029	922233	54880700	1968717	150114958
6282	1394	2736	2405	922263	54882238	0	0
6283	2552	2943	2295	922335	54888346	2106783	165167283
6284	767	5981	4765	922440	54896913	0	0
6285	2623	5240	4732	922821	54929071	1856111	138855755
6286	1691	2900	4311	922901	54935132	2153252	169930721
6287	1682	6149	7546	922949	54938528	1063933	66488026
6288	218	4677	3732	923047	54947421	1018460	62593637
6289	2267	2530	3753	923489	54984427	4239175	423253483
6290	1702	6218	2741	923554	54991309	0	0
6291	4043	4739	1941	923740	55008022	0	0
6292	5759	6053	8833	923840	55015758	1097624	69143933
6293	562	5155	4317	923950	55026468	1635459	117887825
6294	500	4450	1164	924014	55032139	1154107	73617761
6295	1124	5479	1431	924874	55109679	1133116	72010252
6296	1212	3020	1213	925020	55119285	2826771	243771368
6297	784	2750	1637	925341	55140835	1038929	64353418
6298	110	2768	507	925619	55160272	1136045	72303079
6299	1962	6278	2759	925685	55164260	1987241	152020015
6300	62	4489	4321	925798	55170630	1156291	73829364
6301	4887	5381	7398	926079	55190556	1611732	115749977
6302	1605	2282	840	926351	55211526	1255669	82306996
6303	1083	2304	3795	926379	55213908	2192076	173807668
6304	3144	3759	5377	926387	55214599	1175334	75543941
6305	2326	4499	2674	926606	55231329	1338223	89619368
6306	1571	2088	2080	926771	55244808	933768	55754041
6307	1545	1808	2820	926931	55255853	1170416	75123454
6308	1425	3441	2049	927083	55269243	952322	57338363
6309	4351	5531	9007	927112	55271511	3435925	319801676
6310	1841	5308	2327	927115	55271607	973965	58935130
6311	4113	5504	9245	927385	55298580	0	0
6312	3404	4337	2998	928104	55365578	962805	58117938
6313	3607	4912	3041	928263	55379479	1114489	70535150
6314	2998	5539	2871	928352	55387822	0	0
6315	4179	5814	9199	928831	55427738	1354227	91105412
6316	1643	2258	1332	929628	55486050	0	0
6317	3577	5930	3908	929645	55487310	2185502	173098355
6318	2970	3626	4210	930214	55526111	1032746	63800727
6319	67	5286	4405	930259	55528698	2049015	158707005
6320	3646	5763	5290	930419	55540225	1043307	64818844
6321	690	1349	1354	931018	55584727	954248	57487920
6322	3588	5876	5956	931093	55589238	0	0
6323	463	2021	3196	931708	55628652	1172925	75320375
6324	3951	5669	3927	931734	55630322	1167588	74871245
6325	2159	3256	1177	931937	55644586	1771724	130553218
6326	1872	3642	3038	932092	55653693	3712651	355983651
6327	1916	5203	4158	932413	55672250	1441952	99228199
6328	857	3704	1559	932545	55681194	970866	58703249
6329	265	3395	1036	932561	55682374	1198069	77749907
6330	1276	3864	3175	932673	55690755	1196046	77559252
6331	2343	4597	4911	932987	55711164	1019737	62709903
6332	1222	2057	1371	933311	55730070	989634	60160332
6333	1734	2568	2446	933575	55742935	1356577	91363136
6334	2944	6306	2663	933768	55754041	1445562	99584783
6335	3042	4157	7763	933929	55762971	2469126	203422984
6336	2001	3311	6941	934186	55779906	994945	60623157
6337	3094	3487	5183	934687	55814735	1075788	67460691
6338	2105	4796	5198	934709	55816553	1192667	77264322
6339	2204	2696	2517	934908	55833042	1998983	153336627
6340	1185	6072	4729	934955	55836359	2297194	184437421
6341	464	784	418	935019	55841454	0	0
6342	4039	5827	12513	935043	55843829	0	0
6343	1079	3302	3255	935421	55886355	943273	56563656
6344	2058	5271	2994	935720	55911914	4220542	420879229
6345	559	1669	1747	935831	55922478	1018773	62622452
6346	3500	5292	2489	935941	55933765	1214702	79088871
6347	31	3388	947	936344	55968887	938648	56171579
6348	2354	5382	2257	936431	55975271	992123	60374138
6349	1150	3661	5384	936508	55981385	4448752	450989510
6350	2935	3303	2868	936649	55993317	0	0
6351	323	1729	1503	937191	56038266	2449973	201223623
6352	5198	6081	4464	937205	56039446	1473392	102203595
6353	5221	6215	8469	937279	56045510	1656230	119731065
6354	4204	4332	5238	937325	56048505	2450754	201318311
6355	1956	3386	5103	937688	56085677	1277339	84160858
6356	3361	4709	4597	937886	56103140	1538110	108294560
6357	4226	5125	4400	938244	56137291	1412356	96506113
6358	3238	6347	2213	938648	56171579	3844361	372719519
6359	813	2251	3897	938900	56190501	2313931	186078125
6360	909	6220	3297	938943	56193753	1281545	84562946
6361	1449	4782	3936	939034	56201330	1706714	124506335
6362	1675	2844	3220	939211	56215620	1075523	67443302
6363	358	4139	939	939328	56224643	1142365	72780504
6364	384	5906	8297	939531	56239670	1244549	81459950
6365	2744	5012	9525	939942	56273852	4241112	423427284
6366	1213	4817	6856	940094	56290063	1903557	143651560
6367	1811	4373	2791	940130	56294221	1046400	65148685
6368	1620	4961	4084	940478	56328949	1007514	61652579
6369	748	962	2058	940678	56348273	2868072	249224503
6370	2868	4903	6190	940890	56371067	4030645	396194702
6371	3305	4788	6020	941092	56393321	987967	59993449
6372	2066	3522	2649	941293	56411965	2722396	231660400
6373	4946	6116	3149	942149	56485381	0	0
6374	3706	4160	5759	942336	56499710	2159211	170669395
6375	909	3073	2790	942624	56523293	992568	60409932
6376	3235	4471	2102	943099	56553972	0	0
6377	5602	6343	5422	943273	56563656	1172496	75277515
6378	866	5964	6117	943693	56588824	3077956	274792562
6379	2854	3538	2778	943758	56593948	2153252	169930721
6380	3201	5511	4923	943857	56601001	1914547	144861526
6381	44	1275	391	944112	56620253	0	0
6382	4681	4998	5966	944191	56626116	1415446	96794701
6383	1026	2779	4635	944396	56642188	1511009	105603645
6384	2438	5748	5271	944418	56643940	2649064	223217614
6385	5912	6236	9134	944518	56654091	2371996	192190560
6386	1343	1626	579	944924	56695511	3044587	270703020
6387	3876	6236	11102	944930	56695820	3153646	283804862
6388	4080	4168	12436	945115	56716360	1867252	139892852
6389	2301	3051	1794	946080	56815167	1206127	78404714
6390	4837	5368	4560	946293	56831161	1167476	74862224
6391	704	2882	1920	946455	56843936	2556150	212878594
6392	2081	5167	5107	946683	56861420	3562846	336597332
6393	2270	5260	10259	947138	56895029	1044699	64973134
6394	718	5545	4736	947470	56923710	1221330	79643938
6395	2620	4702	3259	947579	56935203	1113049	70436417
6396	729	5157	3499	948030	56972428	2305308	185268784
6397	2356	5724	5565	948075	56975680	1153349	73561959
6398	5002	5137	14926	948152	56981495	0	0
6399	1502	5514	4118	948600	57027964	2710402	230246150
6400	343	3809	2279	948900	57056817	3048248	271159254
6401	1459	2195	2741	949679	57120206	1307014	86827640
6402	1721	3933	4353	949800	57128754	1185631	76628602
6403	5631	5802	5989	949838	57131180	1000259	61071533
6404	3135	3253	3250	950269	57162748	0	0
6405	4685	4943	15513	950391	57172290	4142547	410585733
6406	3231	5849	9612	951174	57241206	1489868	103739248
6407	4336	6107	7176	951556	57274726	1110674	70242456
6408	5292	5579	5306	951893	57305295	0	0
6409	1909	1988	2807	952252	57333350	1598827	114542094
6410	4052	6308	3662	952322	57338363	1454922	100475107
6411	367	772	1134	952382	57343011	2402176	195649425
6412	1821	4068	1733	952389	57343482	2731951	232846576
6413	2371	2669	2748	952703	57370352	2990581	263469987
6414	208	1367	1908	952813	57378858	1663701	120557001
6415	1073	5872	3891	953063	57397327	1319476	88023348
6416	233	1483	1276	953199	57408368	1108886	70066577
6417	3451	5582	5927	953224	57410090	0	0
6418	2462	4640	3046	953601	57442608	1184713	76520687
6419	2788	5537	7414	953933	57465614	3516650	330567950
6420	497	5477	2614	954178	57483061	2344384	189326353
6421	195	6321	1583	954248	57487920	1784203	131620619
6422	4213	5221	4757	954699	57521677	0	0
6423	1565	2344	2737	954859	57531866	1107600	69948159
6424	1265	1770	2014	955003	57541258	1067006	66819296
6425	1636	3812	2853	955136	57550158	4102774	405400125
6426	5280	6089	6604	955550	57579509	1682522	122331867
6427	3912	5137	10165	955739	57592647	2725059	231998682
6428	1525	5781	6106	955879	57603165	3439321	320355328
6429	2702	4467	7043	956517	57656467	1615449	116113728
6430	3621	6159	1637	956772	57678126	3383990	312814252
6431	95	1232	761	956965	57693484	0	0
6432	165	4117	1531	957413	57722533	1011201	61941180
6433	1004	3339	1708	957584	57734157	2404532	195884354
6434	2213	3248	1970	957793	57746395	1005582	61533054
6435	2586	3615	5090	957864	57751214	2425086	198283544
6436	1760	2921	2124	958167	57770954	1898827	143127328
6437	406	6026	1556	958188	57771959	0	0
6438	1331	4551	2805	958412	57783956	0	0
6439	881	5673	7133	958453	57785977	1043307	64818844
6440	5037	6048	2742	958495	57789676	1019140	62655791
6441	358	5894	5576	958649	57801427	987481	59946483
6442	2233	2385	2915	959485	57863915	1382140	93801030
6443	1846	5004	7859	959535	57866901	2523489	209051937
6444	639	4972	3801	959847	57889491	2786361	238814444
6445	1761	2898	5238	959993	57900509	967585	58444168
6446	4354	5032	1915	960017	57902501	0	0
6447	1222	1425	1480	960358	57929267	993094	60450745
6448	1105	3302	4003	960889	57963869	1993212	152696115
6449	3369	3370	3119	961353	57990978	3710733	355710865
6450	4700	4748	3737	961475	57997894	2878005	250228479
6451	794	3201	2090	961762	58017107	2890017	251378085
6452	2448	2962	5664	961789	58018962	1506125	105151597
6453	4573	5521	14433	961798	58019449	0	0
6454	731	5585	3297	961855	58025601	2389292	194125849
6455	1415	4818	1740	961874	58028112	1556761	110197191
6456	87	348	405	962533	58096178	1009485	61793157
6457	3733	6312	4709	962805	58117938	1736644	127258014
6458	825	4919	2349	963101	58141015	0	0
6459	2996	4504	7912	963140	58144722	1154502	73658031
6460	3504	6254	9450	964446	58233011	1268875	83394855
6461	80	3999	3548	964697	58249660	1120886	70999239
6462	1036	5701	4765	964893	58264809	1144529	72927166
6463	140	1944	681	964931	58268700	972739	58845086
6464	735	4593	4103	965544	58312863	0	0
6465	1992	3195	2915	966598	58371982	1022236	62913492
6466	5125	6068	7902	966634	58374283	1782480	131409847
6467	1268	5229	2140	966837	58388219	0	0
6468	5398	5893	5718	966861	58389424	1128110	71606120
6469	2282	3843	6458	966883	58390957	1435983	98703708
6470	942	3757	3996	967180	58414778	0	0
6471	335	2617	1029	967469	58436509	1818899	135073040
6472	4392	6445	8567	967585	58444168	1269239	83436500
6473	452	4270	2100	967608	58446037	1312031	87311314
6474	1232	1820	1043	967631	58448384	992921	60434975
6475	922	2422	3713	967926	58473553	4447362	450856408
6476	4545	6063	2402	968018	58481158	1010670	61895536
6477	3920	4128	3632	968104	58488483	1966543	149881952
6478	418	4480	660	968645	58536855	997655	60896639
6479	3511	5921	9562	968894	58552861	3014966	266990866
6480	884	5973	4220	968933	58556006	1255779	82318329
6481	562	5816	3043	969470	58601278	1505332	105075873
6482	1031	1940	304	969614	58612779	0	0
6483	1271	5613	2820	969877	58632424	0	0
6484	727	1831	1319	970127	58649410	2718058	231171300
6485	309	5362	9302	970423	58671340	1949165	148235132
6486	1109	3702	4849	970520	58679315	0	0
6487	1679	6328	1771	970866	58703249	2275596	182209692
6488	2220	2739	1834	970973	58710969	0	0
6489	1038	2109	1783	971224	58727262	1385835	94157888
6490	737	3176	6147	971443	58741312	2062700	160124322
6491	1263	6110	6653	971495	58745063	1218142	79375663
6492	2554	5777	4102	971709	58762916	2861008	248473547
6493	874	5071	8878	972126	58794830	0	0
6494	3057	4283	3716	972217	58803194	0	0
6495	2962	6463	3709	972739	58845086	0	0
6496	628	2328	789	972860	58853657	2907971	253594538
6497	141	1181	179	973280	58881698	2242910	179067723
6498	1894	2104	4519	973373	58888232	1037618	64193164
6499	4705	5821	8898	973654	58908643	0	0
6500	525	6310	3204	973965	58935130	0	0
6501	961	2666	1330	974005	58937449	2199552	174631969
6502	202	1142	657	974168	58949856	1026089	63281047
6503	5071	5282	11050	974171	58950072	3338916	307027075
6504	1646	3779	2501	974432	58975266	1239474	81049913
6505	2029	5276	2770	974482	58979583	1571476	111711458
6506	2724	4559	2786	974593	58991336	0	0
6507	2508	5124	5403	974768	59007706	1211611	78874265
6508	1109	2000	2995	975261	59049625	1775659	130838302
6509	3329	5089	6208	975416	59060689	2058333	159669477
6510	1168	4939	5431	975826	59094564	3474882	325020940
6511	2332	6178	6407	976233	59126709	0	0
6512	407	2906	1717	976268	59129099	1604321	115033205
6513	4471	5363	4772	977360	59202670	1575094	112141684
6514	2236	3806	3465	977364	59202836	1134298	72121900
6515	4569	4720	8245	977569	59216403	0	0
6516	1633	4554	1871	977690	59226737	1627724	117243043
6517	3790	5393	4263	977778	59233989	2421000	197877256
6518	781	3435	2800	977818	59237459	0	0
6519	202	5726	3181	978100	59261449	3562948	336612355
6520	402	3659	1306	978668	59302934	1984471	151734721
6521	1129	2177	1495	978772	59308940	2004097	153711709
6522	3779	5612	3214	978940	59321392	1177233	75726234
6523	2062	2642	1441	979100	59332235	1939832	147307531
6524	460	3056	2097	979227	59339293	2142265	168676281
6525	1283	4648	6120	979394	59351508	1290101	85317375
6526	878	2504	1841	979667	59370855	1400271	95490501
6527	372	4633	1760	979826	59383363	999447	61020037
6528	2498	4030	5082	979882	59386855	1480220	102727181
6529	1031	2795	4732	980159	59406217	1562439	110830823
6530	2024	2089	4000	980458	59426553	0	0
6531	3960	3989	9236	980468	59427174	1663330	120523396
6532	4014	5067	5579	980633	59442276	1353139	91009286
6533	2553	6209	7738	980697	59447525	2191054	173681303
6534	446	3786	1448	980879	59465473	4154324	412253508
6535	2421	3901	5504	981308	59504907	1036183	64060300
6536	2974	4393	6151	981958	59555694	1236230	80781632
6537	1146	3804	2825	982202	59573298	1786044	131840316
6538	567	3204	2095	982563	59599428	1255411	82285660
6539	1235	1293	1119	982620	59602719	2404515	195882451
6540	2026	2278	1561	982823	59615060	1008827	61741432
6541	1926	4250	3458	982938	59623089	1016576	62422865
6542	1137	3778	4287	983100	59634000	1293518	85552897
6543	848	3348	2862	983120	59635185	1930327	146307517
6544	3608	4981	5734	983265	59644689	4199663	418344121
6545	707	1727	980	983503	59662418	0	0
6546	3668	5018	7232	984069	59699442	1894090	142677817
6547	2542	6170	3144	984106	59701633	0	0
6548	2671	2750	2642	984233	59712049	1306389	86753378
6549	2189	5870	2717	984407	59725177	2344997	189372817
6550	4052	4200	7576	984444	59728334	2352085	189961511
6551	1480	4394	1360	984950	59769136	3069834	273908361
6552	1364	1769	3058	985005	59772635	2257421	180290870
6553	2882	3618	3813	985582	59814644	1723670	126080676
6554	432	1127	1299	985615	59816824	0	0
6555	337	4494	4711	985676	59820207	0	0
6556	2155	2960	5843	986110	59851555	3998106	392174647
6557	774	6072	4101	986184	59856340	1784616	131665110
6558	217	3283	2462	986491	59880106	1022000	62894346
6559	3103	5953	6439	986694	59892870	1176270	75638223
6560	3734	5829	9621	987383	59939353	3054236	271956875
6561	6182	6441	8292	987481	59946483	1411493	96429531
6562	525	1516	1967	987528	59951040	2343092	189217081
6563	777	3361	3852	987583	59956103	1030161	63612280
6564	6066	6371	6666	987967	59993449	1037180	64147497
6565	5750	6040	6383	988445	60036599	1314745	87520720
6566	4166	4441	7235	988771	60069567	1834705	136617308
6567	3127	3199	7371	988846	60076631	1542783	108733616
6568	1702	3444	3493	989386	60132181	1713064	125007450
6569	400	5147	11435	989450	60137735	1008371	61705950
6570	4544	6332	2913	989634	60160332	2139203	168379703
6571	2096	4542	4475	989837	60183589	3366424	310604759
6572	214	1804	1173	989868	60187436	1030610	63654684
6573	1979	3803	1152	990240	60231440	2363347	191107217
6574	2564	3458	4329	990755	60274092	1505750	105113392
6575	2502	6003	5455	991062	60297014	1225750	79992767
6576	344	4706	2585	991232	60311382	0	0
6577	2244	5409	8514	991783	60349130	1132994	72000084
6578	2680	5471	3278	992095	60371580	2103720	164785265
6579	45	5930	1262	992099	60371862	0	0
6580	2068	6348	3144	992123	60374138	1545574	109027017
6581	6279	6375	4527	992568	60409932	3044948	270748328
6582	4742	6243	2389	992773	60424047	1598675	114529258
6583	5181	6474	6406	992921	60434975	1322435	88293333
6584	6270	6447	5544	993094	60450745	0	0
6585	1085	1346	344	993405	60479660	1055784	65854597
6586	2238	3994	2599	993454	60485288	1004088	61419380
6587	1733	5210	3974	993776	60511635	1875228	140729574
6588	405	3020	1693	993796	60513375	2313050	185982565
6589	3303	4404	2059	993818	60515040	2800480	240242569
6590	930	4206	1712	993903	60522843	995903	60740446
6591	728	1671	1546	994158	60543535	1859079	139133706
6592	2683	6132	11256	994216	60548936	1009973	61829379
6593	2403	5449	2319	994225	60549572	1483191	103037942
6594	1729	6336	8386	994945	60623157	2791706	239331339
6595	3613	5554	15001	995090	60637404	1931323	146393080
6596	1963	2851	1946	995150	60643493	1264913	83125831
6597	2475	5540	10305	995290	60661428	3496478	327393721
6598	2693	6590	2684	995903	60740446	2474225	203986850
6599	1690	2209	1241	996184	60772975	1679561	122106507
6600	81	2307	1576	996290	60784016	1746658	128222144
6601	573	816	1432	996486	60801366	1275767	84027121
6602	2823	4410	4177	996626	60814080	1475524	102354295
6603	222	643	426	997451	60882676	1878528	141039553
6604	1654	6478	1952	997655	60896639	1049123	65382174
6605	2148	6306	2910	997749	60902183	1379809	93599728
6606	885	5180	2012	997756	60902509	1048824	65359155
6607	320	3190	2829	997865	60910446	1578440	112477811
6608	1448	4369	4615	998154	60930627	0	0
6609	2730	6070	5102	998180	60932067	1047169	65210668
6610	62	3149	1760	998376	60947438	1123906	71256310
6611	892	4627	2824	998596	60964973	0	0
6612	2624	4373	2724	998627	60967396	1851734	138370732
6613	560	1334	1457	998833	60983011	2104101	164834615
6614	17	712	663	999239	61009017	1638085	118167040
6615	2056	6527	4558	999447	61020037	2389904	194190826
6616	3135	4002	3633	999719	61036253	2749590	234965901
6617	311	822	899	999740	61037280	0	0
6618	605	3185	1181	999966	61051192	0	0
6619	3849	4175	8097	1000052	61056411	1064174	66513597
6620	2949	3351	3778	1000215	61068064	1334196	89233696
6621	528	6403	6029	1000259	61071533	1012121	62018215
6622	3438	4129	5134	1000303	61075761	1979036	151174057
6623	1982	2175	3392	1001045	61141905	1522381	106703617
6624	3377	5046	5716	1001164	61150191	3638059	345734841
6625	2675	3585	6742	1001269	61159695	1064824	66583041
6626	1920	5067	5749	1001442	61173378	2437685	199671674
6627	1913	2256	3899	1001591	61186671	1646996	118985339
6628	3990	4590	4583	1002055	61222809	0	0
6629	1557	3168	1830	1002097	61226778	4248120	424158841
6630	2903	5769	9128	1002180	61233032	2688546	227755995
6631	2904	6080	10543	1002468	61260288	1418009	96993250
6632	205	1072	726	1002775	61292702	1542302	108683935
6633	2782	5605	3107	1002848	61298253	3766377	362506449
6634	2937	5615	4665	1003104	61323634	0	0
6635	3102	3872	6275	1003259	61337864	2634889	221681094
6636	2046	5582	6353	1003269	61338613	4383357	442850652
6637	3052	6586	2888	1004088	61419380	1506725	105210856
6638	4114	4263	2920	1004262	61435609	1463496	101317412
6639	420	4393	2848	1004319	61440097	1411428	96424842
6640	4974	5489	3311	1004339	61442142	1927777	146014470
6641	2780	6434	4182	1005582	61533054	3995924	391911998
6642	2674	6019	2158	1005819	61547979	1069188	67009912
6643	778	6136	2224	1005826	61548246	2364134	191204099
6644	2045	2792	1724	1005865	61550216	4068270	401184715
6645	3188	4858	5362	1006095	61563086	1962300	149513637
6646	1407	4284	1653	1006159	61568307	1204933	78305101
6647	2032	5000	2729	1006383	61583249	0	0
6648	877	2887	1753	1006679	61601649	0	0
6649	871	3708	3214	1006920	61615196	0	0
6650	2590	5710	1759	1007175	61631283	4406330	445677467
6651	2548	3481	2286	1007398	61645680	1180356	76083831
6652	4248	6368	4542	1007514	61652579	0	0
6653	2089	2483	3567	1007662	61661605	0	0
6654	2258	5541	4904	1008094	61688474	2890017	251378085
6655	5644	6569	13891	1008371	61705950	1276990	84124347
6656	2279	6540	2494	1008827	61741432	0	0
6657	896	3320	4798	1009004	61753678	2069777	160868515
6658	2006	2822	2787	1009145	61766221	1845888	137812515
6659	5579	6456	3780	1009485	61793157	4202754	418746630
6660	1637	2211	1844	1009693	61809745	1681007	122218170
6661	5818	6592	14019	1009973	61829379	2623837	220330228
6662	4015	4090	6051	1010116	61844268	3889851	378304627
6663	1042	4087	3025	1010265	61857403	1083241	68032808
6664	6103	6476	3528	1010670	61895536	0	0
6665	1183	5265	519	1010951	61920783	0	0
6666	3742	6432	3066	1011201	61941180	0	0
6667	108	4036	3130	1011341	61951693	1437553	98860670
6668	1248	3259	5055	1011636	61975886	0	0
6669	3523	5306	5864	1011665	61978224	0	0
6670	247	5509	3771	1011924	61999528	1291614	85433212
6671	415	6621	6574	1012121	62018215	1788459	132089089
6672	900	3847	1948	1012733	62075322	3584997	339386186
6673	764	1895	776	1012978	62095862	1410242	96334772
6674	3057	4623	4730	1013363	62120848	1256874	82417715
6675	435	646	1173	1013573	62135729	1021889	62887649
6676	67	4718	3959	1013649	62140333	1326804	88698939
6677	306	5928	2618	1013656	62140734	2554388	212736786
6678	2081	5519	12212	1013706	62144855	1250285	81883319
6679	227	2358	2195	1013717	62145810	1917490	145140669
6680	957	3176	6007	1013917	62165164	2444200	200613965
6681	4511	4925	3384	1013968	62170212	1994446	152864878
6682	2887	3243	2699	1014041	62178695	1099324	69268149
6683	3563	3654	2466	1014476	62222038	1049690	65424788
6684	434	5665	1167	1014573	62230760	1106707	69864344
6685	482	5418	7145	1014802	62252224	1287871	85141997
6686	1760	4508	8037	1015041	62275191	1083985	68082235
6687	616	4847	7094	1015435	62317043	0	0
6688	2148	4981	4740	1015520	62323879	0	0
6689	2905	3878	4505	1015799	62351750	0	0
6690	2609	5908	3941	1016026	62374834	1289658	85285781
6691	477	6541	3639	1016576	62422865	1370291	92793700
6692	516	6156	428	1016708	62434076	1358844	91608348
6693	2117	4245	4702	1016758	62438168	1465618	101485534
6694	1301	2960	4274	1016869	62447311	1190569	77128665
6695	3613	6197	8035	1016940	62454919	1119199	70861025
6696	1541	2037	2306	1017119	62471054	0	0
6697	930	4857	3455	1017308	62489543	1927532	145995007
6698	3008	3354	4115	1017533	62509571	1286022	84988658
6699	3008	5025	4941	1017669	62523051	1111190	70289461
6700	4064	6066	1245	1017948	62549550	0	0
6701	2547	4640	1489	1018022	62556188	0	0
6702	223	678	637	1018204	62573031	3363909	310213485
6703	2635	6288	9754	1018460	62593637	1934978	146762201
6704	73	4662	1624	1018496	62596590	1340167	89834592
6705	2820	6345	5243	1018773	62622452	1399582	95423786
6706	932	6440	2906	1019140	62655791	2657914	224358487
6707	3073	3122	4753	1019368	62676468	2329694	187773044
6708	2307	5363	5527	1019373	62676897	1029955	63594097
6709	1024	4963	2210	1019384	62677821	1104067	69641337
6710	2712	6331	7361	1019737	62709903	1210826	78809883
6711	287	4646	9572	1019749	62711006	2380110	193132741
6712	2080	5046	4014	1020605	62797319	1042799	64772922
6713	2956	5367	2152	1021085	62833193	1238352	80958283
6714	978	6058	6514	1021363	62852250	1072837	67276469
6715	3961	6675	5601	1021889	62887649	2388905	194089354
6716	1706	6558	2929	1022000	62894346	1090200	68615776
6717	4585	6154	3898	1022127	62903992	1027808	63421999
6718	5099	6465	7458	1022236	62913492	2022602	155657605
6719	1155	3761	2178	1022259	62915416	2016420	155097223
6720	319	2391	1440	1022672	62952050	0	0
6721	3598	4225	4657	1022821	62963310	1095381	68986846
6722	922	6264	8872	1022952	62974947	1549404	109384183
6723	3158	6262	9221	1022954	62975035	2458814	202211465
6724	1925	2570	5739	1023024	62982173	2389433	194139833
6725	2393	5367	1629	1023169	62999909	3273615	299047701
6726	1872	5961	6443	1023220	63008459	2435825	199471111
6727	337	6024	1305	1023644	63063474	1230276	80339411
6728	3944	6071	1961	1023989	63099642	1971254	150365743
6729	1331	3798	3648	1024047	63104932	1766490	130014774
6730	1361	5591	3457	1024170	63115940	1470772	101989539
6731	1781	5945	4328	1024398	63138125	1037873	64226779
6732	3561	5818	4226	1024639	63162944	2070030	160899576
6733	3638	3672	1448	1025095	63203240	1110286	70210751
6734	3292	3642	3543	1025237	63215963	1540100	108486861
6735	1599	6207	3959	1025494	63238196	0	0
6736	3983	6502	3764	1026089	63281047	1221755	79679148
6737	2058	3166	2224	1026402	63301705	1616088	116176827
6738	1930	4179	6536	1026443	63304392	1635293	117872254
6739	602	5464	8037	1026575	63313891	1330921	88978567
6740	1601	4563	4248	1026681	63323318	2227905	177424427
6741	83	2511	1143	1027117	63362490	1113049	70436417
6742	3740	6343	5901	1027444	63388746	1059302	66124807
6743	3641	5877	6259	1027499	63393056	3206780	290609064
6744	870	4087	2497	1027647	63406455	1067006	66819296
6745	520	6717	4112	1027808	63421999	0	0
6746	1595	2470	1371	1028076	63445002	1861755	139391215
6747	3729	3826	4947	1028934	63506687	1284108	84805663
6748	1806	1846	2617	1029077	63515673	1350167	90762076
6749	2782	4306	4558	1029084	63516296	1316591	87718409
6750	2754	4033	4252	1029125	63519860	0	0
6751	3398	4652	5890	1029143	63521341	0	0
6752	3998	4844	6372	1029579	63562881	1825704	135669001
6753	1061	6708	6133	1029955	63594097	0	0
6754	1762	3113	2465	1030115	63608513	1753104	128808716
6755	5870	6563	4316	1030161	63612280	2381651	193299942
6756	1095	6572	2030	1030610	63654684	0	0
6757	3391	5947	2559	1030854	63673920	2347641	189572147
6758	3420	4454	5003	1030965	63683839	1719414	125687386
6759	2899	6262	7268	1031072	63691614	2471316	203663634
6760	115	2470	1008	1031705	63739441	0	0
6761	256	5773	864	1032394	63781772	1740613	127646720
6762	3109	3251	3675	1032718	63799105	3204158	290261160
6763	2974	6318	8152	1032746	63800727	1343547	90142193
6764	2018	3633	2289	1032774	63803224	0	0
6765	4182	4758	6628	1032784	63803731	1873986	140615194
6766	983	4044	1717	1033259	63839310	1213733	79020820
6767	1498	4544	1939	1033302	63842582	1447754	99791495
6768	1656	1783	3581	1033459	63852322	1298157	86037702
6769	4430	6227	5023	1034001	63886871	3227241	293407363
6770	891	5306	5705	1034026	63889003	1955212	148895681
6771	1005	3106	1131	1034417	63916533	1354927	91169452
6772	2462	4673	7156	1034450	63918749	1557845	110318111
6773	862	4430	1242	1034555	63926471	1214573	79076992
6774	4093	4536	10426	1034695	63937478	0	0
6775	185	377	128	1034850	63950061	2288743	183592309
6776	5389	6119	10589	1034935	63956087	0	0
6777	301	5860	1624	1035050	63968588	1494616	104191492
6778	762	1046	994	1035388	64000727	1480430	102748815
6779	2351	6223	5207	1035974	64045341	1731742	126737478
6780	4840	6535	13211	1036183	64060300	2602375	217957362
6781	2218	6095	4504	1036626	64101869	1466564	101554539
6782	4064	5689	7571	1037081	64138832	1128824	71672821
6783	2860	6564	8458	1037180	64147497	0	0
6784	4079	5284	8991	1037507	64178869	1516672	106160633
6785	6121	6498	7340	1037618	64193164	0	0
6786	2594	4097	7928	1037828	64220441	2817963	242566226
6787	4911	6731	6102	1037873	64226779	2411561	196583482
6788	3064	3564	10882	1038131	64258801	0	0
6789	5424	5472	2961	1038826	64340981	1058372	66036411
6790	6264	6297	9304	1038929	64353418	1153781	73588345
6791	2906	5707	8953	1039125	64380021	1536111	108123846
6792	4491	5237	8116	1039277	64398834	1080700	67843494
6793	2129	2622	5842	1039570	64437256	1105645	69777521
6794	823	5214	739	1040077	64498125	1442290	99262200
6795	591	4491	4850	1040087	64499323	1553557	109862227
6796	415	4016	2184	1040252	64518245	1063853	66481637
6797	3049	4145	4395	1040294	64522874	2058185	159653928
6798	2451	5252	3052	1040307	64525174	2581732	215618305
6799	1155	1382	1048	1040780	64577983	1445528	99580950
6800	2340	5467	2132	1040909	64590195	2686985	227586077
6801	2520	4712	3258	1041006	64599531	1115128	70582292
6802	2362	3057	5267	1041383	64634334	3817684	369544491
6803	993	6564	7468	1041546	64647125	2223565	177028184
6804	2975	3395	2097	1041630	64655456	1533355	107886357
6805	5394	5591	3380	1041716	64663717	1782758	131445599
6806	5354	5925	10486	1042203	64711465	1069919	67062774
6807	2421	6712	6479	1042799	64772922	0	0
6808	524	2306	427	1043205	64812025	1127603	71557752
6809	6320	6439	12423	1043307	64818844	1366780	92414675
6810	287	5220	1282	1043506	64840735	0	0
6811	3389	3520	12123	1043634	64853751	1466312	101531731
6812	3315	3844	9469	1043796	64873068	0	0
6813	1605	2561	955	1044110	64910717	1595220	114204681
6814	2357	3783	2335	1044228	64922268	1053844	65695631
6815	123	522	462	1044584	64961390	1126718	71467215
6816	1132	3384	3761	1044655	64968947	1642486	118617989
6817	2772	6393	11291	1044699	64973134	1905219	143874170
6818	1204	1357	1110	1044807	64987682	1461304	101106740
6819	1463	5580	934	1044903	64996868	1391241	94709134
6820	3037	3089	7022	1045025	65012879	0	0
6821	3528	4655	4005	1045528	65069780	1106890	69877069
6822	410	1515	129	1045589	65076171	1470126	101931826
6823	1063	1274	599	1046017	65115278	2858939	248220456
6824	927	4127	6109	1046038	65116609	1950474	148410773
6825	1992	2116	1232	1046142	65126545	1170498	75128448
6826	4106	6367	3969	1046400	65148685	1343778	90161964
6827	1596	4953	3760	1046531	65160139	2624834	220482274
6828	3761	5994	6634	1046966	65193291	3540044	333614305
6829	5537	6609	9317	1047169	65210668	1862775	139486039
6830	281	5841	7666	1047178	65211130	1467915	101692132
6831	1978	4039	2525	1047256	65220077	1467915	101692132
6832	231	2847	1519	1047996	65295341	1130748	71835682
6833	1645	3385	3306	1048473	65334760	2948087	258494536
6834	3233	4283	2503	1048810	65358617	3526713	331771380
6835	1808	6606	4425	1048824	65359155	1293192	85531268
6836	739	1029	1360	1048983	65372583	0	0
6837	2827	6604	2606	1049123	65382174	1275372	83996214
6838	703	3849	4193	1049198	65388018	1098617	69214778
6839	2544	4712	2770	1049382	65401591	1100600	69374983
6840	3648	6367	4444	1049646	65421257	0	0
6841	727	6683	2717	1049690	65424788	1213747	79021544
6842	3617	3945	2341	1049809	65433897	1306910	86812991
6843	1212	4378	3587	1050590	65486990	1307014	86827640
6844	452	936	493	1050596	65487174	3056975	272291831
6845	1335	5054	2442	1051259	65524368	1636000	117944712
6846	1641	4133	6741	1051397	65531562	1372156	92950902
6847	731	2366	2042	1051521	65539009	0	0
6848	3691	4662	2362	1051526	65539257	1055580	65833298
6849	1543	3483	2077	1051572	65541917	3626472	344423369
6850	939	2402	1848	1051610	65544485	1142127	72763895
6851	2362	4422	5065	1051655	65547410	0	0
6852	228	1962	1402	1051708	65551039	1361265	91849603
6853	5078	5848	10098	1051745	65553106	1702965	124220328
6854	1132	5228	3369	1051977	65572353	2145937	169094622
6855	902	4263	1714	1052339	65600670	1352418	90944077
6856	302	2576	1220	1052424	65607947	1255572	82299272
6857	1523	1678	2949	1052517	65614764	1241570	81220584
6858	1672	4086	1059	1053050	65649455	3197699	289494652
6859	726	1479	1019	1053185	65657007	1829339	136025396
6860	2506	3272	2828	1053390	65669033	1388599	94452869
6861	2474	3190	2923	1053410	65670367	1067996	66911868
6862	2679	4906	3022	1053560	65678808	0	0
6863	173	2636	1030	1053679	65686451	2559747	213239556
6864	397	4734	3064	1053711	65688057	1331479	89025229
6865	1047	6814	3116	1053844	65695631	3392427	313957933
6866	5341	6717	12658	1054058	65709498	1443943	99409685
6867	3405	5645	12442	1054597	65753162	2803095	240584831
6868	1927	5551	3205	1054618	65754929	1448686	99878800
6869	4634	5731	6986	1055106	65796128	1588216	113380968
6870	833	1327	1284	1055163	65800216	0	0
6871	1297	5160	2904	1055516	65827912	2117447	166299374
6872	1562	2723	4492	1055534	65829740	1478658	102586834
6873	2264	6848	2462	1055580	65833298	1375795	93280679
6874	2402	3983	3929	1055641	65839049	2497292	206363929
6875	4905	6585	2790	1055784	65854597	2189554	173502997
6876	368	2708	2491	1056881	65941234	0	0
6877	2576	5106	4376	1056904	65943135	3131114	281082666
6878	2597	5718	5294	1057800	65997344	2462295	202561368
6879	5611	6288	4771	1057828	65999238	0	0
6880	1329	5173	8291	1058214	66024880	3251711	296441230
6881	5963	6789	16532	1058372	66036411	1458500	100786575
6882	695	5221	4316	1058689	66066937	1620246	116556721
6883	687	6742	6083	1059302	66124807	1657586	119899706
6884	1612	5496	3893	1059318	66126175	2009457	154254265
6885	258	1683	739	1060065	66190807	0	0
6886	475	4103	2563	1060074	66191224	1370022	92763670
6887	1755	5913	3341	1060349	66216797	2002873	153621163
6888	2485	5266	9217	1060404	66220389	4125494	408509463
6889	621	4675	6181	1060515	66231266	1555127	110007714
6890	2875	3330	4269	1060694	66247448	1736231	127217006
6891	1637	5559	4957	1061907	66347515	1534195	107945424
6892	1985	2522	5688	1062082	66359268	1583188	112880988
6893	2478	5882	3147	1062332	66378076	1851284	138316325
6894	201	6031	2805	1062457	66386935	2641809	222430840
6895	1791	2606	1541	1062596	66395692	2546920	211922187
6896	2182	3468	1795	1062617	66397124	1799031	133120995
6897	904	2466	2816	1063191	66436565	1259890	82685557
6898	3525	5119	4915	1063410	66450763	0	0
6899	5143	5855	6733	1063423	66451438	0	0
6900	4823	5730	5448	1063626	66465256	4207949	419343177
6901	1187	1534	1587	1063740	66472117	1065688	66677533
6902	2186	6796	6089	1063853	66481637	2648952	223202551
6903	4200	6287	13509	1063933	66488026	3444529	321138904
6904	726	6619	8473	1064174	66513597	3944311	384832438
6905	1016	5254	3487	1064566	66555344	1436278	98734458
6906	5346	6625	11009	1064824	66583041	0	0
6907	1415	5585	3167	1064827	66583199	0	0
6908	2777	5456	9748	1065507	66656415	1340223	89839085
6909	940	6901	1788	1065688	66677533	3073475	274238849
6910	1388	5501	4131	1065870	66697701	2840559	245632530
6911	4431	5062	9736	1066015	66711173	0	0
6912	3941	6104	1595	1066612	66779435	0	0
6913	639	3517	5116	1066649	66783126	2687086	227593874
6914	422	4794	3098	1066700	66788296	1203054	78154755
6915	6424	6744	4511	1067006	66819296	1100600	69374983
6916	2533	4902	4704	1067272	66844873	2467543	203224269
6917	993	5174	1686	1067602	66876520	1227116	80099760
6918	2613	6476	3145	1067678	66883788	1556819	110201733
6919	2377	3314	2917	1067918	66904987	2111566	165744721
6920	4505	6861	7086	1067996	66911868	0	0
6921	87	1596	418	1068347	66945613	1095649	69008914
6922	1726	5579	3746	1069002	66997655	1704013	124302694
6923	1531	2742	1367	1069161	67008304	1852363	138452984
6924	5752	6642	3755	1069188	67009912	1749559	128454391
6925	564	2216	648	1069422	67025073	1076030	67481162
6926	5157	5648	5071	1069466	67027578	0	0
6927	3057	4342	6552	1069557	67034457	2229774	177630016
6928	4300	4577	4246	1069890	67060921	1636634	118014978
6929	2755	6806	13730	1069919	67062774	1248718	81767101
6930	102	1532	1075	1070378	67113994	1427552	97887698
6931	3583	4889	3287	1070406	67117070	2882481	250695528
6932	936	2563	605	1070605	67135591	2044078	158114325
6933	702	4882	6081	1071778	67217482	1299673	86176216
6934	96	1592	664	1072016	67230851	0	0
6935	4248	5308	2228	1072194	67240291	1172496	75277515
6936	1466	3008	3418	1072442	67253616	3144936	282827444
6937	643	6564	7047	1072570	67260675	0	0
6938	3983	6714	9621	1072837	67276469	1182647	76312938
6939	2713	3129	4659	1072878	67280269	1315511	87596667
6940	2063	3821	4557	1073608	67334282	1138979	72545435
6941	1254	4630	1156	1074203	67371128	0	0
6942	1302	4664	3030	1074390	67381193	1689970	123021604
6943	3552	4252	3921	1074721	67399155	1194653	77436498
6944	369	3379	1229	1074865	67406562	2008235	154122260
6945	1747	6308	2455	1074885	67407844	1559588	110517506
6946	2803	5817	1930	1075013	67414235	1144244	72900456
6947	3051	4480	1815	1075106	67419573	0	0
6948	330	682	336	1075226	67425764	0	0
6949	2502	6155	6047	1075243	67426478	0	0
6950	1060	2649	4140	1075494	67441723	1625131	116981636
6951	2023	6362	3933	1075523	67443302	2583973	215875821
6952	196	880	233	1075568	67446304	1076012	67479713
6953	103	6337	5338	1075788	67460691	0	0
6954	4841	5277	3276	1075832	67464555	1135004	72188761
6955	5114	6952	4023	1076012	67479713	1665184	120740198
6956	1582	6925	992	1076030	67481162	1463496	101317412
6957	2798	3113	2264	1076197	67496075	1743486	127918756
6958	453	4247	2484	1076409	67514133	1794987	132677597
6959	3622	4463	4742	1076610	67530137	1284595	84853117
6960	4348	6246	4333	1077093	67568999	0	0
6961	5258	5510	5248	1077226	67579366	1528114	107378359
6962	1419	4440	4439	1077346	67588252	1176270	75638223
6963	3849	4221	6623	1077893	67626103	0	0
6964	1652	1672	1828	1078035	67638242	1296956	85895669
6965	1512	5170	3718	1078434	67666056	2651854	223597193
6966	2511	5912	1299	1078566	67676368	1509333	105465522
6967	4462	6188	11359	1079021	67702884	1383034	93869948
6968	3539	6619	9931	1079184	67716824	1084457	68124019
6969	3928	4328	7266	1079257	67723487	2185570	173106190
6970	5130	5350	2231	1080058	67796516	1923647	145696031
6971	2685	3157	5432	1080384	67821951	1134715	72158645
6972	4486	6792	8853	1080700	67843494	1525216	106982068
6973	330	1891	1552	1081107	67875801	1352010	90906397
6974	153	2405	1240	1081444	67899316	0	0
6975	5052	6081	5162	1081482	67901871	1181155	76158290
6976	216	4414	938	1081484	67902194	1438912	98990285
6977	2185	3243	1985	1081567	67908664	1613654	115943128
6978	5234	5867	4350	1081816	67927017	1321584	88208981
6979	2612	3483	7628	1081915	67934706	1897170	142965639
6980	3807	5081	4333	1082079	67947075	0	0
6981	2159	5462	2487	1082597	67985678	3201539	289935647
6982	4231	5089	2782	1082706	67993828	1344582	90251936
6983	349	1637	1381	1082766	67998613	1214392	79062517
6984	2341	2365	1821	1083100	68022961	2708622	230059263
6985	3157	6663	6773	1083241	68032808	1624578	116912953
6986	997	2936	3141	1083269	68034461	0	0
6987	28	3351	1358	1083875	68075054	1533706	107912093
6988	1660	1852	5458	1083963	68081098	3256070	296935858
6989	610	2096	2579	1083982	68082175	1935450	146822437
6990	4788	6686	9048	1083985	68082235	1524045	106853495
6991	666	5891	1510	1084024	68085431	2009310	154236194
6992	1837	6968	10299	1084457	68124019	2275343	182183130
6993	2987	3608	2127	1084525	68128966	0	0
6994	4196	4501	5846	1084862	68160354	0	0
6995	1979	2946	3413	1085275	68197786	2239782	178709343
6996	2065	4191	2960	1086079	68259359	1263915	83056122
6997	1308	3843	7065	1086365	68278411	1617899	116355518
6998	2267	4425	4134	1086616	68294838	1437754	98879022
6999	2434	3248	1633	1086798	68306751	0	0
7000	2365	5186	7521	1086875	68311895	1525216	106982068
7001	3276	5935	10825	1086961	68318483	0	0
7002	3586	5691	7889	1087639	68375943	1886506	141815270
7003	500	5980	10189	1087670	68378980	3039756	270064809
7004	1113	1343	569	1087857	68400207	2215925	176302429
7005	2281	2537	4578	1088830	68489499	1547342	109209362
7006	1560	3690	6029	1088880	68494115	1125572	71366615
7007	1494	2967	2698	1088927	68498232	1132473	71963194
7008	2379	4998	5389	1089133	68515768	1358982	91621904
7009	1001	2816	1886	1089396	68538264	2455183	201818332
7010	3615	5962	12061	1089511	68547420	4029610	396040240
7011	2048	5088	1531	1089517	68548108	1427010	97838497
7012	1023	4104	1361	1090161	68612423	1330921	88978567
7013	352	4486	1086	1090184	68614810	3170332	285851815
7014	5525	6716	5211	1090200	68615776	1108886	70066577
7015	761	6276	7965	1090234	68619073	0	0
7016	4256	6004	7058	1091212	68711051	1158489	74033681
7017	2531	3039	3767	1091433	68731110	1720626	125798667
7018	1984	3011	2530	1091612	68745424	1751721	128659299
7019	1002	4877	1772	1092484	68809125	1879988	141194270
7020	1317	2334	3052	1093047	68837555	1661406	120365692
7021	2896	4226	3084	1093066	68838595	1898915	143135777
7022	2959	5029	1816	1093220	68847014	1274266	83901919
7023	48	4143	7513	1093400	68856283	1131388	71879610
7024	1379	1787	1510	1093646	68872041	1472507	102132161
7025	262	2132	1373	1093953	68888880	1201267	78009401
7026	1302	4031	3978	1093957	68889068	0	0
7027	1504	4089	7128	1094044	68895357	0	0
7028	5635	5731	4889	1094201	68906302	2070869	161009688
7029	3016	3931	5043	1094502	68928991	0	0
7030	746	4983	1434	1095172	68973127	2430153	198837743
7031	2195	3959	2827	1095181	68973705	4368707	440754026
7032	3595	6721	9775	1095381	68986846	3772193	363358038
7033	5118	6921	3706	1095649	69008914	1483613	103088741
7034	84	1964	1273	1095789	69020216	1864785	139687972
7035	578	5697	4602	1096519	69063843	0	0
7036	5060	5802	6845	1096676	69074598	3576967	338359650
7037	2396	3993	5568	1097351	69125061	1227557	80126900
7038	3782	6292	10849	1097624	69143933	0	0
7039	298	457	265	1097651	69146332	1790170	132266506
7040	267	1781	763	1097824	69160543	3067995	273768681
7041	1887	1960	1514	1098593	69213530	2554830	212769522
7042	3000	6838	6605	1098617	69214778	1243978	81414016
7043	3488	5881	9382	1098746	69224367	4213791	420127667
7044	3553	6682	6251	1099324	69268149	1488726	103626558
7045	322	1353	1713	1099356	69271111	1220295	79565915
7046	2285	6275	6069	1099521	69284658	1795967	132786228
7047	3785	4610	2327	1099828	69310861	1952107	148600920
7048	3549	4659	7635	1100049	69327237	1384315	94008916
7049	4770	6264	12971	1100109	69332475	0	0
7050	984	3355	537	1100307	69349999	1607894	115360774
7051	6839	6915	7281	1100600	69374983	1279789	84405385
7052	1232	5068	3067	1101154	69426480	0	0
7053	1186	3532	2625	1101381	69445333	1300294	86229350
7054	1540	4055	1947	1101797	69477757	1637622	118112464
7055	1720	5368	2784	1101883	69483279	0	0
7056	1220	2784	2304	1101950	69487586	1252563	82077899
7057	2001	4605	3212	1101977	69489647	0	0
7058	1256	1888	1658	1101995	69490870	0	0
7059	1291	4250	3299	1102341	69515091	3220118	292390385
7060	5354	5410	1662	1102425	69520734	3045637	270839734
7061	1568	1980	4354	1102596	69531037	1468619	101771607
7062	4834	5073	6602	1102872	69549063	1177440	75744325
7063	2508	4055	4810	1103076	69565166	1427725	97900868
7064	4969	5993	6497	1103190	69573488	0	0
7065	158	5896	1953	1103596	69606294	1185921	76661460
7066	836	1900	2705	1103801	69621787	1136536	72352117
7067	2285	2590	4805	1103922	69630391	2804513	240812782
7068	4115	6709	4986	1104067	69641337	1596598	114330861
7069	4817	6839	9096	1104129	69646946	1551588	109606917
7070	599	6003	2832	1104188	69652519	1280140	84438346
7071	1493	5423	7338	1104504	69682963	1181500	76193764
7072	1276	6192	7690	1105479	69762374	0	0
7073	3530	5563	2167	1105565	69770667	1202510	78105675
7074	5305	6793	7662	1105645	69777521	2414820	197075747
7075	1839	3389	3784	1106245	69830895	1163897	74583050
7076	3416	4060	1910	1106601	69857373	1589530	113535147
7077	4517	6684	2127	1106707	69864344	0	0
7078	730	2376	7376	1106833	69872881	2145743	169073349
7079	730	4829	4131	1106833	69872881	1144805	72952538
7080	2376	4829	9481	1106833	69872881	0	0
7081	2138	6821	5428	1106890	69877069	1505750	105113392
7082	3794	6423	4016	1107600	69948159	0	0
7083	5146	5922	12384	1107765	69962537	1416920	96893148
7084	1057	1646	1841	1107833	69968447	0	0
7085	6416	7014	6487	1108886	70066577	3244511	295585086
7086	2800	5323	8008	1108992	70075044	1937982	147090042
7087	1572	1680	2309	1109043	70079416	1144468	72921547
7088	1176	2258	1281	1109050	70079892	4122083	408075990
7089	3443	4049	4421	1109271	70102833	1463763	101340305
7090	4216	5934	8905	1109465	70120210	1931774	146438479
7091	3034	3706	6942	1109560	70129917	1742010	127763100
7092	3428	6733	2911	1110286	70210751	2127860	167399067
7093	6173	6407	9012	1110674	70242456	2092234	163534457
7094	3941	4730	3313	1111170	70288128	0	0
7095	910	6699	5475	1111190	70289461	0	0
7096	1725	6265	7059	1111310	70302623	1144027	72885229
7097	752	3181	1063	1111762	70345186	2772311	237572032
7098	1583	3402	1322	1112035	70367943	1589348	113509742
7099	1024	3545	2028	1112327	70390395	1116425	70695359
7100	6395	6741	4402	1113049	70436417	1252715	82090594
7101	2121	2417	2410	1113281	70452253	1459578	100914070
7102	80	2919	2165	1113448	70462374	1422264	97425627
7103	619	6189	2579	1113511	70466307	1771072	130510004
7104	4058	5956	7421	1113832	70488705	1609505	115534222
7105	3379	5437	3562	1113982	70500163	3163037	284873479
7106	1443	2924	3055	1114216	70516318	0	0
7107	4232	6313	3111	1114489	70535150	1358391	91566053
7108	471	2913	2466	1114554	70539577	1491646	103927220
7109	4746	6368	6752	1114579	70540817	0	0
7110	862	1321	1692	1114622	70544856	1738948	127500066
7111	2342	6801	5696	1115128	70582292	1121531	71053187
7112	3303	5183	12924	1115236	70590272	0	0
7113	329	3982	380	1115686	70635866	2518481	208533225
7114	2373	5055	1494	1116308	70686065	3204682	290332476
7115	2082	7099	2344	1116425	70695359	1428350	97956278
7116	2437	2718	2906	1116480	70698622	1724904	126199555
7117	196	1298	969	1116963	70729655	3715795	356439369
7118	1875	6070	4663	1117021	70733023	1448563	99867323
7119	3812	6259	3968	1117059	70735433	3733316	358416895
7120	2577	5231	2373	1117082	70736617	1204933	78305101
7121	2994	3198	3065	1117635	70774910	3234871	294407668
7122	1910	4298	1764	1118194	70807331	1647018	118987351
7123	317	2497	2530	1118501	70822996	2385453	193747070
7124	2086	2904	3524	1118532	70824677	1965737	149808381
7125	926	2904	1879	1118706	70835091	1277096	84134309
7126	3117	6695	10640	1119199	70861025	2291174	183839619
7127	2652	2689	4618	1119297	70867978	1281348	84544873
7128	704	1495	1279	1119396	70875059	1355089	91186032
7129	4505	4681	5429	1119446	70878872	1847676	137995554
7130	3950	3994	6807	1119454	70880089	1376800	93370831
7131	503	4130	3258	1119675	70900621	1926881	145946330
7132	2443	5463	5913	1119800	70912750	2045451	158282540
7133	857	1243	898	1120443	70964917	1638531	118220243
7134	4459	5459	9033	1120570	70975048	3184095	287599278
7135	2720	6461	5051	1120886	70999239	2505402	207191994
7136	1161	1889	2960	1121225	71028263	0	0
7137	2446	3242	7783	1121274	71031719	1842404	137421273
7138	2210	2851	1591	1121436	71045229	1552761	109768515
7139	1982	7111	7958	1121531	71053187	1884314	141552246
7140	3293	5380	6952	1121702	71071853	1613766	115952793
7141	2067	5186	6393	1122592	71157450	3032619	269257376
7142	329	2857	3647	1122725	71168928	1631173	117550789
7143	61	4971	3249	1123313	71218222	1560701	110641393
7144	3591	6610	3977	1123906	71256310	0	0
7145	5714	6060	6025	1123974	71259577	0	0
7146	5261	5681	5684	1124326	71285162	1164659	74635168
7147	438	460	456	1124537	71301419	0	0
7148	252	3428	1708	1124599	71304997	1370191	92781896
7149	4299	4532	2850	1124874	71322200	1653128	119460332
7150	1127	5246	3993	1124891	71323271	1883630	141508141
7151	691	5025	2354	1125080	71336206	0	0
7152	1622	5891	1866	1125381	71355134	2780564	238295183
7153	5393	7006	8776	1125572	71366615	2826771	243771368
7154	898	6709	3679	1125597	71367968	1140853	72674715
7155	704	3887	3940	1125913	71390133	3710026	355619738
7156	7	4239	1957	1126309	71422333	1466312	101531731
7157	4374	6257	2818	1126346	71424854	3542056	333882048
7158	2322	4998	5996	1126364	71425797	2872325	249621780
7159	1757	3013	3581	1126377	71426734	4334602	435770269
7160	5632	6157	16646	1126445	71432972	1675540	121735520
7161	33	3204	1792	1126674	71462629	1178045	75817571
7162	6231	6815	1566	1126718	71467215	0	0
7163	2946	5457	4388	1126970	71494787	0	0
7164	871	1235	676	1127413	71538435	0	0
7165	916	4847	7440	1127511	71548946	1218334	79392744
7166	6318	6808	4637	1127603	71557752	1138178	72489688
7167	4013	5984	4577	1128038	71598276	1535252	108040160
7168	1480	6468	5914	1128110	71606120	1386346	94204265
7169	517	3867	2557	1128779	71669400	1209857	78736870
7170	1944	6782	8135	1128824	71672821	1801571	133348791
7171	1618	4018	5083	1128969	71687525	1373663	93088260
7172	287	4771	2007	1129134	71705467	1779062	131132255
7173	2438	3645	2117	1130365	71807481	0	0
7174	1587	6235	4743	1130516	71817528	4287661	429642498
7175	500	5009	1789	1130658	71828368	3941537	384514709
7176	1155	6832	2267	1130748	71835682	2547080	211938647
7177	2839	5797	5469	1131047	71855622	0	0
7178	403	7023	7579	1131388	71879610	2802349	240476743
7179	2383	4227	3231	1131521	71889629	2016420	155097223
7180	520	6243	1250	1131978	71926787	1645891	118877186
7181	930	3123	2801	1132068	71932437	1187100	76792045
7182	1722	2682	2164	1132161	71938080	1721039	125833021
7183	244	6099	3705	1132190	71939800	3206867	290619605
7184	975	7007	2888	1132473	71963194	2101309	164468435
7185	6112	6577	12009	1132994	72000084	0	0
7186	3237	6295	4846	1133116	72010252	1655217	119640341
7187	3142	6621	7543	1133268	72025061	1758094	129194193
7188	656	1057	1001	1133322	72029509	1558183	110358450
7189	2225	4474	3277	1133412	72038044	2009271	154230531
7190	995	5999	3280	1133732	72069728	2149578	169517729
7191	6218	6514	5100	1134298	72121900	1889460	142154214
7192	1894	4786	3936	1134523	72140537	1374920	93208839
7193	2165	5759	4988	1134554	72143331	3241484	295191330
7194	1392	6971	6045	1134715	72158645	0	0
7195	4427	5644	3615	1134767	72164277	1566795	111235180
7196	3765	6954	11733	1135004	72188761	2009271	154230531
7197	3988	5565	4717	1135131	72202753	4331225	435238491
7198	323	857	671	1135273	72222797	1527020	107222448
7199	3286	4721	2094	1136033	72302197	3451053	322079955
7200	6298	6742	6408	1136045	72303079	3726468	357703637
7201	3750	5772	9174	1136207	72320749	1201879	78049314
7202	198	2238	1740	1136458	72345028	0	0
7203	4422	7066	5928	1136536	72352117	2070848	161005824
7204	1667	5616	5969	1137577	72445653	0	0
7205	1669	7166	5942	1138178	72489688	0	0
7206	2771	5696	3863	1138358	72503670	0	0
7207	2746	5004	8575	1138708	72527148	3743687	359617569
7208	4337	6940	6148	1138979	72545435	2590032	216613377
7209	1635	5458	8115	1139871	72610223	1206127	78404714
7210	2799	4071	3123	1139896	72611843	2547048	211934455
7211	149	209	166	1140595	72657208	0	0
7212	1410	6026	2560	1140601	72657386	1427339	97868149
7213	1696	4141	5395	1140632	72659603	2627371	220806774
7214	2832	3150	2708	1140751	72667866	0	0
7215	1365	7154	4507	1140853	72674715	2849995	246973046
7216	1915	3592	1903	1141082	72692112	1195881	77543967
7217	3611	4312	3806	1141320	72709581	1445916	99621803
7218	2945	4525	3072	1141887	72746732	1652587	119414818
7219	1260	4870	5916	1141889	72746867	1961400	149442245
7220	1878	6003	4112	1141990	72754655	2548888	212160906
7221	5938	6850	3733	1142127	72763895	0	0
7222	6026	6363	2259	1142365	72780504	2015730	155013765
7223	3701	6474	3228	1142467	72789132	1679566	122106708
7224	2427	2988	3057	1142485	72790391	1689017	122933362
7225	433	2010	1707	1142642	72801257	2206425	175349226
7226	2631	3186	1279	1142973	72823497	1181014	76143524
7227	4472	4748	8218	1143423	72850512	1417898	96983715
7228	3313	7096	8935	1144027	72885229	1574221	112035659
7229	1180	5567	10538	1144221	72897886	1147969	73191219
7230	4391	6946	4187	1144244	72900456	1315214	87564341
7231	1359	7087	2658	1144468	72921547	1910247	144395698
7232	1771	6462	5483	1144529	72927166	4424740	448122954
7233	4698	7079	9276	1144805	72952538	1615124	116080077
7234	1330	2381	1433	1144901	72964669	1214702	79088871
7235	81	4241	4470	1146568	73098523	1333217	89164961
7236	1189	1483	1365	1146596	73099955	2501400	206793032
7237	2693	5364	3264	1146856	73117020	1405562	95937950
7238	2485	3745	3081	1146955	73123530	1411039	96398792
7239	3112	3338	6080	1147176	73137217	3125630	280558619
7240	1704	2318	2172	1147333	73147939	2744059	234295969
7241	3381	5062	5251	1147413	73152355	1158579	74045240
7242	2648	3088	3252	1147543	73161451	0	0
7243	1539	5180	1296	1147646	73169289	2835468	244921467
7244	1426	7229	10706	1147969	73191219	1537554	108238669
7245	3233	4750	8169	1148055	73198999	1433031	98370386
7246	2375	5641	7626	1148992	73280319	0	0
7247	1166	2116	784	1149364	73306449	1547415	109215509
7248	1014	3183	3619	1149506	73315855	0	0
7249	3030	3120	3609	1149545	73318197	1216281	79220379
7250	1116	1649	2155	1149600	73322756	1202366	78091377
7251	2322	3843	7298	1149811	73339121	0	0
7252	3370	4346	2714	1150325	73376745	0	0
7253	1506	5701	2843	1150793	73405529	0	0
7254	4478	6363	3750	1150927	73414128	2242910	179067723
7255	791	2202	5477	1151312	73436676	3444002	321063216
7256	2567	5480	7611	1151659	73459265	1490409	103799559
7257	2397	6619	8477	1152119	73488962	0	0
7258	3174	6733	3138	1152146	73490772	1411428	96424842
7259	1740	1855	397	1153058	73548540	1246725	81640998
7260	388	5967	3011	1153300	73559727	2364911	191295024
7261	2634	6397	6790	1153349	73561959	2698050	228848063
7262	131	3501	2036	1153588	73577825	1782752	131445124
7263	3387	6790	10580	1153781	73588345	2338225	188662167
7264	312	6146	4636	1153821	73591768	3060435	272763604
7265	5297	6005	6121	1153936	73602136	2691783	228137580
7266	1914	6294	2155	1154107	73617761	0	0
7267	4814	5797	9062	1154251	73630349	1460262	100995190
7268	1451	6459	8176	1154502	73658031	2648619	223156981
7269	3226	4054	5300	1154880	73696540	1421827	97385272
7270	1491	4578	2000	1155240	73734285	0	0
7271	2470	3678	1642	1155403	73747802	0	0
7272	4135	6558	6107	1155685	73771886	1373899	93111033
7273	4150	4831	8211	1155772	73780097	1367727	92535926
7274	1411	4534	3015	1155975	73801421	1657073	119833137
7275	3453	6300	6573	1156291	73829364	1306400	86754258
7276	2580	5924	5157	1156864	73882557	3131675	281130084
7277	3187	5500	3710	1156986	73892948	1159390	74154493
7278	3900	4211	4342	1157121	73904339	1566024	111157135
7279	439	6196	2380	1157204	73911702	3391052	313789010
7280	2340	5401	4114	1157322	73923016	2185487	173097964
7281	2059	3482	4901	1157878	73969969	3140645	282249989
7282	4845	6407	9656	1158071	73988614	1788800	132125418
7283	4785	4990	12465	1158127	73992771	1188139	76908559
7284	1308	6194	4221	1158324	74015954	2505173	207167990
7285	2622	7016	11897	1158489	74033681	1443348	99354566
7286	1026	7241	5433	1158579	74045240	1315792	87628086
7287	2629	3748	6652	1158654	74055527	1317391	87808682
7288	1309	1343	1903	1158861	74087729	1483505	103075468
7289	571	1555	976	1158971	74103601	1667847	120988265
7290	4805	7277	5396	1159390	74154493	1555189	110015274
7291	518	5905	1422	1159843	74205263	1260425	82733748
7292	546	1564	2687	1159874	74207790	2542861	211402120
7293	491	1723	4179	1160296	74250215	1539104	108390710
7294	4469	5283	4692	1160536	74276748	1386827	94250115
7295	1951	5576	4563	1161039	74324123	3958915	386661960
7296	3071	6095	5001	1161055	74325219	2049634	158793445
7297	57	4649	2116	1161070	74326760	2005930	153870784
7298	611	1328	719	1161281	74349348	3525386	331602998
7299	2738	5732	9727	1161451	74363558	1232191	80487908
7300	3808	5715	6526	1161613	74381678	1570208	111565420
7301	660	3534	5952	1161940	74416759	3793688	366476822
7302	3090	5510	4220	1162250	74449540	1398352	95299256
7303	814	1090	1432	1162456	74470830	3027539	268469359
7304	90	2154	1083	1162683	74491612	2186817	173248891
7305	2771	4484	2884	1163176	74532371	1296321	85823984
7306	4367	4710	2529	1163535	74558486	4251260	424429149
7307	2093	4267	5879	1163604	74562464	4059730	400055074
7308	3872	7075	7587	1163897	74583050	1757957	129182407
7309	3844	7146	12892	1164659	74635168	1566665	111217561
7310	2457	5684	2987	1164702	74637717	1602228	114811732
7311	1670	2033	2248	1164878	74654537	1839572	137178165
7312	779	1634	775	1165053	74668971	1730047	126592149
7313	51	6027	9920	1165123	74673377	0	0
7314	33	1266	621	1166045	74756297	1651603	119339988
7315	1950	3583	3440	1166233	74770539	2265626	180980337
7316	4511	4519	3073	1166275	74773267	3497339	327469280
7317	1153	5726	4563	1166590	74794130	1697552	123705247
7318	1180	1764	3104	1166902	74815606	2966344	260697674
7319	3119	6397	6897	1166951	74819519	2399491	195364215
7320	5236	6155	8461	1167312	74847699	1389660	94564635
7321	3142	6390	6074	1167476	74862224	1570241	111568098
7322	2324	5693	3325	1167537	74867755	4094231	404352690
7323	5919	6324	13610	1167588	74871245	4285695	429361306
7324	1614	3073	3282	1167618	74875277	4191435	416872953
7325	5850	6021	10077	1168470	74963246	0	0
7326	32	2096	2391	1168567	74973406	2053235	159157560
7327	971	5532	1585	1169454	75056336	0	0
7328	2192	3577	3834	1169530	75062559	1388990	94492279
7329	2161	4653	865	1169651	75073426	1957528	149101243
7330	5788	6307	6590	1170416	75123454	1639885	118381810
7331	4954	6825	2934	1170498	75128448	1580067	112622907
7332	517	721	473	1170887	75154215	1806681	133844474
7333	3332	3677	4068	1171150	75171338	3344507	307731104
7334	3980	5510	6243	1171407	75186176	2141840	168638183
7335	3945	4740	9154	1171456	75189876	3927298	382804030
7336	638	5239	665	1171569	75199591	2589868	216595652
7337	3454	5313	5862	1171839	75220431	1372324	92968084
7338	3169	3494	5460	1171953	75228417	1948400	148154860
7339	3653	6320	5384	1171983	75230025	1418923	97102096
7340	131	1572	1107	1172203	75252166	3086002	275932886
7341	2722	3593	6792	1172382	75267299	1682415	122322422
7342	6377	6935	7650	1172496	75277515	2298007	184517408
7343	4749	6801	4856	1172626	75290557	1983678	151657461
7344	2819	6323	4818	1172925	75320375	1451283	100121860
7345	203	4089	5663	1172968	75323958	1362804	91974382
7346	86	5043	4248	1173001	75326725	0	0
7347	1361	5205	4179	1173097	75337411	1490836	103847477
7348	1739	2372	2027	1173198	75349369	1182678	76317228
7349	347	5736	4764	1173983	75436558	3708824	355479058
7350	592	1747	881	1174473	75478376	1231359	80425366
7351	156	4856	2463	1174994	75520341	2483866	204988276
7352	1112	5419	8778	1175195	75531837	1281742	84579758
7353	494	6304	5603	1175334	75543941	2323733	187101407
7354	4219	5266	7381	1175431	75554088	2226329	177295969
7355	2923	5916	6428	1175463	75558579	2138642	168319162
7356	6559	6962	10878	1176270	75638223	4290395	430065982
7357	253	3689	2249	1177090	75714954	1880939	141288209
7358	5817	6522	4552	1177233	75726234	0	0
7359	1117	5690	1172	1177359	75737176	0	0
7360	4679	7062	16325	1177440	75744325	1206365	78425651
7361	748	4966	6008	1177837	75787528	1675540	121735520
7362	4325	5832	11960	1177931	75799754	0	0
7363	967	4930	6343	1177996	75810093	1775746	130843751
7364	1767	7161	3947	1178045	75817571	1421856	97388083
7365	902	2998	1940	1178661	75897831	2328964	187711196
7366	3222	6216	11993	1178754	75909074	0	0
7367	172	1400	1294	1179041	75943281	3365454	310461559
7368	3701	5322	5485	1179797	76028907	0	0
7369	1573	1583	1848	1180036	76055501	1560727	110644524
7370	4208	6651	4003	1180356	76083831	1716340	125316699
7371	2870	5754	6349	1180469	76093063	2856671	247910543
7372	2222	4341	4104	1180727	76116564	2730670	232674147
7373	426	4382	3703	1180921	76134731	2031806	156768502
7374	4025	7226	6558	1181014	76143524	2634889	221681094
7375	2296	6975	8525	1181155	76158290	1670372	121210148
7376	1975	4790	4405	1181181	76161176	0	0
7377	3668	7071	10953	1181500	76193764	0	0
7378	2295	5934	10631	1182608	76309595	1379809	93599728
7379	3465	6938	13709	1182647	76312938	1461304	101106740
7380	555	7348	2144	1182678	76317228	2037336	157340501
7381	1594	6099	3894	1183113	76365657	2295175	184239666
7382	376	4065	4174	1183807	76433168	1898827	143127328
7383	952	2591	2475	1183999	76450743	1459578	100914070
7384	1915	2377	3168	1184073	76458114	3610302	342579220
7385	2046	3937	8088	1184089	76459569	1628899	117348781
7386	907	6318	4778	1184118	76461843	1417105	96908918
7387	1443	5488	3739	1184127	76462716	1593359	114019115
7388	5186	6418	9165	1184713	76520687	1504868	105031426
7389	1304	5635	2029	1184861	76535224	0	0
7390	5517	5625	10726	1184867	76535725	2362795	191045329
7391	1108	3092	2973	1185050	76560332	1449426	99958858
7392	1621	5489	1874	1185339	76594778	2269203	181396210
7393	1470	6642	2865	1185461	76608617	2087149	162981707
7394	4216	6402	6134	1185631	76628602	1433978	98451514
7395	964	4808	1522	1185889	76657385	3937623	384057566
7396	2651	7065	3642	1185921	76661460	0	0
7397	3579	4697	7213	1185957	76665787	1213460	79000819
7398	5484	6245	12197	1186042	76674284	3918109	381794886
7399	1641	1798	1644	1186184	76689922	0	0
7400	1479	6478	1303	1186383	76715541	1912584	144635763
7401	3334	4719	4641	1186992	76781473	0	0
7402	4470	7181	5976	1187100	76792045	2768940	237123926
7403	2794	3293	3973	1187108	76792497	1304821	86598097
7404	960	3922	8512	1187201	76801743	2078328	162029890
7405	3548	3908	5115	1187685	76859311	2558488	213091726
7406	4480	7283	12779	1188139	76908559	1442016	99232766
7407	1436	2582	1752	1188203	76918995	0	0
7408	2348	5428	4319	1188316	76931959	3591518	340140027
7409	342	803	96	1189657	77065590	1355222	91201844
7410	208	850	276	1190073	77093601	1711152	124859394
7411	5429	5787	7463	1190326	77110209	1578729	112499861
7412	1000	6694	4736	1190569	77128665	1980583	151301122
7413	1159	2827	791	1190856	77151439	2712245	230448179
7414	1942	4828	2672	1191123	77171023	2652716	223708634
7415	4250	4334	3447	1191510	77192581	1542283	108682300
7416	3884	4082	5967	1191667	77202130	2206714	175376717
7417	475	1196	1623	1192246	77237925	0	0
7418	1234	5947	2439	1192327	77242915	1419996	97215155
7419	5456	6278	10926	1192392	77246208	0	0
7420	283	839	462	1192400	77246474	1566544	111207020
7421	570	6115	5810	1192634	77262001	1297331	85937739
7422	5288	6338	12671	1192667	77264322	1743088	127873415
7423	618	5547	4068	1192903	77290662	2248489	179566993
7424	1733	3180	2030	1193099	77310852	1196824	77637677
7425	1635	2874	2390	1193803	77372606	1288137	85165657
7426	2380	5579	3815	1193958	77385141	3647507	346971593
7427	211	4978	6702	1194633	77435190	2126207	167200329
7428	3694	6943	7373	1194653	77436498	0	0
7429	2663	2699	2067	1194856	77457249	2748844	234871388
7430	4126	6468	11713	1194976	77466735	1534306	107952990
7431	1076	3015	2200	1195647	77526365	2461438	202489589
7432	1487	5580	1357	1195688	77528857	2984382	262713448
7433	180	1636	474	1195867	77542907	1975810	150898086
7434	5129	7216	17525	1195881	77543967	3323931	305197538
7435	2635	6330	9197	1196046	77559252	2070030	160899576
7436	6621	7424	8059	1196824	77637677	1728819	126499785
7437	297	3551	3659	1197289	77676629	3187219	288117333
7438	1325	5983	5255	1197323	77680290	2672001	225861209
7439	4922	6121	9630	1197575	77702697	1356577	91363136
7440	2507	3139	7081	1197881	77731969	2475879	204178725
7441	3471	3622	4684	1197933	77735875	1237822	80914997
7442	6329	7161	2828	1198069	77749907	0	0
7443	1157	2115	2066	1198384	77780852	2655822	224124008
7444	4028	6699	6071	1198625	77801692	1387299	94304424
7445	1763	2432	1809	1198725	77810534	4047701	398418034
7446	642	5537	4413	1198813	77818611	1451578	100148324
7447	514	1430	1872	1198920	77829625	1221176	79633236
7448	1775	5823	2029	1199171	77851400	0	0
7449	166	2250	1482	1199614	77886990	2241083	178854808
7450	4005	6838	6026	1199880	77904796	0	0
7451	4712	5064	3201	1199937	77909660	2558408	213083990
7452	1195	5877	4612	1199993	77914055	2891233	251502179
7453	3360	4071	3042	1200148	77924116	1361835	91894704
7454	1155	4661	2613	1200262	77933191	1229272	80249667
7455	2384	3687	6195	1200326	77939004	1268152	83332973
7456	6223	7025	4243	1201267	78009401	1300197	86220925
7457	3280	5743	3066	1201619	78032125	1443943	99409685
7458	2983	4834	1607	1201750	78040444	3946157	385074640
7459	1085	7201	9405	1201879	78049314	0	0
7460	3505	3844	10816	1201893	78050145	0	0
7461	5425	7250	5074	1202366	78091377	4163448	413275724
7462	4743	7073	5322	1202510	78105675	1751416	128624028
7463	1707	3351	1783	1202809	78134053	0	0
7464	4361	6914	5027	1203054	78154755	2838995	245411249
7465	2521	4236	5984	1203140	78162151	1280403	84462116
7466	4085	4314	4235	1203531	78198749	1833850	136532463
7467	5839	6266	3934	1204552	78277205	1657165	119844420
7468	1696	3851	2476	1204631	78281643	2071728	161126107
7469	1941	3529	3887	1204657	78283189	1832929	136448040
7470	772	5443	6314	1204889	78301576	0	0
7471	6646	7120	4026	1204933	78305101	4136265	409836832
7472	152	2002	990	1205034	78315148	3753403	360903456
7473	2818	4374	3088	1205399	78346292	1265149	83140466
7474	406	1366	1019	1205700	78371357	1213229	78987816
7475	3548	5253	5585	1205732	78373353	2065619	160426595
7476	1843	2447	1889	1205779	78377871	2653632	223815702
7477	841	3980	4564	1206014	78396437	0	0
7478	6389	7209	9909	1206127	78404714	0	0
7479	5540	7360	25839	1206365	78425651	0	0
7480	644	6055	1181	1207066	78513810	1665807	120813435
7481	2347	4722	7853	1207159	78524204	2216904	176375106
7482	243	2601	1025	1207579	78570003	1266302	83227997
7483	1365	6188	2668	1209210	78694107	0	0
7484	358	6129	6644	1209411	78705340	2045086	158237702
7485	2973	4270	7199	1209453	78707871	1758899	129281647
7486	54	3324	652	1209820	78734327	4078462	402447429
7487	5388	7169	3417	1209857	78736870	0	0
7488	214	833	460	1209918	78740124	2263796	180811537
7489	2758	4557	4045	1210041	78749380	1467323	101620839
7490	1383	2952	2230	1210081	78752217	3627880	344558297
7491	23	3590	1503	1210312	78770875	2374717	192528956
7492	388	2869	1456	1210487	78783654	0	0
7493	4689	5108	4721	1210549	78787562	0	0
7494	1699	1944	1963	1210594	78792270	2134205	168029996
7495	2201	6710	8436	1210826	78809883	1697886	123737284
7496	1846	4708	5676	1210968	78821997	1996532	153110481
7497	3671	6507	8558	1211611	78874265	1624679	116922203
7498	1582	3107	3209	1211791	78889353	1593491	114031312
7499	47	5896	1955	1212147	78917257	1457063	100666483
7500	2172	2245	3391	1212197	78919780	1752130	128708839
7501	376	687	334	1212868	78968449	0	0
7502	804	7474	1725	1213229	78987816	1499626	104607841
7503	314	7397	7840	1213460	79000819	0	0
7504	1559	6766	1897	1213733	79020820	1557719	110306295
7505	1525	6841	3094	1213747	79021544	3600557	341274749
7506	1410	3742	2775	1213996	79037882	2055393	159376313
7507	3472	7226	1969	1214102	79044346	2518481	208533225
7508	137	3882	2748	1214275	79055100	3710751	355714363
7509	6001	6983	5082	1214392	79062517	1573712	111986539
7510	3122	5544	4957	1214440	79065530	1276187	84058063
7511	451	6773	1394	1214573	79076992	1488726	103626558
7512	2882	6346	4193	1214702	79088871	4038878	397316230
7513	2882	7234	3137	1214702	79088871	1263915	83056122
7514	6346	7234	3922	1214702	79088871	1793435	132530065
7515	4211	6744	5384	1215041	79120512	0	0
7516	2719	5182	5414	1215228	79136850	1650295	119236251
7517	2994	3591	4128	1215659	79173132	2595460	217304070
7518	186	4954	1929	1215790	79184024	0	0
7519	1547	4593	4025	1215914	79192942	1876291	140817044
7520	3838	5042	5080	1215992	79198213	0	0
7521	3191	7249	4856	1216281	79220379	2381320	193264978
7522	2406	4739	2436	1216360	79227038	1386948	94262494
7523	2470	5394	3552	1216592	79246788	1393806	94902413
7524	3135	5686	5345	1216619	79248782	1670841	121264641
7525	4346	4541	6383	1216942	79275437	0	0
7526	1891	3411	2912	1217297	79304988	2133443	167979189
7527	4700	7229	11510	1217410	79312313	0	0
7528	2348	2640	2142	1217840	79349658	1614040	115981679
7529	1427	2338	2143	1217939	79359199	2878991	250331059
7530	3991	6491	7585	1218142	79375663	2656848	224244907
7531	863	1110	2031	1218328	79392470	4206843	419226834
7532	6716	7165	10369	1218334	79392744	0	0
7533	42	4944	5128	1218742	79436711	3251566	296422115
7534	424	742	964	1219500	79504898	0	0
7535	958	5071	8706	1219807	79527393	0	0
7536	112	4146	4260	1219897	79534720	0	0
7537	2166	7045	3771	1220295	79565915	0	0
7538	1123	6174	5514	1220738	79600351	0	0
7539	93	4960	1760	1220805	79605076	0	0
7540	4201	7447	2758	1221176	79633236	2612445	219058438
7541	1425	6394	5600	1221330	79643938	3209764	291009422
7542	452	2110	1503	1221573	79664038	0	0
7543	759	5561	4444	1221742	79678262	1901920	143425888
7544	3622	6736	5501	1221755	79679148	1467277	101616487
7545	1769	3108	4882	1221909	79691071	1942956	147604109
7546	235	2735	1831	1222338	79725417	2368735	191834278
7547	5498	6182	4441	1223081	79780297	2413717	196889789
7548	3823	5578	12094	1223217	79790255	0	0
7549	716	5611	1498	1223379	79804550	2306495	185379166
7550	2826	4008	6977	1223529	79815597	2220403	176711002
7551	3107	5870	3329	1224252	79874449	1506125	105151597
7552	3921	4751	7930	1224527	79893860	2743302	234194833
7553	5349	5870	1219	1224563	79897364	1508553	105383261
7554	5348	5656	5602	1224566	79897561	1717683	125481000
7555	1787	2151	1948	1224603	79900360	3133503	281323280
7556	1475	1703	1199	1224907	79926241	1655780	119688726
7557	5138	7111	8101	1225290	79953796	2637693	221987343
7558	904	4694	2347	1225335	79956902	2146123	169118423
7559	673	6575	5795	1225750	79992767	3110522	278705833
7560	5757	5939	6249	1225899	80005003	2210408	175752694
7561	3653	4575	4161	1226007	80013652	2283904	183089519
7562	1609	5383	1063	1226061	80018713	1372281	92963193
7563	2503	6917	2083	1227116	80099760	2263077	180742897
7564	6402	7007	7051	1227386	80115994	0	0
7565	3881	7037	6427	1227557	80126900	2110049	165572993
7566	1187	4132	1801	1227894	80151083	1577726	112414945
7567	1602	5223	9439	1228179	80168848	3716364	356522429
7568	619	5014	10404	1228863	80215100	0	0
7569	1123	4455	2159	1228875	80215954	0	0
7570	4239	6205	5520	1229028	80228034	2514874	208111810
7571	1397	7454	2896	1229272	80249667	2014807	154902300
7572	2443	6063	6623	1229287	80250979	1860749	139283103
7573	5053	5176	6256	1229620	80277603	1447754	99791495
7574	3796	6727	5570	1230276	80339411	3813929	369055432
7575	2163	5921	7874	1230945	80392614	2160721	170850501
7576	1899	5986	1441	1231179	80410443	1576140	112258110
7577	1160	6197	6112	1231224	80414530	2052090	159048672
7578	422	7350	993	1231359	80425366	1663799	120569030
7579	59	5163	3131	1231669	80448816	1785087	131719716
7580	1758	3371	2394	1231915	80465914	0	0
7581	3429	7299	10960	1232191	80487908	1567896	111348143
7582	1307	6256	1841	1232770	80538717	4228396	421858223
7583	2640	5525	2949	1233302	80574189	1507398	105282454
7584	3345	4636	4617	1233435	80582487	1637890	118143512
7585	3406	4428	4487	1233488	80586499	1820635	135216448
7586	654	875	663	1233593	80594726	1234617	80673222
7587	1076	4214	4106	1233626	80596884	0	0
7588	665	3728	3669	1233671	80599565	1856111	138855755
7589	4358	5880	4445	1233679	80600023	2108568	165384176
7590	3032	5249	4424	1234049	80631625	2083410	162625971
7591	601	7586	1359	1234617	80673222	1285999	84986450
7592	1575	4268	2719	1234804	80684292	1713943	125088480
7593	239	3931	4023	1235549	80727084	1357194	91439084
7594	2415	3320	5562	1235614	80730852	1741127	127689133
7595	455	1565	1147	1235757	80740032	1362772	91972108
7596	1912	3182	1559	1235763	80740239	1324297	88465023
7597	401	5391	9841	1235798	80741800	1297456	85950027
7598	4712	5247	6189	1235950	80754491	1659301	120121277
7599	3657	3691	3035	1236071	80766033	0	0
7600	3560	6536	7874	1236230	80781632	2665125	225099473
7601	649	1814	1598	1236249	80783460	2380305	193152691
7602	2563	3645	1644	1236990	80849122	1475240	102331675
7603	4260	5388	4752	1237060	80853436	1875929	140789128
7604	4775	5268	3566	1237500	80889844	2484164	205010672
7605	5228	7441	7222	1237822	80914997	2247895	179496031
7606	3870	4105	5111	1238146	80941676	2295652	184287629
7607	718	5562	860	1238271	80951079	1392827	94822014
7608	431	6585	415	1238293	80952419	0	0
7609	4948	6713	5638	1238352	80958283	0	0
7610	5646	6609	8097	1238503	80970390	1518026	106306624
7611	1066	2850	4084	1239016	81015111	2096748	164054785
7612	4269	6504	7731	1239474	81049913	1530908	107661523
7613	727	4315	1126	1239529	81054235	2062156	160076546
7614	2998	4443	3538	1239619	81060212	3710720	355708944
7615	2939	5727	9727	1240065	81096129	1316591	87718409
7616	1008	5362	9576	1240525	81138052	0	0
7617	1650	1872	1644	1241165	81192419	0	0
7618	1549	6857	3765	1241570	81220584	0	0
7619	2677	3739	1918	1241653	81227096	3576270	338271148
7620	3568	5196	6921	1241844	81239618	1277339	84160858
7621	4916	5927	7290	1242147	81262014	0	0
7622	3666	4586	9110	1242376	81281041	3241484	295191330
7623	3400	4407	4682	1242433	81286609	2410831	196521565
7624	3981	6943	5675	1242859	81322018	1495476	104272733
7625	1597	4381	3333	1243180	81349292	1256074	82345462
7626	3393	4961	5773	1243188	81349817	0	0
7627	2201	3161	5571	1243853	81403868	2805657	240973356
7628	221	7042	6742	1243978	81414016	1303556	86487222
7629	4595	6364	11056	1244549	81459950	0	0
7630	1740	1795	1120	1244890	81489876	4060366	400149509
7631	3581	4900	2596	1245031	81502275	2509307	207570799
7632	626	4374	1583	1245135	81510201	1293192	85531268
7633	572	966	1135	1245311	81522913	1955531	148929150
7634	1445	5501	3853	1245570	81543298	2059826	159826537
7635	1823	4860	3302	1245768	81559562	1604377	115039601
7636	1168	5334	7369	1245796	81561792	2257421	180290870
7637	651	4163	5815	1245855	81566826	0	0
7638	387	3254	3233	1246005	81582246	0	0
7639	5550	7259	3492	1246725	81640998	0	0
7640	3311	4564	7657	1246950	81657200	1258090	82522721
7641	5784	6267	2709	1247640	81704238	0	0
7642	536	1357	591	1247855	81718631	0	0
7643	7	1183	261	1248320	81744635	1762388	129647654
7644	3550	4208	2524	1248542	81757333	4143711	410775018
7645	5301	6929	15715	1248718	81767101	1828857	135964512
7646	886	3562	2019	1248833	81776789	1725080	126214065
7647	3267	5091	4610	1249186	81806910	1348513	90616699
7648	2639	4329	8722	1249851	81854670	0	0
7649	1813	6678	12348	1250285	81883319	2897213	252278210
7650	1318	6332	2228	1250760	81924006	1836395	136824861
7651	691	6131	4411	1250858	81931650	1445528	99580950
7652	941	5447	3863	1251456	81979810	1542302	108683935
7653	1615	4653	656	1251549	81985446	1310135	87163107
7654	1920	4284	2169	1251643	81992773	1517949	106298504
7655	4568	5512	6955	1251656	81993582	1597612	114431857
7656	1263	4229	3832	1251725	81999491	0	0
7657	4135	6083	6560	1251774	82003757	1559743	110533424
7658	91	714	767	1251806	82007120	1631658	117597558
7659	1507	4789	1375	1251822	82008567	2311276	185809580
7660	1249	2374	2739	1251870	82012937	1894473	142710841
7661	3400	5379	4660	1252260	82047872	2319466	186674517
7662	5896	7056	4175	1252563	82077899	3336474	306730949
7663	3036	7100	5013	1252715	82090594	1936241	146909824
7664	3619	4551	2397	1253554	82157840	1297712	85978110
7665	1118	5184	5857	1253920	82182898	0	0
7666	3500	5739	1689	1254099	82194127	2408509	196297237
7667	1558	5876	4799	1254322	82208362	1291318	85412077
7668	606	1128	591	1254879	82244058	2477330	204324809
7669	31	5908	2443	1254924	82246083	1288019	85155021
7670	370	4693	6131	1254952	82247254	0	0
7671	2272	5019	3753	1255087	82256104	1389080	94501935
7672	633	6022	10812	1255103	82256921	1383015	93868605
7673	2700	6538	2866	1255411	82285660	0	0
7674	1003	6856	1780	1255572	82299272	1819448	135122170
7675	947	6185	2002	1255629	82304226	2163082	171135466
7676	4062	6302	6439	1255669	82306996	1378404	93482143
7677	2808	6480	6542	1255779	82318329	1487599	103528827
7678	6280	7625	4368	1256074	82345462	0	0
7679	1692	3785	2109	1256084	82346421	0	0
7680	779	2005	1203	1256795	82411798	0	0
7681	6012	6674	9059	1256874	82417715	1895536	142807262
7682	1539	4767	2043	1257678	82487370	3606590	342073389
7683	4009	5849	7918	1257793	82497215	0	0
7684	1966	7640	10152	1258090	82522721	1294350	85605764
7685	4105	4451	5926	1258486	82559418	0	0
7686	3537	5221	3957	1258709	82580806	1856123	138857785
7687	1419	6075	6065	1258874	82596721	2227687	177403805
7688	3948	5126	8683	1259398	82638687	2531683	210026404
7689	1025	5921	8152	1259501	82648211	2071416	161085200
7690	1963	6897	3966	1259890	82685557	1927784	146014976
7691	4969	5693	4743	1260055	82700174	1484201	103165946
7692	1277	3299	3400	1260355	82726600	1285999	84986450
7693	5155	7291	5631	1260425	82733748	3463258	323584111
7694	1851	6192	7396	1260832	82770567	1585993	113155012
7695	2452	3754	7816	1261043	82788195	0	0
7696	3324	5373	7392	1261399	82820143	1261934	82870261
7697	1512	4284	2237	1261748	82854838	2204992	175222536
7698	4948	7696	10878	1261934	82870261	1828503	135933404
7699	2	4527	1334	1262114	82889436	1908399	144232202
7700	969	5013	1835	1262356	82912444	0	0
7701	101	6609	5182	1262601	82934698	0	0
7702	4950	5396	9745	1262674	82941972	2267286	181154282
7703	6996	7513	6097	1263915	83056122	3834630	371552969
7704	682	4542	2140	1264824	83121334	1772059	130582185
7705	45	6596	2010	1264913	83125831	1768928	130307586
7706	1059	3206	1156	1265102	83138404	3881311	377267581
7707	2308	3995	402	1265107	83138881	1361265	91849603
7708	2893	7473	5279	1265149	83140466	2370720	192049537
7709	791	3025	4537	1265231	83146320	1539104	108390710
7710	873	4145	3410	1265423	83160261	3041530	270295646
7711	1060	1522	2666	1265591	83173033	1322353	88286420
7712	5967	6646	4223	1265735	83183143	1338790	89677542
7713	2896	3632	3428	1265794	83188403	3323491	305128422
7714	5	1037	845	1265997	83204698	3758804	361559863
7715	1661	2432	2540	1266014	83205919	1676640	121861025
7716	3646	4254	1828	1266224	83221723	3285156	300429808
7717	3252	7482	2993	1266302	83227997	3012261	266635959
7718	4241	5038	5472	1267563	83301260	1500442	104677933
7719	748	3725	4176	1267920	83321247	2391579	194385168
7720	98	5809	2929	1267995	83324967	1321418	88192426
7721	4685	6300	11079	1268149	83332861	1589944	113589682
7722	4081	7455	7228	1268152	83332973	0	0
7723	4440	5454	5321	1268417	83353727	3038867	269969763
7724	4303	5637	6409	1268523	83361779	2217637	176437713
7725	2286	2703	4952	1268654	83375085	2693190	228296683
7726	5174	6460	10334	1268875	83394855	1967693	149992180
7727	3591	5002	10575	1269009	83408903	0	0
7728	1240	6472	8785	1269239	83436500	1343859	90169538
7729	1629	4103	4396	1269360	83449098	1873572	140574424
7730	1128	2374	2276	1269652	83484228	1405103	95897038
7731	583	1235	740	1269920	83514165	2968782	261000585
7732	204	4350	4544	1269923	83514261	1308054	86946804
7733	2758	4547	3611	1270266	83549965	2470659	203595245
7734	1819	3594	3865	1270474	83572595	0	0
7735	2877	5145	7581	1271102	83629890	1401478	95606474
7736	3689	4050	8150	1272057	83709226	2439205	199854557
7737	2741	3460	4904	1272161	83718853	1400295	95492663
7738	300	1131	554	1272249	83725955	1886200	141782716
7739	4952	6694	8434	1272767	83759894	3177813	286836238
7740	5413	5671	8951	1272873	83768875	1430643	98180853
7741	4548	5002	10884	1273104	83789998	1629691	117407839
7742	4847	6841	9197	1273323	83812678	2485216	205096817
7743	2329	4507	3145	1273835	83864702	2073585	161339869
7744	6131	7022	5946	1274266	83901919	2993396	263916664
7745	4047	5410	5776	1274324	83907057	2906718	253419522
7746	2470	3130	1135	1274344	83909081	2751505	235152327
7747	3912	5568	5789	1274999	83968124	1851443	138334792
7748	560	6837	2775	1275372	83996214	1852826	138510426
7749	948	5606	2549	1275385	83997313	3121453	280048800
7750	2145	5155	6869	1275535	84008673	3730315	358102740
7751	886	6601	1567	1275767	84027121	1739626	127557420
7752	2704	7510	9292	1276187	84058063	1358844	91608348
7753	526	5322	3388	1276379	84074409	2780117	238256088
7754	1933	5605	2080	1276397	84075417	0	0
7755	4697	6150	3051	1276674	84098605	1324668	88500663
7756	2259	6423	3266	1276798	84107936	1373899	93111033
7757	1932	5687	2790	1276905	84116626	1438040	98904983
7758	3684	6655	16652	1276990	84124347	2025998	156088257
7759	7066	7125	4584	1277096	84134309	0	0
7760	6355	7620	12024	1277339	84160858	0	0
7761	719	3731	2029	1277924	84234220	0	0
7762	2677	3551	4081	1278507	84296100	2370621	192039764
7763	1763	5228	3047	1278554	84299806	2436632	199562497
7764	2355	5087	3958	1278732	84315524	1851587	138352946
7765	4778	6070	6577	1279213	84358466	1467031	101592772
7766	3849	5289	4885	1279524	84385199	2101674	164499476
7767	1404	5264	824	1279626	84392888	2049634	158793445
7768	2621	7051	9816	1279789	84405385	1534683	107986522
7769	1174	7070	3610	1280140	84438346	1549660	109406172
7770	1921	2930	3117	1280267	84448689	3905458	380209975
7771	4299	7465	7079	1280403	84462116	3366636	310633732
7772	1347	1845	1926	1280677	84489198	1691304	123147866
7773	2769	7127	5935	1281348	84544873	1322435	88293333
7774	2296	4289	7404	1281405	84550154	1392827	94822014
7775	1800	6360	5032	1281545	84562946	2070136	160912290
7776	3771	7352	9881	1281742	84579758	2014541	154871226
7777	3466	3550	5135	1282366	84639348	3627880	344558297
7778	3377	4392	6012	1282674	84673345	3998106	392174647
7779	2690	4847	15619	1283346	84734438	1334056	89220997
7780	4460	6181	12423	1283631	84758249	1479579	102658009
7781	1129	6747	5164	1284108	84805663	1926072	145888485
7782	2569	6107	4204	1284481	84841112	1483225	103044251
7783	1314	6959	5670	1284595	84853117	1869026	140075181
7784	796	3246	2059	1284897	84884004	1518023	106306508
7785	507	5529	4821	1285106	84905803	0	0
7786	1271	5293	4537	1285190	84914373	1762424	129650736
7787	964	1376	981	1285304	84926225	1635213	117865142
7788	1434	1465	2625	1285747	84966203	3371188	311304393
7789	2786	7591	1703	1285999	84986450	3650343	347369257
7790	2786	7692	3744	1285999	84986450	3043096	270494939
7791	7591	7692	4759	1285999	84986450	1308591	87007954
7792	937	6698	4587	1286022	84988658	1713180	125016592
7793	1095	3017	2993	1286024	84988693	4027327	395634068
7794	1368	2034	1102	1286327	85020009	2388609	194061639
7795	477	702	586	1287176	85095509	0	0
7796	2965	6675	4976	1287501	85118805	1301680	86334946
7797	877	3166	1616	1287569	85123158	1887954	141977608
7798	4103	6685	9056	1287871	85141997	2038093	157418010
7799	4538	7669	5288	1288019	85155021	1454102	100398872
7800	4169	7425	4544	1288137	85165657	1315130	87556885
7801	3646	4369	3886	1288187	85169796	2128869	167538424
7802	2488	6211	5240	1289076	85241422	1294350	85605764
7803	3035	4478	2995	1289547	85276606	1771373	130529237
7804	2914	6690	8351	1289658	85285781	1749432	128445496
7805	155	1651	2179	1289983	85309164	0	0
7806	353	3560	1936	1290028	85312431	4038374	397244114
7807	6525	6694	10394	1290101	85317375	1794131	132593768
7808	747	5400	2289	1290869	85380442	0	0
7809	2633	7667	5051	1291318	85412077	2470441	203570752
7810	2547	5174	1755	1291417	85419226	3860611	374557996
7811	52	6670	3819	1291614	85433212	4027394	395648543
7812	1853	5388	3160	1292358	85482358	1304491	86571938
7813	1407	2872	4600	1292859	85510679	0	0
7814	6835	7632	6008	1293192	85531268	2154119	170028947
7815	434	5424	2051	1293379	85543335	2185324	173084299
7816	1209	6542	4445	1293518	85552897	3976506	389154720
7817	1770	1963	2039	1293875	85574450	2159847	170752583
7818	3390	3970	4686	1293967	85580307	0	0
7819	0	2747	785	1294128	85591138	2888426	251245772
7820	7684	7802	15392	1294350	85605764	1801528	133344193
7821	3065	4766	9772	1294397	85609146	1482897	103004007
7822	3633	5524	4422	1294450	85614289	0	0
7823	800	3538	2663	1294457	85614883	1765783	129953013
7824	3254	7111	8511	1294650	85632960	1494108	104134730
7825	2789	5390	4288	1294739	85643296	2156450	170337762
7826	1737	6782	12367	1294782	85647716	2753063	235291108
7827	2663	6053	5823	1294784	85647755	0	0
7828	4093	5946	7966	1295812	85766856	2821496	242950073
7829	5088	7023	8892	1295847	85771057	0	0
7830	5098	7305	5645	1296321	85823984	2780992	238338414
7831	2992	5811	5550	1296422	85834415	1934212	146681028
7832	1577	1830	1767	1296907	85891042	0	0
7833	4779	6964	7077	1296956	85895669	0	0
7834	1911	7421	6305	1297331	85937739	0	0
7835	1671	7597	10410	1297456	85950027	1588216	113380968
7836	191	3580	4668	1297510	85955540	1393176	94848427
7837	1199	7664	2774	1297712	85978110	4052181	398985396
7838	3286	6768	4602	1298157	86037702	1394370	94948477
7839	1360	1471	2326	1299271	86146235	0	0
7840	3625	4111	5321	1299373	86153616	1420388	97250373
7841	1167	6933	6212	1299673	86176216	0	0
7842	688	4694	2120	1299833	86189777	1501668	104794706
7843	1204	7456	4882	1300197	86220925	0	0
7844	5550	7053	5720	1300294	86229350	3256386	296977913
7845	842	6102	753	1301186	86302017	1328810	88845964
7846	1851	6051	2773	1301296	86309014	1627317	117200914
7847	1166	5706	4803	1301601	86329445	2565646	213951577
7848	589	798	1232	1301617	86330380	2212579	175976550
7849	5145	7796	11865	1301680	86334946	3096023	277001068
7850	2545	4288	2312	1301809	86344906	1580067	112622907
7851	5235	6011	9587	1302213	86379446	4433133	449160416
7852	4214	5948	4859	1302704	86423376	1857096	138963210
7853	3430	5551	3695	1302751	86426436	1899977	143241420
7854	1745	7424	2369	1303253	86467505	1635004	117852716
7855	1539	7628	7005	1303556	86487222	2333859	188165121
7856	3563	5896	2525	1303631	86493883	1320948	88152247
7857	890	5792	6195	1303635	86494050	0	0
7858	1320	1575	712	1303661	86496103	1990052	152341251
7859	540	3125	2700	1303832	86512984	1959699	149298227
7860	287	3416	1287	1303869	86516591	1554678	109967256
7861	2657	4931	4183	1304187	86544745	1312872	87377619
7862	4447	7812	4987	1304491	86571938	3673317	350279348
7863	1741	6173	4114	1304800	86596396	1537691	108251313
7864	403	7403	4039	1304821	86598097	0	0
7865	925	3372	9822	1305001	86614265	1418466	97046796
7866	1287	4017	2475	1305124	86627468	1540577	108528601
7867	87	4190	801	1305355	86653516	2391724	194400741
7868	1117	4758	3163	1305654	86681117	2767048	236834935
7869	2839	3678	1564	1305657	86681161	0	0
7870	2463	5040	5135	1305806	86694081	4395828	444393834
7871	648	5895	10264	1306043	86714313	1795532	132730188
7872	4638	5459	5438	1306264	86740840	1694207	123392799
7873	4923	6548	5572	1306389	86753378	0	0
7874	1864	7275	7972	1306400	86754258	2706084	229759205
7875	3584	6914	7878	1306881	86810071	2496994	206333841
7876	4613	5648	5780	1306908	86812980	1892306	142502214
7877	867	6842	2556	1306910	86812991	2582633	215723919
7878	6401	6843	6328	1307014	86827640	3102432	277841661
7879	878	1448	1741	1307455	86881396	1696998	123657056
7880	2082	2652	4356	1307665	86905075	0	0
7881	5844	7620	8822	1307921	86930177	3008620	266083890
7882	2767	3107	5506	1307990	86938118	1540347	108506778
7883	2724	7732	4832	1308054	86946804	2863429	248730132
7884	2835	7791	8094	1308591	87007954	0	0
7885	1175	6096	4584	1309050	87056955	2555077	212787907
7886	347	3309	3387	1309611	87114525	1827512	135848739
7887	205	3875	3932	1309736	87127993	1369918	92753856
7888	44	6842	2362	1309900	87142916	3732586	358344736
7889	4635	7653	7631	1310135	87163107	1395821	95068802
7890	1003	1097	1072	1310893	87225896	1330303	88940266
7891	2777	4761	2562	1311322	87257240	1782897	131466568
7892	4364	5561	7751	1311580	87275621	3273615	299047701
7893	5133	5158	7475	1311926	87302071	0	0
7894	3646	6473	2339	1312031	87311314	1846675	137902646
7895	562	5405	2396	1312330	87336919	0	0
7896	673	739	943	1312789	87371798	0	0
7897	5272	7861	5925	1312872	87377619	2242655	179038908
7898	5111	6174	4773	1313021	87386992	1905916	143974356
7899	300	4317	2319	1313127	87395400	1383868	93960938
7900	5675	5920	6229	1313619	87431825	0	0
7901	505	6206	5226	1313668	87436441	2385873	193786023
7902	2360	5869	2201	1314319	87488091	1562011	110783600
7903	2676	5352	2321	1314339	87489348	1671657	121365423
7904	198	4875	2819	1314352	87489886	2119732	166531838
7905	1602	3533	4960	1314356	87490032	1915280	144934118
7906	2081	6565	7808	1314745	87520720	0	0
7907	3518	3655	5345	1314833	87527353	1599325	114584701
7908	435	5880	3029	1314837	87527915	1958105	149157171
7909	3809	7800	6704	1315130	87556885	4024000	395205360
7910	2179	7230	6850	1315214	87564341	4290743	430114520
7911	4278	6939	11121	1315511	87596667	2493529	205917336
7912	2792	7286	5914	1315792	87628086	2979032	262197998
7913	625	862	1012	1316188	87678575	1673147	121522672
7914	6749	7615	14285	1316591	87718409	1366322	92356446
7915	1938	3628	4475	1316824	87748224	1710148	124764099
7916	6338	7287	11850	1317391	87808682	0	0
7917	389	3164	2549	1317729	87846580	1423106	97501978
7918	2286	5023	8659	1318024	87875647	3096469	277072841
7919	2386	4747	3341	1318331	87912477	3629572	344741024
7920	4907	5032	1418	1318461	87926475	1431146	98228347
7921	1784	2847	2500	1318656	87948993	0	0
7922	308	6857	3007	1318739	87958191	0	0
7923	2267	3510	1548	1318927	87977263	1504599	105013137
7924	2029	5775	5107	1319327	88009967	0	0
7925	1118	2047	3840	1319375	88014795	1586582	113215199
7926	1544	6415	4727	1319476	88023348	1319618	88037947
7927	2851	7926	5523	1319618	88037947	2652990	223738793
7928	1683	4407	1109	1320424	88114418	3129355	280949659
7929	5963	7856	16096	1320948	88152247	2250566	179762340
7930	202	3181	970	1321265	88180832	1764778	129876496
7931	6472	7720	11496	1321418	88192426	2820152	242793555
7932	4664	6079	8383	1321542	88204621	0	0
7933	99	6978	4524	1321584	88208981	0	0
7934	1766	5730	4879	1321847	88238142	1433889	98443036
7935	1391	7711	2788	1322353	88286420	4020475	394782861
7936	6583	7773	12341	1322435	88293333	1768218	130208046
7937	1731	4969	4877	1323364	88390307	1504868	105031426
7938	2171	3741	4574	1323843	88428322	2366980	191601384
7939	1674	5570	6208	1323873	88430520	0	0
7940	5132	5655	7059	1324290	88464442	0	0
7941	613	7596	1749	1324297	88465023	1387949	94380535
7942	2135	5430	4835	1324368	88471482	3964945	387359787
7943	1264	2938	1983	1324581	88493049	0	0
7944	4797	7755	7161	1324668	88500663	3985807	390482100
7945	1145	1987	1049	1324716	88504997	0	0
7946	2210	2426	2040	1324737	88506607	1604081	115008137
7947	122	4441	3197	1325209	88551518	1420758	97287717
7948	5881	6939	11341	1325368	88564710	0	0
7949	217	3690	3715	1325612	88590115	1844065	137598071
7950	5152	5255	7739	1325732	88603623	0	0
7951	1387	5059	2469	1325847	88615515	1905781	143956922
7952	2856	6676	6940	1326804	88698939	2074927	161489694
7953	2359	5530	8154	1327762	88770157	1801987	133400760
7954	1019	1742	3072	1327993	88787294	1894892	142747010
7955	1301	1953	1348	1328607	88832452	1491494	103913353
7956	2292	2726	4737	1328689	88837679	0	0
7957	418	808	652	1328714	88838960	3532593	332516524
7958	1197	7845	1771	1328810	88845964	1428677	97992111
7959	3486	5042	4318	1329062	88862847	0	0
7960	89	3840	848	1329093	88864553	1845226	137736009
7961	1629	6030	10846	1329717	88902585	3146024	282954776
7962	782	7890	1448	1330303	88940266	1652795	119433295
7963	4522	6423	3867	1330374	88944455	3130737	281053803
7964	4119	5062	9122	1330700	88963776	2943414	257833772
7965	2476	4177	3930	1330907	88977320	1549383	109382440
7966	6739	7012	9398	1330921	88978567	0	0
7967	3646	5437	2683	1331476	89025206	2466389	203096500
7968	2924	6864	5879	1331479	89025229	1942563	147571269
7969	586	5484	5774	1331707	89046186	0	0
7970	4	5175	1357	1331716	89046976	1580342	112649520
7971	2289	4315	1305	1331940	89067985	1452216	100205584
7972	445	4531	3913	1332433	89108757	0	0
7973	3876	4097	6809	1332616	89121862	0	0
7974	1401	7235	4772	1333217	89164961	2359186	190690497
7975	5575	7779	16971	1334056	89220997	1705779	124429539
7976	3579	6620	9672	1334196	89233696	0	0
7977	4820	6792	9435	1334365	89251533	1346508	90429855
7978	1590	1618	2800	1334531	89269712	2266822	181100228
7979	1250	3872	4130	1334607	89278425	2663897	224981387
7980	1969	3330	2710	1334670	89286782	3180338	287128243
7981	2790	3246	2457	1334768	89295999	3123415	280267786
7982	4683	6011	10535	1334885	89308116	1386948	94262494
7983	4386	5016	15866	1335062	89325735	2115154	166041413
7984	1665	6217	1397	1335959	89432457	1816077	134831414
7985	2471	6288	7255	1336092	89447865	0	0
7986	244	4098	4327	1336356	89474985	2348338	189627616
7987	1839	6005	3245	1336807	89517090	0	0
7988	2711	5301	4066	1337803	89589879	1488882	103640315
7989	5135	5438	3272	1337917	89597560	1975429	150857469
7990	1119	5544	3347	1338195	89616139	3255149	296826710
7991	5650	6938	16038	1338201	89617216	1522798	106732323
7992	6061	6305	7420	1338223	89619368	2386992	193895696
7993	3301	5075	5068	1338681	89667568	2232004	177860971
7994	2260	2543	3208	1338769	89674546	0	0
7995	7667	7712	9022	1338790	89677542	0	0
7996	4606	5969	13488	1338868	89688387	1938074	147099330
7997	21	1236	1915	1339324	89744480	2045451	158282540
7998	1742	6704	3841	1340167	89834592	1350201	90764798
7999	2157	6908	11366	1340223	89839085	0	0
8000	3645	5193	3997	1340245	89841464	2023931	155810344
8001	481	3409	478	1340582	89881062	1619128	116475184
8002	1487	3807	3615	1341556	89973110	3344974	307801939
8003	6156	7597	10112	1341757	89988926	0	0
8004	1719	3105	3224	1341832	89993560	0	0
8005	157	422	275	1341987	90006048	0	0
8006	585	6572	1709	1342010	90008193	2144977	168980061
8007	1752	4727	2157	1342324	90034101	1666056	120840235
8008	3052	3697	2379	1342433	90043454	3238746	294853362
8009	22	3920	1371	1342504	90049591	2020038	155449033
8010	4051	4216	3818	1342546	90052064	1369903	92752527
8011	2114	5516	3080	1342585	90055669	1412251	96496503
8012	738	2365	1693	1342974	90089159	2542222	211314946
8013	738	3555	5545	1342974	90089159	2325715	187348564
8014	2365	3555	6656	1342974	90089159	3421138	318022157
8015	1168	6763	9314	1343547	90142193	1398845	95343383
8016	176	6826	4208	1343778	90161964	3359094	309496816
8017	781	2093	1253	1343796	90163932	0	0
8018	3029	5379	2561	1343853	90169318	2295349	184255650
8019	61	7728	8834	1343859	90169538	1760184	129433070
8020	528	6264	7707	1344029	90188697	1605689	115174532
8021	5240	6095	6460	1344473	90239773	2227521	177389925
8022	494	705	427	1344509	90244072	2747294	234659055
8023	3759	6982	6677	1344582	90251936	2262766	180717342
8024	1282	2725	1644	1345002	90301410	1678720	122051286
8025	4430	5850	768	1345522	90351012	1383862	93960425
8026	2593	5988	5489	1345546	90352778	0	0
8027	1269	6067	1937	1345869	90380579	2724253	231888511
8028	1269	2678	2708	1346099	90399568	1608291	115396814
8029	345	7977	9842	1346508	90429855	0	0
8030	5225	5592	9151	1346745	90452650	2032990	156895630
8031	2674	6271	5700	1346752	90452876	2655129	224037489
8032	998	5059	4049	1347100	90492401	1709904	124740392
8033	2249	4329	4790	1347271	90511703	2838591	245357380
8034	3859	4732	5956	1348313	90600334	0	0
8035	432	7647	4978	1348513	90616699	0	0
8036	2530	5483	9658	1348546	90619928	0	0
8037	3776	3971	3613	1348888	90653707	1453207	100315701
8038	1100	5583	2974	1348938	90658850	0	0
8039	1883	5991	991	1349663	90724294	2612445	219058438
8040	4055	6136	3255	1349736	90729437	1723432	126057592
8041	834	5356	4411	1349889	90740126	1426661	97808726
8042	1139	6748	3449	1350167	90762076	1627221	117192548
8043	339	7998	4085	1350201	90764798	2625471	220572229
8044	4803	6279	5128	1350822	90811683	0	0
8045	3479	4186	3629	1351323	90847056	2874179	249828351
8046	4957	6238	10598	1351429	90853720	2026576	156167536
8047	636	2359	2982	1351589	90868505	1986700	151947118
8048	4246	5668	6729	1351731	90881231	3890771	378393052
8049	979	1246	1149	1351909	90898794	2893433	251771338
8050	6973	7216	3455	1352010	90906397	0	0
8051	3810	4765	11533	1352274	90930443	3605988	341993009
8052	1475	6855	1972	1352418	90944077	0	0
8053	840	3091	1225	1352577	90959649	4160059	412858204
8054	334	4639	2020	1352695	90970416	3906145	380275565
8055	1090	1189	1080	1353083	91004654	1822071	135342138
8056	507	6532	6011	1353139	91009286	1493860	104115025
8057	3107	4439	7864	1353148	91009803	1690265	123049147
8058	2553	4663	3038	1354180	91101876	1370319	92796242
8059	6315	6964	11027	1354227	91105412	2283805	183080170
8060	5152	5388	3043	1354397	91117857	3318862	304635787
8061	2528	4204	3477	1354606	91137224	2648621	223157239
8062	2435	3059	5754	1354663	91142416	1916509	145046743
8063	3071	6655	14697	1354842	91160358	0	0
8064	3184	6771	1970	1354927	91169452	1737535	127348434
8065	4025	7128	6558	1355089	91186032	3114859	279191844
8066	5125	7409	3631	1355222	91201844	2299872	184713968
8067	2700	4042	4710	1355528	91238173	3253525	296652575
8068	3149	5260	8815	1355546	91239717	1873456	140564488
8069	4978	5554	18757	1355620	91246919	0	0
8070	775	1079	668	1355751	91263688	0	0
8071	3000	5989	6777	1356218	91322527	2904889	253191144
8072	6333	7439	12076	1356577	91363136	2076565	161704334
8073	3237	7593	7438	1357194	91439084	0	0
8074	307	3131	851	1357529	91479438	1512241	105699821
8075	1393	4751	4434	1357933	91521238	2333717	188149873
8076	4866	7107	6789	1358391	91566053	1484293	103178992
8077	65	6255	5001	1358796	91603788	1375795	93280679
8078	6692	7752	9720	1358844	91608348	0	0
8079	4873	7008	9963	1358982	91621904	3001835	264910736
8080	863	5994	5986	1359655	91696754	1489120	103661580
8081	2147	3091	3381	1359955	91729727	0	0
8082	1148	3500	913	1360029	91736481	1559383	110498062
8083	568	5315	5384	1360293	91764013	1929718	146247133
8084	5142	5661	6560	1360483	91783486	1657778	119923717
8085	6852	7707	1804	1361265	91849603	0	0
8086	2940	3548	1773	1361467	91866193	1401074	95566281
8087	567	5070	4301	1361770	91890409	1861844	139399585
8088	3476	7453	6253	1361835	91894704	4351765	438292335
8089	2495	5212	3943	1361839	91894909	1737375	127335148
8090	5305	5509	5525	1362013	91910386	1396711	95145501
8091	4057	4301	3019	1362755	91971208	1943946	147701467
8092	618	7595	1866	1362772	91972108	1710232	124772920
8093	5001	7345	9746	1362804	91974382	1742010	127763100
8094	2743	4120	2132	1362944	91988241	2248489	179566993
8095	1800	2096	4109	1363139	92006085	2035401	157147262
8096	3055	4079	4966	1363349	92026481	2227898	177424024
8097	3009	5747	11557	1363814	92070300	2730729	232681317
8098	4249	5672	5659	1364330	92116168	1626781	117151237
8099	5614	6407	22927	1364579	92137386	4267039	426523152
8100	2855	4221	6458	1364788	92164161	2087029	162970480
8101	4053	5461	12183	1365343	92236993	1611732	115749977
8102	291	1337	1370	1365641	92279343	3267559	298411837
8103	3129	3818	2055	1365664	92282187	2542395	211334870
8104	3778	4566	6102	1365912	92310795	2704537	229600789
8105	437	3175	2323	1365951	92314880	2483866	204988276
8106	4257	5279	1217	1366278	92352313	1862845	139495673
8107	4043	7914	15624	1366322	92356446	3475079	325050008
8108	1054	6809	14471	1366780	92414675	3897290	379173758
8109	1335	2707	1564	1367375	92493991	0	0
8110	3479	4577	2843	1367665	92529568	0	0
8111	5522	7273	13584	1367727	92535926	0	0
8112	1930	2337	3175	1368476	92622774	0	0
8113	1615	6261	4622	1369568	92723640	0	0
8114	5914	7073	6025	1369626	92728536	1725960	126288244
8115	2490	5508	4383	1369877	92750091	1949040	148222236
8116	1468	8010	4291	1369903	92752527	1730897	126665318
8117	6402	7887	8285	1369918	92753856	3179579	287024613
8118	5911	6886	3809	1370022	92763670	1432822	98355823
8119	3057	7148	5133	1370191	92781896	0	0
8120	5838	6691	5384	1370291	92793700	1663701	120557001
8121	5986	8058	3562	1370319	92796242	3988499	390912110
8122	1619	5354	791	1370808	92845158	1517645	106265549
8123	263	5251	2736	1372017	92941421	1445916	99621803
8124	6073	6846	12206	1372156	92950902	0	0
8125	1441	1932	1215	1372266	92962069	3292879	301486504
8126	2713	7562	4482	1372281	92963193	0	0
8127	984	7337	6254	1372324	92968084	0	0
8128	2055	2810	2216	1373160	93047309	2643107	222554433
8129	243	3671	3188	1373162	93047639	1762179	129630862
8130	3951	4641	4675	1373255	93054693	1629691	117407839
8131	5383	5741	2566	1373269	93055775	3862892	374818519
8132	6135	7171	8922	1373663	93088260	1850727	138255403
8133	73	1587	203	1373779	93100502	1505631	105105132
8134	1167	5983	4195	1373819	93103249	2563985	213752315
8135	7272	7756	9373	1373899	93111033	1574379	112052060
8136	3101	7192	8737	1374920	93208839	3007506	265891004
8137	2573	6835	9879	1375549	93259771	2237209	178456089
8138	6873	8077	7463	1375795	93280679	1587597	113317095
8139	4596	4664	5020	1375832	93284900	1692692	123262269
8140	445	7130	7110	1376800	93370831	0	0
8141	2421	6432	3996	1377427	93415862	0	0
8142	4165	4420	2065	1377869	93445727	0	0
8143	1529	1819	2564	1377983	93453432	0	0
8144	3277	4694	8064	1378046	93457784	2611303	218902648
8145	1300	6060	4013	1378345	93478237	3699059	354253242
8146	5218	7676	9075	1378404	93482143	1737535	127348434
8147	491	2361	6163	1378448	93485638	1697302	123680455
8148	3565	6338	6237	1379092	93541832	1562011	110783600
8149	1111	3375	2466	1379449	93571710	1412746	96546034
8150	1377	2968	932	1379558	93581494	1427398	97873810
8151	281	4635	7159	1379712	93592848	2053310	159164450
8152	6605	7378	13541	1379809	93599728	2678043	226636447
8153	2297	4605	2123	1379875	93606072	2407707	196216327
8154	4544	5435	6495	1380095	93628930	0	0
8155	1650	6748	3266	1380150	93634618	2159681	170728866
8156	332	954	542	1380758	93695272	1587597	113317095
8157	222	6674	4775	1380854	93704430	3455410	322512015
8158	3249	5387	2295	1381799	93778838	1841285	137315720
8159	3950	6442	8453	1382140	93801030	4053022	399113263
8160	2071	6472	9281	1382312	93813662	1889904	142208597
8161	155	5154	4635	1382674	93840384	1515051	106003073
8162	5669	7672	12948	1383015	93868605	3984977	390353093
8163	2994	6967	13270	1383034	93869948	3536084	332997140
8164	425	7192	4366	1383822	93956536	1825234	135620251
8165	5102	8025	6028	1383862	93960425	3333245	306442007
8166	577	7899	2408	1383868	93960938	2480607	204698234
8167	912	1660	2562	1383993	93975002	1427854	97911398
8168	572	1393	1388	1384196	93995640	2492869	205845142
8169	3011	7048	9157	1384315	94008916	1981367	151373717
8170	1501	5847	3293	1384894	94068723	0	0
8171	5463	6216	6484	1385203	94097741	1642566	118624609
8172	2399	4540	2838	1385251	94103300	1686157	122662133
8173	2105	6489	2887	1385835	94157888	1734435	127019023
8174	2796	7403	4906	1385846	94159181	1878816	141067396
8175	1361	3941	2979	1386237	94195029	1994446	152864878
8176	6933	7168	11995	1386346	94204265	1556819	110201733
8177	2479	5328	4275	1386748	94242261	1645425	118836614
8178	4939	7294	8961	1386827	94250115	2040747	157694582
8179	7522	7982	12971	1386948	94262494	0	0
8180	3421	7444	10469	1387299	94304424	1670372	121210148
8181	4687	5323	9851	1387856	94370146	1982163	151471400
8182	2061	4503	1014	1387914	94376593	1420253	97239367
8183	4049	7941	3407	1387949	94380535	0	0
8184	3696	6860	4432	1388599	94452869	1444539	99478384
8185	959	5437	2886	1388624	94454468	2560304	213303542
8186	1583	7328	3935	1388990	94492279	1922805	145631619
8187	4837	7671	5855	1389080	94501935	1715515	125230237
8188	390	4438	4266	1389227	94517569	0	0
8189	173	7320	8773	1389660	94564635	1878528	141039553
8190	4102	5880	5486	1390639	94662334	1871801	140410302
8191	5512	6819	4337	1391241	94709134	2253257	180008054
8192	230	2858	3056	1391718	94745574	1968717	150114958
8193	506	7100	4601	1391897	94757904	0	0
8194	1330	4760	3968	1392121	94774547	0	0
8195	708	3440	2762	1392385	94791295	1499662	104610783
8196	1820	4872	3617	1392532	94801863	1617899	116355518
8197	7607	7774	8264	1392827	94822014	3562495	336554055
8198	1001	7836	5664	1393176	94848427	3533145	332588845
8199	1250	4767	2107	1393286	94858837	1644760	118786595
8200	4150	4941	7552	1393306	94859856	1526821	107187006
8201	1402	4088	3052	1393610	94885657	3793688	366476822
8202	1704	7523	4599	1393806	94902413	3853956	373801868
8203	1201	4806	1088	1394249	94939354	4411572	446355457
8204	2104	3686	3678	1394366	94948397	2019230	155380760
8205	1301	7838	4789	1394370	94948477	1844715	137668455
8206	4520	5702	5293	1394460	94955180	2137926	168265344
8207	5618	5625	7611	1395164	95015241	0	0
8208	1600	4540	2345	1395233	95020629	2320463	186771933
8209	2455	4130	3921	1395348	95031504	0	0
8210	737	2404	1313	1395478	95043816	1719872	125731101
8211	4666	7889	8455	1395821	95068802	1476679	102445298
8212	2245	6227	7261	1396218	95104112	0	0
8213	1100	6036	3529	1396544	95129664	0	0
8214	4773	8090	7967	1396711	95145501	3666666	349443190
8215	1103	5774	6265	1396855	95158342	1674309	121630592
8216	4166	6095	8323	1396935	95166177	3362240	309955755
8217	3449	4804	5676	1397318	95202313	1425958	97749035
8218	5271	6670	5891	1397696	95240361	1860103	139219161
8219	1978	7302	4877	1398352	95299256	2181819	172763937
8220	4326	6120	5510	1398359	95299860	1403740	95797592
8221	5985	6744	5493	1398761	95336346	2771375	237472146
8222	2329	8015	10953	1398845	95343383	0	0
8223	3053	3414	1370	1399014	95362006	0	0
8224	3348	4944	7344	1399193	95381043	3715017	356327492
8225	2092	6705	6973	1399582	95423786	0	0
8226	379	6526	2383	1400271	95490501	0	0
8227	7127	7737	9522	1400295	95492663	1986537	151930368
8228	1610	7168	10232	1400583	95519347	0	0
8229	4802	8086	5248	1401074	95566281	2854064	247534155
8230	1787	6864	4181	1401140	95573511	2776718	237960898
8231	2263	7735	7914	1401478	95606474	3276563	299351328
8232	680	5757	3097	1402107	95667197	0	0
8233	1658	4632	994	1402454	95696409	3895501	378918141
8234	1278	3101	6335	1402710	95716208	1424168	97600845
8235	1850	5791	3624	1402717	95716592	1667753	120981180
8236	3196	5084	2067	1402830	95727902	1516369	106133386
8237	2965	4931	5535	1402914	95735360	2231870	177848054
8238	2695	8220	7315	1403740	95797592	2317249	186421326
8239	3868	6231	2405	1404222	95833192	4220061	420827396
8240	695	4422	3848	1404392	95844688	2587381	216263358
8241	4754	5132	9768	1404611	95857728	3123354	280259841
8242	447	4051	2819	1404795	95872086	2139203	168379703
8243	6085	6182	6036	1404908	95881003	2067691	160649020
8244	1100	4847	7381	1405098	95896605	4147040	411299615
8245	5610	7730	6208	1405103	95897038	1549809	109417659
8246	3823	4812	7457	1405263	95911758	0	0
8247	7099	7237	5292	1405562	95937950	1582756	112843764
8248	5651	6145	12765	1405668	95948096	2453675	201638749
8249	5170	5749	9987	1406165	96003528	3861504	374654782
8250	2000	3585	6772	1406559	96046535	1525023	106960946
8251	1318	4524	6599	1406684	96060137	1583138	112874838
8252	2586	4752	1932	1407116	96102406	4452353	451431841
8253	126	3583	1903	1407652	96148652	0	0
8254	3101	4523	6741	1407968	96174254	0	0
8255	767	5613	3594	1408237	96198724	1582570	112830246
8256	2718	5149	4788	1408590	96224126	1512450	105717159
8257	620	3325	1420	1408825	96242526	0	0
8258	1153	5635	2772	1409300	96274025	0	0
8259	4464	5085	849	1409333	96276021	0	0
8260	2469	3507	3720	1409634	96296199	0	0
8261	657	4962	5457	1409985	96317974	1511159	105615696
8262	4964	6739	8519	1410188	96330193	1806435	133813045
8263	253	5466	2781	1410191	96330268	3526914	331796969
8264	4820	6673	2095	1410242	96334772	2421350	197915860
8265	2546	6264	8433	1410359	96342616	2923933	255264701
8266	704	3160	1989	1410427	96348148	1453575	100351653
8267	4147	7238	3523	1411039	96398792	3344140	307686079
8268	5392	5471	1043	1411256	96413827	0	0
8269	6639	7258	5986	1411428	96424842	3515530	330428561
8270	3073	6561	10598	1411493	96429531	0	0
8271	163	5192	1877	1411615	96441169	1911349	144501440
8272	3285	6121	6834	1411980	96473489	0	0
8273	4422	8011	6303	1412251	96496503	1621356	116640080
8274	2578	6357	6940	1412356	96506113	1938229	147118938
8275	3974	5370	5936	1412489	96518046	2427748	198560286
8276	5662	8149	8949	1412746	96546034	1531542	107721612
8277	5943	6090	5230	1413083	96585779	0	0
8278	3720	5872	5154	1413528	96634915	0	0
8279	1835	3805	1057	1414409	96716955	0	0
8280	2743	5783	3248	1414605	96732204	0	0
8281	1778	4142	5236	1414841	96751546	2762289	236219315
8282	915	5463	1645	1415306	96786176	1983104	151591865
8283	1353	6382	6862	1415446	96794701	2462714	202607625
8284	355	1119	911	1415874	96825551	3162397	284777308
8285	3353	5581	2281	1416214	96847160	1988273	152149202
8286	1786	6028	5628	1416247	96849049	0	0
8287	1158	2024	1803	1416409	96859644	3383990	312814252
8288	1022	1967	3061	1416543	96867334	1529217	107506160
8289	508	1775	1654	1416622	96873610	3124487	280397950
8290	1209	7083	12542	1416920	96893148	1590758	113695270
8291	2284	4275	3183	1417090	96908422	0	0
8292	3259	7386	9172	1417105	96908918	1920812	145455981
8293	5650	7227	14635	1417898	96983715	0	0
8294	2215	6631	11710	1418009	96993250	1888688	142060672
8295	7755	7865	12873	1418466	97046796	2664663	225053813
8296	4636	7339	7587	1418923	97102096	2419623	197714205
8297	5306	7418	8020	1419996	97215155	2288743	183592309
8298	729	8182	1277	1420253	97239367	0	0
8299	2664	7840	7236	1420388	97250373	3107032	278295945
8300	862	4515	6582	1420592	97269495	2626614	220718029
8301	2365	7947	4599	1420758	97287717	2805749	240987655
8302	1277	3984	1138	1421440	97355083	0	0
8303	1738	2169	1849	1421767	97380851	2019947	155440443
8304	2658	3463	3284	1421806	97383521	3188373	288297186
8305	4105	7269	10009	1421827	97385272	2105146	164961128
8306	108	7364	4000	1421856	97388083	3119774	279820788
8307	6596	7102	4111	1422264	97425627	2270971	181631717
8308	3477	4924	7512	1422319	97430411	1668582	121044973
8309	638	5354	670	1422537	97449195	2640660	222302531
8310	2952	6676	4778	1422671	97462596	2366593	191546513
8311	2504	7917	3617	1423106	97501978	3193326	288967678
8312	2533	6041	2411	1423456	97533712	2928213	255845545
8313	3972	5521	10933	1423573	97543934	2136835	168179756
8314	4636	5442	2816	1423892	97576468	2521221	208809836
8315	5242	8234	12302	1424168	97600845	0	0
8316	963	1378	3781	1424506	97634783	0	0
8317	1706	2590	1725	1424825	97661430	3144045	282729101
8318	1669	7802	6545	1425686	97729075	1807143	133897319
8319	3724	4553	7539	1425809	97737063	1801792	133375664
8320	2140	8217	7632	1425958	97749035	1892503	142523147
8321	4901	7025	2694	1426363	97783764	1947283	148031087
8322	2101	8041	4524	1426661	97808726	4450512	451194047
8323	1892	7890	1786	1426696	97811484	1876887	140877740
8324	5073	6306	7240	1426938	97831916	1452422	100225060
8325	2518	7011	3761	1427010	97838497	2304970	185236137
8326	346	7212	2767	1427339	97868149	0	0
8327	2554	8150	3104	1427398	97873810	3551278	335177233
8328	3940	4874	3968	1427519	97885389	1734043	126971306
8329	1861	6930	2450	1427552	97887698	1604081	115008137
8330	667	7063	5404	1427725	97900868	0	0
8331	2056	3160	4571	1427735	97901472	1547415	109215509
8332	4485	8167	3656	1427854	97911398	2009396	154246460
8333	2341	4117	1926	1428175	97941847	1675947	121786034
8334	2748	7115	6543	1428350	97956278	2722287	231645058
8335	1475	5695	3661	1428399	97962411	0	0
8336	1433	4667	1174	1428472	97970122	1447513	99773810
8337	2910	7958	4791	1428677	97992111	3228641	293636738
8338	1025	1698	1226	1428942	98018946	1523830	106832731
8339	1098	4007	1708	1429025	98026784	2470151	203540929
8340	884	6080	9330	1429259	98050937	2439122	199841423
8341	7023	7845	8266	1429313	98055834	0	0
8342	911	4561	3305	1430206	98146174	0	0
8343	883	3205	3468	1430570	98175269	1604377	115039601
8344	4165	7740	10764	1430643	98180853	1498580	104524174
8345	1055	4245	3238	1430862	98200342	1712718	124980972
8346	2668	6596	3625	1431062	98220600	2052175	159056051
8347	4022	7920	4252	1431146	98228347	0	0
8348	2249	6302	1202	1431837	98289675	3354369	308989219
8349	824	5414	844	1432186	98315909	1565160	111089080
8350	5305	5611	2859	1432660	98346502	1455155	100499526
8351	3343	8118	7403	1432822	98355823	2510278	207668041
8352	4296	4747	4944	1432985	98367173	0	0
8353	4148	7245	11553	1433031	98370386	3816579	369394530
8354	2530	6328	3923	1433397	98399927	1913336	144724595
8355	328	5654	4699	1433670	98423653	1579577	112578384
8356	5117	6245	11243	1433818	98436555	1438503	98946780
8357	795	7934	5693	1433889	98443036	0	0
8358	4886	7394	16201	1433978	98451514	2587537	216283642
8359	4010	6978	8049	1434037	98457920	0	0
8360	4992	6982	5009	1434044	98458625	3274330	299117844
8361	1516	3375	2903	1434383	98510051	2038629	157474994
8362	686	1736	1376	1434489	98523685	3494933	327299109
8363	4079	5175	5040	1434887	98570392	4287661	429642498
8364	4296	5770	11897	1435122	98602092	1841690	137346444
8365	1654	6469	7750	1435983	98703708	2458889	202219055
8366	4666	6905	4311	1436278	98734458	3597721	340893423
8367	3055	4288	3308	1436471	98753691	2280192	182741256
8368	1954	5704	5455	1436643	98770442	2076866	161770331
8369	1120	4308	3010	1437181	98826781	3165932	285266284
8370	2028	6667	5256	1437553	98860670	2568316	214217275
8371	4180	6998	7547	1437754	98879022	1554678	109967256
8372	2687	3902	5512	1437887	98891921	2028091	156358719
8373	2127	7757	4778	1438040	98904983	3643912	346461537
8374	5703	8356	12170	1438503	98946780	2756996	235678621
8375	5653	6976	1862	1438912	98990285	3008433	266055399
8376	1241	4687	2936	1439148	99010128	2386443	193840696
8377	106	756	674	1439939	99078813	2449134	201117082
8378	41	5730	3846	1439968	99081562	2230042	177656929
8379	4024	5799	3706	1440508	99120942	1845494	137765486
8380	1502	3379	3511	1440681	99134461	1745981	128155059
8381	2827	5854	1924	1440989	99154745	2718058	231171300
8382	65	5885	966	1441133	99164207	2960941	260159176
8383	3775	4078	9746	1441147	99165121	2847468	246652975
8384	3186	3460	1483	1441285	99176273	1441796	99216609
8385	478	2743	1247	1441321	99179275	1454071	100395590
8386	169	2918	3542	1441433	99187242	3673095	350250443
8387	554	8384	1920	1441796	99216609	2821820	243003915
8388	1343	6327	4563	1441952	99228199	2289329	183648607
8389	1256	7406	13592	1442016	99232766	2977432	262019633
8390	6794	6982	3521	1442290	99262200	2372851	192300855
8391	471	1032	678	1443129	99336863	1829339	136025396
8392	2896	7285	14116	1443348	99354566	0	0
8393	2874	3033	1657	1443512	99369998	1524045	106853495
8394	1803	4650	9384	1443577	99374610	1694086	123379048
8395	6866	7457	15724	1443943	99409685	2377123	192816737
8396	793	8184	4766	1444539	99478384	2291682	183899079
8397	394	5035	3323	1444727	99497342	1694540	123426125
8398	55	5002	8385	1445043	99529697	2068842	160766647
8399	3304	5920	3842	1445416	99566701	0	0
8400	6799	7651	5459	1445528	99580950	1694540	123426125
8401	2757	6334	3746	1445562	99584783	1757748	129167472
8402	7217	8123	6542	1445916	99621803	2944971	258071994
8403	2945	6230	6241	1446210	99653541	1529811	107564343
8404	1751	3634	4087	1446681	99699354	2156415	170334381
8405	1826	5704	3264	1447383	99763220	3539349	333515355
8406	2359	5036	2891	1447499	99772763	0	0
8407	1558	8336	2499	1447513	99773810	1559743	110533424
8408	617	6077	3200	1447687	99787772	0	0
8409	6767	7573	8195	1447754	99791495	2303460	185072977
8410	2891	5421	5399	1448050	99820046	1711116	124855473
8411	684	4278	7264	1448274	99840624	1721512	125876028
8412	804	7118	5369	1448563	99867323	1583138	112874838
8413	2261	6868	6911	1448686	99878800	2463266	202673892
8414	4726	6093	6990	1448706	99880964	1635293	117872254
8415	1359	2084	820	1448765	99888504	0	0
8416	6434	7391	4943	1449426	99958858	4243488	423702555
8417	1574	3755	7603	1449604	99978237	1723670	126080676
8418	3795	5817	4074	1449711	99989023	2599896	217723460
8419	779	2936	2592	1450439	100056749	0	0
8420	111	5234	1908	1450693	100077158	2855482	247752658
8421	2507	2890	9281	1450999	100100755	0	0
8422	3042	3929	5653	1451257	100120011	3116225	279352261
8423	292	7344	4895	1451283	100121860	2576623	215051428
8424	4944	7446	9521	1451578	100148324	0	0
8425	2058	4000	2478	1451823	100168934	0	0
8426	2453	7971	2628	1452216	100205584	1962733	149548537
8427	1399	2931	1965	1452319	100213797	0	0
8428	5412	7249	7353	1452324	100214244	1855564	138797598
8429	4817	8324	13566	1452422	100225060	1571701	111739400
8430	4110	5934	10539	1452444	100227327	2151558	169725857
8431	703	8037	3816	1453207	100315701	0	0
8432	6367	8266	4780	1453575	100351653	2518787	208566117
8433	2769	6279	3054	1453957	100385535	2294665	184199710
8434	4859	8385	4064	1454071	100395590	2640852	222322339
8435	40	7799	5302	1454102	100398872	2313266	186003408
8436	1079	5325	6226	1454889	100471974	2600938	217813974
8437	4645	6410	7729	1454922	100475107	3830817	371082075
8438	3830	5124	8792	1455035	100485786	3028280	268564400
8439	2035	2629	4199	1455112	100494306	2922382	255081850
8440	5240	8350	5124	1455155	100499526	2570773	214465479
8441	1366	1720	1109	1456915	100657501	1571092	111663399
8442	5199	6168	6840	1457048	100665355	1483505	103075468
8443	1315	7499	2925	1457063	100666483	1477412	102502036
8444	4601	5181	12636	1457149	100673226	1637725	118124205
8445	3023	6456	1378	1457202	100677871	2478258	204424890
8446	5287	6183	7366	1457805	100734630	1841285	137315720
8447	2171	6601	3975	1457915	100743798	1984944	151776911
8448	609	2035	755	1458103	100757110	1589684	113553441
8449	3429	7926	5960	1458349	100774857	2395173	194812644
8450	2982	6881	17556	1458500	100786575	0	0
8451	1030	1715	1949	1458513	100788169	2146123	169118423
8452	5450	7441	12573	1458591	100797977	1558258	110366908
8453	447	5733	4391	1458624	100803359	1732243	126783572
8454	1376	4075	1168	1458649	100806097	2372851	192300855
8455	1534	3341	3821	1459352	100887688	0	0
8456	2787	4207	1246	1459402	100893994	1585875	113142683
8457	4011	6137	5214	1459517	100906675	0	0
8458	476	5479	1869	1459540	100909120	0	0
8459	7101	7383	4885	1459578	100914070	3042622	270432594
8460	5406	7267	11522	1460262	100995190	1526720	107173314
8461	727	3512	538	1460787	101054425	1676453	121841811
8462	2028	5120	4900	1460829	101058612	1792764	132473590
8463	6818	7379	14819	1461304	101106740	1902782	143525880
8464	1789	3891	4802	1461746	101157728	1919656	145346953
8465	2541	4224	3038	1461820	101165204	2476360	204231517
8466	1487	3633	2481	1462118	101197616	0	0
8467	531	569	1258	1462766	101255871	0	0
8468	1490	3438	1213	1462849	101263363	2419376	197688252
8469	3153	5711	6992	1462967	101272795	1543237	108786533
8470	4837	6042	5134	1463325	101303945	2279292	182635277
8471	6638	6956	3912	1463496	101317412	0	0
8472	659	4460	2995	1463713	101334837	0	0
8473	4152	4345	2419	1463760	101340243	3430343	319112479
8474	3991	7089	5353	1463763	101340305	1817884	134990649
8475	3062	5800	5707	1464903	101434112	1482954	103009862
8476	3096	3987	3093	1465033	101444347	2232892	177963474
8477	2404	2937	3273	1465279	101460813	1709900	124740219
8478	1901	5738	1696	1465424	101471875	3702291	354652523
8479	1109	6693	5559	1465618	101485534	2814814	242215267
8480	1438	2335	1126	1466303	101531361	2439484	199902236
8481	6811	7156	14080	1466312	101531731	2644401	222684139
8482	5867	6781	7014	1466564	101554539	3906805	380339055
8483	1720	7765	6903	1467031	101592772	1825241	135620731
8484	3103	4705	3447	1467127	101603109	1884283	141550349
8485	3562	7544	7385	1467277	101616487	1825234	135620251
8486	2465	7489	7973	1467323	101620839	1890094	142235356
8487	2420	6265	5556	1467337	101622339	2554655	212755964
8488	6830	6831	10191	1467915	101692132	1947495	148050103
8489	543	3153	5209	1468041	101705775	0	0
8490	7061	7216	6257	1468619	101771607	0	0
8491	1030	4178	5590	1468702	101779985	2136801	168177845
8492	2784	5519	12183	1468844	101794319	1684037	122477784
8493	147	6157	14388	1469784	101894855	4042259	397731421
8494	168	5842	1857	1470093	101927666	1481715	102885647
8495	2189	6822	2382	1470126	101931826	3663083	349022353
8496	3701	6730	5642	1470772	101989539	1808656	134080925
8497	2609	2942	3520	1470790	101991158	0	0
8498	1856	4575	5129	1470800	101991757	2193883	174001743
8499	2073	4015	4401	1471090	102019133	4175400	414794409
8500	5324	6146	7089	1472258	102112718	2474042	203966065
8501	5803	7840	9808	1472493	102130983	3618734	343631415
8502	3287	7024	4329	1472507	102132161	1831089	136223380
8503	831	2291	596	1472724	102149074	1483826	103116877
8504	975	5032	606	1472745	102150517	0	0
8505	1980	6352	5509	1473392	102203595	2372715	192283824
8506	1973	2363	2109	1473519	102213330	4092326	404141458
8507	2414	3261	4025	1474081	102253284	2303782	185109369
8508	524	2127	2117	1474426	102274833	3316023	304357170
8509	2666	5852	2084	1474439	102275347	3753043	360864044
8510	125	2989	898	1474510	102279886	0	0
8511	675	7958	2735	1474560	102282683	1743255	127893401
8512	4901	5849	8008	1474608	102286357	1756101	129043957
8513	2411	2786	1141	1474738	102296107	0	0
8514	2812	3685	1976	1474748	102296949	1842404	137421273
8515	3270	5848	6967	1474873	102305306	1998770	153316683
8516	966	2551	2883	1475138	102323869	0	0
8517	2406	7602	3478	1475240	102331675	2473406	203892412
8518	666	765	1158	1475472	102349986	1729844	126578323
8519	4214	6602	7542	1475524	102354295	0	0
8520	2598	3338	7713	1475675	102368326	2746966	234627607
8521	4216	6538	3876	1475899	102386035	0	0
8522	94	2068	946	1476365	102423042	0	0
8523	5735	8211	8939	1476679	102445298	0	0
8524	1481	5585	3203	1477123	102477334	1541636	108627424
8525	1883	8443	3506	1477412	102502036	2698879	228951887
8526	1410	2575	4490	1478099	102547704	2188523	173411945
8527	515	2965	4004	1478336	102562808	1517645	106265549
8528	2993	3389	5179	1478402	102566871	1494108	104134730
8529	1418	1563	2070	1478471	102572169	4019279	394678300
8530	2976	6872	5954	1478658	102586834	0	0
8531	3481	3834	2814	1478737	102594010	1637575	118108154
8532	4117	5152	3690	1479013	102614023	2870443	249449938
8533	6207	6678	15559	1479250	102630157	1669711	121143150
8534	1514	3155	3411	1479440	102646101	3235270	294451244
8535	144	7780	12534	1479579	102658009	3779233	364245501
8536	1066	6324	4316	1479690	102669158	3799804	367394005
8537	790	6528	5571	1480220	102727181	3060234	272733434
8538	3541	6778	4208	1480430	102748815	2559747	213239556
8539	5488	6014	6101	1480573	102763617	2275729	182225654
8540	3433	3579	16485	1480591	102765977	1686843	122715718
8541	5285	6461	7349	1481262	102838681	1627221	117192548
8542	3655	3949	5138	1481517	102866271	2539657	211017295
8543	289	8494	2030	1481715	102885647	1529217	107506160
8544	217	5396	2283	1482084	102924905	2371787	192165695
8545	4607	6084	7983	1482123	102928925	0	0
8546	201	5619	4372	1482182	102934716	0	0
8547	492	7821	10081	1482897	103004007	2792839	239444682
8548	1336	8475	6437	1482954	103009862	0	0
8549	2979	4775	956	1483118	103029488	1960527	149372370
8550	743	6593	3055	1483191	103037942	4451842	451364850
8551	2949	7782	6649	1483225	103044251	2765978	236684593
8552	2185	2343	2061	1483295	103052526	1911051	144472692
8553	7288	8442	8743	1483505	103075468	2464736	202888072
8554	6155	7033	6899	1483613	103088741	1527020	107222448
8555	5833	8503	4739	1483826	103116877	0	0
8556	5360	7425	3345	1483889	103124295	1571092	111663399
8557	7275	7691	11316	1484201	103165946	0	0
8558	6131	8076	10919	1484293	103178992	1608369	115403712
8559	127	5381	2333	1485447	103329303	2087029	162970480
8560	4541	5010	11170	1486004	103382218	2234571	178167247
8561	3324	3631	3323	1486335	103413955	1958498	149191248
8562	2474	6318	4371	1486583	103435707	0	0
8563	5528	5997	8449	1486696	103446105	2608652	218612726
8564	2909	4165	4367	1486890	103463020	0	0
8565	626	5115	2223	1487332	103504598	1592465	113924381
8566	2285	3709	5032	1487404	103510342	3450808	322055122
8567	4647	7677	11262	1487599	103528827	0	0
8568	7044	7511	7645	1488726	103626558	2458812	202211452
8569	3559	6638	3923	1488799	103633151	3149298	283374807
8570	2188	7988	4575	1488882	103640315	0	0
8571	5838	8080	7731	1489120	103661580	2174315	172175755
8572	4355	6468	8928	1489171	103666142	0	0
8573	375	3041	2002	1489290	103679000	1516696	106163827
8574	2175	2708	3207	1489390	103688016	0	0
8575	1816	5135	2108	1489783	103730596	2067570	160637481
8576	2404	6406	10469	1489868	103739248	2080200	162298751
8577	2623	7256	10078	1490409	103799559	1519975	106513970
8578	1232	4175	4733	1490692	103831116	0	0
8579	1521	7347	4725	1490836	103847477	1779348	131153093
8580	682	6334	2702	1491308	103896787	0	0
8581	1413	4227	2068	1491331	103898306	3676904	350804723
8582	913	7955	1657	1491494	103913353	2763449	236330959
8583	3	1431	2932	1491611	103924514	3073904	274279075
8584	6976	7108	3404	1491646	103927220	2700376	229120261
8585	2356	4015	5530	1492153	103977472	1575160	112147840
8586	58	2028	2157	1492674	104018124	3673431	350290969
8587	1324	1446	2303	1492682	104018859	2131054	167798423
8588	1226	5979	2636	1492714	104020983	2470893	203619927
8589	5177	6132	12985	1493221	104061442	3027847	268506970
8590	5335	8056	7898	1493860	104115025	1580078	112623642
8591	7824	8528	13690	1494108	104134730	2142361	168684943
8592	4027	5026	11487	1494440	104170930	0	0
8593	3860	6777	3729	1494616	104191492	4291587	430232849
8594	2248	2615	3634	1494890	104218711	2285104	183195379
8595	3199	7624	8423	1495476	104272733	2794157	239577530
8596	2110	3953	2676	1496093	104329423	0	0
8597	2631	6123	7369	1496607	104371896	1615040	116072973
8598	5301	6744	4482	1496723	104381090	0	0
8599	258	2407	2354	1497074	104409977	3706723	355239727
8600	231	2109	1668	1497098	104411720	1842537	137436227
8601	205	1402	1818	1497255	104424996	3540947	333740453
8602	1859	6263	5591	1497365	104433052	0	0
8603	3881	5854	2129	1497760	104467777	1538100	108293299
8604	408	6014	3328	1498462	104516417	2564793	213849097
8605	2527	8344	14014	1498580	104524174	3509449	329421033
8606	618	2340	984	1498695	104532362	1540577	108528601
8607	1730	2682	3161	1498703	104532764	3571698	337625990
8608	2408	2550	6517	1499360	104587722	1644760	118786595
8609	4616	7502	2385	1499626	104607841	3705342	355047605
8610	4027	8195	10487	1499662	104610783	0	0
8611	2141	3978	3803	1499709	104614544	2195785	174242573
8612	2794	5358	7822	1500390	104673006	0	0
8613	1087	4799	4892	1500410	104674600	2333705	188147903
8614	4711	7718	6357	1500442	104677933	2869269	249347326
8615	3657	4768	3000	1500448	104678240	3560023	336250335
8616	1545	7842	2527	1501668	104794706	0	0
8617	1510	4506	4423	1501891	104810518	0	0
8618	2029	6777	1841	1502286	104840991	3201611	289944870
8619	1160	5756	10983	1502421	104849206	1585875	113142683
8620	283	1629	2631	1502890	104888166	0	0
8621	1077	4839	7029	1503240	104913923	0	0
8622	1885	3687	4714	1503822	104956825	1877508	140937001
8623	2353	4278	7839	1503874	104959847	0	0
8624	729	1874	1374	1504481	105005298	0	0
8625	5403	7923	5461	1504599	105013137	0	0
8626	2441	4699	3390	1504846	105029479	2934980	256663311
8627	7388	7937	14042	1504868	105031426	2530289	209843445
8628	4800	7238	3500	1505178	105059625	3075865	274467901
8629	3894	5064	3339	1505245	105065748	3555439	335690694
8630	3609	6481	4024	1505332	105075873	3344169	307688618
8631	658	4249	1353	1505611	105103732	2052175	159056051
8632	679	8133	957	1505631	105105132	2260103	180483355
8633	6574	7081	9757	1505750	105113392	1782445	131406980
8634	6452	7551	8993	1506125	105151597	3377572	312008218
8635	1838	2451	1463	1506372	105177236	2064440	160303868
8636	5329	6345	3084	1506443	105183668	2383480	193513731
8637	2864	6637	5878	1506725	105210856	4398722	444756047
8638	3692	6782	8216	1506830	105222232	3238255	294802353
8639	3976	5959	4873	1507024	105243436	3108780	278519853
8640	2229	7583	3684	1507398	105282454	1920812	145455981
8641	4228	5382	1920	1508108	105348759	2498590	206503282
8642	3354	4089	6810	1508270	105360642	2866397	249038387
8643	4333	6150	5754	1508428	105373037	0	0
8644	7553	8077	6220	1508553	105383261	1698522	123809607
8645	4591	7774	10885	1508644	105392070	3878638	376880144
8646	5080	5284	10748	1509056	105437213	1697108	123664374
8647	1176	6966	1725	1509333	105465522	2404515	195882451
8648	5903	5982	6649	1510632	105576892	2213177	176026564
8649	109	367	309	1510856	105593842	1709366	124698056
8650	5667	6383	6165	1511009	105603645	3729555	358014552
8651	2104	8261	6605	1511159	105615696	2535050	210487636
8652	1586	4208	2041	1511790	105667784	2250877	179792176
8653	3844	6154	8814	1512037	105684664	2620765	219980388
8654	5402	8074	3564	1512241	105699821	0	0
8655	2786	8256	5132	1512450	105717159	0	0
8656	2437	5974	5354	1512646	105734435	1869506	140135126
8657	4978	8056	12598	1512677	105737087	2543632	211504859
8658	765	1619	731	1512930	105762565	2085546	162826396
8659	4746	6171	10320	1513065	105775223	2512690	207903611
8660	4879	5547	5447	1513517	105820843	3256910	297049592
8661	1434	2143	2255	1513658	105836917	3417829	317628950
8662	2937	3623	3113	1513763	105848787	2949354	258672365
8663	2777	5571	7976	1513814	105852936	0	0
8664	4482	6663	5286	1513929	105866164	2067880	160668077
8665	3817	4029	6494	1514005	105875703	3406721	316325574
8666	5753	5923	10620	1514034	105878639	2601543	217865668
8667	2972	4013	4292	1514205	105901661	2453675	201638749
8668	30	2765	2476	1514628	105959427	0	0
8669	2947	8161	5357	1515051	106003073	4329970	435075192
8670	725	808	978	1515133	106013439	3460709	323190957
8671	2131	5182	2106	1515424	106047212	3246116	295754620
8672	1771	2888	2041	1516086	106109134	0	0
8673	3305	8236	7076	1516369	106133386	1524082	106857256
8674	2954	5571	8155	1516371	106133549	2087873	163055579
8675	1877	6784	11659	1516672	106160633	2821629	242969007
8676	6782	8573	9573	1516696	106163827	1784108	131610204
8677	1465	4630	1536	1517276	106229423	2097882	164178970
8678	4906	5424	2656	1517395	106239518	0	0
8679	4389	5610	4991	1517579	106258657	1566544	111207020
8680	8122	8527	4795	1517645	106265549	1820635	135216448
8681	1482	7654	3216	1517949	106298504	0	0
8682	4431	7784	7721	1518023	106306508	2113001	165873046
8683	5696	7610	10754	1518026	106306624	0	0
8684	4837	5617	5363	1518268	106336945	0	0
8685	202	2414	1857	1518613	106378645	1686592	122695171
8686	826	5823	1029	1518761	106398206	1895536	142807262
8687	4893	5414	6186	1519067	106425525	1736251	127218587
8688	4566	5949	4670	1519835	106501159	0	0
8689	2543	8577	11375	1519975	106513970	4275172	427756380
8690	1737	6182	7512	1521116	106614813	0	0
8691	2061	3463	2088	1521186	106619853	2504440	207101328
8692	303	6332	1496	1522189	106691291	3647302	346941061
8693	162	5429	6491	1522262	106695726	1971254	150365743
8694	708	5360	1627	1522369	106703260	3398952	315056714
8695	6623	6842	5733	1522381	106703617	0	0
8696	3179	7991	17862	1522798	106732323	4027579	395680384
8697	1578	6186	7648	1523028	106755599	0	0
8698	4181	6096	5045	1523502	106803522	1530748	107647608
8699	3793	8338	2676	1523830	106832731	4283669	429094958
8700	6990	8393	10705	1524045	106853495	1679561	122106507
8701	1645	8673	8093	1524082	106857256	2395807	194901068
8702	3295	4881	2947	1524428	106899385	0	0
8703	762	5678	1243	1524539	106911213	2217785	176453945
8704	255	3706	3210	1524561	106913688	1616338	116199709
8705	830	3276	4041	1524863	106944831	1537702	108252438
8706	1853	8250	9072	1525023	106960946	0	0
8707	6972	7000	16374	1525216	106982068	1868919	140063626
8708	1875	4591	4236	1525453	107017030	2508610	207504332
8709	6269	6447	6220	1525821	107064088	3246282	295774494
8710	1487	4603	7149	1526366	107127429	2833077	244612417
8711	482	6809	12527	1526448	107137754	1551696	109619077
8712	405	756	1283	1526597	107158671	1768238	130211460
8713	2621	5465	3021	1526695	107169689	1534306	107952990
8714	3891	8460	15838	1526720	107173314	2182583	172823453
8715	8200	8250	14324	1526821	107187006	2005838	153859062
8716	7198	8554	7570	1527020	107222448	1951181	148499335
8717	1335	6961	5490	1528114	107378359	2577754	215184447
8718	8288	8543	5091	1529217	107506160	2462387	202570201
8719	262	5485	3603	1529446	107529527	0	0
8720	2669	8403	7256	1529811	107564343	1664411	120645227
8721	1206	4853	3416	1530003	107582139	0	0
8722	911	1923	2220	1530418	107619839	4066027	400933195
8723	3274	8698	7530	1530748	107647608	0	0
8724	2829	7612	8891	1530908	107661523	1945659	147866135
8725	2651	2837	2296	1531357	107701232	1851728	138370052
8726	6297	7350	2518	1531433	107709473	1979994	151254282
8727	3796	8276	13214	1531542	107721612	1966580	149884512
8728	2766	4234	8228	1531586	107726805	0	0
8729	694	1585	2384	1532516	107820943	2440095	199999078
8730	1699	6804	3496	1533355	107886357	2512405	207878589
8731	5657	6987	5216	1533706	107912093	2221191	176785668
8732	4451	6891	6174	1534195	107945424	1709366	124698056
8733	7430	8713	14734	1534306	107952990	3296566	301892493
8734	5682	7768	11781	1534683	107986522	0	0
8735	3634	5697	6742	1534873	108005919	3135558	281571807
8736	40	7167	4591	1535252	108040160	1723211	126039063
8737	3308	3375	4695	1535321	108047812	4281370	428793640
8738	976	1279	641	1535915	108107812	4147541	411383014
8739	1220	6791	9861	1536111	108123846	0	0
8740	3034	7244	14610	1537554	108238669	2044324	158145377
8741	4487	7863	5785	1537691	108251313	2578707	215296697
8742	3004	8705	5970	1537702	108252438	4414518	446712368
8743	4173	8603	3713	1538100	108293299	1573275	111937322
8744	4102	6356	7490	1538110	108294560	1767541	130124923
8745	1904	5446	5225	1538721	108356669	1762415	129650170
8746	7293	7709	8716	1539104	108390710	2054702	159306366
8747	413	3281	1183	1539182	108396890	1938229	147118938
8748	71	6126	4819	1539495	108429575	1954751	148853676
8749	4075	6734	3956	1540100	108486861	3169907	285801997
8750	3287	5739	3950	1540336	108506185	2591161	216745355
8751	4144	7882	9552	1540347	108506778	2987261	263066723
8752	1120	7024	2033	1540525	108523786	1710148	124764099
8753	7866	8606	3459	1540577	108528601	0	0
8754	1575	5818	3173	1540917	108561164	4104063	405600137
8755	2657	5699	6669	1540996	108568990	1663604	120546833
8756	5710	8524	3704	1541636	108627424	3519093	330860887
8757	3844	3885	7900	1541667	108629559	0	0
8758	791	6685	7272	1542260	108680700	2335908	188392970
8759	1622	7415	4550	1542283	108682300	0	0
8760	6632	7652	4589	1542302	108683935	1822329	135364065
8761	317	1949	3049	1542324	108685644	2237728	178511037
8762	2934	3550	2103	1542753	108730291	2694815	228470700
8763	3531	6567	8843	1542783	108733616	1726352	126324720
8764	1720	5033	6917	1542929	108747220	0	0
8765	5197	8469	8024	1543237	108786533	2178340	172493598
8766	1953	7014	6372	1543256	108789252	3296566	301892493
8767	254	4425	2906	1543421	108811093	0	0
8768	2338	3998	2606	1543474	108816602	2819993	242777676
8769	215	5468	1767	1543974	108871549	0	0
8770	1921	4666	2900	1544548	108931564	2325638	187337312
8771	2044	4671	3839	1545084	108984793	0	0
8772	626	5250	5132	1545350	109008688	0	0
8773	5087	6580	4534	1545574	109027017	0	0
8774	4707	6972	17454	1545599	109029173	2208300	175529637
8775	2325	3536	9978	1545727	109044365	2398203	195197847
8776	1501	2169	1828	1546056	109084949	0	0
8777	97	3028	2446	1546546	109134849	1989369	152262367
8778	1034	2572	2060	1546569	109137307	0	0
8779	1523	5177	4260	1547094	109186478	2209353	175637377
8780	8	7005	4582	1547342	109209362	0	0
8781	7247	8331	5355	1547415	109215509	2314302	186116416
8782	4744	5175	6379	1547672	109240490	1655780	119688726
8783	3706	5681	5587	1548571	109320582	0	0
8784	1544	3013	3048	1548587	109321937	2184818	173040600
8785	3354	3620	3433	1548656	109327586	2435679	199459572
8786	3291	5087	1926	1548899	109347734	0	0
8787	5465	7965	4416	1549383	109382440	1564348	111016202
8788	2743	6722	9910	1549404	109384183	2515778	208204438
8789	4417	7769	5916	1549660	109406172	2315446	186235835
8790	886	972	1231	1549707	109409859	2117110	166262835
8791	450	8245	6279	1549809	109417659	1569745	111523523
8792	1019	1560	3216	1550127	109447470	1709200	124685217
8793	3931	5805	9335	1550373	109469756	2341443	189055337
8794	1877	5670	8443	1550487	109481565	0	0
8795	5873	6073	11038	1550918	109528943	3446570	321486069
8796	5617	6569	14696	1551018	109540818	2786015	238779736
8797	36	1613	5640	1551175	109561893	3844361	372719519
8798	1293	1425	1598	1551343	109581612	0	0
8799	7069	7245	17265	1551588	109606917	3498983	327668152
8800	3483	8711	13906	1551696	109619077	4140924	410374971
8801	4247	4498	8247	1552561	109743713	2308077	185527352
8802	229	6987	1586	1552722	109763310	0	0
8803	6209	7138	6587	1552761	109768515	1855739	138815113
8804	169	1541	469	1553294	109834109	2407167	196154121
8805	1869	6795	5674	1553557	109862227	1732710	126829386
8806	733	1010	647	1553804	109890895	2747933	234746415
8807	7860	8371	8834	1554678	109967256	0	0
8808	1859	7042	8091	1555100	110005434	4321390	434036412
8809	2891	5167	5758	1555106	110005717	0	0
8810	1048	6889	6346	1555127	110007714	2320081	186732178
8811	7237	7290	8660	1555189	110015274	1659258	120116639
8812	4331	5819	8712	1555192	110015426	3020073	267622476
8813	3875	8288	6948	1555380	110040602	1601113	114724848
8814	4424	4583	6623	1556674	110186844	2076743	161741139
8815	1267	6455	2421	1556761	110197191	1752013	128695374
8816	6918	8176	15140	1556819	110201733	0	0
8817	3322	7504	4140	1557719	110306295	0	0
8818	4529	6772	9225	1557845	110318111	2826082	243669901
8819	5148	7188	4324	1558183	110358450	2860000	248363730
8820	4020	8452	15316	1558258	110366908	1656481	119758808
8821	3202	6218	6213	1558379	110381470	0	0
8822	4081	8082	1946	1559383	110498062	0	0
8823	2982	6945	3479	1559588	110517506	0	0
8824	7657	8407	9059	1559743	110533424	1713943	125088480
8825	5722	5924	5271	1559752	110534608	0	0
8826	1338	3523	1674	1559970	110560254	1824843	135592879
8827	2538	4955	3052	1560063	110572487	0	0
8828	1046	2898	3883	1560144	110581740	2235788	178310831
8829	2781	6177	8925	1560400	110608114	3416575	317493700
8830	2140	6352	6420	1560523	110621070	2260103	180483355
8831	5637	7143	4055	1560701	110641393	0	0
8832	5443	7369	7301	1560727	110644524	2021422	155557432
8833	1585	4428	4772	1561891	110772380	2117110	166262835
8834	4313	4398	3696	1561972	110780733	0	0
8835	7902	8148	8438	1562011	110783600	3140449	282218537
8836	2219	4440	3739	1562286	110815132	2515626	208186420
8837	3517	6529	9465	1562439	110830823	0	0
8838	3288	4953	4116	1562535	110842160	2431200	198965134
8839	3930	4698	5935	1563528	110946705	1898915	143135777
8840	2298	5868	6505	1563960	110981693	2052959	159130023
8841	349	4463	3183	1563965	110981933	0	0
8842	6721	8503	5253	1564208	111003380	3778078	364101736
8843	6151	8787	7561	1564348	111016202	1852826	138510426
8844	2226	3233	3051	1564626	111044103	0	0
8845	3235	8349	2203	1565160	111089080	0	0
8846	2800	6000	7288	1565715	111133384	0	0
8847	4990	7278	13061	1566024	111157135	2063322	160184015
8848	256	8443	3065	1566150	111169060	2799296	240092548
8849	2492	2568	1675	1566441	111196660	2323258	187048660
8850	7420	8679	5453	1566544	111207020	3358528	309423192
8851	1541	7309	13328	1566665	111217561	2153904	170001154
8852	187	7195	3707	1566795	111235180	3028789	268651089
8853	612	5298	1925	1567525	111313656	0	0
8854	4434	7581	13206	1567896	111348143	2715828	230860886
8855	1932	4822	2759	1568073	111367633	3659513	348537851
8856	1899	7965	4847	1568115	111372102	1966266	149857649
8857	1601	1845	948	1568323	111395004	2977313	262009324
8858	1419	2218	1372	1569127	111468956	2112565	165837245
8859	2158	3579	7256	1569215	111476494	1602678	114860519
8860	2834	4438	4323	1569356	111488861	1714695	125160139
8861	2563	7273	8564	1569489	111499573	1572617	111856490
8862	1705	6051	2353	1569588	111509366	1704720	124358660
8863	72	252	273	1569691	111518857	3102051	277800293
8864	1451	8791	6543	1569745	111523523	0	0
8865	2638	7300	6828	1570208	111565420	0	0
8866	389	7321	6138	1570241	111568098	0	0
8867	2314	3044	3248	1570282	111572192	1952445	148632606
8868	2585	4735	2665	1570390	111583510	2464062	202786363
8869	3854	5931	7826	1570641	111609995	2182349	172801136
8870	1438	7360	16805	1570961	111645940	0	0
8871	8441	8556	4454	1571092	111663399	0	0
8872	3187	6505	4901	1571476	111711458	2365042	191314979
8873	6313	8429	16607	1571701	111739400	0	0
8874	1773	4883	7292	1572092	111790539	2621420	220051265
8875	912	4914	3689	1572318	111819058	1733894	126954276
8876	3741	8861	10595	1572617	111856490	0	0
8877	2001	8743	5195	1573275	111937322	2515626	208186420
8878	1927	7509	5736	1573712	111986539	2023602	155771038
8879	5118	7228	12223	1574221	112035659	0	0
8880	4631	5052	6001	1574323	112045866	3647561	346980456
8881	3490	8135	11071	1574379	112052060	2727259	232281735
8882	1002	4992	2597	1574655	112089884	2377237	192831123
8883	3198	6140	3366	1574833	112112225	1716203	125302064
8884	5125	6513	8307	1575094	112141684	3930603	383164892
8885	1489	8585	7022	1575160	112147840	3533247	332601143
8886	7576	8161	6076	1576140	112258110	1595298	114210970
8887	1455	4604	2624	1576489	112289808	2331071	187889031
8888	206	6106	8146	1576649	112306591	0	0
8889	2218	2838	1514	1576988	112342371	1754912	128961095
8890	4834	5502	4106	1577045	112346979	2743588	234228965
8891	20	5435	4961	1577503	112393231	2199552	174631969
8892	6013	7566	5412	1577726	112414945	0	0
8893	3056	6607	4680	1578440	112477811	2725186	232017298
8894	354	7411	7867	1578729	112499861	3284637	300364619
8895	154	6137	4803	1578914	112519415	3540762	333715931
8896	2762	4520	5395	1578944	112522083	3647302	346941061
8897	4748	8355	7464	1579577	112578384	0	0
8898	7331	7850	5246	1580067	112622907	2417077	197423487
8899	1629	8590	10383	1580078	112623642	1927808	146017702
8900	5458	7970	8413	1580342	112649520	2193086	173923794
8901	3016	4738	2093	1580468	112660899	2650405	223389980
8902	1477	5251	4036	1581773	112777893	2344997	189372817
8903	4638	6063	3150	1582114	112801331	0	0
8904	1735	3231	5556	1582410	112820680	4195870	417754569
8905	4057	4518	3470	1582446	112822593	4227362	421684718
8906	5956	8255	8132	1582570	112830246	0	0
8907	5934	8247	12416	1582756	112843764	0	0
8908	8251	8412	11968	1583138	112874838	3421377	318048749
8909	6892	7369	7536	1583188	112880988	0	0
8910	5198	7075	6008	1583354	112901061	2160383	170813606
8911	40	4589	2964	1583681	112938361	0	0
8912	152	5293	4554	1584358	113006119	1926305	145904852
8913	750	6253	12846	1584394	113009478	1635808	117921666
8914	497	3789	2291	1584932	113062198	2393764	194639270
8915	89	4107	1015	1585273	113092885	0	0
8916	1778	3951	2587	1585310	113096168	0	0
8917	4511	4604	2320	1585816	113136982	1858935	139121629
8918	8456	8619	12229	1585875	113142683	2967870	260868061
8919	2364	7694	7631	1585993	113155012	0	0
8920	3010	3644	4793	1586556	113212748	1780639	131265509
8921	4216	7925	5621	1586582	113215199	1881807	141362281
8922	3504	6673	2258	1587294	113286669	2366841	191578334
8923	3312	5307	7030	1587353	113292235	0	0
8924	8138	8156	8005	1587597	113317095	3737123	358845784
8925	3577	5175	4064	1587798	113338668	1624586	116913292
8926	3760	4204	3339	1587915	113351223	1927808	146017702
8927	6869	7835	17396	1588216	113380968	0	0
8928	724	1853	3269	1588633	113429971	3840023	372193410
8929	4575	5770	13495	1588914	113460944	1991569	152517288
8930	347	6440	2920	1589303	113504058	3077643	274749676
8931	7098	7982	11857	1589348	113509742	1969442	150189202
8932	3216	7076	5385	1589530	113535147	3546115	334478062
8933	221	8448	892	1589684	113553441	1646275	118916451
8934	1897	5028	3966	1589729	113559400	1771637	130547105
8935	5613	7923	4272	1589779	113565236	2221886	176858086
8936	2529	3062	2551	1589887	113581200	2658136	224383114
8937	913	5811	2267	1589914	113584863	0	0
8938	5631	7721	16411	1589944	113589682	0	0
8939	608	8290	13766	1590758	113695270	0	0
8940	1813	4160	2857	1590926	113718775	0	0
8941	3475	5601	7083	1591023	113731420	1673147	121522672
8942	2061	8234	6668	1591058	113736036	3778078	364101736
8943	1360	6177	7965	1591129	113746877	2608919	218643507
8944	7489	8565	6268	1592465	113924381	3273001	298991017
8945	4882	5604	7114	1592661	113945493	0	0
8946	1161	5600	4194	1593291	114013104	2948562	258559338
8947	133	2995	179	1593321	114015176	1675186	121706710
8948	4383	7387	6505	1593359	114019115	2617495	219597041
8949	3386	7498	7004	1593491	114031312	4061780	400354455
8950	4262	5741	2520	1593672	114050072	2854879	247669705
8951	144	2775	1083	1593735	114057884	2339957	188906338
8952	6532	6727	6884	1594061	114091501	1689374	122963805
8953	558	2536	1386	1594134	114100722	1867382	139906231
8954	423	4554	1107	1594478	114136674	3519266	330884085
8955	2969	5984	6687	1594501	114139557	2035555	157160820
8956	916	6813	1915	1595220	114204681	2142265	168676281
8957	6837	8886	8682	1595298	114210970	0	0
8958	277	4149	3210	1595852	114260321	2943178	257805069
8959	277	5848	5702	1595852	114260321	4425200	448183049
8960	4149	5848	8566	1595852	114260321	0	0
8961	2783	6212	11645	1596169	114289533	2088674	163148020
8962	1434	7068	6513	1596598	114330861	0	0
8963	2636	4106	1896	1596707	114342232	1871168	140348951
8964	3223	3594	5520	1596833	114355520	0	0
8965	3845	7655	10003	1597612	114431857	1809410	134152540
8966	931	2209	2101	1598207	114490075	0	0
8967	2286	2978	4689	1598538	114517399	4392749	443992660
8968	2230	6582	3943	1598675	114529258	1751607	128645329
8969	1051	4433	3873	1598684	114530010	2406139	196058414
8970	5175	6409	4161	1598827	114542094	3389815	313633014
8971	3190	5279	3765	1598924	114550653	2313259	186002763
8972	3636	5600	4474	1599140	114569488	3661600	348832768
8973	5600	7907	8442	1599325	114584701	2768651	237076776
8974	405	2021	3502	1600181	114658036	2299982	184725854
8975	1952	5384	5686	1600479	114679306	0	0
8976	1903	8813	7954	1601113	114724848	1810700	134288807
8977	3179	8384	3307	1601149	114728206	1694739	123448043
8978	79	1354	575	1601161	114728721	2170988	171930704
8979	2568	5020	2249	1601360	114744402	2060043	159850971
8980	2319	3042	4897	1601480	114754008	2298391	184557167
8981	5445	5988	7739	1601788	114778355	1795532	132730188
8982	710	3230	618	1602039	114797922	1610758	115658553
8983	1509	7310	4151	1602228	114811732	0	0
8984	4452	4804	8328	1602273	114814879	0	0
8985	5571	7498	10879	1602288	114816475	1938557	147155373
8986	612	6793	6546	1602301	114817847	0	0
8987	2121	8077	6421	1602464	114835217	0	0
8988	583	5238	2026	1602470	114835731	3416575	317493700
8989	2383	8859	8778	1602678	114860519	0	0
8990	1559	6362	3400	1603008	114897739	0	0
8991	2040	5057	8178	1603393	114937199	3020775	267704908
8992	4457	5474	3148	1603462	114945908	2281035	182839835
8993	1856	6130	7553	1603931	114992212	0	0
8994	7946	8329	4490	1604081	115008137	0	0
8995	1642	3880	2049	1604273	115027707	2377123	192816737
8996	3622	6512	3454	1604321	115033205	0	0
8997	7635	8343	6770	1604377	115039601	0	0
8998	6897	8020	10523	1605689	115174532	4357711	439072928
8999	1528	3648	2156	1605771	115181275	3496813	327420291
9000	1188	3806	1981	1606682	115259817	2389599	194159480
9001	3937	4981	9920	1606796	115268067	1773190	130666355
9002	215	3967	1482	1606832	115271018	2254103	180071149
9003	785	909	696	1606973	115283949	2897213	252278210
9004	4139	5191	2617	1607049	115289756	4412078	446410147
9005	1818	3257	2938	1607377	115314349	1875712	140769054
9006	123	5049	4131	1607532	115325088	3186913	288068907
9007	3477	5656	7242	1607581	115329393	0	0
9008	2569	3188	5057	1607709	115341953	3165932	285266284
9009	1172	4581	4190	1607791	115351111	2209158	175618407
9010	312	7050	668	1607894	115360774	2819993	242777676
9011	4283	5553	1011	1608146	115383945	2392701	194522806
9012	4695	8028	5165	1608291	115396814	0	0
9013	3754	8558	15027	1608369	115403712	2615718	219368136
9014	677	6382	6335	1608423	115409867	2021251	155543047
9015	5784	5963	14448	1608455	115413891	0	0
9016	568	947	266	1608946	115472003	0	0
9017	3014	5086	2380	1609379	115521434	4419939	447388611
9018	7104	8256	12209	1609505	115534222	3673095	350250443
9019	1742	3504	3699	1609593	115544249	0	0
9020	2597	4416	3544	1609941	115584377	1740187	127608768
9021	3169	8982	2067	1610758	115658553	2759087	235902581
9022	2418	2612	7708	1610835	115664423	2097452	164132452
9023	337	4199	1641	1611065	115684611	2926357	255543497
9024	951	6076	11125	1611101	115687819	0	0
9025	3422	5942	4798	1611207	115697294	1866995	139873131
9026	6301	8101	19581	1611732	115749977	2638828	222101361
9027	1275	4521	829	1612409	115830980	1674309	121630592
9028	4566	7860	3842	1612474	115837426	0	0
9029	3842	3974	3519	1613361	115919120	1617148	116277793
9030	4079	6977	5671	1613654	115943128	0	0
9031	3997	5209	5880	1613711	115947411	2016578	155114536
9032	1612	7140	7853	1613766	115952793	1749998	128489091
9033	4206	7528	3528	1614040	115981679	0	0
9034	90	3078	1881	1614134	115990131	3815551	369251913
9035	790	1158	854	1614552	116031708	2405273	195970567
9036	788	894	1426	1614765	116050636	2821218	242917141
9037	1441	8597	7763	1615040	116072973	1837525	136950365
9038	1578	7233	9809	1615124	116080077	3379733	312264239
9039	6429	8028	9751	1615449	116113728	1617148	116277793
9040	3182	4488	2728	1616082	116176421	3144936	282827444
9041	6674	6737	6954	1616088	116176827	2296980	184414872
9042	801	8704	3661	1616338	116199709	2179278	172564114
9043	455	5393	3165	1616526	116220259	0	0
9044	5965	6144	5258	1617117	116273899	2670256	225658616
9045	9029	9039	13270	1617148	116277793	3337916	306885811
9046	596	792	1235	1617325	116297451	0	0
9047	710	2839	998	1617497	116316721	0	0
9048	6997	8196	10682	1617899	116355518	1681596	122256279
9049	3558	5702	3912	1618579	116426408	2080200	162298751
9050	1457	5077	6135	1619031	116465661	0	0
9051	5085	8001	782	1619128	116475184	1910247	144395698
9052	1647	5537	5795	1619966	116537830	0	0
9053	1859	6882	5802	1620246	116556721	0	0
9054	3680	5164	5098	1620303	116561833	2430652	198893306
9055	1951	6607	4033	1620591	116585136	3243921	295520000
9056	2075	2800	1288	1621018	116617350	0	0
9057	5728	7902	3682	1621029	116618665	3234057	294328102
9058	2283	3621	1174	1621179	116628977	2279134	182620138
9059	4381	8273	8231	1621356	116640080	2877025	250113828
9060	1338	6262	6930	1621415	116645413	2584060	215886564
9061	375	2964	4242	1621424	116645949	2024410	155881009
9062	3724	4379	9016	1621673	116666988	2528139	209584287
9063	1318	6256	1988	1621715	116671508	2228712	177510782
9064	2428	3829	6987	1621819	116682329	1879508	141145662
9065	1841	3011	2079	1621862	116687306	2827705	243910923
9066	954	2044	869	1622298	116732425	2826781	243773614
9067	3342	4014	585	1622306	116733607	0	0
9068	3961	5875	6431	1622484	116748259	0	0
9069	530	1200	996	1622709	116768716	0	0
9070	1221	9039	10017	1623409	116828480	1787619	132007042
9071	6601	6772	8588	1624384	116899572	0	0
9072	5222	6985	12017	1624578	116912953	1947495	148050103
9073	5863	8925	19844	1624586	116913292	0	0
9074	6023	7497	15750	1624679	116922203	3683184	351775714
9075	2270	6950	7297	1625131	116981636	3893703	378726015
9076	128	3984	925	1625999	117081430	2272935	181918405
9077	4732	7595	4652	1626595	117134430	4002617	392775991
9078	5116	8098	6606	1626781	117151237	3724497	357488543
9079	1299	5427	2594	1627044	117177165	1831100	136224644
9080	8042	8541	10798	1627221	117192548	0	0
9081	4141	7846	7728	1627317	117200914	2526339	209399477
9082	750	6516	2404	1627724	117243043	0	0
9083	116	3482	2629	1627844	117253922	1827512	135848739
9084	1602	5525	4437	1628083	117276540	0	0
9085	2700	7385	8859	1628899	117348781	0	0
9086	7741	8130	15559	1629691	117407839	2492488	205807223
9087	1628	2083	2214	1629792	117417857	2752763	235262357
9088	3405	4187	9888	1629960	117434272	3288983	300958605
9089	5409	5961	12673	1630921	117525903	3282073	300022561
9090	387	2003	1273	1630929	117526389	2448246	201021465
9091	2293	6538	2236	1631094	117543225	2367750	191708390
9092	350	7142	3801	1631173	117550789	1645683	118859974
9093	1054	5384	6263	1631384	117571509	2691015	228053045
9094	3557	7658	3147	1631658	117597558	1988460	152166861
9095	3227	6747	6814	1631802	117610589	3382311	312604156
9096	3338	5696	6543	1632144	117641875	1908098	144204472
9097	339	417	379	1632259	117651731	1764643	129865549
9098	3347	5258	5796	1632442	117668535	0	0
9099	166	6088	2518	1632673	117689721	0	0
9100	944	2449	2191	1633044	117722917	0	0
9101	284	6432	1543	1633562	117766559	0	0
9102	3275	7345	6857	1634880	117845946	2221130	176778656
9103	982	3055	1373	1634911	117848227	2619142	219801210
9104	1938	7854	3390	1635004	117852716	2646427	222923264
9105	4113	7787	9108	1635213	117865142	3004942	265459683
9106	6738	8414	13526	1635293	117872254	2029998	156573402
9107	950	2819	2057	1635444	117886228	0	0
9108	4667	6293	4590	1635459	117887825	1654673	119590344
9109	4347	8913	17297	1635808	117921666	2523836	209092002
9110	3649	6845	6313	1636000	117944712	0	0
9111	2698	3440	4993	1636442	117995764	2028091	156358719
9112	1911	6928	4741	1636634	118014978	2101674	164499476
9113	2977	8531	4331	1637575	118108154	0	0
9114	7054	8679	6938	1637622	118112464	0	0
9115	1523	8444	13892	1637725	118124205	0	0
9116	4128	7584	6894	1637890	118143512	2308685	185588437
9117	5146	6614	7433	1638085	118167040	0	0
9118	249	1609	1038	1638129	118173841	1932986	146554476
9119	2941	7133	2223	1638531	118220243	1941352	147463850
9120	6712	7062	10616	1638559	118224470	2089789	163283054
9121	2965	6415	7694	1638751	118250871	1717040	125394412
9122	4460	6642	4684	1638808	118257514	0	0
9123	1541	3844	7644	1638869	118264885	3231775	294081829
9124	1966	5207	3876	1638880	118266337	2263864	180818025
9125	2248	6716	3617	1639832	118376344	0	0
9126	4860	7330	9478	1639885	118381810	1818899	135073040
9127	5566	6914	5206	1640254	118423130	2175739	172287055
9128	4158	4917	6893	1641381	118533027	0	0
9129	770	5367	1332	1641832	118571257	2195407	174193115
9130	495	4568	3833	1641997	118583744	2313259	186002763
9131	3411	6816	5418	1642486	118617989	2047480	158510063
9132	1604	8171	7607	1642566	118624609	2560912	213370863
9133	3861	4655	6159	1642647	118631982	3553692	335481133
9134	1035	4690	7305	1642835	118648237	0	0
9135	567	4479	2792	1643542	118708437	2235788	178310831
9136	965	2920	5796	1644190	118752469	3148177	283223796
9137	2344	3273	3258	1644697	118782922	2717975	231161948
9138	8199	8608	8624	1644760	118786595	0	0
9139	2598	6112	7322	1644944	118800110	4214356	420190338
9140	2772	3680	4710	1645266	118824997	1712718	124980972
9141	3151	8177	5600	1645425	118836614	3324001	305210720
9142	610	5994	5409	1645546	118846592	1895683	142820681
9143	3701	9092	5986	1645683	118859974	0	0
9144	4993	6357	7992	1645796	118869630	0	0
9145	6860	7180	4078	1645891	118877186	3694627	353662370
9146	420	6072	4440	1646010	118891540	2398500	195234360
9147	165	6263	4129	1646145	118904648	2826082	243669901
9148	8255	8933	4486	1646275	118916451	1747993	128342834
9149	2184	2272	801	1646313	118920132	1741852	127750410
9150	2074	3780	4300	1646605	118948427	2550063	212306581
9151	3127	6627	8522	1646996	118985339	2428481	198646672
9152	3986	7122	3538	1647018	118987351	1874770	140691474
9153	6215	6889	10959	1647393	119022272	0	0
9154	2432	5280	4168	1648004	119082570	2473262	203872717
9155	800	2198	834	1648271	119105936	0	0
9156	1462	1946	2011	1649058	119164521	2523836	209092002
9157	2431	4642	6145	1650263	119234890	0	0
9158	296	5512	4008	1650285	119235944	0	0
9159	101	7516	5494	1650295	119236251	1655735	119683661
9160	4045	4101	3647	1650327	119237861	1885849	141745689
9161	1601	5779	5387	1650332	119238077	1746637	128219109
9162	625	4598	3773	1650441	119247522	1872617	140489998
9163	3398	3441	2504	1650660	119266948	0	0
9164	3152	5637	5080	1651159	119308133	0	0
9165	5882	7314	2328	1651603	119339988	1676773	121873688
9166	1983	5836	5461	1651637	119342419	0	0
9167	4515	5478	9241	1651771	119351184	0	0
9168	4738	6868	4228	1652246	119389290	1855203	138762474
9169	1344	6882	4690	1652451	119404631	0	0
9170	6736	7218	6836	1652587	119414818	1888882	142082232
9171	866	7962	1693	1652795	119433295	2093027	163629018
9172	5635	7149	4126	1653128	119460332	3828365	370835162
9173	4492	5608	7123	1653348	119478470	2128320	167463851
9174	744	3247	794	1653375	119480760	0	0
9175	3741	5187	3992	1653439	119486497	0	0
9176	1288	5416	1965	1653474	119489577	2586924	216217497
9177	258	5288	7625	1653627	119503723	2404093	195838668
9178	350	755	522	1654319	119562833	2388639	194064088
9179	1860	4135	4889	1654518	119579736	0	0
9180	4174	4851	6173	1654565	119582688	1963346	149595549
9181	2086	9108	6770	1654673	119590344	2510278	207668041
9182	763	2062	1737	1655008	119624042	0	0
9183	362	4629	1594	1655071	119629283	2880233	250472635
9184	3262	7186	5666	1655217	119640341	2432114	199092696
9185	4547	9159	7036	1655735	119683661	0	0
9186	7556	8782	7578	1655780	119688726	3132282	281183099
9187	4913	6353	15210	1656230	119731065	2364911	191295024
9188	4520	8820	17239	1656481	119758808	1995473	152978767
9189	1278	5491	3053	1656524	119764137	2940486	257387190
9190	4734	7274	6040	1657073	119833137	2439044	199832334
9191	2438	7467	4760	1657165	119844420	3365193	310423170
9192	1405	6883	8117	1657586	119899706	2872325	249621780
9193	5935	8084	13544	1657778	119923717	0	0
9194	2671	2737	3817	1658010	119955255	3108123	278440106
9195	1866	6655	14151	1658260	119989397	3643347	346381531
9196	1605	7062	6986	1659135	120103060	2826612	243744944
9197	5034	8811	11594	1659258	120116639	2721652	231573939
9198	1731	7598	6967	1659301	120121277	0	0
9199	2849	5589	3034	1659489	120144368	1826901	135790997
9200	682	1344	413	1659513	120146884	3446378	321459531
9201	243	1142	576	1659855	120193498	3827391	370743028
9202	2411	2870	3411	1660345	120250063	0	0
9203	6721	7165	12097	1660584	120278387	0	0
9204	2625	3570	3862	1660956	120320190	0	0
9205	800	4612	2400	1661174	120342290	0	0
9206	3826	7020	7481	1661406	120365692	1977767	151069076
9207	63	2562	574	1661869	120411116	0	0
9208	4484	5553	2398	1662229	120444456	2462295	202561368
9209	2632	3931	6041	1663216	120515310	3574960	338104031
9210	6106	6531	17009	1663330	120523396	0	0
9211	2359	5774	7255	1663410	120529763	0	0
9212	3996	8755	15862	1663604	120546833	0	0
9213	2630	6954	3461	1663693	120556255	2267395	181170700
9214	6414	8120	7292	1663701	120557001	1687651	122802680
9215	5430	7578	5100	1663799	120569030	2034570	157073366
9216	1698	2607	2305	1663845	120574667	2717975	231161948
9217	598	4716	7231	1664015	120595146	2562373	213548077
9218	1141	4664	3368	1664139	120610072	0	0
9219	1971	8720	8607	1664411	120645227	1835030	136647204
9220	1491	6955	4510	1665184	120740198	2058691	159705205
9221	2086	5460	3638	1665380	120762335	0	0
9222	4096	6607	6191	1665385	120763037	2232892	177963474
9223	454	2369	949	1665781	120811105	0	0
9224	439	7480	1406	1665807	120813435	0	0
9225	815	8007	2458	1666056	120840235	0	0
9226	1008	2120	3273	1666270	120860916	3645236	346641493
9227	5338	6474	4198	1666848	120913314	2160383	170813606
9228	3859	8235	6075	1667753	120981180	1858852	139114924
9229	2267	6010	2754	1667847	120988265	1758532	129243379
9230	2267	7289	2365	1667847	120988265	2342990	189208577
9231	6010	7289	2341	1667847	120988265	1848534	138067580
9232	5684	8308	9558	1668582	121044973	2671022	225743515
9233	5100	5147	18365	1668738	121057083	2430895	198920127
9234	1368	2961	5545	1669051	121085535	2118780	166434561
9235	231	3435	2490	1669427	121120217	2756903	235671093
9236	307	4434	2372	1669456	121123141	3034212	269432739
9237	1030	8533	15898	1669711	121143150	0	0
9238	7375	8180	18994	1670372	121210148	0	0
9239	56	7524	5374	1670841	121264641	0	0
9240	2456	4145	3957	1670877	121268284	0	0
9241	3522	5849	8447	1671042	121289732	1822630	135392740
9242	2947	6882	5038	1671324	121325864	0	0
9243	2024	2343	2726	1671429	121339542	1720638	125799420
9244	6564	7903	8987	1671657	121365423	2388317	194031972
9245	1298	4370	1568	1672101	121414527	0	0
9246	7089	7394	10555	1672309	121437986	2005484	153821764
9247	7913	8941	8095	1673147	121522672	3432593	319380661
9248	5646	6308	5044	1673609	121565958	2116252	166175005
9249	4846	6078	6097	1673706	121574393	2408509	196297237
9250	1629	3349	2798	1674118	121612417	2008754	154177388
9251	8215	9027	7094	1674309	121630592	2302112	184946274
9252	6541	8947	3637	1675186	121706710	2648346	223126784
9253	1975	4076	1964	1675201	121707620	2253542	180029403
9254	318	2628	1401	1675310	121716475	2281055	182841523
9255	4522	6792	9246	1675325	121717324	1762388	129647654
9256	387	2644	1864	1675479	121731243	1739115	127514047
9257	7160	7361	22654	1675540	121735520	0	0
9258	1957	8333	2581	1675947	121786034	0	0
9259	3133	8461	3126	1676453	121841811	2326193	187407910
9260	120	1026	303	1676477	121844595	0	0
9261	2786	7715	2884	1676640	121861025	2041909	157835003
9262	3779	9165	3619	1676773	121873688	1985135	151794418
9263	3002	7732	5520	1676862	121883557	3947114	385238483
9264	3059	6516	6283	1677200	121919053	2581482	215593942
9265	768	2576	1189	1677685	121967909	0	0
9266	2437	2864	3550	1677818	121980320	0	0
9267	4738	5891	1786	1677938	121990982	1956137	148984846
9268	1530	8024	2333	1678720	122051286	0	0
9269	3957	5357	3843	1679002	122070230	3527003	331809252
9270	6599	8700	11946	1679561	122106507	2703253	229460386
9271	2251	7223	6920	1679566	122106708	0	0
9272	108	8813	7001	1679771	122123816	3905362	380200911
9273	586	6660	2208	1681007	122218170	1682231	122307950
9274	3355	7188	1146	1681072	122223489	0	0
9275	1876	3998	2891	1681498	122250691	2142898	168749634
9276	6084	9048	14156	1681596	122256279	0	0
9277	248	3159	1470	1681982	122288952	2095663	163939661
9278	6799	6987	2406	1682069	122295826	1864785	139687972
9279	3161	9273	6704	1682231	122307950	0	0
9280	1282	7341	7136	1682415	122322422	1916714	145065910
9281	1471	3379	2959	1682452	122325379	2647398	223029204
9282	3940	6426	8029	1682522	122331867	3715622	356415178
9283	1302	6561	8649	1682917	122370297	4004432	393016421
9284	2760	3373	6930	1683144	122391465	2285504	183233825
9285	1051	1148	2144	1683179	122394694	3484741	326370918
9286	2022	8020	9211	1683235	122400586	0	0
9287	2192	8492	13307	1684037	122477784	0	0
9288	598	4597	3902	1685818	122639789	0	0
9289	7787	8172	3819	1686157	122662133	2858432	248149968
9290	2284	6915	6575	1686174	122663127	0	0
9291	1920	4412	7730	1686187	122664585	0	0
9292	320	3279	2231	1686410	122681847	2256564	180238889
9293	2090	5927	4335	1686587	122695020	4391536	443856498
9294	2968	8685	2480	1686592	122695171	4196878	417920226
9295	834	2219	1316	1686751	122708455	2872860	249678195
9296	264	1374	1429	1686782	122711375	3793151	366398440
9297	5708	8540	21092	1686843	122715718	2712419	230468385
9298	4665	7718	6785	1687005	122732265	1916216	145021374
9299	123	3148	1669	1687380	122775422	0	0
9300	1701	9214	9055	1687651	122802680	2952482	259148101
9301	6368	7005	8662	1688801	122914092	0	0
9302	2846	3901	3227	1688946	122927554	4241451	423461748
9303	5015	7224	8465	1689017	122933362	1980583	151301122
9304	1729	8952	8329	1689374	122963805	2533868	210314203
9305	658	4105	4987	1689734	122999957	4157107	412540694
9306	1711	6942	5149	1689970	123021604	0	0
9307	1301	4434	2433	1690029	123026805	1787920	132036694
9308	4749	8057	9462	1690265	123049147	2806493	241096270
9309	348	2716	1132	1690603	123084757	1705605	124419197
9310	91	8585	5575	1690747	123099014	0	0
9311	7772	8250	8698	1691304	123147866	3358687	309442486
9312	1895	4608	4146	1691529	123169813	2333307	188109900
9313	1349	1474	1470	1692082	123215841	2557713	213026071
9314	1352	8429	14543	1692543	123249401	0	0
9315	2939	6173	2464	1692659	123259459	0	0
9316	8024	8139	6664	1692692	123262269	2887722	251171965
9317	1110	5082	2635	1692938	123284716	1731602	126725139
9318	1244	5605	1665	1692972	123288039	1956484	149014112
9319	173	3650	5249	1693119	123299310	2411846	196609828
9320	5305	5645	11285	1693916	123366823	3459871	323078843
9321	2300	4909	4038	1693974	123370789	0	0
9322	1835	8394	9574	1694086	123379048	1717141	125407985
9323	4718	7872	9366	1694207	123392799	0	0
9324	8397	8400	8782	1694540	123426125	0	0
9325	4591	7635	6783	1694642	123438360	3075575	274438555
9326	440	8977	3413	1694739	123448043	2196141	174290254
9327	711	3671	3486	1695174	123505526	0	0
9328	487	3298	679	1695307	123519397	2802812	240544522
9329	195	6098	1665	1696756	123641329	1699714	123955354
9330	5055	7879	2251	1696998	123657056	0	0
9331	532	8646	10785	1697108	123664374	0	0
9332	5829	8147	10673	1697302	123680455	2386630	193857248
9333	7317	7970	5920	1697552	123705247	3322884	305044448
9334	4206	7495	9822	1697886	123737284	0	0
9335	2693	6352	5436	1697910	123739117	3057117	272309093
9336	2254	4733	8220	1698334	123787141	1891726	142439011
9337	894	7513	3282	1698368	123791010	2312607	185941865
9338	1828	8644	7063	1698522	123809607	0	0
9339	4807	5190	12276	1698649	123822966	1799954	133199822
9340	3762	6031	2825	1699554	123935852	0	0
9341	5583	9329	3738	1699714	123955354	1713064	125007450
9342	1698	5937	7516	1700217	124004096	2954511	259415748
9343	3086	4369	4296	1700870	124063550	2411964	196621356
9344	2109	2806	3399	1700917	124068026	0	0
9345	2666	6674	5160	1701029	124078702	1911249	144491836
9346	396	2263	484	1701624	124126808	0	0
9347	3293	5468	2321	1701643	124128200	1831609	136295334
9348	1444	4288	2234	1701882	124146663	2936926	256898726
9349	1807	2194	3089	1702286	124174092	0	0
9350	2620	3605	2826	1702546	124193440	3155174	283949970
9351	1869	5648	2659	1702621	124198201	3540063	333616390
9352	1608	8037	4821	1702902	124216030	3095719	276954534
9353	4821	6853	13065	1702965	124220328	1869474	140128807
9354	1102	1151	975	1703352	124252921	2946528	258296164
9355	408	4508	7471	1703815	124288292	4396542	444484327
9356	3865	6922	5901	1704013	124302694	0	0
9357	4735	6031	4510	1704269	124322717	2303778	185109041
9358	1133	8235	4493	1704341	124329316	2909749	253812657
9359	43	8862	2369	1704720	124358660	3404164	315951275
9360	368	4132	1637	1705129	124389505	2209353	175637377
9361	77	9309	1199	1705605	124419197	0	0
9362	4881	7975	17510	1705779	124429539	2247895	179496031
9363	838	6099	4106	1706040	124450728	0	0
9364	1367	4786	2338	1706137	124458829	2031580	156748047
9365	3612	4036	3640	1706391	124481765	2269963	181489733
9366	3975	6361	5616	1706714	124506335	0	0
9367	600	4307	3126	1706751	124509783	1778808	131112853
9368	1769	5235	4572	1706952	124526407	0	0
9369	3373	5892	8179	1707555	124575987	2829624	244202822
9370	1796	2610	1755	1708338	124636067	0	0
9371	987	4319	2650	1709062	124677099	3903892	380054405
9372	150	5317	3992	1709138	124681306	0	0
9373	5011	8792	8480	1709200	124685217	2263730	180803575
9374	3375	7016	8871	1709226	124686769	1776660	130914759
9375	8649	8732	6483	1709366	124698056	3153646	283804862
9376	3173	4712	3532	1709760	124729402	2974359	261697754
9377	1808	2864	5403	1709839	124736065	3571191	337567177
9378	1306	8477	5143	1709900	124740219	0	0
9379	4254	8032	5638	1709904	124740392	0	0
9380	7915	8752	6508	1710148	124764099	1777097	130954596
9381	2700	8092	2637	1710232	124772920	0	0
9382	35	3097	2469	1710916	124840712	0	0
9383	3358	8410	8681	1711116	124855473	2261373	180579881
9384	430	7410	611	1711152	124859394	2581624	215607640
9385	90	3289	934	1711671	124905894	3844133	372685627
9386	1777	7181	3858	1712318	124953214	1762219	129633991
9387	1223	5040	4625	1712456	124962730	2095991	163974918
9388	8345	9140	7948	1712718	124980972	1745981	128155059
9389	6568	9341	7231	1713064	125007450	2154105	170027264
9390	2981	7792	5330	1713180	125016592	3587275	339633256
9391	3672	8371	8513	1713566	125051335	1918726	145250704
9392	3234	7294	6310	1713649	125058455	1716197	125301301
9393	7592	8824	11778	1713943	125088480	3412931	317046920
9394	1143	1380	1773	1713945	125088544	0	0
9395	5809	6117	3655	1714039	125098197	0	0
9396	1268	8860	4856	1714695	125160139	3989594	391077066
9397	1990	2972	3589	1715371	125218380	0	0
9398	3751	6528	10662	1715496	125229091	1918757	145252869
9399	7411	8187	13318	1715515	125230237	2124414	167010929
9400	573	1858	1358	1715969	125279144	0	0
9401	2073	9392	7608	1716197	125301301	1809976	134208628
9402	1731	8883	4144	1716203	125302064	1736734	127268014
9403	7024	7370	5513	1716340	125316699	0	0
9404	3409	3483	1790	1716708	125357304	2046074	158352766
9405	5658	5659	6987	1716749	125362071	0	0
9406	4074	9121	8623	1717040	125394412	1913080	144691308
9407	6674	9322	14304	1717141	125407985	0	0
9408	6305	7528	4816	1717636	125474999	0	0
9409	4545	5306	6005	1717683	125481000	2009396	154246460
9410	4545	7554	6026	1717683	125481000	0	0
9411	5306	7554	11183	1717683	125481000	2185502	173098355
9412	4839	6758	11397	1719414	125687386	3205995	290504271
9413	2334	8210	3240	1719872	125731101	1995661	153005210
9414	3462	6568	5376	1720351	125774630	2883939	250820472
9415	3055	7017	5047	1720626	125798667	3109997	278650852
9416	1944	9243	3290	1720638	125799420	0	0
9417	4759	7182	3106	1721039	125833021	0	0
9418	396	6731	4479	1721225	125849777	0	0
9419	643	5362	9174	1721371	125862392	2628697	221000719
9420	3268	8411	8925	1721512	125876028	3467742	324167796
9421	2865	7104	8067	1721963	125917985	0	0
9422	4228	4657	2903	1722329	125954911	1932986	146554476
9423	5200	8448	8405	1722385	125958421	2543414	211479060
9424	79	4116	2292	1722493	125971969	1887198	141894986
9425	7671	8736	8344	1723211	126039063	0	0
9426	4064	8040	3854	1723432	126057592	2140548	168525419
9427	6553	8417	11416	1723670	126080676	2684542	227375170
9428	4135	5207	5026	1724060	126123238	0	0
9429	3882	7116	5388	1724904	126199555	2166356	171494852
9430	2412	4904	5434	1724992	126206583	0	0
9431	3412	7646	2638	1725080	126214065	2441020	200169451
9432	1407	5063	7805	1725571	126254261	0	0
9433	5762	8114	8464	1725960	126288244	0	0
9434	697	8763	9072	1726352	126324720	1876291	140817044
9435	613	3526	1213	1726975	126382045	2932570	256376484
9436	8247	8554	12191	1728568	126483349	1884348	141554717
9437	4074	5203	3304	1728624	126486954	2485458	205124979
9438	2750	7436	9455	1728819	126499785	2013399	154746331
9439	1679	5923	2116	1728826	126500464	3063718	273281632
9440	2410	7890	2657	1729045	126519230	1974113	150711634
9441	547	4160	2800	1729805	126575160	2015441	154980292
9442	2497	8518	3241	1729844	126578323	0	0
9443	2622	7312	5614	1730047	126592149	2764309	236437685
9444	3373	5243	13629	1730092	126595199	1986620	151939050
9445	2706	3526	3289	1730186	126602053	2270315	181541577
9446	4965	6892	7625	1730220	126605032	2052959	159130023
9447	613	726	566	1730422	126623305	3429440	318996155
9448	465	2831	1643	1730470	126627875	0	0
9449	2106	5617	4064	1730791	126655615	0	0
9450	3041	8116	6112	1730897	126665318	3736749	358803994
9451	43	4910	4161	1731089	126681750	3390159	313674516
9452	1362	5031	2812	1731521	126717258	0	0
9453	4081	9317	3668	1731602	126725139	0	0
9454	5830	6779	6603	1731742	126737478	1779404	131158141
9455	2493	7065	3773	1731802	126743454	2136801	168177845
9456	30	8453	4406	1732243	126783572	2532493	210129046
9457	1113	2960	4251	1732463	126803939	2300978	184838869
9458	3048	4779	7888	1732599	126817162	2222739	176939916
9459	2389	4570	2739	1732661	126824330	3098034	277316087
9460	5016	8805	18833	1732710	126829386	0	0
9461	6690	7576	5382	1733179	126881339	3843220	372595197
9462	37	1075	633	1733476	126911548	1867069	139879107
9463	2933	6473	4229	1733555	126919063	0	0
9464	5783	8743	5923	1733732	126936851	3987977	390835941
9465	8417	8875	11292	1733894	126954276	1782141	131383982
9466	2188	5827	11154	1733917	126956710	0	0
9467	4214	8328	7333	1734043	126971306	1767548	130125944
9468	246	1744	2000	1734107	126978671	3208654	290853769
9469	4611	8173	3917	1734435	127019023	0	0
9470	4185	4699	7998	1734608	127039857	3583526	339226763
9471	4070	4362	1431	1735138	127106198	1933362	146591226
9472	2233	5067	7268	1735635	127155958	3281975	300011163
9473	1359	6890	4618	1736231	127217006	1830753	136182070
9474	1647	8687	7766	1736251	127218587	2676762	226451737
9475	4020	6457	7452	1736644	127258014	2743954	234279902
9476	3652	9402	4817	1736734	127268014	2954511	259415748
9477	1275	5513	1901	1736761	127271036	1913336	144724595
9478	2936	3422	3489	1737107	127308353	4196214	417807717
9479	264	5747	10627	1737221	127320084	0	0
9480	1338	8089	5334	1737375	127335148	1812780	134521991
9481	8064	8146	11045	1737535	127348434	0	0
9482	460	7289	1222	1738573	127467485	0	0
9483	829	7110	2261	1738948	127500066	2192076	173807668
9484	967	2890	4632	1739016	127505334	0	0
9485	3974	9256	2899	1739115	127514047	1763118	129731482
9486	896	5578	7692	1739426	127541039	0	0
9487	7584	7751	6184	1739626	127557420	0	0
9488	2325	4806	5185	1739659	127560380	3760791	361842426
9489	4593	9020	7328	1740187	127608768	2065196	160379218
9490	2243	6761	4729	1740613	127646720	1955139	148888295
9491	298	545	350	1740835	127664536	2415030	197112855
9492	7594	7970	6919	1741127	127689133	3080510	275133820
9493	1011	7249	5370	1741528	127723202	1898708	143116741
9494	6147	9149	7031	1741852	127750410	2287339	183435092
9495	4313	5178	2975	1741932	127757774	0	0
9496	7091	8093	16688	1742010	127763100	1835035	136647737
9497	6122	7782	5813	1742784	127846852	2479482	204572548
9498	6041	7422	14610	1743088	127873415	2311086	185788505
9499	6498	8511	7254	1743255	127893401	2721233	231528941
9500	5256	6957	5551	1743486	127918756	0	0
9501	830	2147	3237	1743532	127925547	2127572	167365504
9502	662	1325	1512	1743880	127967554	0	0
9503	3171	5998	5161	1744388	128019628	2087873	163055579
9504	3169	5416	3334	1744956	128068188	4241255	423440722
9505	743	4903	4731	1745001	128072325	1976608	150967911
9506	5071	6393	17936	1745594	128120082	2499679	206608919
9507	8380	9388	11459	1745981	128155059	2733701	233061229
9508	2139	2569	3744	1746360	128193784	1870080	140218629
9509	6224	9161	7551	1746637	128219109	2691783	228137580
9510	1333	6600	2218	1746658	128222144	0	0
9511	2364	9148	4721	1747993	128342834	2058665	159702007
9512	2738	7070	6228	1748248	128365182	0	0
9513	280	2386	1115	1748348	128372485	0	0
9514	4409	7804	12616	1749432	128445496	1766490	130014774
9515	3167	6924	4492	1749559	128454391	2462714	202607625
9516	3460	6377	6007	1749881	128480605	3170270	285845565
9517	720	1966	3252	1749996	128489029	2799123	240072452
9518	1438	9032	8333	1749998	128489091	0	0
9519	2916	5696	7603	1750444	128531080	3389815	313633014
9520	3551	5723	6172	1750558	128540729	0	0
9521	3609	5664	8462	1750725	128555152	0	0
9522	2978	5445	5931	1750753	128557511	3910992	380849873
9523	258	5872	3438	1751036	128584776	2198671	174555310
9524	846	3215	3187	1751085	128589981	3135194	281522704
9525	4105	7462	10031	1751416	128624028	0	0
9526	489	834	1155	1751427	128625303	3224778	293070776
9527	345	8968	4350	1751607	128645329	4332105	435364446
9528	7018	7238	5611	1751721	128659299	2438997	199828064
9529	5671	8977	6687	1751959	128689266	3379305	312212828
9530	974	8815	2740	1752013	128695374	0	0
9531	3009	7500	4419	1752130	128708839	2297194	184437421
9532	167	2434	391	1752221	128717780	0	0
9533	2390	6754	4790	1753104	128808716	0	0
9534	5426	8540	19697	1753727	128863251	3219514	292316807
9535	1259	5049	5160	1754825	128955305	0	0
9536	3338	4742	5239	1754882	128958382	1897394	142988296
9537	985	8889	1716	1754912	128961095	0	0
9538	1962	7654	3444	1755741	129021423	0	0
9539	1340	4329	5441	1755946	129034336	1864349	139645029
9540	6085	8512	11328	1756101	129043957	3003019	265091963
9541	2488	7482	1697	1756402	129069366	2663647	224958115
9542	582	4002	2705	1756771	129099317	0	0
9543	1095	5841	8339	1756866	129107198	1811142	134343065
9544	206	3195	2226	1757469	129149557	0	0
9545	2492	7272	6841	1757660	129161472	0	0
9546	7913	8401	4758	1757748	129167472	3535007	332840110
9547	3270	7308	9025	1757957	129182407	0	0
9548	5814	5879	4677	1758012	129185934	0	0
9549	6158	7187	15176	1758094	129194193	2985582	262847353
9550	505	5264	266	1758362	129225579	2348338	189627616
9551	3155	4294	4342	1758486	129238771	0	0
9552	4120	9229	3848	1758532	129243379	0	0
9553	6167	7485	11275	1758899	129281647	2047480	158510063
9554	5453	7100	8579	1758959	129288668	3430862	319182633
9555	3487	5295	5290	1759224	129321639	2807361	241231569
9556	609	3666	3920	1759348	129338157	2103181	164716791
9557	3149	8019	10547	1760184	129433070	0	0
9558	4314	8720	9731	1760459	129461746	0	0
9559	5816	7421	8745	1760469	129462540	0	0
9560	71	1642	334	1761040	129527485	1981217	151360397
9561	202	8129	3302	1762179	129630862	2374009	192447865
9562	4869	9386	8435	1762219	129633991	2592898	216963321
9563	7643	9255	9507	1762388	129647654	2593294	217017764
9564	3877	8745	7315	1762415	129650170	4217918	420572703
9565	5314	7786	8624	1762424	129650736	2876036	250004607
9566	190	3280	1579	1762615	129675227	2016066	155054921
9567	3146	9485	3020	1763118	129731482	0	0
9568	6389	7410	2070	1763308	129749118	2143396	168809356
9569	4527	6051	2867	1763931	129807702	4103894	405574218
9570	103	9097	534	1764643	129865549	2056511	159491406
9571	5839	7930	3978	1764778	129876496	3173145	286250352
9572	4693	7879	7619	1764992	129892270	3058880	272545256
9573	1932	2404	1678	1765258	129913109	3170699	285903362
9574	3245	7498	3549	1765370	129922434	2186549	173220495
9575	2467	3852	5489	1765508	129933218	0	0
9576	2264	7823	2763	1765783	129953013	0	0
9577	4851	5363	9329	1765932	129964703	2122683	166838698
9578	6204	6268	6461	1765984	129968866	2040630	157682459
9579	3717	4293	7229	1766027	129973545	2903367	253002320
9580	6729	9514	16264	1766490	130014774	1784905	131695899
9581	4365	7696	7809	1766495	130015696	3781424	364555974
9582	3838	8744	10852	1767541	130124923	3189124	288396594
9583	7652	9467	11196	1767548	130125944	4296676	430871250
9584	3356	4670	6845	1767708	130146354	2084858	162761022
9585	1607	5296	6700	1768203	130206187	0	0
9586	4744	7936	17366	1768218	130208046	2151538	169723104
9587	288	8712	1387	1768238	130211460	1875636	140762915
9588	1869	4128	3101	1768468	130243758	3875300	376471033
9589	1087	7705	2172	1768928	130307586	0	0
9590	1471	4775	2646	1770897	130497699	2316613	186356146
9591	423	7103	2676	1771072	130510004	2484164	205010672
9592	1274	7803	3483	1771373	130529237	3480069	325781933
9593	2616	2736	921	1771560	130541545	0	0
9594	6054	8934	5430	1771637	130547105	2269014	181373484
9595	1717	6325	1616	1771724	130553218	2623672	220307483
9596	5403	7902	6114	1771806	130559731	2712063	230429257
9597	625	5725	3584	1771897	130566617	3204682	290332476
9598	3280	7704	3488	1772059	130582185	0	0
9599	17	4494	4361	1772425	130611727	0	0
9600	1642	4896	961	1772499	130617533	0	0
9601	2870	5880	5207	1773084	130658593	1795692	132752227
9602	1748	9001	10084	1773190	130666355	0	0
9603	1908	4294	7101	1773671	130703609	0	0
9604	5027	7328	6557	1774536	130765081	3293823	301581350
9605	1733	2005	2583	1775227	130809425	1784905	131695899
9606	7595	8968	5090	1775415	130820564	1952173	148608010
9607	4083	6508	5964	1775659	130838302	4079961	402616165
9608	6217	7363	7575	1775746	130843751	3124622	280411794
9609	6081	6267	4072	1775927	130857876	0	0
9610	1574	3577	6471	1776045	130866405	2463219	202668469
9611	3545	4458	6951	1776366	130888887	2696163	228607930
9612	405	9374	9579	1776660	130914759	2374717	192528956
9613	1862	6460	10315	1777068	130952476	0	0
9614	297	9380	6630	1777097	130954596	0	0
9615	6481	8782	9422	1777556	131004186	2143968	168870266
9616	3300	3825	3939	1778751	131106646	2700496	229132686
9617	6047	9367	3428	1778808	131112853	0	0
9618	2391	7172	3386	1779062	131132255	3148333	283243188
9619	1610	3800	6822	1779126	131135990	2107834	165290805
9620	5085	8579	5029	1779348	131153093	2302751	185006145
9621	4663	9454	6899	1779404	131158141	0	0
9622	4351	5270	6986	1779737	131189394	2532969	210194237
9623	3947	8920	8770	1780639	131265509	0	0
9624	2348	5033	8066	1780753	131276091	0	0
9625	2249	4888	2618	1780990	131297086	2002421	153595937
9626	1847	5491	3553	1781972	131372724	2015771	155018389
9627	2	557	376	1781999	131374598	1846947	137931093
9628	894	3743	1627	1782129	131383397	2074724	161458310
9629	3039	9465	13823	1782141	131383982	1902909	143545606
9630	1588	2490	1587	1782192	131387543	0	0
9631	3467	8633	13835	1782445	131406980	1869327	140109607
9632	6466	7799	13190	1782480	131409847	1806124	133778260
9633	5060	7262	8224	1782752	131445124	0	0
9634	1663	5572	2511	1782756	131445582	2306224	185356483
9635	2306	6805	3678	1782758	131445599	3794559	366607230
9636	1721	7891	5897	1782897	131466568	4114422	407161723
9637	2356	2520	4147	1783393	131529372	1815892	134814080
9638	2781	8676	11018	1784108	131610204	0	0
9639	1994	6421	1838	1784203	131620619	2424610	198242249
9640	1605	6557	4485	1784616	131665110	0	0
9641	9580	9605	18847	1784905	131695899	2747294	234659055
9642	2955	7579	5181	1785087	131719716	3628554	344624077
9643	5127	7711	4997	1785217	131736904	0	0
9644	2819	3930	2412	1785921	131825135	2165376	171393401
9645	2646	6537	5307	1786044	131840316	0	0
9646	4880	7586	7476	1786118	131848337	0	0
9647	6721	8082	5570	1786777	131924609	0	0
9648	2576	7773	7041	1787248	131971936	0	0
9649	7923	9070	11565	1787619	132007042	2425244	198297439
9650	364	2446	1792	1787895	132034497	2663897	224981387
9651	8086	9307	4206	1787920	132036694	1957392	149089530
9652	3250	6671	8192	1788459	132089089	1805595	133730334
9653	1777	3867	3338	1788573	132100820	1908043	144200498
9654	4115	7282	12432	1788800	132125418	2048213	158601311
9655	1960	4695	3443	1789077	132154597	0	0
9656	7321	9020	9618	1789881	132239016	0	0
9657	6	7039	269	1790170	132266506	3697194	354038882
9658	3393	4032	6832	1790449	132289263	2371996	192190560
9659	4682	6166	7027	1790822	132322042	2032526	156843834
9660	2247	4585	5220	1792190	132438225	2675684	226324941
9661	1260	5696	3543	1792470	132455648	2748224	234787698
9662	3885	4221	3325	1792641	132465755	3251566	296422115
9663	6109	8462	14390	1792764	132473590	0	0
9664	2178	5510	2770	1793237	132513646	2338616	188715958
9665	3541	5155	7423	1793317	132519354	0	0
9666	1912	3602	1609	1793362	132523882	3851624	373539416
9667	2270	2862	5170	1793386	132525462	1958498	149191248
9668	5211	7514	7337	1793435	132530065	3681701	351562960
9669	5299	7807	14768	1794131	132593768	0	0
9670	3524	3528	4783	1794765	132654582	2133826	168005443
9671	3799	4974	3520	1794985	132677240	0	0
9672	2316	6958	3765	1794987	132677597	2542502	211349756
9673	4996	8411	9686	1795172	132693508	0	0
9674	7871	8981	18003	1795532	132730188	2323868	187116949
9675	3710	9601	7668	1795692	132752227	2066506	160527884
9676	4096	6212	9131	1795797	132767111	2578976	215329766
9677	6504	7046	8570	1795967	132786228	2241359	178888881
9678	6234	8711	17245	1796881	132896842	1934856	146746569
9679	704	5595	5309	1797719	132996732	0	0
9680	3064	4184	5484	1798454	133071411	3129561	280964725
9681	4864	8058	5392	1798773	133100223	0	0
9682	1041	4171	1049	1798879	133109507	2432822	199184388
9683	3775	6896	6266	1799031	133120995	2449973	201223623
9684	137	9339	12542	1799954	133199822	2002895	153622330
9685	4269	4531	8840	1799989	133203343	2174780	172208706
9686	597	2539	2651	1799997	133204620	0	0
9687	4183	5726	5157	1800114	133218018	3916875	381647441
9688	2507	7820	21108	1801528	133344193	1971480	150389716
9689	3619	7170	9442	1801571	133348791	2565287	213903770
9690	5153	8350	5403	1801670	133359888	1986537	151930368
9691	866	8319	7784	1801792	133375664	0	0
9692	1029	7953	8911	1801987	133400760	4241644	423481425
9693	1121	8122	926	1802972	133518977	2174780	172208706
9694	2710	2719	4593	1803639	133578720	2976106	261893057
9695	5610	6346	6421	1803759	133591217	1910475	144417172
9696	418	1868	521	1804847	133679735	0	0
9697	1611	5610	4791	1805192	133703419	0	0
9698	260	2628	1446	1805433	133720142	0	0
9699	4288	4357	5572	1805436	133720193	4145908	411125459
9700	4747	9652	10667	1805595	133730334	2409493	196382541
9701	4304	6214	8205	1805685	133737493	2543821	211531830
9702	3240	3561	3375	1805924	133758782	1852905	138520221
9703	1593	9632	14560	1806124	133778260	2961236	260185062
9704	3567	8262	15581	1806435	133813045	2331071	187889031
9705	2964	7332	4534	1806681	133844474	0	0
9706	5243	8318	14648	1807143	133897319	0	0
9707	4698	7669	7588	1807194	133904177	0	0
9708	1511	5018	3821	1807223	133908186	2814084	242143464
9709	3058	6977	3945	1807663	133969962	0	0
9710	5408	7625	4661	1808002	134010248	1949615	148300141
9711	1641	8496	6739	1808656	134080925	3385149	312954550
9712	2951	8965	13520	1809410	134152540	3256994	297062135
9713	909	3115	6041	1809905	134201497	2058079	159643715
9714	4154	5045	13278	1809910	134201872	2371845	192172085
9715	5394	9401	10323	1809976	134208628	3072506	274149000
9716	3338	7635	7188	1810605	134280243	2088653	163145279
9717	3344	8976	10417	1810700	134288807	0	0
9718	3896	9543	14611	1811142	134343065	0	0
9719	2202	5633	5893	1811890	134428257	2640132	222246491
9720	794	2511	1667	1812227	134463577	2716704	230978887
9721	6022	7188	10803	1812443	134485055	0	0
9722	1479	5400	2444	1812594	134501921	3544115	334212676
9723	1769	9480	7852	1812780	134521991	0	0
9724	740	2540	2645	1812808	134525472	1892724	142550521
9725	2952	7100	5221	1813283	134578176	0	0
9726	4871	7244	14075	1813861	134633525	0	0
9727	2322	4733	8344	1814814	134723583	2101703	164503257
9728	4599	5642	10118	1815500	134778500	0	0
9729	6655	9637	18038	1815892	134814080	0	0
9730	5962	7984	9305	1816077	134831414	2949204	258652036
9731	2263	3587	3977	1816991	134922367	2457523	202087160
9732	497	4587	1116	1817813	134984826	0	0
9733	5816	8474	8288	1817884	134990649	1838591	137071172
9734	6005	6330	5892	1817927	134993407	2496391	206270816
9735	3831	4819	2628	1817962	134996012	2751505	235152327
9736	5445	6195	9113	1818267	135020772	0	0
9737	914	4970	2761	1818485	135039085	0	0
9738	6471	9126	10507	1818899	135073040	2144638	168941764
9739	2110	5674	4742	1819379	135116768	1821366	135276366
9740	2104	7674	2928	1819448	135122170	2095606	163932979
9741	1738	2038	3191	1819594	135135843	2119703	166529218
9742	3186	6347	1845	1820446	135203850	0	0
9743	7585	8680	9282	1820635	135216448	3324362	305287646
9744	2090	4995	2979	1820723	135224073	2024410	155881009
9745	5445	7212	6056	1821221	135265495	1998434	153291763
9746	1681	2613	2445	1821355	135275133	3431771	319289289
9747	2578	9739	7282	1821366	135276366	2032526	156843834
9748	625	7247	1075	1821562	135293522	3512124	329912943
9749	3092	7282	12291	1821565	135293660	0	0
9750	5414	5904	950	1821608	135298142	2083884	162664458
9751	2756	8055	4516	1822071	135342138	0	0
9752	6516	8760	6460	1822329	135364065	0	0
9753	750	3656	3297	1822456	135375453	2153770	169986867
9754	3133	9241	11035	1822630	135392740	3505174	328591272
9755	3186	7955	2246	1822929	135424502	3759102	361601353
9756	4949	5334	6724	1823327	135462740	2780992	238338414
9757	65	3881	871	1823580	135486965	1927382	145984371
9758	633	5762	3449	1823696	135496413	2964343	260489979
9759	1977	2823	5155	1823788	135504944	0	0
9760	4810	6170	3463	1824441	135560917	4416876	446987238
9761	5611	8826	2713	1824843	135592879	0	0
9762	8164	8485	11751	1825234	135620251	1884585	141578867
9763	8483	9032	14756	1825241	135620731	0	0
9764	40	4853	2422	1825366	135633898	2916245	254449616
9765	3539	6752	8206	1825704	135669001	1828732	135953611
9766	4429	6068	12063	1826545	135755846	4208163	419374762
9767	5994	9199	8238	1826901	135790997	0	0
9768	1909	5459	5803	1827403	135839816	2932570	256376484
9769	7886	9083	6016	1827512	135848739	2190470	173598889
9770	2318	4414	1962	1828375	135923625	0	0
9771	5020	7698	12186	1828503	135933404	0	0
9772	3700	9765	10840	1828732	135953611	0	0
9773	803	7645	15748	1828857	135964512	2076574	161705596
9774	6859	8391	1697	1829339	136025396	0	0
9775	1108	6763	8490	1829876	136089219	3376049	311827044
9776	6032	6460	13481	1830238	136124891	2763394	236324541
9777	733	740	776	1830259	136126829	3586049	339504597
9778	2523	3908	6016	1830343	136137393	0	0
9779	5268	9473	7379	1830753	136182070	4189539	416517274
9780	2539	6731	6458	1830827	136190369	4003589	392901367
9781	397	1378	3472	1830961	136207104	0	0
9782	5492	8502	9767	1831089	136223380	0	0
9783	1290	9079	3440	1831100	136224644	3189112	288395298
9784	363	1092	1151	1831219	136240421	0	0
9785	5898	9347	13381	1831609	136295334	3213923	291523325
9786	4629	6859	2501	1832736	136429684	2670660	225700820
9787	4483	7469	6392	1832929	136448040	3777907	364081040
9788	962	6946	3117	1833653	136515899	0	0
9789	6052	6068	6554	1833705	136520202	2363174	191085538
9790	4082	7466	9759	1833850	136532463	3005557	265574266
9791	635	5574	4832	1833864	136533482	2687938	227686058
9792	908	4479	3037	1834387	136587475	2009921	154327905
9793	5513	6566	8766	1834705	136617308	1837263	136921033
9794	2369	9219	9381	1835030	136647204	3196811	289388919
9795	1600	9496	16830	1835035	136647737	0	0
9796	1739	3889	3910	1835108	136659639	0	0
9797	144	2872	4537	1835530	136715366	0	0
9798	2406	3878	2235	1835608	136724071	0	0
9799	4520	4964	2405	1835714	136737844	0	0
9800	7192	9027	4765	1835799	136750283	0	0
9801	1302	5656	2874	1836248	136807187	2209353	175637377
9802	4152	7650	4465	1836395	136824861	0	0
9803	539	5316	663	1836596	136848417	0	0
9804	3359	4216	6208	1836698	136859703	2367533	191680669
9805	3226	9793	10218	1837263	136921033	2737031	233493410
9806	5064	9037	9426	1837525	136950365	0	0
9807	5174	7871	11148	1837565	136953812	4118300	407587957
9808	2613	5191	2580	1838201	137028424	0	0
9809	6462	6505	7535	1838489	137061012	0	0
9810	3047	9733	11619	1838591	137071172	4276943	428016848
9811	653	7311	2527	1839572	137178165	2827930	243946724
9812	3413	5091	5039	1840570	137263839	0	0
9813	8158	8446	9661	1841285	137315720	0	0
9814	134	3380	2189	1841397	137323389	0	0
9815	8364	9339	24173	1841690	137346444	0	0
9816	3662	4336	7536	1842016	137383923	2710622	230267479
9817	4935	4967	2631	1842034	137385609	2026144	156107182
9818	3349	3681	5770	1842320	137413293	2840275	245596660
9819	7137	8514	9759	1842404	137421273	2644245	222667929
9820	2774	8600	5293	1842537	137436227	0	0
9821	874	2763	3701	1842649	137450468	2337482	188566010
9822	976	3486	2833	1842922	137478262	2401647	195599508
9823	3067	3897	4429	1843157	137505644	3944669	384877249
9824	154	4151	5590	1843594	137553823	2846600	246520825
9825	3857	6868	4404	1843645	137557966	2073498	161332570
9826	2522	6602	8140	1843978	137590777	2167978	171660406
9827	3134	7949	5348	1844065	137598071	0	0
9828	3438	6200	10244	1844587	137653735	0	0
9829	2607	5899	3478	1844592	137654193	2018141	155283731
9830	2301	8205	5082	1844715	137668455	2122683	166838698
9831	50	4458	5847	1844726	137669495	3625553	344325238
9832	5575	7960	2200	1845226	137736009	3958915	386661960
9833	6224	8379	5870	1845494	137765486	3302188	302507658
9834	2437	7780	12983	1845645	137781660	0	0
9835	667	7348	2621	1845724	137791612	0	0
9836	5510	6658	4732	1845888	137812515	0	0
9837	4037	7894	2542	1846675	137902646	2953196	259239686
9838	3809	9627	2536	1846947	137931093	4449546	451067996
9839	3683	4407	2395	1847085	137943545	0	0
9840	3520	7129	14296	1847676	137995554	0	0
9841	4681	4853	3674	1848506	138065424	2580545	215506476
9842	2584	9231	4434	1848534	138067580	0	0
9843	1050	7332	712	1848565	138070421	0	0
9844	2744	7728	11512	1848655	138077604	2355734	190281857
9845	73	3187	2147	1848889	138095710	0	0
9846	285	6063	2029	1849104	138114221	1936852	146978054
9847	1533	6052	6489	1849546	138153542	0	0
9848	2382	4042	4464	1849611	138160485	0	0
9849	632	2849	2258	1849834	138180233	2404093	195838668
9850	1510	5804	7626	1850297	138217226	2085546	162826396
9851	1575	4334	1138	1850335	138220493	3524386	331492719
9852	3926	5906	10328	1850535	138237270	0	0
9853	7485	8132	16121	1850727	138255403	4271555	427192815
9854	3162	4637	6508	1850837	138268624	3252096	296486595
9855	1812	6893	3443	1851284	138316325	0	0
9856	7747	8167	8351	1851443	138334792	3303813	302727033
9857	616	7764	4572	1851587	138352946	0	0
9858	2129	8725	3299	1851728	138370052	0	0
9859	2266	6612	4449	1851734	138370732	3511346	329775033
9860	960	5721	9566	1851871	138385638	3686732	352399702
9861	3277	7462	11536	1852153	138423759	0	0
9862	5702	6923	4737	1852363	138452984	3830408	371036539
9863	7748	8843	10336	1852826	138510426	2065196	160379218
9864	6188	9702	5215	1852905	138520221	2973254	261567932
9865	2326	5138	3764	1853562	138601946	0	0
9866	869	7388	10257	1853948	138645512	2740792	233926718
9867	2926	5182	5764	1855172	138759572	2206425	175349226
9868	439	4688	1460	1855186	138760865	0	0
9869	3327	9168	5378	1855203	138762474	1865694	139763443
9870	3896	8428	13625	1855564	138797598	0	0
9871	3860	8803	8692	1855739	138815113	2158888	170623915
9872	40	7302	4234	1855767	138817880	2364392	191235521
9873	6285	7588	8401	1856111	138855755	3402128	315605842
9874	2130	7686	4960	1856123	138857785	0	0
9875	4507	7852	6365	1857096	138963210	0	0
9876	480	1044	1486	1857597	139011309	1925609	145856372
9877	3929	5428	4951	1857605	139011605	2473228	203869102
9878	304	6254	8120	1858362	139074169	3025511	268248156
9879	3727	9228	7300	1858852	139114924	0	0
9880	3833	8917	3107	1858935	139121629	2672625	225940989
9881	4555	6591	2558	1859079	139133706	2149728	169535004
9882	379	9140	5252	1859321	139154684	2529235	209708071
9883	2679	7446	6545	1859500	139168806	1981311	151368428
9884	4221	5691	8827	1859694	139183690	2103181	164716791
9885	1913	8456	2189	1859955	139207215	2161734	170976531
9886	834	2604	2523	1859986	139209366	4403930	445376264
9887	1990	8218	6169	1860103	139219161	2676860	226466307
9888	1024	3983	4003	1860332	139240638	2051469	158994268
9889	4982	6473	5552	1860405	139247102	2004299	153723787
9890	3333	5530	8521	1860507	139256577	0	0
9891	3658	7572	8951	1860749	139283103	3784624	365021177
9892	1272	5610	5084	1860794	139288195	0	0
9893	1426	4393	2377	1861238	139338685	0	0
9894	1395	4819	1532	1861499	139368486	2519192	208609191
9895	4369	6746	5018	1861755	139391215	3694991	353717595
9896	5175	8087	5655	1861844	139399585	2623198	220247561
9897	1601	6561	8558	1862157	139432150	0	0
9898	1949	4420	2854	1862421	139454545	3227241	293407363
9899	1753	2192	2655	1862635	139473406	0	0
9900	5780	6829	12819	1862775	139486039	2247226	179436334
9901	2454	6122	2927	1862802	139489579	2760976	236083583
9902	278	8106	1290	1862845	139495673	2665125	225099473
9903	2973	5643	7365	1863164	139531051	2009921	154327905
9904	1033	1900	3618	1863559	139570254	2799015	240060482
9905	6382	9539	11407	1864349	139645029	2009457	154254265
9906	7034	9278	3679	1864785	139687972	0	0
9907	3937	5597	7179	1865205	139726801	2091544	163465293
9908	7807	9869	15772	1865694	139763443	2306662	185393280
9909	933	1269	1066	1865829	139777695	2195930	174262595
9910	2211	3175	2777	1866041	139796754	0	0
9911	3904	6440	5552	1866772	139854002	0	0
9912	1081	5720	3471	1866815	139857049	2201481	174847004
9913	650	9025	5667	1866995	139873131	3173145	286250352
9914	7852	9462	5492	1867069	139879107	3470092	324467746
9915	5470	6388	17817	1867252	139892852	2939876	257294846
9916	1954	4312	5288	1867267	139893680	1989333	152260085
9917	3995	8953	1565	1867382	139906231	2834918	244848179
9918	311	4008	3661	1867720	139946815	2434039	199320017
9919	7937	8707	21251	1868919	140063626	1993212	152696115
9920	4545	7783	6094	1869026	140075181	3784638	365024939
9921	1544	9631	14671	1869327	140109607	0	0
9922	1798	9353	13612	1869474	140128807	0	0
9923	2841	8656	8619	1869506	140135126	2989177	263298842
9924	1893	9508	4399	1870080	140218629	0	0
9925	530	572	1056	1871024	140334997	4221088	420934959
9926	172	8963	1966	1871168	140348951	0	0
9927	22	6186	7131	1871671	140397785	2604094	218158729
9928	2195	8190	7573	1871801	140410302	0	0
9929	3323	5463	2707	1872277	140458929	3646344	346793727
9930	1127	1246	1424	1872596	140488563	2249415	179666798
9931	6747	9162	8720	1872617	140489998	4136405	409852690
9932	667	8068	9409	1873456	140564488	0	0
9933	7729	8199	6503	1873572	140574424	2858326	248131588
9934	2733	5269	6483	1873952	140612099	0	0
9935	6765	7469	10515	1873986	140615194	2064809	160338492
9936	773	9152	3991	1874770	140691474	3060234	272733434
9937	262	6587	4077	1875228	140729574	1995661	153005210
9938	6065	9587	3745	1875636	140762915	2956625	259708291
9939	175	9005	3192	1875712	140769054	1905237	143877366
9940	2135	7603	5480	1875929	140789128	2624282	220402740
9941	7519	9434	13097	1876291	140817044	0	0
9942	1113	5716	5212	1876466	140833987	0	0
9943	961	8323	2686	1876887	140877740	3983544	390132146
9944	484	6346	2907	1877061	140893655	0	0
9945	1772	6070	5652	1877091	140896380	0	0
9946	4244	5585	8706	1877433	140929305	0	0
9947	6536	8622	10865	1877508	140937001	0	0
9948	2345	6077	5965	1877945	140982208	0	0
9949	6603	8189	9199	1878528	141039553	2364903	191294199
9950	4541	8174	10134	1878816	141067396	0	0
9951	3101	4564	6999	1879061	141094334	2623344	220265066
9952	3080	9064	8486	1879508	141145662	2059826	159826537
9953	7019	7421	7582	1879988	141194270	0	0
9954	3276	3330	6272	1879995	141194861	1974978	150806690
9955	2609	7357	3758	1880939	141288209	0	0
9956	2427	6068	6211	1881170	141310506	0	0
9957	2205	8921	6632	1881807	141362281	0	0
9958	3467	5128	6294	1881825	141363651	2047331	158493293
9959	3166	5441	6104	1881915	141372258	3338916	307027075
9960	1588	1825	1431	1882545	141427788	2587313	216256167
9961	6638	7150	6913	1883630	141508141	2573667	214743683
9962	733	1074	717	1883996	141533285	2192504	173857054
9963	1952	8484	4918	1884283	141550349	4109413	406532399
9964	3210	7139	11279	1884314	141552246	2603176	218049354
9965	7320	9436	20652	1884348	141554717	2276086	182268397
9966	5932	9762	32561	1884585	141578867	0	0
9967	5085	9160	3951	1885849	141745689	1964061	149659550
9968	1853	7738	2854	1886200	141782716	2710622	230267479
9969	5121	7002	12194	1886506	141815270	3144946	282828498
9970	4900	6178	5275	1886946	141865232	0	0
9971	6011	9424	9825	1887198	141894986	1959583	149286043
9972	1825	4741	2520	1887298	141906782	2961601	260220607
9973	4205	6561	9518	1887671	141944801	3036839	269731404
9974	2684	5851	6713	1887850	141964436	3434183	319564885
9975	7620	7797	8537	1887954	141977608	0	0
9976	1993	8294	13290	1888688	142060672	2046323	158379703
9977	3748	9170	9619	1888882	142082232	2146179	169126597
9978	3186	4680	6537	1889291	142132666	2138929	168344682
9979	4463	7191	8105	1889460	142154214	2317508	186452087
9980	3694	6269	8192	1889823	142199241	0	0
9981	6714	8160	15795	1889904	142208597	0	0
9982	967	2421	3532	1889915	142211082	2186549	173220495
9983	1723	8486	11960	1890094	142235356	0	0
9984	1838	9165	2674	1891687	142435428	0	0
9985	4342	9336	11347	1891726	142439011	3262705	297732898
9986	5172	7876	6021	1892306	142502214	3585216	339409860
9987	3281	8320	8539	1892503	142523147	0	0
9988	4517	9724	3605	1892724	142550521	2283805	183080170
9989	374	2661	1232	1892903	142568183	2782428	238485029
9990	295	3392	1985	1893774	142649870	2118946	166451322
9991	249	5505	1958	1894067	142675065	2662735	224887745
9992	4717	6546	8639	1894090	142677817	2069155	160799842
9993	2319	7660	4090	1894473	142710841	0	0
9994	6333	6695	10481	1894615	142722812	0	0
9995	2693	7954	4044	1894892	142747010	3058997	272560897
9996	1002	7118	5033	1895303	142786409	2004559	153746569
9997	7681	8686	10088	1895536	142807262	2667978	225406760
9998	6029	9142	8756	1895683	142820681	0	0
9999	2127	6826	5957	1896069	142863816	2097882	164178970
10000	1857	6979	8729	1897170	142965639	3003595	265190890
10001	3996	8308	16705	1897219	142969417	0	0
10002	2955	9536	7289	1897394	142988296	2677841	226609335
10003	4652	6102	4793	1897474	142997867	0	0
10004	838	1952	2065	1898394	143088224	3580012	338747486
10005	425	9493	5800	1898708	143116741	2069559	160841520
10006	6436	7382	6298	1898827	143127328	2452722	201537306
10007	7021	8839	9019	1898915	143135777	2330443	187835939
10008	2868	3859	4646	1899290	143175102	0	0
10009	2840	3986	2800	1899530	143197730	0	0
10010	6979	7853	11323	1899977	143241420	0	0
10011	1964	5260	8298	1900580	143294464	4191736	416936242
10012	6620	6990	12826	1900904	143323446	3044608	270704955
10013	1389	6531	10061	1901281	143358479	2232719	177942020
10014	7802	9255	14486	1901480	143377587	0	0
10015	4188	7510	7098	1901666	143396504	2864951	248894744
10016	1120	5538	4394	1901854	143416722	0	0
10017	3566	7543	5471	1901920	143425888	3990565	391240189
10018	3488	4586	8315	1902418	143482729	2559082	213154627
10019	6972	8174	13759	1902584	143499699	2897100	252262370
10020	4519	6233	7523	1902735	143520655	2534458	210393990
10021	3121	8463	15497	1902782	143525880	0	0
10022	1539	9629	14086	1902909	143545606	0	0
10023	1862	4837	2967	1903421	143630983	4142572	410588725
10024	2811	6366	12280	1903557	143651560	0	0
10025	4962	5049	9201	1904136	143734818	3442150	320796543
10026	1585	2926	5847	1904216	143747886	3477346	325401038
10027	1533	4218	7324	1904666	143811424	1971128	150353645
10028	1790	6817	12136	1905219	143874170	2211385	175859247
10029	2004	9939	4356	1905237	143877366	3443013	320920477
10030	896	983	963	1905435	143907675	0	0
10031	6272	7951	4969	1905781	143956922	3948808	385501381
10032	5982	7898	6756	1905916	143974356	0	0
10033	958	8384	2512	1906002	143987266	3518962	330845127
10034	1900	5074	5420	1907328	144136764	2007066	153997937
10035	6893	9653	6485	1908043	144200498	2087149	162981707
10036	2811	9096	11967	1908098	144204472	3094809	276834719
10037	5827	7699	11979	1908399	144232202	0	0
10038	1157	5639	7281	1909189	144303907	0	0
10039	2626	4472	7262	1909347	144318249	2079750	162239676
10040	1330	8820	16607	1910130	144385361	0	0
10041	7231	9051	3440	1910247	144395698	3291555	301321321
10042	4140	9695	7718	1910475	144417172	2856198	247847610
10043	2861	3631	3854	1910620	144431384	2394711	194756683
10044	7965	8552	5991	1911051	144472692	2105398	164995729
10045	7903	8189	11094	1911217	144488757	3321006	304834017
10046	3274	9345	7645	1911249	144491836	2074724	161458310
10047	5885	8271	2831	1911349	144501440	3474330	324958398
10048	1252	5167	4759	1911488	144516461	1959363	149265915
10049	336	7352	8911	1911717	144543746	0	0
10050	1297	3713	5300	1912199	144593789	0	0
10051	405	3199	3456	1912553	144632587	3171277	285971004
10052	7400	8577	11381	1912584	144635763	3968030	387857964
10053	5984	9406	12219	1913080	144691308	0	0
10054	3739	6247	7427	1913192	144705538	2194092	174022514
10055	8354	9477	5824	1913336	144724595	2236121	178345492
10056	2606	3657	2606	1913343	144725188	0	0
10057	1600	1843	831	1914422	144849211	0	0
10058	5204	6380	7100	1914547	144861526	3239395	294921558
10059	7677	9165	8870	1915075	144914995	4035745	396869737
10060	9	1684	950	1915139	144920798	0	0
10061	4837	5986	2626	1915260	144932353	3863658	374896410
10062	1006	7905	5284	1915280	144934118	2455580	201869260
10063	6329	9298	7821	1916216	145021374	0	0
10064	1950	3883	3542	1916460	145042379	3158479	284280069
10065	5598	8062	7208	1916509	145046743	3479736	325735476
10066	2579	9280	8462	1916714	145065910	2126029	167181189
10067	5604	6679	3633	1917490	145140669	2238767	178610079
10068	125	9454	6650	1917914	145178927	3579825	338721040
10069	1552	2459	1624	1917960	145183187	4049269	398615844
10070	168	2130	1095	1918321	145216855	2004390	153731168
10071	2987	4096	3665	1918396	145222811	0	0
10072	6269	9391	13253	1918726	145250704	3048248	271159254
10073	1247	9398	11257	1918757	145252869	0	0
10074	1494	4317	3722	1918814	145260586	3230373	293896762
10075	2655	8464	6717	1919656	145346953	2515464	208171470
10076	1326	4903	5145	1919833	145364835	1985764	151852675
10077	443	4366	2253	1920432	145420472	3640102	345967862
10078	3335	7903	6841	1920575	145433532	2163082	171135466
10079	8292	8640	12856	1920812	145455981	2115323	166060098
10080	1246	5218	3129	1921033	145478798	0	0
10081	61	4378	3408	1921331	145508225	2170988	171930704
10082	1215	6658	4008	1921479	145521144	2763357	236321216
10083	421	6285	5218	1922650	145620351	2564534	213816048
10084	4986	8186	6031	1922805	145631619	0	0
10085	3731	4743	4507	1923477	145682004	2925085	255401627
10086	3847	4295	3996	1923504	145683543	2562585	213575654
10087	2636	6016	1954	1923595	145691525	2437631	199666561
10088	3793	6970	3681	1923647	145696031	2626313	220682099
10089	6716	7400	4232	1923706	145701398	2184319	172994996
10090	3452	3540	8180	1923933	145720005	1965737	149808381
10091	1347	2871	2518	1924167	145740956	2419048	197652534
10092	7602	8356	12887	1924296	145753472	3106867	278274308
10093	367	5613	2997	1925364	145840400	0	0
10094	1091	9876	2689	1925609	145856372	2337362	188552116
10095	5913	5965	5678	1925650	145858828	0	0
10096	5597	7781	6333	1926072	145888485	0	0
10097	187	8912	4646	1926305	145904852	0	0
10098	121	2801	2498	1926839	145942835	0	0
10099	256	7131	3398	1926881	145946330	2097452	164132452
10100	4109	9757	2189	1927382	145984371	2055522	159390903
10101	1043	8403	7224	1927421	145986583	2382206	193365732
10102	6697	6946	5385	1927532	145995007	1933277	146581893
10103	2459	4887	6220	1927605	146000931	0	0
10104	961	1165	1485	1927617	146002181	2298195	184535958
10105	5494	6640	4855	1927777	146014470	2063006	160154248
10106	3946	7690	10539	1927784	146014976	2032990	156895630
10107	8899	8926	13722	1927808	146017702	0	0
10108	3867	9496	18969	1927980	146041012	3306263	303096041
10109	3733	5793	6520	1928954	146169198	2337520	188571594
10110	594	8083	5878	1929718	146247133	2206924	175399059
10111	2787	4394	1943	1929902	146264716	2093867	163720321
10112	5315	6543	8087	1930327	146307517	3943097	384682451
10113	2436	2709	1178	1930792	146350930	0	0
10114	2861	7765	7669	1931194	146382830	2101309	164468435
10115	6407	6595	22177	1931323	146393080	3424935	318452223
10116	146	3472	759	1931369	146397930	4117935	407536308
10117	7090	9757	9776	1931774	146438479	1992221	152593527
10118	5394	6456	3120	1932329	146492971	0	0
10119	9118	9422	3941	1932986	146554476	4090223	403928256
10120	6655	10102	19276	1933277	146581893	0	0
10121	782	9471	1807	1933362	146591226	0	0
10122	3649	6371	9891	1933674	146623978	0	0
10123	2846	7831	5738	1934212	146681028	2858939	248220456
10124	6982	9678	20027	1934856	146746569	2074574	161439746
10125	6703	7302	13974	1934978	146762201	0	0
10126	5453	6989	6756	1935450	146822437	0	0
10127	2353	7498	4586	1936028	146887868	0	0
10128	3291	7663	5549	1936241	146909824	2932702	256390972
10129	1061	1265	1731	1936623	146952549	2362751	191042378
10130	976	1385	930	1936668	146957768	0	0
10131	2573	9846	7483	1936852	146978054	4322630	434183676
10132	4874	6813	3498	1937043	146998130	3724518	357491175
10133	1048	1136	1345	1937972	147089125	2743302	234194833
10134	4191	7086	10324	1937982	147090042	0	0
10135	5893	7996	15388	1938074	147099330	2013822	154788034
10136	8274	8747	8123	1938229	147118938	3046355	270929620
10137	6165	8985	11964	1938557	147155373	3304388	302803626
10138	4798	5788	4214	1939288	147245300	2124738	167045339
10139	6139	7672	11482	1939579	147276739	2833704	244685459
10140	1710	4325	4049	1939830	147307425	2600938	217813974
10141	143	6523	1736	1939832	147307531	3972123	388582176
10142	4352	9480	9437	1940339	147367017	0	0
10143	2472	9051	1016	1940928	147423711	2419048	197652534
10144	4924	9119	5010	1941352	147463850	0	0
10145	451	6058	5371	1941384	147467271	0	0
10146	5356	6287	11004	1941760	147502236	2999599	264619536
10147	3236	7968	7937	1942563	147571269	2056695	159510180
10148	1460	7718	5886	1942772	147589241	2876861	250095037
10149	2394	6603	992	1942803	147591415	3197439	289465142
10150	3554	7545	5680	1942956	147604109	2871877	249574991
10151	3257	5694	5429	1943394	147645605	2467213	203182260
10152	4703	5916	10766	1943456	147651506	4311870	432826835
10153	2971	8354	5962	1943725	147677165	2980491	262339427
10154	4741	8091	4191	1943946	147701467	2494539	206048726
10155	3304	8062	6523	1943956	147703358	2200246	174702220
10156	586	1682	1890	1944180	147725380	2065060	160365419
10157	796	3186	1276	1944423	147748545	0	0
10158	5902	9159	10979	1944461	147752066	3499006	327672010
10159	446	2802	3226	1945082	147812392	0	0
10160	2694	5542	3859	1945101	147813934	3822327	370166512
10161	1145	6377	5783	1945619	147863188	2585452	216059488
10162	5628	8724	16855	1945659	147866135	3456942	322657717
10163	1607	5836	5663	1946126	147915300	4073869	401899890
10164	722	5135	2550	1946480	147955679	3482766	326115065
10165	6426	8321	9298	1947283	148031087	3398952	315056714
10166	3233	6176	3102	1947431	148044373	3451152	322089287
10167	8488	9072	22208	1947495	148050103	0	0
10168	3175	7338	7596	1948400	148154860	0	0
10169	2219	6045	3199	1948713	148188576	1995271	152958149
10170	1632	5842	2410	1948925	148210239	0	0
10171	1365	5399	2432	1948976	148216066	2810613	241744157
10172	1397	6886	2846	1949001	148218990	2541241	211204963
10173	4962	8115	9505	1949040	148222236	1971615	150407494
10174	6028	6094	14793	1949109	148228541	3212379	291329954
10175	5883	6485	11691	1949165	148235132	3704925	354993669
10176	7262	9710	6697	1949615	148300141	4128944	408929138
10177	1915	3489	5275	1949991	148350437	3211881	291278345
10178	39	2047	1744	1950102	148364280	0	0
10179	5998	6824	10143	1950474	148410773	1968213	150055167
10180	2708	5686	5780	1950915	148466161	0	0
10181	3456	8716	8565	1951181	148499335	2368994	191863046
10182	762	7047	2698	1952107	148600920	0	0
10183	6808	9606	5517	1952173	148608010	3397410	314792722
10184	43	8867	3264	1952445	148632606	2385873	193786023
10185	3656	4794	5750	1952702	148658512	0	0
10186	339	4968	9176	1953099	148700336	3983170	390063778
10187	2098	5641	7736	1953728	148765655	2627586	220840607
10188	1936	4844	7167	1954436	148824985	3535007	332840110
10189	3368	8384	3206	1954498	148831045	3530577	332259819
10190	1774	2168	2483	1954738	148852737	3410018	316716996
10191	1891	8748	6074	1954751	148853676	3376884	311928789
10192	3648	9490	6382	1955139	148888295	3489184	326841125
10193	4547	6770	7247	1955212	148895681	0	0
10194	4100	7633	2566	1955531	148929150	3838803	372029020
10195	787	5126	4270	1955661	148942931	3161075	284585331
10196	3187	9267	3917	1956137	148984846	2672001	225861209
10197	3002	9318	2641	1956484	149014112	3360309	309647590
10198	1778	3956	7871	1956587	149021480	2724253	231888511
10199	4274	6141	3463	1956694	149029230	0	0
10200	2083	4211	4946	1957281	149080651	2076198	161659742
10201	746	9651	4340	1957392	149089530	2194172	174031563
10202	3520	7329	9732	1957528	149101243	0	0
10203	5229	5877	5135	1957946	149141210	0	0
10204	1143	7908	3502	1958105	149157171	3618820	343641047
10205	183	4266	2392	1958444	149187012	3576531	338301834
10206	8561	9667	8493	1958498	149191248	0	0
10207	3221	10048	6330	1959363	149265915	0	0
10208	5349	9971	10580	1959583	149286043	2455226	201823154
10209	3289	7859	3581	1959699	149298227	0	0
10210	5	5137	6573	1960317	149354858	0	0
10211	5154	8549	5557	1960527	149372370	0	0
10212	1506	3588	3018	1960753	149391987	0	0
10213	6371	7219	11936	1961400	149442245	2842895	245978187
10214	3825	6645	7528	1962300	149513637	0	0
10215	2880	5454	5604	1962532	149531487	4438828	449834116
10216	4415	8426	3098	1962733	149548537	0	0
10217	1420	7585	4710	1963099	149577006	2318991	186623500
10218	1090	9180	7044	1963346	149595549	2395088	194802643
10219	3829	3844	10668	1963475	149606381	2230042	177656929
10220	2067	2596	571	1963577	149617149	0	0
10221	6292	9967	12784	1964061	149659550	0	0
10222	4755	6522	5042	1964184	149671343	3446378	321459531
10223	6287	7338	13006	1964386	149688591	0	0
10224	3302	6418	6057	1964639	149711758	1981311	151368428
10225	2078	2967	2410	1965486	149790501	0	0
10226	7124	10090	11704	1965737	149808381	0	0
10227	481	8856	4914	1966266	149857649	2210193	175727612
10228	6024	6477	4572	1966543	149881952	2989212	263302672
10229	4700	8727	14186	1966580	149884512	2835468	244921467
10230	1302	3813	3153	1966740	149901144	2531340	209981140
10231	4177	7244	11711	1967544	149978316	2083884	162664458
10232	862	7726	11055	1967693	149992180	2394083	194673496
10233	3952	4393	3678	1968049	150035302	0	0
10234	8606	10179	11127	1968213	150055167	2007987	154096307
10235	6281	8192	6085	1968717	150114958	3314395	304168225
10236	3944	4140	2013	1968732	150116942	3647507	346971593
10237	576	4525	1932	1969203	150166386	2256294	180222989
10238	3442	8931	14083	1969442	150189202	2820432	242820888
10239	4418	8600	4373	1970816	150327830	0	0
10240	3428	5301	3448	1971119	150353106	3742600	359493683
10241	4704	10027	7873	1971128	150353645	0	0
10242	6728	8693	8452	1971254	150365743	0	0
10243	5055	9688	21618	1971480	150389716	4166852	413755801
10244	1088	10173	10928	1971615	150407494	0	0
10245	2432	9025	6098	1971901	150447442	2558781	213122299
10246	2797	4691	6105	1972477	150520967	3821343	370056121
10247	2362	3158	5524	1972515	150526357	2415591	197209451
10248	2961	4499	6366	1973141	150603825	3256070	296935858
10249	5178	5832	10223	1973530	150645779	2681404	227091957
10250	3707	5636	11007	1973723	150666501	0	0
10251	3512	9440	2944	1974113	150711634	4121675	408027250
10252	1723	4342	7114	1974360	150737275	0	0
10253	836	3165	2625	1974408	150742456	0	0
10254	3234	7633	2753	1974919	150800864	2022014	155609081
10255	71	9954	6325	1974978	150806690	0	0
10256	2866	5003	4359	1975347	150845279	2725186	232017298
10257	3469	7989	3873	1975429	150857469	2261603	180601541
10258	7433	9118	1512	1975810	150898086	2629393	221091982
10259	7905	9505	9691	1976608	150967911	3337916	306885811
10260	1442	6585	1738	1976718	150978942	2693378	228318083
10261	3225	6734	4828	1976782	150984162	2023804	155795294
10262	1454	6022	11881	1977280	151024634	2361469	190911518
10263	1870	9206	7951	1977767	151069076	4272795	427384685
10264	2736	5937	7066	1978454	151125347	0	0
10265	1197	3485	3449	1978457	151125703	4065383	400857997
10266	426	3460	882	1978609	151138707	2034036	157018425
10267	4135	6622	8779	1979036	151174057	2273276	181956618
10268	700	2699	1403	1979150	151185449	2902463	252920575
10269	386	3794	1504	1979172	151187014	2784430	238653548
10270	976	1281	774	1979527	151214063	2059381	159781385
10271	4688	6891	6192	1979772	151235669	1989333	152260085
10272	976	1389	1058	1979983	151253480	0	0
10273	5204	8726	4695	1979994	151254282	0	0
10274	5299	5796	10670	1980505	151294491	0	0
10275	7412	9303	13201	1980583	151301122	2347354	189546675
10276	4568	4612	5544	1981023	151341162	4173809	414618822
10277	1502	9560	2727	1981217	151360397	2265634	180981293
10278	9883	10224	12602	1981311	151368428	2168724	171727887
10279	4316	8169	14922	1981367	151373717	0	0
10280	7694	7958	9167	1981706	151415852	0	0
10281	4229	8181	12261	1982163	151471400	3106867	278274308
10282	2376	4606	10957	1982272	151485697	2056202	159458170
10283	1540	6915	5120	1982717	151542219	2076241	161665048
10284	4664	8282	4318	1983104	151591865	2624282	220402740
10285	2942	3349	2324	1983350	151621166	2113312	165900708
10286	5135	7343	6452	1983678	151657461	2203039	175020659
10287	1699	6813	2354	1984056	151698442	2424100	198198317
10288	190	6520	1537	1984471	151734721	0	0
10289	7096	8447	11034	1984944	151776911	2849400	246887434
10290	3885	9262	4311	1985135	151794418	2728784	232451882
10291	881	2598	4309	1985276	151809058	3699860	354346987
10292	1007	1344	661	1985308	151811281	0	0
10293	1942	2109	2413	1985349	151814623	0	0
10294	3584	10076	9925	1985764	151852675	4251260	424429149
10295	2405	5858	5607	1986063	151883488	4450512	451194047
10296	5203	6043	4373	1986079	151884790	3776232	363876147
10297	1082	6164	3456	1986402	151917153	2222908	176957239
10298	8227	9690	14925	1986537	151930368	2412095	196634574
10299	2466	9444	15948	1986620	151939050	2716586	230959938
10300	860	8047	3353	1986700	151947118	2142898	168749634
10301	5745	6299	6608	1987241	152020015	0	0
10302	5054	8285	4481	1988273	152149202	0	0
10303	1801	9094	3314	1988460	152166861	2478411	204442590
10304	2951	3228	5219	1988554	152175644	0	0
10305	1536	7726	11387	1988898	152213541	0	0
10306	9916	10271	11480	1989333	152260085	4188800	416424896
10307	650	8777	3315	1989369	152262367	2007066	153997937
10308	344	6918	3340	1989455	152270782	2088079	163080167
10309	1497	6368	4656	1989506	152276512	0	0
10310	1299	7858	1832	1990052	152341251	3022852	267959841
10311	6929	8899	24113	1990226	152359902	2611104	218875150
10312	3213	6090	3935	1990231	152360169	2778949	238144851
10313	8250	9883	13317	1990913	152441007	2175445	172261289
10314	1306	8929	15365	1991569	152517288	2108759	165408780
10315	2934	10117	11072	1992221	152593527	2701142	229203008
10316	2010	3623	2066	1992488	152622262	4056623	399667165
10317	2765	3279	4625	1993062	152681702	2042052	157852745
10318	6448	9919	25254	1993212	152696115	2696659	228657601
10319	1751	7752	10945	1993233	152698590	4406498	445697519
10320	1186	4827	3137	1994413	152861170	2375001	192565394
10321	6681	8175	6363	1994446	152864878	2241083	178854808
10322	3877	5876	5564	1994852	152911665	0	0
10323	3496	10169	3640	1995271	152958149	0	0
10324	3236	9188	19297	1995473	152978767	4153672	412180000
10325	9413	9937	7317	1995661	153005210	0	0
10326	491	7496	5868	1996532	153110481	0	0
10327	268	4606	4669	1996757	153134870	2903826	253060462
10328	2758	9745	8125	1998434	153291763	4199225	418276817
10329	5545	8515	11070	1998770	153316683	3509449	329421033
10330	2605	9336	11089	1998970	153335138	2845301	246328658
10331	5050	6339	3768	1998983	153336627	3944996	384914617
10332	751	5829	4972	1999965	153425718	2124414	167010929
10333	302	3781	5149	2000162	153442286	4055501	399518921
10334	1336	6593	3049	2000366	153458800	2086411	162910494
10335	2548	7699	2213	2000819	153494368	3857392	374197606
10336	729	5643	2288	2001794	153562297	0	0
10337	1736	3941	1360	2002291	153590105	4287416	429598084
10338	2769	3873	3667	2002405	153595248	2153450	169951405
10339	6841	9625	5335	2002421	153595937	0	0
10340	5992	6887	4771	2002873	153621163	2126421	167224469
10341	5457	9684	14010	2002895	153622330	3345678	307911806
10342	1600	3788	1223	2003343	153657880	0	0
10343	2221	3072	3234	2003751	153688788	0	0
10344	5794	6521	3964	2004097	153711709	2042745	157933609
10345	1444	4465	2353	2004217	153718830	0	0
10346	3426	3924	1230	2004292	153723549	2318440	186566084
10347	8010	9889	9370	2004299	153723787	0	0
10348	855	10070	1436	2004390	153731168	0	0
10349	8856	9996	9880	2004559	153746569	2462873	202626599
10350	4363	5878	4580	2005268	153804449	0	0
10351	8120	9246	15939	2005484	153821764	4310670	432667075
10352	657	8032	4384	2005511	153825127	0	0
10353	3283	8715	16739	2005838	153859062	0	0
10354	3287	7297	4935	2005930	153870784	2729640	232545181
10355	2608	9765	11625	2006467	153932229	3372718	311477987
10356	10034	10307	8735	2007066	153997937	4181988	415558350
10357	3625	4017	5330	2007125	154005115	0	0
10358	4617	7891	6149	2007287	154022753	3089525	276285952
10359	2509	10234	16352	2007987	154096307	3967622	387776241
10360	3877	4281	2570	2008079	154105983	0	0
10361	4070	6944	1970	2008235	154122260	0	0
10362	3184	5467	2706	2008665	154168395	3364139	310251012
10363	3715	9250	8462	2008754	154177388	2375001	192565394
10364	7189	7196	15010	2009271	154230531	2778592	238113814
10365	5151	6991	2343	2009310	154236194	0	0
10366	8332	9409	9661	2009396	154246460	0	0
10367	6884	9905	15300	2009457	154254265	3264831	298039171
10368	9792	9903	10402	2009921	154327905	0	0
10369	4399	4979	10058	2009998	154339068	0	0
10370	5375	6110	9190	2010707	154446642	0	0
10371	5337	9256	5530	2012315	154651558	0	0
10372	784	7217	4047	2012422	154662271	2457897	202126257
10373	9398	9438	20117	2013399	154746331	2094237	163757713
10374	1517	5819	6158	2013762	154782768	3164583	285083298
10375	2021	10135	18182	2013822	154788034	3003595	265190890
10376	663	7776	10198	2014541	154871226	2768940	237123926
10377	3843	7571	8898	2014807	154902300	0	0
10378	5744	7824	9524	2015342	154967625	0	0
10379	5518	9441	6753	2015441	154980292	3498500	327600889
10380	7222	7998	6100	2015730	155013765	2535910	210610392
10381	7757	9626	6343	2015771	155018389	0	0
10382	6713	9566	3731	2016066	155054921	0	0
10383	6719	7179	5409	2016420	155097223	2107874	165295021
10384	99	9031	6054	2016578	155114536	2655822	224124008
10385	1668	7066	3314	2016668	155125377	2882134	250663433
10386	1807	6068	7036	2017088	155177791	2800174	240203255
10387	4796	5807	9187	2017970	155266017	4396427	444470620
10388	1815	9829	4273	2018141	155283731	3538074	333311795
10389	449	2666	667	2018513	155317875	0	0
10390	590	5401	4112	2019029	155363980	2267395	181170700
10391	3467	8204	7756	2019230	155380760	0	0
10392	2017	6627	5320	2019365	155392559	0	0
10393	1164	3127	5215	2019731	155421187	0	0
10394	5353	8303	6437	2019947	155440443	2162320	171041563
10395	1111	8009	2024	2020038	155449033	4065414	400861266
10396	4099	7101	4443	2020476	155482604	0	0
10397	124	2108	1373	2021173	155537817	0	0
10398	6441	9014	11911	2021251	155543047	2461438	202489589
10399	548	9318	1852	2021370	155552484	0	0
10400	5714	8832	9652	2021422	155557432	0	0
10401	2350	10254	3393	2022014	155609081	2036822	157291411
10402	6339	6742	8418	2022359	155637553	0	0
10403	31	6718	7469	2022602	155657605	3477924	325481661
10404	5071	5826	15464	2022626	155659409	3500413	327880116
10405	5094	6171	11243	2022682	155666317	0	0
10406	967	8091	4086	2022769	155675708	0	0
10407	468	1705	1023	2022969	155701592	3040125	270111729
10408	4028	5339	6391	2023104	155714245	0	0
10409	552	6924	4642	2023460	155755427	3165140	285159147
10410	3856	8878	10175	2023602	155771038	0	0
10411	7081	10261	10256	2023804	155795294	4097031	404665597
10412	1455	2565	2166	2023860	155802404	2680592	227003812
10413	5814	6403	9195	2023891	155805171	2030724	156657171
10414	1484	8000	5915	2023931	155810344	3080368	275110019
10415	232	7187	7565	2023965	155814685	3075970	274483322
10416	9061	9744	7221	2024410	155881009	2266251	181040608
10417	4092	4367	1775	2024542	155899748	3052350	271699089
10418	3628	5054	5654	2024629	155913521	0	0
10419	558	5944	1103	2024805	155935715	3846185	372969342
10420	1769	3776	4279	2025017	155962814	0	0
10421	297	4614	5428	2025046	155968019	3209764	291009422
10422	1241	7758	16935	2025998	156088257	3683781	351875389
10423	6695	9817	10666	2026144	156107182	2270262	181532558
10424	1160	8046	11506	2026576	156167536	0	0
10425	2097	4483	3770	2026803	156201195	2502050	206868856
10426	4211	7369	4735	2027793	156326802	0	0
10427	8372	9111	10505	2028091	156358719	0	0
10428	701	6266	1141	2028387	156392728	3494776	327288121
10429	2639	7191	9394	2028639	156420243	0	0
10430	4350	9688	25562	2028714	156427959	3395063	314331042
10431	3918	9106	15465	2029998	156573402	0	0
10432	7879	10413	10936	2030724	156657171	0	0
10433	2445	3018	4727	2031159	156706573	3769769	363010987
10434	647	3156	3282	2031483	156739563	3570731	337519608
10435	6572	9364	3511	2031580	156748047	0	0
10436	6233	7373	9700	2031806	156768502	2967942	260877704
10437	382	6207	3782	2031883	156776165	3575158	338132448
10438	9659	9747	14309	2032526	156843834	2338823	188744431
10439	1077	5204	2812	2032553	156847139	2106783	165167283
10440	8030	10106	19690	2032990	156895630	3748133	360225868
10441	5585	10266	3719	2034036	157018425	2524225	209146368
10442	1909	9215	6637	2034570	157073366	2597764	217520911
10443	4370	4506	4625	2034848	157099285	4173809	414618822
10444	3921	8095	8278	2035401	157147262	2395807	194901068
10445	7341	8955	13479	2035555	157160820	2042745	157933609
10446	51	6263	4137	2035836	157190578	3134204	281400628
10447	3295	4601	9681	2035888	157195358	3095719	276954534
10448	3189	8256	6041	2036534	157263632	2205219	175241085
10449	909	4116	2744	2036589	157268077	2278740	182579027
10450	6321	10401	4747	2036822	157291411	0	0
10451	2750	2921	2228	2037005	157309648	3526914	331796969
10452	10	1284	2257	2037019	157310673	2658779	224452564
10453	3036	7380	2755	2037336	157340501	2696659	228657601
10454	1672	8181	10200	2037468	157352557	2101557	164488014
10455	6065	7330	8948	2037582	157364323	4335767	435976963
10456	6201	7798	12254	2038093	157418010	0	0
10457	8181	8361	12754	2038629	157474994	0	0
10458	886	3024	6019	2038706	157483670	0	0
10459	1219	4976	4494	2038777	157489919	3234714	294391848
10460	3883	7663	6902	2039510	157574705	2413254	196803902
10461	4671	8285	5744	2039736	157597080	2892138	251610256
10462	1310	2244	2956	2039892	157613591	0	0
10463	4286	6142	7661	2040455	157665340	2361502	190914179
10464	7382	7676	10613	2040623	157681674	2048567	158649230
10465	7361	9578	12469	2040630	157682459	0	0
10466	817	1010	1310	2040674	157686915	3901634	379796736
10467	888	8178	9269	2040747	157694582	3088366	276155402
10468	3242	4126	12175	2040817	157702452	3227125	293391519
10469	1129	5883	2606	2040847	157708073	2938274	257089373
10470	7467	9261	6818	2041909	157835003	2133443	167979189
10471	1209	10317	4783	2042052	157852745	4004148	392977060
10472	739	773	1056	2042389	157892450	3706723	355239727
10473	3085	3651	3613	2042391	157892474	2149363	169493299
10474	2115	4337	2711	2042607	157916769	4219838	420804301
10475	3423	6076	11125	2042643	157921297	0	0
10476	10344	10445	17443	2042745	157933609	0	0
10477	4764	7949	6857	2042835	157946752	2853632	247472584
10478	4125	5431	12535	2043591	158049854	2258097	180340025
10479	2929	6932	2970	2044078	158114325	2354813	190194946
10480	2210	8740	15405	2044324	158145377	3285175	300432385
10481	1426	7484	6812	2045086	158237702	3645466	346674683
10482	7132	7997	7828	2045451	158282540	0	0
10483	1342	9404	3336	2046074	158352766	0	0
10484	1318	3355	1002	2046249	158371846	2175669	172279517
10485	3469	9976	13891	2046323	158379703	0	0
10486	213	1235	489	2046946	158452589	2078637	162082671
10487	6532	9958	11873	2047331	158493293	2467213	203182260
10488	9131	9553	16693	2047480	158510063	3652859	347650975
10489	1914	4383	3757	2047714	158541870	0	0
10490	4847	9654	18912	2048213	158601311	0	0
10491	2793	10464	11154	2048567	158649230	0	0
10492	320	6244	2165	2048597	158652927	0	0
10493	5345	8118	7386	2048939	158698011	3756540	361268209
10494	5367	6319	5456	2049015	158707005	0	0
10495	7296	7767	5825	2049634	158793445	3037038	269755169
10496	3053	6522	3603	2049636	158793898	2327214	187521842
10497	2097	7454	3878	2050326	158878236	0	0
10498	4097	7125	6535	2051466	158994253	0	0
10499	4972	9888	7421	2051469	158994268	2431200	198965134
10500	1918	5208	2441	2051774	159021021	0	0
10501	2418	7577	7571	2052090	159048672	2259878	180467946
10502	8346	8631	4978	2052175	159056051	0	0
10503	1277	2112	2180	2052841	159120558	2520527	208746007
10504	8840	9446	14130	2052959	159130023	3557006	335853942
10505	2040	7326	4649	2053235	159157560	2285801	183263230
10506	253	8151	7435	2053310	159164450	2940211	257345518
10507	1915	4263	1549	2053606	159195656	4136258	409835126
10508	594	4746	3162	2053693	159203622	3281062	299899263
10509	1132	7011	2362	2053805	159215692	0	0
10510	1023	3426	1413	2053894	159225667	2763974	236399613
10511	5874	7887	7357	2054081	159244465	2287465	183449096
10512	2468	6837	2962	2054195	159257768	0	0
10513	6017	8746	11610	2054702	159306366	2592370	216897271
10514	543	5661	2056	2055254	159362599	3897301	379175170
10515	468	2489	5148	2055260	159363273	0	0
10516	215	7506	2885	2055393	159376313	2064440	160303868
10517	572	10100	2904	2055522	159390903	2554655	212755964
10518	191	546	166	2056025	159440551	2997288	264361218
10519	660	10282	11588	2056202	159458170	0	0
10520	5830	9570	1930	2056511	159491406	3273001	298991017
10521	577	10147	8026	2056695	159510180	0	0
10522	3358	3565	4321	2056896	159531083	0	0
10523	1420	4977	674	2056979	159540424	0	0
10524	1722	8528	6132	2057441	159585398	3051518	271580528
10525	300	9713	6348	2058079	159643715	0	0
10526	73	6797	4411	2058185	159653928	4369188	440824839
10527	6295	6509	7639	2058333	159669477	2482826	204906755
10528	2097	3664	7036	2058492	159683820	4175443	414798858
10529	5662	9511	11204	2058665	159702007	0	0
10530	3717	9220	8677	2058691	159705205	3610302	342579220
10531	295	3386	4196	2059255	159769363	3157428	284175008
10532	1589	10270	2365	2059381	159781385	0	0
10533	156	3621	607	2059645	159809349	2387740	193978490
10534	7634	9952	12339	2059826	159826537	2967776	260856831
10535	8979	9409	8254	2060043	159850971	0	0
10536	6826	7076	5879	2060377	159890039	2148070	169349351
10537	4629	6883	7565	2060495	159902734	4036134	396925253
10538	146	5194	5535	2061103	159969634	3428408	318866709
10539	1203	3467	4910	2062147	160076074	2856927	247944898
10540	3256	7613	1803	2062156	160076546	0	0
10541	3009	6490	7175	2062700	160124322	2494539	206048726
10542	9064	10105	11842	2063006	160154248	2327635	187563607
10543	4411	8847	14442	2063322	160184015	0	0
10544	3605	4318	5159	2063379	160191202	2448404	201034489
10545	2228	4778	3671	2063470	160200608	3367389	310760678
10546	967	1582	1411	2064030	160263430	0	0
10547	8635	10516	4348	2064440	160303868	3739167	359081188
10548	4437	9935	11844	2064809	160338492	0	0
10549	2908	5408	2165	2064851	160343389	2990615	263474208
10550	2320	10156	2531	2065060	160365419	0	0
10551	9489	9863	17664	2065196	160379218	2515990	208233688
10552	5349	7475	6340	2065619	160426595	2136835	168179756
10553	3102	6737	4696	2065650	160430538	2142340	168682499
10554	1104	3865	3653	2066332	160509617	0	0
10555	4878	9675	9279	2066506	160527884	2502729	206934393
10556	8147	8575	8271	2067570	160637481	0	0
10557	2424	8243	6475	2067691	160649020	2348508	189644260
10558	5	8664	5291	2067880	160668077	3072123	274118203
10559	906	1774	3017	2067975	160678409	3423759	318327573
10560	5797	7667	9509	2068237	160704787	3228958	293683281
10561	2264	6012	4429	2068509	160733734	0	0
10562	235	3000	2489	2068556	160739173	2885449	250944732
10563	2424	8398	8824	2068842	160766647	2213384	176048505
10564	6143	9992	10855	2069155	160799842	3015991	267132355
10565	3957	4443	4817	2069387	160823834	0	0
10566	1790	10005	6645	2069559	160841520	2448404	201034489
10567	4442	6657	7725	2069777	160868515	2470441	203570752
10568	6732	7435	13423	2070030	160899576	3620288	343793916
10569	2416	7775	6769	2070136	160912290	2706114	229763087
10570	2894	5738	2981	2070171	160916774	0	0
10571	3803	5790	4947	2070577	160968539	2855910	247810318
10572	6889	7203	12109	2070848	161005824	0	0
10573	5516	7028	6813	2070869	161009688	2514431	208068138
10574	6691	7689	11791	2071416	161085200	0	0
10575	1030	7468	2815	2071728	161126107	2231479	177811798
10576	1173	9072	12363	2072916	161269967	2827246	243841803
10577	2061	9825	4737	2073498	161332570	0	0
10578	390	1011	2228	2073566	161337712	3028511	268597704
10579	1769	7743	5663	2073585	161339869	2291682	183899079
10580	5833	7299	13870	2074106	161392636	0	0
10581	792	2415	2403	2074151	161396264	2303813	185112268
10582	7653	10124	20683	2074574	161439746	3844133	372685627
10583	9628	10046	9272	2074724	161458310	3081346	275263219
10584	4166	7952	11068	2074927	161489694	3009974	266281850
10585	1794	5794	3417	2074988	161499105	0	0
10586	1118	5396	4352	2075748	161604822	3069786	273902136
10587	7326	10200	7337	2076198	161659742	0	0
10588	4815	10283	8867	2076241	161665048	0	0
10589	1627	6421	2436	2076254	161666417	0	0
10590	7196	8072	23809	2076565	161704334	0	0
10591	4727	9773	17250	2076574	161705596	0	0
10592	2635	8814	12645	2076743	161741139	2797142	239854755
10593	2308	8368	5678	2076866	161770331	0	0
10594	4097	6646	6309	2076953	161784648	0	0
10595	96	7310	3076	2076989	161790273	2729622	232543986
10596	5222	8556	8589	2077137	161823051	3366424	310604759
10597	1573	6088	4150	2078314	162027980	2343092	189217081
10598	4936	7404	10341	2078328	162029890	0	0
10599	2765	10486	2950	2078637	162082671	3916918	381651608
10600	2633	6184	5203	2078829	162113038	4423909	448021489
10601	3626	4961	4301	2079259	162175836	0	0
10602	5771	10039	8495	2079750	162239676	2728292	232398259
10603	1173	9916	5634	2079754	162239877	0	0
10604	8576	9049	14381	2080200	162298751	2970066	261161752
10605	3752	6069	3984	2081828	162492104	2587313	216256167
10606	1558	6212	7094	2082116	162520523	0	0
10607	1422	3009	2463	2082347	162541491	0	0
10608	3151	3927	3897	2082949	162592143	0	0
10609	3934	6732	8395	2083333	162619622	0	0
10610	4741	7590	5596	2083410	162625971	0	0
10611	9750	10231	12661	2083884	162664458	2092097	163519924
10612	6295	7435	10628	2084206	162695426	0	0
10613	3081	9584	10110	2084858	162761022	3372718	311477987
10614	2101	4423	2155	2085485	162821112	3655573	348018515
10615	8658	9850	8357	2085546	162826396	2407154	196152957
10616	2186	4683	6907	2085714	162842868	3795408	366738760
10617	3025	6868	7615	2085949	162865580	3968457	387941195
10618	115	10334	3220	2086411	162910494	0	0
10619	2769	6837	3923	2086545	162924229	0	0
10620	8100	8559	8791	2087029	162970480	3294458	301645729
10621	7393	10035	9350	2087149	162981707	2998628	264510183
10622	3386	6835	8220	2087275	162995755	3734173	358504420
10623	8674	9503	13316	2087873	163055579	0	0
10624	4970	10308	6011	2088079	163080167	0	0
10625	1586	2010	1693	2088275	163102354	2562243	213536284
10626	4057	9716	8076	2088653	163145279	0	0
10627	1629	8961	14130	2088674	163148020	0	0
10628	2480	4775	1690	2088769	163161176	3102432	277841661
10629	5056	9120	11391	2089789	163283054	2355557	190263601
10630	1886	3800	5687	2090836	163398805	0	0
10631	1096	7245	8333	2090912	163404901	0	0
10632	9907	10090	15359	2091544	163465293	0	0
10633	7223	10611	15889	2092097	163519924	2127344	167333739
10634	3797	7093	10551	2092234	163534457	2854116	247541624
10635	2527	3569	4520	2092729	163596319	2292043	183942504
10636	612	8164	5070	2092945	163619699	3633253	345152408
10637	5749	9171	8720	2093027	163629018	2692586	228227812
10638	4866	6914	6776	2093623	163695504	2844963	246279885
10639	3434	10111	2361	2093867	163720321	2165282	171383092
10640	1386	10373	20412	2094237	163757713	3943042	384672714
10641	1797	5581	1662	2094737	163823940	0	0
10642	3344	9919	23714	2094886	163840676	0	0
10643	1766	9740	3991	2095606	163932979	0	0
10644	2642	9277	2247	2095663	163939661	3112028	278886259
10645	2125	9387	4827	2095991	163974918	2464062	202786363
10646	3101	3368	6524	2096010	163976857	0	0
10647	5391	7611	13832	2096748	164054785	0	0
10648	1092	10283	6011	2097241	164108837	0	0
10649	2258	6064	3273	2097344	164121127	3285117	300424502
10650	9022	10099	11106	2097452	164132452	2839460	245482401
10651	8677	9999	7493	2097882	164178970	2188315	173391307
10652	3186	3689	2871	2098827	164275789	2619113	219798960
10653	4490	5565	8544	2099489	164332283	0	0
10654	3035	6958	2668	2100306	164399144	2922955	255145246
10655	48	6658	2805	2101034	164448027	0	0
10656	3284	6109	11221	2101115	164452998	0	0
10657	7184	10114	10557	2101309	164468435	0	0
10658	9496	10454	26888	2101557	164488014	3183768	287544525
10659	7766	9112	9626	2101674	164499476	3605125	341886652
10660	4953	9727	11798	2101703	164503257	4186793	416191519
10661	3805	5311	7797	2101887	164526546	2257098	180269078
10662	570	9404	2410	2101914	164530690	2352672	190005564
10663	6406	7300	16138	2101939	164534306	0	0
10664	9556	9884	12747	2103181	164716791	0	0
10665	5744	8074	1864	2103443	164747975	0	0
10666	458	2459	1091	2103614	164769382	2900578	252738853
10667	3339	6640	4540	2103640	164774771	3261958	297633679
10668	6577	6578	11792	2103720	164785265	2734744	233188641
10669	1333	6613	2099	2104101	164834615	2193883	174001743
10670	3537	3559	1269	2104119	164836455	3699059	354253242
10671	2202	9675	13018	2104357	164868357	2349029	189693950
10672	4779	8305	15258	2105146	164961128	3803468	367827243
10673	548	5717	9008	2105353	164988508	0	0
10674	7418	10044	8430	2105398	164995729	0	0
10675	587	7062	6808	2106347	165116256	2207577	175460328
10676	6283	10439	5107	2106783	165167283	0	0
10677	1026	5198	2406	2106824	165172073	3766738	362552767
10678	2512	6561	10301	2106895	165179300	0	0
10679	4337	5330	4747	2107086	165202563	0	0
10680	1331	3346	4393	2107495	165251731	4241490	423464789
10681	1601	3210	3587	2107630	165265287	2507545	207413699
10682	750	9619	7355	2107834	165290805	2680722	227017007
10683	9215	10383	10509	2107874	165295021	0	0
10684	4327	7871	11400	2108378	165359800	2413415	196830932
10685	2926	7589	8499	2108568	165384176	2738257	233657351
10686	1502	10314	17758	2108759	165408780	2607811	218523843
10687	4091	7565	9060	2110049	165572993	0	0
10688	3978	4079	5064	2110247	165598334	0	0
10689	5295	7360	19738	2110438	165622017	2190493	173602467
10690	3923	6919	3822	2111566	165744721	3304088	302762095
10691	2076	3756	4544	2111752	165763597	0	0
10692	2571	4582	5201	2112103	165795920	0	0
10693	6010	8858	2737	2112565	165837245	2196153	174291789
10694	5889	8682	10400	2113001	165873046	0	0
10695	6850	10285	4172	2113312	165900708	0	0
10696	1531	1757	1495	2114856	166019763	2266830	181100594
10697	1531	3600	4531	2114856	166019763	3755117	361091363
10698	1757	3600	5774	2114856	166019763	0	0
10699	1186	9566	1927	2114926	166024849	0	0
10700	5261	7983	19001	2115154	166041413	4364970	440166702
10701	5273	5274	2894	2115195	166046666	2529240	209708485
10702	3565	4664	3712	2115290	166056162	2474042	203966065
10703	8925	10079	16920	2115323	166060098	0	0
10704	2030	8175	3758	2115825	166122877	0	0
10705	4659	5534	11773	2115941	166135054	0	0
10706	4975	9248	5653	2116252	166175005	0	0
10707	8790	8833	6003	2117110	166262835	2567526	214144991
10708	6871	6972	11757	2117447	166299374	0	0
10709	405	6164	3468	2117595	166314254	3556304	335779963
10710	2788	6763	11351	2117810	166339344	2353947	190108104
10711	74	5598	1549	2118093	166370534	3144946	282828498
10712	4130	4287	5675	2118546	166414631	2706866	229850294
10713	6089	9234	9281	2118780	166434561	3023811	268065956
10714	4103	9990	3896	2118946	166451322	3856853	374131971
10715	4503	6424	2695	2119245	166481816	2184818	173040600
10716	3021	8076	9963	2119390	166496413	0	0
10717	921	1809	1218	2119539	166513095	0	0
10718	723	9741	3831	2119703	166529218	2153904	170001154
10719	3449	7904	3113	2119732	166531838	3254447	296747473
10720	4942	6242	5571	2120481	166609244	0	0
10721	5641	5962	14871	2120587	166618583	2450754	201318311
10722	5386	10611	15138	2121489	166710717	0	0
10723	2750	7764	5354	2121661	166729557	0	0
10724	264	7063	4908	2121771	166742364	2363617	191143047
10725	2930	5639	7376	2121814	166746669	4329504	435011766
10726	4430	8256	5309	2122081	166777993	0	0
10727	235	4165	1890	2122539	166824035	2759253	235917766
10728	9577	9830	14411	2122683	166838698	2266830	181100594
10729	5724	7737	8042	2123755	166950437	2903625	253034802
10730	740	2439	2998	2123870	166964312	2731278	232757781
10731	1081	5268	3904	2124142	166988153	2734181	233118680
10732	9399	10332	18290	2124414	167010929	0	0
10733	6394	10138	8950	2124738	167045339	0	0
10734	2878	9049	6774	2125013	167077823	0	0
10735	3865	7410	2431	2125231	167103571	3254827	296791235
10736	3000	10066	10874	2126029	167181189	0	0
10737	1821	7427	7562	2126207	167200329	0	0
10738	9496	10340	21459	2126421	167224469	4391685	443869886
10739	611	3016	1672	2126963	167291591	0	0
10740	5930	10633	17087	2127344	167333739	2615375	219334281
10741	863	9501	4019	2127572	167365504	4286104	429418456
10742	7092	8644	9131	2127860	167399067	2295086	184231409
10743	4226	5984	4461	2128056	167427039	2595205	217275329
10744	8151	9473	11777	2128238	167451635	0	0
10745	1406	9173	8509	2128320	167463851	0	0
10746	5865	7801	14185	2128869	167538424	0	0
10747	1713	6031	5216	2128898	167543858	3236708	294639107
10748	1344	4375	2466	2129163	167585804	0	0
10749	834	5752	2550	2129752	167661872	2186703	173237044
10750	1495	1961	2040	2129801	167667522	3986786	390649256
10751	591	5438	2080	2130656	167760517	0	0
10752	5968	8587	5062	2131054	167798423	0	0
10753	177	4782	3166	2131507	167838923	2437811	199686810
10754	2138	3635	2674	2132129	167891161	3302372	302532569
10755	1051	4764	4931	2132779	167936021	4338648	436504714
10756	7526	10470	9730	2133443	167979189	0	0
10757	9118	9670	5821	2133826	168005443	0	0
10758	7494	9713	8004	2134205	168029996	2338514	188698955
10759	821	2673	1033	2135628	168115300	3224327	292998236
10760	3479	5224	3784	2135868	168127355	3491756	327070941
10761	2680	3018	6225	2135964	168132271	0	0
10762	22	7751	1583	2136131	168141237	2711464	230365725
10763	2323	5128	3630	2136454	168158426	2436793	199580260
10764	8491	9455	9363	2136801	168177845	0	0
10765	8313	10552	17273	2136835	168179756	0	0
10766	2290	4983	1933	2137274	168216276	0	0
10767	697	8206	5522	2137926	168265344	2933431	256478265
10768	747	8336	1662	2137962	168267948	4103501	405501014
10769	1446	6414	3706	2138467	168307003	4343728	437252006
10770	5829	7355	10938	2138642	168319162	4380263	442366182
10771	1546	6712	5226	2138700	168323950	3852383	373620369
10772	3739	4058	4257	2138844	168338007	0	0
10773	2704	9978	10872	2138929	168344682	2156450	170337762
10774	698	10124	20429	2138946	168346597	0	0
10775	6570	8242	5732	2139203	168379703	2751769	235173498
10776	3055	5124	3211	2139579	168423998	2271899	181781946
10777	865	9426	4359	2140548	168525419	0	0
10778	3781	5782	10831	2141408	168598878	0	0
10779	3206	5887	2829	2141657	168619796	0	0
10780	4992	7334	8470	2141840	168638183	3036709	269712397
10781	260	6077	2659	2142087	168660912	0	0
10782	6524	8956	4012	2142265	168676281	2308099	185528915
10783	3446	10553	10260	2142340	168682499	3593079	340317081
10784	7835	8591	24100	2142361	168684943	0	0
10785	1780	4616	1034	2142747	168731007	3212354	291326763
10786	9275	10300	6244	2142898	168749634	2154699	170108843
10787	2628	9568	3390	2143396	168809356	0	0
10788	1326	4585	3442	2143435	168814375	2759662	235954179
10789	458	9615	9582	2143968	168870266	2144638	168941764
10790	285	4343	1345	2144470	168923465	3523751	331426770
10791	9738	10789	20089	2144638	168941764	2322422	186951696
10792	4732	8006	5214	2144977	168980061	3138583	281968244
10793	663	7726	10651	2145155	169000440	0	0
10794	5285	7078	11177	2145743	169073349	0	0
10795	2502	6854	6223	2145937	169094622	0	0
10796	7558	8451	4296	2146123	169118423	2239623	178692859
10797	1145	9977	9980	2146179	169126597	0	0
10798	2213	3188	3435	2146595	169182057	0	0
10799	4897	9935	12417	2146942	169221347	0	0
10800	1828	6860	3671	2147992	169340166	0	0
10801	5683	10536	10524	2148070	169349351	0	0
10802	2632	4731	5691	2148456	169393570	0	0
10803	5947	9716	8351	2148684	169420608	0	0
10804	2826	6348	5699	2148752	169427227	0	0
10805	2443	5987	8376	2149355	169492235	0	0
10806	2589	10473	4525	2149363	169493299	0	0
10807	5868	7190	8952	2149578	169517729	2199991	174672439
10808	6942	9881	5588	2149728	169535004	2481039	204741200
10809	2274	4004	2960	2150139	169580764	3793076	366383760
10810	4735	7581	12708	2150919	169661230	2337482	188566010
10811	1627	5162	2008	2151168	169685791	3328196	305885168
10812	6299	9586	20125	2151538	169723104	2271193	181661963
10813	4912	8430	13006	2151558	169725857	0	0
10814	7838	8461	5140	2151909	169772099	3253525	296652575
10815	5987	6540	5292	2152282	169820733	2494139	205993421
10816	2767	5619	6970	2152697	169868350	2158888	170623915
10817	4199	5019	4767	2153129	169916435	0	0
10818	6286	6379	7089	2153252	169930721	4395970	444412732
10819	3669	10338	5282	2153450	169951405	2996829	264309231
10820	2580	3818	1919	2153490	169955761	2758716	235865968
10821	4170	9753	5483	2153770	169986867	3208360	290814357
10822	1544	2147	3873	2153791	169989036	2811212	241823482
10823	8851	10718	17159	2153904	170001154	3060993	272855193
10824	7690	9389	11197	2154105	170027264	3439321	320355328
10825	1970	7814	6264	2154119	170028947	3910351	380751251
10826	2961	10786	11295	2154699	170108843	3553866	335503740
10827	4305	6339	10289	2155485	170218789	2275343	182183130
10828	333	4634	3424	2155503	170220493	2565646	213951577
10829	5588	7166	5952	2155664	170241165	0	0
10830	5576	8404	7446	2156415	170334381	0	0
10831	7825	10773	15160	2156450	170337762	0	0
10832	5519	7294	15479	2157229	170435723	3896007	378978512
10833	3539	6165	2919	2157312	170446725	0	0
10834	28	6526	1866	2157741	170498645	0	0
10835	3247	5079	5197	2157905	170517832	2286761	183374091
10836	2517	6272	5792	2157951	170522007	0	0
10837	480	2344	2840	2158652	170601406	3508959	329338752
10838	3642	4689	5965	2158783	170613292	0	0
10839	9871	10816	15662	2158888	170623915	2194980	174128955
10840	6374	7182	7923	2159211	170669395	0	0
10841	3177	8155	6510	2159681	170728866	3160981	284573499
10842	3602	7817	3395	2159847	170752583	0	0
10843	5062	5384	8289	2160161	170789090	2694152	228392216
10844	8910	9227	10206	2160383	170813606	2851744	247231997
10845	4035	6623	6302	2160716	170849699	0	0
10846	1862	7575	8739	2160721	170850501	2270315	181541577
10847	1081	8430	11682	2161312	170926324	3820411	369939716
10848	5335	9885	4076	2161734	170976531	2990615	263474208
10849	2335	10394	7083	2162320	171041563	2729640	232545181
10850	1196	4493	9039	2162503	171063432	2398400	195221248
10851	2434	3556	1738	2162677	171081471	3320382	304778275
10852	7820	9246	25947	2162688	171082031	0	0
10853	7675	10078	8843	2163082	171135466	0	0
10854	2776	4560	5891	2163855	171235154	3046671	270968752
10855	1125	5591	1000	2163907	171240591	2828771	244080391
10856	2856	7447	4853	2164206	171270278	2653028	223743233
10857	194	4298	1768	2164289	171279028	0	0
10858	5984	6308	5645	2164349	171284674	0	0
10859	1137	5560	3814	2164382	171288298	0	0
10860	2046	2836	5367	2165178	171373130	2413717	196889789
10861	9298	10639	9146	2165282	171383092	0	0
10862	6590	9644	4124	2165376	171393401	3548968	334889371
10863	3981	4209	5678	2165825	171440948	4003085	392834318
10864	5592	7421	11458	2166243	171484297	0	0
10865	2848	9429	6819	2166356	171494852	0	0
10866	1193	5731	4475	2166865	171551895	4428315	448606735
10867	1909	2623	4004	2166927	171556821	0	0
10868	2966	7782	7192	2167013	171566122	2251055	179809946
10869	1	4901	1322	2167709	171634539	0	0
10870	1023	2355	3022	2167878	171650356	2865697	248971743
10871	1159	9826	8277	2167978	171660406	0	0
10872	3851	9883	8581	2168142	171676753	2871433	249536481
10873	55	4604	800	2168419	171702759	0	0
10874	7011	10278	14133	2168724	171727887	3119801	279823372
10875	4509	5532	2826	2168779	171734880	2336747	188484698
10876	2723	3323	3691	2169799	171836412	0	0
10877	3446	4593	9348	2169801	171836443	0	0
10878	1	2913	2385	2169929	171846922	0	0
10879	1977	7958	3144	2170775	171915338	4367042	440500330
10880	8978	10081	3983	2170988	171930704	0	0
10881	7814	7907	11353	2171274	171952398	2311101	185789498
10882	5077	6233	11823	2171630	171984632	2218771	176551502
10883	1257	1812	928	2172034	172018724	3496584	327402288
10884	3683	4361	3802	2172476	172051621	0	0
10885	797	5774	5917	2172585	172059350	0	0
10886	4504	4579	9432	2173951	172152035	0	0
10887	1236	5192	3651	2174126	172163525	2699594	229038012
10888	6582	8571	10120	2174315	172175755	4128424	408851794
10889	9685	9693	9766	2174780	172208706	2670410	225672519
10890	1716	10313	14587	2175445	172261289	2640985	222335960
10891	2762	3706	6510	2175491	172264680	0	0
10892	4112	10484	3301	2175669	172279517	2310194	185722358
10893	4073	9127	6493	2175739	172287055	2842236	245880116
10894	903	1966	2755	2176316	172339598	2736116	233371393
10895	648	4812	3128	2176330	172340807	2815612	242307315
10896	1397	5308	2053	2177335	172421571	2728703	232442397
10897	5640	7859	5054	2177351	172422586	0	0
10898	2100	3538	3802	2177682	172447702	0	0
10899	1959	4544	2807	2177743	172452943	3419023	317755051
10900	614	8765	8392	2178340	172493598	2623198	220247561
10901	1573	9480	7081	2178589	172513583	2264400	180873429
10902	1812	4938	6847	2178842	172531720	3352201	308762217
10903	994	2480	1043	2179193	172558317	3883637	377570247
10904	4167	9042	5280	2179278	172564114	2222739	176939916
10905	453	6882	4902	2179319	172567922	0	0
10906	3365	6228	5017	2179801	172611551	3093308	276667419
10907	889	6058	5289	2180001	172628157	2709905	230196859
10908	6165	9020	4629	2180656	172680343	0	0
10909	3170	5644	4330	2180814	172691238	2982813	262571973
10910	4096	7596	4921	2180883	172696772	4127255	408713303
10911	227	4412	7147	2181397	172734994	0	0
10912	8219	10261	9705	2181819	172763937	2435872	199475324
10913	3116	4828	9910	2182297	172797293	3202444	290056228
10914	4084	8869	13710	2182349	172801136	0	0
10915	3767	8714	16197	2182583	172823453	2538357	210876901
10916	5711	6559	9002	2182773	172844985	2970066	261161752
10917	383	7650	2396	2183069	172877023	0	0
10918	6029	6976	4285	2183312	172902619	0	0
10919	3251	10089	5639	2184319	172994996	0	0
10920	5071	5940	8367	2184484	173011045	2302751	185006145
10921	8784	10715	5743	2184818	173040600	0	0
10922	7801	7815	5937	2185324	173084299	2934544	256606783
10923	4865	7280	5535	2185487	173097964	2617868	219640574
10924	6317	9411	15091	2185502	173098355	2477287	204319774
10925	2902	6969	8877	2185570	173106190	0	0
10926	9574	9982	7081	2186549	173220495	2366843	191578392
10927	2335	3181	1502	2186672	173234219	3203915	290232914
10928	7675	10749	4552	2186703	173237044	0	0
10929	2016	7304	2667	2186817	173248891	3228958	293683281
10930	2996	5720	3530	2186981	173266380	3579279	338636739
10931	5117	9606	9546	2187980	173361480	0	0
10932	646	10651	8230	2188315	173391307	2485216	205096817
10933	2059	8526	6982	2188523	173411945	4371738	441183956
10934	1004	9401	8087	2189132	173465664	0	0
10935	5521	6875	12443	2189554	173502997	3075786	274456706
10936	4927	8138	10446	2189614	173509284	4068227	401179216
10937	253	5242	6243	2189752	173524616	2360083	190778007
10938	2833	4323	6581	2190053	173556373	2205219	175241085
10939	2656	5461	5604	2190264	173579530	3473947	324915473
10940	6942	9769	9046	2190470	173598889	0	0
10941	949	10689	21116	2190493	173602467	2802933	240560278
10942	3572	6533	9269	2191054	173681303	2633496	221550573
10943	5914	6288	7590	2191370	173723837	2689123	227833131
10944	906	3209	3234	2192035	173803239	0	0
10945	6303	9483	6056	2192076	173807668	3413962	317158424
10946	5269	9962	6710	2192504	173857054	2640132	222246491
10947	874	8900	9614	2193086	173923794	4418357	447180875
10948	8498	10669	7228	2193883	174001743	4315730	433297972
10949	3030	6983	2099	2194060	174019637	2789161	239085528
10950	2576	10054	8533	2194092	174022514	2883738	250800827
10951	6781	10201	8844	2194172	174031563	2443922	200580817
10952	5564	5881	20555	2194496	174067601	0	0
10953	451	10839	15814	2194980	174128955	2962615	260320210
10954	404	9129	1480	2195407	174193115	2329694	187773044
10955	2995	3773	4749	2195518	174208837	2200204	174696959
10956	1346	8611	3916	2195785	174242573	0	0
10957	7048	9909	8701	2195930	174262595	3429473	318999815
10958	298	9326	3532	2196141	174290254	2492178	205781706
10959	1744	10693	4703	2196153	174291789	2593482	217046197
10960	1409	6943	4222	2197138	174406937	0	0
10961	4710	6137	5865	2197439	174438952	4403104	445274521
10962	5825	8182	6412	2198015	174495850	3291148	301270801
10963	3526	5762	3462	2198248	174517790	0	0
10964	7222	9523	5697	2198671	174555310	0	0
10965	633	1731	1788	2199148	174595737	0	0
10966	563	9411	11845	2199351	174611748	0	0
10967	6501	8891	6291	2199552	174631969	3608675	342368562
10968	393	941	1577	2199613	174638440	0	0
10969	5638	8878	9565	2199842	174659143	0	0
10970	8561	10807	12275	2199991	174672439	0	0
10971	6505	10955	7519	2200204	174696959	2816278	242386761
10972	1534	10155	7532	2200246	174702220	2816278	242386761
10973	464	4971	3377	2200939	174780959	0	0
10974	4135	9048	14327	2201018	174789322	0	0
10975	4992	9170	9063	2201360	174831192	0	0
10976	4780	9912	7174	2201481	174847004	0	0
10977	1407	7937	5051	2202354	174948166	3448691	321794454
10978	202	8714	15952	2202508	174964660	2921296	254953341
10979	297	9243	2848	2202609	174975779	3998164	392182738
10980	6254	10286	14420	2203039	175020659	0	0
10981	6538	7250	4250	2203248	175047439	3099412	277486935
10982	1461	4171	1187	2204001	175131379	4124325	408363418
10983	205	249	251	2204602	175188202	3018661	267471446
10984	3781	7671	8788	2204648	175190992	2569988	214375856
10985	79	7697	2269	2204992	175222536	0	0
10986	898	2022	2973	2205033	175226295	0	0
10987	10448	10938	12622	2205219	175241085	3413962	317158424
10988	4066	7191	7193	2206020	175313266	3609241	342452817
10989	4209	4697	5243	2206192	175327695	2948768	258589616
10990	1671	6328	2128	2206286	175335739	3101075	277693384
10991	7225	9867	7471	2206425	175349226	2916245	254449616
10992	6683	7416	8433	2206714	175376717	0	0
10993	533	10110	6170	2206924	175399059	0	0
10994	687	10675	6990	2207577	175460328	0	0
10995	2179	8774	20117	2208300	175529637	2821624	242967663
10996	2153	9009	6663	2209158	175618407	0	0
10997	910	8288	3595	2209233	175625310	2311101	185789498
10998	8779	9360	5897	2209353	175637377	2348508	189644260
10999	8779	9801	7134	2209353	175637377	0	0
11000	9360	9801	4511	2209353	175637377	2980491	262339427
11001	4197	4820	3262	2209869	175697514	3356616	309214459
11002	10227	10675	11722	2210193	175727612	2950710	258887224
11003	5550	7560	9344	2210408	175752694	2279450	182653222
11004	5435	10028	17089	2211385	175859247	0	0
11005	7848	9402	5376	2212579	175976550	0	0
11006	240	3896	6496	2212614	175978812	3762949	362122458
11007	4931	5120	4506	2213092	176019773	3453540	322342487
11008	1455	8648	8500	2213177	176026564	2348776	189669299
11009	990	9580	18041	2213214	176029594	2355837	190294971
11010	1514	10563	11118	2213384	176048505	0	0
11011	6145	8407	7230	2213525	176068148	2334945	188292022
11012	789	5350	566	2215357	176254627	0	0
11013	3726	9228	7752	2215457	176262428	0	0
11014	431	6389	1865	2215630	176275706	2984347	262710725
11015	4464	7004	1114	2215925	176302429	0	0
11016	3415	6127	4716	2215935	176303099	2438997	199828064
11017	5855	6553	6070	2216005	176309081	0	0
11018	524	6178	5049	2216878	176373362	3200094	289779983
11019	2345	8174	8338	2216884	176373489	2374592	192512690
11020	393	7481	8107	2216904	176375106	3358530	309423222
11021	198	5763	5461	2217341	176413794	4451335	451296128
11022	1517	7138	2973	2217512	176426306	0	0
11023	7724	8824	15468	2217637	176437713	2672934	225982996
11024	2864	8703	4233	2217785	176453945	0	0
11025	723	3685	1309	2218045	176480970	2351952	189951708
11026	6627	7838	8501	2218107	176488204	2238448	178578739
11027	985	10882	12025	2218771	176551502	3148333	283243188
11028	2466	7876	8099	2218837	176558590	0	0
11029	4905	6708	7973	2219343	176611408	0	0
11030	3645	6461	4839	2220378	176708834	2324669	187219617
11031	447	7550	7759	2220403	176711002	0	0
11032	513	9108	5439	2220641	176735451	2891476	251527537
11033	3134	9102	8490	2221130	176778656	2285764	183259128
11034	2319	8731	6567	2221191	176785668	3448691	321794454
11035	5767	6266	7642	2221231	176789717	0	0
11036	3492	4233	3312	2221695	176837900	2323868	187116949
11037	94	1438	539	2221797	176848954	0	0
11038	622	8935	4515	2221886	176858086	3132174	281173037
11039	2040	4334	2986	2222571	176925643	3379733	312264239
11040	9458	10904	13168	2222739	176939916	0	0
11041	2783	10297	9332	2222908	176957239	2439621	199924129
11042	3219	5969	10352	2223058	176972556	2875920	249992303
11043	30	8058	3053	2223115	176978903	0	0
11044	3220	6803	8553	2223565	177028184	0	0
11045	3116	3317	9227	2224150	177092044	0	0
11046	3750	8215	12580	2224699	177150888	2774775	237778461
11047	4451	8210	2530	2225743	177251365	3106344	278221345
11048	935	1431	3765	2226263	177290668	3710720	355708944
11049	1367	7354	9154	2226329	177295969	0	0
11050	4948	5724	6624	2226871	177337035	2760962	236081834
11051	2351	5777	4267	2227088	177356922	0	0
11052	5991	7350	1291	2227311	177373250	2743741	234248746
11053	1484	6580	5062	2227514	177389575	3848549	373210591
11054	540	8021	7045	2227521	177389925	2719650	231361395
11055	2846	5224	2934	2227644	177400906	3134974	281496881
11056	7687	8024	7709	2227687	177403805	2694174	228394667
11057	4401	8096	6810	2227898	177424024	0	0
11058	2895	6740	6819	2227905	177424427	3164611	285086453
11059	7997	8813	8863	2228213	177458692	2518129	208492418
11060	1406	3606	4090	2228308	177467196	3453021	322294411
11061	871	7195	3906	2228569	177494720	2578707	215296697
11062	843	4617	3833	2228657	177504072	3766816	362567610
11063	6205	9063	5555	2228712	177510782	0	0
11064	3343	9652	11786	2228959	177539458	2440244	200019407
11065	2852	3530	1248	2229065	177552270	0	0
11066	241	8158	2325	2229539	177605009	2842868	245975762
11067	3744	6927	7654	2229774	177630016	0	0
11068	8378	10219	14514	2230042	177656929	0	0
11069	5718	6103	4878	2230702	177733727	0	0
11070	5271	6766	3837	2230892	177753201	2232152	177878117
11071	3240	10575	4727	2231479	177811798	0	0
11072	4469	8237	6504	2231870	177848054	0	0
11073	6220	7993	7881	2232004	177860971	2354393	190152100
11074	4971	5895	12604	2232059	177867624	3302655	302571712
11075	6	11070	3841	2232152	177878117	4284924	429267420
11076	6107	9747	9159	2232662	177936622	3266978	298338791
11077	8190	10013	15547	2232719	177942020	0	0
11078	8476	9222	9284	2232892	177963474	4387058	443355464
11079	7544	9653	8839	2233819	178079096	0	0
11080	1923	2196	2467	2233887	178087834	0	0
11081	2493	10005	7620	2234417	178148251	0	0
11082	8560	8711	23697	2234571	178167247	0	0
11083	629	3628	4224	2234853	178208217	0	0
11084	8828	9135	6675	2235788	178310831	2643262	222571211
11085	7457	10055	8890	2236121	178345492	2405359	195978500
11086	2917	6860	4073	2236267	178361175	3158185	284251229
11087	1367	5809	4549	2236648	178402620	2322678	186983529
11088	598	3010	1317	2237138	178450322	0	0
11089	4899	8137	11802	2237209	178456089	0	0
11090	630	2014	2072	2237712	178509583	2769244	237177011
11091	7611	8761	7133	2237728	178511037	3556304	335779963
11092	608	5796	7520	2238169	178552244	0	0
11093	4124	11026	10164	2238448	178578739	2931715	256292233
11094	1898	10067	4095	2238767	178610079	2650132	223354008
11095	3477	5594	10573	2239174	178645586	2428481	198646672
11096	5097	10796	8724	2239623	178692859	2534153	210349256
11097	3815	6995	5489	2239782	178709343	2546996	211928898
11098	1534	5226	4170	2240084	178741723	0	0
11099	8543	10286	8482	2240213	178754394	0	0
11100	5099	7244	15249	2240575	178792846	2998371	264478283
11101	2534	4018	3528	2240613	178797199	2376637	192766932
11102	419	802	610	2240649	178801739	2504711	207124313
11103	780	5812	5111	2240912	178834424	3109385	278583738
11104	7449	10321	7845	2241083	178854808	3612106	342788769
11105	6123	9677	15558	2241359	178888881	3601248	341370194
11106	3146	6330	3296	2242588	179033519	0	0
11107	2148	7897	6755	2242655	179038908	3092592	276593262
11108	6497	7254	3929	2242910	179067723	3199626	289728248
11109	502	4135	3981	2243768	179149450	3070609	273979147
11110	6052	9826	10327	2244361	179198228	3815586	369256490
11111	4125	4934	5587	2244368	179198747	4022690	395057335
11112	1120	3604	3834	2244417	179203188	2762289	236219315
11113	1848	2424	1388	2244872	179241244	0	0
11114	410	7904	2887	2244924	179244955	2691269	228081725
11115	4087	5619	6431	2244937	179246009	4125494	408509463
11116	3056	5880	4444	2245789	179317636	3922989	382363096
11117	4701	8401	9794	2245818	179320298	0	0
11118	856	5847	2826	2245876	179324998	0	0
11119	2710	3172	5309	2245907	179327542	2617845	219638637
11120	5594	7047	8175	2246430	179372272	0	0
11121	2110	4017	2891	2246700	179395289	0	0
11122	4562	9900	14567	2247226	179436334	0	0
11123	3744	6465	4017	2247580	179468034	0	0
11124	5294	8527	6666	2247624	179472824	2411561	196583482
11125	7605	9362	24732	2247895	179496031	2485342	205109054
11126	7423	8094	6200	2248489	179566993	2684379	227363503
11127	6766	9930	3141	2249415	179666798	3887476	378060725
11128	2849	8106	3371	2250095	179724208	2734762	233191170
11129	6160	7929	17584	2250566	179762340	3503732	328341839
11130	4176	8652	7269	2250877	179792176	2379490	193067970
11131	6553	10868	11005	2251055	179809946	2269963	181489733
11132	2039	3077	3883	2251399	179848903	2260782	180535028
11133	3074	4727	2995	2252811	179978169	3536012	332987427
11134	5693	8191	4981	2253257	180008054	0	0
11135	7247	9253	2748	2253542	180029403	2291399	183866635
11136	160	10308	3417	2253805	180049612	0	0
11137	503	6140	2899	2253982	180062583	2510000	207642219
11138	2862	9002	3495	2254103	180071149	0	0
11139	2751	2771	1719	2254239	180080416	0	0
11140	4088	8979	3528	2254331	180086579	3811294	368787129
11141	2871	2920	5317	2254610	180104710	0	0
11142	4650	7256	14137	2254864	180124017	0	0
11143	330	5538	4168	2255379	180162033	0	0
11144	3368	10237	3655	2256294	180222989	0	0
11145	2172	9292	2863	2256564	180238889	2767948	236973512
11146	2037	10661	9667	2257098	180269078	3259299	297352127
11147	6552	7636	10427	2257421	180290870	0	0
11148	3966	10478	14950	2258097	180340025	0	0
11149	358	3504	1641	2258202	180349132	0	0
11150	4076	4577	3061	2259550	180446383	2414690	197054638
11151	2030	10501	8350	2259878	180467946	0	0
11152	8632	8830	7377	2260103	180483355	2905120	253218741
11153	221	1496	617	2260123	180484590	2743741	234248746
11154	4435	5911	4793	2260718	180530663	3160624	284525940
11155	1046	11132	4506	2260782	180535028	3285156	300429808
11156	2761	4880	9128	2260962	180548024	0	0
11157	5350	9383	9058	2261373	180579881	3075786	274456706
11158	5286	10257	8247	2261603	180601541	2892338	251633819
11159	3357	3922	16699	2261630	180603680	0	0
11160	2366	3073	3888	2262325	180677344	0	0
11161	5823	8023	7622	2262766	180717342	0	0
11162	5159	7563	5309	2263077	180742897	0	0
11163	4611	8218	6921	2263536	180786806	3635877	345473010
11164	1780	9373	8854	2263730	180803575	2425780	198351306
11165	2144	7488	2037	2263796	180811537	2812366	241963890
11166	833	9124	4172	2263864	180818025	2938557	257127672
11167	4064	10901	7680	2264400	180873429	0	0
11168	662	1372	686	2264829	180913276	2398500	195234360
11169	766	6203	3680	2265167	180942483	2297580	184476061
11170	2385	6915	5217	2265534	180973004	0	0
11171	7315	9907	10619	2265626	180980337	0	0
11172	4871	10277	6096	2265634	180981293	2899217	252564425
11173	5643	9954	8297	2265642	180981840	4300848	431454425
11174	1459	10416	7875	2266251	181040608	0	0
11175	3315	5450	10150	2266350	181049368	4295087	430672497
11176	2755	4824	3746	2266522	181067719	3786397	365291137
11177	3350	7978	4067	2266822	181100228	3793947	366517203
11178	10696	10728	15906	2266830	181100594	2493252	205884660
11179	1568	7702	13054	2267286	181154282	0	0
11180	9213	10390	7573	2267395	181170700	0	0
11181	5138	5649	7895	2267565	181195596	3436234	319848593
11182	3581	6670	6012	2268104	181267430	0	0
11183	5850	9135	3039	2268228	181282501	2912591	254116772
11184	472	562	180	2268529	181317071	0	0
11185	9594	9907	12609	2269014	181373484	3013104	266738150
11186	5534	6548	10067	2269133	181388914	2562215	213532932
11187	1540	7392	2483	2269203	181396210	4174718	414720907
11188	760	5123	4419	2269608	181446241	4027294	395629031
11189	9365	11131	14645	2269963	181489733	0	0
11190	1267	10423	11347	2270262	181532558	3145121	282848844
11191	9445	10846	12028	2270315	181541577	2766669	236781745
11192	2326	4376	2563	2270685	181591736	2719650	231361395
11193	5838	8307	5856	2270971	181631717	0	0
11194	4399	4515	8851	2271134	181654559	2828855	244092685
11195	3801	4132	2007	2271177	181660311	4278350	428267496
11196	4049	10812	21783	2271193	181661963	3162313	284762886
11197	5585	10776	6048	2271899	181781946	0	0
11198	3287	6068	7186	2272579	181875723	0	0
11199	2153	9076	3398	2272935	181918405	3840096	372204207
11200	103	4946	731	2273000	181926708	0	0
11201	4756	10267	13152	2273276	181956618	2383068	193462411
11202	4296	6151	5614	2274870	182138322	0	0
11203	1293	4909	2002	2275228	182171875	0	0
11204	6992	10827	20588	2275343	182183130	0	0
11205	5708	6487	6378	2275596	182209692	2638212	222038670
11206	4470	8539	9276	2275729	182225654	0	0
11207	2728	9965	21038	2276086	182268397	0	0
11208	1406	1451	1650	2276448	182321902	0	0
11209	2586	4859	3754	2277050	182402423	2509137	207551907
11210	7799	9246	15843	2277967	182494160	2707372	229912991
11211	5025	10827	12362	2278215	182521213	4052897	399091072
11212	6463	6502	1338	2278702	182575284	0	0
11213	5555	10449	7438	2278740	182579027	0	0
11214	968	6231	2452	2278929	182598720	2412427	196677446
11215	1131	9058	1421	2279134	182620138	0	0
11216	32	5210	2544	2279279	182634200	4191660	416920049
11217	2265	8470	6132	2279292	182635277	0	0
11218	802	11003	9890	2279450	182653222	0	0
11219	4993	5079	8181	2279634	182673931	0	0
11220	2252	3133	4714	2280020	182721194	2833260	244632627
11221	5954	8367	11927	2280192	182741256	0	0
11222	1196	2780	3183	2280928	182827420	0	0
11223	3472	8992	3838	2281035	182839835	0	0
11224	3428	9254	2864	2281055	182841523	0	0
11225	980	4054	4684	2281354	182872461	2694852	228474905
11226	3698	4787	3762	2281381	182874715	4003085	392834318
11227	6098	7370	5439	2282241	182954243	3662913	348996817
11228	3338	5749	10913	2282325	182961830	2454084	201681553
11229	8059	9988	14632	2283805	183080170	2895794	252074359
11230	2432	7561	5461	2283904	183089519	0	0
11231	3170	7755	4925	2284161	183111854	3977059	389216573
11232	321	6153	3923	2284368	183133341	2977612	262038328
11233	1765	3510	770	2285047	183190645	0	0
11234	1805	8594	4269	2285104	183195379	3261000	297528397
11235	6784	9039	18742	2285132	183197567	0	0
11236	6883	9284	13013	2285504	183233825	0	0
11237	2334	11033	10417	2285764	183259128	2710894	230299201
11238	4849	10505	7699	2285801	183263230	4261721	425746009
11239	4331	6299	6695	2286058	183294225	2333705	188147903
11240	4844	10835	10439	2286761	183374091	2834918	244848179
11241	1797	3763	2334	2286788	183376306	3850394	373403056
11242	4650	9494	13557	2287339	183435092	3035371	269556548
11243	3648	10511	9010	2287465	183449096	0	0
11244	1009	6789	3899	2287906	183501909	0	0
11245	6775	8297	8148	2288743	183592309	2383541	193519448
11246	619	1890	606	2289252	183641915	2337027	188513168
11247	5196	8388	7376	2289329	183648607	2316496	186345160
11248	6829	7757	12107	2289511	183664800	3740549	359242858
11249	939	5159	4252	2289526	183665727	2744586	234368977
11250	4170	6066	2832	2289760	183694359	3159896	284444286
11251	4205	8083	6610	2290235	183741352	3502295	328151069
11252	3013	7406	14991	2290397	183757771	3001069	264799245
11253	885	2339	3721	2290749	183797472	3979117	389468802
11254	2045	2547	2114	2291139	183836309	3040309	270137944
11255	7126	7394	16774	2291174	183839619	0	0
11256	431	5683	4716	2291250	183849985	2327635	187563607
11257	5078	11135	7317	2291399	183866635	0	0
11258	8396	10579	10429	2291682	183899079	0	0
11259	7598	10635	10709	2292043	183942504	0	0
11260	4654	4780	5222	2292748	184028029	0	0
11261	777	4152	3108	2293808	184134850	3586049	339504597
11262	7332	8433	3527	2294665	184199710	0	0
11263	1300	3684	3100	2294670	184199846	3099653	277519757
11264	8652	10742	11172	2295086	184231409	2815006	242233690
11265	33	3834	1432	2295133	184235379	0	0
11266	7381	9262	7513	2295175	184239666	0	0
11267	2368	8397	5527	2295207	184242218	2506251	207286256
11268	5005	8018	6411	2295349	184255650	3783197	364814879
11269	4381	7606	7039	2295652	184287629	2513751	208004717
11270	5651	6778	9028	2296335	184353136	4001754	392671945
11271	3679	4875	4088	2296492	184369068	0	0
11272	4686	9041	9552	2296980	184414872	2902945	252961457
11273	6340	9531	9148	2297194	184437421	0	0
11274	2348	11169	5155	2297580	184476061	0	0
11275	2200	7342	8156	2298007	184517408	3851291	373503812
11276	5602	10104	3652	2298195	184535958	3952364	386005633
11277	78	9097	437	2298326	184550196	2387044	193901702
11278	6892	8980	10585	2298391	184557167	0	0
11279	1593	9637	5517	2298412	184558975	0	0
11280	4392	4758	6148	2299168	184638532	0	0
11281	5344	7467	9240	2299370	184659615	0	0
11282	7299	8066	13358	2299872	184713968	2767981	236977563
11283	4557	8974	5478	2299982	184725854	2886936	251092625
11284	1864	10081	4807	2300129	184742297	0	0
11285	399	5671	3621	2300157	184745557	0	0
11286	4400	6546	8615	2300174	184747008	0	0
11287	7321	9457	10325	2300978	184838869	2616377	219448861
11288	959	1636	895	2301439	184884602	2883219	250761157
11289	1978	4634	4030	2301764	184916365	2598679	217613776
11290	2620	2789	2897	2302033	184939212	0	0
11291	3917	9251	8348	2302112	184946274	0	0
11292	47	4900	439	2302669	184999353	0	0
11293	9620	10920	13396	2302751	185006145	0	0
11294	3726	7048	9312	2303302	185059231	3141549	282386019
11295	2391	10868	8571	2303339	185062448	2868180	249235743
11296	2452	8409	11903	2303460	185072977	0	0
11297	2389	9357	6130	2303778	185109041	0	0
11298	2108	8507	5303	2303782	185109369	3592247	340219966
11299	2519	10581	4730	2303813	185112268	0	0
11300	1306	8325	5631	2304970	185236137	2365042	191314979
11301	6396	7294	8191	2305308	185268784	3029951	268876288
11302	1746	3688	3637	2305406	185278691	3333463	306461950
11303	1948	6325	2647	2305660	185304068	3118064	279610693
11304	160	9634	2588	2306224	185356483	0	0
11305	2034	7513	3745	2306313	185364859	3167250	285454208
11306	4415	7549	1968	2306495	185379166	0	0
11307	3026	9908	16862	2306662	185393280	3324001	305210720
11308	1734	2111	2346	2307250	185454089	2964592	260514428
11309	2116	2470	1007	2307431	185472166	0	0
11310	5192	5773	2471	2307503	185477678	2363863	191172751
11311	5468	8477	4930	2307953	185517029	2663492	224946162
11312	2541	8801	9893	2308077	185527352	0	0
11313	5468	10782	5669	2308099	185528915	3155748	284003582
11314	2537	9116	10899	2308685	185588437	2916205	254446317
11315	4484	10892	4979	2310194	185722358	2964262	260482896
11316	376	2875	1990	2310550	185749727	0	0
11317	4668	7523	6302	2310778	185763842	2393953	194658118
11318	1972	4190	1647	2310934	185777455	0	0
11319	3638	9498	15092	2311086	185788505	2671318	225773346
11320	10881	10997	14948	2311101	185789498	3497857	327526056
11321	1226	7659	2072	2311276	185809580	0	0
11322	2005	10099	4534	2312165	185900540	0	0
11323	337	6570	3278	2312442	185925049	3155984	284029917
11324	3836	9337	4797	2312607	185941865	3227125	293391519
11325	5052	5801	9052	2312711	185951493	2317508	186452087
11326	5184	6588	5434	2313050	185982565	3139857	282143813
11327	8971	9130	7598	2313259	186002763	3003582	265188734
11328	2323	8435	6716	2313266	186003408	0	0
11329	2817	3814	7285	2313629	186045183	0	0
11330	5122	6359	7715	2313931	186078125	2395479	194855266
11331	6007	8781	7759	2314302	186116416	3153258	283763543
11332	7300	8245	12734	2314449	186131535	2807361	241231569
11333	1612	6120	3729	2314958	186187671	0	0
11334	3513	8789	14062	2315446	186235835	3087853	276104043
11335	519	1374	1458	2315779	186275036	0	0
11336	2636	11247	8094	2316496	186345160	3964769	387333836
11337	6379	9590	5424	2316613	186356146	3824954	370455158
11338	3043	8931	12281	2316812	186377159	0	0
11339	2968	4519	2149	2316880	186385272	0	0
11340	4202	8238	11061	2317249	186421326	0	0
11341	9979	11325	17157	2317508	186452087	0	0
11342	3075	5444	4882	2317791	186486998	0	0
11343	515	10346	1431	2318440	186566084	4186639	416174697
11344	973	3535	5088	2318982	186622383	2531683	210026404
11345	354	10217	5114	2318991	186623500	0	0
11346	4568	7661	8212	2319466	186674517	4313610	433035448
11347	1766	3261	3345	2319524	186680100	3132982	281260892
11348	343	8810	6465	2320081	186732178	2456210	201943803
11349	3362	4475	5319	2320287	186751997	3020171	267632618
11350	2317	3483	2337	2320453	186770860	2640852	222322339
11351	4616	8208	3005	2320463	186771933	0	0
11352	6104	6315	10607	2321159	186839926	2402517	195678891
11353	2416	5202	2297	2321343	186858240	3925740	382649893
11354	2797	7018	6639	2321438	186866806	2860579	248428814
11355	238	4068	976	2321780	186899157	0	0
11356	924	7017	4485	2322006	186916630	0	0
11357	843	2140	2202	2322294	186940047	0	0
11358	7065	10791	22042	2322422	186951696	2991429	263608518
11359	7397	11087	11762	2322678	186983529	2913369	254182450
11360	2129	8849	2678	2323258	187048660	2804031	240740743
11361	1231	8716	8535	2323389	187061728	0	0
11362	3106	3749	1826	2323656	187093146	4073827	401895300
11363	2725	7353	6903	2323733	187101407	0	0
11364	9674	11036	21315	2323868	187116949	2953695	259299238
11365	682	4868	3513	2324284	187175303	0	0
11366	6487	11030	6610	2324669	187219617	0	0
11367	736	2844	3049	2324724	187226265	2768823	237103679
11368	1792	7046	8152	2325236	187292860	3866981	375360738
11369	8485	8770	10285	2325638	187337312	2907150	253479584
11370	3107	8013	8410	2325715	187348564	0	0
11371	3729	9259	3644	2326193	187407910	2438936	199820241
11372	763	5526	3199	2326391	187432536	3319204	304667570
11373	2911	4374	2549	2326660	187465049	0	0
11374	2372	2852	1082	2326666	187465450	0	0
11375	4953	10496	7057	2327214	187521842	0	0
11376	5887	5983	6502	2327447	187545132	3840042	372196075
11377	10542	11256	16558	2327635	187563607	0	0
11378	1473	5312	1795	2328891	187704141	2744999	234423675
11379	1929	7365	4217	2328964	187711196	2370212	191999281
11380	6707	10954	6233	2329694	187773044	0	0
11381	5586	7475	7929	2329906	187790586	0	0
11382	2093	6682	3463	2330316	187825175	3242706	295361428
11383	287	10007	9212	2330443	187835939	0	0
11384	8887	9704	18205	2331071	187889031	2529140	209695846
11385	2389	6722	10492	2331236	187906255	2448851	201080487
11386	720	5953	4780	2331409	187928751	2657614	224328471
11387	204	1462	976	2331818	187969844	0	0
11388	370	4921	2365	2332291	188015731	2407707	196216327
11389	3170	7720	4803	2332338	188020226	3197524	289473551
11390	1642	2368	2485	2332585	188044777	2448851	201080487
11391	501	3882	2683	2332907	188074689	2414324	196996880
11392	2009	4022	3695	2332928	188077200	2353806	190096259
11393	177	1005	235	2333250	188105444	2919798	254803985
11394	7354	9312	11527	2333307	188109900	0	0
11395	8613	11239	11587	2333705	188147903	3685784	352237742
11396	8075	8782	10813	2333717	188149873	2341715	189083487
11397	1124	7855	7414	2333859	188165121	0	0
11398	2142	6929	14733	2334601	188253110	0	0
11399	224	7482	1039	2334783	188273948	0	0
11400	8968	11011	11173	2334945	188292022	0	0
11401	1311	4362	1133	2335291	188330883	2486296	205240855
11402	2202	8288	8411	2335897	188391466	3132054	281161110
11403	2546	8758	8038	2335908	188392970	2688546	227755995
11404	4288	5978	2966	2336170	188423065	2919474	254775511
11405	2254	8833	5944	2336235	188429756	3890771	378393052
11406	5576	10875	6185	2336747	188484698	2444298	200627207
11407	7331	11246	3540	2337027	188513168	3355130	309065920
11408	1337	6194	4414	2337088	188520895	0	0
11409	3169	8953	2835	2337314	188545780	2387044	193901702
11410	7591	10094	4048	2337362	188552116	0	0
11411	9821	10810	16409	2337482	188566010	3789055	365724337
11412	2543	10109	7817	2337520	188571594	0	0
11413	341	7263	10750	2338225	188662167	0	0
11414	153	8956	2034	2338428	188688221	0	0
11415	4257	10758	8218	2338514	188698955	2616888	219515723
11416	437	3743	1669	2338577	188710463	2498741	206517187
11417	4853	9664	5178	2338616	188715958	0	0
11418	8400	10438	19768	2338823	188744431	2885390	250940151
11419	3499	8951	3776	2339957	188906338	0	0
11420	3303	7062	7404	2341333	189046198	2596917	217447764
11421	1628	8793	9490	2341443	189055337	0	0
11422	2386	11396	11679	2341715	189083487	4325074	434490897
11423	3710	5208	4054	2342577	189172027	4011756	393923578
11424	3432	9230	5618	2342990	189208577	3025569	268255566
11425	6562	10597	6117	2343092	189217081	3059328	272604486
11426	3186	6748	3515	2343487	189253064	3994325	391708355
11427	3465	6233	10085	2344199	189312004	2926364	255544029
11428	6231	6420	3718	2344384	189326353	0	0
11429	1433	5406	3361	2344876	189365180	0	0
11430	6549	8902	6753	2344997	189372817	0	0
11431	2009	3902	4477	2345074	189378423	0	0
11432	289	2143	901	2345569	189418940	4416538	446946511
11433	2663	6080	10193	2346131	189462678	0	0
11434	4393	4541	7437	2347022	189526614	2409505	196383816
11435	5024	10275	17572	2347354	189546675	0	0
11436	2084	3229	1377	2347431	189553949	0	0
11437	3763	6757	4099	2347641	189572147	0	0
11438	3489	6970	6787	2347707	189577844	0	0
11439	7986	9550	4593	2348338	189627616	2598679	217613776
11440	10557	10998	12372	2348508	189644260	4277625	428116904
11441	2722	11008	9661	2348776	189669299	3607461	342194636
11442	8028	10671	15726	2349029	189693950	0	0
11443	399	1919	385	2350662	189859300	3508275	329215513
11444	1493	5302	3776	2351330	189905364	2689460	227880400
11445	5437	7018	4974	2351577	189922706	2584189	215904684
11446	3801	4028	1914	2351701	189932570	3021575	267802809
11447	4895	11025	3018	2351952	189951708	2458484	202180794
11448	6550	8891	12537	2352085	189961511	3878931	376913972
11449	5326	10662	7240	2352672	190005564	0	0
11450	2055	4576	1255	2352868	190019472	0	0
11451	5737	8700	18598	2352958	190026997	2853297	247430077
11452	1606	11392	5533	2353806	190096259	0	0
11453	6738	10710	17887	2353947	190108104	2736494	233419520
11454	4686	11073	10479	2354393	190152100	3391815	313880129
11455	9909	10479	4036	2354813	190194946	3810044	368650168
11456	620	2955	2120	2355235	190234529	2590845	216707516
11457	2110	10629	12653	2355557	190263601	0	0
11458	8833	9844	16284	2355734	190281857	2539934	211047858
11459	4106	7625	4511	2355753	190284255	0	0
11460	2026	11009	18561	2355837	190294971	0	0
11461	1321	5010	6913	2356207	190343853	0	0
11462	2134	2368	5450	2356306	190358823	0	0
11463	3601	3758	4476	2357492	190512423	0	0
11464	4939	10807	13221	2357645	190528051	3166121	285291385
11465	3438	9383	9504	2357722	190536761	3377642	312016424
11466	1733	3469	2048	2358492	190627790	0	0
11467	1443	4736	4738	2358818	190658582	2548888	212160906
11468	2795	7974	9257	2359186	190690497	0	0
11469	4364	10454	13775	2360009	190771431	4218292	420617227
11470	793	1381	435	2360038	190773673	0	0
11471	149	10937	6324	2360083	190778007	0	0
11472	1569	6340	5680	2360272	190799718	2493948	205969148
11473	4231	5525	2811	2361293	190895439	2476932	204286306
11474	6889	10262	18062	2361469	190911518	0	0
11475	2961	10463	12712	2361502	190914179	0	0
11476	6032	10129	5762	2362751	191042378	0	0
11477	2474	7390	10887	2362795	191045329	0	0
11478	380	1643	735	2362816	191047368	2512690	207903611
11479	5622	6676	5568	2362827	191048278	0	0
11480	2982	9690	6427	2362978	191065687	2509307	207570799
11481	4153	9789	8177	2363174	191085538	0	0
11482	5317	6573	4762	2363347	191107217	0	0
11483	921	2865	1243	2363374	191110304	0	0
11484	5833	10724	9051	2363617	191143047	3079719	275015938
11485	3766	11310	9711	2363863	191172751	3277908	299510773
11486	931	6643	3289	2364134	191204099	0	0
11487	9872	10553	8930	2364392	191235521	2764267	236433447
11488	8573	9949	11201	2364903	191294199	0	0
11489	7260	9187	18221	2364911	191295024	3061451	272936890
11490	8872	11300	10532	2365042	191314979	2424405	198221020
11491	1444	4431	5868	2365718	191421914	2492869	205845142
11492	3978	5963	14949	2365825	191438196	2937207	256931316
11493	20	3883	1897	2365827	191438463	3748062	360217141
11494	1235	5175	1739	2366546	191540999	3267559	298411837
11495	818	8310	5301	2366593	191546513	0	0
11496	778	8922	2565	2366841	191578334	0	0
11497	8861	10926	15645	2366843	191578392	2862877	248670665
11498	6768	7938	8155	2366980	191601384	0	0
11499	7154	9804	9887	2367533	191680669	3269635	298635554
11500	4692	9091	3263	2367750	191708390	3667509	349554493
11501	4168	7223	9371	2368666	191826629	4193831	417360746
11502	288	7546	1935	2368735	191834278	3782037	364643857
11503	390	10181	9032	2368994	191863046	4455193	451802139
11504	1397	5479	1305	2369056	191870249	0	0
11505	1430	1768	2795	2369334	191901367	0	0
11506	97	3550	848	2369682	191941222	2532362	210114648
11507	1477	11379	5631	2370212	191999281	0	0
11508	353	3532	2490	2370387	192015999	3245659	295705228
11509	363	7762	4341	2370621	192039764	2940211	257345518
11510	170	6754	2625	2370656	192042368	0	0
11511	7708	8120	10663	2370720	192049537	0	0
11512	2690	8095	13248	2370998	192078168	3630125	344801772
11513	4060	8544	3099	2371787	192165695	0	0
11514	2756	9714	16714	2371845	192172085	0	0
11515	6385	9658	15966	2371996	192190560	3207714	290725198
11516	4914	6728	5116	2372145	192211552	0	0
11517	1718	2970	5883	2372615	192271826	0	0
11518	2381	9108	4732	2372680	192279649	2439621	199924129
11519	4980	8505	6790	2372715	192283824	2527989	209568177
11520	8390	8454	4689	2372851	192300855	0	0
11521	562	1017	484	2373004	192322214	0	0
11522	4498	9561	9651	2374009	192447865	0	0
11523	1171	2059	2946	2374359	192489474	4365662	440284638
11524	6737	11019	10562	2374592	192512690	3024401	268132810
11525	1209	8206	5451	2374634	192516978	0	0
11526	7491	9612	11082	2374717	192528956	4102687	405389274
11527	10320	10363	11599	2375001	192565394	2837987	245278584
11528	2153	5620	10791	2375428	192627533	4081738	402843558
11529	6190	11101	6900	2376637	192766932	4098123	404822694
11530	8395	8995	17773	2377123	192816737	3831208	371123843
11531	515	8882	2798	2377237	192831123	2629750	221138396
11532	8541	9250	10147	2377961	192916342	0	0
11533	2860	5784	2669	2378319	192950712	2515778	208204438
11534	5236	6172	8322	2378873	193004972	2469126	203422984
11535	2317	3218	8472	2379143	193030751	3916875	381647441
11536	4949	11130	7786	2379490	193067970	3039785	270067978
11537	66	1523	1353	2379795	193100422	0	0
11538	2664	6711	11487	2380110	193132741	2890817	251450687
11539	1586	3986	2098	2380119	193133611	2868180	249235743
11540	7373	7601	5301	2380305	193152691	3946782	385181458
11541	1926	4903	4734	2380377	193159771	0	0
11542	3892	10257	6320	2380392	193161148	0	0
11543	1012	2259	853	2380973	193226532	0	0
11544	2434	7521	5224	2381320	193264978	3614540	343094444
11545	1181	8211	8493	2381371	193269779	0	0
11546	1832	5780	3775	2381387	193271259	2531340	209981140
11547	4196	6755	8210	2381651	193299942	0	0
11548	4601	7331	10207	2381661	193301009	0	0
11549	8549	10101	8180	2382206	193365732	2523105	209005813
11550	673	6673	1116	2382303	193378649	4101750	405281041
11551	2429	6915	5257	2382866	193439458	0	0
11552	3746	8021	7804	2382868	193439666	0	0
11553	1583	11201	13253	2383068	193462411	0	0
11554	5552	9402	7879	2383124	193469884	3132961	281258936
11555	734	5453	4312	2383396	193503271	2665811	225175761
11556	298	8636	3203	2383480	193513731	2985887	262888724
11557	2095	11245	9112	2383541	193519448	4066399	400972461
11558	4043	7123	3869	2385453	193747070	2456210	201943803
11559	7901	10184	8490	2385873	193786023	2556187	212881684
11560	2443	8040	7900	2385889	193787541	3729625	358021572
11561	2379	8376	3625	2386443	193840696	0	0
11562	6442	9332	13588	2386630	193857248	0	0
11563	2295	7992	10927	2386992	193895696	2780648	238303029
11564	11277	11409	3272	2387044	193901702	3338085	306910680
11565	914	10533	697	2387740	193978490	3216710	291960922
11566	570	4661	2485	2387844	193987405	2816182	242375467
11567	1730	9244	10937	2388317	194031972	0	0
11568	4245	7794	3878	2388609	194061639	2768651	237076776
11569	6957	9178	2786	2388639	194064088	2673735	226095667
11570	5012	6715	12399	2388905	194089354	0	0
11571	6434	6454	5267	2389292	194125849	3105186	278116501
11572	6724	6971	11171	2389433	194139833	0	0
11573	5764	9000	4859	2389599	194159480	0	0
11574	2896	6615	6777	2389904	194190826	0	0
11575	4734	5430	7132	2390018	194202051	0	0
11576	4113	10689	27865	2390314	194233591	0	0
11577	3714	7814	7729	2390661	194275001	0	0
11578	2429	5328	1998	2390851	194297655	2783340	238568373
11579	2272	6712	4276	2391036	194320906	2921530	254984130
11580	7719	10184	7440	2391579	194385168	2414598	197040891
11581	7867	8294	12511	2391724	194400741	0	0
11582	5843	5987	8287	2391790	194408584	2950710	258887224
11583	1014	10448	7010	2392272	194469645	3050358	271438976
11584	2293	4950	7650	2392586	194506856	0	0
11585	2491	3958	2311	2392609	194509430	4143711	410775018
11586	1900	9011	2541	2392701	194522806	0	0
11587	365	7632	1751	2393074	194567361	3450028	321963453
11588	2753	3632	2160	2393116	194572144	2569515	214326908
11589	1006	8914	2615	2393764	194639270	0	0
11590	2446	8591	15293	2393769	194639470	3305870	303032206
11591	4472	11317	11755	2393953	194658118	3018661	267471446
11592	349	10232	11233	2394083	194673496	3047472	271058324
11593	7860	10043	5141	2394711	194756683	2547772	212029283
11594	2394	10218	7610	2395088	194802643	0	0
11595	891	8449	6084	2395173	194812644	0	0
11596	3133	5778	6479	2395272	194825125	2551909	212514568
11597	2019	11330	8881	2395479	194855266	2584060	215886564
11598	1249	4413	2629	2395557	194864759	2485499	205129925
11599	8701	10444	16371	2395807	194901068	3965073	387375921
11600	5437	10232	13499	2396985	195060851	0	0
11601	5775	8775	14868	2398203	195197847	0	0
11602	560	2960	4256	2398218	195199494	0	0
11603	2490	10850	10543	2398400	195221248	0	0
11604	9146	11168	5126	2398500	195234360	0	0
11605	3522	7370	5763	2398633	195251730	0	0
11606	7321	9584	12919	2399006	195300553	2943882	257904863
11607	7319	7566	8698	2399491	195364215	2487799	205407290
11608	1767	8210	3468	2399753	195392068	3590717	340053245
11609	8498	10173	14634	2400186	195443743	3221484	292578272
11610	0	4996	2423	2400800	195511948	0	0
11611	2058	2743	1912	2401211	195556845	3170699	285903362
11612	326	7647	4793	2401357	195570552	0	0
11613	32	3953	1431	2401632	195598775	3538074	333311795
11614	711	9822	3164	2401647	195599508	3918141	381798494
11615	5642	6411	7527	2402176	195649425	0	0
11616	3746	4866	5022	2402486	195676467	0	0
11617	6087	11352	12330	2402517	195678891	0	0
11618	4184	9702	4446	2402721	195700405	3490804	326987123
11619	4378	4458	9178	2403241	195753439	2739517	233801103
11620	4136	5592	10272	2403360	195764581	3003569	265187402
11621	2605	4930	8145	2403580	195786430	3155396	283968797
11622	9177	9849	9883	2404093	195838668	4264748	426163535
11623	3219	6082	5804	2404382	195867635	3269635	298635554
11624	6539	8647	2844	2404515	195882451	0	0
11625	3845	6008	4582	2404526	195883353	0	0
11626	6433	9912	5179	2404532	195884354	0	0
11627	943	1571	667	2405125	195955339	0	0
11628	7092	9035	3765	2405273	195970567	2875172	249930193
11629	2101	11085	9003	2405359	195978500	0	0
11630	8969	9318	5538	2406139	196058414	0	0
11631	3370	4173	3143	2406659	196108359	3508275	329215513
11632	5588	10615	9672	2407154	196152957	0	0
11633	8804	9688	21577	2407167	196154121	3788841	365683838
11634	8153	11388	4488	2407707	196216327	4288548	429795130
11635	26	85	35	2408097	196256230	0	0
11636	7666	9249	7786	2408509	196297237	0	0
11637	5690	6061	5574	2409034	196345951	0	0
11638	2087	10671	14091	2409430	196376940	2548950	212166422
11639	265	9700	10798	2409493	196382541	0	0
11640	308	11434	7495	2409505	196383816	2740958	233944595
11641	556	7623	4896	2410831	196521565	0	0
11642	6787	11124	12768	2411561	196583482	3182324	287365294
11643	2750	9319	6645	2411846	196609828	0	0
11644	2671	9343	5542	2411964	196621356	0	0
11645	4614	10298	20231	2412095	196634574	3949306	385575360
11646	2790	5956	5314	2412135	196639291	0	0
11647	4670	4779	11486	2412234	196652567	0	0
11648	5565	11214	7007	2412427	196677446	3106579	278244027
11649	391	3442	2324	2412484	196685501	3874717	376395840
11650	8371	9900	20366	2412611	196704431	0	0
11651	548	5419	7269	2412679	196714327	2697432	228764953
11652	2361	9389	13202	2412760	196728638	2582425	215699531
11653	7191	10460	12002	2413254	196803902	3795393	366736672
11654	4762	10684	19724	2413415	196830932	2650405	223389980
11655	7547	10860	9808	2413717	196889789	3379305	312212828
11656	9025	11391	7481	2414324	196996880	0	0
11657	1650	11580	8089	2414598	197040891	4180867	415412208
11658	1370	11150	4247	2414690	197054638	3684359	351978477
11659	2691	3732	2313	2414703	197056300	0	0
11660	4251	7074	15022	2414820	197075747	0	0
11661	5111	9491	832	2415030	197112855	3345194	307832596
11662	4125	4892	9855	2415064	197120338	0	0
11663	3130	10247	5822	2415591	197209451	3724605	357501678
11664	618	1217	1206	2416079	197277949	3868355	375610538
11665	2491	6153	5081	2416328	197315854	4010568	393798021
11666	3636	4329	5805	2416441	197336068	2569988	214375856
11667	3018	3951	5380	2416535	197346825	2821820	243003915
11668	4480	5877	3842	2416599	197354583	3240690	295092007
11669	109	838	630	2416636	197359704	0	0
11670	3866	8898	8954	2417077	197423487	3596523	340733017
11671	4607	5935	11493	2417474	197475553	3048686	271216928
11672	2073	4759	2240	2418291	197575153	0	0
11673	2800	5031	3280	2418782	197624226	0	0
11674	6572	9108	5763	2418813	197627065	2871697	249558902
11675	1938	5799	2730	2419021	197649942	0	0
11676	10091	10143	3534	2419048	197652534	2573929	214768016
11677	7484	10283	11764	2419095	197657436	2559367	213187961
11678	4468	8468	3232	2419376	197688252	3227720	293484063
11679	1054	8296	9635	2419623	197714205	0	0
11680	2093	7791	5523	2419741	197728954	3244511	295585086
11681	3209	5183	13671	2419859	197743876	3052350	271699089
11682	1348	7792	5347	2420309	197801068	2907971	253594538
11683	960	2590	2640	2420504	197824816	3079805	275025838
11684	224	5850	261	2420849	197862001	0	0
11685	6517	6738	10799	2421000	197877256	2494353	206021112
11686	1174	7343	5634	2421205	197900841	2599896	217723460
11687	5293	8264	6536	2421350	197915860	2723705	231822299
11688	5606	6809	14504	2421932	197977773	3007506	265891004
11689	688	2606	595	2422158	198001853	3384536	312877434
11690	2018	7709	5142	2422366	198025549	3132961	281258936
11691	1227	4290	2319	2422709	198061256	3601248	341370194
11692	6522	10286	9666	2422734	198062940	3189124	288396594
11693	770	6028	4263	2423370	198132852	0	0
11694	1243	10287	2639	2424100	198198317	0	0
11695	1126	2354	1635	2424212	198206327	0	0
11696	834	11490	11485	2424405	198221020	0	0
11697	7034	9639	3111	2424610	198242249	2852652	247353931
11698	3332	6435	6619	2425086	198283544	0	0
11699	2156	9649	12631	2425244	198297439	0	0
11700	1820	11164	9271	2425780	198351306	0	0
11701	1052	3222	7036	2426290	198404054	2647398	223029204
11702	4508	7228	15680	2426602	198434049	3173737	286332438
11703	5909	7938	9870	2426693	198443984	0	0
11704	2282	5419	7538	2427312	198511445	3360152	309630058
11705	1362	7339	5726	2427410	198521728	2801721	240396813
11706	68	1112	1764	2427607	198542915	0	0
11707	6	3096	2062	2427652	198548170	0	0
11708	322	8275	6753	2427748	198560286	3655880	348056427
11709	851	3190	3368	2427894	198577165	0	0
11710	3577	7876	8490	2427917	198580176	0	0
11711	9151	11095	19095	2428481	198646672	0	0
11712	2406	8443	4759	2428509	198650250	3137669	281847931
11713	691	7138	1872	2428593	198660815	0	0
11714	1127	2014	2632	2429467	198764696	3583108	339180190
11715	3707	7030	3970	2430153	198837743	2552336	212554669
11716	3757	4365	3327	2430234	198846526	0	0
11717	4277	7354	9392	2430286	198851505	2833729	244688261
11718	6063	6637	4866	2430359	198859280	0	0
11719	2181	2552	4308	2430603	198888244	0	0
11720	3994	9054	6367	2430652	198893306	3123858	280318498
11721	3024	8350	8743	2430835	198912937	0	0
11722	4017	9233	19994	2430895	198920127	2440351	200037415
11723	5418	10266	7923	2431020	198936940	2583973	215875821
11724	8838	10499	11537	2431200	198965134	0	0
11725	172	575	472	2431534	199014319	0	0
11726	1794	6570	3861	2431875	199062179	0	0
11727	5301	9184	7651	2432114	199092696	3135868	281613593
11728	2430	8496	7390	2432610	199157884	0	0
11729	7643	9682	1310	2432822	199184388	3530577	332259819
11730	6749	9817	7189	2433537	199268751	3095694	276950655
11731	4186	9918	6252	2434039	199320017	3966545	387581060
11732	4724	5063	16551	2435582	199452078	3059815	272672585
11733	2446	8785	5036	2435679	199459572	0	0
11734	4677	6726	9967	2435825	199471111	3525016	331561068
11735	8161	10912	14340	2435872	199475324	3713990	356177407
11736	2700	8565	2994	2436170	199510975	3919783	381996585
11737	1159	7595	1284	2436447	199540798	0	0
11738	4585	7763	5339	2436632	199562497	4289099	429886407
11739	4008	10763	7165	2436793	199580260	0	0
11740	1665	10087	2119	2437631	199666561	3270928	298785981
11741	3871	11085	17250	2437675	199670850	0	0
11742	235	6626	5826	2437685	199671674	3844613	372756100
11743	6822	10753	3295	2437811	199686810	0	0
11744	492	7406	13088	2437881	199696883	2823470	243275784
11745	7792	11371	8231	2438936	199820241	2916842	254509947
11746	9528	11016	10327	2438997	199828064	0	0
11747	4809	9190	7879	2439044	199832334	3323931	305197538
11748	6177	8340	16810	2439122	199841423	2724398	231905954
11749	7736	8011	11230	2439205	199854557	3028511	268597704
11750	2412	8480	2658	2439484	199902236	0	0
11751	11041	11518	14064	2439621	199924129	4317201	433463660
11752	1103	5914	4558	2439897	199968531	4081492	402810675
11753	3078	8729	4212	2440095	199999078	0	0
11754	349	722	1132	2440117	200002663	2717731	231131673
11755	39	11064	11806	2440244	200019407	0	0
11756	2315	11722	20769	2440351	200037415	0	0
11757	2957	4880	8399	2440612	200088472	0	0
11758	1228	9431	3388	2441020	200169451	3461864	323354095
11759	9386	10501	11429	2441454	200245613	3261958	297633679
11760	39	1205	187	2441621	200273263	0	0
11761	2401	10827	11039	2442877	200454637	0	0
11762	27	4689	3938	2443251	200500038	3240690	295092007
11763	165	2024	1462	2443417	200518079	0	0
11764	1152	4940	3830	2443524	200530699	2753912	235395690
11765	9	10951	8850	2443922	200580817	2866777	249080707
11766	610	6680	6212	2444200	200613965	0	0
11767	6804	10710	13448	2444211	200615366	0	0
11768	4485	11406	7279	2444298	200627207	2714911	230759139
11769	723	6558	3102	2444824	200695598	0	0
11770	3388	4629	2418	2445543	200784781	0	0
11771	1265	4361	3054	2445999	200830968	0	0
11772	3284	10473	5344	2447111	200933620	0	0
11773	8093	9364	12084	2447622	200970281	2927087	255635144
11774	5397	6157	17002	2447971	200997832	0	0
11775	5211	9090	4688	2448246	201021465	0	0
11776	10544	10566	11804	2448404	201034489	2576960	215090969
11777	4494	5724	7484	2448568	201051263	0	0
11778	2449	6064	4088	2448640	201058319	3366108	310557952
11779	496	10718	4160	2448673	201062210	0	0
11780	11385	11390	12977	2448851	201080487	2796787	239821395
11781	1043	4728	4607	2448895	201085113	0	0
11782	1378	4537	6324	2448921	201089174	2597822	217526422
11783	1246	8377	1167	2449134	201117082	0	0
11784	358	5441	4913	2449494	201165628	0	0
11785	5639	5703	7262	2449810	201203158	3967885	387829796
11786	6351	9683	7769	2449973	201223623	0	0
11787	6354	10721	20109	2450754	201318311	3457868	322780118
11788	2277	5181	5980	2451049	201354885	2587397	216264997
11789	3637	5353	5605	2452174	201484299	3955614	386365648
11790	422	5669	2248	2452179	201484792	2538191	210860380
11791	4390	5454	2546	2452635	201527921	2968782	261000585
11792	1577	10006	7435	2452722	201537306	4118300	407587957
11793	600	4812	2494	2452829	201547548	0	0
11794	3393	7740	11029	2453001	201567842	2715212	230791602
11795	1422	4704	1984	2453422	201612315	3102679	277873816
11796	268	3296	2763	2453544	201624925	3679021	351159259
11797	8248	8667	17057	2453675	201638749	0	0
11798	2737	7137	10354	2453820	201653453	2591538	216796697
11799	2119	11228	12448	2454084	201681553	0	0
11800	899	4693	6301	2454402	201723924	2903367	253002320
11801	2945	5897	3200	2454629	201752611	3388477	313450828
11802	7009	7254	5636	2455183	201818332	3366860	310667417
11803	696	10208	11067	2455226	201823154	0	0
11804	319	10062	5345	2455580	201869260	2821059	242897778
11805	11348	11558	10334	2456210	201943803	0	0
11806	1683	6267	2419	2457235	202057594	0	0
11807	6770	9731	9682	2457523	202087160	0	0
11808	4727	10372	5549	2457897	202126257	0	0
11809	9505	11447	7749	2458484	202180794	0	0
11810	3768	8568	12155	2458812	202211452	0	0
11811	4613	6723	13166	2458814	202211465	0	0
11812	6016	8763	10079	2458875	202218028	2677587	226571022
11813	612	4212	2277	2458885	202218727	3712292	355927992
11814	4149	8365	10787	2458889	202219055	4128318	408838032
11815	181	2331	584	2459067	202240210	3106705	278257356
11816	7431	10398	14111	2461438	202489589	2676237	226381229
11817	2905	11317	10406	2462260	202558864	0	0
11818	6878	9208	7692	2462295	202561368	2603082	218038089
11819	898	8718	6560	2462387	202570201	0	0
11820	84	8585	5607	2462503	202583344	2899237	252567304
11821	4325	7390	13684	2462523	202585210	3242268	295293523
11822	8283	9515	11354	2462714	202607625	2634501	221639479
11823	2390	10349	12205	2462873	202626599	0	0
11824	4636	9610	8674	2463219	202668469	0	0
11825	5702	8413	10281	2463266	202673892	0	0
11826	5081	6348	3772	2463757	202744398	0	0
11827	117	8256	4815	2463950	202772480	3469542	324402077
11828	8868	10645	7492	2464062	202786363	0	0
11829	5516	5947	3087	2464099	202792029	0	0
11830	546	8189	8890	2464127	202796163	2893369	251764713
11831	950	8553	9178	2464736	202888072	3786397	365291137
11832	1498	6806	10883	2464986	202923241	3869261	375749588
11833	1238	7465	6327	2465047	202931373	2542500	211349737
11834	3835	6134	4667	2465881	203041115	0	0
11835	4556	7967	4371	2466389	203096500	3198241	289560664
11836	1334	1541	1724	2466980	203160194	0	0
11837	3276	7066	6546	2467034	203165578	0	0
11838	10151	10487	17302	2467213	203182260	3980411	389636484
11839	4365	9161	5804	2467242	203185187	0	0
11840	575	10536	6281	2467372	203200509	2701028	229189755
11841	6916	6998	8838	2467543	203224269	4419786	447367446
11842	5060	5896	8059	2467626	203237485	2597764	217520911
11843	4068	6089	4609	2468002	203294543	0	0
11844	268	2283	713	2468611	203371165	2557713	213026071
11845	5579	6755	7691	2468884	203398896	0	0
11846	1206	3325	2358	2469068	203417481	3456119	322578189
11847	6335	11534	16085	2469126	203422984	0	0
11848	2240	8339	3192	2470151	203540929	0	0
11849	7809	10567	12776	2470441	203570752	2589075	216486537
11850	3882	7733	6093	2470659	203595245	0	0
11851	1512	8588	3394	2470893	203619927	3362320	309968155
11852	952	1476	2087	2471041	203634164	0	0
11853	5361	6759	7477	2471316	203663634	0	0
11854	478	5078	4778	2471486	203683030	3167495	285488499
11855	4481	8020	10017	2471658	203702774	4229674	422039977
11856	3861	4629	4794	2472090	203752908	3176297	286670630
11857	598	8276	9228	2472732	203820185	3116420	279378490
11858	1331	5835	3935	2473208	203865830	3880418	377136242
11859	419	9877	5015	2473228	203869102	3840042	372196075
11860	1671	5189	4257	2473248	203871030	3660016	348602672
11861	4146	9154	8281	2473262	203872717	2546564	211886379
11862	336	8517	3611	2473406	203892412	0	0
11863	6305	6693	7376	2473634	203915536	2608844	218632725
11864	6817	9277	12761	2473683	203921266	3336474	306730949
11865	2215	6179	2080	2474033	203965115	2638596	222078167
11866	8500	10702	10801	2474042	203966065	2701728	229274011
11867	301	6598	2925	2474225	203986850	0	0
11868	56	4123	4374	2474726	204051351	0	0
11869	680	2129	1226	2475040	204091103	0	0
11870	2435	5544	3852	2475535	204142910	4019279	394678300
11871	7440	8114	13106	2475879	204178725	0	0
11872	2825	7254	5444	2476304	204224482	0	0
11873	496	8465	3367	2476360	204231517	2783340	238568373
11874	3243	8631	2565	2476805	204273159	0	0
11875	4386	11473	5518	2476932	204286306	0	0
11876	6043	10924	17089	2477287	204319774	2966022	260660735
11877	1407	7668	765	2477330	204324809	2727859	232350172
11878	5201	6359	5383	2477515	204345420	0	0
11879	5632	10629	13715	2478015	204397658	3079110	274935704
11880	5298	8445	2599	2478258	204424890	0	0
11881	5686	5901	8304	2478323	204431616	3234907	294411634
11882	1773	10303	4142	2478411	204442590	2488135	205444830
11883	2426	5921	8922	2478520	204455787	2746966	234627607
11884	2204	6944	2193	2478735	204484112	0	0
11885	6188	10390	5952	2479113	204530566	0	0
11886	6497	9497	5992	2479482	204572548	2741596	234011938
11887	8718	9177	12716	2479782	204605513	3419426	317801386
11888	830	4182	4009	2480015	204635471	4353019	438460137
11889	3022	8166	5056	2480607	204698234	0	0
11890	94	2212	2339	2480906	204728206	0	0
11891	4961	10808	9283	2481039	204741200	3063390	273228049
11892	2574	2812	3290	2481371	204780742	3998988	392288376
11893	4107	5903	5657	2481873	204829004	0	0
11894	3637	3992	4717	2482239	204860794	3902542	379900241
11895	1427	10527	8306	2482826	204906755	3689240	352843120
11896	546	9261	3001	2483616	204971869	0	0
11897	7351	8105	4786	2483866	204988276	3719125	356909102
11898	3150	5267	4583	2484087	205004658	0	0
11899	7604	9591	6242	2484164	205010672	3338566	306976898
11900	3373	7584	10143	2484971	205076654	2672292	225902053
11901	319	2446	1664	2485094	205086866	0	0
11902	7742	10932	17427	2485216	205096817	2932702	256390972
11903	987	11125	25452	2485342	205109054	0	0
11904	9437	10758	11308	2485458	205124979	0	0
11905	4384	11598	4164	2485499	205129925	0	0
11906	4516	5164	6662	2486165	205224276	0	0
11907	8462	11401	6033	2486296	205240855	4331049	435217316
11908	6505	9543	11109	2487403	205363823	2569413	214317005
11909	7498	11607	11907	2487799	205407290	2950434	258838249
11910	4146	5298	5334	2487850	205412922	2829624	244202822
11911	10786	11882	10386	2488135	205444830	0	0
11912	1549	6871	3720	2489399	205578257	2961858	260249793
11913	8164	8200	11918	2489809	205612947	2805671	240974758
11914	3376	4375	5552	2491901	205765314	0	0
11915	5028	5757	4976	2492065	205774146	0	0
11916	5987	10105	8586	2492122	205778920	4123881	408306483
11917	10924	10958	18623	2492178	205781706	3874717	376395840
11918	3803	9086	16218	2492488	205807223	3944996	384914617
11919	8168	11491	7256	2492869	205845142	3451152	322089287
11920	3127	11178	20529	2493252	205884660	3323027	305061760
11921	3562	7911	13005	2493529	205917336	3010767	266414432
11922	6523	11472	7121	2493948	205969148	4430760	448894992
11923	1779	10815	6047	2494139	205993421	0	0
11924	2473	11685	12579	2494353	206021112	2826612	243744944
11925	10154	10541	11366	2494539	206048726	2917823	254611071
11926	2190	9734	7973	2496391	206270816	3483010	326150618
11927	4160	5854	3991	2496919	206325477	0	0
11928	1932	7875	8699	2496994	206333841	3953193	386108364
11929	6874	8174	8835	2497292	206363929	2723399	231787315
11930	520	7309	13106	2497538	206388535	2752783	235263534
11931	1230	3288	968	2497660	206404411	2555050	212785807
11932	3718	8187	6899	2497919	206434168	2830629	244328642
11933	1652	3686	4009	2498318	206476450	0	0
11934	4566	8641	4475	2498590	206503282	0	0
11935	4725	4861	2619	2498595	206503426	0	0
11936	6843	11416	5256	2498741	206517187	3832634	371315192
11937	519	2976	1589	2498919	206537418	3712941	356028439
11938	609	2209	1461	2498947	206540037	3629069	344687260
11939	1141	4932	3840	2499121	206557487	2718124	231177613
11940	5829	6684	5677	2499491	206595395	0	0
11941	4172	9506	19553	2499679	206608919	0	0
11942	1055	7457	3528	2500700	206724291	3462423	323453884
11943	3875	4425	6632	2500955	206748991	2899090	252547933
11944	3178	8407	3333	2500989	206751693	4249533	424267650
11945	821	7236	1804	2501400	206793032	0	0
11946	3416	8652	3135	2501402	206793037	0	0
11947	2497	3356	2691	2501448	206797742	0	0
11948	3135	10839	17304	2501551	206807221	3813929	369055432
11949	2630	4883	6649	2501561	206808024	3005050	265478782
11950	4389	10425	4829	2502050	206868856	3404945	316059800
11951	4881	5530	7003	2502460	206910286	0	0
11952	3925	10555	11945	2502729	206934393	0	0
11953	143	3159	1673	2503275	206993171	0	0
11954	1607	3450	3930	2503329	206999675	4228237	421834806
11955	373	3883	2180	2503768	207042380	3113257	279017683
11956	896	8691	2875	2504440	207101328	2903826	253060462
11957	937	11102	1082	2504711	207124313	0	0
11958	386	9908	15997	2504739	207125844	0	0
11959	8824	10278	21661	2505001	207149312	3745334	359837077
11960	6839	7284	6991	2505173	207167990	0	0
11961	2537	8243	10041	2505301	207181127	2587397	216264997
11962	5547	7135	8400	2505402	207191994	0	0
11963	2057	3352	4835	2506174	207279490	0	0
11964	2008	11267	7224	2506251	207286256	2807768	241297005
11965	4538	8978	3420	2506839	207347175	0	0
11966	2427	5839	4852	2507053	207368219	0	0
11967	5199	10681	6279	2507545	207413699	2851744	247231997
11968	1772	2252	3870	2508563	207501040	0	0
11969	7475	8708	9821	2508610	207504332	2945331	258121604
11970	4786	10533	1172	2508836	207525958	0	0
11971	762	10028	12507	2509133	207551816	0	0
11972	7394	11209	9888	2509137	207551907	0	0
11973	7631	11480	9023	2509307	207570799	4109455	406538162
11974	1068	5694	4266	2509960	207637721	0	0
11975	713	11137	3372	2510000	207642219	0	0
11976	8351	9181	14173	2510278	207668041	3567936	337192016
11977	2936	3550	3332	2511064	207752742	0	0
11978	3824	6536	9381	2511153	207761411	4284043	429140363
11979	7632	7773	7518	2511817	207827394	0	0
11980	4483	8730	6001	2512405	207878589	0	0
11981	8659	11478	11055	2512690	207903611	2789184	239087407
11982	4903	10661	11792	2512927	207928555	0	0
11983	5153	11269	9583	2513751	208004717	2560912	213370863
11984	1374	3348	3567	2514195	208045945	0	0
11985	1843	5003	3569	2514305	208055776	0	0
11986	1955	10573	8567	2514431	208068138	0	0
11987	3609	8256	5769	2514614	208086945	0	0
11988	668	4355	3525	2514746	208098872	3831208	371123843
11989	7570	8875	9209	2514874	208111810	3496767	327414468
11990	2099	5617	4988	2515023	208125317	0	0
11991	888	10075	7025	2515464	208171470	4144260	410859989
11992	2016	6160	3072	2515593	208183577	3417006	317539907
11993	8836	8877	8934	2515626	208186420	0	0
11994	8788	11533	12579	2515778	208204438	0	0
11995	5921	10551	25341	2515990	208233688	3184049	287592174
11996	3756	5136	4362	2517418	208418970	3457916	322787320
11997	1004	2924	3294	2518059	208483740	0	0
11998	3192	3212	2652	2518092	208488173	3100209	277583867
11999	3303	11059	9665	2518129	208492418	3204250	290273108
12000	3724	4846	7529	2518206	208501091	3400928	315416528
12001	7113	7507	2349	2518481	208533225	3385699	313031973
12002	8432	9483	7041	2518787	208566117	0	0
12003	2943	6049	3703	2518824	208569141	2674036	226133965
12004	4314	9894	4007	2519192	208609191	0	0
12005	3305	4241	9401	2519195	208609418	0	0
12006	2504	10503	3248	2520527	208746007	0	0
12007	55	8324	7267	2520874	208776193	2964467	260500855
12008	8314	10812	22941	2521221	208809836	4059782	400060878
12009	5140	5509	6337	2521397	208826402	2611135	218878581
12010	3382	4044	3070	2521516	208840198	0	0
12011	4870	8588	7666	2521519	208840353	2651650	223570975
12012	2007	7562	1696	2521636	208853453	0	0
12013	782	3650	5313	2522191	208918252	4439498	449911005
12014	6733	10109	7968	2522667	208966617	0	0
12015	1917	4125	3735	2522960	208992745	3135194	281522704
12016	6944	11549	9409	2523105	209005813	2849400	246887434
12017	2027	9437	4536	2523279	209026238	0	0
12018	8498	9804	11337	2523334	209032805	3805485	368087072
12019	3187	6443	9990	2523489	209051937	0	0
12020	1399	2715	1489	2523748	209082847	0	0
12021	9109	9156	19308	2523836	209092002	3829037	370891829
12022	5145	10441	10608	2524225	209146368	0	0
12023	5269	8084	12553	2524703	209209130	3535260	332876864
12024	2720	9081	9231	2526339	209399477	0	0
12025	6166	7430	14688	2526683	209435196	0	0
12026	3989	5364	10136	2526769	209444858	2862877	248670665
12027	2594	5138	5677	2527390	209508892	2985812	262878413
12028	3122	5040	6501	2527611	209531288	3082089	275396015
12029	474	9716	7298	2527788	209548073	4214022	420153089
12030	2914	11519	11200	2527989	209568177	2810613	241744157
12031	817	9062	9998	2528139	209584287	0	0
12032	5521	11384	27858	2529140	209695846	0	0
12033	2107	9882	6850	2529235	209708071	3580874	338871615
12034	5942	10701	6728	2529240	209708485	0	0
12035	5837	8627	23381	2530289	209843445	0	0
12036	2403	2714	2779	2530673	209900120	2676237	226381229
12037	10230	11546	6928	2531340	209981140	0	0
12038	6632	6927	7278	2531509	210002890	2923580	255218337
12039	7688	11344	13771	2531683	210026404	0	0
12040	3565	6198	2794	2532051	210075600	0	0
12041	5102	5404	5918	2532160	210088196	0	0
12042	177	2112	2006	2532320	210108975	4100597	405147583
12043	361	11506	1013	2532362	210114648	0	0
12044	4456	9456	9697	2532493	210129046	3758446	361513720
12045	2582	5443	6829	2532897	210184342	0	0
12046	2570	9622	10461	2532969	210194237	3945586	384988774
12047	7090	8251	15504	2533863	210313811	4296676	430871250
12048	4241	9304	12721	2533868	210314203	3687168	352492232
12049	7250	11096	10879	2534153	210349256	0	0
12050	3906	10020	10699	2534458	210393990	2880233	250472635
12051	5785	6964	6699	2534825	210453572	3537854	333273670
12052	5355	8651	8425	2535050	210487636	3799167	367312436
12053	481	4532	1822	2535312	210527501	3028789	268651089
12054	263	6805	3494	2535655	210576913	3443465	320985684
12055	8076	10380	12889	2535910	210610392	0	0
12056	715	903	384	2536891	210728941	0	0
12057	3153	4150	8902	2537671	210809395	2767048	236834935
12058	1490	9677	8960	2537803	210821381	2787503	238930481
12059	4777	5237	5536	2537967	210837390	3204250	290273108
12060	1401	1534	1311	2538113	210853708	0	0
12061	4184	11790	3319	2538191	210860380	3704568	354949580
12062	964	10915	16423	2538357	210876901	2990581	263469987
12063	1746	6259	3361	2538649	210910229	2962615	260320210
12064	1603	3459	4860	2539075	210959362	4128670	408887065
12065	4343	8542	6432	2539657	211017295	3531678	332390087
12066	2086	2286	4434	2539704	211023852	2715886	230868338
12067	337	11458	16649	2539934	211047858	0	0
12068	1714	10611	12835	2540339	211095363	2764598	236480989
12069	5027	5907	4196	2540659	211135827	0	0
12070	3568	5617	7369	2540677	211137085	0	0
12071	3832	10172	5904	2541241	211204963	2616340	219443807
12072	4670	5655	9236	2541423	211224587	3384536	312877434
12073	5770	7968	15307	2542209	211313749	0	0
12074	345	8012	2100	2542222	211314946	0	0
12075	2037	6119	11156	2542309	211324448	0	0
12076	5666	8103	9525	2542395	211334870	0	0
12077	6445	11833	11565	2542500	211349737	0	0
12078	7971	9672	5070	2542502	211349756	2677841	226609335
12079	5389	7292	3990	2542861	211402120	4100154	405092367
12080	9102	9423	15262	2543414	211479060	0	0
12081	1552	8657	13291	2543632	211504859	0	0
12082	9701	10478	20740	2543821	211531830	3928357	382914980
12083	3033	4643	970	2543954	211557281	3050574	271458482
12084	1336	6757	3289	2546468	211877644	3503389	328299698
12085	7330	11861	14871	2546564	211886379	0	0
12086	6716	6895	4470	2546920	211922187	0	0
12087	2492	2601	1726	2546966	211926967	2891581	251541273
12088	1377	11097	5798	2546996	211928898	0	0
12089	7210	7378	13754	2547048	211934455	3722790	357311032
12090	5339	5730	9077	2547051	211934502	2621373	220046025
12091	3446	7176	7831	2547080	211938647	0	0
12092	9022	10070	8803	2547535	211996795	0	0
12093	3422	11593	6105	2547772	212029283	0	0
12094	3514	9152	5017	2548697	212138410	3266710	298305131
12095	721	5078	4766	2548764	212146102	0	0
12096	7220	11467	8850	2548888	212160906	2678245	226670224
12097	484	11638	14509	2548950	212166422	2878698	250294569
12098	2492	2851	1530	2549625	212252538	3713990	356177407
12099	1427	9150	4967	2550063	212306581	3280304	299801229
12100	5151	5243	8936	2550157	212318796	0	0
12101	5300	7838	10159	2550301	212335147	3399362	315139237
12102	874	9228	7276	2550344	212340375	0	0
12103	3914	5812	7040	2550858	212404405	0	0
12104	457	2318	1271	2551176	212441297	0	0
12105	266	11596	6656	2551909	212514568	0	0
12106	9159	11715	9464	2552336	212554669	2721233	231528941
12107	4874	7382	6717	2552520	212572586	4130667	409171897
12108	627	2744	2913	2553761	212690711	4104181	405618655
12109	429	4705	1430	2554201	212723334	0	0
12110	1165	6677	3203	2554388	212736786	0	0
12111	8487	10517	8460	2554655	212755964	0	0
12112	845	7041	2163	2554830	212769522	0	0
12113	1273	11931	1869	2555050	212785807	2912939	254146809
12114	3821	7885	8585	2555077	212787907	0	0
12115	643	9386	4239	2555142	212793453	2719257	231319866
12116	3266	6299	7241	2555671	212835659	0	0
12117	68	5288	7541	2555705	212838272	2757732	235754897
12118	4838	6391	4121	2556150	212878594	0	0
12119	1403	11559	10831	2556187	212881684	3752866	360843977
12120	5162	8633	10912	2556243	212887234	0	0
12121	4011	8447	4581	2556646	212928389	0	0
12122	3171	5624	4714	2557224	212983591	3616774	343411417
12123	9313	11844	2183	2557713	213026071	3737123	358845784
12124	5395	6225	10940	2558295	213074260	0	0
12125	1403	7451	5542	2558408	213083990	2697432	228764953
12126	2740	7405	6306	2558488	213091726	0	0
12127	4168	8058	9181	2558619	213104620	4128798	408907258
12128	6601	10245	7530	2558781	213122299	4000716	392533890
12129	4318	10018	11557	2559082	213154627	3331289	306237106
12130	3289	11677	12645	2559367	213187961	0	0
12131	6863	8538	5238	2559747	213239556	0	0
12132	4677	8686	4553	2560205	213293146	2667529	225356597
12133	952	8185	3977	2560304	213303542	3021996	267852099
12134	2353	5924	5430	2560581	213334808	2831608	244438876
12135	5531	5641	12854	2560732	213351938	2927089	255635180
12136	9132	11983	17190	2560912	213370863	0	0
12137	283	8815	2567	2561250	213415713	0	0
12138	2699	11186	11140	2562215	213532932	0	0
12139	1751	10625	3346	2562243	213536284	0	0
12140	1396	9217	7670	2562373	213548077	0	0
12141	8774	10086	21450	2562585	213575654	0	0
12142	4484	6255	6667	2562977	213631294	2878991	250331059
12143	4232	5585	2907	2563669	213719208	3263796	297892521
12144	2220	4669	7169	2563866	213739059	3523751	331426770
12145	5264	8134	4206	2563985	213752315	2592924	216966908
12146	10079	10083	18074	2564534	213816048	3221108	292515685
12147	1751	3428	3116	2564638	213828651	3508959	329338752
12148	1406	8604	4714	2564793	213849097	2676521	226419398
12149	4936	9689	11271	2565287	213903770	3966328	387548946
12150	7847	10828	8227	2565646	213951577	0	0
12151	2427	4077	2747	2567354	214129982	4017387	394492323
12152	5351	10707	8408	2567526	214144991	2765978	236684593
12153	7308	8370	12843	2568316	214217275	0	0
12154	1321	3301	3453	2568443	214228168	0	0
12155	377	6615	4635	2568794	214259988	2857445	248012612
12156	719	8148	6914	2568892	214269056	0	0
12157	6228	11908	13713	2569413	214317005	2645704	222839737
12158	6970	11588	4391	2569515	214326908	0	0
12159	10984	11666	14593	2569988	214375856	3249695	296199458
12160	5889	8477	5952	2569997	214376570	2657914	224358487
12161	2735	9001	11674	2570226	214403225	0	0
12162	3861	8440	8436	2570773	214465479	0	0
12163	4191	6824	8425	2571074	214497594	0	0
12164	5337	7007	6364	2571634	214555405	3529877	332171291
12165	917	6809	12745	2572676	214654929	2665428	225131248
12166	3725	7728	12090	2573326	214712102	0	0
12167	5694	9961	11015	2573667	214743683	3510467	329604177
12168	2482	6270	5238	2573908	214766356	0	0
12169	10812	11676	23659	2573929	214768016	0	0
12170	2356	6443	10286	2574311	214812172	0	0
12171	2972	6830	10977	2574417	214824601	0	0
12172	1119	7913	1849	2574704	214856001	2893296	251756023
12173	7482	9695	7446	2575654	214959997	0	0
12174	2585	3976	5142	2576136	215007158	0	0
12175	925	6609	5553	2576285	215018871	3205279	290411087
12176	6631	7781	15707	2576479	215037445	2653690	223823242
12177	2877	8423	5587	2576623	215051428	0	0
12178	255	11776	11976	2576960	215090969	4145908	411125459
12179	175	10786	6498	2577190	215121133	0	0
12180	5298	8717	6711	2577754	215184447	0	0
12181	2811	4641	8308	2577810	215190550	0	0
12182	1382	6739	8337	2577844	215194350	2742731	234129602
12183	4442	5671	6307	2577853	215195818	2789978	239167788
12184	2064	7142	5368	2578371	215260228	0	0
12185	8741	11061	9691	2578707	215296697	0	0
12186	6512	9676	10848	2578976	215329766	0	0
12187	1999	6088	3848	2579107	215345107	3516992	330613533
12188	567	3722	1740	2580049	215456109	3042951	270476638
12189	3336	9841	5205	2580545	215506476	3531041	332317024
12190	1556	2903	882	2580698	215522589	2586628	216187666
12191	2884	6037	9072	2581114	215559803	0	0
12192	2260	9264	8194	2581482	215593942	0	0
12193	5936	9384	4656	2581624	215607640	2823080	243208379
12194	4926	5832	16016	2581706	215615335	3646373	346797846
12195	4153	6798	4675	2581732	215618305	2589868	216595652
12196	2971	3846	4241	2581909	215639500	0	0
12197	9620	11652	18231	2582425	215699531	0	0
12198	244	3457	1683	2582481	215706291	3681676	351558920
12199	307	9020	3670	2582494	215707997	0	0
12200	5131	7877	5886	2582633	215723919	0	0
12201	6951	11723	11856	2583973	215875821	0	0
12202	9060	11597	15811	2584060	215886564	0	0
12203	3631	8498	7891	2584181	215902899	4355301	438784229
12204	1333	11445	5616	2584189	215904684	3579825	338721040
12205	3414	4583	5705	2585302	216042878	2935942	256775605
12206	2348	10161	7258	2585452	216059488	0	0
12207	6244	6979	9726	2586119	216134164	2902945	252961457
12208	3727	8447	5200	2586134	216135699	2821186	242913860
12209	214	634	610	2586490	216173400	2747893	234742340
12210	1043	9402	5127	2586569	216182126	3260537	297477644
12211	2552	12190	1846	2586628	216187666	3520718	331089223
12212	4111	9176	3585	2586924	216217497	0	0
12213	1055	5990	3112	2587025	216227108	0	0
12214	9960	10605	5415	2587313	216256167	0	0
12215	8240	9051	4630	2587381	216263358	0	0
12216	11788	11961	16021	2587397	216264997	0	0
12217	8358	9121	23895	2587537	216283642	2653690	223823242
12218	643	1433	1282	2587722	216307474	0	0
12219	3441	9161	6572	2588226	216377774	0	0
12220	314	2489	5570	2588465	216408700	3404164	315951275
12221	2013	9490	5017	2588819	216454192	3042141	270370661
12222	3820	11849	13211	2589075	216486537	2849234	246868745
12223	1838	10749	2896	2589208	216506785	0	0
12224	7336	12195	5340	2589868	216595652	4239175	423253483
12225	476	3349	1160	2589900	216599174	3278438	299571584
12226	7208	7663	11161	2590032	216613377	0	0
12227	3152	6713	6426	2590146	216628607	3475853	325175899
12228	9483	11456	4381	2590845	216707516	3612523	342839036
12229	2973	5350	5717	2590848	216707624	4296507	430848753
12230	5873	8750	9523	2591161	216745355	0	0
12231	1626	11798	10528	2591538	216796697	0	0
12232	1082	1829	1797	2591796	216830688	0	0
12233	6359	10513	15507	2592370	216897271	3754975	361073883
12234	3496	9562	8876	2592898	216963321	0	0
12235	2703	12145	6904	2592924	216966908	3496810	327420043
12236	2088	5614	17429	2593053	216983146	3079805	275025838
12237	3383	9563	10600	2593294	217017764	0	0
12238	6393	10959	14962	2593482	217046197	0	0
12239	638	10743	4660	2595205	217275329	2934544	256606783
12240	3625	7517	7829	2595460	217304070	3571191	337567177
12241	1420	3951	2014	2595502	217309346	3047494	271061773
12242	3992	4965	5637	2596259	217388415	0	0
12243	360	11135	3112	2596890	217445667	0	0
12244	4004	11420	8413	2596917	217447764	4333789	435629315
12245	2363	3563	2596	2597267	217479592	0	0
12246	10442	11842	14696	2597764	217520911	0	0
12247	2181	11782	9668	2597822	217526422	2914278	254269377
12248	11289	11439	8623	2598679	217613776	2970867	261266667
12249	1922	6539	2536	2599315	217671447	0	0
12250	1359	5692	959	2599341	217674915	0	0
12251	8418	11686	9708	2599896	217723460	0	0
12252	2275	7938	5182	2600392	217767158	0	0
12253	8436	10140	10275	2600938	217813974	0	0
12254	9	5840	3100	2601107	217828064	2676024	226359883
12255	1553	5442	1197	2601289	217842939	2636375	221846057
12256	1350	2804	2024	2601505	217861768	2729900	232577285
12257	4148	8666	14004	2601543	217865668	2808738	241462630
12258	7698	9391	19391	2601610	217873190	4367333	440540393
12259	3789	3867	4248	2602085	217927287	0	0
12260	1219	6780	14624	2602375	217957362	0	0
12261	466	4680	5772	2602662	217993341	3100209	277583867
12262	3767	11818	8051	2603082	218038089	0	0
12263	3396	9964	11725	2603176	218049354	0	0
12264	4268	9927	9440	2604094	218158729	3288087	300826398
12265	1246	1574	4254	2604883	218238302	0	0
12266	181	6245	6818	2605002	218251089	3424381	318393220
12267	6536	11490	16683	2605029	218254557	2889688	251348922
12268	1681	7245	9871	2605429	218301739	0	0
12269	3749	4051	2833	2606589	218421288	3525167	331576763
12270	2417	9889	6542	2606737	218434523	3703273	354774972
12271	5198	5730	6040	2607433	218490155	0	0
12272	920	9615	10336	2607476	218493683	0	0
12273	5247	10686	22409	2607811	218523843	4083084	403016988
12274	330	2849	2451	2608546	218600752	2957228	259779931
12275	1139	8563	9281	2608652	218612726	3076332	274540450
12276	1237	11863	8471	2608844	218632725	2841237	245734281
12277	67	8943	7996	2608919	218643507	0	0
12278	2935	7514	5988	2608959	218649132	3514901	330341877
12279	4340	10109	8054	2609241	218684772	0	0
12280	393	2809	1138	2609985	218768737	0	0
12281	264	7219	6014	2610244	218793556	2688107	227704048
12282	3936	5811	2050	2610732	218841604	3027539	268469359
12283	7302	10311	28333	2611104	218875150	0	0
12284	4346	12009	7492	2611135	218878581	0	0
12285	2333	4462	10424	2611206	218886700	0	0
12286	5525	8144	10346	2611303	218902648	0	0
12287	7540	8039	3749	2612445	219058438	0	0
12288	2995	9738	10614	2614087	219223647	0	0
12289	636	7846	4065	2614384	219250160	3427895	318798999
12290	2490	5176	4835	2614466	219257831	2795466	239706592
12291	625	1540	900	2614977	219301311	3148301	283238777
12292	1007	7111	5983	2615238	219322712	0	0
12293	1937	10740	18170	2615375	219334281	2660192	224608103
12294	63	5613	2760	2615556	219351436	0	0
12295	5986	9013	15551	2615718	219368136	3533932	332687333
12296	3881	12071	6763	2616340	219443807	0	0
12297	5168	11287	17137	2616377	219448861	0	0
12298	2863	7786	5228	2616799	219504361	0	0
12299	1063	11415	8329	2616888	219515723	2786197	238798679
12300	1187	8948	7083	2617495	219597041	0	0
12301	7546	11119	7140	2617845	219638637	0	0
12302	853	2416	2831	2617853	219639251	0	0
12303	1179	10923	5890	2617868	219640574	3766377	362506449
12304	872	10652	3558	2619113	219798960	0	0
12305	1895	9103	1841	2619142	219801210	3254463	296748475
12306	224	5481	11643	2619466	219835610	3330091	306106707
12307	5700	7861	11368	2619791	219871057	4346473	437609669
12308	840	3026	1971	2619930	219885470	0	0
12309	1158	4172	1982	2620138	219909226	4256891	425118694
12310	6278	7220	5596	2620398	219941137	0	0
12311	8653	9231	11155	2620765	219980388	0	0
12312	1443	8396	5006	2621368	220045444	3850220	373386106
12313	3329	12090	13032	2621373	220046025	3360152	309630058
12314	7102	8874	9457	2621420	220051265	0	0
12315	3258	8345	8173	2622205	220145078	0	0
12316	1555	5547	4153	2622561	220184435	0	0
12317	3924	9896	5926	2623198	220247561	3292155	301397187
12318	3924	10900	8663	2623198	220247561	0	0
12319	9896	10900	14047	2623198	220247561	2630847	221258870
12320	5031	9951	9469	2623344	220265066	0	0
12321	9595	9675	9284	2623672	220307483	4148657	411558335
12322	6462	6661	18784	2623837	220330228	0	0
12323	1046	5883	3012	2624066	220366937	0	0
12324	9940	10284	9798	2624282	220402740	0	0
12325	6229	7824	9618	2624572	220445562	0	0
12326	5352	6827	4929	2624834	220482274	3620926	343858901
12327	7075	8043	7869	2625471	220572229	2685493	227456340
12328	2096	10088	6055	2626313	220682099	0	0
12329	2139	5324	4001	2626318	220682636	0	0
12330	3312	8300	10433	2626614	220718029	3994710	391757774
12331	4561	4574	4047	2626712	220729282	3124042	280337933
12332	226	4546	4069	2626832	220744600	0	0
12333	1865	3440	2935	2626976	220759753	0	0
12334	5486	7213	10255	2627371	220806774	3012915	266716384
12335	4092	9688	21611	2627376	220807242	0	0
12336	4030	10187	11249	2627586	220840607	0	0
12337	3749	6013	4407	2628213	220934954	3505056	328567758
12338	3120	6730	6348	2628217	220935284	0	0
12339	199	9419	9425	2628697	221000719	0	0
12340	7006	10258	7541	2629393	221091982	0	0
12341	5091	5335	5910	2629625	221123045	2715653	230841287
12342	5087	11531	4188	2629750	221138396	0	0
12343	1038	4824	796	2629892	221153359	0	0
12344	8774	10516	20339	2630663	221235081	4304917	432032012
12345	1402	12319	15820	2630847	221258870	4353019	438460137
12346	7231	8195	5420	2631217	221307400	0	0
12347	2741	8791	10598	2632114	221411897	0	0
12348	2822	6243	3168	2632806	221489133	3808251	368435871
12349	17	10942	9284	2633496	221550573	0	0
12350	1589	3832	4649	2634160	221610496	3856242	374067526
12351	1958	6424	2337	2634183	221612488	4024288	395238579
12352	3768	11822	15864	2634501	221639479	0	0
12353	4546	5055	4449	2634579	221647395	2714920	230760063
12354	4793	6586	4683	2634680	221658061	0	0
12355	6635	7374	12833	2634889	221681094	3335554	306649946
12356	9365	9550	3906	2635071	221702232	0	0
12357	4361	6896	3724	2635277	221725131	2906761	253425805
12358	981	6111	4040	2635818	221784035	4120622	407895348
12359	4535	9884	13399	2635849	221787536	0	0
12360	1475	3442	2484	2636194	221829006	0	0
12361	5781	12255	6926	2636375	221846057	2667426	225344216
12362	257	9060	7008	2636392	221848138	4121959	408058678
12363	903	7606	5371	2636896	221904183	0	0
12364	4753	8779	5071	2637012	221917993	0	0
12365	3182	4706	3696	2637385	221957143	4083084	403016988
12366	2562	7557	8639	2637693	221987343	3304088	302762095
12367	2044	11205	6754	2638212	222038670	3829264	370915916
12368	1106	11865	3055	2638596	222078167	0	0
12369	2283	9026	20219	2638828	222101361	0	0
12370	9456	10270	5180	2639839	222217350	4313142	432979626
12371	9719	10946	12603	2640132	222246491	0	0
12372	8309	9076	1595	2640660	222302531	3360010	309610214
12373	8434	11350	6401	2640852	222322339	3980448	389641875
12374	894	10890	14732	2640985	222335960	2990417	263449321
12375	5836	6894	7100	2641809	222430840	3394606	314255708
12376	4879	4966	7235	2642036	222453010	0	0
12377	1982	8726	4780	2642576	222504037	3398088	314917167
12378	512	10710	11413	2642942	222538599	2894960	251952258
12379	2932	8128	5575	2643107	222554433	3013870	266844065
12380	2393	11084	7253	2643262	222571211	0	0
12381	2451	5741	3452	2643756	222622113	0	0
12382	8746	9819	18475	2644245	222667929	0	0
12383	8481	8745	19305	2644401	222684139	0	0
12384	410	996	786	2644671	222719424	2920438	254865293
12385	2431	4664	3570	2644821	222737935	0	0
12386	6640	9307	5744	2645198	222784338	3140449	282218537
12387	3071	4177	1811	2645471	222816097	2825520	243602412
12388	833	12157	14009	2645704	222839737	0	0
12389	1503	9104	4656	2646427	222923264	2838995	245411249
12390	2920	8527	8047	2646443	222925129	4058619	399918587
12391	5095	5686	7911	2646781	222966469	0	0
12392	9281	11701	9995	2647398	223029204	0	0
12393	463	650	1271	2647868	223080315	3432800	319402411
12394	1508	5659	7323	2648150	223108419	3709795	355589577
12395	2994	5205	3298	2648280	223120466	3719823	356994530
12396	3077	3629	5604	2648336	223126251	0	0
12397	7721	9252	14716	2648346	223126784	0	0
12398	3083	6273	4813	2648465	223138641	0	0
12399	2256	7268	11132	2648619	223156981	4191494	416885665
12400	6023	8061	10669	2648621	223157239	0	0
12401	5504	9693	2044	2648937	223200353	0	0
12402	5025	6902	8162	2648952	223202551	0	0
12403	513	2632	2917	2649033	223212392	2946302	258258949
12404	3872	6384	9074	2649064	223217614	3214340	291578801
12405	7229	11094	14633	2650132	223354008	3026809	268388383
12406	8901	11654	21817	2650405	223389980	0	0
12407	1602	5100	9205	2651098	223494535	4175703	414826845
12408	727	12011	7917	2651650	223570975	0	0
12409	3062	6965	5578	2651854	223597193	3143374	282653155
12410	1096	6966	1463	2651892	223602624	3128206	280851927
12411	4566	7414	5227	2652716	223708634	3119524	279790541
12412	4698	7927	10668	2652990	223738793	2748325	234799545
12413	5366	10856	6501	2653028	223743233	4245370	423899864
12414	3103	7476	4305	2653632	223815702	3625464	344316148
12415	12176	12217	39602	2653690	223823242	0	0
12416	858	4616	1065	2654565	223960675	0	0
12417	72	7222	2287	2655113	224035801	0	0
12418	2981	8031	6443	2655129	224037489	3288608	300901325
12419	7443	10384	8120	2655822	224124008	0	0
12420	331	5277	2559	2655982	224145616	0	0
12421	2714	5481	12701	2656019	224150222	2798846	240040307
12422	5439	7530	8728	2656848	224244907	4262172	425813355
12423	4749	11386	6378	2657614	224328471	0	0
12424	6706	12160	8858	2657914	224358487	2803378	240630926
12425	2911	7002	9257	2658043	224372872	0	0
12426	5905	8936	3645	2658136	224383114	0	0
12427	6959	7792	9329	2658623	224435806	0	0
12428	1401	2469	2236	2658680	224442595	0	0
12429	5581	10452	3125	2658779	224452564	3133898	281366989
12430	2677	4207	1011	2658843	224459217	0	0
12431	3697	11201	15242	2659212	224501343	3733725	358457613
12432	1613	8187	11461	2659763	224560202	3137669	281847931
12433	6061	12293	22916	2660192	224608103	0	0
12434	3862	5434	809	2660326	224623764	3967885	387829796
12435	2407	5985	5198	2660543	224653236	4256752	425102726
12436	4236	7934	6949	2661176	224730866	2906109	253338353
12437	1386	9991	2253	2662735	224887745	2763357	236321216
12438	1556	9440	3191	2663035	224910966	4317405	433490630
12439	4800	5249	1965	2663386	224938283	0	0
12440	3988	11311	5092	2663492	224946162	0	0
12441	7062	9541	8299	2663647	224958115	0	0
12442	7776	8901	11974	2663720	224964025	2722089	231620935
12443	7979	9650	5922	2663897	224981387	0	0
12444	2057	8295	13628	2664663	225053813	3989184	391008284
12445	7600	9902	9164	2665125	225099473	0	0
12446	5727	12165	21844	2665428	225131248	0	0
12447	3364	11555	7416	2665811	225175761	2827930	243946724
12448	1411	3164	3760	2666916	225292760	0	0
12449	5851	7763	8416	2666956	225296863	3839368	372104132
12450	6307	12361	9746	2667426	225344216	3856853	374131971
12451	981	9259	3428	2667477	225349792	3485360	326439919
12452	865	12132	5058	2667529	225356597	3360807	309719168
12453	104	1792	2101	2667630	225368234	4116968	407418450
12454	4014	4600	4337	2667914	225399880	0	0
12455	8084	9997	16648	2667978	225406760	3896103	378991132
12456	1497	9493	5942	2667993	225408852	2797142	239854755
12457	3583	5539	3602	2668622	225484859	0	0
12458	1960	4527	2318	2669020	225526464	2791706	239331339
12459	2310	10005	6053	2669071	225531279	0	0
12460	8178	8468	10174	2669504	225579422	4393362	444079747
12461	1492	4897	2802	2670040	225638342	3724545	357494611
12462	215	7664	2507	2670092	225643982	0	0
12463	3199	9044	8006	2670256	225658616	0	0
12464	6198	10889	11521	2670410	225672519	0	0
12465	2465	9786	6429	2670660	225700820	0	0
12466	552	9232	10445	2671022	225743515	3158479	284280069
12467	6334	11319	17755	2671318	225773346	0	0
12468	7438	10196	9172	2672001	225861209	2927227	255654040
12469	6557	11900	14244	2672292	225902053	0	0
12470	4673	9880	7835	2672625	225940989	3242268	295293523
12471	8377	11023	16142	2672934	225982996	0	0
12472	3980	6770	10003	2673498	226062880	0	0
12473	5942	11569	6620	2673735	226095667	3859356	374418720
12474	3488	4105	7409	2673999	226128514	0	0
12475	3915	12003	4561	2674036	226133965	0	0
12476	1636	2832	1476	2674485	226189858	0	0
12477	4303	9660	10823	2675684	226324941	0	0
12478	5172	5208	1834	2675876	226344017	0	0
12479	9615	12254	12522	2676024	226359883	0	0
12480	11816	12036	16890	2676237	226381229	2823129	243215694
12481	550	3425	1369	2676414	226405580	2950612	258870905
12482	2453	5017	3697	2676418	226405708	0	0
12483	6697	12148	8169	2676521	226419398	0	0
12484	107	4381	1972	2676659	226439076	3799804	367394005
12485	5227	9474	9009	2676762	226451737	0	0
12486	1451	9887	6433	2676860	226466307	0	0
12487	11245	11812	18227	2677587	226571022	0	0
12488	10002	12078	12359	2677841	226609335	3002453	264995643
12489	8152	10868	20733	2678043	226636447	3966718	387610811
12490	5146	12096	15620	2678245	226670224	3281765	299982996
12491	1600	2482	1316	2680311	226971434	0	0
12492	1113	5246	3226	2680343	226975872	0	0
12493	1582	10412	2510	2680592	227003812	0	0
12494	8898	10682	12601	2680722	227017007	3734173	358504420
12495	973	6601	2025	2680963	227044977	0	0
12496	684	8515	7769	2681293	227080753	3013303	266766220
12497	2001	10249	11705	2681404	227091957	0	0
12498	2200	8321	3200	2681667	227121612	0	0
12499	2640	4075	1080	2681877	227143259	2946479	258287766
12500	1196	7473	4059	2683616	227306774	0	0
12501	7571	11126	9096	2684379	227363503	0	0
12502	1093	9427	12080	2684542	227375170	0	0
12503	1448	12327	8837	2685493	227456340	3633702	345197125
12504	2032	5562	2041	2685737	227477432	0	0
12505	3777	3966	4156	2686050	227504064	4212724	420016435
12506	1236	5865	12203	2686097	227508198	0	0
12507	3503	4706	4929	2686580	227551674	4309585	432556283
12508	1322	8585	6679	2686646	227556954	0	0
12509	6800	7231	4790	2686985	227586077	0	0
12510	3423	5647	4414	2687002	227586864	0	0
12511	1839	10380	6628	2687053	227591489	0	0
12512	5919	6913	14799	2687086	227593874	3614529	343093392
12513	5239	6247	6519	2687360	227624170	0	0
12514	1763	6178	5429	2687576	227647851	3601294	341376598
12515	1589	6532	7170	2687656	227656772	2904050	253090163
12516	1418	2371	2973	2687700	227661956	4238268	423167918
12517	1807	3394	6185	2687929	227684626	0	0
12518	6716	9791	7761	2687938	227686058	3297717	302022985
12519	3591	12281	8231	2688107	227704048	2929879	256083047
12520	1393	4246	3277	2688179	227711547	3957432	386525706
12521	6630	11403	17166	2688546	227755995	4039725	397421765
12522	6312	10943	10588	2689123	227833131	0	0
12523	6800	11444	5908	2689460	227880400	0	0
12524	908	5295	3986	2690319	227980597	2714920	230760063
12525	1921	6798	5128	2690455	227996217	0	0
12526	9093	9765	14469	2691015	228053045	0	0
12527	5914	11114	6745	2691269	228081725	2797393	239883546
12528	6875	9027	3619	2691571	228114205	0	0
12529	7265	9509	13672	2691783	228137580	0	0
12530	4525	9365	5216	2692326	228200062	0	0
12531	789	10637	8909	2692586	228227812	3373344	311552296
12532	2004	7725	6116	2693190	228296683	0	0
12533	1468	10260	2211	2693378	228318083	3615235	343197260
12534	4650	10843	14815	2694152	228392216	0	0
12535	2936	11056	10234	2694174	228394667	2989401	263325746
12536	3295	4153	4031	2694335	228415223	2841237	245734281
12537	8762	9014	8438	2694815	228470700	3289572	301040943
12538	1683	11225	5271	2694852	228474905	0	0
12539	9611	11490	17483	2696163	228607930	0	0
12540	5246	6944	4291	2696510	228640632	0	0
12541	10318	10453	28009	2696659	228657601	3551706	335229186
12542	1490	5188	3026	2696715	228664059	3362064	309931948
12543	4465	7507	4116	2697017	228707080	0	0
12544	11651	12125	12811	2697432	228764953	0	0
12545	8161	8579	9360	2697628	228793073	0	0
12546	4527	7261	8122	2698050	228848063	3824954	370455158
12547	5764	9511	7599	2698768	228940589	0	0
12548	5597	8525	4675	2698879	228951887	3339777	307159104
12549	1780	5262	3031	2699009	228967882	3703907	354860403
12550	1770	1968	2804	2699316	229005356	3645529	346682611
12551	7258	10887	6789	2699594	229038012	2985018	262783131
12552	3652	8584	4077	2700376	229120261	3231906	294097127
12553	2624	9616	4562	2700496	229132686	3141109	282323819
12554	808	2949	2751	2700521	229135842	0	0
12555	2937	4333	6438	2700765	229162242	3077299	274693425
12556	974	11840	6600	2701028	229189755	0	0
12557	8955	10315	17759	2701142	229203008	3287081	300683398
12558	10542	11866	22643	2701728	229274011	2894960	251952258
12559	384	5257	2456	2702082	229319751	0	0
12560	7103	9259	5705	2702766	229406438	0	0
12561	1246	1253	651	2703012	229435073	0	0
12562	3586	9270	13641	2703253	229460386	0	0
12563	4568	6894	6357	2703416	229478840	0	0
12564	5459	8104	10368	2704537	229600789	3300782	302346617
12565	380	11287	10583	2705020	229650356	0	0
12566	2194	6292	9253	2705134	229661365	0	0
12567	779	2931	1531	2705616	229713368	0	0
12568	373	747	779	2705900	229741256	0	0
12569	6227	9632	17692	2706006	229751503	3394148	314182215
12570	375	1083	974	2706012	229752063	3430186	319093925
12571	815	7874	8273	2706084	229759205	3473425	324851627
12572	5127	10569	9100	2706114	229763087	0	0
12573	1105	8755	7661	2706238	229777978	4267876	426659677
12574	10087	10712	7629	2706866	229850294	0	0
12575	1306	11210	17713	2707372	229912991	0	0
12576	7688	9455	12456	2708086	230000484	0	0
12577	3290	5172	3610	2708206	230013482	0	0
12578	1425	2827	1518	2708521	230048509	0	0
12579	6703	6984	11575	2708622	230059263	2747375	234668119
12580	4354	5235	3553	2708790	230078919	3863768	374907393
12581	246	6962	4473	2709389	230145091	0	0
12582	4575	10907	9356	2709905	230196859	2941348	257526468
12583	6399	12281	10132	2710402	230246150	0	0
12584	9816	9968	10390	2710622	230267479	0	0
12585	6691	11237	14056	2710894	230299201	0	0
12586	5105	10762	3045	2711464	230365725	0	0
12587	3326	7510	5577	2712003	230423575	0	0
12588	5720	9596	8442	2712063	230429257	3385382	312985569
12589	5973	7413	4880	2712245	230448179	2873033	249700165
12590	2051	2866	4780	2712321	230457028	0	0
12591	1994	9297	21347	2712419	230468385	0	0
12592	2672	10161	6557	2713097	230557844	3467742	324167796
12593	4656	4662	6717	2713935	230656077	0	0
12594	10875	11768	10105	2714911	230759139	2974359	261697754
12595	12353	12524	8435	2714920	230760063	0	0
12596	1255	11794	11788	2715212	230791602	0	0
12597	5772	12341	8769	2715653	230841287	3691812	353267142
12598	8854	10140	17255	2715828	230860886	0	0
12599	5284	12066	9739	2715886	230868338	0	0
12600	625	10684	11691	2716459	230943798	2957532	259813797
12601	4213	10299	17014	2716586	230959938	3773559	363532367
12602	9720	12281	7681	2716704	230978887	4407002	445760550
12603	409	8517	3749	2717713	231129188	3186320	287977045
12604	4909	11754	2400	2717731	231131673	3056059	272184971
12605	9137	9216	5563	2717975	231161948	0	0
12606	6484	8381	3243	2718058	231171300	0	0
12607	5588	11939	5155	2718124	231177613	0	0
12608	1668	5949	2724	2718545	231232243	0	0
12609	3473	8494	3283	2718610	231240284	4229672	422039798
12610	5134	12115	6906	2719257	231319866	3894696	378828917
12611	11054	11192	9608	2719650	231361395	0	0
12612	884	6799	1179	2719891	231392031	0	0
12613	141	7012	1502	2719964	231400983	3640215	345979726
12614	6031	7182	4926	2720812	231490160	0	0
12615	9499	12106	16718	2721233	231528941	3001069	264799245
12616	9197	10076	16739	2721652	231573939	0	0
12617	545	7449	1713	2721799	231590242	3964769	387333836
12618	566	9501	3776	2721814	231591860	0	0
12619	3621	12442	12510	2722089	231620935	3081189	275236358
12620	8250	8334	13315	2722287	231645058	0	0
12621	658	6372	2927	2722396	231660400	3025235	268220094
12622	5335	11929	10722	2723399	231787315	4081202	402775673
12623	5515	11687	7245	2723705	231822299	3449255	321864886
12624	1728	3636	2315	2723995	231856987	0	0
12625	1836	5019	3793	2724008	231857873	3021745	267821560
12626	8027	10198	9808	2724253	231888511	0	0
12627	512	11748	16872	2724398	231905954	2799462	240111667
12628	1055	5505	2214	2724453	231915797	3509284	329392037
12629	3516	6755	5832	2724797	231966427	3041027	270232353
12630	4773	6427	12607	2725059	231998682	0	0
12631	8893	10256	9039	2725186	232017298	0	0
12632	2116	4057	1058	2726959	232248598	3417886	317635269
12633	5334	8881	17278	2727259	232281735	4193282	417252947
12634	5376	5787	2100	2727351	232294140	3802760	367746760
12635	2346	3579	6613	2727817	232344145	3633839	345212652
12636	2892	11877	2923	2727859	232350172	2923070	255160100
12637	5844	10602	10396	2728292	232398259	2838855	245390230
12638	6707	10896	6806	2728703	232442397	0	0
12639	9341	10290	8049	2728784	232451882	3075865	274467901
12640	132	10595	3122	2729622	232543986	2980549	262346218
12641	10354	10849	12018	2729640	232545181	2802349	240476743
12642	8714	12256	17862	2729900	232577285	0	0
12643	4702	5277	4194	2729928	232581111	0	0
12644	7766	10923	10420	2730010	232590854	3781957	364632672
12645	416	6526	1939	2730254	232624418	3582792	339144571
12646	7372	8965	14107	2730670	232674147	3456534	322614484
12647	8097	10856	16410	2730729	232681317	0	0
12648	6639	8673	9924	2731069	232728574	3672550	350189142
12649	919	10730	4014	2731278	232757781	3245687	295709233
12650	2699	6742	6974	2731944	232846175	0	0
12651	3580	6412	6352	2731951	232846576	2891287	251507460
12652	1576	3644	4480	2732666	232942393	0	0
12653	3449	4073	1581	2732741	232949961	2735578	233306417
12654	5913	9061	7307	2733101	232990077	0	0
12655	2945	11388	3861	2733109	232990743	0	0
12656	2587	5173	9960	2733121	232991467	3083635	275634712
12657	2703	2870	5312	2733274	233009416	2784430	238653548
12658	1397	3622	2020	2733550	233041411	3242038	295263202
12659	339	9507	11703	2733701	233061229	3464741	323787584
12660	5228	10731	6442	2734181	233118680	0	0
12661	4552	9678	17908	2734559	233165051	3194774	289137730
12662	1536	10668	12845	2734744	233188641	3006932	265795561
12663	6395	11128	6630	2734762	233191170	2743239	234186237
12664	2403	12653	3288	2735578	233306417	3224553	293033048
12665	1029	5211	4172	2735798	233334102	0	0
12666	1106	10894	3730	2736116	233371393	0	0
12667	1098	9399	14020	2736371	233400433	0	0
12668	4487	11453	19558	2736494	233419520	3095135	276875235
12669	3631	9805	12980	2737031	233493410	0	0
12670	1968	7008	7304	2737877	233610975	3183554	287515797
12671	115	7351	2634	2738129	233641851	4042259	397731421
12672	6632	10685	9225	2738257	233657351	4142814	410624497
12673	1201	5953	4457	2739400	233788973	0	0
12674	7742	11619	18375	2739517	233801103	2844963	246279885
12675	1545	5085	711	2740586	233907532	0	0
12676	3202	9866	14835	2740792	233926718	3504509	328455977
12677	9990	11640	9480	2740958	233944595	0	0
12678	1937	2339	3825	2740975	233946418	3633723	345199785
12679	991	1370	1877	2741444	233997095	2926276	255535980
12680	283	11886	6138	2741596	234011938	0	0
12681	6354	9918	8899	2741924	234049001	0	0
12682	1940	2344	2065	2742571	234113862	0	0
12683	2766	4884	8169	2742722	234128835	0	0
12684	2075	12182	8815	2742731	234129602	0	0
12685	649	3952	1808	2742900	234149415	0	0
12686	7528	12663	8772	2743239	234186237	4190782	416754613
12687	7552	10133	9275	2743302	234194833	3432800	319402411
12688	4999	6287	14114	2743474	234214642	0	0
12689	180	1037	861	2743543	234223658	3453021	322294411
12690	8839	8890	10041	2743588	234228965	0	0
12691	11052	11153	1908	2743741	234248746	0	0
12692	5150	9475	9985	2743954	234279902	0	0
12693	7240	7984	3569	2744059	234295969	4436163	449460214
12694	3983	11249	7359	2744586	234368977	2782428	238485029
12695	5624	8494	5444	2744782	234395176	0	0
12696	8368	11378	7250	2744999	234423675	2840715	245652763
12697	8520	11883	16635	2746966	234627607	3322227	304964181
12698	8022	9641	19274	2747294	234659055	0	0
12699	6485	12579	20877	2747375	234668119	3201539	289935647
12700	4521	12209	1069	2747893	234742340	2893140	251737865
12701	3698	8806	2465	2747933	234746415	4101283	405227319
12702	2541	9661	5189	2748224	234787698	0	0
12703	498	2651	2170	2748310	234798220	3105186	278116501
12704	165	12412	10692	2748325	234799545	0	0
12705	4676	7429	4449	2748844	234871388	0	0
12706	2336	5852	1931	2749240	234922593	0	0
12707	8652	10062	7325	2749283	234927279	0	0
12708	687	6616	3815	2749590	234965901	3267299	298379051
12709	5211	6694	7689	2750705	235082287	0	0
12710	1254	3267	1305	2751163	235124288	3518880	330838171
12711	7746	9735	3763	2751505	235152327	3134284	281408289
12712	6229	10775	6839	2751769	235173498	2873628	249771436
12713	1414	1470	1650	2751851	235179847	4034936	396772126
12714	5774	7544	11066	2752052	235198917	0	0
12715	829	2398	1535	2752334	235223898	0	0
12716	4746	5261	5803	2752577	235246139	3993023	391555718
12717	433	645	771	2752619	235250659	3481718	325997426
12718	2164	9087	3090	2752763	235262357	4009051	393624188
12719	3307	11930	14153	2752783	235263534	0	0
12720	7826	10816	19337	2753063	235291108	3002545	265009930
12721	4445	6683	7287	2753111	235296691	2996858	264311856
12722	2252	5818	4889	2753286	235318858	3952235	385986676
12723	3347	11764	6323	2753912	235395690	0	0
12724	3994	8104	7371	2755202	235528030	0	0
12725	1419	9578	7524	2755748	235574999	3216179	291872863
12726	4543	6523	5834	2755784	235577168	0	0
12727	4792	5050	2082	2756339	235626192	0	0
12728	2012	3835	5347	2756415	235631848	0	0
12729	5483	9235	9784	2756903	235671093	0	0
12730	4005	8374	14003	2756996	235678621	3344493	307729120
12731	503	5418	7728	2757253	235704568	0	0
12732	251	7169	2863	2757256	235704669	0	0
12733	4123	9762	16096	2757346	235712458	0	0
12734	6605	12117	10451	2757732	235754897	0	0
12735	2886	3811	2812	2758652	235859304	4273088	427427766
12736	2048	10820	2071	2758716	235865968	0	0
12737	5132	9021	6127	2759087	235902581	3256910	297049592
12738	4532	10727	3645	2759253	235917766	0	0
12739	4980	10788	4723	2759662	235954179	0	0
12740	7017	9249	9864	2760221	236002777	0	0
12741	4504	11654	26434	2760293	236009035	3264445	297979861
12742	993	11050	7426	2760962	236081834	0	0
12743	5526	9901	5053	2760976	236083583	0	0
12744	3481	8380	4918	2761341	236124601	4111132	406767960
12745	8281	11112	9070	2762289	236219315	3665991	349371918
12746	2067	4508	7019	2762321	236222652	0	0
12747	10082	12437	6261	2763357	236321216	0	0
12748	2568	3664	6712	2763377	236323116	0	0
12749	3992	9776	17181	2763394	236324541	0	0
12750	8582	9297	22749	2763449	236330959	0	0
12751	4158	9256	4646	2763920	236392187	0	0
12752	9523	10510	4851	2763974	236399613	0	0
12753	1504	11487	10495	2764267	236433447	3344660	307754056
12754	9443	10151	11043	2764309	236437685	3437239	320024126
12755	1571	3258	5337	2764593	236480104	0	0
12756	8926	12068	16174	2764598	236480989	4278499	428297156
12757	7591	11164	10213	2765118	236563367	3786592	365321878
12758	8551	12152	15057	2765978	236684593	3932653	383405600
12759	737	3959	1196	2766665	236781203	0	0
12760	2616	11191	12648	2766669	236781745	0	0
12761	7050	11652	13739	2766774	236794072	4336750	436164924
12762	7868	12057	12065	2767048	236834935	3146024	282954776
12763	2856	3064	7394	2767625	236923569	0	0
12764	9259	11145	5989	2767948	236973512	3030296	268935399
12765	257	11282	13436	2767981	236977563	3702944	354730200
12766	2012	4984	4450	2768554	237063393	3814796	369158247
12767	8973	11568	12320	2768651	237076776	0	0
12768	5198	6775	2352	2768750	237092242	0	0
12769	8097	11367	14606	2768823	237103679	0	0
12770	7402	10376	16174	2768940	237123926	0	0
12771	5757	11090	4946	2769244	237177011	3538084	333312545
12772	1681	4396	2447	2769858	237271619	0	0
12773	4782	8221	8525	2771375	237472146	0	0
12774	722	4281	1434	2772178	237557766	0	0
12775	5027	5349	3478	2772239	237563951	0	0
12776	7097	8995	3112	2772311	237572032	0	0
12777	5690	8856	5675	2772407	237581843	0	0
12778	1371	6335	8187	2774146	237725460	0	0
12779	2757	3259	5477	2774204	237729811	0	0
12780	2264	9097	479	2774343	237739409	0	0
12781	10227	10271	11106	2774391	237742188	0	0
12782	5872	9042	6947	2774675	237770160	2896076	252113964
12783	2298	11046	13413	2774775	237778461	0	0
12784	5468	7901	6883	2775557	237853111	0	0
12785	1038	7817	2333	2775641	237861281	3910992	380849873
12786	7110	8763	10535	2775682	237865690	3907767	380440957
12787	208	8230	4316	2776718	237960898	0	0
12788	6263	9720	5772	2776908	237976820	3956064	386405910
12789	577	12190	971	2777005	237984575	2904752	253174577
12790	3490	3572	3229	2777095	237991847	0	0
12791	618	7233	9995	2777375	238013004	3482509	326083964
12792	8659	10681	13907	2777944	238060257	3595740	340620227
12793	4376	10364	16214	2778592	238113814	2946103	258231689
12794	10312	11768	11214	2778949	238144851	0	0
12795	1708	7773	7997	2779345	238185363	0	0
12796	1290	7041	2360	2779395	238191178	3905042	380168161
12797	7753	8836	7127	2780117	238256088	0	0
12798	250	7219	5952	2780363	238275795	4148743	411571420
12799	4012	7152	5066	2780564	238295183	3808116	368420795
12800	3936	11563	11019	2780648	238303029	2818513	242616668
12801	543	4496	4654	2780867	238325585	0	0
12802	7830	9756	12369	2780992	238338414	0	0
12803	298	2193	2702	2782088	238455823	3378001	312061162
12804	9989	12694	8591	2782428	238485029	0	0
12805	11578	11873	5365	2783340	238568373	0	0
12806	1225	8151	8404	2784080	238624206	3572099	337688136
12807	4772	8810	9398	2784145	238629485	3323250	305090906
12808	10269	12657	6816	2784430	238653548	0	0
12809	369	1863	502	2784801	238687308	0	0
12810	465	3374	1242	2784959	238699264	3526752	331777204
12811	1246	4046	5425	2785597	238746981	3058289	272472194
12812	3821	9968	6855	2785732	238758097	0	0
12813	4716	8796	21648	2786015	238779736	3674342	350402903
12814	2265	12299	9327	2786197	238798679	0	0
12815	6444	10114	11470	2786361	238814444	0	0
12816	2472	10484	1236	2787234	238904801	2883673	250795920
12817	6374	12058	14719	2787503	238930481	3337539	306842148
12818	1655	3424	2148	2787998	238978372	3793947	366517203
12819	2272	7293	4441	2788021	238980935	3634814	345336511
12820	1735	6123	9619	2788738	239049162	3882451	377408175
12821	2206	3608	3655	2788959	239068930	3301426	302416186
12822	305	10949	2421	2789161	239085528	0	0
12823	2935	11981	13121	2789184	239087407	3039785	270067978
12824	2667	2676	3101	2789700	239138789	0	0
12825	4554	7245	9179	2789703	239139078	3934315	383618002
12826	4067	4772	8943	2789904	239160198	3934992	383702769
12827	3743	12183	7789	2789978	239167788	3932352	383363707
12828	1743	6239	3665	2790436	239216103	0	0
12829	1518	6208	5043	2791508	239314945	3578637	338560257
12830	6594	12458	10704	2791706	239331339	0	0
12831	3499	8814	9316	2791902	239350362	3161075	284585331
12832	2635	5853	10363	2791999	239359539	3550923	335127426
12833	2066	8095	4998	2792167	239377841	0	0
12834	6192	8547	16239	2792839	239444682	3874190	376339804
12835	4264	5351	5460	2793767	239541261	0	0
12836	8595	11201	21575	2794157	239577530	3214856	291657361
12837	3835	5353	8821	2794231	239584421	0	0
12838	7308	12290	12422	2795466	239706592	3919428	381951725
12839	1198	5582	4738	2796461	239795659	0	0
12840	9644	11780	15389	2796787	239821395	3963613	387188462
12841	10592	12456	18587	2797142	239854755	2934206	256567191
12842	6939	12527	11404	2797393	239883546	0	0
12843	4389	10303	4373	2797631	239912057	4215915	420354328
12844	9116	12421	19595	2798846	240040307	0	0
12845	1651	9904	5763	2799015	240060482	3618832	343642064
12846	6424	9517	5266	2799123	240072452	3446339	321451133
12847	6846	8848	9806	2799296	240092548	0	0
12848	32	12627	16889	2799462	240111667	2835755	244963470
12849	1456	10386	7615	2800174	240203255	3548843	334873585
12850	1327	6589	3047	2800480	240242569	3366360	310595863
12851	807	8417	7970	2800790	240277518	0	0
12852	5819	5926	8409	2800978	240300627	0	0
12853	1060	11833	7163	2801182	240324629	0	0
12854	5607	11705	9525	2801721	240396813	0	0
12855	1368	5552	4229	2802084	240443945	3402128	315605842
12856	7178	12641	19597	2802349	240476743	0	0
12857	1579	9328	1683	2802812	240544522	3551706	335229186
12858	5332	10941	27549	2802933	240560278	0	0
12859	1278	6867	13976	2803095	240584831	3209585	290985939
12860	4270	12424	10717	2803378	240630926	2840559	245632530
12861	3452	6294	2120	2803714	240689583	3124007	280333322
12862	9002	11360	4160	2804031	240740743	2950434	258838249
12863	323	3509	3324	2804420	240797886	3065830	273555806
12864	5945	7067	8433	2804513	240812782	2812390	241966840
12865	1371	4220	4067	2804669	240837298	0	0
12866	2221	7627	6105	2805657	240973356	2961096	260173379
12867	3463	11913	13673	2805671	240974758	3326975	305723972
12868	768	2732	1349	2805687	240976786	0	0
12869	5226	8301	7760	2805749	240987655	3366860	310667417
12870	2840	4814	5378	2805996	241025207	0	0
12871	1913	2943	2274	2806104	241041912	3142008	282457443
12872	460	8851	13574	2806402	241083012	0	0
12873	713	9308	9935	2806493	241096270	4402472	445197927
12874	2611	7467	4912	2807058	241189670	3378572	312127941
12875	3187	6803	9599	2807318	241224616	3135102	281512138
12876	9555	11332	18024	2807361	241231569	3392580	313977166
12877	175	8985	11133	2807557	241262371	0	0
12878	4524	11964	12966	2807768	241297005	0	0
12879	282	4985	6140	2807848	241310979	4415448	446811152
12880	180	4729	8212	2808076	241351157	4342983	437139150
12881	6021	12257	23834	2808738	241462630	3866606	375295054
12882	1338	5002	9749	2808746	241463773	0	0
12883	4808	7960	2144	2809470	241586825	0	0
12884	10171	12030	13632	2810613	241744157	0	0
12885	638	3843	6201	2810879	241780816	0	0
12886	2789	10822	5861	2811212	241823482	0	0
12887	1920	8667	4982	2811780	241898802	0	0
12888	2333	11165	2942	2812366	241963890	0	0
12889	353	12864	8646	2812390	241966840	3946675	385162302
12890	8815	9965	23073	2813165	242046584	4104100	405604827
12891	8748	9708	8640	2814084	242143464	0	0
12892	5495	11026	10081	2814368	242174004	0	0
12893	8479	9804	11767	2814814	242215267	2842541	245928300
12894	4861	11264	12310	2815006	242233690	4045914	398164807
12895	2500	6266	2728	2815345	242275358	0	0
12896	4053	10895	10144	2815612	242307315	0	0
12897	11566	12078	7555	2816182	242375467	2886894	251089581
12898	10971	10972	15051	2816278	242386761	0	0
12899	4751	6786	11689	2817963	242566226	0	0
12900	2693	3406	2480	2818375	242605011	0	0
12901	566	12800	11558	2818513	242616668	0	0
12902	3626	4679	10329	2818518	242617078	3375755	311797952
12903	5355	7404	10332	2818552	242620465	2866777	249080707
12904	9	826	90	2818774	242647797	0	0
12905	2505	4745	9090	2819707	242749136	0	0
12906	8768	9010	3274	2819993	242777676	4261051	425657122
12907	7931	9462	12129	2820152	242793555	0	0
12908	2873	10238	18391	2820432	242820888	0	0
12909	1585	11804	7138	2821059	242897778	0	0
12910	6532	12208	10779	2821186	242913860	3573779	337942794
12911	1104	9036	2924	2821218	242917141	3522973	331345720
12912	2959	3666	4390	2821346	242932557	0	0
12913	4648	5168	12149	2821462	242946057	4222350	421071556
12914	441	7828	8015	2821496	242950073	0	0
12915	74	10995	20212	2821624	242967663	3016965	267252235
12916	2428	8675	15186	2821629	242969007	0	0
12917	8387	11667	7300	2821820	243003915	0	0
12918	1310	12193	6323	2823080	243208379	0	0
12919	6698	12480	21005	2823129	243215694	0	0
12920	5450	6577	16403	2823234	243236730	0	0
12921	363	11744	13348	2823470	243275784	2857865	248063449
12922	1498	12387	2208	2825520	243602412	4191821	416957874
12923	4432	6998	4533	2826060	243667944	0	0
12924	8818	9147	13354	2826082	243669901	2849999	246973630
12925	4593	5286	8158	2826131	243677748	3717782	356732289
12926	9196	11924	19565	2826612	243744944	0	0
12927	6296	7153	9989	2826771	243771368	0	0
12928	7433	9066	1343	2826781	243773614	3045637	270839734
12929	1893	10576	13018	2827246	243841803	3355130	309065920
12930	6263	8449	10065	2827686	243907549	0	0
12931	7653	9065	2735	2827705	243910923	0	0
12932	9811	12447	9943	2827930	243946724	2832369	244527860
12933	486	2591	1601	2828620	244059931	0	0
12934	3482	5762	4848	2828644	244064005	0	0
12935	5062	10855	5074	2828771	244080391	3020775	267704908
12936	6892	11194	14539	2828855	244092685	0	0
12937	9369	11910	13513	2829624	244202822	3190918	288640561
12938	1458	11932	7307	2830629	244328642	3837583	371874612
12939	3515	5803	5065	2831525	244429986	4182486	415627969
12940	2023	7102	2878	2831566	244433930	3045054	270763679
12941	944	12134	5951	2831608	244438876	0	0
12942	632	8491	5694	2831700	244448639	0	0
12943	3307	4096	4409	2831860	244470121	3645376	346661411
12944	7485	8007	9356	2832139	244501554	4272030	427260739
12945	6147	12932	16173	2832369	244527860	0	0
12946	5917	8710	12529	2833077	244612417	0	0
12947	8445	11220	6092	2833260	244632627	0	0
12948	3863	10139	14869	2833704	244685459	3051119	271520572
12949	395	11717	10047	2833729	244688261	3278131	299533799
12950	1264	5720	3115	2833984	244725038	0	0
12951	3493	7444	6854	2834414	244781527	0	0
12952	6367	7898	7564	2834785	244830167	0	0
12953	9917	11240	12004	2834918	244848179	0	0
12954	3057	4691	5421	2835139	244879400	0	0
12955	4656	6249	9042	2835436	244917036	0	0
12956	7243	10229	15482	2835468	244921467	4377667	441982798
12957	2517	12848	20181	2835755	244963470	0	0
12958	3715	5924	9717	2837216	245177785	4056524	399655292
12959	3979	4975	3008	2837740	245248009	4418788	447241318
12960	8656	11527	16953	2837987	245278584	3386188	313101467
12961	4609	6508	6367	2838121	245294776	2972742	261502640
12962	4161	8033	5394	2838591	245357380	3652351	347586415
12963	8554	12637	17295	2838855	245390230	3369638	311093620
12964	7464	12389	9683	2838995	245411249	0	0
12965	9605	10650	13689	2839460	245482401	0	0
12966	5635	9818	7046	2840275	245596660	0	0
12967	2980	8321	4423	2840308	245602059	3174062	286389496
12968	6910	12860	14848	2840559	245632530	3345194	307832596
12969	10581	12696	9653	2840715	245652763	0	0
12970	448	3030	1047	2840863	245678547	0	0
12971	12276	12536	12502	2841237	245734281	0	0
12972	2400	11812	10186	2841763	245813264	0	0
12973	5140	10893	9125	2842236	245880116	3274985	299185608
12974	5450	7213	13284	2842393	245902953	0	0
12975	2002	2234	2022	2842438	245910381	4101621	405265963
12976	1324	12893	12272	2842541	245928300	0	0
12977	3058	11066	4285	2842868	245975762	0	0
12978	3009	10213	12964	2842895	245978187	2920279	254846638
12979	3208	5416	6017	2842934	245984100	3455410	322512015
12980	1784	9817	3791	2844398	246210396	0	0
12981	10638	12674	25151	2844963	246279885	4374532	441538081
12982	2364	5681	2784	2845266	246324764	0	0
12983	10284	10330	15407	2845301	246328658	0	0
12984	1458	7489	4453	2845496	246361529	3962793	387085455
12985	2831	4462	10916	2846042	246437116	3385382	312985569
12986	371	1737	4973	2846047	246437658	0	0
12987	5556	5861	8163	2846239	246466520	0	0
12988	9411	9824	16773	2846600	246520825	2987261	263066723
12989	2340	3654	2077	2846849	246558422	0	0
12990	7547	8383	14187	2847468	246652975	4097550	404732427
12991	1271	6240	2741	2848558	246796293	3712422	355950036
12992	4245	4458	8595	2849028	246846779	0	0
12993	5858	12222	17697	2849234	246868745	0	0
12994	10289	12016	20443	2849400	246887434	3518981	330846991
12995	7215	7792	9094	2849995	246973046	0	0
12996	6254	12924	21322	2849999	246973630	0	0
12997	6005	8301	7316	2850366	247038862	0	0
12998	8031	10156	7590	2850841	247107666	0	0
12999	10844	11967	16485	2851744	247231997	3409959	316709663
13000	3332	6474	2572	2851900	247255540	0	0
13001	1208	5540	9905	2852451	247330931	0	0
13002	3131	11697	3836	2852652	247353931	0	0
13003	4012	11451	21798	2853297	247430077	0	0
13004	6359	10477	10754	2853632	247472584	0	0
13005	1050	2220	1069	2853848	247502504	0	0
13006	400	5960	8288	2853851	247502779	4203055	418783566
13007	3057	5203	5800	2853944	247515703	0	0
13008	6959	8229	9990	2854064	247534155	0	0
13009	1823	10634	10965	2854116	247541624	3186023	287932010
13010	6166	8950	5495	2854879	247669705	0	0
13011	2106	8875	4492	2855038	247692981	3861596	374665699
13012	8420	9087	4122	2855482	247752658	0	0
13013	5058	10571	8088	2855910	247810318	0	0
13014	6304	10042	13095	2856198	247847610	0	0
13015	4732	7371	9854	2856671	247910543	0	0
13016	2218	7314	930	2856778	247926941	0	0
13017	8648	10539	11559	2856927	247944898	3010272	266330464
13018	5754	12155	8370	2857445	248012612	0	0
13019	1012	4637	3482	2857800	248056186	0	0
13020	913	12921	13657	2857865	248063449	4080628	402699034
13021	1699	9339	13675	2858036	248087226	0	0
13022	2797	9933	10612	2858326	248131588	0	0
13023	4710	9289	5076	2858432	248149968	4020475	394782861
13024	3516	7304	2599	2858587	248173123	0	0
13025	6823	10123	6337	2858939	248220456	0	0
13026	1746	8819	6117	2860000	248363730	0	0
13027	856	11354	7089	2860579	248428814	3118683	279688588
13028	1692	10839	17528	2860709	248441414	0	0
13029	369	6492	4213	2861008	248473547	3316343	304388015
13030	11497	12026	25781	2862877	248670665	0	0
13031	5482	7883	10653	2863429	248730132	4359258	439270177
13032	1388	5769	9432	2864026	248795046	0	0
13033	5194	5973	9555	2864648	248858647	3839537	372125817
13034	4422	6146	7728	2864899	248888638	3698349	354170185
13035	1874	10015	8209	2864951	248894744	3761255	361909749
13036	760	10870	3298	2865697	248971743	0	0
13037	1478	2819	2464	2866069	249007209	4382633	442730059
13038	1475	2267	1647	2866075	249007791	0	0
13039	1262	3335	5117	2866375	249036418	0	0
13040	8642	10527	14449	2866397	249038387	3311539	303828888
13041	1173	8503	942	2866559	249055583	4308263	432412775
13042	1094	2956	1557	2866752	249077768	3319454	304692563
13043	11765	12903	19182	2866777	249080707	0	0
13044	130	5979	2003	2866789	249081436	2958590	259935676
13045	2056	6369	4856	2868072	249224503	0	0
13046	11295	11539	10669	2868180	249235743	3443013	320920477
13047	1467	5677	1646	2868797	249304924	3546923	334591254
13048	42	8614	6377	2869269	249347326	0	0
13049	3306	6919	3693	2869650	249381034	3573630	337919136
13050	739	5225	4106	2870155	249426966	3193402	288978004
13051	6367	8532	6481	2870443	249449938	0	0
13052	5883	10566	9034	2870621	249467660	0	0
13053	5380	10872	14869	2871433	249536481	0	0
13054	5721	11674	13947	2871697	249558902	0	0
13055	2891	4947	4082	2871704	249559100	3359206	309511915
13056	10150	10702	9392	2871877	249574991	3999477	392362247
13057	7158	9192	14113	2872325	249621780	0	0
13058	2154	7260	4041	2872551	249645791	3676792	350785286
13059	2244	9295	2605	2872860	249678195	0	0
13060	1904	7022	4912	2872893	249682312	3643743	346438459
13061	463	12589	5282	2873033	249700165	3959249	386693920
13062	275	12712	6905	2873628	249771436	3354855	309035869
13063	4655	8045	6476	2874179	249828351	3646344	346793727
13064	3692	5486	5505	2874717	249885710	0	0
13065	1495	2386	1929	2874905	249904911	4199039	418250581
13066	991	11628	4456	2875172	249930193	0	0
13067	1875	8726	3273	2875509	249957787	0	0
13068	3400	7230	8347	2875627	249967654	0	0
13069	5255	11042	15908	2875920	249992303	3461864	323354095
13070	3569	9565	9894	2876036	250004607	0	0
13071	4334	6372	3377	2876214	250025881	0	0
13072	4956	10398	13233	2876503	250055642	3159586	284407576
13073	2020	10148	6993	2876861	250095037	3060351	272750124
13074	1547	1619	561	2876987	250110338	3788381	365606136
13075	5471	9059	8873	2877025	250113828	3485386	326443400
13076	4249	6450	4812	2878005	250228479	0	0
13077	664	3474	1902	2878023	250229754	0	0
13078	8013	12097	20054	2878698	250294569	0	0
13079	2377	5062	6523	2878741	250299983	0	0
13080	7529	12142	8810	2878991	250331059	3916621	381619335
13081	6006	7048	11895	2880067	250453016	0	0
13082	9183	12050	12293	2880233	250472635	0	0
13083	8024	8219	6521	2881354	250590627	0	0
13084	5252	9822	4768	2881633	250616835	0	0
13085	550	1159	598	2881735	250626203	0	0
13086	3220	10385	4399	2882134	250663433	3375134	311737881
13087	6463	6931	3968	2882481	250695528	0	0
13088	2919	6615	6686	2882499	250696855	0	0
13089	4486	11288	1632	2883219	250761157	0	0
13090	1564	5611	3609	2883330	250769897	3119330	279767534
13091	1581	12816	2011	2883673	250795920	0	0
13092	2400	10950	8640	2883738	250800827	3081231	275242181
13093	1412	9414	7989	2883939	250820472	0	0
13094	742	2011	1117	2883960	250821808	0	0
13095	5573	11418	23128	2885390	250940151	3419023	317755051
13096	1177	10562	3588	2885449	250944732	0	0
13097	3766	8565	9463	2885804	250980815	0	0
13098	5548	8528	8076	2886018	251003845	0	0
13099	1407	6099	3686	2886194	251024385	3680446	351375717
13100	6294	12897	8719	2886894	251089581	4020559	394792845
13101	8496	11283	11120	2886936	251092625	0	0
13102	1794	3722	2360	2887327	251131531	0	0
13103	1575	9316	7074	2887722	251171965	0	0
13104	5929	7305	4154	2887804	251180751	3808226	368433970
13105	385	7819	829	2888426	251245772	0	0
13106	1764	6283	4247	2889117	251302049	3205771	290475048
13107	2661	12267	17765	2889688	251348922	0	0
13108	6451	6654	6994	2890017	251378085	0	0
13109	3779	6794	2030	2890544	251428199	0	0
13110	2585	6942	3947	2890550	251428522	0	0
13111	6180	6864	8522	2890772	251445861	0	0
13112	9353	11538	24552	2890817	251450687	0	0
13113	4895	6658	4496	2891020	251475018	4006897	393364075
13114	7452	7775	9644	2891233	251502179	3113209	279012840
13115	3310	12651	8144	2891287	251507460	0	0
13116	7511	11032	6833	2891476	251527537	0	0
13117	3971	12087	3578	2891581	251541273	0	0
13118	563	6052	2849	2891987	251591742	0	0
13119	744	10461	5930	2892138	251610256	2921296	254953341
13120	2693	11158	9219	2892338	251633819	0	0
13121	1476	3288	1658	2892537	251659688	3852083	373584902
13122	734	12700	1204	2893140	251737865	3288983	300958605
13123	10150	12172	7529	2893296	251756023	0	0
13124	3215	11830	11848	2893369	251764713	3380619	312371269
13125	3650	8049	6086	2893433	251771338	0	0
13126	1967	3834	3770	2894015	251848750	0	0
13127	1916	2389	3403	2894546	251909027	0	0
13128	12378	12558	34056	2894960	251952258	0	0
13129	8965	10046	17648	2895021	251960610	0	0
13130	2742	11229	15873	2895794	252074359	0	0
13131	2048	8640	3836	2895913	252091148	0	0
13132	3568	12782	11055	2896076	252113964	0	0
13133	5158	10019	18082	2897100	252262370	3309551	303593521
13134	7649	9003	13044	2897213	252278210	0	0
13135	3520	6642	11025	2897903	252390167	3950542	385763924
13136	139	5566	2150	2899021	252539003	0	0
13137	3683	11943	8505	2899090	252547933	0	0
13138	6184	11172	11047	2899217	252564425	0	0
13139	1207	11820	6649	2899237	252567304	0	0
13140	2898	2905	7364	2899335	252580939	4284043	429140363
13141	462	10666	1175	2900578	252738853	3827391	370743028
13142	898	2121	2889	2900934	252778007	0	0
13143	4653	8558	11385	2901311	252813003	0	0
13144	1780	10268	1777	2902463	252920575	0	0
13145	748	10102	6256	2902538	252926078	0	0
13146	87	10363	8574	2902633	252933042	4341923	436991411
13147	11272	12207	19278	2902945	252961457	3057312	272334369
13148	9579	11800	13530	2903367	253002320	3213923	291523325
13149	345	5967	2977	2903411	253007844	0	0
13150	6461	10729	11590	2903625	253034802	0	0
13151	5082	8470	6520	2903684	253042518	0	0
13152	10327	11956	7544	2903826	253060462	3813683	369033142
13153	3906	12515	10346	2904050	253090163	2922382	255081850
13154	11102	12789	1581	2904752	253174577	3636337	345533489
13155	514	10892	3648	2904758	253175065	0	0
13156	825	8071	7306	2904889	253191144	3153317	283767966
13157	5857	11152	11811	2905120	253218741	0	0
13158	4737	6059	7639	2905859	253308027	4378080	442047690
13159	6315	8091	12218	2906002	253324694	2925085	255401627
13160	1141	12436	7644	2906109	253338353	0	0
13161	4566	9744	5534	2906578	253400894	4090223	403928256
13162	4431	7745	11438	2906718	253419522	0	0
13163	11186	12357	13791	2906761	253425805	0	0
13164	2620	11369	11194	2907150	253479584	0	0
13165	6496	11682	6136	2907971	253594538	0	0
13166	200	6703	9930	2908237	253626633	0	0
13167	8752	9391	10546	2908978	253719663	0	0
13168	1495	7499	3018	2909062	253730704	0	0
13169	1735	9081	10359	2909301	253758785	3564346	336780527
13170	3491	5309	5607	2909554	253787123	0	0
13171	8128	9358	6709	2909749	253812657	0	0
13172	5276	5996	8349	2909978	253839043	3316343	304388015
13173	2946	6135	6759	2910271	253873251	0	0
13174	963	7623	5030	2910635	253919716	0	0
13175	2068	4417	3193	2911099	253968334	0	0
13176	1042	6211	5491	2911137	253973132	0	0
13177	4184	5443	6524	2912441	254103343	0	0
13178	6643	11183	5263	2912591	254116772	0	0
13179	4102	12113	4762	2912939	254146809	4052261	398995474
13180	5163	11359	14873	2913369	254182450	4403866	445367011
13181	4664	5166	7589	2913814	254221780	3113773	279074432
13182	4124	8325	5424	2914032	254245010	3041530	270295646
13183	2029	10638	6993	2914260	254266944	0	0
13184	2348	12247	11143	2914278	254269377	0	0
13185	2722	5685	6302	2914408	254282556	0	0
13186	2780	6610	3972	2914988	254339096	0	0
13187	646	8235	4361	2915019	254341792	3646963	346890350
13188	6678	11314	23111	2916205	254446317	3394932	314307426
13189	9764	10991	9893	2916245	254449616	2937207	256931316
13190	1132	11745	9062	2916842	254509947	0	0
13191	7087	11925	13675	2917823	254611071	0	0
13192	2154	4145	3883	2917915	254620724	3679470	351233025
13193	1376	2718	3101	2918297	254662852	0	0
13194	7087	8089	6252	2918318	254665405	4189535	416516766
13195	7025	9887	7542	2918903	254722615	4331432	435265944
13196	8158	11404	5261	2919474	254775511	0	0
13197	10196	11393	4152	2919798	254803985	0	0
13198	6533	6548	10380	2920108	254830141	0	0
13199	2472	6942	3264	2920213	254841219	0	0
13200	5213	12978	15775	2920279	254846638	4162316	413106013
13201	1231	12384	1751	2920438	254865293	0	0
13202	3217	3983	4119	2921261	254950291	0	0
13203	10978	13119	21882	2921296	254953341	0	0
13204	1005	11579	4377	2921530	254984130	0	0
13205	3729	4959	649	2921839	255021276	3425857	318569414
13206	4932	6049	5517	2921846	255021933	0	0
13207	8439	13153	14545	2922382	255081850	3662913	348996817
13208	1584	10654	4159	2922955	255145246	3091481	276482015
13209	406	12636	3159	2923070	255160100	0	0
13210	3498	3874	14353	2923406	255197663	0	0
13211	9152	10140	7587	2923513	255210347	4387058	443355464
13212	7970	12038	8635	2923580	255218337	3565653	336926717
13213	7312	8265	9208	2923933	255264701	0	0
13214	10085	13159	16725	2925085	255401627	0	0
13215	979	12679	2533	2926276	255535980	2937760	257015432
13216	4461	9023	6753	2926357	255543497	0	0
13217	5474	11427	11524	2926364	255544029	0	0
13218	2570	12864	11908	2926481	255557700	3034423	269455009
13219	512	3138	1683	2926569	255569583	2961236	260185062
13220	5660	7296	10785	2926685	255583417	0	0
13221	7152	11773	13950	2927087	255635144	0	0
13222	7320	12135	21315	2927089	255635180	0	0
13223	267	7360	16388	2927133	255641338	0	0
13224	3579	12468	15066	2927227	255654040	3579363	338649924
13225	859	3127	5807	2927326	255675610	3724518	357491175
13226	1894	4765	12563	2927374	255682037	3605594	341940494
13227	5379	5650	6917	2927662	255742601	0	0
13228	2272	2547	1133	2927924	255793388	0	0
13229	2201	8312	3486	2928213	255845545	3693278	353469190
13230	1795	2438	1725	2928304	255861134	4313980	433082085
13231	2191	12519	8421	2929879	256083047	3262596	297717385
13232	1176	10035	6911	2930987	256216965	3714694	356285230
13233	4838	11093	12365	2931715	256292233	3803154	367785126
13234	3395	6069	1811	2931982	256317805	3193619	289003549
13235	9435	9768	7016	2932570	256376484	0	0
13236	10128	11902	22976	2932702	256390972	0	0
13237	4347	10767	9973	2933431	256478265	0	0
13238	307	12841	18713	2934206	256567191	0	0
13239	3677	9426	6393	2934491	256600004	3602892	341601290
13240	10922	12239	10597	2934544	256606783	0	0
13241	5648	8626	5225	2934980	256663311	0	0
13242	2585	4896	1597	2935565	256733835	0	0
13243	6035	12205	17568	2935942	256775605	0	0
13244	2421	3505	6073	2935963	256779193	3466866	324058639
13245	6955	9440	6680	2936106	256795728	3180018	287080594
13246	6022	9228	15877	2936645	256862970	0	0
13247	2586	9940	6417	2936678	256866792	0	0
13248	5900	9348	7252	2936926	256898726	0	0
13249	11492	13189	24842	2937207	256931316	3557629	335928775
13250	5057	13215	8453	2937760	257015432	0	0
13251	1491	10317	5112	2937804	257021913	0	0
13252	393	7386	5032	2938206	257081015	0	0
13253	4407	10469	3128	2938274	257089373	0	0
13254	2630	11166	4357	2938557	257127672	4189784	416561311
13255	6075	10085	9509	2939263	257223693	0	0
13256	3655	9915	22016	2939876	257294846	0	0
13257	7903	9562	10756	2939907	257299153	3747615	360151337
13258	5436	8726	3920	2940024	257317068	0	0
13259	5663	11245	9946	2940100	257328218	0	0
13260	10506	11509	11776	2940211	257345518	4035741	396869288
13261	263	10991	7585	2940464	257384967	3605594	341940494
13262	3671	9189	6208	2940486	257387190	0	0
13263	9496	12582	26044	2941348	257526468	0	0
13264	6460	10937	15693	2942054	257637293	0	0
13265	3839	6445	6066	2942481	257706119	0	0
13266	1743	8958	5865	2943178	257805069	0	0
13267	1938	2457	1962	2943235	257811809	3414302	317206748
13268	5296	8420	7240	2943358	257826151	0	0
13269	6640	7964	12433	2943414	257833772	4296507	430848753
13270	676	6575	5829	2943434	257836863	0	0
13271	6827	9159	9254	2943501	257846083	4245737	423937648
13272	6255	8551	11638	2943523	257849275	0	0
13273	8365	11606	20669	2943882	257904863	0	0
13274	8402	11487	15472	2944971	258071994	0	0
13275	1232	11969	10447	2945331	258121604	4349015	437915656
13276	210	12793	16251	2946103	258231689	0	0
13277	4459	12403	7684	2946302	258258949	4012065	393957392
13278	5244	12499	3865	2946479	258287766	3909935	380700244
13279	4912	9354	3442	2946528	258296164	0	0
13280	5556	8309	3372	2947042	258368161	3134204	281400628
13281	124	8295	12968	2947798	258462185	3246282	295774494
13282	3801	11406	6969	2948084	258494527	0	0
13283	6833	8319	10845	2948087	258494536	0	0
13284	5278	6645	8884	2948194	258508164	3269110	298582884
13285	8137	8946	14073	2948562	258559338	0	0
13286	8166	10989	7651	2948768	258589616	3127371	280765049
13287	4534	11788	7720	2948830	258599845	0	0
13288	9284	9730	16235	2949204	258652036	0	0
13289	8106	8662	4330	2949354	258672365	3103783	277984718
13290	2650	4009	4875	2949384	258677170	0	0
13291	2050	9106	14015	2949437	258685577	0	0
13292	11909	12862	16067	2950434	258838249	0	0
13293	909	12481	1853	2950612	258870905	0	0
13294	11002	11582	20009	2950710	258887224	4277337	428074606
13295	348	3062	2153	2952230	259119964	0	0
13296	3109	9300	11323	2952482	259148101	0	0
13297	9837	10412	4708	2953196	259239686	3072750	274169542
13298	1473	5826	8325	2953354	259256829	0	0
13299	5317	6620	7388	2953446	259267222	3902646	379911479
13300	4027	11364	29040	2953695	259299238	3474864	325018043
13301	4628	12437	3798	2954169	259368800	3312087	303886340
13302	702	11902	17832	2954461	259407526	0	0
13303	9342	9476	12333	2954511	259415748	4334193	435696540
13304	371	4267	5292	2955042	259491596	3197718	289497296
13305	7506	9231	5116	2955062	259494023	0	0
13306	2197	2315	1638	2955087	259498036	0	0
13307	5090	11674	12264	2956395	259678822	3006988	265805964
13308	4477	9938	4164	2956625	259708291	3784711	365036717
13309	5006	12274	6716	2957228	259779931	0	0
13310	7034	12600	12964	2957532	259813797	0	0
13311	277	5049	4252	2957848	259853048	3164611	285086453
13312	1429	10002	10284	2957916	259860101	0	0
13313	1058	13044	2122	2958590	259935676	3966488	387572673
13314	9137	12694	10617	2958901	259970399	0	0
13315	8308	8382	8478	2960941	260159176	0	0
13316	3727	12866	7330	2961096	260173379	4030790	396215458
13317	4420	7302	4472	2961184	260180368	0	0
13318	9703	13219	16243	2961236	260185062	3932255	383350791
13319	4245	9972	5296	2961601	260220607	3429622	319017122
13320	6848	11912	6082	2961858	260249793	0	0
13321	10953	12063	19175	2962615	260320210	0	0
13322	47	6694	4358	2963844	260445142	0	0
13323	3356	6766	2325	2964028	260462097	0	0
13324	6596	11315	6925	2964262	260482896	0	0
13325	5535	9758	4082	2964343	260489979	0	0
13326	2597	12007	8809	2964467	260500855	3766626	362535393
13327	1876	11308	4107	2964592	260514428	3108123	278440106
13328	4319	5808	7056	2964739	260530098	0	0
13329	536	9507	11579	2964750	260530684	0	0
13330	3378	4169	3440	2965291	260591923	0	0
13331	62	2154	1077	2965857	260647907	0	0
13332	4668	11876	19839	2966022	260660735	0	0
13333	1187	7318	3682	2966344	260697674	0	0
13334	267	10743	4524	2966453	260710342	0	0
13335	1235	4715	2755	2966885	260761668	3815364	369226900
13336	8380	10138	7725	2967162	260790121	0	0
13337	3835	4674	11239	2967420	260814853	0	0
13338	9243	10534	15065	2967776	260856831	0	0
13339	1690	8918	12434	2967870	260868061	0	0
13340	3723	10436	11081	2967942	260877704	0	0
13341	5787	10364	16172	2968070	260893744	3998828	392268327
13342	124	2738	3491	2968617	260976316	0	0
13343	7731	11791	3286	2968782	261000585	3645236	346641493
13344	10604	10916	23383	2970066	261161752	0	0
13345	1034	12248	9584	2970867	261266667	3409361	316646291
13346	5455	6229	4086	2970881	261268368	0	0
13347	4879	8469	9090	2970943	261276915	0	0
13348	750	8300	7115	2971098	261300904	0	0
13349	95	385	179	2971332	261329310	0	0
13350	4306	11319	17687	2972041	261413370	0	0
13351	7689	12961	14519	2972742	261502640	3643347	346381531
13352	9342	9864	12731	2973254	261567932	0	0
13353	1084	4704	2153	2973809	261637930	0	0
13354	3171	4416	3129	2973957	261654288	0	0
13355	9376	12594	13637	2974359	261697754	0	0
13356	350	7914	14439	2974675	261732370	0	0
13357	379	4347	4993	2974730	261739973	0	0
13358	2293	5148	3464	2975098	261780744	0	0
13359	7699	7997	3249	2975720	261852655	0	0
13360	3228	9694	6295	2976106	261893057	0	0
13361	2172	7331	3566	2976472	261927312	0	0
13362	6021	9918	13491	2977083	261985109	0	0
13363	6476	8857	3350	2977313	262009324	0	0
13364	897	8389	14262	2977432	262019633	4434213	449262394
13365	3148	11232	5540	2977612	262038328	0	0
13366	7510	9446	12582	2977713	262048816	3015072	267005582
13367	2067	9120	10890	2977998	262081788	0	0
13368	7912	9318	7579	2979032	262197998	0	0
13369	3812	6459	10312	2979782	262270048	0	0
13370	5527	6958	6621	2980096	262299420	0	0
13371	717	12860	10864	2980295	262318650	0	0
13372	2637	4209	5618	2980447	262334560	0	0
13373	10153	11000	10473	2980491	262339427	4139773	410253875
13374	2664	12640	5037	2980549	262346218	3451268	322102185
13375	7171	7222	7342	2980564	262347867	0	0
13376	6207	8043	7432	2982704	262561005	0	0
13377	2495	3029	2967	2982764	262567116	0	0
13378	10909	11588	6490	2982813	262571973	3157428	284175008
13379	2094	8106	1787	2983483	262628790	0	0
13380	7440	12276	15552	2983598	262638122	4077335	402298222
13381	1595	7406	13313	2983694	262646369	0	0
13382	3694	7978	6252	2983878	262665350	0	0
13383	8432	11014	6645	2984347	262710725	3294655	301665853
13384	7432	11282	14715	2984382	262713448	0	0
13385	89	3858	617	2984735	262747518	0	0
13386	4722	9776	18904	2984784	262752239	0	0
13387	6397	12551	12354	2985018	262783131	0	0
13388	1198	9549	15639	2985582	262847353	3356599	309211495
13389	5898	7546	12891	2985657	262857852	0	0
13390	6463	12027	6358	2985812	262878413	0	0
13391	2318	11556	4328	2985887	262888724	3225010	293107943
13392	219	4294	3360	2986659	262990653	3680269	351351276
13393	4183	7443	4156	2986898	263022196	3193402	288978004
13394	8751	12988	26325	2987261	263066723	3439494	320382257
13395	2901	9923	9963	2989177	263298842	0	0
13396	1928	10228	9569	2989212	263302672	0	0
13397	1287	12535	11080	2989401	263325746	3367380	310759286
13398	5431	8659	19268	2990174	263419726	3307300	303263476
13399	4997	12374	17010	2990417	263449321	3043096	270494939
13400	6413	12062	19171	2990581	263469987	0	0
13401	10549	10848	6241	2990615	263474208	3163947	284998843
13402	6329	7342	8686	2991150	263562624	0	0
13403	8568	8910	13653	2991239	263574381	0	0
13404	184	4164	2176	2991381	263599850	3742600	359493683
13405	806	11358	22404	2991429	263608518	0	0
13406	367	491	465	2992023	263715931	3028348	268572865
13407	409	834	1224	2992567	263802181	0	0
13408	1817	11132	5580	2993387	263916110	3375490	311770904
13409	6023	7744	13138	2993396	263916664	3028570	268609797
13410	6253	7263	22893	2994691	264070078	0	0
13411	538	8075	4528	2996019	264226215	4385353	443128373
13412	2203	7273	8578	2996065	264230735	3797177	367021632
13413	4036	11247	10453	2996608	264287878	3894430	378798476
13414	5616	8606	6396	2996717	264298554	3069561	273882651
13415	4519	10819	6808	2996829	264309231	4052572	399038824
13416	4869	12721	11864	2996858	264311856	0	0
13417	3848	5469	2732	2997009	264329812	3033968	269407481
13418	4149	7586	3700	2997013	264329992	0	0
13419	9358	10518	4659	2997288	264361218	3124042	280337933
13420	8169	11100	24406	2998371	264478283	0	0
13421	4259	10621	10919	2998628	264510183	0	0
13422	521	1743	2816	2999138	264569051	0	0
13423	822	10146	11777	2999599	264619536	0	0
13424	5521	10592	22298	2999881	264651243	0	0
13425	3625	10972	11233	3000114	264679090	0	0
13426	11252	12615	31709	3001069	264799245	3891612	378478675
13427	4377	8079	10952	3001835	264910736	3009974	266281850
13428	5607	5661	5075	3002076	264948518	3227015	293377518
13429	6452	12488	18023	3002453	264995643	0	0
13430	9168	12720	23565	3002545	265009930	0	0
13431	965	5011	7017	3002593	265018287	0	0
13432	29	5667	1541	3002896	265068387	0	0
13433	8531	9540	14142	3003019	265091963	0	0
13434	3769	11620	10971	3003569	265187402	0	0
13435	2502	11327	10452	3003582	265188734	0	0
13436	10000	10375	26911	3003595	265190890	3791856	366195927
13437	771	6729	3965	3004569	265396734	0	0
13438	4038	7545	5906	3004907	265454146	4128320	408838127
13439	7848	9105	10340	3004942	265459683	0	0
13440	9146	11949	11089	3005050	265478782	0	0
13441	2201	9790	10834	3005557	265574266	3693223	353460989
13442	766	6200	9785	3006265	265697491	0	0
13443	4937	12662	14858	3006932	265795561	0	0
13444	3228	13307	13966	3006988	265805964	0	0
13445	3828	9054	6571	3007101	265827220	4415448	446811152
13446	8136	11688	23241	3007506	265891004	0	0
13447	2658	8375	3391	3008433	266055399	0	0
13448	3869	7881	10633	3008620	266083890	0	0
13449	333	3873	2401	3008693	266095819	0	0
13450	2986	8633	13155	3009704	266244192	3177152	286759288
13451	10584	13427	22020	3009974	266281850	0	0
13452	6800	13017	13691	3010272	266330464	0	0
13453	4653	11921	13471	3010767	266414432	0	0
13454	1362	3977	2495	3010850	266427847	0	0
13455	2571	7717	7779	3012261	266635959	0	0
13456	3545	12334	11387	3012915	266716384	3063233	273207564
13457	9682	11185	13658	3013104	266738150	3360562	309684217
13458	1466	12496	8319	3013303	266766220	0	0
13459	2941	8409	9520	3013413	266782197	0	0
13460	1476	12379	6571	3013870	266844065	3478354	325539328
13461	5327	5725	5694	3014358	266911013	0	0
13462	9503	11427	15246	3014464	266924916	0	0
13463	125	1173	393	3014732	266959090	0	0
13464	6479	9358	14055	3014966	266990866	4189098	416459476
13465	786	13366	13180	3015072	267005582	3200094	289779983
13466	4455	10564	11791	3015991	267132355	0	0
13467	1157	5597	2115	3016879	267244505	0	0
13468	764	12915	20520	3016965	267252235	3864198	374961809
13469	1279	7148	2116	3018398	267442070	0	0
13470	10983	11591	12006	3018661	267471446	0	0
13471	4872	5890	4801	3018920	267502919	0	0
13472	7097	10901	8144	3019292	267540731	0	0
13473	1044	8812	9366	3020073	267622476	4052259	398994957
13474	4957	7435	15187	3020085	267624595	3387613	313321115
13475	5489	11349	6285	3020171	267632618	0	0
13476	2530	3666	5859	3020762	267704083	0	0
13477	8991	12935	13252	3020775	267704908	4020169	394753860
13478	5618	9318	2923	3021266	267766499	0	0
13479	947	5511	3493	3021310	267771682	3673085	350249380
13480	6786	11446	9842	3021575	267802809	3692359	353343459
13481	9565	12625	12417	3021745	267821560	0	0
13482	5903	12133	8643	3021996	267852099	3147211	283103621
13483	1174	8657	13376	3022815	267955171	0	0
13484	1517	10310	3214	3022852	267959841	0	0
13485	3091	10713	9625	3023811	268065956	3350627	308585796
13486	2751	11524	11075	3024401	268132810	0	0
13487	5499	11910	9297	3025146	268209227	0	0
13488	6945	12621	5382	3025235	268220094	3172317	286127812
13489	738	9878	8411	3025511	268248156	0	0
13490	1163	11424	6322	3025569	268255566	3836241	371734169
13491	2231	4509	3052	3025725	268276039	3908132	380480195
13492	4760	6087	4400	3025897	268296045	0	0
13493	4211	12405	17520	3026809	268388383	0	0
13494	5689	6866	19630	3027415	268454945	0	0
13495	7303	12282	3482	3027539	268469359	3236913	294662283
13496	1336	9148	5216	3027568	268473778	0	0
13497	930	8589	13311	3027847	268506970	0	0
13498	25	8438	8804	3028280	268564400	0	0
13499	12293	13406	18635	3028348	268572865	3220644	292452574
13500	10578	11749	13458	3028511	268597704	4398700	444752752
13501	7285	9553	23172	3028549	268605832	0	0
13502	3491	13409	16095	3028570	268609797	0	0
13503	8852	12053	5529	3028789	268651089	0	0
13504	1123	1882	3151	3029123	268720781	3344493	307729120
13505	2465	4133	9572	3029156	268729120	0	0
13506	168	1369	520	3029303	268761407	0	0
13507	445	2178	1128	3029515	268801839	3470717	324538280
13508	10327	11301	12860	3029951	268876288	3124573	280406301
13509	4025	12764	11268	3030296	268935399	0	0
13510	6965	7141	10111	3032619	269257376	0	0
13511	7149	10915	19047	3032826	269281028	0	0
13512	486	8582	1874	3033761	269387194	0	0
13513	2257	13417	5665	3033968	269407481	3295075	301711881
13514	994	9236	2530	3034212	269432739	3692359	353343459
13515	712	13218	12556	3034423	269455009	0	0
13516	7100	7767	5226	3035108	269528318	3700541	354428301
13517	8240	11242	17405	3035371	269556548	3093850	276720229
13518	4364	8796	18271	3035405	269559912	0	0
13519	1899	11050	7541	3036328	269665863	4142515	410581357
13520	3801	7107	3895	3036540	269693326	0	0
13521	9979	10780	16575	3036709	269712397	0	0
13522	3219	9973	10976	3036839	269731404	3289572	301040943
13523	4139	10495	6605	3037038	269755169	0	0
13524	692	3416	1360	3037766	269845159	0	0
13525	895	5314	4379	3038248	269901981	4304083	431929552
13526	3022	7421	8458	3038617	269941956	0	0
13527	2367	7723	7802	3038867	269969763	0	0
13528	2752	6205	5359	3038916	269974425	0	0
13529	4396	4560	3683	3039622	270052319	0	0
13530	1742	7003	12406	3039756	270064809	0	0
13531	11536	12823	20907	3039785	270067978	4067713	401113059
13532	3651	8469	8724	3040094	270107236	3651215	347466902
13533	5297	10407	4427	3040125	270111729	4108001	406313688
13534	1543	11254	2812	3040309	270137944	3699034	354249405
13535	6533	12629	13570	3041027	270232353	3656475	348139824
13536	7710	13182	8834	3041530	270295646	0	0
13537	3107	9846	4894	3041760	270324643	3063509	273245813
13538	5522	12221	10390	3042141	270370661	0	0
13539	6216	10671	18234	3042547	270422087	4221984	421024175
13540	8459	8948	11390	3042622	270432594	3460709	323190957
13541	9042	12188	5401	3042951	270476638	0	0
13542	7790	13399	20754	3043096	270494939	0	0
13543	5537	6386	4794	3044587	270703020	3591097	340092914
13544	5504	10012	13944	3044608	270704955	0	0
13545	2536	2903	862	3044840	270735795	0	0
13546	6581	7380	6671	3044948	270748328	3514901	330341877
13547	7457	12940	5944	3045054	270763679	0	0
13548	5862	7903	3795	3045217	270784090	4427573	448500249
13549	4112	8793	11634	3045225	270785391	3056371	272218378
13550	7060	12928	3005	3045637	270839734	0	0
13551	8	10136	8127	3046355	270929620	0	0
13552	861	10854	6359	3046671	270968752	0	0
13553	3754	5746	6347	3047288	271040385	0	0
13554	8549	11592	12189	3047472	271058324	3138041	281891372
13555	10727	12241	3904	3047494	271061773	3153258	283763543
13556	1973	7129	5596	3047940	271122476	3168915	285680581
13557	782	11949	7025	3048037	271133856	3812047	368865772
13558	6400	10072	15532	3048248	271159254	3532049	332439992
13559	1707	11671	11943	3048686	271216928	0	0
13560	195	1715	1839	3049690	271358977	4041390	397630703
13561	1500	3085	2287	3049706	271360804	3946782	385181458
13562	5802	11583	7667	3050358	271438976	0	0
13563	1759	12083	1907	3050574	271458482	0	0
13564	2965	11418	23571	3050742	271475716	0	0
13565	10327	12948	19538	3051119	271520572	0	0
13566	631	649	687	3051171	271527696	3281765	299982996
13567	4696	7773	8105	3051289	271543068	0	0
13568	1952	3392	3055	3051413	271562573	0	0
13569	9063	10524	8120	3051518	271580528	0	0
13570	1938	4318	4263	3051598	271592302	3455383	322510141
13571	3026	5983	5154	3051894	271636512	0	0
13572	402	10662	2618	3052088	271660577	0	0
13573	4292	8571	9807	3052138	271666909	0	0
13574	467	5962	7953	3052224	271678344	0	0
13575	10417	11681	15446	3052350	271699089	0	0
13576	213	983	280	3052427	271712526	4168988	414040431
13577	1820	6472	8984	3053755	271898144	0	0
13578	6137	7361	10616	3053796	271903013	3245978	295739025
13579	2563	6560	9974	3054236	271956875	0	0
13580	1304	6983	2134	3054279	271962680	3119524	279790541
13581	7208	9307	8581	3054533	271998655	0	0
13582	983	1338	1567	3055217	272088980	3667434	349545327
13583	7894	8674	10494	3055838	272159012	3472272	324709981
13584	282	2975	1452	3055847	272159583	0	0
13585	2318	12604	3525	3056059	272184971	0	0
13586	8512	13549	19642	3056371	272218378	0	0
13587	521	10454	10361	3056925	272285682	0	0
13588	6844	7897	6418	3056975	272291831	3350327	308549756
13589	9130	10696	5328	3057007	272296169	4336806	436177114
13590	561	9335	5640	3057117	272309093	3857239	374178759
13591	5950	13147	20221	3057312	272334369	0	0
13592	6489	10086	5779	3057945	272424845	0	0
13593	9483	9997	12349	3058146	272451465	3599744	341173886
13594	3572	12811	6956	3058289	272472194	0	0
13595	6368	9572	11703	3058880	272545256	4343967	437285745
13596	2334	9995	5971	3058997	272560897	0	0
13597	8729	11425	8501	3059328	272604486	3668782	349715711
13598	972	11732	17647	3059815	272672585	3394148	314182215
13599	1310	7504	3564	3059874	272680521	0	0
13600	2575	2654	4965	3060014	272699998	0	0
13601	8537	9936	9562	3060234	272733434	0	0
13602	751	13073	7455	3060351	272750124	0	0
13603	2781	7264	6081	3060435	272763604	3111293	278790369
13604	2322	10823	18455	3060993	272855193	3562372	336541926
13605	1323	5425	4489	3061296	272911642	0	0
13606	172	1312	778	3061325	272916716	3201611	289944870
13607	5994	11489	23425	3061451	272936890	3571781	337637952
13608	2839	5705	2916	3061575	272959391	3699458	354301573
13609	333	8507	4076	3063055	273183595	3108780	278519853
13610	3653	13456	11481	3063233	273207564	0	0
13611	11360	11891	11961	3063390	273228049	0	0
13612	3146	13537	5015	3063509	273245813	4273376	427475717
13613	4546	9439	6055	3063718	273281632	3666846	349463180
13614	1252	11580	8517	3064689	273417901	3453773	322362657
13615	8046	12863	13922	3065830	273555806	0	0
13616	2655	5822	2086	3066186	273595977	3138041	281891372
13617	9337	9561	6584	3067627	273735434	3427307	318721310
13618	2233	4171	2376	3067663	273738720	3634207	345258221
13619	7142	7161	5439	3067850	273754382	3740593	359246900
13620	183	7040	1002	3067995	273768681	0	0
13621	3411	4633	3183	3068722	273823379	0	0
13622	5422	6444	9490	3069229	273858041	0	0
13623	7748	12536	6806	3069249	273859400	3091481	276482015
13624	4184	6823	1670	3069468	273875544	0	0
13625	4301	11311	7061	3069546	273881127	0	0
13626	3628	13414	9850	3069561	273882651	3233769	294297907
13627	5377	10586	6173	3069786	273902136	3800704	367513268
13628	516	6551	1517	3069834	273908361	0	0
13629	3291	5347	1197	3070206	273942573	3668471	349673182
13630	1729	4836	4027	3070383	273957447	3227945	293522830
13631	10896	11925	13419	3070524	273970557	4083063	403014540
13632	4727	11109	5483	3070609	273979147	0	0
13633	3124	4535	7631	3071055	274025773	4145799	411105343
13634	5436	10558	6693	3072123	274118203	0	0
13635	1129	3318	2165	3072421	274142335	0	0
13636	1566	9715	11932	3072506	274149000	0	0
13637	8077	13297	9709	3072750	274169542	3586773	339579729
13638	1694	4860	3446	3073210	274213675	0	0
13639	3149	6909	3501	3073475	274238849	0	0
13640	1077	12165	13380	3073766	274267684	0	0
13641	4902	8583	7164	3073904	274279075	0	0
13642	170	7558	2507	3073988	274287818	0	0
13643	1066	11002	12111	3074366	274323032	0	0
13644	2071	3357	10283	3074931	274375945	3305230	302931497
13645	1707	2439	2991	3075215	274404763	0	0
13646	993	2911	2170	3075229	274405708	0	0
13647	1842	9325	8579	3075575	274438555	0	0
13648	3014	6878	5978	3075778	274455849	0	0
13649	10935	11157	21501	3075786	274456706	0	0
13650	8628	12639	11549	3075865	274467901	0	0
13651	3517	10415	12298	3075970	274483322	0	0
13652	7575	10916	16876	3076143	274510094	0	0
13653	487	12275	9699	3076332	274540450	3443974	321059815
13654	7964	12555	15560	3077299	274693425	0	0
13655	8930	9881	5478	3077643	274749676	0	0
13656	2510	6378	8611	3077956	274792562	0	0
13657	5632	11879	16039	3079110	274935704	3115092	279214971
13658	1796	9572	8269	3079544	274991135	3321687	304909007
13659	2763	11484	11551	3079719	275015938	4105930	405960437
13660	11683	12236	20069	3079805	275025838	0	0
13661	1871	10549	3508	3080154	275078972	0	0
13662	7636	10414	13284	3080368	275110019	0	0
13663	8768	9492	9525	3080510	275133820	4416876	446987238
13664	5551	8137	12430	3081059	275215437	0	0
13665	6156	12619	12781	3081189	275236358	3948808	385501381
13666	9413	13092	11880	3081231	275242181	0	0
13667	4230	10583	12041	3081346	275263219	0	0
13668	5837	12028	15840	3082089	275396015	3866810	375329976
13669	8177	12656	14235	3083635	275634712	3247419	295922303
13670	6306	7187	9623	3083692	275641887	0	0
13671	72	2362	1870	3083947	275678604	0	0
13672	903	4019	4983	3084150	275708014	4079455	402561656
13673	3298	11359	12023	3084892	275805426	0	0
13674	2509	7340	6332	3086002	275932886	0	0
13675	1448	4165	2781	3086791	276010868	3485360	326439919
13676	2712	3347	4943	3087646	276086712	3149047	283340878
13677	9465	11334	25354	3087853	276104043	0	0
13678	4198	6827	6646	3087856	276104380	3852781	373671910
13679	1088	3527	3894	3087867	276105276	0	0
13680	903	3397	1496	3088004	276118084	0	0
13681	8161	10467	13904	3088366	276155402	0	0
13682	5784	7073	3044	3088638	276187890	0	0
13683	7140	7216	8855	3088865	276211620	4194907	417579745
13684	953	10358	6703	3089525	276285952	0	0
13685	4179	4535	10565	3089723	276308157	3640941	346070319
13686	2495	4506	4850	3089853	276321240	3982058	389895016
13687	4799	6325	5907	3090453	276387352	0	0
13688	427	3460	938	3090802	276422974	0	0
13689	1261	5731	3742	3091162	276454440	0	0
13690	13208	13623	10965	3091481	276482015	0	0
13691	8211	12405	23088	3091951	276526999	0	0
13692	272	4659	4398	3092437	276578313	0	0
13693	11107	11549	14935	3092592	276593262	0	0
13694	536	3190	2882	3092682	276602679	0	0
13695	1401	6031	3064	3093206	276657355	4360329	439456294
13696	1065	10906	5752	3093308	276667419	0	0
13697	1773	2406	2662	3093434	276681059	3102065	277801693
13698	8859	13517	24661	3093850	276720229	0	0
13699	5917	6717	9278	3093875	276723644	3998030	392165203
13700	1692	2464	3556	3094089	276750943	0	0
13701	365	11150	3229	3094229	276768730	0	0
13702	3523	10036	12250	3094809	276834719	4206074	419142041
13703	31	3364	3115	3095035	276860849	3614200	343053930
13704	3732	10099	4218	3095050	276863437	4241644	423481425
13705	7024	12668	21068	3095135	276875235	0	0
13706	2322	11730	8485	3095694	276950655	0	0
13707	9352	10447	14502	3095719	276954534	0	0
13708	4368	7849	14268	3096023	277001068	0	0
13709	1106	7918	9634	3096469	277072841	4128670	408887065
13710	4392	4796	7423	3096718	277113216	0	0
13711	6457	7996	18197	3096821	277129393	3398904	315049925
13712	6505	9459	5509	3098034	277316087	3612106	342788769
13713	806	5916	6046	3098629	277388752	3329553	306047480
13714	3308	8517	6360	3098643	277390748	0	0
13715	4055	7068	6324	3099231	277463804	3344140	307686079
13716	65	10981	4262	3099412	277486935	0	0
13717	743	2782	2699	3099556	277505437	4017161	394471252
13718	5548	11263	5997	3099653	277519757	4424188	448054519
13719	396	4141	5106	3099803	277536650	0	0
13720	11998	12261	8424	3100209	277583867	3942357	384598754
13721	8417	11681	21274	3100497	277617968	0	0
13722	1905	10990	3224	3101075	277693384	0	0
13723	6219	11651	9167	3101993	277793961	0	0
13724	2828	8863	2225	3102051	277800293	0	0
13725	4859	13697	5479	3102065	277801693	0	0
13726	7878	10628	8018	3102432	277841661	0	0
13727	1023	11795	2438	3102679	277873816	0	0
13728	5215	6692	2178	3103510	277960131	4449189	451029906
13729	2575	4376	4454	3103598	277967111	0	0
13730	10282	13289	15287	3103783	277984718	0	0
13731	11571	12703	7437	3105186	278116501	0	0
13732	5873	9909	6639	3105242	278120111	3445705	321336774
13733	789	5264	200	3105304	278125379	0	0
13734	249	9124	4082	3105766	278164712	3155984	284029917
13735	4038	8608	7541	3105824	278170009	0	0
13736	4891	5016	16401	3105894	278175754	3168435	285614294
13737	3657	8041	6692	3106267	278213155	3208654	290853769
13738	5289	11047	3425	3106344	278221345	0	0
13739	2012	11648	8121	3106579	278244027	0	0
13740	438	11815	794	3106705	278257356	0	0
13741	4312	10517	5198	3106818	278268581	0	0
13742	10092	10281	25148	3106867	278274308	0	0
13743	2785	8299	8347	3107032	278295945	0	0
13744	1344	2709	1355	3107928	278417134	3444169	321089882
13745	9194	13327	7924	3108123	278440106	0	0
13746	4127	6970	8048	3108254	278458044	0	0
13747	8639	13609	8949	3108780	278519853	0	0
13748	2123	11103	5712	3109385	278583738	0	0
13749	627	1793	1669	3109536	278600127	0	0
13750	4157	9415	9264	3109997	278650852	0	0
13751	6348	7559	8052	3110522	278705833	0	0
13752	5236	5579	8643	3110531	278706888	0	0
13753	4979	10258	8580	3110743	278731023	0	0
13754	4730	7047	5453	3111104	278771038	0	0
13755	4462	13603	15600	3111293	278790369	0	0
13756	1295	12480	19226	3111304	278791778	0	0
13757	6973	10644	3799	3112028	278886259	0	0
13758	3958	11768	8105	3113177	279010188	0	0
13759	5138	13114	12049	3113209	279012840	0	0
13760	1461	11955	3200	3113257	279017683	0	0
13761	869	1455	2943	3113384	279031331	3494776	327288121
13762	6748	13181	10206	3113773	279074432	0	0
13763	7312	9289	4594	3113849	279082638	3995487	391855613
13764	4333	8941	11105	3114742	279178396	0	0
13765	5096	8065	7652	3114859	279191844	3366837	310663357
13766	903	5751	1068	3114993	279204515	3249695	296199458
13767	4415	11094	4565	3115051	279210163	3275386	299228014
13768	7592	13657	18758	3115092	279214971	0	0
13769	4291	8422	6243	3116225	279352261	3811962	368856207
13770	8220	11688	20014	3116420	279378490	0	0
13771	8220	11857	14738	3116420	279378490	0	0
13772	11688	11857	23732	3116420	279378490	0	0
13773	1444	5008	10375	3116516	279393230	0	0
13774	2020	7786	5644	3116988	279466381	4224071	421271544
13775	2169	4877	2313	3117573	279547773	0	0
13776	768	11303	2730	3118064	279610693	0	0
13777	2063	13027	7645	3118683	279688588	0	0
13778	1560	5585	5198	3119038	279734618	0	0
13779	1599	13090	4221	3119330	279767534	0	0
13780	12411	13580	7361	3119524	279790541	0	0
13781	2570	8306	7475	3119774	279820788	3320791	304814555
13782	8300	10874	20715	3119801	279823372	0	0
13783	4059	6909	5620	3119804	279823954	0	0
13784	4336	5948	6793	3120139	279869065	0	0
13785	9106	10413	22721	3120859	279966877	3594522	340483595
13786	2913	8713	5405	3121408	280043295	0	0
13787	1231	7749	3514	3121453	280048800	0	0
13788	4531	5713	9425	3122873	280207920	0	0
13789	8241	11272	19320	3123354	280259841	3869261	375749588
13790	4814	7981	6809	3123415	280267786	3730802	358160921
13791	4157	11720	10584	3123858	280318498	0	0
13792	9253	12861	4084	3124007	280333322	0	0
13793	12331	13419	8706	3124042	280337933	0	0
13794	2871	8289	2928	3124487	280397950	0	0
13795	6024	13508	13800	3124573	280406301	0	0
13796	7135	9608	12626	3124622	280411794	3578882	338585487
13797	6036	10868	9820	3124834	280445692	0	0
13798	2381	6845	2584	3125138	280495326	0	0
13799	764	1018	2205	3125303	280518491	0	0
13800	3536	7239	11527	3125630	280558619	0	0
13801	5324	6943	6505	3125945	280603542	0	0
13802	530	13286	7992	3127371	280765049	0	0
13803	4204	12410	3672	3128206	280851927	3794559	366607230
13804	3076	7928	1625	3129355	280949659	0	0
13805	3117	3956	9680	3129513	280960788	3700764	354458279
13806	553	9680	6171	3129561	280964725	0	0
13807	603	7963	4116	3130737	281053803	0	0
13808	2730	3219	2652	3130900	281066450	0	0
13809	2213	6877	5081	3131114	281082666	3284637	300364619
13810	8296	12800	18606	3131382	281104138	0	0
13811	348	7276	5450	3131675	281130084	0	0
13812	4283	7647	4901	3132044	281160184	0	0
13813	8234	11402	14746	3132054	281161110	0	0
13814	5844	11038	6416	3132174	281173037	0	0
13815	7708	9186	12857	3132282	281183099	0	0
13816	5334	9354	7182	3132789	281240820	0	0
13817	11554	11690	13021	3132961	281258936	0	0
13818	3036	11347	3956	3132982	281260892	0	0
13819	5550	7555	5043	3133503	281323280	0	0
13820	1272	1851	2390	3133712	281349213	3227283	293414871
13821	1671	12429	3694	3133898	281366989	3812521	368916270
13822	853	1604	2217	3134072	281385660	0	0
13823	10446	13280	7509	3134204	281400628	3856791	374123935
13824	1008	12711	4546	3134284	281408289	0	0
13825	5733	10281	15870	3134345	281413719	3587095	339614116
13826	1078	6479	10294	3134422	281422063	0	0
13827	1567	11877	2031	3134451	281425255	0	0
13828	4556	11055	4622	3134974	281496881	0	0
13829	3443	12875	12362	3135102	281512138	0	0
13830	9524	12015	6922	3135194	281522704	0	0
13831	2337	2453	3955	3135267	281531588	0	0
13832	1520	8735	8218	3135558	281571807	0	0
13833	4316	11727	13416	3135868	281613593	0	0
13834	1834	4058	3325	3136764	281742291	3557006	335853942
13835	2667	4821	4916	3137077	281779985	0	0
13836	4809	11254	3953	3137370	281815089	0	0
13837	11712	12432	16220	3137669	281847931	3674988	350500729
13838	19	3520	8880	3137794	281862283	0	0
13839	13554	13616	14275	3138041	281891372	0	0
13840	6263	10792	9319	3138583	281968244	0	0
13841	5320	11715	12640	3138985	282018915	3457777	322767158
13842	5153	11782	8868	3139102	282035554	0	0
13843	3072	11800	9001	3139544	282095021	3419834	317859567
13844	2029	11326	5651	3139857	282143813	0	0
13845	4349	8835	8907	3140449	282218537	0	0
13846	4349	12386	6213	3140449	282218537	3180533	287153846
13847	8835	12386	14182	3140449	282218537	4392749	443992660
13848	2502	5186	8973	3140614	282244593	3625553	344325238
13849	2812	7281	6208	3140645	282249989	0	0
13850	4555	7504	2909	3141032	282311779	3711293	355790326
13851	6991	12553	6072	3141109	282323819	3565092	336862896
13852	936	11294	9564	3141549	282386019	3909006	380576699
13853	871	6087	2014	3141665	282403521	0	0
13854	1651	10219	12813	3141792	282422945	4310556	432655992
13855	8462	12871	7174	3142008	282457443	3195271	289203663
13856	2652	8308	11552	3142119	282474206	0	0
13857	1500	12409	5984	3143374	282653155	0	0
13858	6893	8317	4872	3144045	282729101	3163037	284873479
13859	6557	9058	5275	3144379	282767664	0	0
13860	6936	9040	6146	3144936	282827444	0	0
13861	9969	10711	13743	3144946	282828498	3525665	331635204
13862	7859	11190	14047	3145121	282848844	3323491	305128422
13863	1139	1388	1484	3145854	282936331	0	0
13864	7961	12762	22911	3146024	282954776	4260084	425526048
13865	513	1491	1336	3146472	283014907	0	0
13866	1718	13482	10922	3147211	283103621	0	0
13867	5540	8622	14228	3147619	283153936	0	0
13868	541	3934	4612	3147899	283186215	0	0
13869	2323	6616	5047	3147986	283198256	0	0
13870	667	9136	6390	3148177	283223796	3712422	355950036
13871	4842	12291	7102	3148301	283238777	0	0
13872	9618	11027	15411	3148333	283243188	0	0
13873	2802	13676	7371	3149047	283340878	0	0
13874	4048	9954	9401	3149125	283353335	0	0
13875	2776	8569	6876	3149298	283374807	0	0
13876	10320	11939	6977	3150809	283555688	0	0
13877	3542	5537	5668	3151405	283616194	3879122	376940221
13878	11331	13555	11663	3153258	283763543	3215747	291803155
13879	479	3957	2758	3153301	283766757	0	0
13880	8215	13156	13571	3153317	283767966	3223566	292880530
13881	2034	5497	4657	3153372	283773451	0	0
13882	6387	9375	17585	3153646	283804862	3522973	331345720
13883	2774	7034	4898	3154378	283878631	0	0
13884	5660	9350	8610	3155174	283949970	0	0
13885	2557	7907	7264	3155282	283959596	3595740	340620227
13886	5879	11621	9616	3155396	283968797	0	0
13887	1189	11313	5878	3155748	284003582	3906777	380335819
13888	2335	5946	7536	3155945	284025575	0	0
13889	11323	13734	7360	3155984	284029917	0	0
13890	5910	6043	3205	3156362	284068702	0	0
13891	2892	4450	2775	3156422	284075059	0	0
13892	2630	2875	2023	3157413	284174087	0	0
13893	10531	13378	10686	3157428	284175008	4101621	405265963
13894	585	6274	7594	3157550	284186495	0	0
13895	2333	2351	3242	3157808	284216205	0	0
13896	9424	11086	6365	3158185	284251229	0	0
13897	10064	12466	13987	3158479	284280069	0	0
13898	9936	10313	17308	3158704	284303608	0	0
13899	6615	13072	17791	3159586	284407576	0	0
13900	7123	11250	5362	3159896	284444286	0	0
13901	7923	9264	7831	3160347	284493762	0	0
13902	6578	12217	27173	3160526	284513284	0	0
13903	2995	11154	4900	3160624	284525940	0	0
13904	4378	10841	9869	3160981	284573499	0	0
13905	10195	12831	13586	3161075	284585331	3711519	355819791
13906	4269	9768	11033	3161198	284604655	3899864	379573070
13907	3868	4347	5752	3162064	284729516	0	0
13908	2873	11196	26091	3162313	284762886	3171261	285968966
13909	3584	8284	5691	3162397	284777308	0	0
13910	4359	7278	5944	3162955	284863767	3859193	374400221
13911	7105	13858	8434	3163037	284873479	0	0
13912	7634	13401	10094	3163947	284998843	3235190	294442169
13913	934	10374	6571	3164583	285083298	3972351	388613727
13914	11058	13311	11071	3164611	285086453	0	0
13915	6202	10409	11849	3165140	285159147	0	0
13916	6473	9026	21681	3165608	285219309	0	0
13917	8369	9008	8067	3165932	285266284	0	0
13918	6529	11464	17953	3166121	285291385	3972408	388620717
13919	2766	11305	8403	3167250	285454208	3434944	319655077
13920	9300	11854	13833	3167495	285488499	3859193	374400221
13921	850	10106	10680	3167828	285536921	4419815	447370706
13922	4271	13736	17934	3168435	285614294	0	0
13923	5410	13556	6787	3168915	285680581	3284117	300298880
13924	6587	9426	7828	3169366	285735848	0	0
13925	2125	8749	4158	3169907	285801997	0	0
13926	9516	10085	10514	3170270	285845565	0	0
13927	7013	8136	9823	3170332	285851815	0	0
13928	9573	11611	3590	3170699	285903362	0	0
13929	9549	13908	41267	3171261	285968966	0	0
13930	4611	10051	4486	3171277	285971004	0	0
13931	1465	3582	2448	3171838	286055996	0	0
13932	7135	10438	19360	3172206	286107263	0	0
13933	4753	13488	6193	3172317	286127812	4051560	398901366
13934	9571	9913	9645	3173145	286250352	0	0
13935	206	10266	1255	3173697	286328343	3376884	311928789
13936	5898	8422	16713	3173729	286331461	3186320	287977045
13937	6232	11702	17509	3173737	286332438	0	0
13938	1207	12967	5465	3174062	286389496	0	0
13939	794	3804	1964	3174330	286428390	0	0
13940	644	6622	5792	3175551	286587220	0	0
13941	5029	6915	5432	3176250	286666147	0	0
13942	2723	11856	7046	3176297	286670630	0	0
13943	4339	13450	15776	3177152	286759288	0	0
13944	3859	6406	12063	3177187	286764941	3726988	357753317
13945	2181	7739	11778	3177813	286836238	3747615	360151337
13946	567	3134	1961	3178076	286868003	0	0
13947	6443	9918	11520	3179197	286983767	4342181	437026532
13948	635	5407	3678	3179309	286995648	0	0
13949	3213	9688	21646	3179397	287004608	3760791	361842426
13950	5945	8117	11913	3179579	287024613	0	0
13951	5332	10409	11075	3179709	287039989	0	0
13952	1601	8461	804	3179900	287066333	4323117	434248783
13953	3896	13245	12952	3180018	287080594	0	0
13954	1787	3576	2314	3180210	287109686	3936622	383931674
13955	3313	7980	4586	3180338	287128243	3521352	331165448
13956	5260	13846	13315	3180533	287153846	0	0
13957	4674	8042	10455	3180886	287198541	0	0
13958	10072	11642	26021	3182324	287365294	3766626	362535393
13959	4556	6304	7065	3182379	287372746	0	0
13960	5567	5688	13187	3183195	287473798	0	0
13961	6374	12670	13063	3183554	287515797	3550923	335127426
13962	222	8843	7606	3183736	287539805	3502713	328204662
13963	5245	10658	31582	3183768	287544525	4061462	400298693
13964	2536	11995	25855	3184049	287592174	3361077	309759671
13965	7134	7720	11962	3184095	287599278	0	0
13966	6067	9367	4328	3185173	287797990	3531678	332390087
13967	2226	13009	11804	3186023	287932010	0	0
13968	12603	13936	20462	3186320	287977045	0	0
13969	9006	11367	7180	3186913	288068907	0	0
13970	747	6051	2023	3187219	288117333	0	0
13971	747	7437	4147	3187219	288117333	0	0
13972	6051	7437	5194	3187219	288117333	0	0
13973	3439	10477	13185	3187398	288142580	3884757	377709709
13974	882	4295	2910	3187545	288163256	3633723	345199785
13975	7262	7529	4179	3187558	288165959	3861504	374654782
13976	1200	8304	3939	3188373	288297186	0	0
13977	2993	9783	5363	3189112	288395298	0	0
13978	9582	11692	20518	3189124	288396594	0	0
13979	3357	7603	14321	3190043	288521906	0	0
13980	18	5168	6831	3190072	288525220	0	0
13981	7694	8463	22215	3190694	288610728	0	0
13982	5057	12937	19433	3190918	288640561	0	0
13983	8700	11527	22304	3191341	288702296	3657951	348336886
13984	42	8240	3868	3191914	288782296	0	0
13985	3620	8479	7745	3192754	288898009	4191736	416936242
13986	8311	11447	6635	3193326	288967678	0	0
13987	13050	13393	8262	3193402	288978004	0	0
13988	7213	13234	7206	3193619	289003549	3412886	317042084
13989	845	4859	3466	3194695	289130802	3224701	293058119
13990	1927	12661	18562	3194774	289137730	0	0
13991	6817	13855	18465	3195271	289203663	0	0
13992	4814	4947	6358	3195772	289264317	3571261	337574541
13993	2082	2085	3140	3195802	289268741	3849479	373307380
13994	1931	8746	10993	3195987	289288630	3302372	302532569
13995	9794	9937	13458	3196811	289388919	3830408	371036539
13996	2807	4220	4288	3196930	289404126	0	0
13997	9622	10149	7978	3197439	289465142	0	0
13998	515	11389	5004	3197524	289473551	0	0
13999	6858	11109	5040	3197699	289494652	3280304	299801229
14000	2503	13304	5689	3197718	289497296	4403930	445376264
14001	691	5592	5929	3197976	289526587	0	0
14002	2284	7547	6505	3198200	289555258	4083063	403014540
14003	2876	11835	5308	3198241	289560664	3759393	361645207
14004	590	5759	4267	3198582	289605993	3333245	306442007
14005	2871	2892	3432	3199441	289707323	3262285	297676876
14006	2679	8762	4235	3199499	289713420	3802760	367746760
14007	8575	11108	6037	3199626	289728248	0	0
14008	11018	13465	18229	3200094	289779983	0	0
14009	753	2443	5457	3201093	289891967	0	0
14010	6167	11172	10172	3201495	289931292	0	0
14011	6981	12699	23364	3201539	289935647	3781424	364555974
14012	7265	7363	12464	3201606	289943937	0	0
14013	8618	13606	2619	3201611	289944870	3427208	318710419
14014	1339	3140	2331	3201676	289954590	3726870	357743033
14015	10171	10913	12342	3202444	290056228	3349125	308400529
14016	1548	3012	3137	3202479	290061916	0	0
14017	5209	5725	7571	3203668	290204940	3776792	363938190
14018	5515	5806	2681	3203846	290224821	0	0
14019	6226	10927	6211	3203915	290232914	0	0
14020	2870	3722	4026	3204021	290245677	3423759	318327573
14021	6762	8384	5158	3204158	290261160	0	0
14022	11999	12059	15201	3204250	290273108	0	0
14023	4168	8861	14707	3204587	290319305	0	0
14024	7114	9597	5078	3204682	290332476	3829104	370897553
14025	11064	12175	17339	3205279	290411087	3604171	341765222
14026	6055	13106	4770	3205771	290475048	3444529	321138904
14027	5326	9412	16227	3205995	290504271	0	0
14028	3245	10200	5286	3206080	290517636	0	0
14029	980	6743	7095	3206780	290609064	0	0
14030	544	4401	1995	3206833	290615413	4120353	407861252
14031	3362	7183	4668	3206867	290619605	0	0
14032	642	3324	759	3206936	290628827	0	0
14033	3520	11515	24833	3207714	290725198	0	0
14034	9233	10821	23848	3208360	290814357	0	0
14035	9468	13737	8692	3208654	290853769	0	0
14036	9316	12859	20640	3209585	290985939	0	0
14037	6114	7719	7144	3209747	291006639	4449402	451051581
14038	7541	10421	11028	3209764	291009422	3223907	292927192
14039	4501	4665	3265	3210455	291107298	3865210	375103888
14040	6096	10177	9683	3211881	291278345	0	0
14041	4168	10785	7177	3212354	291326763	0	0
14042	9935	10174	25308	3212379	291329954	3513238	330071412
14043	6277	7794	7094	3212503	291345102	0	0
14044	337	1646	1575	3212643	291362231	0	0
14045	5822	9880	3278	3212940	291404652	4310556	432655992
14046	7967	9220	7193	3213681	291494305	0	0
14047	2742	9990	3226	3213813	291509308	3811962	368856207
14048	73	775	440	3213858	291515119	0	0
14049	9785	13148	26911	3213923	291523325	0	0
14050	10882	12404	20897	3214340	291578801	3504627	328473567
14051	7970	12836	22932	3214856	291657361	0	0
14052	6594	8883	11752	3215631	291784946	3612234	342802112
14053	9595	10835	6813	3215684	291792717	0	0
14054	5839	13878	14671	3215747	291803155	0	0
14055	7552	12725	15454	3216179	291872863	0	0
14056	1803	2598	6685	3216346	291901828	0	0
14057	7981	9137	5715	3216366	291905740	0	0
14058	5194	11565	6163	3216710	291960922	0	0
14059	1543	10715	3393	3217648	292104861	0	0
14060	989	2624	1145	3218005	292154649	0	0
14061	713	5222	5717	3219118	292275124	0	0
14062	3424	4537	4533	3219370	292301604	0	0
14063	1983	9534	20863	3219514	292316807	0	0
14064	5958	8860	7802	3220040	292381721	0	0
14065	2817	7059	5446	3220118	292390385	0	0
14066	2647	3745	3123	3220421	292426131	3985807	390482100
14067	91	13499	18680	3220644	292452574	0	0
14068	7425	11358	24432	3220882	292483562	0	0
14069	32	12146	18091	3221108	292515685	0	0
14070	2004	11609	15798	3221484	292578272	0	0
14071	5096	5205	2481	3222036	292668049	0	0
14072	3412	4911	2393	3222852	292790605	0	0
14073	3946	13880	20144	3223566	292880530	0	0
14074	5204	7724	8586	3223641	292890290	3996645	391997550
14075	5963	14038	24599	3223907	292927192	3381155	312441411
14076	3486	10759	3633	3224327	292998236	0	0
14077	9177	12664	10913	3224553	293033048	0	0
14078	4083	13989	6435	3224701	293058119	0	0
14079	9526	10177	6430	3224778	293070776	0	0
14080	2626	13391	6137	3225010	293107943	3964584	387313579
14081	2665	7013	3113	3226593	293328141	0	0
14082	4611	8552	3091	3226661	293334483	3959249	386693920
14083	7146	7421	11494	3226754	293347374	0	0
14084	11497	13428	20720	3227015	293377518	0	0
14085	10468	11324	16972	3227125	293391519	0	0
14086	6769	9898	7877	3227241	293407363	3735149	358621131
14087	5355	13820	4210	3227283	293414871	0	0
14088	10536	10638	12655	3227378	293429809	0	0
14089	1331	2959	2610	3227644	293473133	3767846	362713045
14090	10573	11678	10045	3227720	293484063	0	0
14091	2129	5335	2890	3227922	293519027	4411076	446300173
14092	9231	13630	6368	3227945	293522830	3252096	296486595
14093	592	9715	10798	3228038	293540848	0	0
14094	4476	8033	6978	3228234	293572635	0	0
14095	4	8337	4794	3228641	293636738	4245334	423896911
14096	10560	10929	12176	3228958	293683281	0	0
14097	6387	7111	16798	3229581	293783700	3269840	298659778
14098	11687	12133	10513	3230191	293866716	0	0
14099	8520	10074	11435	3230373	293896762	0	0
14100	549	9123	7863	3231775	294081829	0	0
14101	5288	12552	11550	3231906	294097127	0	0
14102	3367	3953	3149	3232229	294136633	3466579	324026817
14103	216	275	167	3233060	294233165	0	0
14104	866	5897	1949	3233288	294253420	0	0
14105	9939	13626	13042	3233769	294297907	0	0
14106	1677	9057	3866	3234057	294328102	3808226	368433970
14107	1369	10459	4922	3234714	294391848	0	0
14108	2534	4140	1674	3234819	294402432	0	0
14109	2169	7121	3976	3234871	294407668	0	0
14110	3220	11881	9389	3234907	294411634	0	0
14111	6261	13912	14526	3235190	294442169	0	0
14112	8534	12536	7442	3235270	294451244	4148949	411603876
14113	4926	6881	23546	3235400	294465199	0	0
14114	5946	6686	14927	3235822	294523207	0	0
14115	1942	10747	6140	3236708	294639107	0	0
14116	2094	13495	4052	3236913	294662283	0	0
14117	489	5089	2455	3237344	294709739	0	0
14118	1154	13606	1035	3237608	294734989	4089364	403840513
14119	3356	4843	4147	3238025	294777055	0	0
14120	6881	8638	24748	3238255	294802353	0	0
14121	1387	8008	2880	3238746	294853362	0	0
14122	1167	5802	788	3239293	294911833	0	0
14123	6724	8520	13452	3239352	294916924	0	0
14124	10058	12670	14404	3239395	294921558	0	0
14125	130	11776	11868	3239431	294925182	0	0
14126	6866	7003	22847	3239648	294949376	0	0
14127	908	6722	9445	3239721	294959277	3527459	331865811
14128	11668	11762	7780	3240690	295092007	0	0
14129	2728	7799	5674	3241021	295134088	0	0
14130	7193	7622	14098	3241484	295191330	0	0
14131	1451	4858	2896	3242004	295259514	0	0
14132	6604	12658	3972	3242038	295263202	4262660	425884152
14133	10085	13208	8666	3242108	295272009	0	0
14134	11821	12470	21519	3242268	295293523	0	0
14135	3506	7576	3628	3242317	295301020	0	0
14136	4240	11382	6191	3242706	295361428	0	0
14137	3410	9055	4565	3243921	295520000	0	0
14138	494	6087	1949	3244438	295578044	0	0
14139	7085	11680	12010	3244511	295585086	4293355	430459102
14140	185	11508	2541	3245659	295705228	0	0
14141	978	12649	5309	3245687	295709233	0	0
14142	532	3344	2500	3245847	295725773	4044291	397969762
14143	3744	13578	11718	3245978	295739025	3946029	385052599
14144	5984	8671	5702	3246116	295754620	0	0
14145	8709	13281	19188	3246282	295774494	0	0
14146	5584	8328	14111	3246529	295806036	0	0
14147	490	13537	5384	3246981	295866327	0	0
14148	6695	13669	22270	3247419	295922303	0	0
14149	6796	13989	5650	3248327	296042933	0	0
14150	1065	4217	3792	3248880	296109906	3636745	345589631
14151	12159	13766	15661	3249695	296199458	3254541	296756190
14152	11717	12615	26110	3249732	296202303	0	0
14153	1560	2285	5908	3250592	296308634	3293823	301581350
14154	899	4121	6469	3250806	296336104	0	0
14155	7533	9662	8453	3251566	296422115	0	0
14156	4398	6880	10233	3251711	296441230	4230222	422129129
14157	9854	14092	12876	3252096	296486595	0	0
14158	2186	6395	7164	3252132	296490703	3800342	367466111
14159	8067	10814	9850	3253525	296652575	3409838	316697174
14160	2134	5125	6781	3254146	296713882	0	0
14161	6627	10719	7012	3254447	296747473	0	0
14162	743	12305	2577	3254463	296748475	0	0
14163	1026	7812	3342	3254516	296753628	3657208	348244186
14164	2468	14151	16017	3254541	296756190	4209933	419651391
14165	2185	10735	3204	3254827	296791235	0	0
14166	6	1158	369	3254860	296796291	0	0
14167	5964	7990	9219	3255149	296826710	3571781	337637952
14168	1952	11242	15028	3255277	296841421	3681567	351541023
14169	4702	9639	4188	3255533	296873045	0	0
14170	474	4010	3809	3255872	296914745	0	0
14171	6988	10248	11824	3256070	296935858	0	0
14172	3790	11025	2825	3256298	296967878	0	0
14173	7060	7844	7382	3256386	296977913	3700739	354454753
14174	1258	7465	7125	3256486	296991188	3567492	337142978
14175	2226	5743	2557	3256676	297017503	3745019	359796096
14176	8660	12737	11574	3256910	297049592	4126038	408571437
14177	8818	9712	22745	3256994	297062135	0	0
14178	1486	5645	9810	3259214	297343647	0	0
14179	3003	11146	12329	3259299	297352127	4015858	394354906
14180	2935	5202	2626	3260268	297452723	3440959	320618065
14181	3119	5244	4117	3260287	297454377	0	0
14182	4470	12210	8302	3260537	297477644	0	0
14183	5835	7140	9172	3260842	297509723	3575423	338166717
14184	390	6283	2762	3260886	297514529	0	0
14185	8129	11234	7457	3261000	297528397	0	0
14186	5841	5956	12020	3261145	297544906	0	0
14187	12552	12764	10066	3261727	297608746	0	0
14188	10667	11759	15969	3261958	297633679	0	0
14189	3695	11861	9423	3262230	297670350	0	0
14190	7555	14005	5380	3262285	297676876	3612523	342839036
14191	4321	7412	9822	3262432	297694401	0	0
14192	11350	13231	10758	3262596	297717385	0	0
14193	7290	9985	16743	3262705	297732898	0	0
14194	672	7838	4870	3263299	297820845	0	0
14195	4328	12143	6533	3263796	297892521	0	0
14196	4043	5583	3412	3263837	297897354	0	0
14197	6400	12741	28713	3264445	297979861	4103333	405469789
14198	10367	11865	17380	3264831	298039171	0	0
14199	1477	6327	5572	3266270	298249104	0	0
14200	186	3471	3174	3266383	298262885	0	0
14201	767	12094	5887	3266710	298305131	0	0
14202	4505	11076	13322	3266978	298338791	3776697	363926007
14203	7794	12708	4917	3267299	298379051	0	0
14204	8102	11494	3109	3267559	298411837	0	0
14205	3460	13284	9469	3269110	298582884	0	0
14206	5569	9822	5108	3269623	298634467	4189539	416517274
14207	11499	11623	15691	3269635	298635554	0	0
14208	299	14097	16998	3269840	298659778	0	0
14209	3577	11740	4829	3270928	298785981	0	0
14210	5571	8153	9793	3271207	298815474	0	0
14211	1568	1750	4704	3271966	298897447	0	0
14212	5382	9131	6752	3272071	298907926	0	0
14213	8944	10520	8198	3273001	298991017	0	0
14214	7061	7193	9342	3273017	298992674	0	0
14215	6725	7892	9380	3273615	299047701	3406382	316277760
14216	254	3502	6484	3273783	299063248	3967622	387776241
14217	9350	12374	17558	3273891	299074061	0	0
14218	1395	5811	2794	3273978	299085167	4282725	428982226
14219	2312	5752	2708	3274243	299110460	0	0
14220	3762	8360	5072	3274330	299117844	3698919	354233268
14221	4531	12973	12735	3274985	299185608	4094538	404385976
14222	2012	4342	4241	3275168	299204124	0	0
14223	2753	13767	5516	3275386	299228014	0	0
14224	4028	9884	9957	3275865	299284469	4300364	431389044
14225	2688	2855	7622	3276479	299343050	0	0
14226	8231	10311	32027	3276563	299351328	0	0
14227	7964	11485	18833	3277908	299510773	4253141	424640309
14228	2556	7124	4802	3278071	299527909	0	0
14229	4392	12949	13376	3278131	299533799	3818138	369612768
14230	7597	12225	11001	3278438	299571584	0	0
14231	5148	12133	7300	3279158	299661114	3295051	301710110
14232	4147	9339	12718	3279527	299707435	0	0
14233	3701	6726	8628	3279956	299760398	0	0
14234	757	4141	5433	3280238	299793299	3977190	389231299
14235	1917	6100	2576	3280290	299799948	0	0
14236	12099	13999	10007	3280304	299801229	0	0
14237	6288	8810	10078	3280445	299817619	4304917	432032012
14238	10508	11404	6128	3281062	299899263	0	0
14239	12490	13566	16307	3281765	299982996	0	0
14240	4579	9472	9990	3281975	300011163	0	0
14241	8554	9089	19572	3282073	300022561	0	0
14242	9399	12236	30747	3282681	300107206	4277780	428142506
14243	3085	13923	8668	3284117	300298880	3689754	352927188
14244	2098	4555	1785	3284508	300350136	0	0
14245	8894	13809	12948	3284637	300364619	0	0
14246	6371	10649	9293	3285117	300424502	0	0
14247	7716	11155	6334	3285156	300429808	0	0
14248	7784	10480	17464	3285175	300432385	0	0
14249	633	8475	6717	3285955	300543591	0	0
14250	1613	5718	9358	3285981	300547022	3460632	323179105
14251	1720	2874	1657	3286911	300662342	0	0
14252	3054	12557	21342	3287081	300683398	4046263	398208687
14253	438	9131	5628	3287205	300698516	0	0
14254	6588	7139	9651	3287361	300721360	0	0
14255	2437	11186	10627	3287718	300775048	0	0
14256	3494	12264	13451	3288087	300826398	3746679	360024545
14257	8407	9206	9980	3288364	300865898	0	0
14258	2838	12418	7648	3288608	300901325	0	0
14259	9088	13122	11092	3288983	300958605	0	0
14260	4115	6529	7508	3289400	301017590	0	0
14261	12537	13522	19414	3289572	301040943	0	0
14262	1561	9234	6304	3289672	301056141	3414968	317296094
14263	612	10962	7116	3291148	301270801	3601294	341376598
14264	241	3404	1437	3291378	301301201	0	0
14265	6507	10041	8843	3291555	301321321	0	0
14266	6030	6127	9891	3292111	301391459	0	0
14267	8744	12317	13416	3292155	301397187	0	0
14268	746	8125	1349	3292879	301486504	0	0
14269	9604	14153	12465	3293823	301581350	3678719	351109356
14270	2924	10620	11606	3294458	301645729	0	0
14271	2409	13383	7493	3294655	301665853	0	0
14272	1057	14231	7931	3295051	301710110	0	0
14273	7849	13513	17530	3295075	301711881	0	0
14274	2503	12866	6502	3295244	301730884	4268605	426777921
14275	1069	11519	7555	3295291	301737450	0	0
14276	8733	8766	21106	3296566	301892493	0	0
14277	1386	5685	5436	3297521	302002383	0	0
14278	5590	12518	15527	3297717	302022985	0	0
14279	4698	7100	9547	3297967	302056074	0	0
14280	5852	6813	2609	3297976	302056879	0	0
14281	7172	8926	5346	3299184	302196390	0	0
14282	3171	5289	2022	3299390	302217889	0	0
14283	4009	5858	5717	3299569	302234106	0	0
14284	3503	8576	13008	3299845	302261386	0	0
14285	10501	12564	17939	3300782	302346617	0	0
14286	5775	9811	7417	3300818	302349515	0	0
14287	6427	11023	25633	3301297	302401851	0	0
14288	1974	12821	5293	3301426	302416186	0	0
14289	4400	10464	11996	3301851	302467143	0	0
14290	3887	9833	9594	3302188	302507658	0	0
14291	10754	13994	13667	3302372	302532569	4172338	414432032
14292	2125	11074	12806	3302655	302571712	4388835	443575723
14293	11776	13215	14337	3303544	302690101	0	0
14294	3521	5816	5533	3303597	302697534	0	0
14295	7113	9856	8731	3303813	302727033	0	0
14296	10690	12366	12461	3304088	302762095	0	0
14297	9106	10137	25490	3304388	302803626	0	0
14298	3742	6599	2776	3304899	302886452	3411896	316943443
14299	247	13644	10349	3305230	302931497	0	0
14300	3267	12264	10027	3305440	302967207	0	0
14301	6781	10855	5504	3305800	303022336	0	0
14302	3986	11590	17067	3305870	303032206	0	0
14303	630	10108	19340	3306263	303096041	0	0
14304	2554	6056	9114	3307230	303252609	0	0
14305	7877	13398	21824	3307300	303263476	0	0
14306	3617	7925	5465	3308031	303384794	0	0
14307	325	5036	1426	3308587	303466491	0	0
14308	3621	3890	3279	3308952	303516292	0	0
14309	274	6012	4405	3309451	303580234	0	0
14310	2127	13133	20070	3309551	303593521	3542165	333895093
14311	437	2732	1453	3309744	303618348	3686737	352400365
14312	189	2234	1195	3309784	303623958	0	0
14313	7913	13040	15461	3311539	303828888	3433308	319458549
14314	999	5622	2094	3311915	303868015	0	0
14315	2946	13301	6718	3312087	303886340	3444326	321107812
14316	2132	8176	13265	3312659	303949946	0	0
14317	6893	11023	18615	3312800	303966599	0	0
14318	152	8167	2675	3312938	303982629	0	0
14319	7824	10849	15594	3313008	303990976	3397573	314819935
14320	2091	2609	1902	3313103	304003423	3921898	382240446
14321	6308	7498	5258	3313301	304030781	0	0
14322	5918	5927	10816	3313929	304112753	0	0
14323	1060	2337	3468	3314107	304132192	4058619	399918587
14324	8956	10235	8000	3314395	304168225	4150622	411846806
14325	4851	8333	7226	3314927	304232465	3694222	353608652
14326	2129	11360	3681	3315706	304322398	3853718	373776835
14327	1973	8508	2284	3316023	304357170	0	0
14328	13029	13172	12562	3316343	304388015	0	0
14329	1253	8325	3919	3316553	304410524	0	0
14330	6843	8008	5966	3316831	304437886	0	0
14331	3567	10553	11758	3317242	304478905	0	0
14332	151	7835	10618	3317722	304521982	0	0
14333	7089	8724	13312	3317997	304546229	4375699	441703208
14334	2227	5397	4382	3318489	304600217	0	0
14335	8060	11272	12595	3318862	304635787	0	0
14336	9231	11372	5540	3319204	304667570	0	0
14337	5309	13042	4207	3319454	304692563	0	0
14338	10851	13495	5220	3320382	304778275	0	0
14339	2393	5893	2478	3320412	304782146	0	0
14340	2617	13781	8375	3320791	304814555	0	0
14341	5897	7216	3607	3320970	304831240	0	0
14342	6594	10045	19480	3321006	304834017	0	0
14343	5154	13658	12870	3321687	304909007	4051560	398901366
14344	7509	13626	14932	3321764	304917043	0	0
14345	4018	12697	19786	3322227	304964181	0	0
14346	7018	9333	8450	3322884	305044448	0	0
14347	8220	11920	26039	3323027	305061760	4436280	449473983
14348	2296	12807	12761	3323250	305090906	0	0
14349	7713	13862	17475	3323491	305128422	0	0
14350	7434	11747	25404	3323931	305197538	0	0
14351	9141	11307	22462	3324001	305210720	0	0
14352	4700	9743	10254	3324362	305287646	4272030	427260739
14353	444	7131	3557	3324632	305345107	0	0
14354	49	8089	3969	3325866	305569560	0	0
14355	3466	12867	18001	3326975	305723972	3910351	380751251
14356	4747	6169	8295	3327504	305795312	3600693	341293493
14357	7166	10358	10786	3327601	305807148	3464700	323782890
14358	744	9735	2814	3327655	305815170	0	0
14359	7669	8958	5653	3328060	305868088	0	0
14360	3388	12621	3863	3328161	305880699	0	0
14361	2942	10811	4019	3328196	305885168	0	0
14362	2909	13713	8600	3329553	306047480	0	0
14363	4905	12306	14089	3330091	306106707	4106120	405992662
14364	7330	12129	18147	3331289	306237106	0	0
14365	1663	7861	4975	3331562	306267615	0	0
14366	478	2089	2771	3331604	306272686	4070921	401557642
14367	1870	3069	8002	3332077	306324285	0	0
14368	6148	6472	11768	3332376	306354907	0	0
14369	8165	14004	10295	3333245	306442007	0	0
14370	3503	8815	4960	3333376	306453901	0	0
14371	51	9025	4830	3333441	306459693	0	0
14372	1099	11302	4565	3333463	306461950	0	0
14373	3368	7259	2120	3333851	306501386	0	0
14374	516	8210	1470	3335226	306627926	0	0
14375	611	12355	13435	3335554	306649946	0	0
14376	1713	12915	22666	3336206	306705553	0	0
14377	7662	11864	16936	3336474	306730949	0	0
14378	2585	6059	5775	3336875	306778061	0	0
14379	6077	12817	17252	3337539	306842148	0	0
14380	4676	7595	3529	3337610	306849698	0	0
14381	9045	10259	22961	3337916	306885811	0	0
14382	4231	11564	3801	3338085	306910680	3437239	320024126
14383	5939	7037	8943	3338516	306969312	0	0
14384	11899	12937	19755	3338566	306976898	0	0
14385	6503	9959	17154	3338916	307027075	0	0
14386	4565	9494	10819	3339097	307055835	0	0
14387	1909	6375	4327	3339702	307148065	3382453	312621058
14388	7006	12548	10704	3339777	307159104	0	0
14389	1323	4249	2645	3339991	307191124	0	0
14390	475	5462	2639	3340675	307284356	0	0
14391	4528	5899	9354	3341278	307355303	0	0
14392	1915	5897	2423	3341509	307387196	0	0
14393	2391	9401	8987	3341646	307400903	0	0
14394	4544	7552	9472	3341653	307401685	3434702	319624308
14395	29	8930	2931	3342165	307470991	0	0
14396	736	2605	3213	3342357	307492565	3710085	355626822
14397	191	9509	7600	3342624	307520141	3669914	349877368
14398	2652	10644	6287	3343247	307592288	0	0
14399	1146	3063	4122	3343313	307598717	0	0
14400	3207	3658	5107	3343646	307634054	0	0
14401	4924	5029	3708	3343839	307656460	0	0
14402	8267	13715	9847	3344140	307686079	0	0
14403	2577	4287	4003	3344149	307686461	0	0
14404	5799	8630	5733	3344169	307688618	0	0
14405	4214	7726	13699	3344356	307711339	3427208	318710419
14406	12730	13504	17154	3344493	307729120	0	0
14407	5548	7333	6965	3344507	307731104	0	0
14408	241	12753	10525	3344660	307754056	0	0
14409	4700	8002	4587	3344974	307801939	4021771	394932709
14410	11661	12968	15680	3345194	307832596	0	0
14411	724	4177	1974	3345216	307837560	0	0
14412	2826	9658	10274	3345243	307841563	0	0
14413	6864	10341	17074	3345678	307911806	0	0
14414	6052	8749	6143	3345781	307928787	0	0
14415	2754	10320	5678	3346175	308003497	4192461	417093528
14416	6273	6427	13405	3347532	308200594	0	0
14417	2004	5893	3064	3348056	308273050	0	0
14418	833	10701	3190	3348443	308321392	0	0
14419	595	5898	11259	3348599	308338653	3472218	324703055
14420	1472	4426	2023	3348834	308367469	3744581	359740289
14421	2805	14015	13784	3349125	308400529	3788381	365606136
14422	2565	12078	5385	3349433	308444343	0	0
14423	4906	13588	7308	3350327	308549756	0	0
14424	3973	5123	7552	3350333	308549841	0	0
14425	7596	13485	11184	3350627	308585796	0	0
14426	3280	7120	3721	3350957	308623552	0	0
14427	1522	8385	3077	3351316	308664865	0	0
14428	4739	10478	13137	3351769	308715669	0	0
14429	3740	4513	8154	3352036	308744934	0	0
14430	10524	10902	12979	3352201	308762217	0	0
14431	7250	9094	5302	3353384	308893565	0	0
14432	4116	11580	9700	3353549	308909443	3879171	376947802
14433	3430	8973	9586	3354086	308962494	0	0
14434	8191	8348	5539	3354369	308989219	0	0
14435	9000	9990	3966	3354528	309005905	0	0
14436	9011	13062	7916	3354855	309035869	3424935	318452223
14437	11407	12929	16558	3355130	309065920	3694755	353678032
14438	7113	13388	16019	3356599	309211495	4296582	430858426
14439	8985	11001	14141	3356616	309214459	0	0
14440	6708	7749	8076	3358232	309392201	0	0
14441	5630	7758	17616	3358244	309393490	0	0
14442	3370	8850	7012	3358528	309423192	3497776	327515172
14443	2665	11020	10134	3358530	309423222	0	0
14444	9311	10763	12328	3358687	309442486	3456858	322647499
14445	6590	8016	5920	3359094	309496816	0	0
14446	1385	13055	4779	3359206	309511915	0	0
14447	2525	12372	1841	3360010	309610214	0	0
14448	11704	12313	20570	3360152	309630058	0	0
14449	9992	10197	11280	3360309	309647590	0	0
14450	991	2823	4473	3360320	309648763	0	0
14451	13457	13989	17124	3360562	309684217	3485358	326439902
14452	9553	12452	16333	3360807	309719168	0	0
14453	6896	13964	27650	3361077	309759671	4456305	451929802
14454	2949	12542	5471	3362064	309931948	0	0
14455	5507	8216	14229	3362240	309955755	3985731	390470046
14456	3702	11851	7386	3362320	309968155	0	0
14457	1848	6394	5685	3362544	310004749	3376215	311847905
14458	5144	5722	2887	3362953	310071027	0	0
14459	5934	10486	7613	3363319	310125216	3479992	325770102
14460	5091	6233	10020	3363406	310139070	0	0
14461	5660	6270	9848	3363672	310176326	3853718	373776835
14462	6702	8487	6193	3363909	310213485	0	0
14463	5454	6685	9090	3364041	310232727	3525505	331615862
14464	10362	11085	11596	3364139	310251012	4060001	400093932
14465	9219	11924	21186	3364163	310254474	0	0
14466	4298	6854	4924	3364922	310377447	0	0
14467	1003	5006	4825	3364965	310384399	0	0
14468	5201	9191	6246	3365193	310423170	3607417	342186413
14469	3200	7367	1373	3365454	310461559	0	0
14470	7971	11778	5393	3366108	310557952	3897621	379226079
14471	6635	12850	9322	3366360	310595863	3513238	330071412
14472	6571	10596	13064	3366424	310604759	0	0
14473	7771	11681	20750	3366636	310633732	3622374	343998430
14474	1260	13765	8538	3366837	310663357	0	0
14475	11802	12869	13396	3366860	310667417	0	0
14476	785	13397	11292	3367380	310759286	0	0
14477	10545	12603	7420	3367389	310760678	0	0
14478	2863	3257	2018	3368238	310904448	0	0
14479	1153	6707	6249	3369557	311083532	3490147	326926047
14480	268	12963	17370	3369638	311093620	0	0
14481	1178	4040	1286	3369784	311115443	4422404	447817593
14482	10638	11401	7909	3369801	311117812	0	0
14483	2092	13765	9382	3370041	311150439	0	0
14484	3131	3213	1263	3370443	311203678	0	0
14485	4555	6871	3916	3370699	311238324	0	0
14486	7788	10219	13293	3371188	311304393	0	0
14487	1448	11055	3902	3371476	311340977	0	0
14488	552	768	970	3372116	311415433	0	0
14489	10355	10613	21735	3372718	311477987	3934692	383662630
14490	1605	12531	9293	3373344	311552296	3571982	337669098
14491	1155	3856	5187	3373525	311573448	0	0
14492	7110	8432	6472	3374110	311635837	0	0
14493	2078	13086	5821	3375134	311737881	0	0
14494	7891	13408	8142	3375490	311770904	0	0
14495	3187	12902	12460	3375755	311797952	3768774	362853368
14496	9246	9775	19045	3376049	311827044	4449546	451067996
14497	1555	11564	4076	3376091	311831610	3819263	369785559
14498	880	14457	5836	3376215	311847905	3394932	314307426
14499	10191	13935	7329	3376884	311928789	0	0
14500	1813	6964	1964	3377372	311987157	0	0
14501	8323	8634	10779	3377572	312008218	0	0
14502	3926	11465	11744	3377642	312016424	3544781	334306575
14503	2245	3060	3955	3377970	312057743	4006770	393347320
14504	10172	12803	5548	3378001	312061162	3998937	392280954
14505	886	4631	3214	3378184	312085623	0	0
14506	1518	12874	5885	3378572	312127941	0	0
14507	2414	4171	1910	3379135	312195618	0	0
14508	9529	11655	16495	3379305	312212828	0	0
14509	2413	3298	3960	3379637	312254713	0	0
14510	9038	11039	12795	3379733	312264239	3910824	380825893
14511	5719	7674	3724	3379826	312274736	3557461	335907714
14512	2565	13124	12163	3380619	312371269	3405651	316160321
14513	794	14092	6921	3380647	312374765	4451335	451296128
14514	1677	14075	24783	3381155	312441411	0	0
14515	1942	9095	7738	3382311	312604156	0	0
14516	3656	14387	7091	3382453	312621058	0	0
14517	7146	7796	10660	3382909	312682466	0	0
14518	2597	5725	4835	3383012	312694620	3564954	336847691
14519	2464	3120	4581	3383466	312750773	0	0
14520	10269	10742	10635	3383625	312769259	4364565	440106654
14521	6430	8287	3440	3383990	312814252	3510503	329612235
14522	3409	9438	9866	3384418	312865680	0	0
14523	11689	12072	9831	3384536	312877434	0	0
14524	4493	9711	14807	3385149	312954550	0	0
14525	6945	11812	12534	3385331	312978269	3945785	385018217
14526	12588	12985	19358	3385382	312985569	3436234	319848593
14527	3007	7607	2128	3385440	312993177	0	0
14528	12001	13734	6431	3385699	313031973	0	0
14529	6732	8762	6329	3386056	313084586	0	0
14530	11534	12960	25275	3386188	313101467	0	0
14531	7898	9419	13947	3386760	313190401	0	0
14532	2272	2923	1006	3386799	313197408	0	0
14533	511	3089	2414	3387185	313256346	0	0
14534	6514	13474	18652	3387613	313321115	3969862	388204932
14535	3769	5129	16321	3388137	313397864	0	0
14536	9380	11801	9708	3388477	313450828	0	0
14537	8970	9519	11764	3389815	313633014	0	0
14538	890	9601	5490	3389833	313634992	0	0
14539	3977	9451	6314	3390159	313674516	0	0
14540	1595	2418	1993	3390319	313694828	0	0
14541	1837	7749	2917	3390366	313700077	0	0
14542	3333	12071	7961	3390452	313710923	0	0
14543	5605	7664	3541	3390888	313768373	0	0
14544	5936	7279	6425	3391052	313789010	0	0
14545	588	4817	6529	3391082	313792973	0	0
14546	686	2713	3622	3391791	313878281	0	0
14547	878	11454	11252	3391815	313880129	0	0
14548	110	7855	7092	3391893	313889817	0	0
14549	6793	6865	8958	3392427	313957933	4046460	398236940
14550	5926	12876	21657	3392580	313977166	0	0
14551	1362	3507	2128	3392731	314001100	0	0
14552	2063	5668	4681	3393280	314075335	3400235	315292818
14553	4249	5898	12135	3393852	314145450	0	0
14554	3958	5242	6793	3393987	314163196	0	0
14555	12569	13598	35339	3394148	314182215	0	0
14556	2938	12375	8296	3394606	314255708	0	0
14557	13188	14498	28947	3394932	314307426	0	0
14558	255	5033	6763	3394937	314307993	0	0
14559	2947	10430	26284	3395063	314331042	0	0
14560	2643	3290	3622	3395777	314482509	0	0
14561	9549	11816	29287	3395858	314498914	4420063	447405576
14562	590	1292	580	3396788	314680915	0	0
14563	4229	8652	4451	3397238	314761382	4087178	403578184
14564	606	10183	5919	3397410	314792722	4046047	398180449
14565	5353	14319	20182	3397573	314819935	0	0
14566	36	12377	4814	3398088	314917167	0	0
14567	4499	9187	16525	3398458	314976981	3519421	330903933
14568	3009	9903	8393	3398683	315012007	0	0
14569	6006	10484	5262	3398837	315038157	0	0
14570	1262	13711	18794	3398904	315049925	0	0
14571	8694	10165	10925	3398952	315056714	0	0
14572	370	11301	8444	3399191	315103262	0	0
14573	327	12101	10455	3399362	315139237	0	0
14574	13124	14552	16529	3400235	315292818	0	0
14575	10935	12000	19972	3400928	315416528	0	0
14576	9873	12855	12630	3402128	315605842	0	0
14577	5342	11688	16087	3402147	315609331	3666666	349443190
14578	6591	13908	27637	3402177	315613543	0	0
14579	7899	8273	8622	3402787	315729555	0	0
14580	8060	8317	4768	3403471	315850135	0	0
14581	812	2930	1485	3404034	315934219	0	0
14582	9359	12220	7939	3404164	315951275	0	0
14583	6103	6339	3643	3404457	315995548	0	0
14584	6468	6740	9966	3404477	315999208	0	0
14585	3012	6616	5803	3404759	316035948	0	0
14586	3621	11950	5365	3404945	316059800	4448752	450989510
14587	4330	11924	17506	3405205	316095411	0	0
14588	4501	14512	14115	3405651	316160321	4179679	415262626
14589	7575	14215	17254	3406382	316277760	0	0
14590	2677	5384	4759	3406473	316288655	0	0
14591	8665	12001	8843	3406721	316325574	3939700	384304139
14592	1043	2640	1650	3406892	316352582	0	0
14593	537	11269	7350	3408584	316565675	0	0
14594	6414	13345	11492	3409361	316646291	0	0
14595	5654	14159	14320	3409838	316697174	0	0
14596	11680	12999	22008	3409959	316709663	3638662	345796422
14597	10190	10998	8380	3410018	316716996	0	0
14598	4611	13301	4828	3410620	316790784	0	0
14599	4340	7662	5709	3410750	316807055	0	0
14600	1849	2900	3243	3411305	316875375	0	0
14601	12015	14298	6511	3411896	316943443	3520718	331089223
14602	6325	7631	3773	3412477	317003489	3469542	324402077
14603	2504	13988	8274	3412886	317042084	0	0
14604	3736	9393	15349	3412931	317046920	3805365	368072058
14605	476	6600	2423	3413738	317131867	4030790	396215458
14606	8791	11995	31620	3413782	317136407	0	0
14607	10945	10987	18678	3413962	317158424	0	0
14608	10527	13267	9601	3414302	317206748	4116629	407379301
14609	3551	12341	9447	3414608	317247789	3983170	390063778
14610	1300	14262	6643	3414968	317296094	0	0
14611	220	1347	1435	3415143	317320062	0	0
14612	5253	9332	15382	3415869	317411749	0	0
14613	8829	8988	10951	3416575	317493700	0	0
14614	9311	11992	11770	3417006	317539907	0	0
14615	7708	8661	7534	3417829	317628950	0	0
14616	4558	12632	7658	3417886	317635269	0	0
14617	10899	13095	25935	3419023	317755051	4161898	413053201
14618	3254	12148	7529	3419252	317781047	0	0
14619	5773	11887	13440	3419426	317801386	0	0
14620	7166	8095	8746	3419604	317828529	0	0
14621	1918	13843	9849	3419834	317859567	0	0
14622	7517	8014	10784	3421138	318022157	0	0
14623	7681	8908	21027	3421377	318048749	0	0
14624	586	12452	5422	3421691	318094162	0	0
14625	5373	6125	11113	3422352	318176344	3441522	320698779
14626	10559	14020	7043	3423759	318327573	3664862	349252771
14627	7802	11778	9328	3423830	318334297	0	0
14628	3662	8981	9976	3424266	318380573	0	0
14629	5889	12266	9497	3424381	318393220	0	0
14630	10115	14436	30093	3424935	318452223	0	0
14631	9051	12789	1753	3425757	318559955	0	0
14632	295	13205	1050	3425857	318569414	3754548	361027079
14633	573	11727	8407	3427056	318695462	0	0
14634	14013	14405	16318	3427208	318710419	4360187	439429971
14635	9025	13617	11382	3427307	318721310	0	0
14636	6319	9436	16596	3427872	318796337	0	0
14637	4596	12289	6412	3427895	318798999	0	0
14638	2607	6630	10682	3428272	318847366	0	0
14639	1709	10538	6334	3428408	318866709	0	0
14640	2186	8344	14669	3428974	318936454	0	0
14641	7551	9447	3895	3429440	318996155	0	0
14642	1140	10957	8832	3429473	318999815	3728602	357913745
14643	6055	13319	5819	3429622	319017122	0	0
14644	605	8032	4319	3429836	319048232	3674550	350435007
14645	4998	12570	5674	3430186	319093925	0	0
14646	8473	10747	7635	3430343	319112479	3580927	338879628
14647	10133	10200	6291	3430493	319133672	0	0
14648	6205	9554	12146	3430862	319182633	0	0
14649	5877	9561	6830	3431320	319233557	0	0
14650	694	3295	2999	3431497	319255083	0	0
14651	2607	9746	3999	3431771	319289289	0	0
14652	809	2353	1856	3431899	319303608	0	0
14653	3221	9247	9666	3432593	319380661	3436351	319870295
14654	12393	12687	10546	3432800	319402411	4318450	433633612
14655	7960	14313	16309	3433308	319458549	0	0
14656	5514	5638	5554	3433492	319480989	0	0
14657	90	686	256	3433869	319528555	0	0
14658	2048	9974	6865	3434183	319564885	0	0
14659	1044	12007	7921	3434360	319585856	0	0
14660	4499	7920	2733	3434650	319618764	0	0
14661	10569	14394	16241	3434702	319624308	3863768	374907393
14662	10439	12261	8584	3434900	319649712	0	0
14663	13711	13919	26600	3434944	319655077	0	0
14664	1029	13736	17158	3435360	319720630	0	0
14665	4351	5793	7925	3435872	319794967	0	0
14666	6309	8454	10175	3435925	319801676	0	0
14667	11181	14526	27253	3436234	319848593	0	0
14668	12050	14653	20365	3436351	319870295	0	0
14669	12754	14382	14844	3437239	320024126	0	0
14670	4469	11798	11323	3438112	320176682	4208065	419360040
14671	2462	3760	3558	3438397	320219900	0	0
14672	3288	6741	1805	3438685	320263646	4034936	396772126
14673	4750	8833	10729	3438710	320268591	0	0
14674	46	2977	1530	3438875	320295551	3782474	364708773
14675	6428	10824	17303	3439321	320355328	0	0
14676	2803	13394	26917	3439494	320382257	3537240	333171254
14677	1221	2332	1753	3440522	320555711	0	0
14678	943	8735	7007	3440948	320616397	0	0
14679	7875	14180	10504	3440959	320618065	3461283	323271553
14680	1416	4659	5648	3440968	320620962	0	0
14681	10882	14625	22936	3441522	320698779	0	0
14682	461	10822	3970	3441608	320712257	0	0
14683	4125	10025	12788	3442150	320796543	0	0
14684	10029	13046	15025	3443013	320920477	3504783	328510000
14685	4140	12054	4791	3443465	320985684	4011147	393856663
14686	5425	13653	12618	3443974	321059815	0	0
14687	5919	7255	15160	3444002	321063216	3478273	325526525
14688	5078	13744	5924	3444169	321089882	0	0
14689	5433	14315	13069	3444326	321107812	0	0
14690	3865	8030	11306	3444463	321127525	0	0
14691	6903	14026	18279	3444529	321138904	3769983	363042898
14692	5566	10922	8045	3444672	321165711	4290395	430065982
14693	505	7767	1079	3444713	321172536	0	0
14694	5679	9876	4335	3445027	321227464	4413246	446555499
14695	5391	7937	14625	3445509	321304573	0	0
14696	10469	13732	9245	3445705	321336774	0	0
14697	3033	12846	5592	3446339	321451133	0	0
14698	9200	10222	5455	3446378	321459531	0	0
14699	5972	8795	14946	3446570	321486069	4157485	412575028
14700	1020	3840	1748	3446626	321496897	0	0
14701	718	4337	2224	3448469	321770873	4141499	410445997
14702	2256	4514	3743	3448604	321785424	0	0
14703	10977	11034	11618	3448691	321794454	0	0
14704	2204	6368	5048	3449104	321845698	0	0
14705	3803	4117	2166	3449241	321863088	3601191	341362651
14706	10165	12623	16543	3449255	321864886	0	0
14707	5642	11587	8144	3450028	321963453	0	0
14708	4702	8566	7382	3450808	322055122	4230858	422234838
14709	1117	7199	2438	3451053	322079955	4341135	436885407
14710	10166	11919	10358	3451152	322089287	0	0
14711	8087	13374	9338	3451268	322102185	0	0
14712	474	11371	3754	3451993	322191940	3473425	324851627
14713	11060	12689	4951	3453021	322294411	0	0
14714	2732	11007	5772	3453540	322342487	4061462	400298693
14715	1018	13614	10414	3453773	322362657	0	0
14716	2697	2975	2919	3453998	322384933	0	0
14717	4738	5339	6284	3454107	322396380	3980461	389643913
14718	3032	3855	3286	3454747	322454387	0	0
14719	3681	6744	7954	3454978	322473646	0	0
14720	1929	13570	6540	3455383	322510141	0	0
14721	8157	12979	10792	3455410	322512015	0	0
14722	3400	11846	6518	3456119	322578189	0	0
14723	5825	12646	19505	3456534	322614484	0	0
14724	1743	2921	3487	3456714	322632547	0	0
14725	1734	10776	4716	3456739	322635743	4046263	398208687
14726	9429	14444	17716	3456858	322647499	0	0
14727	3734	10162	21966	3456942	322657717	0	0
14728	2447	7311	3448	3457445	322724273	0	0
14729	12129	13841	24197	3457777	322767158	0	0
14730	9515	11787	24601	3457868	322780118	0	0
14731	668	11996	4677	3457916	322787320	3467515	324138240
14732	9320	10972	18817	3459871	323078843	0	0
14733	4337	4718	5519	3460130	323113246	3916621	381619335
14734	8462	14250	14258	3460632	323179105	0	0
14735	8670	13540	12368	3460709	323190957	0	0
14736	4812	6933	8349	3460758	323195964	0	0
14737	408	14679	11230	3461283	323271553	0	0
14738	2820	4890	7437	3461587	323316268	0	0
14739	11758	13069	19296	3461864	323354095	0	0
14740	7847	9411	15986	3461867	323354515	3832374	371278508
14741	226	11942	3658	3462423	323453884	4089364	403840513
14742	3709	6005	4202	3462826	323525873	4351518	438262513
14743	1817	7693	7328	3463258	323584111	0	0
14744	5277	13988	9050	3463285	323586005	0	0
14745	3173	8367	5302	3463543	323626218	3779131	364232103
14746	5069	7847	9079	3463837	323671436	0	0
14747	1924	3147	2268	3464437	323750277	0	0
14748	390	14357	11253	3464700	323782890	0	0
14749	5725	12659	14996	3464741	323787584	0	0
14750	3022	3588	5130	3465450	323889216	0	0
14751	1280	2888	3005	3465736	323924734	0	0
14752	1585	14102	4942	3466579	324026817	4329328	434985426
14753	5021	13244	6311	3466866	324058639	3743937	359650517
14754	4298	8867	4803	3466912	324064087	0	0
14755	4406	11654	21985	3467216	324098262	0	0
14756	6116	10894	5328	3467251	324101624	0	0
14757	794	7663	5566	3467271	324104397	0	0
14758	4011	14731	5283	3467515	324138240	0	0
14759	9420	12592	15482	3467742	324167796	0	0
14760	4345	13450	13337	3469032	324338480	0	0
14761	11827	14602	8588	3469542	324402077	3661553	348826307
14762	2086	2597	3722	3469829	324436607	3542252	333908740
14763	1564	9914	8062	3470092	324467746	0	0
14764	1338	8065	7949	3470626	324527475	0	0
14765	11762	13507	5066	3470717	324538280	0	0
14766	2667	8791	8228	3471183	324588670	4091880	404093902
14767	4468	6791	10972	3471387	324610407	0	0
14768	12855	14419	15488	3472218	324703055	3961875	386968395
14769	3838	13583	13856	3472272	324709981	0	0
14770	1735	1991	2876	3472450	324732228	3533004	332569553
14771	3897	7712	6555	3473338	324839955	0	0
14772	12571	14712	12027	3473425	324851627	0	0
14773	673	9791	5172	3473828	324899476	3758108	361468061
14774	3469	10939	6205	3473947	324915473	3598318	340975858
14775	10047	11692	12497	3474330	324958398	0	0
14776	3899	13300	31198	3474864	325018043	0	0
14777	4506	6510	9375	3474882	325020940	0	0
14778	3850	4836	4103	3475075	325049756	0	0
14779	4390	8107	16225	3475079	325050008	3507868	329136904
14780	1367	3441	2958	3475205	325070772	3550465	335078836
14781	3322	4592	3790	3475351	325096669	0	0
14782	2725	12227	7726	3475853	325175899	0	0
14783	7807	9817	13025	3476108	325219609	0	0
14784	5662	10026	12330	3477346	325401038	0	0
14785	1246	10403	7962	3477924	325481661	4116589	407375775
14786	4660	4993	4390	3478016	325494930	3503606	328327612
14787	1205	8385	1414	3478194	325517609	0	0
14788	3197	14687	20579	3478273	325526525	0	0
14789	8473	13460	8990	3478354	325539328	0	0
14790	7545	10091	7400	3479475	325700586	0	0
14791	366	6943	4154	3479615	325720604	0	0
14792	4299	10065	8303	3479736	325735476	0	0
14793	1861	8129	4563	3479846	325749955	0	0
14794	2053	14459	9068	3479992	325770102	0	0
14795	893	9592	3953	3480069	325781933	4030645	396194702
14796	4528	8152	20971	3481342	325950370	3542742	333987974
14797	2810	12717	2649	3481718	325997426	0	0
14798	10667	12791	14535	3482509	326083964	0	0
14799	2443	12557	22404	3482679	326102915	0	0
14800	189	10164	2600	3482766	326115065	0	0
14801	9790	11926	17732	3483010	326150618	4227319	421679423
14802	8403	10645	11068	3483095	326161896	0	0
14803	4016	9285	3783	3484741	326370918	0	0
14804	4842	8102	7572	3484767	326374365	0	0
14805	460	14451	17370	3485358	326439902	3547901	334724936
14806	12451	13675	6209	3485360	326439919	0	0
14807	9550	13075	9139	3485386	326443400	4407152	445781930
14808	367	5392	674	3485412	326446513	0	0
14809	5690	12436	7777	3486636	326602708	4097031	404665597
14810	3394	4826	8148	3487739	326718480	3668294	349650886
14811	1078	6674	5462	3488791	326808993	0	0
14812	5071	10192	14059	3489184	326841125	3633839	345212652
14813	1032	2819	2218	3489309	326852268	0	0
14814	2627	5228	3210	3489487	326868076	0	0
14815	1777	1906	2964	3489730	326890838	0	0
14816	1155	9651	4954	3489752	326892808	3652309	347580376
14817	7247	14479	7033	3490147	326926047	0	0
14818	792	8666	11472	3490383	326948753	4335775	435978482
14819	8128	11618	6662	3490804	326987123	0	0
14820	1888	6049	3217	3491451	327043406	0	0
14821	1258	5562	1368	3491560	327052977	3926897	382763545
14822	8042	10760	7233	3491756	327070941	0	0
14823	975	2677	734	3492622	327141211	3720470	357069118
14824	3012	4730	5296	3493083	327174442	0	0
14825	4180	8400	8872	3493450	327200483	4401723	445121422
14826	338	2147	3626	3493552	327207411	0	0
14827	10428	13761	4084	3494776	327288121	0	0
14828	1136	2389	2800	3494868	327294627	0	0
14829	3318	8362	3324	3494933	327299109	0	0
14830	1918	3367	2583	3495050	327306132	4002558	392767321
14831	7954	8153	5195	3495320	327322324	0	0
14832	6928	9989	5478	3495717	327346944	4009348	393654050
14833	2245	3305	7768	3495863	327356068	0	0
14834	3998	6597	11435	3496478	327393721	3984555	390285967
14835	3236	10883	2986	3496584	327402288	0	0
14836	7292	9900	15506	3496606	327403588	0	0
14837	3254	11989	12024	3496767	327414468	0	0
14838	1639	12235	7269	3496810	327420043	0	0
14839	4642	8999	7404	3496813	327420291	0	0
14840	7316	8479	8632	3497339	327469280	0	0
14841	267	3480	2326	3497746	327512814	0	0
14842	1687	14442	7585	3497776	327515172	0	0
14843	3677	11320	17487	3497857	327526056	0	0
14844	1401	3615	4455	3498433	327594593	4396542	444484327
14845	5584	5623	12253	3498467	327597127	0	0
14846	10379	10470	13571	3498500	327600889	0	0
14847	779	8000	4064	3498589	327612757	3879637	377019273
14848	1072	1428	2343	3498838	327648438	3767124	362615639
14849	1402	3547	3903	3498938	327661526	0	0
14850	1546	8799	18477	3498983	327668152	0	0
14851	6188	10158	12819	3499006	327672010	0	0
14852	2313	2345	3882	3499992	327820599	0	0
14853	34	12699	20908	3500350	327873628	0	0
14854	888	10404	15772	3500413	327880116	3578882	338585487
14855	3333	6695	10092	3500776	327935128	0	0
14856	1073	3962	7191	3501469	328043342	3546511	334532891
14857	3121	3135	2320	3501876	328095191	3562791	336590320
14858	1636	11251	7063	3502295	328151069	0	0
14859	11773	13962	19690	3502713	328204662	0	0
14860	1441	6330	3569	3502751	328210391	3947563	385308537
14861	5652	12084	5567	3503389	328299698	0	0
14862	4759	14786	5332	3503606	328327612	3569371	337366224
14863	10249	11129	27807	3503732	328341839	0	0
14864	6910	11943	10763	3504139	328400809	0	0
14865	6928	7655	11201	3504407	328442396	3787362	365433329
14866	8787	12676	19251	3504509	328455977	0	0
14867	9887	14050	27066	3504627	328473567	3689924	352950702
14868	2495	14684	15931	3504783	328510000	0	0
14869	5606	12337	6488	3505056	328567758	0	0
14870	9754	10645	15862	3505174	328591272	3546151	334483148
14871	2922	13711	20627	3505531	328664708	3685784	352237742
14872	7820	8740	30002	3505573	328673194	3825321	370489368
14873	2682	2876	2148	3505877	328739038	3799167	367312436
14874	934	8812	9125	3506130	328792247	0	0
14875	4458	7016	12877	3507457	329062652	4261930	425776837
14876	10536	14779	22104	3507868	329136904	0	0
14877	11443	11631	3528	3508275	329215513	0	0
14878	5649	10394	11927	3508296	329220049	0	0
14879	10837	12147	5956	3508959	329338752	3595864	340637617
14880	10415	12628	9779	3509284	329392037	0	0
14881	8219	10224	10934	3509406	329414217	0	0
14882	8605	10329	25084	3509449	329421033	0	0
14883	4518	12167	13597	3510467	329604177	0	0
14884	8344	14521	14204	3510503	329612235	0	0
14885	5431	10995	29065	3510696	329647205	0	0
14886	7275	12663	13203	3510889	329682882	0	0
14887	31	9859	4460	3511346	329775033	0	0
14888	534	9748	1375	3512124	329912943	0	0
14889	14042	14471	34630	3513238	330071412	0	0
14890	3482	9009	6599	3513829	330177380	0	0
14891	2716	2766	5497	3513897	330189444	0	0
14892	12278	13546	12659	3514901	330341877	0	0
14893	1735	2579	3957	3514947	330347538	0	0
14894	1177	8269	7085	3515530	330428561	3752634	360819684
14895	4309	11039	5254	3516060	330493909	0	0
14896	557	6419	7788	3516650	330567950	3542311	333916429
14897	2918	7674	5289	3516811	330588919	0	0
14898	9086	12187	19407	3516992	330613533	4202833	418754082
14899	4342	5665	4009	3517107	330628599	0	0
14900	859	2140	3140	3517454	330674196	3700011	354368019
14901	2052	3414	2227	3518112	330756427	0	0
14902	2298	12710	2138	3518880	330838171	0	0
14903	1642	10033	2793	3518962	330845127	3730315	358102740
14904	6459	12994	28355	3518981	330846991	0	0
14905	6535	8756	9208	3519093	330860887	3631877	345002626
14906	8954	10046	8752	3519266	330884085	3642807	346307904
14907	7540	14567	19283	3519421	330903933	0	0
14908	12211	14601	8357	3520718	331089223	0	0
14909	397	8041	4450	3520874	331109888	0	0
14910	9190	13955	10626	3521352	331165448	4189784	416561311
14911	2747	7879	2525	3521666	331208330	0	0
14912	12911	13882	20509	3522973	331345720	0	0
14913	10790	12144	8514	3523751	331426770	0	0
14914	3437	9851	4931	3524386	331492719	0	0
14915	8715	12973	23449	3524455	331498780	0	0
14916	3413	10254	3769	3524606	331515671	0	0
14917	3831	11734	11899	3525016	331561068	0	0
14918	12269	13231	11254	3525167	331576763	0	0
14919	1580	7298	1807	3525386	331602998	0	0
14920	149	14463	9171	3525505	331615862	3835759	371675461
14921	5469	13861	14506	3525665	331635204	0	0
14922	2223	6834	2753	3526713	331771380	0	0
14923	1526	12810	2916	3526752	331777204	0	0
14924	793	4630	772	3526840	331788440	0	0
14925	8263	10451	5009	3526914	331796969	4248014	424150928
14926	11	431	78	3526944	331800884	0	0
14927	4828	9269	5591	3527003	331809252	0	0
14928	1231	6155	4158	3527013	331810218	0	0
14929	2477	10054	14215	3527448	331864487	0	0
14930	7686	14127	13402	3527459	331865811	0	0
14931	6757	8393	4216	3527561	331878361	3748179	360235423
14932	2024	5208	3031	3527694	331900674	0	0
14933	2251	9141	9292	3527965	331937253	0	0
14934	1684	6286	5255	3529442	332117529	4456305	451929802
14935	5371	10915	20922	3529591	332134210	4346764	437643230
14936	5242	12164	12331	3529877	332171291	0	0
14937	6868	8123	5941	3530014	332188193	0	0
14938	10189	11729	4516	3530577	332259819	0	0
14939	1093	9971	10489	3530597	332262892	3909935	380700244
14940	4237	12189	6555	3531041	332317024	3615134	343183439
14941	1272	6873	3614	3531449	332365136	0	0
14942	12065	13966	10760	3531678	332390087	0	0
14943	1242	6860	3478	3531832	332411053	3841498	372397698
14944	5217	13558	18326	3532049	332439992	0	0
14945	1895	2538	1328	3532400	332492374	4398087	444678989
14946	7957	8299	7888	3532593	332516524	0	0
14947	6727	14770	4181	3533004	332569553	0	0
14948	582	8198	6378	3533145	332588845	0	0
14949	8885	11372	10221	3533247	332601143	0	0
14950	4471	9359	3112	3533831	332674712	0	0
14951	7148	12295	17259	3533932	332687333	0	0
14952	6510	7355	11859	3534066	332705754	4172545	414456899
14953	6391	10812	22045	3534992	332837654	0	0
14954	9546	10188	11925	3535007	332840110	0	0
14955	7602	12023	14197	3535260	332876864	0	0
14956	335	11133	3124	3536012	332987427	0	0
14957	2496	8163	14318	3536084	332997140	3865574	375149800
14958	793	5662	6817	3536360	333039713	0	0
14959	689	7067	5181	3536547	333069505	0	0
14960	6838	7728	12978	3537079	333145201	0	0
14961	2469	14676	28851	3537240	333171254	0	0
14962	4701	12051	12747	3537854	333273670	0	0
14963	10388	11613	5704	3538074	333311795	0	0
14964	1045	12771	5362	3538084	333312545	4331630	435294888
14965	11289	13846	10243	3538086	333312806	0	0
14966	3214	3398	1743	3538474	333374684	0	0
14967	4408	8405	6879	3539349	333515355	3896103	378991132
14968	6828	7854	9003	3540044	333614305	0	0
14969	9351	9388	10607	3540063	333616390	4380532	442404398
14970	2196	8895	5818	3540762	333715931	4187251	416244174
14971	1096	10707	6167	3540887	333732434	0	0
14972	7655	8601	8773	3540947	333740453	0	0
14973	466	11225	4817	3541034	333751556	0	0
14974	7157	8991	10996	3542056	333882048	0	0
14975	4306	14310	22665	3542165	333895093	0	0
14976	6718	14762	11180	3542252	333908740	0	0
14977	2059	5511	5878	3542299	333914782	0	0
14978	4495	14896	13602	3542311	333916429	0	0
14979	2861	14796	22063	3542742	333987974	0	0
14980	3735	6420	3932	3543686	334149448	0	0
14981	6103	9722	3570	3544115	334212676	3732612	358347012
14982	9541	14502	13441	3544781	334306575	0	0
14983	7351	7676	8902	3545829	334440351	4436633	449524970
14984	6237	10451	6711	3546035	334466850	0	0
14985	8587	8932	7688	3546115	334478062	0	0
14986	4806	14870	16516	3546151	334483148	0	0
14987	2027	14856	8423	3546511	334532891	0	0
14988	637	2764	1433	3546698	334560819	0	0
14989	3126	13047	2614	3546923	334591254	0	0
14990	6118	11064	20581	3547612	334683763	0	0
14991	454	14805	17545	3547901	334724936	0	0
14992	1554	12849	9434	3548843	334873585	0	0
14993	4821	10862	7091	3548968	334889371	4287416	429598084
14994	6139	14780	3628	3550465	335078836	0	0
14995	806	2545	646	3550711	335105241	0	0
14996	739	849	1440	3550763	335110569	0	0
14997	12832	13961	23426	3550923	335127426	0	0
14998	1974	8327	4742	3551278	335177233	0	0
14999	176	7573	6495	3551337	335185759	0	0
15000	12541	12857	29692	3551706	335229186	3560023	336250335
15001	842	4631	3610	3552606	335351604	0	0
15002	9133	10275	19360	3553692	335481133	0	0
15003	4611	12269	3863	3553792	335492518	0	0
15004	8369	10826	14305	3553866	335503740	3686732	352399702
15005	1228	1664	1181	3555330	335680352	3754466	361019516
15006	3156	5247	7045	3555336	335680738	3743364	359578470
15007	5828	8629	7618	3555439	335690694	0	0
15008	820	8327	3706	3555810	335732755	0	0
15009	5342	5775	6473	3556267	335776052	0	0
15010	10709	11091	10601	3556304	335779963	0	0
15011	2185	3613	3604	3556351	335785621	0	0
15012	4525	6843	5163	3556819	335835147	4234986	422778764
15013	10504	13834	17455	3557006	335853942	0	0
15014	374	3802	2001	3557020	335855236	0	0
15015	9694	14511	8317	3557461	335907714	0	0
15016	6553	7635	7115	3557524	335916662	4332961	435488157
15017	547	2223	329	3557615	335927380	4056971	399712319
15018	5612	13249	26765	3557629	335928775	3677441	350883463
15019	725	3641	3403	3557986	335984953	0	0
15020	1579	3257	2331	3557990	335985186	0	0
15021	6104	6525	7528	3559417	336181117	4025176	395337042
15022	4802	6589	5534	3559730	336216242	0	0
15023	368	1702	1520	3559817	336227930	0	0
15024	182	494	297	3559977	336246341	0	0
15025	8615	15000	32692	3560023	336250335	0	0
15026	1924	13604	19158	3562372	336541926	0	0
15027	1124	8197	8673	3562495	336554055	3606633	342080578
15028	3104	6235	9474	3562641	336571623	0	0
15029	2025	14857	2605	3562791	336590320	0	0
15030	2483	6392	6112	3562846	336597332	4028685	395882247
15031	6519	11531	5979	3562948	336612355	0	0
15032	12241	13169	12373	3564346	336780527	0	0
15033	2281	2655	2488	3564485	336797605	4425124	448174097
15034	451	7958	1923	3564576	336806465	0	0
15035	2534	5671	3757	3564672	336818419	0	0
15036	7485	14518	12034	3564954	336847691	0	0
15037	13851	14262	12376	3565092	336862896	4077288	402293682
15038	1451	6402	4617	3565150	336869619	0	0
15039	2407	8980	7099	3565444	336902909	0	0
15040	7523	13212	12187	3565653	336926717	0	0
15041	1816	3638	994	3566004	336971576	0	0
15042	813	10029	4561	3566013	336972415	0	0
15043	4819	11804	6041	3566919	337077768	0	0
15044	2797	7774	11513	3567246	337113134	0	0
15045	1340	14174	8138	3567492	337142978	0	0
15046	9773	11976	29921	3567936	337192016	0	0
15047	2850	9089	16368	3568916	337309851	0	0
15048	8235	14862	8956	3569371	337366224	0	0
15049	935	6988	6294	3570195	337465961	0	0
15050	1587	10434	3469	3570731	337519608	3822241	370155756
15051	9377	12240	13232	3571191	337567177	0	0
15052	572	13992	7073	3571261	337574541	0	0
15053	5288	11688	21977	3571437	337594281	4017387	394492323
15054	1904	8607	6257	3571698	337625990	0	0
15055	13607	14167	32644	3571781	337637952	0	0
15056	6273	14490	12533	3571982	337669098	0	0
15057	1447	12806	8529	3572099	337688136	0	0
15058	3758	13049	7417	3573630	337919136	0	0
15059	3302	12910	13790	3573779	337942794	0	0
15060	6103	8128	3342	3574072	337985784	0	0
15061	3138	4518	4203	3574693	338073096	0	0
15062	2461	6125	5071	3574830	338088990	0	0
15063	9027	9209	6870	3574960	338104031	0	0
15064	7787	8229	6229	3574992	338108417	4264229	426093725
15065	5297	10437	7186	3575158	338132448	3962968	387108484
15066	12603	14183	12921	3575423	338166717	3921913	382241533
15067	6071	7619	3163	3576270	338271148	0	0
15068	10036	10205	14359	3576531	338301834	0	0
15069	5309	5588	3965	3576712	338326172	3815731	369277191
15070	4542	7036	8946	3576967	338359650	0	0
15071	1449	8653	9718	3577152	338382932	0	0
15072	511	4077	1257	3578498	338547347	4329647	435030523
15073	1967	12829	7406	3578637	338560257	0	0
15074	13796	14854	28398	3578882	338585487	0	0
15075	2873	10930	7838	3579279	338636739	0	0
15076	12278	13224	21054	3579363	338649924	4349049	437920436
15077	10068	12204	12266	3579825	338721040	0	0
15078	10004	10477	8922	3580012	338747486	0	0
15079	2790	7489	4821	3580220	338778523	0	0
15080	7339	11379	9601	3580745	338852765	0	0
15081	5155	12033	11059	3580874	338871615	0	0
15082	5652	14646	9913	3580927	338879628	0	0
15083	172	351	210	3581044	338898202	3675935	350643480
15084	5524	9341	6476	3581139	338912906	0	0
15085	10661	12645	9736	3582792	339144571	0	0
15086	3748	11714	5415	3583108	339180190	0	0
15087	248	7514	4014	3583197	339190091	3912332	381056919
15088	519	9470	8125	3583526	339226763	0	0
15089	4829	7726	13452	3584552	339339703	4215873	420349550
15090	6672	11181	9843	3584997	339386186	0	0
15091	9986	11800	12322	3585216	339409860	3773180	363484723
15092	11881	12481	9673	3585245	339412348	0	0
15093	9777	11261	3884	3586049	339504597	0	0
15094	9325	13637	16492	3586773	339579729	0	0
15095	797	13825	16222	3587095	339614116	0	0
15096	1381	10553	4797	3587118	339615607	0	0
15097	4255	9390	10539	3587275	339633256	4381184	442501990
15098	669	10828	3750	3587403	339650717	0	0
15099	8670	8913	13824	3587941	339720898	0	0
15100	907	1211	1822	3588773	339818147	0	0
15101	6682	13598	20346	3588837	339824539	4439735	449938703
15102	5441	9719	10647	3588850	339825660	3877979	376799243
15103	10218	10895	10172	3589284	339882696	0	0
15104	184	1605	499	3590449	340023760	4452320	451426704
15105	2812	11608	4775	3590717	340053245	0	0
15106	442	11524	10680	3590753	340057451	3640014	345957022
15107	2860	3660	4604	3590805	340062469	0	0
15108	3429	10785	2267	3591026	340085898	0	0
15109	6390	13543	9354	3591097	340092914	0	0
15110	233	4179	6113	3591111	340093669	0	0
15111	4573	7408	9099	3591518	340140027	0	0
15112	517	10792	5490	3592041	340198507	0	0
15113	5859	11298	11068	3592247	340219966	0	0
15114	6626	9880	8856	3592911	340297124	0	0
15115	10783	13457	23918	3593079	340317081	4163972	413340455
15116	422	3840	936	3593124	340322261	0	0
15117	6570	13785	25634	3594522	340483595	0	0
15118	1086	3794	1664	3595533	340599788	4070124	401457042
15119	7694	8274	14336	3595608	340607301	0	0
15120	12792	13885	21171	3595740	340620227	0	0
15121	5482	14879	11777	3595864	340637617	0	0
15122	6309	7494	10970	3596278	340694494	0	0
15123	5625	11670	15307	3596523	340733017	0	0
15124	10463	10848	11737	3597412	340849519	0	0
15125	6178	7877	7476	3597450	340854466	0	0
15126	8115	8366	8694	3597721	340893423	0	0
15127	270	5306	5808	3598070	340942109	0	0
15128	12129	14774	17762	3598318	340975858	0	0
15129	10518	11210	16009	3598343	340979909	0	0
15130	5852	7304	2737	3598686	341034214	0	0
15131	8263	13593	15130	3599744	341173886	0	0
15132	5465	6552	3544	3600244	341237880	0	0
15133	3062	7505	4954	3600557	341274749	0	0
15134	3062	12057	10762	3600557	341274749	0	0
15135	7505	12057	11996	3600557	341274749	4208065	419360040
15136	1986	14356	9499	3600693	341293493	3808116	368420795
15137	9990	14705	4151	3601191	341362651	0	0
15138	11105	11691	17877	3601248	341370194	4359258	439270177
15139	12514	14263	12545	3601294	341376598	3698919	354233268
15140	8985	13239	17272	3602892	341601290	0	0
15141	4828	8500	8837	3603093	341626632	0	0
15142	347	14025	17517	3604171	341765222	0	0
15143	339	5390	2544	3604749	341838874	3957246	386510535
15144	1617	10659	10702	3605125	341886652	0	0
15145	13226	13261	20148	3605594	341940494	0	0
15146	3998	5862	2604	3605928	341984008	3735149	358621131
15147	44	8051	11554	3605988	341993009	0	0
15148	5209	7682	6321	3606590	342073389	0	0
15149	1957	15027	9328	3606633	342080578	3782037	364643857
15150	2263	8120	5717	3607065	342141917	0	0
15151	8453	14468	10637	3607417	342186413	4070845	401549476
15152	391	11441	9759	3607461	342194636	0	0
15153	4895	7256	9320	3607504	342199331	0	0
15154	3889	10649	5906	3607609	342214649	3640215	345979726
15155	1490	5832	9392	3608040	342279134	0	0
15156	5156	10967	8490	3608675	342368562	4203579	418855035
15157	3318	4046	6880	3608898	342403526	0	0
15158	5999	10988	10054	3609241	342452817	4364970	440166702
15159	213	2970	3708	3609798	342523233	0	0
15160	2121	6304	6797	3610299	342579136	0	0
15161	7384	10530	11845	3610302	342579220	4412246	446429717
15162	4821	6731	7295	3611744	342751902	0	0
15163	11104	13712	13354	3612106	342788769	0	0
15164	10538	14052	17287	3612234	342802112	4189328	416490496
15165	12228	14190	9761	3612523	342839036	4436299	449476785
15166	36	7560	6283	3612837	342878981	0	0
15167	5583	8851	15401	3613194	342926114	0	0
15168	1073	8178	9566	3613279	342936439	3765900	362451085
15169	2638	4944	5410	3613321	342941489	0	0
15170	2379	2719	4393	3613473	342961764	0	0
15171	1288	2180	2487	3614183	343052517	0	0
15172	6320	13703	8405	3614200	343053930	0	0
15173	11050	12512	21423	3614529	343093392	0	0
15174	11396	11544	16037	3614540	343094444	0	0
15175	6973	14940	8107	3615134	343183439	0	0
15176	5396	10501	9807	3615232	343196839	0	0
15177	5181	12533	7574	3615235	343197260	0	0
15178	7812	12122	7874	3616774	343411417	0	0
15179	5267	5643	4923	3616919	343429820	4259604	425461686
15180	1527	6597	11220	3617436	343490947	0	0
15181	1275	8501	10178	3618734	343631415	0	0
15182	1714	10204	3676	3618820	343641047	0	0
15183	1263	12845	7185	3618832	343642064	0	0
15184	2523	4842	7979	3618948	343654743	4155677	412394582
15185	144	5021	349	3619108	343671524	0	0
15186	2602	10568	14503	3620288	343793916	0	0
15187	1026	1286	1090	3620453	343811095	4183732	415798207
15188	8515	12326	11896	3620926	343858901	0	0
15189	832	10184	3902	3620952	343861255	4065414	400861266
15190	3241	14762	5377	3621358	343899948	0	0
15191	7904	10394	9256	3621853	343947100	0	0
15192	2721	14473	21322	3622374	343998430	0	0
15193	2130	3747	2239	3622750	344041552	0	0
15194	592	2324	3156	3623186	344093029	0	0
15195	9350	11152	10203	3623409	344115469	0	0
15196	6331	11425	11028	3623553	344128595	0	0
15197	11128	11494	5110	3624286	344204975	3910824	380825893
15198	173	6181	10209	3624887	344260770	0	0
15199	5814	12782	10153	3624998	344270903	4084766	403279997
15200	354	2886	1426	3625402	344310457	0	0
15201	737	12414	4761	3625464	344316148	3707245	355307361
15202	9831	13848	14820	3625553	344325238	4037167	397074384
15203	4258	7737	7612	3625652	344337009	0	0
15204	392	6562	2083	3625887	344362466	3651943	347543915
15205	6849	6902	8166	3626472	344423369	0	0
15206	1492	2279	1833	3627335	344509948	0	0
15207	7490	7777	7365	3627880	344558297	0	0
15208	7758	11749	27882	3628144	344581967	0	0
15209	4758	9642	8000	3628554	344624077	0	0
15210	5063	8093	17377	3628647	344634335	0	0
15211	2811	3336	6955	3628667	344636557	0	0
15212	787	11390	2764	3628884	344663598	0	0
15213	1955	11938	3215	3629069	344687260	4373740	441445211
15214	2236	7919	5182	3629572	344741024	3901066	379727824
15215	4847	10094	9169	3629800	344761612	4333789	435629315
15216	11396	11512	24061	3630125	344801772	0	0
15217	6411	8835	9572	3630155	344805342	0	0
15218	2689	6447	2058	3631028	344916042	0	0
15219	3745	4812	3311	3631227	344938387	0	0
15220	11096	14905	17932	3631877	345002626	0	0
15221	7840	9116	12215	3632619	345086447	3677525	350898731
15222	5229	10636	6677	3633253	345152408	0	0
15223	12256	12414	6329	3633298	345156524	0	0
15224	8863	12503	9110	3633702	345197125	0	0
15225	12678	13974	6735	3633723	345199785	0	0
15226	12635	14812	20672	3633839	345212652	0	0
15227	3207	13618	5155	3634207	345258221	3696466	353947851
15228	6474	10102	6428	3634265	345267428	0	0
15229	1889	3161	6359	3634773	345331343	3768774	362853368
15230	1239	12819	6064	3634814	345336511	0	0
15231	4136	12248	13247	3635321	345403644	0	0
15232	523	10101	7398	3635732	345453913	0	0
15233	6046	11163	13018	3635877	345473010	4032679	396486581
15234	5750	13154	4964	3636337	345533489	0	0
15235	133	14150	3864	3636745	345589631	0	0
15236	1296	4694	2736	3636894	345606829	0	0
15237	4271	4837	3635	3637363	345660587	0	0
15238	5661	11758	4664	3637704	345698665	0	0
15239	3005	6624	6639	3638059	345734841	0	0
15240	2799	4005	4556	3638282	345760337	0	0
15241	1010	12651	6680	3638285	345760470	0	0
15242	5860	14596	23391	3638662	345796422	3767856	362714443
15243	11163	12331	10968	3639378	345884045	3709061	355504450
15244	8040	15106	13935	3640014	345957022	0	0
15245	9328	10077	2932	3640102	345967862	0	0
15246	4484	6352	6142	3640155	345973595	0	0
15247	12613	15154	7408	3640215	345979726	0	0
15248	2536	5794	2983	3640753	346048298	0	0
15249	4949	8015	9831	3640894	346064022	0	0
15250	2853	13685	14933	3640941	346070319	0	0
15251	149	10912	9786	3641342	346123497	0	0
15252	1446	7961	12644	3641953	346199484	3937183	383999253
15253	4816	7220	8616	3642006	346206466	4242433	423572628
15254	7606	14906	13863	3642807	346307904	3875300	376471033
15255	9195	13351	28670	3643347	346381531	3866600	375294007
15256	5153	13060	7456	3643743	346438459	0	0
15257	5249	8373	6324	3643912	346461537	0	0
15258	3213	9733	8826	3644150	346493980	3837502	371864952
15259	2307	11720	7865	3644784	346584457	3675935	350643480
15260	9226	13343	6559	3645236	346641493	0	0
15261	11568	12943	8287	3645376	346661411	4012325	393987942
15262	10428	10481	7953	3645466	346674683	0	0
15263	4222	12550	8120	3645529	346682611	0	0
15264	9929	13063	9183	3646344	346793727	0	0
15265	8812	12194	24728	3646373	346797846	0	0
15266	4630	8185	3324	3646759	346861673	0	0
15267	3800	8790	3735	3646787	346864743	0	0
15268	600	13187	4587	3646963	346890350	3668083	349624877
15269	1247	4762	8919	3647023	346900410	0	0
15270	8692	8896	6891	3647302	346941061	0	0
15271	7715	7958	4311	3647396	346955855	0	0
15272	7426	10236	5828	3647507	346971593	0	0
15273	5463	8880	7269	3647561	346980456	4283207	429044035
15274	74	12903	10427	3647640	346992598	0	0
15275	2509	5044	5987	3648858	347185230	0	0
15276	2501	9401	9541	3649107	347220955	0	0
15277	7789	13537	6597	3650343	347369257	0	0
15278	1060	13532	9560	3651215	347466902	0	0
15279	2312	4616	1771	3651779	347526511	0	0
15280	11102	15204	2693	3651943	347543915	3652309	347580376
15281	10138	13499	22849	3652263	347575410	0	0
15282	14816	15280	7647	3652309	347580376	0	0
15283	8664	12962	10680	3652351	347586415	0	0
15284	1820	6827	4177	3652596	347616767	0	0
15285	639	10488	17076	3652859	347650975	0	0
15286	7263	12569	28272	3652967	347664549	4332961	435488157
15287	4540	14862	7535	3653673	347767872	0	0
15288	25	11441	9673	3654498	347876387	0	0
15289	7087	9026	21890	3654835	347920039	0	0
15290	48	3223	2483	3655086	347955941	0	0
15291	2054	9027	1108	3655134	347961488	0	0
15292	2233	10614	4364	3655573	348018515	3962968	387108484
15293	2902	9907	8790	3655806	348047842	0	0
15294	4165	11708	8566	3655880	348056427	0	0
15295	8775	12386	15722	3656282	348110290	0	0
15296	8380	13535	17081	3656475	348139824	4258017	425251222
15297	1085	14163	3573	3657208	348244186	0	0
15298	2575	12254	6350	3657666	348303442	0	0
15299	11214	13983	24756	3657951	348336886	0	0
15300	11773	12703	14254	3658904	348464457	0	0
15301	8855	9733	11047	3659513	348537851	0	0
15302	2183	8799	18368	3659760	348568064	0	0
15303	10026	12627	22719	3659953	348593970	0	0
15304	424	11860	4664	3660016	348602672	0	0
15305	4223	8300	11563	3660309	348643711	0	0
15306	2744	5995	6853	3661308	348791610	0	0
15307	240	14761	8812	3661553	348826307	0	0
15308	8972	9298	11259	3661600	348832768	0	0
15309	11227	13207	19984	3662913	348996817	3683460	351820042
15310	8344	8495	13146	3663083	349022353	0	0
15311	941	2003	2178	3663312	349057853	0	0
15312	772	3558	1403	3663889	349135852	4005611	393176547
15313	4426	11126	7621	3664129	349163962	3683184	351775714
15314	1846	12514	6821	3664182	349171747	0	0
15315	5214	14626	7523	3664862	349252771	0	0
15316	476	2222	3548	3665743	349347177	0	0
15317	2380	3553	3992	3665959	349369197	4350951	438185920
15318	9929	12745	11777	3665991	349371918	0	0
15319	8214	14577	24054	3666666	349443190	3817788	369555974
15320	2170	10224	7621	3666764	349452568	0	0
15321	5437	13613	8499	3666846	349463180	4191660	416920049
15322	747	13582	2055	3667434	349545327	0	0
15323	10070	11500	4358	3667509	349554493	0	0
15324	3507	8420	3694	3668068	349623269	0	0
15325	11555	15268	8899	3668083	349624877	3898130	379306270
15326	3830	14810	15009	3668294	349650886	0	0
15327	5973	8195	6851	3668325	349654392	0	0
15328	2602	13629	2277	3668471	349673182	0	0
15329	4202	12636	6669	3668520	349680089	0	0
15330	5087	10881	12743	3668739	349709002	0	0
15331	5202	13597	9061	3668782	349715711	4334311	435717644
15332	5689	9578	13433	3669369	349797848	0	0
15333	9401	11434	15045	3669754	349853642	4300748	431440776
15334	9387	14397	12225	3669914	349877368	3930739	383178994
15335	1261	7385	8217	3671314	350058042	4295159	430681951
15336	4230	9044	8027	3672537	350188161	0	0
15337	2520	12648	11644	3672550	350189142	0	0
15338	10161	13479	9276	3673085	350249380	4166303	413682502
15339	8386	9018	15751	3673095	350250443	3695499	353798609
15340	7862	8972	9461	3673317	350279348	0	0
15341	3540	8586	9381	3673431	350290969	0	0
15342	2145	12813	24308	3674342	350402903	0	0
15343	6819	11492	15883	3674538	350433815	0	0
15344	1719	14644	6882	3674550	350435007	0	0
15345	5007	13837	20116	3674988	350500729	0	0
15346	6806	11145	13349	3675408	350567252	0	0
15347	6427	7331	13099	3675685	350605450	0	0
15348	15083	15259	8075	3675935	350643480	3947251	385259826
15349	5594	8083	11232	3675942	350644411	0	0
15350	253	2046	2354	3676620	350760412	0	0
15351	13058	13219	5724	3676792	350785286	0	0
15352	6481	8671	5149	3676895	350802805	0	0
15353	2637	8581	3762	3676904	350804723	4418788	447241318
15354	2552	5728	2445	3677303	350862741	0	0
15355	82	733	369	3677337	350867122	0	0
15356	5325	15018	32747	3677441	350883463	0	0
15357	9826	15221	20355	3677525	350898731	0	0
15358	156	9352	4892	3677560	350906470	3897621	379226079
15359	4649	14269	14533	3678719	351109356	0	0
15360	1265	2507	6841	3678736	351111802	0	0
15361	3483	11796	4142	3679021	351159259	0	0
15362	3729	8378	4364	3679438	351227406	0	0
15363	5644	13192	6339	3679470	351233025	0	0
15364	1344	9119	2597	3680141	351333276	4100597	405147583
15365	9904	13392	6978	3680269	351351276	0	0
15366	6695	13099	11721	3680446	351375717	4049192	398606781
15367	1591	14168	16517	3681567	351541023	0	0
15368	2562	12198	2221	3681676	351558920	0	0
15369	9668	13124	19185	3681701	351562960	0	0
15370	2123	5471	1243	3682688	351711882	0	0
15371	881	3546	2733	3682955	351747617	4068729	401248264
15372	7213	9088	15283	3683010	351754732	0	0
15373	9074	15313	23371	3683184	351775714	0	0
15374	4775	7341	7597	3683289	351792494	0	0
15375	9254	15309	21385	3683460	351820042	4225792	421455738
15376	4834	10422	18377	3683781	351875389	4097384	404706200
15377	2608	10470	10237	3684060	351923100	0	0
15378	11658	12063	7608	3684359	351978477	0	0
15379	4235	5420	14981	3684697	352040613	0	0
15380	45	9309	1196	3685477	352190858	0	0
15381	11395	14871	32214	3685784	352237742	0	0
15382	5428	5681	5393	3686490	352358177	0	0
15383	9860	15004	23871	3686732	352399702	0	0
15384	13148	14311	14983	3686737	352400365	0	0
15385	11608	12048	16189	3687168	352492232	0	0
15386	1009	9006	5069	3687553	352565379	0	0
15387	5282	5378	5446	3689035	352809476	0	0
15388	9674	11895	26309	3689240	352843120	3882912	377464439
15389	9284	14243	15598	3689754	352927188	3755632	361151104
15390	1608	14867	28274	3689924	352950702	0	0
15391	8859	8946	11450	3690229	353005863	0	0
15392	196	12597	8851	3691812	353267142	4420270	447444557
15393	13480	13514	12372	3692359	353343459	0	0
15394	4008	12011	11201	3692756	353398139	4253970	424753519
15395	1649	13441	11211	3693223	353460989	3972408	388620717
15396	2773	13229	6746	3693278	353469190	0	0
15397	14190	14325	12606	3694222	353608652	0	0
15398	163	2444	1673	3694455	353640572	0	0
15399	676	9145	4452	3694627	353662370	0	0
15400	10327	14437	21227	3694755	353678032	4050577	398772616
15401	5336	9895	9861	3694991	353717595	0	0
15402	2966	15339	18739	3695499	353798609	0	0
15403	8792	15227	8371	3696466	353947851	0	0
15404	5317	9657	3879	3697194	354038882	0	0
15405	57	4745	7843	3698051	354137036	3982058	389895016
15406	1494	13034	9438	3698349	354170185	4286104	429418456
15407	14220	15139	17617	3698919	354233268	0	0
15408	8792	13534	6028	3699034	354249405	0	0
15409	8145	10670	5282	3699059	354253242	0	0
15410	99	13608	3090	3699458	354301573	0	0
15411	1312	2106	1511	3699595	354317979	0	0
15412	8676	10291	13882	3699860	354346987	0	0
15413	1754	14900	3275	3700011	354368019	4119367	407733528
15414	9597	13516	8810	3700541	354428301	0	0
15415	3316	14173	8868	3700739	354454753	0	0
15416	5700	13805	16865	3700764	354458279	3765849	362446231
15417	1534	2764	1694	3701070	354500803	0	0
15418	4629	11712	6241	3701766	354588350	0	0
15419	4703	10666	6173	3702249	354647722	0	0
15420	8478	9632	14886	3702291	354652523	0	0
15421	155	12765	13470	3702944	354730200	0	0
15422	8711	12270	19069	3703273	354774972	0	0
15423	3044	9884	10651	3703424	354797264	0	0
15424	7047	7852	7186	3703817	354849294	3805528	368093220
15425	9146	12549	7471	3703907	354860403	0	0
15426	3667	12061	5018	3704568	354949580	0	0
15427	10175	10835	16888	3704925	354993669	0	0
15428	7777	13513	10800	3705253	355036421	0	0
15429	1112	8609	4081	3705342	355047605	0	0
15430	5872	7076	5196	3705479	355066831	0	0
15431	8307	11708	10864	3705526	355073561	0	0
15432	8453	10376	14589	3705824	355114941	3958554	386621952
15433	5407	9995	7263	3706484	355207175	3710181	355638316
15434	8599	10472	3410	3706723	355239727	4385449	443139363
15435	4506	15201	8705	3707245	355307361	0	0
15436	10117	11033	18266	3708438	355440767	0	0
15437	7349	7937	9641	3708824	355479058	0	0
15438	2032	7446	6227	3708922	355488135	0	0
15439	13239	15243	17361	3709061	355504450	0	0
15440	879	3178	1315	3709786	355589036	0	0
15441	4803	12394	10714	3709795	355589577	0	0
15442	7155	8091	6959	3710026	355619738	0	0
15443	6709	14396	5423	3710085	355626822	3825677	370536645
15444	609	15433	7688	3710181	355638316	3760114	361752419
15445	3044	6975	6986	3710664	355702805	4360187	439429971
15446	7614	11048	7303	3710720	355708944	0	0
15447	5141	6449	3332	3710733	355710865	0	0
15448	7508	8507	6773	3710751	355714363	3979117	389468802
15449	4453	6514	5408	3711131	355768953	0	0
15450	1512	13850	3667	3711293	355790326	0	0
15451	10595	13905	16662	3711519	355819791	4087127	403570228
15452	1815	2208	2091	3711574	355827893	0	0
15453	11722	11813	22271	3712292	355927992	4130667	409171897
15454	12991	13870	9131	3712422	355950036	4415241	446789047
15455	1084	2111	2445	3712507	355960998	0	0
15456	6326	7655	9993	3712651	355983651	4331795	435319868
15457	4939	7102	6434	3712664	355986304	0	0
15458	1758	11937	1996	3712941	356028439	0	0
15459	1061	5987	4337	3713065	356048099	0	0
15460	2018	6461	4153	3713487	356109925	0	0
15461	3756	11181	10386	3713969	356174311	0	0
15462	11735	12098	15870	3713990	356177407	0	0
15463	1531	2012	1240	3714284	356225008	0	0
15464	5995	13232	11037	3714694	356285230	0	0
15465	4979	8224	14412	3715017	356327492	4092775	404189714
15466	5137	6801	9826	3715392	356378923	0	0
15467	8007	9282	10186	3715622	356415178	0	0
15468	3210	7117	4290	3715795	356439369	0	0
15469	1701	3305	6772	3716271	356508809	0	0
15470	7567	12817	24158	3716364	356522429	0	0
15471	11556	13229	6689	3716588	356555871	4406498	445697519
15472	5053	7321	8999	3716822	356592810	0	0
15473	5936	12925	12203	3717782	356732289	0	0
15474	4214	5871	7498	3718076	356774716	0	0
15475	11897	11921	17791	3719125	356909102	0	0
15476	12395	12603	7047	3719823	356994530	0	0
15477	11019	12326	13267	3719889	357001406	4021771	394932709
15478	9534	14823	20431	3720470	357069118	0	0
15479	6123	7845	7741	3722741	357307407	0	0
15480	1165	12089	14339	3722790	357311032	0	0
15481	1028	4954	1911	3723052	357338589	0	0
15482	4497	12697	19926	3723079	357340884	0	0
15483	9078	13861	20349	3724497	357488543	0	0
15484	10132	13225	9305	3724518	357491175	4026513	395499794
15485	10516	12461	5687	3724545	357494611	0	0
15486	10007	11663	14841	3724605	357501678	3909213	380603304
15487	7200	10597	10558	3726468	357703637	0	0
15488	3525	14014	4630	3726870	357743033	3754420	361015536
15489	565	13944	12302	3726988	357753317	0	0
15490	5496	8859	10248	3727728	357829136	0	0
15491	6596	6759	9214	3728150	357868706	0	0
15492	10517	13966	7232	3728304	357881919	0	0
15493	3754	14642	12940	3728602	357913745	0	0
15494	1152	9102	7790	3728965	357952322	0	0
15495	4239	4265	3065	3729091	357964788	0	0
15496	5697	8650	10473	3729555	358014552	0	0
15497	6255	11560	12889	3729625	358021572	0	0
15498	461	4543	4490	3729914	358056693	0	0
15499	7750	14903	9662	3730315	358102740	0	0
15500	3749	6548	3438	3730659	358144575	0	0
15501	9480	13790	12143	3730802	358160921	0	0
15502	7888	8755	9031	3732586	358344736	0	0
15503	5324	14981	6154	3732612	358347012	3808350	368445885
15504	5141	6244	2311	3732768	358362878	3823447	370300379
15505	2372	7119	4718	3733316	358416895	0	0
15506	5502	11830	11554	3733372	358422734	3778888	364200298
15507	8182	12431	16256	3733725	358457613	0	0
15508	10622	12494	20821	3734173	358504420	0	0
15509	111	3510	227	3734793	358579721	0	0
15510	12871	13630	6301	3734955	358598743	0	0
15511	14086	15146	10481	3735149	358621131	0	0
15512	3876	14905	11361	3735533	358668133	0	0
15513	3772	7132	8028	3735801	358699010	3849458	373304736
15514	1036	7208	8606	3735912	358711842	0	0
15515	2038	2932	5612	3736287	358752464	0	0
15516	2451	9450	7229	3736749	358803994	0	0
15517	8924	12123	10188	3737123	358845784	0	0
15518	80	1829	1138	3737729	358914185	0	0
15519	1740	6427	10386	3737842	358925827	0	0
15520	1631	10850	9469	3738168	358961300	0	0
15521	8861	9398	19226	3738394	358987937	0	0
15522	265	8675	11790	3738743	359029968	0	0
15523	6130	10547	10839	3739167	359081188	0	0
15524	1170	12295	15682	3740029	359182082	0	0
15525	35	2550	5263	3740366	359221722	0	0
15526	6839	11248	14877	3740549	359242858	0	0
15527	1482	13619	6486	3740593	359246900	4208163	419374762
15528	1797	7321	6868	3740687	359260611	0	0
15529	2393	4883	7042	3740744	359268422	0	0
15530	1466	13566	1237	3740951	359295659	0	0
15531	1008	9304	9112	3741304	359339133	0	0
15532	2620	4400	2292	3741787	359400749	0	0
15533	10240	13404	5624	3742600	359493683	4043942	397932018
15534	2407	4435	5749	3742611	359494610	0	0
15535	2576	3178	1940	3742950	359529617	0	0
15536	6157	15006	21367	3743364	359578470	0	0
15537	867	11712	4974	3743536	359600464	0	0
15538	7207	9322	18149	3743687	359617569	0	0
15539	7694	8860	11719	3743878	359641619	0	0
15540	6456	14753	6716	3743937	359650517	0	0
15541	414	6104	1495	3744080	359671284	0	0
15542	6304	12451	8805	3744560	359737642	0	0
15543	5086	14420	3719	3744581	359740289	0	0
15544	7614	14013	6157	3744917	359783078	4311581	432790868
15545	686	14175	2760	3745019	359796096	0	0
15546	11959	13281	34629	3745334	359837077	0	0
15547	4080	10762	7876	3746658	360022101	0	0
15548	10719	14256	16564	3746679	360024545	0	0
15549	13257	13945	22534	3747615	360151337	4419815	447370706
15550	7319	11493	8794	3748062	360217141	0	0
15551	8295	10440	32563	3748133	360225868	0	0
15552	9949	14931	13415	3748179	360235423	4324695	434433740
15553	8531	12557	20573	3749387	360427518	0	0
15554	3537	9885	2455	3751110	360660425	0	0
15555	3608	7056	4128	3751127	360662286	0	0
15556	3893	8852	4343	3752253	360781828	0	0
15557	8186	14894	11020	3752634	360819684	0	0
15558	565	9001	10159	3752836	360840634	0	0
15559	5711	12119	13394	3752866	360843977	4324895	434462463
15560	8509	10148	7970	3753043	360864044	0	0
15561	1268	3978	1911	3753283	360890889	0	0
15562	7472	10776	4201	3753403	360903456	0	0
15563	12353	15488	9079	3754420	361015536	0	0
15564	1818	5227	2854	3754455	361018591	0	0
15565	8082	15005	2094	3754466	361019516	0	0
15566	682	14632	1089	3754548	361027079	0	0
15567	12233	13311	19759	3754975	361073883	0	0
15568	4334	10697	5259	3755117	361091363	0	0
15569	8860	15389	19921	3755632	361151104	4144294	410866135
15570	8221	13055	9575	3755957	361190303	3835116	371606083
15571	8074	8294	12561	3756034	361199360	0	0
15572	3034	10493	11290	3756540	361268209	0	0
15573	5775	5869	5244	3756560	361270438	0	0
15574	1390	9333	7344	3757175	361351313	4313861	433066679
15575	1949	9076	3527	3757252	361360297	0	0
15576	9898	10259	12545	3757335	361369705	0	0
15577	5517	8152	17914	3757988	361453013	0	0
15578	5877	14773	8700	3758108	361468061	0	0
15579	3589	12044	11516	3758446	361513720	0	0
15580	4807	7714	9221	3758804	361559863	0	0
15581	3294	8237	6037	3758881	361571757	0	0
15582	8355	9755	6945	3759102	361601353	0	0
15583	4450	10493	8003	3759129	361604561	0	0
15584	2157	14003	6926	3759393	361645207	3782958	364780538
15585	2062	3642	2707	3759723	361694150	0	0
15586	1905	5943	2929	3759817	361708577	0	0
15587	1089	15444	8112	3760114	361752419	0	0
15588	9488	13949	26831	3760791	361842426	0	0
15589	2834	5377	2345	3761158	361899190	0	0
15590	6725	13035	9838	3761255	361909749	0	0
15591	1211	6491	7907	3762875	362113833	0	0
15592	11006	13711	24693	3762949	362122458	0	0
15593	391	1904	3194	3763433	362184648	0	0
15594	1808	6354	7651	3763746	362224285	0	0
15595	3971	4854	2596	3765356	362399184	0	0
15596	1832	6692	701	3765598	362422384	0	0
15597	7578	15416	17858	3765849	362446231	0	0
15598	10277	15168	12293	3765900	362451085	3966488	387572673
15599	6633	12303	8997	3766377	362506449	0	0
15600	13326	13958	34830	3766626	362535393	0	0
15601	6970	10677	4637	3766738	362552767	4260660	425598607
15602	6054	11062	5297	3766816	362567610	0	0
15603	2491	14848	3828	3767124	362615639	0	0
15604	1479	14089	3253	3767846	362713045	0	0
15605	374	15242	23541	3767856	362714443	0	0
15606	1633	6952	1094	3767935	362729363	0	0
15607	1039	4963	1941	3768657	362838227	4144294	410866135
15608	4767	10109	8300	3768722	362845105	0	0
15609	14495	15229	18819	3768774	362853368	0	0
15610	4870	10237	6962	3769013	362893370	0	0
15611	356	7704	2199	3769104	362908887	0	0
15612	10282	10433	15684	3769769	363010987	3940274	384369359
15613	3081	14691	21544	3769983	363042898	0	0
15614	5318	9444	17196	3771871	363314927	0	0
15615	7032	11999	19440	3772193	363358038	0	0
15616	635	9409	6464	3772795	363439369	0	0
15617	12628	15091	14536	3773180	363484723	3895661	378934125
15618	874	12601	18215	3773559	363532367	0	0
15619	2424	4007	1445	3774716	363694220	0	0
15620	807	3999	3878	3775071	363735780	0	0
15621	6914	10123	8836	3775447	363778225	4334602	435770269
15622	8446	10278	19968	3775484	363782341	0	0
15623	8874	10296	11665	3776232	363876147	0	0
15624	6537	14202	16147	3776697	363926007	0	0
15625	11315	14017	12550	3776792	363938190	0	0
15626	1728	11305	4683	3777193	363990400	0	0
15627	6549	9787	9109	3777907	364081040	0	0
15628	8842	8942	11921	3778078	364101736	3814826	369161577
15629	12193	15506	16210	3778888	364200298	4013717	394138855
15630	3661	5114	9006	3778963	364208812	0	0
15631	13311	14745	9554	3779131	364232103	0	0
15632	872	8535	13221	3779233	364245501	0	0
15633	4028	5020	2438	3779348	364265739	0	0
15634	1924	6026	2023	3779553	364295474	0	0
15635	1155	1963	1898	3779691	364314515	0	0
15636	2058	10874	15007	3779895	364345796	0	0
15637	1423	9027	2267	3780156	364387804	0	0
15638	7139	9524	11145	3781413	364555159	0	0
15639	9581	14011	31173	3781424	364555974	3787362	365433329
15640	10652	12644	13291	3781957	364632672	0	0
15641	11502	15149	11263	3782037	364643857	0	0
15642	11842	14674	9589	3782474	364708773	0	0
15643	10929	15584	9593	3782958	364780538	0	0
15644	36	3029	2095	3783159	364810458	0	0
15645	4508	11268	13156	3783197	364814879	0	0
15646	4003	5435	6381	3783885	364916363	3966746	387615898
15647	10953	11048	19579	3784424	364990850	3847980	373150339
15648	1263	8539	7523	3784550	365009388	0	0
15649	6073	9891	14416	3784624	365021177	4009234	393641667
15650	730	11038	5528	3784633	365024145	0	0
15651	1977	9920	7467	3784638	365024939	0	0
15652	922	13308	5369	3784711	365036717	0	0
15653	3306	5711	3339	3784773	365046771	0	0
15654	2614	8584	3865	3784808	365051375	0	0
15655	197	7989	3665	3785824	365216607	0	0
15656	11176	11831	12924	3786397	365291137	0	0
15657	2135	12757	10941	3786592	365321878	0	0
15658	1035	1995	1387	3786766	365347751	0	0
15659	740	11631	3600	3787094	365394657	0	0
15660	14865	15639	42374	3787362	365433329	0	0
15661	8524	9787	9595	3788258	365585797	0	0
15662	13074	14421	14345	3788381	365606136	0	0
15663	3864	11633	23220	3788841	365683838	0	0
15664	4025	11411	21688	3789055	365724337	4257773	425218774
15665	7203	10205	8320	3789942	365885962	4332112	435365453
15666	2681	4200	7407	3789964	365889932	0	0
15667	1079	8584	3648	3790649	366016569	0	0
15668	4758	5680	6183	3791024	366072844	0	0
15669	2101	13436	27024	3791856	366195927	0	0
15670	6076	7887	14133	3792812	366344926	0	0
15671	5507	10809	8866	3793076	366383760	0	0
15672	6692	9296	1857	3793151	366398440	0	0
15673	11240	12058	19399	3793546	366454438	4253568	424698167
15674	7301	8201	9004	3793688	366476822	0	0
15675	1002	11055	3304	3793741	366484949	0	0
15676	11177	12818	6215	3793947	366517203	0	0
15677	2526	7592	3466	3794047	366531606	0	0
15678	5758	9275	11790	3794397	366582688	0	0
15679	9635	13803	7350	3794559	366607230	0	0
15680	1291	2035	910	3794728	366633214	0	0
15681	11390	11961	12526	3794795	366643708	0	0
15682	4212	5253	6282	3794987	366676300	0	0
15683	3624	9887	7885	3795187	366704376	0	0
15684	2503	11653	12399	3795393	366736672	0	0
15685	10616	13401	13148	3795408	366738760	0	0
15686	4999	10506	14003	3796204	366871397	0	0
15687	7036	13412	15423	3797177	367021632	0	0
15688	7196	10874	25866	3797218	367027013	0	0
15689	207	3926	2302	3797584	367089967	0	0
15690	5182	10329	12780	3798558	367226948	0	0
15691	12052	14873	10573	3799167	367312436	4037990	397186800
15692	4165	10796	6109	3799263	367323405	3854926	373913724
15693	8536	12484	6288	3799804	367394005	0	0
15694	3893	14158	7800	3800342	367466111	0	0
15695	743	6221	6350	3800364	367468482	0	0
15696	1654	13627	7465	3800704	367513268	0	0
15697	2138	12361	8349	3801724	367636371	0	0
15698	12634	14006	6335	3802760	367746760	0	0
15699	1825	2967	2336	3802864	367757696	0	0
15700	5370	11074	17505	3803143	367784280	4026513	395499794
15701	13233	14319	27959	3803154	367785126	0	0
15702	4747	10672	17733	3803468	367827243	4415908	446867524
15703	525	13657	16916	3803587	367844337	0	0
15704	3180	4868	4057	3804864	368013935	0	0
15705	9435	14604	16562	3805365	368072058	0	0
15706	6770	12018	17042	3805485	368087072	4079888	402607367
15707	12962	15424	12580	3805528	368093220	0	0
15708	2360	8187	7702	3806082	368177823	0	0
15709	307	3355	271	3806582	368249524	0	0
15710	12799	15136	14565	3808116	368420795	0	0
15711	13104	14106	8020	3808226	368433970	0	0
15712	11155	12348	7674	3808251	368435871	0	0
15713	11046	15503	18734	3808350	368445885	0	0
15714	6281	7198	3700	3809436	368577345	0	0
15715	6274	11155	11564	3809712	368608462	0	0
15716	10237	11455	5968	3810044	368650168	0	0
15717	596	2407	2585	3810393	368691832	0	0
15718	4490	5895	13393	3810780	368733284	0	0
15719	7957	11140	4180	3811294	368787129	0	0
15720	13769	14047	9469	3811962	368856207	0	0
15721	6487	13557	8796	3812047	368865772	0	0
15722	11227	13821	9133	3812521	368916270	0	0
15723	1153	2017	2917	3813363	369003101	0	0
15724	8033	13152	12334	3813683	369033142	0	0
15725	2577	4738	1922	3813878	369050577	0	0
15726	7574	11948	22874	3813929	369055432	0	0
15727	4605	9483	3991	3813957	369058564	0	0
15728	3978	10091	3896	3814196	369086778	0	0
15729	1614	12766	5426	3814796	369158247	0	0
15730	4291	15628	12511	3814826	369161577	0	0
15731	5594	6814	8183	3814944	369176603	0	0
15732	3286	7141	7414	3815288	369216951	0	0
15733	12205	13335	8460	3815364	369226900	0	0
15734	4141	9034	6836	3815551	369251913	0	0
15735	6891	11110	15284	3815586	369256490	0	0
15736	5473	15069	8330	3815731	369277191	0	0
15737	7594	13414	11958	3816240	369349122	0	0
15738	3514	8353	13032	3816579	369394530	0	0
15739	1170	6802	5398	3817684	369544491	0	0
15740	13658	15319	32323	3817788	369555974	0	0
15741	1598	14229	13806	3818138	369612768	4140964	410380189
15742	6155	6850	5041	3818334	369646852	4172338	414432032
15743	7762	14497	8157	3819263	369785559	0	0
15744	1036	10847	14140	3820411	369939716	0	0
15745	9988	10246	9710	3821343	370056121	0	0
15746	1269	2154	1765	3821500	370073468	0	0
15747	2111	14075	25440	3822119	370141275	0	0
15748	1277	15050	3777	3822241	370155756	0	0
15749	10160	11666	9664	3822327	370166512	0	0
15750	6792	15504	10427	3823447	370300379	0	0
15751	1570	8454	2282	3823650	370323497	0	0
15752	9682	9745	7105	3823944	370355711	0	0
15753	3895	9231	3240	3824267	370390901	4073827	401895300
15754	11337	12546	13546	3824954	370455158	0	0
15755	11112	14872	33836	3825321	370489368	0	0
15756	995	15443	5842	3825677	370536645	0	0
15757	4205	5753	9942	3825969	370576186	0	0
15758	9201	13141	1751	3827391	370743028	0	0
15759	367	9172	4399	3828365	370835162	0	0
15760	1742	12021	21525	3829037	370891829	0	0
15761	812	14024	5522	3829104	370897553	0	0
15762	4010	12367	10453	3829264	370915916	0	0
15763	9862	13995	18195	3830408	371036539	0	0
15764	1104	13401	7739	3830508	371047176	0	0
15765	8437	11943	14361	3830817	371082075	0	0
15766	6086	9515	5891	3831113	371114145	0	0
15767	11530	11988	21298	3831208	371123843	0	0
15768	3707	5267	5434	3832155	371252650	0	0
15769	10320	14740	19123	3832374	371278508	0	0
15770	11042	11936	15608	3832634	371315192	0	0
15771	852	5780	4281	3833683	371452893	0	0
15772	3501	7703	7995	3834630	371552969	0	0
15773	4025	11663	11101	3834722	371563203	4044316	397972042
15774	1165	15570	10160	3835116	371606083	4025469	395372014
15775	6523	14920	10612	3835759	371675461	0	0
15776	2379	13490	7011	3836241	371734169	0	0
15777	808	11447	3324	3836843	371801122	0	0
15778	5618	15258	10084	3837502	371864952	0	0
15779	159	12480	16998	3837527	371868168	0	0
15780	5045	12938	18644	3837583	371874612	0	0
15781	932	13257	10920	3837996	371927129	0	0
15782	4684	5793	7984	3838581	371999830	0	0
15783	3200	10036	12046	3838750	372022708	0	0
15784	2986	10194	5964	3838803	372029020	0	0
15785	3155	3640	3103	3838987	372057263	0	0
15786	9485	12449	11315	3839368	372104132	3888407	378157532
15787	13033	14183	18727	3839537	372125817	4402472	445197927
15788	3398	6632	2045	3839590	372133050	0	0
15789	8657	8928	15867	3840023	372193410	0	0
15790	11376	11859	11517	3840042	372196075	0	0
15791	5844	11199	5299	3840096	372204207	0	0
15792	9116	14943	10372	3841498	372397698	0	0
15793	9461	12810	6624	3843220	372595197	0	0
15794	573	4260	4648	3843478	372620428	0	0
15795	3592	12518	8945	3843601	372631724	0	0
15796	7353	9228	11678	3844016	372672755	4386318	443257854
15797	9385	10582	21617	3844133	372685627	0	0
15798	3753	12490	18954	3844151	372688071	4392464	443955912
15799	6358	8797	7853	3844361	372719519	0	0
15800	597	11742	6347	3844613	372756100	0	0
15801	3688	11008	10344	3844843	372792237	0	0
15802	10419	10894	3858	3846185	372969342	0	0
15803	3856	5513	5970	3847268	373085141	0	0
15804	9471	15647	21010	3847980	373150339	0	0
15805	4100	4461	6543	3848158	373170356	0	0
15806	1439	11053	5438	3848549	373210591	4234069	422667552
15807	844	4492	3868	3848758	373231336	0	0
15808	181	3173	2025	3848929	373250735	0	0
15809	3992	5317	7310	3848993	373256195	0	0
15810	6426	15513	14632	3849458	373304736	0	0
15811	2368	13993	5344	3849479	373307380	0	0
15812	5274	12312	6688	3850220	373386106	0	0
15813	3000	6129	8897	3850365	373400430	0	0
15814	9213	11241	5795	3850394	373403056	0	0
15815	971	11275	8749	3851291	373503812	3861888	374702143
15816	952	9666	2700	3851624	373539416	0	0
15817	5758	10027	16223	3851826	373557757	4191494	416885665
15818	10728	13121	16069	3852083	373584902	0	0
15819	2114	7602	2800	3852117	373588757	4162234	413095816
15820	3429	10771	6459	3852383	373620369	0	0
15821	3941	13678	6833	3852781	373671910	0	0
15822	14326	14461	13529	3853718	373776835	4075075	402038390
15823	8202	8535	17133	3853956	373801868	0	0
15824	4599	11301	11916	3854747	373894823	3912882	381146012
15825	14	11249	4258	3854754	373895170	0	0
15826	2108	15692	7387	3854926	373913724	0	0
15827	1789	4336	5785	3855099	373933761	0	0
15828	3426	8619	11942	3855359	373965511	3911459	380923459
15829	5912	12350	4834	3856242	374067526	4337356	436283682
15830	6198	13823	9264	3856791	374123935	0	0
15831	10714	12450	13642	3856853	374131971	0	0
15832	1126	13590	6352	3857239	374178759	0	0
15833	10335	11943	8845	3857392	374197606	0	0
15834	7397	9961	14126	3857853	374255627	0	0
15835	13910	13920	19777	3859193	374400221	0	0
15836	5594	12473	12468	3859356	374418720	0	0
15837	6204	6919	6876	3859641	374455057	0	0
15838	338	828	1411	3860325	374529781	0	0
15839	7810	9566	3334	3860611	374557996	0	0
15840	4538	13055	6927	3860617	374558422	4020022	394740906
15841	3058	6444	5761	3860913	374590089	0	0
15842	802	5021	784	3860960	374595198	0	0
15843	8902	9505	8767	3861094	374610207	0	0
15844	8249	13975	14166	3861504	374654782	0	0
15845	1153	13011	5988	3861596	374665699	0	0
15846	7193	15815	13737	3861888	374702143	0	0
15847	924	8131	3284	3862892	374818519	0	0
15848	1447	13513	5790	3862993	374829211	0	0
15849	7379	10061	16335	3863658	374896410	0	0
15850	12580	14661	19794	3863768	374907393	0	0
15851	10713	11683	11921	3864150	374956393	0	0
15852	1767	13468	22675	3864198	374961809	0	0
15853	957	14039	3581	3865210	375103888	0	0
15854	4315	14957	15193	3865574	375149800	0	0
15855	5390	11658	6547	3865836	375192061	4009348	393654050
15856	2058	15255	29544	3866600	375294007	0	0
15857	2884	12881	26118	3866606	375295054	0	0
15858	3298	13668	16101	3866810	375329976	4265650	426296085
15859	10930	11368	11682	3866981	375360738	0	0
15860	2103	8494	3477	3868196	375584550	0	0
15861	263	6212	5883	3868275	375597755	0	0
15862	11664	12220	6776	3868355	375610538	0	0
15863	11832	13789	30203	3869261	375749588	4179814	415278642
15864	2259	5354	1000	3870177	375894428	0	0
15865	1603	2271	2617	3870556	375952147	0	0
15866	1489	8373	6270	3870660	375966636	4011147	393856663
15867	6439	10355	18758	3873716	376295660	0	0
15868	4731	7030	5057	3873897	376313256	0	0
15869	186	2971	2266	3874045	376325055	0	0
15870	965	12834	17992	3874190	376339804	0	0
15871	8021	8172	9298	3874237	376344004	0	0
15872	10044	10902	12838	3874424	376362288	4127635	408759367
15873	316	7675	2760	3874526	376374102	4107220	406184613
15874	11649	11917	20947	3874717	376395840	0	0
15875	6979	10290	11939	3875232	376463997	0	0
15876	3572	6180	6989	3875259	376466783	4184620	415922871
15877	9588	15254	16964	3875300	376471033	0	0
15878	2608	12411	8646	3877660	376765843	0	0
15879	7484	9844	18156	3877838	376784623	0	0
15880	7264	15102	15283	3877979	376799243	0	0
15881	5427	6224	3638	3878167	376823695	0	0
15882	6818	8645	11995	3878638	376880144	0	0
15883	1739	11448	13814	3878931	376913972	0	0
15884	11129	13877	23252	3879122	376940221	0	0
15885	3879	14432	12221	3879171	376947802	0	0
15886	4507	5036	2707	3879568	377008701	0	0
15887	8801	14847	12311	3879637	377019273	0	0
15888	6789	11858	6896	3880418	377136242	0	0
15889	621	10715	2933	3880480	377145721	0	0
15890	7498	11158	11456	3880984	377226325	0	0
15891	7706	9307	3589	3881311	377267581	4123881	408306483
15892	3650	8891	9898	3881800	377329826	0	0
15893	6227	12820	14121	3882451	377408175	0	0
15894	1123	15388	27532	3882912	377464439	0	0
15895	3049	7367	2836	3883125	377497793	0	0
15896	10903	13280	4415	3883637	377570247	0	0
15897	4635	9180	13148	3883794	377590121	4103311	405467482
15898	1746	6922	5539	3884420	377669330	0	0
15899	2955	5871	6183	3884519	377680470	4302810	431760586
15900	1081	8969	5016	3884734	377707140	4170077	414178507
15901	1079	13973	13429	3884757	377709709	0	0
15902	1036	13870	8848	3884983	377737803	0	0
15903	1650	7636	8018	3885435	377802570	0	0
15904	27	6132	9997	3885473	377807686	0	0
15905	720	11456	2877	3885581	377822077	0	0
15906	2404	8418	4931	3886243	377906211	0	0
15907	5061	6581	12051	3886522	377942300	0	0
15908	2128	11127	3454	3887476	378060725	0	0
15909	3445	15786	11933	3888407	378157532	0	0
15910	6472	14004	12834	3888831	378203292	0	0
15911	4138	4378	4579	3889638	378285917	0	0
15912	1322	9824	6739	3889793	378299309	0	0
15913	6662	12524	10037	3889851	378304627	0	0
15914	3474	4269	6891	3890349	378353346	4197952	418095494
15915	8048	11405	12673	3890771	378393052	0	0
15916	2592	12275	9852	3891403	378457987	0	0
15917	7051	13426	38990	3891612	378478675	0	0
15918	2185	3824	4003	3892087	378541564	0	0
15919	1256	9075	8110	3893703	378726015	0	0
15920	5060	13413	16641	3894430	378798476	0	0
15921	962	12610	8093	3894696	378828917	0	0
15922	1812	8233	1290	3895501	378918141	0	0
15923	6158	6169	13453	3895558	378923259	0	0
15924	9037	15617	22299	3895661	378934125	0	0
15925	9451	10832	19640	3896007	378978512	0	0
15926	12455	14967	23527	3896103	378991132	0	0
15927	2354	12806	9327	3896150	378997166	0	0
15928	8108	9013	29498	3897290	379173758	0	0
15929	1122	10514	2853	3897301	379175170	3994999	391794669
15930	4684	5761	6128	3897578	379219208	0	0
15931	14470	15358	10285	3897621	379226079	4451388	451302196
15932	3376	9429	8848	3897684	379235117	0	0
15933	435	4588	2315	3897852	379263160	0	0
15934	3603	15325	9635	3898130	379306270	0	0
15935	1240	1595	752	3898746	379412358	0	0
15936	2594	13906	14305	3899864	379573070	0	0
15937	1338	2829	2551	3900283	379631458	0	0
15938	6163	15214	15443	3901066	379727824	0	0
15939	709	9485	3019	3901435	379772553	0	0
15940	7378	10466	11941	3901634	379796736	0	0
15941	6026	11894	6037	3902542	379900241	0	0
15942	4100	13299	8819	3902646	379911479	0	0
15943	5407	10586	7571	3903504	380013724	0	0
15944	2915	9371	2993	3903892	380054405	0	0
15945	6409	8373	7585	3904086	380074337	0	0
15946	7807	9693	11320	3904603	380124900	0	0
15947	1771	5204	2895	3904906	380154647	0	0
15948	2585	12796	3277	3905042	380168161	0	0
15949	3499	9272	9694	3905362	380200911	0	0
15950	7704	7770	5257	3905458	380209975	0	0
15951	1719	10196	6480	3905986	380259913	0	0
15952	1138	8054	2850	3906145	380275565	0	0
15953	2089	2412	4094	3906212	380280823	0	0
15954	2089	2519	4889	3906212	380280823	0	0
15955	2412	2519	3859	3906212	380280823	0	0
15956	2871	5938	3159	3906556	380314370	4383357	442850652
15957	13189	13887	15771	3906777	380335819	4148657	411558335
15958	2082	8482	7330	3906805	380339055	0	0
15959	5084	6730	4910	3907559	380419923	0	0
15960	9066	12786	11404	3907767	380440957	0	0
15961	6011	13491	10585	3908132	380480195	4003527	392893593
15962	1410	5641	8203	3908195	380487249	0	0
15963	2730	6485	10496	3908373	380506789	0	0
15964	9	1170	137	3908557	380527019	0	0
15965	810	5262	2793	3908840	380558231	0	0
15966	9409	13852	15569	3909006	380576699	0	0
15967	7198	15486	15512	3909213	380603304	3978786	389428091
15968	13278	14939	14354	3909935	380700244	0	0
15969	1625	4647	5765	3910256	380741626	0	0
15970	10825	14355	24265	3910351	380751251	0	0
15971	14510	15197	17905	3910824	380825893	0	0
15972	9522	12785	8264	3910992	380849873	0	0
15973	5493	15828	14498	3911459	380923459	0	0
15974	3710	3924	2732	3911581	380943471	0	0
15975	3884	4629	1925	3912001	381005601	0	0
15976	10139	15087	15496	3912332	381056919	0	0
15977	5911	15824	13162	3912882	381146012	0	0
15978	2463	5964	6953	3913122	381181548	0	0
15979	2869	8680	5810	3913164	381186555	4280791	428710388
15980	1581	9577	10104	3914064	381318254	0	0
15981	7192	14092	10304	3915049	381438975	4036308	396951820
15982	9414	11840	11657	3915311	381470601	4107744	406273101
15983	13080	14733	14329	3916621	381619335	0	0
15984	9687	11535	13629	3916875	381647441	0	0
15985	4985	10599	8830	3916918	381651608	0	0
15986	6005	7398	14914	3918109	381794886	0	0
15987	8102	11614	4534	3918141	381798494	0	0
15988	642	6238	4806	3918402	381826356	0	0
15989	8117	11008	16785	3918430	381830813	0	0
15990	2680	12838	15058	3919428	381951725	0	0
15991	7098	11794	12351	3919463	381957242	3989617	391081220
15992	3653	11736	3088	3919783	381996585	0	0
15993	3868	11859	6316	3919803	381998004	0	0
15994	4436	5786	9025	3920383	382069766	0	0
15995	3250	6761	2482	3920744	382115223	4189740	416553224
15996	8941	10967	13374	3921256	382172756	0	0
15997	1247	14320	2497	3921898	382240446	3936149	383870469
15998	2368	15066	15125	3921913	382241533	4436799	449547402
15999	632	2093	868	3922036	382255661	4142764	410616153
16000	8594	9637	7781	3922631	382325778	0	0
16001	9060	11116	11374	3922989	382363096	0	0
16002	426	7002	8186	3923101	382374059	0	0
16003	5049	9350	6905	3923629	382431335	0	0
16004	2692	3070	4709	3924059	382474966	0	0
16005	6055	10184	3787	3924411	382509975	0	0
16006	8287	11959	23464	3924658	382534845	0	0
16007	2567	7755	5187	3925482	382622620	0	0
16008	8435	11353	7599	3925740	382649893	0	0
16009	6715	14502	17345	3926369	382711518	0	0
16010	1394	6133	3894	3926734	382747978	0	0
16011	4617	14821	4955	3926897	382763545	0	0
16012	7335	7952	16094	3927298	382804030	0	0
16013	5566	7436	10167	3928265	382905164	0	0
16014	1355	12082	21090	3928357	382914980	0	0
16015	2834	3268	2185	3928675	382951641	0	0
16016	8462	12366	13539	3928876	382974648	0	0
16017	4895	8301	6308	3928889	382975945	0	0
16018	6801	8435	8560	3929476	383043798	0	0
16019	2325	3545	5663	3929935	383092645	0	0
16020	2081	8884	9732	3930603	383164892	4339756	436681943
16021	4801	15334	13864	3930739	383178994	0	0
16022	7135	10082	9059	3931632	383281086	4318242	433601827
16023	13318	14405	29942	3932255	383350791	0	0
16024	6897	12827	10605	3932352	383363707	0	0
16025	7823	12758	17720	3932653	383405600	0	0
16026	2633	7710	3662	3933071	383464542	0	0
16027	11936	12825	14435	3934315	383618002	0	0
16028	2454	6630	10446	3934538	383644532	4021268	394874005
16029	5073	14489	26895	3934692	383662630	0	0
16030	12247	12826	18611	3934992	383702769	4052572	399038824
16031	2710	2900	2336	3936108	383865039	0	0
16032	4069	15997	4492	3936149	383870469	0	0
16033	1646	13954	3524	3936622	383931674	0	0
16034	12207	15252	22370	3937183	383999253	4005611	393176547
16035	2779	7395	5975	3937623	384057566	0	0
16036	8351	9528	13014	3937758	384072461	3994249	391698013
16037	4257	14642	9046	3938067	384111154	0	0
16038	7150	12988	20766	3938680	384190678	0	0
16039	5465	14591	9329	3939700	384304139	0	0
16040	6548	10132	6140	3940070	384346488	0	0
16041	4800	15612	16103	3940274	384369359	4374204	441498609
16042	8006	11087	6258	3941133	384473607	0	0
16043	3716	11378	3449	3941156	384476127	4186896	416202296
16044	2603	7175	2890	3941537	384514709	0	0
16045	213	701	319	3941623	384525304	0	0
16046	4240	7476	4617	3942266	384590634	0	0
16047	13720	13796	21050	3942357	384598754	0	0
16048	5185	10640	22085	3943042	384672714	0	0
16049	7692	10112	11487	3943097	384682451	0	0
16050	6171	6904	16125	3944311	384832438	4196878	417920226
16051	910	9823	4963	3944669	384877249	0	0
16052	10331	11918	19986	3944996	384914617	0	0
16053	3494	5027	6734	3945561	384985603	0	0
16054	4568	12046	14013	3945586	384988774	0	0
16055	11881	14525	20838	3945785	385018217	0	0
16056	974	10452	2576	3945933	385040418	0	0
16057	9427	14143	23134	3946029	385052599	0	0
16058	5662	7458	8090	3946157	385074640	0	0
16059	11988	12889	12171	3946675	385162302	0	0
16060	11540	13561	7588	3946782	385181458	0	0
16061	842	9263	6051	3947114	385238483	0	0
16062	2315	15348	8850	3947251	385259826	0	0
16063	1749	4128	3554	3947258	385261521	0	0
16064	8420	14860	5477	3947563	385308537	0	0
16065	3669	9687	6772	3948276	385421382	0	0
16066	10031	13665	17750	3948808	385501381	0	0
16067	7498	11645	23440	3949306	385575360	0	0
16068	1175	2935	2242	3949314	385576184	0	0
16069	4834	5000	2357	3950266	385725807	0	0
16070	4811	13135	15479	3950542	385763924	0	0
16071	6034	10177	7964	3951151	385848184	0	0
16072	3407	4975	4043	3951957	385954806	0	0
16073	6082	12722	9235	3952235	385986676	4159146	412752399
16074	4114	11276	5742	3952364	386005633	0	0
16075	6972	11928	17552	3953193	386108364	0	0
16076	4977	8265	8884	3955353	386343595	4132530	409440466
16077	11406	11789	11790	3955614	386365648	0	0
16078	2488	12788	6444	3956064	386405910	4274057	427585834
16079	6143	8068	11031	3956649	386458806	4371045	441094169
16080	2604	9439	3686	3956893	386479460	0	0
16081	556	15143	2758	3957246	386510535	0	0
16082	6913	12520	8393	3957432	386525706	0	0
16083	309	8438	9301	3958258	386596660	0	0
16084	3035	15432	14773	3958554	386621952	0	0
16085	7295	9832	6763	3958915	386661960	0	0
16086	5814	8230	7387	3959141	386683557	0	0
16087	8338	9229	3980	3959172	386686220	0	0
16088	7611	7919	7425	3959188	386687648	0	0
16089	13061	14082	8373	3959249	386693920	0	0
16090	4361	10075	8646	3959509	386723927	0	0
16091	3777	8166	4149	3959681	386740767	0	0
16092	1353	3472	1586	3960211	386800778	0	0
16093	1004	5101	1163	3961079	386883382	0	0
16094	10847	13072	24915	3961160	386888961	0	0
16095	2842	7244	12135	3961313	386905054	0	0
16096	4770	4788	6315	3961597	386934964	0	0
16097	2517	5408	4620	3961637	386940521	0	0
16098	7751	9524	4754	3961639	386940939	0	0
16099	1040	4584	4504	3961773	386956688	0	0
16100	2113	14768	16253	3961875	386968395	0	0
16101	130	12071	5968	3961877	386968852	0	0
16102	1178	12984	5394	3962793	387085455	0	0
16103	579	11506	1098	3962815	387088340	4283784	429107322
16104	15065	15292	11550	3962968	387108484	0	0
16105	10531	12840	19585	3963613	387188462	0	0
16106	1713	11097	7943	3964029	387246051	0	0
16107	1650	14080	6786	3964584	387313579	0	0
16108	11336	12617	9807	3964769	387333836	4274311	427628375
16109	3161	9962	5213	3964833	387341691	0	0
16110	4447	7942	6662	3964945	387359787	0	0
16111	3650	11599	21308	3965073	387375921	4135983	409806193
16112	61	10811	2057	3965374	387421568	0	0
16113	3939	12225	1718	3965494	387438487	0	0
16114	6380	12149	16194	3966328	387548946	0	0
16115	13313	15598	14415	3966488	387572673	4199039	418250581
16116	8848	11731	9317	3966545	387581060	0	0
16117	2845	12489	22479	3966718	387610811	0	0
16118	5872	15646	9667	3966746	387615898	0	0
16119	2396	6794	2265	3966925	387655429	0	0
16120	604	10826	11634	3966994	387668454	0	0
16121	2275	4301	2739	3967539	387761800	0	0
16122	10359	14216	22836	3967622	387776241	0	0
16123	11785	12434	8071	3967885	387829796	4349543	437985998
16124	5281	10052	13061	3968030	387857964	0	0
16125	5583	10617	9688	3968457	387941195	0	0
16126	2467	11802	8301	3968783	388002818	0	0
16127	2973	11787	25449	3969125	388062625	0	0
16128	7449	14534	20134	3969862	388204932	0	0
16129	1962	4636	3478	3971821	388542305	0	0
16130	4183	10141	3826	3972123	388582176	0	0
16131	10666	13913	7662	3972351	388613727	0	0
16132	13918	15395	29164	3972408	388620717	0	0
16133	2694	3519	1336	3972903	388699393	0	0
16134	747	5459	4754	3973272	388757839	0	0
16135	2386	7882	6372	3974304	388897196	0	0
16136	2409	10192	7230	3974409	388911151	0	0
16137	7723	15319	29375	3975364	389020891	0	0
16138	4856	13566	3079	3976192	389120015	0	0
16139	617	7816	5112	3976506	389154720	0	0
16140	3824	5013	4650	3976638	389170082	0	0
16141	5226	8835	11599	3976906	389199554	4250409	424347722
16142	11231	11420	12329	3977059	389216573	0	0
16143	9712	14234	18953	3977190	389231299	0	0
16144	4446	12447	9835	3977843	389312258	0	0
16145	4266	7983	18019	3978382	389379981	0	0
16146	5905	15967	16606	3978786	389428091	0	0
16147	789	5962	8097	3978830	389434159	0	0
16148	743	9264	7019	3979015	389457401	0	0
16149	11253	15448	10494	3979117	389468802	0	0
16150	2473	6444	5581	3979398	389508817	4171232	414311719
16151	728	6872	5469	3979529	389527625	0	0
16152	2747	11838	18086	3980411	389636484	4408166	445921543
16153	3385	6300	6610	3980422	389638335	4408883	446034399
16154	1892	12373	7115	3980448	389641875	4074775	402004450
16155	5373	14717	13115	3980461	389643913	4435119	449349789
16156	5199	11125	27424	3980775	389691767	0	0
16157	9668	12929	20355	3981840	389859174	0	0
16158	13686	15405	12693	3982058	389895016	0	0
16159	2207	13627	6350	3982160	389914404	0	0
16160	5677	10711	2029	3982540	389973126	0	0
16161	10186	14609	18623	3983170	390063778	0	0
16162	11196	14521	25223	3983202	390068335	0	0
16163	2183	9943	3789	3983544	390132146	0	0
16164	2373	14834	12419	3984555	390285967	4430760	448894992
16165	6882	8162	17264	3984977	390353093	0	0
16166	13604	14455	32684	3985731	390470046	4444651	450545142
16167	7944	14066	10284	3985807	390482100	0	0
16168	2969	6361	7027	3985933	390507706	0	0
16169	3054	8058	6621	3985953	390509977	0	0
16170	3895	7883	5731	3986125	390536937	0	0
16171	3839	4661	2693	3986169	390544530	0	0
16172	2851	4560	3734	3986384	390584521	0	0
16173	1648	2261	5330	3986585	390616909	0	0
16174	10750	11704	9578	3986786	390649256	4052688	399057591
16175	9464	10636	10993	3987977	390835941	0	0
16176	3738	3746	7632	3988222	390871625	0	0
16177	7879	8121	5303	3988499	390912110	0	0
16178	2834	14050	21421	3988815	390954749	0	0
16179	11849	12444	26404	3989184	391008284	0	0
16180	317	9396	5303	3989594	391077066	0	0
16181	3565	15991	13390	3989617	391081220	0	0
16182	4082	10017	10995	3990565	391240189	0	0
16183	1632	2128	958	3990836	391282430	4398008	444671233
16184	5681	11619	11727	3991814	391418805	4137196	409946883
16185	4206	7218	4458	3992293	391474989	0	0
16186	12648	12716	15727	3993023	391555718	0	0
16187	4653	7051	7747	3993031	391556304	0	0
16188	4358	6224	4016	3993341	391593096	0	0
16189	1713	2192	3578	3993580	391622817	0	0
16190	2746	16036	15122	3994249	391698013	0	0
16191	20	11426	3523	3994325	391708355	0	0
16192	6134	12330	10867	3994710	391757774	0	0
16193	1276	15929	4385	3994999	391794669	0	0
16194	5965	13763	7207	3995487	391855613	0	0
16195	1257	6264	8299	3995815	391898016	0	0
16196	6641	6975	9344	3995924	391911998	0	0
16197	3372	13843	18372	3996200	391942817	0	0
16198	1282	4362	1034	3996383	391966879	0	0
16199	10954	14074	10066	3996645	391997550	0	0
16200	2043	7575	9622	3997145	392062613	0	0
16201	1310	13699	10945	3998030	392165203	4181988	415558350
16202	6556	7778	11855	3998106	392174647	0	0
16203	3031	10979	7726	3998164	392182738	0	0
16204	7311	13341	18420	3998828	392268327	0	0
16205	5738	14504	6337	3998937	392280954	0	0
16206	11892	12270	9832	3998988	392288376	0	0
16207	6505	14511	6494	3999090	392301301	0	0
16208	7435	13056	18589	3999477	392362247	0	0
16209	3320	11209	7765	3999881	392425831	0	0
16210	1355	12128	7880	4000716	392533890	0	0
16211	5706	10581	6592	4001286	392611999	0	0
16212	8692	11270	10524	4001754	392671945	0	0
16213	1852	4207	3897	4002253	392736124	0	0
16214	5250	13257	15486	4002527	392764877	0	0
16215	9227	14830	6781	4002558	392767321	0	0
16216	9077	12871	6926	4002617	392775991	0	0
16217	754	984	844	4002843	392806137	0	0
16218	2879	10930	4645	4003073	392832533	0	0
16219	10863	11226	9440	4003085	392834318	4372624	441310786
16220	552	15961	11472	4003527	392893593	0	0
16221	3732	9780	7278	4003589	392901367	0	0
16222	1406	6686	9423	4003616	392905065	0	0
16223	4625	10471	10063	4004148	392977060	0	0
16224	363	2854	783	4004170	392980657	0	0
16225	4093	9283	9725	4004432	393016421	4404707	445478630
16226	1203	2546	1598	4004451	393018801	4178598	415167844
16227	3003	6083	5577	4005121	393111312	4357293	439020965
16228	3734	13399	22121	4005208	393123504	4189707	416546470
16229	15312	16034	23773	4005611	393176547	0	0
16230	2628	3510	1479	4005625	393178647	0	0
16231	1082	1524	1336	4006253	393276315	0	0
16232	3620	14503	6141	4006770	393347320	0	0
16233	13113	14457	10181	4006897	393364075	0	0
16234	557	6489	2157	4007679	393471117	0	0
16235	1809	6606	2633	4008931	393611424	0	0
16236	4420	12718	3342	4009051	393624188	0	0
16237	13156	15649	21722	4009234	393641667	0	0
16238	14832	15855	12025	4009348	393654050	0	0
16239	1193	6939	5521	4009987	393732544	0	0
16240	8446	11665	12447	4010568	393798021	0	0
16241	1582	7138	1935	4011040	393847547	0	0
16242	14685	15866	11061	4011147	393856663	4299332	431253356
16243	3320	11456	6131	4011451	393890629	0	0
16244	2650	10407	4667	4011478	393893125	0	0
16245	1413	11423	4413	4011756	393923578	0	0
16246	9526	13277	8839	4012065	393957392	0	0
16247	8368	15261	13742	4012325	393987942	0	0
16248	424	9889	5959	4012616	394018924	0	0
16249	38	15629	16230	4013717	394138855	0	0
16250	1251	11859	6624	4014936	394267468	0	0
16251	1433	14179	13230	4015858	394354906	0	0
16252	5119	6868	5821	4016615	394427050	0	0
16253	4581	6167	6673	4017017	394458795	0	0
16254	11832	13717	13582	4017161	394471252	0	0
16255	12151	15053	24724	4017387	394492323	4329191	434969567
16256	8529	11870	5922	4019279	394678300	0	0
16257	153	15840	7046	4020022	394740906	0	0
16258	7398	13477	25449	4020169	394753860	0	0
16259	7935	13023	7864	4020475	394782861	0	0
16260	1811	13100	9409	4020559	394792845	0	0
16261	7336	16028	11111	4021268	394874005	0	0
16262	7919	8951	4424	4021586	394909123	0	0
16263	5755	8492	13448	4021621	394913236	0	0
16264	2498	9735	4197	4021718	394926340	4194907	417579745
16265	14409	15477	17854	4021771	394932709	0	0
16266	177	9020	3678	4022215	394992579	0	0
16267	4357	11111	9131	4022690	395057335	0	0
16268	2711	3723	3462	4023960	395201319	0	0
16269	7909	9652	14896	4024000	395205360	0	0
16270	246	12351	2371	4024288	395238579	0	0
16271	3274	12697	19120	4024675	395281925	0	0
16272	9445	15021	10817	4025176	395337042	0	0
16273	6224	15774	12324	4025469	395372014	0	0
16274	2480	6616	4518	4025857	395419108	0	0
16275	6117	7627	6450	4026061	395445395	4272795	427384685
16276	4361	11764	5759	4026069	395446044	0	0
16277	3581	9625	4859	4026110	395450104	0	0
16278	6068	9714	17645	4026296	395471302	0	0
16279	15484	15700	26810	4026513	395499794	0	0
16280	7783	14796	26641	4026748	395541006	4234691	422740004
16281	11188	12757	14632	4027294	395629031	0	0
16282	6171	7793	10645	4027327	395634068	0	0
16283	2016	7811	5403	4027394	395648543	0	0
16284	8696	10332	22834	4027579	395680384	0	0
16285	5626	6070	9742	4027876	395738762	0	0
16286	2263	3541	3547	4028268	395810411	0	0
16287	6412	11246	2339	4028618	395871633	0	0
16288	5807	15030	11205	4028685	395882247	0	0
16289	1033	14024	7166	4029328	395992640	4357443	439037830
16290	4346	7010	13216	4029610	396040240	4184105	415850292
16291	6370	14795	10143	4030645	396194702	0	0
16292	13316	14605	9753	4030790	396215458	0	0
16293	4528	7238	10511	4030944	396236859	0	0
16294	7802	11264	16412	4031425	396305464	0	0
16295	5702	10100	5559	4032345	396441083	0	0
16296	735	6378	6436	4032451	396456859	0	0
16297	920	10332	5886	4032545	396468020	0	0
16298	4960	15233	14752	4032679	396486581	0	0
16299	1483	11186	11223	4034736	396750016	0	0
16300	737	12058	9416	4034810	396758145	0	0
16301	4592	10155	8070	4034855	396763376	0	0
16302	12713	14672	3455	4034936	396772126	0	0
16303	2759	4655	5346	4035082	396789131	0	0
16304	5628	8400	13423	4035290	396814410	0	0
16305	3368	13260	13499	4035741	396869288	0	0
16306	10059	12935	13944	4035745	396869737	0	0
16307	7245	10537	15734	4036134	396925253	0	0
16308	7295	15981	14867	4036308	396951820	0	0
16309	4738	15202	15843	4037167	397074384	0	0
16310	72	1936	1953	4037582	397134482	0	0
16311	4260	13717	6591	4037790	397160600	0	0
16312	3516	15691	12089	4037990	397186800	0	0
16313	1477	7806	3350	4038374	397244114	0	0
16314	4144	9312	8192	4038504	397262664	0	0
16315	2610	7512	5298	4038878	397316230	0	0
16316	2986	12521	20564	4039725	397421765	4362355	439773411
16317	5859	9605	8348	4040584	397535263	0	0
16318	1330	13560	3130	4041390	397630703	0	0
16319	433	10636	5408	4041500	397643489	0	0
16320	4702	5561	6526	4041806	397678906	0	0
16321	4915	5916	7466	4042040	397705152	0	0
16322	8493	12671	17022	4042259	397731421	0	0
16323	788	14939	11770	4042518	397765340	4357853	439089493
16324	9076	9720	2592	4042925	397813874	0	0
16325	2016	9091	3820	4043051	397830331	0	0
16326	5522	11795	7357	4043412	397870062	0	0
16327	660	15533	6255	4043942	397932018	0	0
16328	1442	4885	2992	4044268	397966380	0	0
16329	5042	14142	4218	4044291	397969762	0	0
16330	14770	15773	13977	4044316	397972042	0	0
16331	1209	4244	6027	4044613	398009304	0	0
16332	2568	10846	9680	4044738	398026649	0	0
16333	83	4109	1347	4044832	398039215	0	0
16334	587	6258	3211	4045351	398099604	0	0
16335	6832	12894	13829	4045914	398164807	0	0
16336	4312	14564	8213	4046047	398180449	0	0
16337	14252	14725	26058	4046263	398208687	0	0
16338	10991	14549	16429	4046460	398236940	4193642	417324112
16339	403	6512	1783	4046889	398306541	0	0
16340	1866	8747	1443	4047543	398397296	0	0
16341	7445	10972	9341	4047701	398418034	0	0
16342	605	5696	2927	4048224	398484659	0	0
16343	3690	9401	11276	4048396	398506381	0	0
16344	11870	15366	15573	4049192	398606781	0	0
16345	5600	10069	4721	4049269	398615844	0	0
16346	3215	3599	4689	4049475	398641533	0	0
16347	2158	3476	4573	4049587	398654598	4070124	401457042
16348	10204	10789	13084	4050165	398726393	0	0
16349	13614	15400	29744	4050577	398772616	0	0
16350	13933	14343	19063	4051560	398901366	0	0
16351	670	12087	2808	4051764	398929221	0	0
16352	7837	14830	5357	4052181	398985396	0	0
16353	954	13473	9859	4052259	398994957	0	0
16354	6454	13179	8059	4052261	398995474	0	0
16355	13415	16030	25419	4052572	399038824	0	0
16356	1585	8694	3420	4052593	399042084	0	0
16357	2452	16174	13286	4052688	399057591	0	0
16358	4793	11211	14446	4052897	399091072	0	0
16359	8159	9851	9591	4053022	399113263	0	0
16360	4255	8051	16742	4054022	399286903	0	0
16361	2470	10333	5986	4055501	399518921	4068227	401179216
16362	4655	9318	4512	4055581	399531248	0	0
16363	558	4460	3398	4056486	399651424	0	0
16364	2845	12958	11463	4056524	399655292	0	0
16365	8981	10316	9805	4056623	399667165	0	0
16366	4523	10160	5799	4056741	399686070	0	0
16367	8969	15017	4202	4056971	399712319	0	0
16368	5712	7393	11985	4056988	399713872	0	0
16369	7979	8445	5508	4057768	399818906	0	0
16370	4351	5625	9469	4057897	399832929	0	0
16371	1147	5947	2397	4057985	399842914	0	0
16372	12390	14323	11515	4058619	399918587	0	0
16373	4073	10552	7627	4058624	399918935	0	0
16374	8039	12671	3625	4059520	400030387	0	0
16375	3099	5989	7605	4059546	400032791	0	0
16376	3508	7307	7528	4059730	400055074	0	0
16377	7763	12008	25988	4059782	400060878	4382084	442630703
16378	2420	11608	3636	4059978	400089762	0	0
16379	1883	14464	12177	4060001	400093932	0	0
16380	7383	7630	3595	4060366	400149509	0	0
16381	1135	4876	3842	4061298	400279720	0	0
16382	13963	14714	37354	4061462	400298693	0	0
16383	8949	13657	23043	4061780	400354455	0	0
16384	10667	13042	6097	4062878	400532129	4394750	444264324
16385	617	4311	2222	4063369	400603466	0	0
16386	558	15961	11457	4063528	400624381	0	0
16387	1906	6743	8166	4063745	400653629	0	0
16388	599	1957	886	4063896	400674321	0	0
16389	1697	2668	2032	4064389	400740385	0	0
16390	529	15280	2949	4064484	400752448	0	0
16391	199	10265	3700	4065383	400857997	0	0
16392	10395	15189	5926	4065414	400861266	0	0
16393	5248	13513	8869	4065882	400915106	0	0
16394	4319	8722	4150	4066027	400933195	0	0
16395	6108	11557	11964	4066399	400972461	0	0
16396	117	8351	7430	4066895	401032030	0	0
16397	4158	4600	6599	4067522	401095773	0	0
16398	854	8606	1412	4067588	401101382	0	0
16399	5230	13531	25071	4067713	401113059	0	0
16400	10936	16361	16432	4068227	401179216	0	0
16401	6644	12018	13061	4068270	401184715	0	0
16402	6450	6521	5232	4068431	401206910	0	0
16403	1763	8615	3509	4068535	401221780	0	0
16404	13499	15371	21368	4068729	401248264	0	0
16405	359	3168	1315	4068936	401286095	0	0
16406	5581	10559	3885	4069055	401304274	0	0
16407	15118	16347	6237	4070124	401457042	0	0
16408	2068	6286	5198	4070802	401543622	0	0
16409	2026	15151	11157	4070845	401549476	0	0
16410	6129	14366	9256	4070921	401557642	0	0
16411	4782	8242	5851	4071683	401654396	0	0
16412	2567	7019	3908	4071717	401658906	0	0
16413	482	9683	6370	4072820	401786911	0	0
16414	10286	12902	16781	4073119	401817267	0	0
16415	5751	6000	7286	4073201	401825963	4430721	448889873
16416	1377	9127	5515	4073786	401890375	0	0
16417	11362	15753	5066	4073827	401895300	0	0
16418	3971	10163	7515	4073869	401899890	0	0
16419	2036	16154	8826	4074775	402004450	0	0
16420	4985	5939	9255	4074942	402022939	0	0
16421	6724	15822	19268	4075075	402038390	0	0
16422	3285	10893	10506	4075697	402107079	0	0
16423	444	10463	7960	4075745	402112085	0	0
16424	347	2706	2444	4075925	402133724	0	0
16425	4026	7215	7424	4076034	402149755	4116897	407409995
16426	3392	12193	6240	4076443	402197050	0	0
16427	4669	6977	8324	4076895	402251365	0	0
16428	724	3085	2850	4077047	402267585	0	0
16429	11519	15037	19166	4077288	402293682	0	0
16430	4168	13380	21695	4077335	402298222	0	0
16431	65	7486	664	4078462	402447429	0	0
16432	4422	13672	8206	4079455	402561656	0	0
16433	12071	15706	22946	4079888	402607367	0	0
16434	189	9607	6014	4079961	402616165	0	0
16435	461	3311	5556	4079970	402617225	0	0
16436	4069	13020	15652	4080628	402699034	0	0
16437	1893	12622	11377	4081202	402775673	0	0
16438	5140	11752	7190	4081492	402810675	0	0
16439	1080	11528	10958	4081738	402843558	4169831	414146566
16440	2865	12816	1882	4082438	402935050	0	0
16441	4402	15773	13321	4082470	402938169	4256920	425122012
16442	13631	14002	19924	4083063	403014540	0	0
16443	12273	12365	26105	4083084	403016988	0	0
16444	7472	10551	18654	4083172	403029294	0	0
16445	2017	10269	2925	4084501	403244330	0	0
16446	4783	15199	10454	4084766	403279997	0	0
16447	2180	4849	5457	4084934	403303834	0	0
16448	6265	11782	11712	4086960	403553306	0	0
16449	3587	15313	11265	4087002	403557016	0	0
16450	5330	15451	19818	4087127	403570228	0	0
16451	11484	14563	13502	4087178	403578184	0	0
16452	3029	5014	12054	4089197	403825740	0	0
16453	14118	14741	4693	4089364	403840513	0	0
16454	1359	5082	1735	4089837	403890061	0	0
16455	10119	13161	9475	4090223	403928256	0	0
16456	8874	14006	11527	4090695	403973164	0	0
16457	8344	9329	12429	4090744	403978477	0	0
16458	7786	8447	8512	4091020	404007267	0	0
16459	5385	14766	12132	4091880	404093902	4385449	443139363
16460	8506	8766	8481	4092326	404141458	0	0
16461	4364	6465	6490	4092436	404153532	0	0
16462	10721	15465	29283	4092775	404189714	0	0
16463	5394	7290	8111	4093193	404242055	0	0
16464	7322	9003	4021	4094231	404352690	0	0
16465	12160	14221	18687	4094538	404385976	0	0
16466	9181	12963	24065	4094635	404395951	0	0
16467	1695	4871	3808	4095472	404492977	0	0
16468	2075	12519	8709	4095505	404496126	0	0
16469	3189	3195	3106	4095640	404513061	0	0
16470	10411	14809	18033	4097031	404665597	0	0
16471	3384	4095	8465	4097082	404671804	0	0
16472	2192	10191	7198	4097114	404676284	0	0
16473	2604	2999	3044	4097121	404677184	0	0
16474	7541	15376	23977	4097384	404706200	0	0
16475	4026	12990	17104	4097550	404732427	4168724	414010259
16476	1891	12355	14088	4098007	404804772	0	0
16477	2742	11529	8141	4098123	404822694	0	0
16478	600	4150	4699	4099446	405004659	0	0
16479	3166	12079	5340	4100154	405092367	0	0
16480	1101	8043	5803	4100224	405100898	0	0
16481	12042	15364	4603	4100597	405147583	0	0
16482	3043	7778	6436	4101266	405225705	0	0
16483	5368	12701	4923	4101283	405227319	4367819	440616239
16484	2300	2613	3513	4101517	405254393	0	0
16485	12975	13893	12708	4101621	405265963	0	0
16486	6452	11550	6780	4101750	405281041	0	0
16487	2005	3220	2221	4102061	405317270	0	0
16488	2621	5480	8010	4102239	405339242	0	0
16489	11526	12718	14172	4102687	405389274	0	0
16490	4171	6425	3020	4102774	405400125	0	0
16491	3649	6115	9061	4103181	405451253	0	0
16492	832	15897	13786	4103311	405467482	0	0
16493	14197	15753	31953	4103333	405469789	0	0
16494	5254	10768	3776	4103501	405501014	0	0
16495	9051	13973	13967	4103699	405537807	0	0
16496	265	9569	2998	4103894	405574218	0	0
16497	4189	8754	4846	4104063	405600137	0	0
16498	11663	12890	28895	4104100	405604827	0	0
16499	12108	14319	18507	4104181	405618655	0	0
16500	9348	10461	7978	4104342	405649492	4179679	415262626
16501	12404	12821	12729	4104764	405737062	4427040	448422715
16502	2472	13659	11785	4105930	405960437	0	0
16503	10192	14363	20471	4106120	405992662	0	0
16504	6834	10291	6812	4107153	406174235	0	0
16505	4232	4724	8990	4107196	406181154	4141313	410421224
16506	2748	15873	6959	4107220	406184613	0	0
16507	4328	15982	15283	4107744	406273101	0	0
16508	13226	13533	16990	4108001	406313688	0	0
16509	4711	6452	6549	4109132	406495366	0	0
16510	255	9963	5090	4109413	406532399	0	0
16511	7009	11973	10909	4109455	406538162	0	0
16512	3073	11801	5506	4110447	406680065	0	0
16513	2727	10724	6188	4110989	406750292	0	0
16514	12744	14676	31835	4111132	406767960	0	0
16515	2155	8613	6648	4111589	406833611	0	0
16516	7636	8087	11670	4112961	407005153	0	0
16517	1760	7500	4683	4113492	407064314	0	0
16518	5453	6597	14482	4113692	407083510	0	0
16519	6944	9636	7126	4114422	407161723	0	0
16520	3609	7691	5724	4115070	407230876	0	0
16521	3542	10690	5275	4115518	407273888	0	0
16522	5232	11802	6094	4115730	407294657	0	0
16523	11155	11268	10917	4116264	407344305	0	0
16524	12167	14785	18977	4116589	407375775	0	0
16525	6445	14608	14839	4116629	407379301	0	0
16526	444	4243	1997	4116656	407381865	0	0
16527	1645	3101	5818	4116744	407391930	0	0
16528	1081	16425	8567	4116897	407409995	4317405	433490630
16529	8387	12453	4021	4116968	407418450	0	0
16530	201	6395	3302	4117065	407432713	0	0
16531	9423	12059	13941	4117549	407493201	0	0
16532	5723	15259	10500	4117840	407525011	0	0
16533	80	6703	9791	4117890	407531608	0	0
16534	5452	10116	4420	4117935	407536308	0	0
16535	4659	12204	9964	4117969	407541613	0	0
16536	9807	11792	18583	4118300	407587957	0	0
16537	57	2647	2128	4119184	407710518	0	0
16538	3036	3728	3502	4119282	407722594	0	0
16539	3134	3811	3423	4119299	407725540	0	0
16540	14725	15413	7991	4119367	407733528	0	0
16541	660	8515	7598	4119643	407772976	0	0
16542	1426	2285	3715	4120310	407856233	0	0
16543	4434	14030	4241	4120353	407861252	0	0
16544	6558	14437	19020	4120531	407883639	0	0
16545	2842	12358	5469	4120622	407895348	0	0
16546	7181	10251	5745	4121675	408027250	0	0
16547	10953	12362	22822	4121959	408058678	0	0
16548	6217	7088	2513	4122083	408075990	0	0
16549	725	11801	3872	4122264	408099745	0	0
16550	1575	15997	2907	4122757	408164133	0	0
16551	5468	12656	11617	4122936	408185505	0	0
16552	8693	9297	27583	4123584	408264219	0	0
16553	3300	3718	2817	4123848	408301977	0	0
16554	11916	15891	12175	4123881	408306483	0	0
16555	112	10982	1334	4124325	408363418	0	0
16556	3627	3774	1886	4125224	408480119	0	0
16557	6888	11115	15648	4125494	408509463	0	0
16558	1833	14176	13028	4126038	408571437	4260660	425598607
16559	2213	6683	3171	4126509	408627572	0	0
16560	5323	10910	12119	4127255	408713303	0	0
16561	1648	15872	14462	4127635	408759367	0	0
16562	4309	5178	3489	4128134	408816736	0	0
16563	3954	11814	13235	4128318	408838032	0	0
16564	13438	14173	13288	4128320	408838127	0	0
16565	7635	10888	13422	4128424	408851794	0	0
16566	12064	13709	14494	4128670	408887065	0	0
16567	4861	12127	10319	4128798	408907258	0	0
16568	10176	12925	14855	4128944	408929138	0	0
16569	4057	13205	1537	4130145	409104593	0	0
16570	3926	6304	7617	4130494	409150682	0	0
16571	12107	15453	28988	4130667	409171897	0	0
16572	6166	10052	14356	4131001	409225131	0	0
16573	4678	7883	5891	4131581	409308938	0	0
16574	6133	16076	10674	4132530	409440466	0	0
16575	1922	5136	3288	4133007	409504354	0	0
16576	1403	5624	5928	4133987	409620984	0	0
16577	2591	9634	3895	4134986	409718157	4340460	436787640
16578	11	9365	3647	4135367	409751196	0	0
16579	13413	16111	31761	4135983	409806193	0	0
16580	9977	10507	11168	4136258	409835126	0	0
16581	1843	7471	4715	4136265	409836832	0	0
16582	2703	9931	11418	4136405	409852690	0	0
16583	1736	7583	4122	4137078	409930806	0	0
16584	6461	16184	15275	4137196	409946883	0	0
16585	1359	14357	11135	4137485	409983934	0	0
16586	3894	10045	12770	4137836	410029517	0	0
16587	5639	10542	18177	4139016	410173632	0	0
16588	5768	13373	13992	4139773	410253875	0	0
16589	2800	5939	4185	4140428	410322040	4197565	418032702
16590	7712	10338	7890	4140827	410364519	0	0
16591	2219	8800	14269	4140924	410374971	0	0
16592	4931	15741	15538	4140964	410380189	4216550	420418973
16593	6878	10200	10240	4141106	410396093	0	0
16594	209	16505	9075	4141313	410421224	0	0
16595	903	14701	2484	4141499	410445997	0	0
16596	2400	9020	3651	4142426	410570099	0	0
16597	12827	13519	15330	4142515	410581357	0	0
16598	6405	6728	17474	4142547	410585733	4287076	429551086
16599	4821	10023	5934	4142572	410588725	0	0
16600	6	15999	872	4142764	410616153	0	0
16601	12672	13249	34067	4142814	410624497	0	0
16602	1188	5363	4386	4143310	410711311	0	0
16603	7334	12182	14580	4143699	410772886	0	0
16604	7644	11585	4835	4143711	410775018	0	0
16605	5500	13378	8069	4143833	410791643	0	0
16606	455	11991	7443	4144260	410859989	0	0
16607	15569	15607	21862	4144294	410866135	4251728	424477026
16608	1163	7166	5341	4145524	411067018	0	0
16609	1586	13633	7955	4145799	411105343	0	0
16610	9699	12178	17548	4145908	411125459	0	0
16611	7899	14024	7397	4146304	411190724	0	0
16612	4269	9364	7568	4146386	411200715	0	0
16613	7406	8244	20160	4147040	411299615	0	0
16614	2946	6104	4328	4147459	411369951	0	0
16615	4511	7657	8107	4147513	411378750	0	0
16616	5356	9149	4259	4147534	411382237	0	0
16617	6336	8738	7582	4147541	411383014	0	0
16618	12321	15957	25055	4148657	411558335	0	0
16619	6003	12798	8553	4148743	411571420	0	0
16620	3033	14112	7768	4148949	411603876	0	0
16621	487	12094	5435	4149622	411711094	0	0
16622	4029	14324	8351	4150622	411846806	0	0
16623	1391	5878	3189	4151385	411942884	0	0
16624	3740	10151	8075	4152726	412092973	0	0
16625	3547	5946	9020	4153124	412128218	0	0
16626	5073	10324	24457	4153672	412180000	0	0
16627	741	7562	1391	4153913	412208062	0	0
16628	9811	10847	14209	4154165	412233385	0	0
16629	5217	6534	4242	4154324	412253508	0	0
16630	839	8165	6344	4154541	412277460	0	0
16631	183	4356	1307	4154683	412291665	0	0
16632	5683	15184	12624	4155677	412394582	0	0
16633	7061	9230	6719	4156072	412435879	0	0
16634	2359	4559	4188	4156564	412486838	0	0
16635	7611	8094	6216	4156902	412519608	0	0
16636	1636	9305	5440	4157107	412540694	0	0
16637	11861	14699	23227	4157485	412575028	0	0
16638	4410	8887	3019	4158017	412632858	0	0
16639	9462	12725	8157	4158171	412651095	0	0
16640	3855	10394	6845	4158354	412668220	0	0
16641	4764	12330	13575	4159010	412735990	0	0
16642	3543	16073	12537	4159146	412752399	0	0
16643	4599	11722	23719	4159360	412776314	0	0
16644	1295	8053	3561	4160059	412858204	0	0
16645	1875	3591	2972	4161433	413004047	0	0
16646	5984	13156	10902	4161521	413012942	4224071	421271544
16647	1366	1377	1092	4161577	413018749	0	0
16648	5261	8929	16630	4161608	413022886	4352423	438377728
16649	8084	14617	32495	4161898	413053201	0	0
16650	8517	15819	6278	4162234	413095816	0	0
16651	7446	13200	20188	4162316	413106013	0	0
16652	7461	8369	8084	4163448	413275724	0	0
16653	2553	4664	5415	4163742	413311396	0	0
16654	8067	14143	16428	4163970	413340435	0	0
16655	1231	15115	24883	4163972	413340455	0	0
16656	758	6856	1597	4164111	413362963	0	0
16657	5469	5603	7232	4164260	413388273	0	0
16658	295	12007	7668	4164914	413486779	0	0
16659	9317	10935	15078	4165186	413527916	0	0
16660	490	4467	2470	4166287	413680347	0	0
16661	8534	15338	12687	4166303	413682502	0	0
16662	5257	13732	8886	4166605	413721696	0	0
16663	149	10243	21699	4166852	413755801	0	0
16664	9183	16475	18698	4168724	414010259	0	0
16665	4320	13576	3626	4168988	414040431	0	0
16666	3242	5460	7638	4169306	414079638	0	0
16667	12603	16439	14707	4169831	414146566	0	0
16668	3178	15900	5850	4170077	414178507	0	0
16669	2206	4864	4185	4170143	414186787	4374638	441553662
16670	1365	8334	7371	4170753	414259876	0	0
16671	5527	10156	6027	4171202	414308158	0	0
16672	11102	16150	6191	4171232	414311719	0	0
16673	7133	10997	4493	4172236	414420091	0	0
16674	1908	12007	11143	4172264	414423730	0	0
16675	14291	15742	18708	4172338	414432032	0	0
16676	5482	14952	17680	4172545	414456899	0	0
16677	1279	13482	9051	4173649	414599611	0	0
16678	10276	10443	10169	4173809	414618822	0	0
16679	2777	2887	1793	4173979	414642033	0	0
16680	4891	11039	6228	4174575	414706682	0	0
16681	2685	11187	4167	4174718	414720907	0	0
16682	8499	9396	9257	4175400	414794409	0	0
16683	7245	10528	15205	4175443	414798858	0	0
16684	5339	12407	14466	4175703	414826845	0	0
16685	3832	10930	6588	4175778	414834996	0	0
16686	5976	14234	6347	4175930	414854075	0	0
16687	7497	7667	13357	4176764	414951942	0	0
16688	4130	8713	5592	4176858	414965703	4454508	451726083
16689	636	6106	9065	4177086	414995858	0	0
16690	7632	15873	4343	4177386	415033023	0	0
16691	1062	16226	3068	4178598	415167844	0	0
16692	14588	16500	22093	4179679	415262626	0	0
16693	997	15863	30819	4179814	415278642	0	0
16694	5868	13580	7806	4179924	415293133	0	0
16695	11070	12963	21132	4180790	415404271	0	0
16696	4160	11657	10810	4180867	415412208	4207877	419335435
16697	2064	11549	9901	4181685	415519310	0	0
16698	10356	16201	19680	4181988	415558350	0	0
16699	5066	5210	6074	4182295	415602396	0	0
16700	5802	12939	5722	4182486	415627969	0	0
16701	4702	6517	6613	4182635	415650065	0	0
16702	1355	16347	4923	4182836	415675316	0	0
16703	13465	13699	22458	4183212	415726317	0	0
16704	98	7745	5929	4183654	415788229	0	0
16705	113	15187	1134	4183732	415798207	0	0
16706	6264	16290	20883	4184105	415850292	0	0
16707	8366	15876	11300	4184620	415922871	0	0
16708	3890	11343	4174	4186639	416174697	4425200	448183049
16709	1291	10660	12378	4186793	416191519	0	0
16710	7229	16043	13987	4186896	416202296	0	0
16711	11623	14970	11622	4187251	416244174	0	0
16712	2370	6230	5019	4187703	416298023	0	0
16713	2246	12452	6244	4188407	416383262	0	0
16714	5905	10306	12574	4188800	416424896	0	0
16715	8607	13464	17216	4189098	416459476	0	0
16716	1791	15164	18503	4189328	416490496	4229672	422039798
16717	12261	13194	12024	4189535	416516766	4350246	438090389
16718	9779	14206	12487	4189539	416517274	0	0
16719	12432	16228	33582	4189707	416546470	0	0
16720	7868	15995	5645	4189740	416553224	0	0
16721	13254	14910	14983	4189784	416561311	0	0
16722	4733	8835	15486	4190496	416701330	0	0
16723	72	6570	2941	4190639	416725934	0	0
16724	5973	12686	12861	4190782	416754613	0	0
16725	7324	8371	10829	4191435	416872953	0	0
16726	12399	15817	27355	4191494	416885665	0	0
16727	7135	10666	6142	4191552	416898993	0	0
16728	11216	15321	11043	4191660	416920049	0	0
16729	10011	13985	16043	4191736	416936242	0	0
16730	2969	12922	5299	4191821	416957874	0	0
16731	4641	14415	8562	4192461	417093528	0	0
16732	3146	11894	4838	4192660	417131914	0	0
16733	668	2490	1819	4192982	417198766	0	0
16734	4711	12633	18163	4193282	417252947	0	0
16735	15786	16338	27744	4193642	417324112	0	0
16736	1484	11501	11289	4193831	417360746	0	0
16737	13683	16264	13052	4194907	417579745	4208362	419406553
16738	1454	8904	7635	4195870	417754569	0	0
16739	127	10712	5899	4196165	417800069	0	0
16740	385	9478	3533	4196214	417807717	0	0
16741	2060	2915	2212	4196302	417821915	0	0
16742	9294	16050	18605	4196878	417920226	4395027	444294795
16743	2273	16589	4938	4197565	418032702	0	0
16744	7422	15914	19562	4197952	418095494	4226475	421543179
16745	311	1833	1580	4198840	418227016	0	0
16746	13065	16115	16344	4199039	418250581	0	0
16747	10328	14745	13427	4199225	418276817	0	0
16748	250	6544	5770	4199663	418344121	0	0
16749	94	7277	3769	4199970	418392311	0	0
16750	7651	8365	12161	4200033	418400991	0	0
16751	9758	11692	13115	4200586	418476461	0	0
16752	1879	3968	2456	4201952	418657969	4209451	419582413
16753	2270	6659	6937	4202754	418746630	0	0
16754	13583	14898	29901	4202833	418754082	0	0
16755	1934	13006	10594	4203055	418783566	0	0
16756	13113	15156	12986	4203579	418855035	0	0
16757	824	9811	2912	4204700	418998934	0	0
16758	1247	7636	7964	4205720	419106647	0	0
16759	928	6954	3420	4206006	419135498	0	0
16760	2226	13702	13089	4206074	419142041	0	0
16761	6233	9436	18188	4206268	419165387	0	0
16762	7531	7552	9961	4206843	419226834	0	0
16763	5297	6848	5766	4207125	419256174	0	0
16764	8453	16696	15201	4207877	419335435	0	0
16765	6900	9914	10940	4207949	419343177	0	0
16766	14670	15135	23319	4208065	419360040	4322451	434162486
16767	9766	15527	18549	4208163	419374762	0	0
16768	13465	16737	26232	4208362	419406553	0	0
16769	5669	16752	4592	4209451	419582413	0	0
16770	11416	14164	17686	4209933	419651391	0	0
16771	5754	7301	9687	4210224	419695744	0	0
16772	2534	5515	1086	4211291	419854320	0	0
16773	365	12505	4324	4212724	420016435	4345946	437548741
16774	632	14463	9194	4212749	420019266	0	0
16775	599	3494	4242	4212977	420044489	0	0
16776	1094	7043	9838	4213791	420127667	0	0
16777	4347	12029	11749	4214022	420153089	0	0
16778	4477	9316	7083	4214040	420154855	0	0
16779	1135	9139	7953	4214356	420190338	0	0
16780	3783	15089	15563	4215873	420349550	0	0
16781	7289	12843	5349	4215915	420354328	0	0
16782	4386	12519	10938	4216387	420403282	0	0
16783	3066	16592	18443	4216550	420418973	0	0
16784	4006	4880	14624	4217837	420562232	0	0
16785	3808	9564	12540	4217918	420572703	0	0
16786	6416	8276	10225	4218126	420597523	0	0
16787	4425	11469	16520	4218292	420617227	0	0
16788	10474	11493	4608	4219838	420804301	0	0
16789	7938	8239	6979	4220061	420827396	0	0
16790	364	7119	4157	4220270	420850197	0	0
16791	5746	6344	5233	4220542	420879229	0	0
16792	4752	10495	6820	4221054	420930977	0	0
16793	6429	9925	8099	4221088	420934959	0	0
16794	1226	6336	7638	4221556	420983126	0	0
16795	7552	9880	11037	4221894	421016872	0	0
16796	11026	13539	26735	4221984	421024175	0	0
16797	129	12913	12269	4222350	421071556	0	0
16798	1663	7837	3566	4222618	421108230	0	0
16799	13774	16646	16546	4224071	421271544	0	0
16800	9490	14366	7500	4225135	421389637	0	0
16801	680	8820	15539	4225591	421433073	0	0
16802	4936	15375	23214	4225792	421455738	0	0
16803	11744	12834	29327	4225963	421474968	0	0
16804	1503	10213	13202	4226249	421513431	0	0
16805	7519	16744	23587	4226475	421543179	0	0
16806	5715	6731	5629	4226623	421568667	4455784	451870885
16807	14801	14860	21301	4227319	421679423	0	0
16808	8905	10175	15161	4227362	421684718	0	0
16809	1834	5737	8335	4227441	421697586	4368707	440754026
16810	773	1696	893	4228024	421801500	0	0
16811	11954	12845	9693	4228237	421834806	0	0
16812	7582	7692	5241	4228396	421858223	0	0
16813	12609	16716	21786	4229672	422039798	0	0
16814	1787	11855	11134	4229674	422039977	0	0
16815	3597	4561	4817	4229974	422087133	0	0
16816	4149	14156	13270	4230222	422129129	0	0
16817	7369	14708	9230	4230858	422234838	0	0
16818	3862	4470	3384	4231297	422299828	0	0
16819	4375	10496	5695	4231322	422303598	0	0
16820	2975	11388	3557	4231357	422309939	0	0
16821	10775	12855	9961	4231575	422345903	0	0
16822	3550	3923	1712	4233534	422608163	0	0
16823	6698	10364	19125	4233732	422629208	0	0
16824	2619	15806	9490	4234069	422667552	0	0
16825	2141	4378	5784	4234281	422693009	0	0
16826	611	16280	27243	4234691	422740004	0	0
16827	7139	15012	13121	4234986	422778764	0	0
16828	1812	5725	3589	4236235	422941104	0	0
16829	8133	12001	2552	4236265	422944532	0	0
16830	2288	10943	8171	4236846	423007338	0	0
16831	8972	15259	12339	4236873	423010354	0	0
16832	3432	9862	7990	4237086	423037600	0	0
16833	3157	3196	4362	4237116	423040584	0	0
16834	284	12516	2985	4238268	423167918	0	0
16835	2769	10883	2245	4238352	423175907	0	0
16836	6289	12224	9093	4239175	423253483	0	0
16837	804	8373	5484	4239714	423300599	0	0
16838	2217	4675	8952	4240039	423329906	0	0
16839	4766	9750	7426	4240792	423397780	0	0
16840	2509	7438	10480	4240821	423400327	0	0
16841	2917	6365	10770	4241112	423427284	0	0
16842	9504	15444	11022	4241255	423440722	0	0
16843	425	9302	3657	4241451	423461748	0	0
16844	9140	10680	9103	4241490	423464789	0	0
16845	9692	13704	13129	4241644	423481425	0	0
16846	6206	6902	11060	4242103	423533173	0	0
16847	11954	15253	12546	4242433	423572628	0	0
16848	5504	5578	8023	4242459	423575674	0	0
16849	6099	6517	7775	4243181	423665218	0	0
16850	1947	5345	5399	4243300	423680208	0	0
16851	8416	9606	10033	4243488	423702555	0	0
16852	1852	7668	4021	4244860	423853574	0	0
16853	1012	3126	1292	4244986	423864982	0	0
16854	4480	14095	5108	4245334	423896911	0	0
16855	7844	12413	12221	4245370	423899864	0	0
16856	5354	13271	9725	4245737	423937648	0	0
16857	10790	14925	6354	4248014	424150928	0	0
16858	2142	6629	2833	4248120	424158841	0	0
16859	5031	14459	10083	4248692	424200467	0	0
16860	6633	11804	8452	4248824	424210385	0	0
16861	6716	10913	12839	4248887	424215768	0	0
16862	11384	11944	21538	4249533	424267650	0	0
16863	4428	10915	19176	4250106	424319151	0	0
16864	5719	16141	13543	4250409	424347722	0	0
16865	7306	10294	12454	4251260	424429149	0	0
16866	11231	16607	26787	4251728	424477026	0	0
16867	4291	10827	10879	4252248	424539630	0	0
16868	8292	14227	28005	4253141	424640309	0	0
16869	5287	15673	20851	4253568	424698167	0	0
16870	928	2269	305	4253834	424735876	0	0
16871	405	15394	11909	4253970	424753519	0	0
16872	2350	7598	6829	4254382	424812802	0	0
16873	1906	2644	3353	4254578	424841308	0	0
16874	3667	8414	8689	4256300	425054558	0	0
16875	4790	12435	8895	4256752	425102726	4361466	439642498
16876	4068	12309	2855	4256891	425118694	0	0
16877	2978	16441	15756	4256920	425122012	0	0
16878	5108	12028	7300	4257310	425165996	4403667	445343209
16879	5753	15664	30404	4257773	425218774	0	0
16880	4551	15296	18171	4258017	425251222	0	0
16881	1867	9000	3380	4259550	425454208	0	0
16882	9177	15179	12548	4259604	425461686	0	0
16883	7184	13864	25799	4260084	425526048	0	0
16884	15601	16558	17665	4260660	425598607	0	0
16885	4936	12906	5103	4261051	425657122	0	0
16886	3493	9860	10349	4261296	425689595	0	0
16887	4704	11238	8248	4261721	425746009	0	0
16888	1746	14875	14670	4261930	425776837	0	0
16889	2223	12422	8978	4262172	425813355	0	0
16890	2692	14132	5837	4262660	425884152	0	0
16891	2270	2806	5067	4262987	425930949	0	0
16892	344	11814	10982	4263697	426025343	0	0
16893	11100	11611	17161	4264067	426071057	0	0
16894	9476	15064	11046	4264229	426093725	0	0
16895	5958	12782	10426	4264592	426141921	0	0
16896	984	11622	10275	4264748	426163535	0	0
16897	2710	7434	18414	4264964	426190952	0	0
16898	1930	3220	1628	4265268	426237475	0	0
16899	2811	11132	9307	4265475	426269863	0	0
16900	277	6676	4132	4265540	426278652	0	0
16901	9132	15858	23708	4265650	426296085	0	0
16902	1800	2784	3131	4265720	426308161	0	0
16903	6717	7709	8435	4265829	426325869	0	0
16904	1806	11932	8124	4266128	426377140	4276417	427944112
16905	5857	12412	15102	4267012	426519434	0	0
16906	2099	3133	4315	4267029	426521338	0	0
16907	5159	8099	26153	4267039	426523152	0	0
16908	11579	11668	8118	4267053	426525620	4411572	446355457
16909	242	12573	7844	4267876	426659677	0	0
16910	10265	13837	19669	4268459	426754316	0	0
16911	2413	14274	10201	4268605	426777921	0	0
16912	703	4413	2180	4268719	426797876	0	0
16913	1752	3059	5067	4269548	426932623	0	0
16914	5098	5282	6134	4270815	427100807	0	0
16915	9720	14521	5107	4270896	427111035	0	0
16916	4139	5541	4829	4271012	427125529	0	0
16917	7129	9684	17971	4271257	427154521	0	0
16918	5348	9853	19206	4271555	427192815	0	0
16919	1483	11983	10739	4271649	427205969	4301123	431491937
16920	8793	10789	18917	4271704	427213083	0	0
16921	12944	14352	19610	4272030	427260739	0	0
16922	10263	16275	14401	4272795	427384685	4308456	432433800
16923	4108	6548	8691	4272801	427385441	0	0
16924	2400	12735	2919	4273088	427427766	0	0
16925	6053	13612	9844	4273376	427475717	0	0
16926	9467	16078	13777	4274057	427585834	0	0
16927	5281	16108	11487	4274311	427628375	0	0
16928	5113	8689	12123	4275172	427756380	0	0
16929	1501	4302	9489	4275214	427763340	0	0
16930	7867	12394	8124	4275309	427777306	0	0
16931	5053	16904	11049	4276417	427944112	0	0
16932	7357	8583	5181	4276556	427961880	0	0
16933	9810	13316	18949	4276943	428016848	0	0
16934	6134	10816	7404	4277306	428071228	0	0
16935	6620	13294	23787	4277337	428074606	0	0
16936	1230	11440	12678	4277625	428116904	0	0
16937	7285	14242	42644	4277780	428142506	0	0
16938	7311	11195	4255	4278350	428267496	0	0
16939	3656	12756	18938	4278499	428297156	0	0
16940	2769	16184	13044	4279865	428565239	4452310	451425200
16941	1477	1982	3676	4280356	428645101	0	0
16942	9607	15979	11774	4280791	428710388	0	0
16943	721	8737	4892	4281370	428793640	0	0
16944	1477	5542	5041	4281434	428803053	0	0
16945	6708	7988	9593	4281530	428816163	0	0
16946	5371	14218	7519	4282725	428982226	0	0
16947	5526	15273	9395	4283207	429044035	0	0
16948	4489	8699	6950	4283669	429094958	4294910	430648496
16949	5531	8378	9737	4283717	429100005	0	0
16950	12409	16103	6676	4283784	429107322	0	0
16951	9515	13017	16051	4283872	429117735	0	0
16952	11978	13140	16745	4284043	429140363	0	0
16953	7215	11075	8348	4284924	429267420	0	0
16954	1620	7323	13999	4285695	429361306	0	0
16955	5611	12810	2281	4285911	429392308	4381184	442501990
16956	10741	15406	13457	4286104	429418456	0	0
16957	9072	9829	15495	4286961	429535104	0	0
16958	9215	16598	22574	4287076	429551086	0	0
16959	11237	15089	23869	4287270	429575988	0	0
16960	10337	14993	8451	4287416	429598084	0	0
16961	12429	12659	14828	4287552	429621351	0	0
16962	7174	8363	9783	4287661	429642498	0	0
16963	9927	11634	11619	4288548	429795130	0	0
16964	863	11738	6121	4289099	429886407	0	0
16965	3998	4162	8517	4290048	430023285	0	0
16966	7356	14692	18923	4290395	430065982	0	0
16967	6138	13205	3887	4290578	430092692	0	0
16968	1766	7910	7913	4290743	430114520	0	0
16969	8593	15840	10656	4291587	430232849	0	0
16970	1811	7784	2749	4291907	430275425	0	0
16971	10839	11683	18302	4292599	430362470	0	0
16972	13966	14139	16338	4293355	430459102	0	0
16973	2560	10882	14502	4293955	430533633	0	0
16974	5033	6957	8855	4294838	430639687	0	0
16975	6318	16948	11160	4294910	430648496	0	0
16976	11175	16103	11248	4295087	430672497	0	0
16977	4453	15335	10160	4295159	430681951	0	0
16978	596	9967	4334	4295864	430770477	0	0
16979	12229	13269	18150	4296507	430848753	0	0
16980	9333	14438	21939	4296582	430858426	0	0
16981	9583	12047	26700	4296676	430871250	0	0
16982	6890	10771	9495	4297587	431013635	0	0
16983	7261	10102	12175	4298305	431114175	0	0
16984	1074	5748	4843	4299092	431222146	0	0
16985	753	9780	7270	4299303	431248860	0	0
16986	5819	16242	15837	4299332	431253356	0	0
16987	7898	14202	18095	4299701	431300035	0	0
16988	5991	14224	10367	4300364	431389044	0	0
16989	4598	10715	6177	4300509	431408657	0	0
16990	6372	6549	5366	4300658	431428096	0	0
16991	570	15333	15665	4300748	431440776	0	0
16992	11173	13880	21868	4300848	431454425	0	0
16993	1798	16919	11286	4301123	431491937	0	0
16994	1953	5269	7154	4301217	431506154	0	0
16995	8855	15899	8942	4302810	431760586	0	0
16996	8249	11404	12953	4303095	431802115	0	0
16997	6654	13525	9283	4304083	431929552	0	0
16998	12344	14237	30417	4304917	432032012	0	0
16999	596	1957	1038	4306701	432257021	0	0
17000	5793	15786	16124	4307659	432352616	0	0
17001	4537	9695	9312	4307668	432353161	0	0
17002	6356	12924	17951	4308250	432411869	0	0
17003	13041	13578	11558	4308263	432412775	0	0
17004	3418	16922	16649	4308456	432433800	4440757	450067794
17005	3237	12507	8344	4309585	432556283	0	0
17006	2424	2843	1668	4310352	432636527	0	0
17007	13854	14045	16091	4310556	432655992	0	0
17008	6786	11813	10205	4310558	432656093	0	0
17009	10351	12182	24276	4310670	432667075	0	0
17010	5762	11145	5302	4311322	432758659	0	0
17011	8895	15544	10960	4311581	432790868	0	0
17012	6951	10152	14699	4311870	432826835	4369186	440824791
17013	2584	12370	7273	4313142	432979626	0	0
17014	292	13284	8961	4313298	433001569	0	0
17015	11247	11346	15588	4313610	433035448	0	0
17016	1479	7381	4537	4313819	433060390	0	0
17017	1739	15574	8621	4313861	433066679	0	0
17018	2087	13230	2798	4313980	433082085	0	0
17019	6572	9201	1749	4314016	433086962	0	0
17020	276	6080	9330	4315055	433215957	0	0
17021	4396	8944	7013	4315258	433239650	4376286	441784601
17022	805	8943	8122	4315516	433271896	0	0
17023	2525	7364	4193	4315613	433282887	0	0
17024	10948	13737	13920	4315730	433297972	0	0
17025	5420	11166	16676	4317171	433460881	0	0
17026	11210	11751	29907	4317201	433463660	0	0
17027	12617	12944	11069	4317335	433481094	0	0
17028	12438	16528	11758	4317405	433490630	0	0
17029	5477	16022	11349	4318242	433601827	0	0
17030	5431	14654	19494	4318450	433633612	0	0
17031	4831	12489	24471	4319855	433830463	0	0
17032	1925	8309	2934	4320056	433858219	0	0
17033	270	5942	4061	4320182	433877111	0	0
17034	6270	12128	11594	4320404	433907604	0	0
17035	3102	3837	4528	4320715	433948088	0	0
17036	8808	10782	12103	4321390	434036412	0	0
17037	4245	5240	5041	4321451	434043329	0	0
17038	1167	2669	1146	4322137	434129205	0	0
17039	10528	16766	30355	4322451	434162486	0	0
17040	5618	10131	8741	4322630	434183676	0	0
17041	2149	13952	1924	4323117	434248783	0	0
17042	3379	14315	7836	4323141	434251447	0	0
17043	6640	11983	12894	4324161	434373083	0	0
17044	11822	15552	24769	4324695	434433740	0	0
17045	230	15559	13454	4324895	434462463	0	0
17046	2032	11422	13493	4325074	434490897	0	0
17047	817	8311	4599	4325629	434568101	0	0
17048	2994	4061	3902	4327004	434746082	0	0
17049	663	5295	3730	4327539	434806201	4436163	449460214
17050	13593	14298	15125	4328205	434869719	4335767	435976963
17051	5406	14263	9576	4328329	434884565	0	0
17052	7835	10154	14601	4329144	434965111	0	0
17053	4152	16255	26961	4329191	434969567	0	0
17054	5819	14752	9718	4329328	434985426	0	0
17055	8547	10725	17457	4329504	435011766	0	0
17056	9841	15072	4931	4329647	435030523	4403866	445367011
17057	4546	8669	9296	4329970	435075192	0	0
17058	8673	11907	13109	4331049	435217316	0	0
17059	872	7197	5404	4331225	435238491	0	0
17060	5034	13195	10476	4331432	435265944	0	0
17061	10851	14964	7100	4331630	435294888	0	0
17062	108	15456	10046	4331795	435319868	0	0
17063	8969	9527	8223	4332105	435364446	0	0
17064	1070	15665	8570	4332112	435365453	0	0
17065	2200	10555	9785	4332621	435438348	0	0
17066	15016	15286	35387	4332961	435488157	0	0
17067	12244	15215	17582	4333789	435629315	0	0
17068	9222	14047	9417	4334021	435668063	0	0
17069	6998	13303	16467	4334193	435696540	0	0
17070	4351	15331	12177	4334311	435717644	0	0
17071	7159	15621	12417	4334602	435770269	0	0
17072	2207	8084	6737	4335016	435850493	0	0
17073	10455	17050	24073	4335767	435976963	0	0
17074	9556	14818	15392	4335775	435978482	0	0
17075	3209	6780	14760	4336371	436094617	0	0
17076	6731	12761	18067	4336750	436164924	0	0
17077	8970	13589	9489	4336806	436177114	0	0
17078	733	15829	5153	4337356	436283682	0	0
17079	10422	11337	22359	4338468	436478960	0	0
17080	10755	11583	11941	4338648	436504714	0	0
17081	848	5642	7019	4339420	436631594	0	0
17082	7097	16020	10795	4339756	436681943	0	0
17083	8147	16577	10058	4340460	436787640	0	0
17084	12266	14709	9256	4341135	436885407	0	0
17085	6263	7510	9062	4341168	436889220	0	0
17086	1253	13146	8732	4341923	436991411	0	0
17087	10728	13947	25931	4342181	437026532	0	0
17088	11995	12880	33553	4342983	437139150	0	0
17089	6802	10769	8973	4343728	437252006	0	0
17090	6516	13595	13574	4343967	437285745	0	0
17091	7171	8153	7206	4345481	437494821	0	0
17092	6859	8082	1932	4345644	437515216	0	0
17093	5964	16773	10196	4345946	437548741	0	0
17094	5705	12307	13525	4346473	437609669	0	0
17095	4181	14935	21559	4346764	437643230	0	0
17096	4885	11424	7216	4347025	437678685	0	0
17097	6744	7655	9452	4347357	437723235	0	0
17098	7443	13275	12513	4349015	437915656	0	0
17099	7627	15076	26625	4349049	437920436	0	0
17100	6335	16123	15834	4349543	437985998	0	0
17101	5518	16717	15977	4350246	438090389	0	0
17102	7967	9860	12249	4350920	438182128	0	0
17103	5594	15317	9840	4350951	438185920	0	0
17104	4077	4950	8412	4351057	438200587	0	0
17105	1275	14742	4572	4351518	438262513	0	0
17106	8088	8787	10669	4351765	438292335	0	0
17107	11076	16648	25789	4352423	438377728	0	0
17108	11888	12345	19829	4353019	438460137	0	0
17109	10507	11800	7850	4353024	438461421	0	0
17110	8372	10152	16278	4353356	438510419	0	0
17111	2848	6428	7537	4353439	438521277	0	0
17112	2546	10380	6866	4355168	438767937	0	0
17113	2776	12203	10844	4355301	438784229	0	0
17114	7788	12753	13120	4355545	438817261	0	0
17115	692	3629	3644	4356814	438969561	0	0
17116	7577	16227	11689	4357293	439020965	0	0
17117	11658	16289	11413	4357443	439037830	0	0
17118	8998	10496	14126	4357711	439072928	0	0
17119	2470	16323	12607	4357853	439089493	0	0
17120	10470	11910	12152	4358084	439118618	0	0
17121	9150	13189	14193	4358917	439226258	0	0
17122	5830	11796	4159	4358968	439232588	0	0
17123	13031	15138	28530	4359258	439270177	0	0
17124	7053	9297	23717	4359448	439300312	0	0
17125	11385	12967	14915	4359539	439315207	0	0
17126	14634	15445	23304	4360187	439429971	0	0
17127	1461	13695	4084	4360329	439456294	0	0
17128	6639	16875	11743	4361466	439642498	0	0
17129	333	7661	4711	4361635	439666563	0	0
17130	15453	16316	42835	4362355	439773411	0	0
17131	3946	9496	23261	4363185	439906845	0	0
17132	13919	14520	19038	4364565	440106654	0	0
17133	4770	4922	12113	4364572	440107241	0	0
17134	10700	15158	29055	4364970	440166702	0	0
17135	4202	4755	5574	4365092	440187645	0	0
17136	12921	13373	23821	4365493	440252652	0	0
17137	2979	11523	3097	4365662	440284638	0	0
17138	3947	5751	4785	4365955	440335128	0	0
17139	8882	10879	5741	4367042	440500330	0	0
17140	8942	12258	26059	4367333	440540393	0	0
17141	4876	16483	8134	4367819	440616239	0	0
17142	7723	9059	13552	4368256	440685823	0	0
17143	7031	16809	11162	4368707	440754026	0	0
17144	7589	17012	19144	4369186	440824791	0	0
17145	6726	10526	10854	4369188	440824839	0	0
17146	340	16079	11163	4371045	441094169	0	0
17147	4726	9170	10227	4371351	441131573	0	0
17148	107	10933	7026	4371738	441183956	0	0
17149	4005	4371	9037	4371953	441214186	0	0
17150	5553	16219	10160	4372624	441310786	0	0
17151	2152	6609	7442	4372830	441336145	0	0
17152	9309	9734	7024	4373702	441440583	0	0
17153	2043	15213	4963	4373740	441445211	0	0
17154	3507	16041	17889	4374204	441498609	0	0
17155	12026	12981	35287	4374532	441538081	0	0
17156	3683	16669	6058	4374638	441553662	0	0
17157	356	14333	13371	4375699	441703208	0	0
17158	403	5942	3900	4375942	441735397	0	0
17159	2989	6401	3592	4375973	441740035	0	0
17160	5184	7142	7388	4376005	441745062	0	0
17161	2007	9720	2300	4376224	441775056	0	0
17162	10671	17021	20031	4376286	441784601	0	0
17163	226	7373	3833	4376472	441812746	0	0
17164	9536	9626	8792	4376696	441843066	0	0
17165	8894	16338	24296	4377230	441919375	0	0
17166	1372	12956	15847	4377667	441982798	0	0
17167	2865	9468	2646	4377995	442035035	0	0
17168	7037	13158	13207	4378080	442047690	0	0
17169	6590	13284	10596	4378577	442122882	0	0
17170	9051	9062	9798	4378932	442175948	0	0
17171	2460	8716	9803	4379932	442319785	0	0
17172	5818	10770	13701	4380263	442366182	0	0
17173	2308	14969	10830	4380532	442404398	0	0
17174	6908	9625	12366	4381105	442487107	0	0
17175	15097	16955	12820	4381184	442501990	0	0
17176	4824	14323	3970	4381998	442615550	0	0
17177	1766	4638	2235	4382071	442628295	0	0
17178	9549	16377	41164	4382084	442630703	0	0
17179	9695	10788	9863	4382333	442676765	0	0
17180	8382	11833	7293	4382522	442710114	0	0
17181	2847	13037	3804	4382633	442730059	0	0
17182	6636	15956	9512	4383357	442850652	0	0
17183	832	6924	4393	4384080	442963914	0	0
17184	3192	6243	2658	4385187	443109250	0	0
17185	2869	13411	5543	4385353	443128373	0	0
17186	15434	16459	15542	4385449	443139363	0	0
17187	620	2492	804	4385758	443179098	0	0
17188	5821	16505	16857	4385787	443183553	0	0
17189	4353	15796	12723	4386318	443257854	0	0
17190	4232	9343	4366	4386770	443319407	0	0
17191	11078	13211	16871	4387058	443355464	0	0
17192	89	7282	9680	4387225	443379319	0	0
17193	3802	14292	14657	4388835	443575723	0	0
17194	1243	13851	6357	4390046	443708676	0	0
17195	7338	11103	10571	4390543	443762436	0	0
17196	4427	9293	5494	4391536	443856498	0	0
17197	2928	10738	22821	4391685	443869886	0	0
17198	5513	11998	4183	4391990	443903034	0	0
17199	1433	8020	8608	4392239	443930567	4424499	448092904
17200	7416	15798	24921	4392464	443955912	0	0
17201	8967	13847	18871	4392749	443992660	0	0
17202	7825	12460	14462	4393362	444079747	0	0
17203	1017	2344	2384	4393476	444094683	0	0
17204	6104	16384	7505	4394750	444264324	0	0
17205	9263	16742	24125	4395027	444294795	0	0
17206	2146	7870	5635	4395828	444393834	0	0
17207	2863	10818	7780	4395970	444412732	0	0
17208	5981	10387	13082	4396427	444470620	0	0
17209	9355	14844	11926	4396542	444484327	0	0
17210	1866	7954	3332	4396752	444511009	0	0
17211	1096	11851	3558	4396998	444540982	0	0
17212	8441	9267	2895	4397784	444641774	0	0
17213	11788	16183	6938	4398008	444671233	0	0
17214	14945	15204	3411	4398087	444678989	0	0
17215	3277	13500	19672	4398700	444752752	0	0
17216	4770	8637	11182	4398722	444756047	0	0
17217	9873	11402	16812	4399165	444814713	0	0
17218	201	11238	7742	4399894	444909683	4417116	447017906
17219	8713	10200	7967	4400199	444950357	0	0
17220	3550	4249	1882	4400337	444965567	0	0
17221	702	7050	942	4400709	445011544	0	0
17222	7965	10895	7058	4401540	445105514	0	0
17223	5280	14825	11740	4401723	445121422	0	0
17224	12873	15787	28662	4402472	445197927	0	0
17225	2598	10961	9692	4403104	445274521	0	0
17226	2002	16878	8177	4403667	445343209	0	0
17227	13180	17056	19804	4403866	445367011	0	0
17228	9886	14000	8212	4403930	445376264	0	0
17229	4494	16225	14071	4404707	445478630	0	0
17230	5738	16219	10229	4406135	445655755	0	0
17231	6650	7658	2526	4406330	445677467	0	0
17232	2751	12679	2390	4406364	445682501	0	0
17233	5909	13619	10735	4406459	445692876	0	0
17234	10319	15471	17634	4406498	445697519	0	0
17235	4216	12716	7584	4406879	445742576	0	0
17236	1512	2264	858	4407002	445760550	0	0
17237	1512	12602	8439	4407002	445760550	0	0
17238	2264	12602	7781	4407002	445760550	0	0
17239	4476	14807	11327	4407152	445781930	0	0
17240	3425	4143	8403	4407343	445808874	0	0
17241	4961	12434	4504	4408064	445908511	0	0
17242	8470	16152	23220	4408166	445921543	0	0
17243	1398	16153	7771	4408883	446034399	0	0
17244	14218	15072	4051	4410747	446266293	0	0
17245	4017	6265	7017	4410991	446290973	0	0
17246	3761	14091	4320	4411076	446300173	0	0
17247	4526	13944	16206	4411405	446335374	0	0
17248	8203	16908	9206	4411572	446355457	0	0
17249	9004	9464	8540	4412078	446410147	0	0
17250	3897	15161	14177	4412246	446429717	0	0
17251	7447	9677	10442	4412792	446499709	0	0
17252	10055	10697	10355	4412962	446519479	0	0
17253	2010	8072	13445	4413000	446525267	0	0
17254	121	14694	4529	4413246	446555499	0	0
17255	7854	8742	8339	4414518	446712368	0	0
17256	9032	15454	16984	4415241	446789047	0	0
17257	12879	13445	12711	4415448	446811152	0	0
17258	8093	15702	27479	4415908	446867524	0	0
17259	5839	11432	3909	4416538	446946511	0	0
17260	9760	13663	12988	4416876	446987238	0	0
17261	2713	17218	11161	4417116	447017906	0	0
17262	2730	5004	7661	4418007	447139310	0	0
17263	10947	12722	14503	4418357	447180875	0	0
17264	8221	9457	9744	4418600	447216646	0	0
17265	12959	15353	6770	4418788	447241318	0	0
17266	6651	11841	11124	4419786	447367446	0	0
17267	13921	15549	33214	4419815	447370706	0	0
17268	3840	9017	3204	4419939	447388611	0	0
17269	1431	14561	32216	4420063	447405576	0	0
17270	962	15392	10038	4420270	447444557	0	0
17271	2530	2687	4260	4420365	447462870	0	0
17272	10770	12843	15311	4420525	447491972	0	0
17273	1969	8422	5932	4421129	447606408	0	0
17274	654	6062	4573	4421853	447732326	0	0
17275	4687	10625	4346	4421857	447732971	0	0
17276	10896	14481	3339	4422404	447817593	0	0
17277	8368	15742	10496	4422971	447901595	0	0
17278	3651	10600	6935	4423909	448021489	0	0
17279	2281	13718	6570	4424188	448054519	0	0
17280	2222	17199	11309	4424499	448092904	0	0
17281	4397	7232	6328	4424740	448122954	0	0
17282	1588	15033	2571	4425124	448174097	0	0
17283	8959	16708	9876	4425200	448183049	0	0
17284	6935	16028	12674	4425411	448207713	0	0
17285	7108	16439	13424	4425675	448243611	0	0
17286	7744	7747	11735	4426972	448414641	0	0
17287	987	15255	29390	4427009	448418427	0	0
17288	3358	16501	16011	4427040	448422715	0	0
17289	969	1819	1225	4427330	448467353	0	0
17290	2271	13548	4093	4427573	448500249	0	0
17291	6441	9531	9995	4428136	448579887	0	0
17292	1775	10866	5559	4428315	448606735	0	0
17293	4148	5559	7138	4430477	448862443	0	0
17294	11538	16415	18773	4430721	448889873	0	0
17295	11922	16164	19540	4430760	448894992	0	0
17296	3595	5455	8097	4431965	449037918	0	0
17297	6199	10520	3317	4432676	449113920	0	0
17298	1797	7851	10381	4433133	449160416	0	0
17299	13364	13763	18856	4434213	449262394	0	0
17300	2558	11597	11189	4435043	449342161	0	0
17301	6084	16155	16589	4435119	449349789	0	0
17302	6287	8177	11821	4435869	449429041	0	0
17303	12693	17049	7299	4436163	449460214	0	0
17304	7053	14347	28664	4436280	449473983	0	0
17305	3038	15165	12397	4436299	449476785	0	0
17306	13921	14983	19582	4436633	449524970	0	0
17307	4474	15998	17755	4436799	449547402	0	0
17308	2041	10215	7762	4438828	449834116	0	0
17309	4122	12013	7447	4439498	449911005	0	0
17310	15101	16076	29230	4439735	449938703	0	0
17311	4150	6061	9219	4440339	450014498	0	0
17312	1660	12542	5054	4440654	450053723	0	0
17313	13301	17004	20447	4440757	450067794	0	0
17314	4004	14761	9597	4440879	450086056	0	0
17315	5928	8595	10960	4442851	450341426	0	0
17316	2381	3458	2211	4442958	450355444	0	0
17317	5444	14421	17359	4443184	450381256	0	0
17318	10747	11041	14548	4444164	450494338	0	0
17319	2200	3639	2608	4444330	450509324	0	0
17320	10729	16166	40726	4444651	450545142	0	0
17321	1010	5900	5346	4446557	450774757	0	0
17322	6475	12117	11254	4447362	450856408	0	0
17323	1867	4692	2426	4448142	450932201	0	0
17324	1350	2186	4674	4448579	450972928	0	0
17325	6349	14586	10749	4448752	450989510	0	0
17326	13728	16290	15394	4449189	451029906	0	0
17327	229	5614	15979	4449210	451031580	0	0
17328	3101	14037	11945	4449402	451051581	0	0
17329	9838	14496	21581	4449546	451067996	0	0
17330	2890	4869	8142	4450168	451152242	0	0
17331	8322	10295	10131	4450512	451194047	0	0
17332	3984	7452	5442	4451112	451268509	0	0
17333	11021	14513	12382	4451335	451296128	0	0
17334	1326	15931	11435	4451388	451302196	0	0
17335	5179	8550	4696	4451842	451364850	0	0
17336	362	11842	8171	4452130	451402679	0	0
17337	5425	16940	15963	4452310	451425200	0	0
17338	1913	15104	1442	4452320	451426704	0	0
17339	8252	15139	14477	4452353	451431841	0	0
17340	6318	6658	6997	4453308	451574977	0	0
17341	5912	10750	2225	4453748	451632222	0	0
17342	4249	16688	6667	4454508	451726083	0	0
17343	11276	11503	12684	4455193	451802139	0	0
17344	1587	15628	12108	4455353	451820081	0	0
17345	849	11253	4558	4455418	451827978	0	0
17346	9735	16806	8257	4455784	451870885	0	0
17347	14453	14934	32905	4456305	451929802	0	0
17348	1735	6270	6695	4456339	451934745	0	0
