0	-1	-1	1	0	0	2	1
1	-1	-1	1	0	0	2	1
2	0	1	2	2	1	5	2
3	0	2	3	5	2	13	9
4	1	2	3	5	2	29	40
5	0	3	4	13	9	17	16
6	2	3	5	13	9	17	16
7	5	6	9	17	16	29	40
8	4	7	12	29	40	43	80
9	0	7	10	33	53	54	121
10	4	8	15	43	80	75	162
11	1	4	4	50	116	85	213
12	1	9	11	54	121	85	213
13	3	4	6	71	159	124	360
14	3	10	18	75	162	216	823
15	8	11	16	85	213	127	369
16	8	12	23	85	213	145	461
17	11	12	15	85	213	103	296
18	5	17	19	103	296	198	728
19	8	13	18	124	360	170	561
20	1	15	17	127	369	637	3542
21	10	12	26	139	427	281	1230
22	13	16	29	145	461	172	562
23	1	5	5	152	534	216	823
24	12	19	29	170	561	256	1098
25	0	22	30	172	562	1110	7468
26	7	19	27	181	620	235	970
27	1	18	20	198	728	341	1538
28	14	17	33	216	823	311	1360
29	14	23	23	216	823	671	3774
30	17	23	20	216	823	362	1622
31	7	11	13	225	931	671	3774
32	23	26	32	235	970	407	1829
33	5	26	31	250	1066	652	3634
34	14	24	47	256	1098	956	6215
35	6	17	20	279	1225	544	2873
36	8	21	38	281	1230	1264	9138
37	2	28	35	311	1360	472	2300
38	17	24	44	325	1469	801	4818
39	5	27	24	341	1538	462	2254
40	9	17	25	356	1610	1007	6665
41	26	30	47	362	1622	407	1829
42	18	24	48	380	1734	1449	10431
43	7	32	41	407	1829	2136	16978
44	7	41	56	407	1829	767	4399
45	32	41	79	407	1829	987	6403
46	9	19	28	440	2144	519	2677
47	7	8	21	459	2247	767	4399
48	12	39	35	462	2254	1042	6903
49	14	27	38	469	2294	565	3025
50	21	37	61	472	2300	676	3826
51	9	28	43	497	2560	1042	6903
52	3	41	50	506	2606	860	5465
53	9	27	30	510	2626	787	4652
54	26	46	55	519	2677	834	5193
55	9	39	34	530	2765	16497	281615
56	32	35	52	544	2873	2321	18684
57	30	49	58	565	3025	592	3193
58	11	57	62	592	3193	915	5929
59	8	35	32	601	3296	6596	75185
60	7	46	37	620	3445	1190	8202
61	39	49	62	629	3493	834	5193
62	1	20	18	637	3542	5694	62857
63	2	33	33	652	3634	1196	8260
64	29	31	36	671	3774	1110	7468
65	20	50	78	676	3826	1222	8619
66	24	32	61	712	4125	1498	10901
67	7	18	28	728	4204	1546	11249
68	1	57	59	736	4243	1064	7113
69	8	49	50	760	4382	787	4652
70	44	47	77	767	4399	1954	14943
71	53	69	80	787	4652	2050	15855
72	38	53	74	801	4818	1119	7570
73	54	61	117	834	5193	6259	70397
74	52	69	100	860	5465	1417	10051
75	6	29	28	865	5573	1190	8202
76	5	58	66	915	5929	3696	35339
77	34	39	71	956	6215	24286	464223
78	13	53	36	984	6388	1384	9860
79	2	45	81	987	6403	1812	13779
80	28	40	58	1007	6665	3021	26031
81	48	51	78	1042	6903	1699	12393
82	1	68	60	1064	7113	2285	18291
83	25	64	66	1110	7468	1147	7901
84	35	72	94	1119	7570	1668	12165
85	10	83	81	1147	7901	3669	34779
86	60	75	65	1190	8202	17358	302025
87	10	16	38	1193	8238	1449	10431
88	63	83	99	1196	8260	2239	17850
89	49	65	116	1222	8619	2451	19857
90	12	37	46	1256	9086	2087	16414
91	35	36	58	1264	9138	1330	9482
92	13	50	67	1303	9387	2087	16414
93	8	57	70	1328	9479	2814	23369
94	75	91	86	1330	9482	1886	14378
95	14	78	54	1384	9860	73140	2119085
96	23	78	41	1384	9860	4020	39478
97	21	48	61	1413	10028	1584	11446
98	4	74	103	1417	10051	3346	30431
99	42	87	86	1449	10431	1605	11591
100	7	40	34	1467	10699	12840	195042
101	66	72	135	1498	10901	2993	25624
102	22	29	52	1542	11235	6245	70276
103	18	67	47	1546	11249	3661	34674
104	33	97	92	1584	11446	3976	38729
105	61	99	148	1605	11591	1699	12393
106	12	54	66	1640	12009	2537	20588
107	5	84	98	1668	12165	2629	21328
108	81	105	226	1699	12393	4383	44363
109	3	30	23	1715	12817	5215	57195
110	58	83	128	1766	13388	2050	15855
111	44	49	94	1785	13581	1964	15025
112	41	79	128	1812	13779	6533	74083
113	17	28	48	1821	13884	1925	14788
114	7	61	71	1845	14151	6533	74083
115	18	25	49	1859	14231	2136	16978
116	14	94	104	1886	14378	2840	23579
117	4	113	51	1925	14788	2174	17388
118	50	70	138	1954	14943	4258	42205
119	58	111	156	1964	15025	3430	31476
120	31	33	44	2038	15793	5823	64535
121	47	53	51	2048	15854	3965	38628
122	71	110	208	2050	15855	2840	23579
123	90	92	113	2087	16414	2974	25389
124	43	115	90	2136	16978	3021	26031
125	33	117	82	2174	17388	4182	41238
126	25	79	111	2208	17669	13857	216911
127	14	88	117	2239	17850	7523	89054
128	29	30	43	2258	18067	23561	448162
129	70	82	137	2285	18291	5101	54397
130	28	56	85	2321	18684	2338	18837
131	90	130	131	2338	18837	2605	20987
132	46	54	83	2404	19427	3510	33049
133	7	17	24	2411	19460	3087	27011
134	88	90	145	2427	19541	4721	49201
135	54	88	154	2443	19677	3426	31447
136	28	89	149	2451	19857	2667	21943
137	38	106	110	2537	20588	2786	23048
138	56	117	103	2571	20800	10663	150777
139	10	131	146	2605	20987	7593	90008
140	79	107	179	2629	21328	3145	27567
141	27	36	58	2634	21476	2939	25115
142	10	30	35	2645	21697	6975	82716
143	48	136	184	2667	21943	3874	37060
144	4	20	20	2715	22566	3225	28858
145	5	37	39	2722	22591	5481	60663
146	11	137	114	2786	23048	5509	60856
147	17	26	42	2795	23168	12973	197257
148	61	117	113	2801	23214	4674	47788
149	43	93	111	2814	23369	4843	51645
150	116	122	312	2840	23579	36807	811843
151	21	141	84	2939	25115	52930	1370758
152	40	123	138	2974	25389	3300	29791
153	71	101	215	2993	25624	5104	54422
154	80	124	148	3021	26031	7900	95742
155	45	88	178	3023	26064	3145	27567
156	113	133	72	3087	27011	3247	29204
157	19	64	54	3129	27460	5481	60663
158	140	155	357	3145	27567	14115	223558
159	81	82	138	3206	28683	101761	3361388
160	94	144	106	3225	28858	7773	93350
161	67	156	100	3247	29204	5939	66031
162	36	72	112	3275	29606	8109	99621
163	65	152	216	3300	29791	3474	32342
164	9	83	76	3331	30314	3988	38876
165	98	140	282	3346	30431	8261	102120
166	38	135	198	3426	31447	5957	66197
167	80	119	214	3430	31476	3903	37423
168	0	163	217	3474	32342	7057	83531
169	64	132	119	3510	33049	5393	59556
170	15	136	165	3544	33618	277515	12838297
171	2	25	32	3577	34160	7894	95721
172	71	133	104	3645	34583	4387	44476
173	103	122	255	3661	34674	6654	76210
174	14	85	99	3669	34779	4342	43888
175	115	119	205	3675	34853	6845	79584
176	34	37	82	3694	35332	4135	40692
177	25	76	96	3696	35339	5792	63946
178	25	68	89	3775	36316	5571	61483
179	19	152	156	3791	36496	23547	447873
180	21	24	55	3851	36974	5045	53904
181	43	110	169	3870	37040	9487	126235
182	2	143	186	3874	37060	22994	433886
183	111	167	308	3903	37423	86982	2740022
184	8	32	44	3936	38203	9060	118089
185	67	121	79	3965	38628	4784	50622
186	104	156	164	3976	38729	5960	66249
187	40	106	91	3984	38833	5289	58270
188	144	164	96	3988	38876	9909	135757
189	14	96	59	4020	39478	5578	61589
190	43	50	102	4076	40211	27394	547449
191	63	131	164	4106	40436	5104	54422
192	23	83	71	4114	40511	4263	42258
193	132	176	165	4135	40692	9131	119485
194	9	125	92	4182	41238	5367	59234
195	71	119	236	4191	41333	4263	42258
196	117	118	189	4258	42205	6683	77074
197	192	195	307	4263	42258	4671	47726
198	25	101	165	4299	43209	5154	55732
199	25	174	129	4342	43888	42706	1024821
200	20	108	243	4383	44363	6860	79912
201	99	172	190	4387	44476	4579	46634
202	38	80	102	4466	45830	53406	1384447
203	78	85	117	4498	46180	39426	908398
204	37	76	101	4573	46601	13925	219105
205	69	201	240	4579	46634	158809	6117928
206	85	174	180	4642	47479	20256	375626
207	71	90	126	4645	47511	10454	146756
208	88	197	406	4671	47726	483310	27472301
209	53	148	143	4674	47788	59432	1605856
210	58	155	240	4709	48983	10802	152881
211	46	134	173	4721	49201	4784	50622
212	185	211	252	4784	50622	19914	366580
213	118	149	249	4843	51645	7773	93350
214	40	89	141	4903	52542	10767	152210
215	104	148	205	4941	52981	6123	68771
216	58	118	200	4979	53290	5154	55732
217	61	74	162	5028	53732	25545	497607
218	29	180	78	5045	53904	7581	89922
219	52	53	80	5048	53940	144366	5362226
220	38	42	92	5097	54388	8287	103185
221	19	129	155	5101	54397	13781	215339
222	153	191	379	5104	54422	29663	606749
223	198	216	365	5154	55732	18782	340615
224	109	153	238	5215	57195	38182	862206
225	44	187	147	5289	58270	5320	58654
226	72	225	221	5320	58654	22511	426138
227	3	80	61	5355	59076	12116	176385
228	39	194	116	5367	59234	26038	507025
229	106	169	185	5393	59556	7915	96021
230	145	157	93	5481	60663	5999	67171
231	82	146	174	5509	60856	87662	2771970
232	117	130	136	5559	61397	8359	105339
233	113	178	137	5571	61483	92408	2993510
234	144	189	79	5578	61589	6338	71465
235	9	140	189	5658	62526	15895	267938
236	6	62	23	5694	62857	12973	197257
237	65	106	144	5720	63043	151910	5758014
238	116	225	251	5743	63219	5762	63405
239	71	238	331	5762	63405	8540	108745
240	60	115	86	5789	63911	7894	95721
241	78	177	132	5792	63946	9596	129903
242	8	120	56	5823	64535	14507	233748
243	38	180	99	5848	64970	79828	2410867
244	25	124	120	5897	65576	15698	263792
245	50	161	161	5939	66031	94271	3061916
246	41	166	245	5957	66197	13925	219105
247	106	186	230	5960	66249	21807	411878
248	57	230	151	5999	67171	6624	75600
249	20	187	108	6096	68576	15855	267145
250	167	215	419	6123	68771	8540	108745
251	42	96	89	6175	69692	6259	70397
252	102	121	103	6245	70276	6450	73128
253	104	111	186	6252	70349	7593	90008
254	73	251	206	6259	70397	6854	79678
255	27	145	59	6329	71362	49444	1263864
256	178	234	168	6338	71465	9287	122015
257	11	104	96	6354	71669	6399	72189
258	132	167	297	6378	71983	19245	351497
259	74	257	196	6399	72189	69981	1996338
260	103	172	151	6406	72402	8287	103185
261	30	252	123	6450	73128	103360	3417966
262	31	50	74	6520	73991	7057	83531
263	120	186	208	6525	74027	6596	75185
264	112	114	199	6533	74083	7376	87500
265	59	263	240	6596	75185	10990	155871
266	140	248	330	6624	75600	10334	144148
267	164	173	331	6654	76210	9564	129289
268	46	196	217	6683	77074	9813	133562
269	20	157	71	6771	78823	7036	83324
270	117	144	71	6793	79054	12305	179332
271	61	123	175	6837	79534	10322	143906
272	36	175	243	6845	79584	11601	168279
273	57	254	264	6854	79678	20483	382198
274	195	200	479	6860	79912	15064	246291
275	40	142	60	6975	82716	9713	132076
276	69	83	116	7024	83217	51734	1331037
277	15	269	87	7036	83324	7915	96021
278	168	262	291	7057	83531	14778	238944
279	145	230	132	7096	84143	8122	99744
280	130	142	120	7133	84625	66027	1841902
281	143	166	382	7144	84769	110540	3755627
282	27	101	155	7207	85808	10322	143906
283	99	252	189	7247	86242	25917	504822
284	72	111	168	7250	86279	78678	2374587
285	1	195	237	7298	86708	18846	342364
286	5	163	220	7346	87237	8009	98073
287	87	264	237	7376	87500	7686	91784
288	28	61	95	7416	87920	36050	792789
289	127	145	156	7523	89054	7794	93805
290	143	200	427	7528	89093	15875	267460
291	187	218	169	7581	89922	13872	217453
292	139	253	332	7593	90008	9060	118089
293	101	215	340	7681	91702	11363	163135
294	180	287	292	7686	91784	22009	416492
295	160	213	355	7773	93350	8910	114688
296	132	289	239	7794	93805	188763	7703000
297	171	240	118	7894	95721	150194	5662483
298	154	253	334	7900	95742	8402	106186
299	229	277	272	7915	96021	10046	139866
300	75	104	120	8001	97944	13391	204756
301	160	286	326	8009	98073	12305	179332
302	24	162	141	8109	99621	21682	409440
303	65	279	210	8122	99744	10454	146756
304	83	140	245	8176	100490	8192	100723
305	28	304	278	8192	100723	9892	135394
306	163	167	430	8231	101574	24176	461497
307	165	200	525	8261	102120	12305	179332
308	139	257	242	8280	102741	14119	223666
309	220	260	243	8287	103185	66365	1857042
310	34	232	183	8359	105339	24011	457474
311	189	298	393	8402	106186	19345	354619
312	239	250	750	8540	108745	19718	362998
313	134	304	390	8551	109202	8937	115504
314	49	146	152	8587	110536	87108	2743963
315	104	286	312	8692	112382	17704	314545
316	102	118	190	8723	112914	26419	516501
317	81	91	136	8804	113832	34602	749711
318	71	142	115	8848	114193	33110	698892
319	28	84	127	8879	114471	115197	3993192
320	148	295	468	8910	114688	9327	122476
321	172	313	494	8937	115504	12519	187071
322	184	292	376	9060	118089	9395	123880
323	157	165	336	9088	118613	9813	133562
324	193	304	410	9131	119485	17373	302269
325	121	256	219	9287	122015	9777	132921
326	82	320	528	9327	122476	9487	126235
327	87	92	105	9388	123786	47971	1212699
328	198	322	541	9395	123880	27872	557219
329	181	326	697	9487	126235	21429	400264
330	8	267	343	9564	129289	11153	159205
331	57	241	190	9596	129903	92408	2993510
332	5	275	64	9713	132076	10663	150777
333	116	136	253	9727	132227	145100	5402846
334	87	134	183	9774	132915	49802	1273831
335	194	325	311	9777	132921	12635	189795
336	268	323	553	9813	133562	15384	252512
337	181	305	447	9892	135394	13374	204505
338	188	326	624	9909	135757	63153	1741473
339	299	305	550	10046	139866	20170	371748
340	4	279	135	10168	142304	15671	263143
341	117	220	143	10173	142322	12776	192745
342	139	167	360	10217	142856	49168	1256874
343	240	275	146	10227	142935	28175	564777
344	92	264	266	10294	143585	15593	261182
345	271	282	330	10322	143906	168087	6610279
346	229	266	515	10334	144148	32044	667222
347	84	101	229	10418	146209	10493	147858
348	20	51	60	10434	146444	32415	682074
349	45	117	130	10443	146573	21901	414778
350	207	303	336	10454	146756	13503	208815
351	118	248	289	10486	147585	16504	281707
352	10	347	244	10493	147858	11959	173829
353	138	332	167	10663	150777	11601	168279
354	87	248	189	10676	150886	38222	863352
355	154	218	226	10684	150962	25261	487617
356	105	347	377	10739	151859	22046	417347
357	153	214	356	10767	152210	30710	638155
358	161	210	340	10802	152881	11041	156793
359	64	166	234	10811	153017	12116	176385
360	0	149	112	10956	155577	22663	428451
361	215	216	405	10978	155762	14922	242721
362	265	347	469	10990	155871	11315	161539
363	225	358	487	11041	156793	11841	171276
364	4	98	106	11104	158390	29249	597074
365	82	330	403	11153	159205	13279	202253
366	14	80	76	11265	161088	16405	280196
367	45	69	129	11282	161258	32052	667466
368	330	362	812	11315	161539	21493	402714
369	54	347	284	11347	162840	23671	450878
370	107	254	304	11356	163004	12201	177711
371	293	322	716	11363	163135	50938	1307000
372	62	287	255	11579	168031	13751	214574
373	272	353	410	11601	168279	61911	1702806
374	5	118	142	11778	170563	31879	664647
375	101	134	280	11795	170725	14002	221150
376	32	298	366	11814	170869	23202	437717
377	230	363	580	11841	171276	12779	192764
378	11	116	108	11914	172948	24286	464223
379	2	191	166	11927	173073	18796	340903
380	29	352	267	11959	173829	17671	313249
381	193	275	225	12048	175595	20066	370222
382	43	129	178	12075	175921	16000	271234
383	227	359	295	12116	176385	16691	288186
384	163	370	520	12201	177711	30547	632135
385	17	65	93	12231	178256	13057	198338
386	270	301	397	12305	179332	16077	273347
387	270	307	596	12305	179332	17517	306367
388	301	307	851	12305	179332	14279	227118
389	234	241	211	12321	180072	24482	468457
390	136	362	618	12400	183686	15384	252512
391	115	118	187	12462	185854	16000	271234
392	129	321	631	12519	187071	14249	226208
393	266	335	641	12635	189795	13179	199924
394	46	341	171	12776	192745	15175	248600
395	275	377	640	12779	192764	25868	503718
396	57	160	164	12785	192996	45729	1130215
397	100	117	85	12840	195042	13751	214574
398	46	144	48	12954	197089	27758	555414
399	147	236	65	12973	197257	14732	238197
400	92	197	374	12988	197375	64146	1775280
401	198	234	244	12999	197558	19106	348359
402	99	118	224	13057	198338	26823	526683
403	99	385	179	13057	198338	19556	359848
404	118	385	231	13057	198338	13402	205002
405	91	393	699	13179	199924	17186	297918
406	82	365	463	13279	202253	26532	518455
407	253	337	633	13374	204505	13627	211845
408	300	330	463	13391	204756	19914	366580
409	362	404	700	13402	205002	206958	8752184
410	39	350	360	13503	208815	24176	461497
411	32	407	665	13627	211845	15375	252312
412	372	397	340	13751	214574	14760	238516
413	186	221	319	13781	215339	27131	539381
414	126	147	153	13857	216911	41118	965426
415	46	326	556	13862	216981	537911	31912063
416	100	291	203	13872	217453	16912	292078
417	56	58	114	13913	218919	41727	989017
418	204	246	346	13925	219105	17089	295864
419	71	375	360	14002	221150	47349	1191896
420	158	165	639	14115	223558	17964	323215
421	56	308	294	14119	223666	22994	433886
422	133	392	655	14249	226208	14530	233998
423	90	388	897	14279	227118	31173	649244
424	16	291	192	14476	233258	42231	1005049
425	106	242	122	14507	233748	15252	250223
426	125	422	737	14530	233998	33413	710451
427	135	399	219	14732	238197	23586	448771
428	404	412	571	14760	238516	52147	1343184
429	48	278	326	14778	238944	35986	791814
430	115	185	128	14803	239665	24307	464664
431	34	326	575	14856	240826	33485	713704
432	337	361	852	14922	242721	32737	688895
433	274	292	811	15064	246291	20256	375626
434	69	110	178	15122	247682	43909	1071190
435	293	394	511	15175	248600	17419	303622
436	385	425	215	15252	250223	16953	292978
437	65	78	114	15289	250948	23547	447873
438	132	162	195	15324	251644	21493	402714
439	313	411	1055	15375	252312	86034	2704307
440	336	390	1171	15384	252512	17535	307030
441	30	363	507	15487	258022	16531	282524
442	213	344	515	15593	261182	39912	929751
443	241	340	267	15671	263143	16953	292978
444	65	197	385	15694	263751	33485	713704
445	192	244	191	15698	263792	76399	2277242
446	75	250	447	15714	264220	32052	667466
447	37	97	96	15790	266070	17991	324497
448	249	397	193	15855	267145	22159	419798
449	31	290	440	15875	267460	15923	268667
450	235	253	375	15895	267938	220366	9534633
451	38	449	484	15923	268667	97582	3193733
452	382	391	365	16000	271234	38728	879286
453	352	386	641	16077	273347	18193	330747
454	33	184	75	16160	275911	38334	867360
455	0	76	67	16191	276537	17693	314058
456	135	362	623	16205	276849	50786	1302012
457	104	118	230	16297	278388	22159	419798
458	99	295	441	16311	278618	56376	1490547
459	7	322	385	16376	279798	16531	282524
460	143	366	260	16405	280196	22133	419135
461	55	85	115	16497	281615	21273	398348
462	30	161	120	16501	281661	43994	1075508
463	215	351	494	16504	281707	64944	1798917
464	279	399	197	16519	282026	37294	828189
465	441	459	892	16531	282524	24842	476188
466	211	344	439	16596	285601	18669	338797
467	204	383	396	16691	288186	24783	474777
468	47	358	361	16891	291722	21807	411878
469	416	449	643	16912	292078	21429	400264
470	436	443	482	16953	292978	95157	3090930
471	286	418	566	17089	295864	21110	395113
472	134	405	844	17186	297918	64763	1791860
473	86	123	178	17358	302025	186675	7591473
474	324	393	1051	17373	302269	120388	4259437
475	31	435	524	17419	303622	17693	314058
476	142	387	631	17517	306367	29493	602246
477	291	440	1340	17535	307030	88612	2808208
478	2	76	68	17651	312380	19556	359848
479	189	380	326	17671	313249	25274	488061
480	455	475	591	17693	314058	27184	541027
481	315	441	819	17704	314545	17964	323215
482	420	481	1458	17964	323215	43987	1074735
483	353	447	263	17991	324497	41011	961424
484	24	453	670	18193	330747	34708	752166
485	119	441	663	18264	332851	19258	351882
486	28	399	98	18432	336477	693628	44334671
487	380	459	652	18547	337300	195007	7990750
488	129	466	576	18669	338797	19012	345574
489	46	372	283	18705	339472	29367	599690
490	101	193	300	18716	339611	37785	844963
491	30	223	385	18782	340615	190399	7769091
492	149	379	277	18796	340903	19106	348359
493	285	353	404	18846	342364	95461	3103580
494	155	268	395	18980	345049	595871	36575721
495	75	488	604	19012	345574	25316	489961
496	110	218	206	19087	348020	20716	386066
497	401	492	521	19106	348359	33757	723972
498	117	258	348	19245	351497	20170	371748
499	304	485	908	19258	351882	20799	387334
500	100	425	156	19321	354029	55278	1458448
501	105	311	541	19345	354619	25057	483202
502	124	370	394	19419	357056	188061	7658367
503	21	66	87	19440	357652	37762	843921
504	403	478	247	19556	359848	25034	482368
505	171	411	697	19598	360580	26895	528598
506	248	262	225	19666	362073	23234	439277
507	215	312	955	19718	362998	25261	487617
508	212	408	715	19914	366580	84097	2601515
509	148	381	338	20066	370222	45814	1134632
510	3	220	95	20155	371608	27184	541027
511	339	498	898	20170	371748	38700	878212
512	139	393	787	20174	371941	38951	890267
513	118	232	274	20176	372009	50408	1291317
514	11	173	259	20189	372802	32415	682074
515	206	433	991	20256	375626	33195	701790
516	273	351	553	20483	382198	22742	429703
517	160	244	226	20538	383195	23944	455953
518	251	325	308	20657	385089	34380	743605
519	175	285	442	20675	385322	45665	1127265
520	130	496	291	20716	386066	55836	1474577
521	242	499	964	20799	387334	26671	521601
522	198	291	334	20815	388062	28218	565635
523	181	298	503	20835	388806	23202	437717
524	181	269	240	20956	392343	40326	942912
525	166	195	434	21015	393559	47559	1197974
526	381	471	791	21110	395113	50344	1289530
527	267	461	446	21273	398348	24435	467289
528	329	469	1340	21429	400264	1350870	108655480
529	368	438	1007	21493	402714	46053	1142957
530	266	302	471	21682	409440	166511	6535471
531	105	441	655	21756	410890	32189	673135
532	247	468	591	21807	411878	72241	2089411
533	40	349	155	21901	414778	32930	693513
534	294	379	458	22009	416492	261526	11854496
535	356	370	681	22046	417347	33816	725412
536	362	460	729	22133	419135	35499	780442
537	448	457	423	22159	419798	35117	768724
538	67	301	354	22331	423638	77696	2334142
539	102	383	347	22380	424387	53816	1399392
540	8	191	176	22505	426108	23859	454458
541	278	397	376	22507	426109	30411	625555
542	40	226	246	22511	426138	62533	1723821
543	114	148	184	22601	427632	214642	9193660
544	139	247	376	22638	428107	34796	755525
545	129	360	249	22663	428451	40415	944805
546	447	516	649	22742	429703	114692	3974702
547	36	67	66	22844	431658	31879	664647
548	16	47	44	22889	432352	34233	739005
549	119	164	232	22891	432354	28199	565120
550	115	488	625	22935	432866	92008	2974010
551	182	421	480	22994	433886	81327	2470717
552	34	385	140	23005	434195	44642	1096666
553	225	366	223	23164	437130	43987	1074735
554	103	287	284	23181	437398	24686	472687
555	376	485	1029	23202	437717	68309	1943640
556	376	523	869	23202	437717	37234	826019
557	485	523	1166	23202	437717	104986	3500306
558	53	506	255	23234	439277	157711	6051159
559	220	273	356	23398	444994	32044	667222
560	35	457	250	23514	447435	23881	454870
561	179	437	270	23547	447873	39262	902628
562	128	435	554	23561	448162	130202	4681568
563	249	427	327	23586	448771	75894	2258848
564	274	369	763	23671	450878	73140	2119085
565	360	540	288	23859	454458	125430	4484057
566	138	560	353	23881	454870	28865	581806
567	22	517	255	23944	455953	133191	4819470
568	210	239	571	23953	456247	43911	1071242
569	310	312	933	24011	457474	26105	508402
570	67	118	166	24027	457860	49805	1273845
571	306	410	790	24176	461497	55971	1478374
572	77	378	179	24286	464223	59848	1622298
573	85	430	209	24307	464664	24800	475106
574	146	435	625	24355	465495	143797	5325910
575	351	527	735	24435	467289	30799	641099
576	171	389	243	24482	468457	39960	931917
577	191	361	569	24543	469932	28553	573838
578	177	420	735	24665	472373	32096	668685
579	195	554	520	24686	472687	449462	24901412
580	141	467	454	24783	474777	41861	993173
581	115	573	258	24800	475106	61216	1678978
582	12	465	903	24842	476188	34269	739743
583	54	107	153	25017	482012	34486	746804
584	468	504	608	25034	482368	27493	549953
585	77	501	612	25057	483202	43831	1068530
586	355	507	1181	25261	487617	388124	20241878
587	129	479	463	25274	488061	32275	676611
588	131	495	735	25316	489961	56474	1493364
589	145	272	282	25475	496039	36384	798651
590	88	152	237	25537	497500	39464	909532
591	217	326	690	25545	497607	26917	530146
592	247	352	474	25740	501778	41695	987954
593	193	247	395	25761	502093	60248	1634936
594	32	478	100	25797	502763	28384	569925
595	101	395	775	25868	503718	172150	6790753
596	36	283	227	25917	504822	27872	557219
597	310	377	763	26035	507012	123001	4386832
598	52	228	166	26038	507025	48954	1251286
599	51	141	101	26040	507054	30547	632135
600	389	569	1144	26105	508402	73563	2142805
601	140	408	642	26249	513147	138487	5095142
602	246	316	435	26419	516501	30660	636286
603	220	516	645	26460	517188	43866	1069527
604	403	406	642	26532	518455	29034	588695
605	181	521	1133	26671	521601	83129	2551375
606	88	554	383	26712	523123	34380	743605
607	244	402	344	26823	526683	32884	692000
608	344	407	899	26866	527758	52500	1354977
609	499	505	1605	26895	528598	28938	584022
610	156	591	762	26917	530146	45729	1130215
611	351	591	979	27118	539126	30067	614417
612	93	413	389	27131	539381	140460	5204670
613	480	510	686	27184	541027	38518	873013
614	12	407	644	27284	544074	28384	569925
615	110	190	230	27394	547449	54877	1444617
616	269	584	679	27493	549953	69356	1977398
617	78	326	564	27573	551740	80057	2415383
618	136	306	579	27667	553681	69863	1993175
619	270	416	274	27738	555122	31163	649114
620	241	398	180	27758	555414	306972	14714147
621	328	596	768	27872	557219	52410	1351102
622	301	505	1023	27879	557424	62694	1727918
623	125	517	308	28038	561952	206695	8739638
624	146	193	279	28117	563666	84842	2624066
625	82	308	302	28121	563684	91170	2925969
626	116	343	250	28175	564777	89184	2831352
627	467	549	628	28199	565120	48224	1219540
628	413	522	653	28218	565635	48224	1219540
629	594	614	744	28384	569925	30411	625555
630	126	206	291	28459	571958	61635	1692977
631	85	215	286	28508	573033	46839	1170205
632	260	577	720	28553	573838	37025	818471
633	274	418	825	28689	577153	39912	929751
634	124	216	290	28752	578544	35318	775590
635	411	596	892	28783	579409	47600	1199336
636	163	304	461	28856	581620	29776	608739
637	212	566	605	28865	581806	45532	1123783
638	320	609	2073	28938	584022	34937	760386
639	140	604	821	29034	588695	49114	1255182
640	30	40	45	29188	595406	37277	827422
641	30	217	182	29188	595406	69863	1993175
642	40	217	187	29188	595406	72464	2096927
643	299	364	378	29249	597074	41011	961424
644	438	489	478	29367	599690	87217	2747314
645	140	188	275	29397	600445	46946	1178120
646	38	58	106	29401	600584	2758036	281135574
647	241	476	763	29493	602246	37277	827422
648	144	222	399	29663	606749	31643	660473
649	441	636	968	29776	608739	36940	814973
650	249	365	511	29911	611638	76519	2280525
651	60	364	143	29958	612595	107248	3608252
652	15	282	171	29991	613246	56947	1507775
653	223	364	471	30052	614230	36050	792789
654	182	611	1165	30067	614417	193540	7915526
655	475	496	730	30198	618409	62100	1708840
656	22	405	728	30213	618741	65644	1827350
657	435	495	1115	30286	621067	38951	890267
658	471	501	1107	30361	623398	90545	2898352
659	541	629	1120	30411	625555	45129	1111958
660	343	468	507	30437	626981	40508	946108
661	384	599	621	30547	632135	37968	855595
662	137	602	545	30660	636286	32884	692000
663	188	357	452	30710	638155	33928	728816
664	265	575	975	30799	641099	82158	2507131
665	23	315	317	30889	643765	111991	3835539
666	221	402	379	30955	645591	71009	2039391
667	152	619	412	31163	649114	53622	1391455
668	271	423	1072	31173	649244	86699	2726156
669	44	521	1020	31332	653971	40613	949633
670	226	386	618	31471	657467	49487	1264941
671	77	549	303	31554	659204	39926	930485
672	489	648	682	31643	660473	37785	844963
673	32	360	144	31774	662898	194620	7963978
674	369	560	534	31831	663736	41605	984367
675	374	547	208	31879	664647	37285	827885
676	242	410	416	31955	665775	113351	3902493
677	11	619	278	31962	665916	33403	710259
678	346	559	871	32044	667222	45689	1127903
679	367	446	576	32052	667466	582557	35550097
680	365	578	1138	32096	668685	55502	1463939
681	531	599	756	32189	673135	54464	1428702
682	65	554	362	32200	673770	39173	899640
683	367	587	592	32275	676611	32907	692992
684	348	514	319	32415	682074	49059	1253976
685	73	573	326	32427	682260	33557	717359
686	192	322	447	32481	683566	51179	1314611
687	127	240	203	32503	684042	41158	967007
688	109	370	327	32514	684382	120956	4307744
689	147	349	172	32526	684801	374297	19207635
690	62	432	870	32737	688895	40508	946108
691	607	662	889	32884	692000	61673	1693747
692	648	683	991	32907	692992	65367	1816804
693	58	533	217	32930	693513	63406	1749760
694	278	289	447	33034	696853	34705	752117
695	48	318	150	33110	698892	72833	2108255
696	91	425	180	33138	700115	55971	1478374
697	411	457	895	33146	700424	60575	1647679
698	127	236	140	33175	701381	0	0
699	16	515	1014	33195	701790	541758	32282896
700	446	481	1266	33277	704890	226793	9932749
701	279	318	247	33293	705731	52147	1343184
702	397	677	363	33403	710259	120147	4248833
703	426	461	852	33413	710451	35631	784341
704	431	444	960	33485	713704	545337	32549795
705	374	685	468	33557	717359	101388	3343941
706	71	497	601	33757	723972	92687	3000930
707	53	104	122	33793	725056	39926	930485
708	357	535	1037	33816	725412	48123	1216423
709	38	50	105	33832	725876	74797	2208353
710	8	663	464	33928	728816	55887	1475655
711	17	629	759	33954	729797	77690	2333879
712	321	440	1665	34098	734293	415322	22345279
713	53	548	74	34233	739005	107354	3612295
714	70	582	980	34269	739743	114692	3974702
715	518	606	691	34380	743605	43994	1075508
716	5	156	76	34472	746340	57926	1545723
717	5	447	100	34472	746340	42383	1013846
718	156	447	168	34472	746340	56806	1503892
719	64	583	189	34486	746804	77906	2344987
720	317	422	791	34602	749711	597464	36676413
721	147	548	86	34608	749776	93656	3037465
722	46	694	475	34705	752117	37025	818471
723	244	484	790	34708	752166	123890	4425395
724	41	234	126	34761	754287	164555	6442526
725	29	248	174	34788	755312	48899	1249905
726	531	544	1031	34796	755525	51420	1321915
727	115	360	161	34898	759257	105224	3511172
728	364	638	2179	34937	760386	37762	843921
729	214	537	564	35117	768724	35318	775590
730	22	468	390	35273	774444	62090	1708567
731	634	729	854	35318	775590	126649	4532371
732	110	385	221	35488	780247	48483	1231426
733	223	536	1094	35499	780442	184371	7457803
734	70	703	929	35631	784341	780200	51754193
735	76	429	392	35986	791814	53003	1373767
736	288	653	566	36050	792789	37285	827885
737	282	321	649	36143	794461	150999	5705134
738	8	522	346	36229	796260	149362	5607515
739	122	285	445	36239	796385	37272	827286
740	44	48	91	36291	797441	95698	3114968
741	273	589	546	36384	798651	187028	7608570
742	186	426	901	36398	798866	2390417	233171324
743	559	638	2429	36453	800790	42231	1005049
744	262	385	167	36469	801428	54498	1430277
745	70	246	322	36516	804079	71936	2074958
746	46	455	95	36647	808568	184371	7457803
747	112	495	732	36710	809810	449278	24890157
748	41	150	359	36807	811843	51585	1326865
749	112	329	825	36885	813578	47600	1199336
750	364	649	1074	36940	814973	49805	1273845
751	632	722	1195	37025	818471	724366	46953397
752	114	556	940	37234	826019	63949	1769689
753	247	739	675	37272	827286	74558	2197261
754	640	647	808	37277	827422	41144	966206
755	675	736	774	37285	827885	74281	2184340
756	29	464	220	37294	828189	58460	1563737
757	182	441	693	37699	842755	84335	2609378
758	503	728	2266	37762	843921	39610	914629
759	490	672	982	37785	844963	81212	2464958
760	67	661	649	37968	855595	38222	863352
761	224	489	521	38182	862206	41896	994079
762	354	760	838	38222	863352	38728	879286
763	234	257	175	38271	865369	39464	909532
764	454	611	1054	38334	867360	54088	1414964
765	454	537	498	38422	870400	58746	1572963
766	247	613	916	38518	873013	59253	1595372
767	99	332	150	38597	875250	43260	1047509
768	68	515	1050	38655	876849	71386	2050773
769	2	511	900	38700	878212	42604	1021599
770	452	762	1203	38728	879286	77542	2327412
771	363	384	1007	38793	883009	90296	2885093
772	512	657	1902	38951	890267	44826	1099924
773	471	682	928	39173	899640	41057	962508
774	223	298	699	39230	901907	63153	1741473
775	165	561	552	39262	902628	47895	1210291
776	268	388	1068	39331	905160	292786	13841846
777	203	358	457	39426	908398	48451	1230304
778	590	763	412	39464	909532	502642	28993835
779	174	390	717	39494	910567	118277	4161533
780	370	758	2570	39610	914629	70486	2018802
781	165	176	364	39721	921134	111975	3834874
782	306	559	786	39805	925532	51926	1335889
783	442	633	1340	39912	929751	129639	4655683
784	671	707	425	39926	930485	139679	5161211
785	10	576	258	39960	931917	1842991	165220559
786	182	461	301	40260	941734	53470	1386384
787	31	524	253	40326	942912	66190	1847446
788	160	430	234	40335	943028	1485641	123925911
789	58	545	311	40415	944805	301143	14335099
790	660	690	1377	40508	946108	191670	7832495
791	26	669	1047	40613	949633	144610	5376047
792	34	108	273	40773	955882	209136	8888183
793	173	594	355	40841	957198	53713	1394360
794	346	359	749	40898	958702	300270	14295138
795	483	643	641	41011	961424	42062	999670
796	218	394	249	41027	961824	41345	975263
797	443	517	493	41034	961938	54961	1447519
798	142	773	963	41057	962508	48270	1221603
799	134	414	298	41118	965426	44408	1092217
800	109	754	831	41144	966206	84813	2623171
801	584	687	811	41158	967007	54498	1430277
802	45	257	175	41241	971629	85296	2647198
803	38	796	293	41345	975263	98133	3212617
804	402	707	346	41493	979069	43629	1064123
805	422	728	2834	41496	979179	43260	1047509
806	4	674	537	41605	984367	342190	17078995
807	349	592	604	41695	987954	73664	2149176
808	72	417	188	41727	989017	45897	1137936
809	580	583	607	41861	993173	85274	2646151
810	322	761	897	41896	994079	226271	9901454
811	312	634	1040	41984	997225	0	0
812	32	795	673	42062	999670	101001	3326219
813	469	506	868	42187	1003607	75375	2224074
814	424	743	2621	42231	1005049	42752	1026399
815	236	717	123	42383	1013846	1267767	100098923
816	44	769	956	42604	1021599	212437	9087637
817	148	424	305	42609	1021696	51048	1310885
818	199	272	372	42706	1024821	1029770	75914757
819	105	594	248	42720	1025230	58746	1572963
820	649	814	3589	42752	1026399	59055	1582387
821	93	200	313	42786	1030089	60922	1664380
822	455	677	345	43118	1044572	51908	1335488
823	50	490	361	43256	1047480	63406	1749760
824	767	805	2984	43260	1047509	46790	1165300
825	51	804	389	43629	1064123	48359	1226385
826	26	375	307	43662	1065036	96624	3153283
827	229	566	538	43739	1066673	89359	2839088
828	83	585	678	43831	1068530	168823	6636968
829	274	603	1124	43866	1069527	66247	1849605
830	98	434	281	43909	1071190	776378	51471363
831	249	568	679	43911	1071242	320052	15583520
832	2	362	471	43941	1072656	125774	4504178
833	482	553	1681	43987	1074735	91601	2945064
834	462	715	811	43994	1075508	53759	1395780
835	106	210	306	44304	1089863	47194	1187305
836	354	799	487	44408	1092217	58460	1563737
837	121	204	152	44553	1095091	65418	1818379
838	5	476	635	44558	1095156	119944	4240981
839	545	552	389	44642	1096666	186605	7587410
840	45	305	357	44700	1097553	241105	10703745
841	206	585	792	44747	1098466	86774	2730407
842	218	772	1980	44826	1099924	48483	1231426
843	94	482	1544	44985	1106269	0	0
844	6	659	1125	45129	1111958	161829	6271122
845	117	135	205	45272	1117701	51630	1328244
846	82	381	285	45370	1120304	48329	1224986
847	32	282	187	45400	1121135	90454	2894049
848	96	310	224	45447	1121910	283893	13254779
849	158	504	604	45456	1122165	56770	1502698
850	238	291	420	45480	1122763	217820	9373648
851	637	687	808	45532	1123783	687224	43790797
852	519	707	564	45665	1127265	54218	1420599
853	485	736	1229	45676	1127427	368840	18865823
854	8	678	883	45689	1127903	55016	1449187
855	396	610	926	45729	1130215	55911	1476074
856	418	509	684	45814	1134632	121773	4347680
857	160	808	294	45897	1137936	88297	2797376
858	529	804	1353	46053	1142957	91508	2939333
859	432	518	1160	46182	1148171	104459	3468041
860	6	166	203	46241	1149879	178695	7141255
861	369	638	2357	46408	1153610	165879	6498201
862	228	287	353	46486	1156552	63163	1741858
863	301	722	801	46564	1158905	63394	1748960
864	328	401	785	46568	1159036	65752	1831024
865	607	610	1106	46775	1164653	120681	4276496
866	206	824	3164	46790	1165300	57446	1520415
867	66	631	347	46839	1170205	47194	1187305
868	175	645	480	46946	1178120	119772	4235448
869	264	360	311	47068	1183207	60709	1654099
870	30	120	64	47169	1186530	337681	16759238
871	835	867	653	47194	1187305	78905	2381715
872	54	126	166	47196	1187348	189593	7736547
873	173	260	406	47207	1187769	103360	3417966
874	32	189	91	47273	1189979	264466	12011640
875	168	419	577	47349	1191896	89535	2845388
876	547	580	520	47368	1192603	503373	29059531
877	98	282	258	47402	1193570	78561	2371527
878	519	763	617	47490	1195897	50344	1289530
879	525	678	1305	47559	1197974	65418	1818379
880	635	749	1717	47600	1199336	187434	7628436
881	42	79	129	47872	1209657	64895	1797508
882	416	775	755	47895	1210291	56696	1500479
883	201	325	409	47968	1212628	51182	1314661
884	20	327	122	47971	1212699	336583	16688428
885	75	158	385	47988	1213179	250895	11285962
886	152	708	1175	48123	1216423	128278	4598567
887	627	628	1281	48224	1219540	97435	3187274
888	560	798	1213	48270	1221603	219487	9482191
889	247	846	515	48329	1224986	54464	1428702
890	156	825	461	48359	1226385	139571	5155077
891	397	777	542	48451	1230304	163307	6348348
892	732	842	2201	48483	1231426	236238	10414448
893	84	725	268	48899	1249905	343030	17142667
894	267	468	692	48914	1250282	59432	1605856
895	53	598	196	48954	1251286	122475	4367163
896	282	684	474	49059	1253976	60248	1634936
897	577	639	1390	49114	1255182	81635	2486370
898	342	548	404	49168	1256874	64419	1781012
899	86	307	590	49406	1263309	332466	16393902
900	49	349	168	49411	1263354	72975	2113357
901	255	541	435	49444	1263864	77652	2332266
902	119	670	774	49487	1264941	126936	4540584
903	391	614	831	49509	1265558	146814	5478188
904	67	717	128	49601	1268549	59913	1623434
905	191	488	740	49680	1270524	93377	3025421
906	365	492	680	49735	1272009	53470	1386384
907	315	346	827	49792	1273440	53754	1395594
908	334	825	572	49802	1273831	50526	1294569
909	570	750	1240	49805	1273845	85274	2646151
910	147	214	183	49819	1274437	302480	14416889
911	330	480	934	50146	1285398	146651	5468815
912	134	533	300	50223	1287310	258015	11685682
913	526	878	1408	50344	1289530	60822	1659070
914	89	513	390	50408	1291317	56298	1488759
915	199	908	701	50526	1294569	57248	1515213
916	234	529	1086	50582	1296096	67516	1917784
917	336	387	1149	50718	1300568	52930	1370758
918	434	456	801	50786	1302012	75371	2223989
919	74	124	190	50836	1304236	857504	58625011
920	143	509	522	50931	1306919	103584	3427272
921	371	379	882	50938	1307000	64944	1798917
922	9	180	65	51024	1310429	75894	2258848
923	426	817	1042	51048	1310885	679729	43123807
924	172	283	293	51079	1311597	146148	5445946
925	24	686	476	51179	1314611	52683	1362964
926	171	883	441	51182	1314661	83969	2597227
927	330	645	618	51315	1318791	69356	1977398
928	576	726	1274	51420	1321915	104367	3461706
929	46	130	113	51540	1325723	83589	2577239
930	21	177	122	51580	1326808	232135	10205997
931	293	748	699	51585	1326865	121124	4321460
932	30	845	225	51630	1328244	64588	1785282
933	396	637	769	51691	1330038	54750	1439847
934	83	276	182	51734	1331037	84813	2623171
935	123	371	829	51850	1334065	84966	2631265
936	125	822	427	51908	1335488	83129	2551375
937	446	782	1233	51926	1335889	79413	2397247
938	6	632	725	52005	1338623	64953	1799318
939	180	426	792	52088	1341402	158809	6117928
940	118	547	204	52132	1342803	411365	22071108
941	428	701	818	52147	1343184	135641	4950127
942	295	537	778	52325	1348979	124939	4466227
943	621	634	1058	52410	1351102	52474	1353094
944	293	943	1398	52474	1353094	237790	10499628
945	608	707	1021	52500	1354977	61812	1697884
946	88	925	575	52683	1362964	57827	1541881
947	16	594	123	52698	1363277	75946	2261319
948	45	701	326	52888	1369829	691537	44161321
949	151	917	1233	52930	1370758	64419	1781012
950	151	735	476	53003	1373767	248213	11104072
951	236	460	283	53026	1374551	60822	1659070
952	432	638	2925	53277	1380318	74006	2163509
953	202	307	627	53406	1384447	65051	1804312
954	786	906	981	53470	1386384	57396	1518663
955	667	672	1094	53622	1391455	132990	4808746
956	485	793	1018	53713	1394360	75371	2223989
957	594	907	927	53754	1395594	89723	2854886
958	355	834	1037	53759	1395780	115197	3993192
959	475	728	2703	53804	1398565	178152	7104369
960	490	539	647	53816	1399392	209498	8913859
961	204	764	1155	54088	1414964	55502	1463939
962	401	852	808	54218	1420599	72078	2082199
963	252	613	789	54408	1426926	72790	2106466
964	681	889	1271	54464	1428702	109086	3687627
965	744	801	978	54498	1430277	165513	6486370
966	85	262	155	54671	1437269	463700	25955808
967	66	933	830	54750	1439847	254831	11509799
968	202	515	1093	54834	1443013	57971	1546980
969	615	674	764	54877	1444617	60546	1646322
970	61	797	555	54961	1447519	90282	2884268
971	355	854	1109	55016	1449187	265968	12090985
972	105	467	544	55084	1451795	59913	1623434
973	485	500	819	55278	1458448	100115	3284770
974	496	518	514	55376	1461271	62703	1728278
975	680	961	2293	55502	1463939	101909	3366516
976	294	520	583	55836	1474577	92132	2981415
977	117	710	515	55887	1475655	511830	29784281
978	454	855	1001	55911	1476074	70965	2037894
979	571	696	970	55971	1478374	99368	3265701
980	169	454	194	56042	1481246	270041	12365135
981	178	187	180	56134	1484990	253090	11409514
982	28	914	423	56298	1488759	101653	3357138
983	352	908	816	56355	1490195	141995	5267419
984	458	767	591	56376	1490547	978762	70863639
985	383	588	1030	56474	1493364	61332	1683089
986	192	917	1220	56618	1498133	262651	11906525
987	76	882	821	56696	1500479	130202	4681568
988	552	849	744	56770	1502698	76818	2290833
989	86	718	233	56806	1503892	144366	5362226
990	521	652	1135	56947	1507775	136194	4978157
991	118	421	432	57065	1511444	131234	4736071
992	264	915	900	57248	1515213	157020	5988311
993	30	954	1001	57396	1518663	67112	1905570
994	88	371	815	57442	1520374	65883	1835526
995	371	866	3880	57446	1520415	681747	43330991
996	42	462	168	57573	1529741	620692	38502627
997	392	946	1206	57827	1541881	58588	1566750
998	335	716	387	57926	1545723	864112	59421953
999	500	736	722	57957	1546589	106132	3547966
1000	289	968	1249	57971	1546980	78079	2352075
1001	412	459	725	58053	1551587	228259	10008629
1002	84	424	286	58374	1561956	384999	20021546
1003	756	836	707	58460	1563737	92979	3009939
1004	150	432	1164	58519	1565130	83338	2560237
1005	536	997	1935	58588	1566750	576399	35073739
1006	765	819	746	58746	1572963	223573	9764869
1007	148	559	469	58886	1577753	218914	9443407
1008	632	799	1018	58935	1579373	103584	3427272
1009	50	207	187	58998	1581177	71951	2075470
1010	41	680	1185	59045	1582198	125546	4491272
1011	764	820	4643	59055	1582387	1401194	113873233
1012	591	766	1606	59253	1595372	125204	4476006
1013	334	669	1203	59413	1604813	73419	2134214
1014	209	894	835	59432	1605856	88085	2787054
1015	31	572	192	59848	1622298	298870	14206007
1016	172	384	624	59887	1623007	329359	16145592
1017	904	972	672	59913	1623434	134068	4856481
1018	25	363	517	60093	1627830	69509	1983042
1019	385	866	3257	60106	1628079	66429	1860105
1020	593	896	869	60248	1634936	61812	1697884
1021	70	399	142	60290	1636661	74670	2202427
1022	302	739	586	60439	1642048	366652	18758751
1023	43	521	1005	60451	1642442	79413	2397247
1024	441	969	1271	60546	1646322	106581	3573729
1025	67	697	923	60575	1647679	116248	4053865
1026	203	393	758	60631	1651173	84844	2624070
1027	452	869	676	60709	1654099	97802	3202715
1028	913	951	1691	60822	1659070	324473	15806194
1029	15	667	428	60884	1662500	115282	3995743
1030	821	842	2293	60922	1664380	73179	2120439
1031	388	767	1001	61030	1669469	165706	6492136
1032	561	581	528	61216	1678978	72760	2105594
1033	361	985	1435	61332	1683089	115410	3999639
1034	55	630	325	61635	1692977	181749	7302876
1035	637	691	1494	61673	1693747	67566	1919309
1036	945	1020	1890	61812	1697884	91416	2934285
1037	278	366	367	61862	1700806	665238	41865888
1038	373	514	669	61911	1702806	72420	2095162
1039	65	730	468	62090	1708567	145746	5427753
1040	390	661	1239	62098	1708783	78794	2377795
1041	179	655	886	62100	1708840	71532	2055326
1042	179	382	334	62285	1715978	80594	2434632
1043	224	636	699	62345	1717504	136866	5007200
1044	294	519	734	62390	1718958	303728	14502999
1045	588	914	1125	62469	1721314	84966	2631265
1046	97	148	174	62529	1723579	108696	3672540
1047	285	542	483	62533	1723821	72420	2095162
1048	30	622	1043	62694	1727918	64588	1785282
1049	292	974	846	62703	1728278	66712	1883108
1050	683	744	759	62830	1733539	77151	2303980
1051	346	401	759	62963	1737046	249633	11201629
1052	338	774	1323	63153	1741473	415732	22365314
1053	322	862	729	63163	1741858	138995	5124768
1054	824	863	3785	63394	1748960	85326	2648475
1055	693	823	578	63406	1749760	83331	2560024
1056	105	476	779	63460	1752877	104179	3453283
1057	531	752	1595	63949	1769689	98394	3224923
1058	583	799	451	64001	1771374	99728	3276132
1059	211	400	547	64146	1775280	204920	8639062
1060	107	221	253	64227	1777229	702429	44983967
1061	898	949	1637	64419	1781012	180391	7223529
1062	932	1048	1268	64588	1785282	95317	3096522
1063	8	329	709	64630	1786844	278876	12901422
1064	119	599	257	64715	1790428	115744	4010564
1065	373	472	1254	64763	1791860	250954	11289928
1066	87	881	167	64895	1797508	330298	16219105
1067	463	921	1376	64944	1798917	100599	3305983
1068	341	938	868	64953	1799318	81006	2453966
1069	536	593	1124	65009	1801932	90296	2885093
1070	513	953	901	65051	1804312	90041	2872702
1071	10	525	449	65311	1815382	110254	3743217
1072	24	692	1020	65367	1816804	1627979	140230987
1073	837	879	1457	65418	1818379	2093494	194850715
1074	656	729	1292	65644	1827350	885300	61523308
1075	435	864	1296	65752	1831024	89552	2845960
1076	428	994	1386	65883	1835526	111991	3835539
1077	535	823	1042	66002	1840918	205527	8679451
1078	280	968	1213	66027	1841902	113866	3939432
1079	110	408	591	66116	1845090	204826	8632411
1080	632	787	973	66190	1847446	220131	9521038
1081	192	786	372	66211	1848246	1117515	84769329
1082	292	829	1456	66247	1849605	348832	17554553
1083	656	726	1759	66262	1850310	78035	2349462
1084	164	309	319	66365	1857042	129430	4644900
1085	576	1019	3500	66429	1860105	175529	6959804
1086	355	482	1684	66556	1871573	105928	3538785
1087	204	674	635	66700	1882149	144638	5377430
1088	728	1049	3025	66712	1883108	106147	3548740
1089	762	993	1839	67112	1905570	136298	4982711
1090	4	677	281	67255	1911317	189605	7736994
1091	73	140	296	67432	1916255	164555	6442526
1092	139	916	1232	67516	1917784	76662	2283960
1093	372	1035	1749	67566	1919309	591322	36281730
1094	678	715	1562	67584	1920173	74094	2169993
1095	0	879	1306	67629	1923016	73909	2158621
1096	268	509	555	67969	1936775	147097	5493519
1097	10	316	205	67986	1937107	93951	3050570
1098	194	251	181	68303	1943520	127325	4555355
1099	555	842	3009	68309	1943640	71622	2058670
1100	455	725	241	68314	1943886	174901	6938478
1101	275	519	502	68336	1944858	120247	4253543
1102	20	582	920	68496	1950662	91341	2931252
1103	762	994	1653	68745	1957815	68874	1961268
1104	674	1103	2187	68874	1961268	69970	1995800
1105	449	554	724	69045	1968141	114482	3966547
1106	412	760	989	69117	1970530	80851	2446061
1107	417	819	362	69292	1975288	291528	13766669
1108	496	512	993	69297	1975544	768699	50710977
1109	616	927	1297	69356	1977398	135994	4968916
1110	241	295	487	69397	1978911	606794	37499262
1111	139	1018	663	69509	1983042	72794	2106645
1112	239	782	1117	69568	1984881	93521	3031140
1113	137	381	335	69742	1990411	80405	2429349
1114	618	641	761	69863	1993175	83589	2577239
1115	442	765	1013	69940	1995042	90422	2892770
1116	394	1104	2358	69970	1995800	284157	13269087
1117	259	399	261	69981	1996338	0	0
1118	500	932	381	70035	1999460	92979	3009939
1119	383	618	874	70199	2007977	163873	6384154
1120	239	480	922	70218	2008579	126892	4538947
1121	27	260	171	70234	2009235	102721	3396215
1122	384	829	1644	70247	2009780	151765	5751763
1123	381	780	2795	70486	2018802	75485	2228624
1124	20	123	130	70687	2028382	94759	3077571
1125	182	315	498	70721	2029972	112324	3852237
1126	72	978	1075	70965	2037894	100261	3288995
1127	87	666	417	71009	2039391	291119	13734332
1128	98	102	155	71032	2039869	206958	8752184
1129	187	556	960	71057	2040488	472975	26654526
1130	290	346	942	71066	2040908	241308	10713081
1131	37	768	1085	71386	2050773	696491	44560587
1132	321	1041	1380	71532	2055326	346705	17381395
1133	862	1099	3362	71622	2058670	77166	2304432
1134	134	1103	1798	71869	2071844	89184	2831352
1135	411	745	987	71936	2074958	93114	3014534
1136	145	1009	226	71951	2075470	89535	2845388
1137	584	869	919	72000	2078127	134946	4902098
1138	75	962	836	72078	2082199	104459	3468041
1139	258	532	888	72241	2089411	2033025	188283995
1140	1038	1047	1152	72420	2095162	101204	3333573
1141	455	642	254	72464	2096927	100929	3323512
1142	325	447	315	72484	2097489	270041	12365135
1143	69	387	646	72595	2100893	93440	3027970
1144	94	1032	614	72760	2105594	91341	2931252
1145	19	963	807	72790	2106466	73179	2120439
1146	160	1111	769	72794	2106645	116292	4059668
1147	608	695	1049	72833	2108255	1904347	173289313
1148	352	845	449	72928	2111747	320789	15629068
1149	615	900	398	72975	2113357	92699	3001300
1150	95	564	817	73140	2119085	150971	5703600
1151	1030	1145	3100	73179	2120439	75645	2239568
1152	123	270	184	73284	2127181	81058	2456904
1153	908	968	1665	73402	2133292	111535	3811807
1154	211	1013	1376	73419	2134214	96624	3153283
1155	407	600	1777	73563	2142805	568063	34353035
1156	123	807	717	73664	2149176	94854	3081044
1157	515	1095	2297	73909	2158621	145017	5399066
1158	144	952	2945	74006	2163509	298830	14204221
1159	368	1094	2374	74094	2169993	100388	3293944
1160	301	755	1100	74281	2184340	486658	27750837
1161	63	307	558	74366	2189261	237474	10482846
1162	386	687	600	74385	2189964	109369	3702622
1163	174	753	774	74558	2197261	146254	5451583
1164	503	633	912	74604	2199240	177539	7068729
1165	533	1021	297	74670	2202427	169880	6688705
1166	15	749	841	74672	2202478	81096	2458522
1167	361	709	510	74797	2208353	407172	21717146
1168	793	1048	1398	74857	2210232	152430	5775888
1169	422	514	914	75104	2217789	1145703	87539404
1170	251	260	240	75359	2223844	83282	2558063
1171	918	956	1819	75371	2223989	85582	2670713
1172	113	813	916	75375	2224074	81096	2458522
1173	933	1123	3564	75485	2228624	82208	2509075
1174	398	1151	3148	75645	2239568	176397	7005773
1175	133	382	202	75765	2250241	92825	3005312
1176	563	922	392	75894	2258848	175529	6959804
1177	795	947	764	75946	2261319	143420	5314605
1178	135	819	402	76269	2273162	2664371	268759049
1179	313	954	1371	76304	2274243	209904	8943676
1180	43	445	232	76399	2277242	105827	3535257
1181	58	650	573	76519	2280525	82957	2546657
1182	373	690	1280	76659	2283908	118433	4166728
1183	187	1092	1323	76662	2283960	117404	4127786
1184	1035	1049	2340	76812	2290555	161264	6242976
1185	449	988	1184	76818	2290833	168102	6610829
1186	280	425	242	76908	2296245	238683	10561813
1187	58	653	533	77143	2303814	180503	7230244
1188	399	1050	824	77151	2303980	82208	2509075
1189	525	1133	3796	77166	2304432	83384	2562944
1190	325	488	795	77438	2322748	120392	4259579
1191	561	770	1473	77542	2327412	115970	4024654
1192	114	901	506	77652	2332266	201254	8422819
1193	627	711	1387	77690	2333879	388891	20291431
1194	538	686	801	77696	2334142	107294	3609874
1195	177	355	322	77866	2343506	106184	3551452
1196	655	719	919	77906	2344987	962584	69290978
1197	118	1083	1897	78035	2349462	154630	5883296
1198	315	1000	1561	78079	2352075	94500	3068326
1199	24	671	332	78355	2365084	192914	7894402
1200	167	877	472	78561	2371527	227283	9968027
1201	68	622	1082	78632	2373200	139534	5153766
1202	284	869	479	78678	2374587	107158	3604112
1203	221	1040	1394	78794	2377795	86381	2716421
1204	834	922	876	78843	2379298	0	0
1205	544	871	1029	78905	2381715	93039	3011999
1206	346	542	761	79023	2386049	1236046	96994823
1207	482	613	2144	79283	2392985	147797	5539861
1208	46	661	649	79289	2393149	148261	5567210
1209	937	1023	2238	79413	2397247	80631	2435617
1210	243	424	291	79828	2410867	200842	8400722
1211	403	674	713	79835	2410977	98140	3213020
1212	398	774	747	80002	2414315	341458	17029309
1213	302	373	551	80026	2414865	173538	6870507
1214	617	824	3548	80057	2415383	260744	11808429
1215	37	1113	370	80405	2429349	82262	2515162
1216	80	618	637	80461	2430710	881884	61073086
1217	563	680	1465	80525	2432394	136928	5009259
1218	223	1042	699	80594	2434632	81842	2495932
1219	350	1209	2574	80631	2435617	546786	32690822
1220	210	666	619	80644	2436250	332037	16362319
1221	499	1106	1897	80851	2446061	98140	3213020
1222	115	460	309	80924	2450157	182239	7330039
1223	575	1068	1603	81006	2453966	109678	3717278
1224	445	1152	375	81058	2456904	145337	5412395
1225	1166	1172	1757	81096	2458522	87888	2777998
1226	282	759	1137	81212	2464958	138670	5106753
1227	551	649	1448	81327	2470717	87980	2782326
1228	375	547	346	81336	2471474	238496	10544655
1229	81	511	976	81429	2476141	86699	2726156
1230	53	578	765	81458	2477977	81817	2495253
1231	561	897	1660	81635	2486370	96104	3129259
1232	862	1230	1118	81817	2495253	657855	41343842
1233	908	1218	1271	81842	2495932	146474	5461854
1234	31	1113	348	82058	2504561	293143	13861155
1235	184	664	1019	82158	2507131	334510	16523056
1236	1173	1188	4388	82208	2509075	135354	4924048
1237	453	1215	1011	82262	2515162	146719	5472251
1238	24	214	170	82405	2526510	628962	39113813
1239	566	1181	926	82957	2546657	296593	14071996
1240	228	988	860	83010	2547781	248763	11130228
1241	103	755	821	83034	2548603	93988	3051755
1242	250	435	930	83121	2551136	94304	3062608
1243	605	936	1560	83129	2551375	2113953	197513187
1244	143	1170	424	83282	2558063	246454	11025933
1245	925	1055	1054	83331	2560024	91399	2933615
1246	385	1004	1257	83338	2560237	444165	24446378
1247	115	1189	3845	83384	2562944	921313	64969522
1248	929	1114	874	83589	2577239	1657199	143734358
1249	224	953	865	83734	2586994	984703	71459326
1250	189	490	359	83951	2596652	90545	2898352
1251	821	926	754	83969	2597227	88211	2793496
1252	118	259	334	84019	2598875	155939	5937516
1253	165	508	997	84097	2601515	324349	15800664
1254	172	529	1111	84266	2607047	88760	2813077
1255	26	757	720	84335	2609378	781443	51881891
1256	430	529	1135	84514	2615551	110190	3740716
1257	11	753	679	84634	2618864	171020	6742907
1258	185	318	194	84755	2621743	170607	6725739
1259	79	937	1314	84779	2622266	551248	33098954
1260	800	934	1013	84813	2623171	187062	7610100
1261	624	963	1068	84842	2624066	113090	3889861
1262	555	1026	1787	84844	2624070	550928	33074538
1263	935	1045	1954	84966	2631265	658368	41371007
1264	809	909	1847	85274	2646151	239716	10621603
1265	13	802	181	85296	2647198	90960	2918980
1266	149	1054	3896	85326	2648475	87230	2747640
1267	482	1189	5254	85505	2663624	1649807	142763314
1268	46	1171	1847	85582	2670713	144110	5345558
1269	538	554	638	85615	2674506	86644	2724060
1270	439	904	1183	86034	2704307	112908	3881146
1271	96	1203	1435	86381	2716421	163131	6340796
1272	289	472	1000	86640	2723834	116839	4105658
1273	466	1269	1077	86644	2724060	195080	7996633
1274	668	1229	2048	86699	2726156	426835	23122697
1275	544	841	1168	86774	2730407	1123502	85333372
1276	183	316	498	86982	2740022	342363	17090363
1277	282	314	307	87108	2743963	112879	3879769
1278	398	644	526	87217	2747314	115282	3995743
1279	469	1266	4539	87230	2747640	272273	12488355
1280	231	266	504	87662	2771970	196504	8092254
1281	577	1225	2326	87888	2777998	159190	6142563
1282	414	1227	1601	87980	2782326	230085	10089566
1283	18	1014	854	88085	2787054	140776	5222240
1284	26	289	183	88176	2792008	150739	5692741
1285	578	1251	1489	88211	2793496	361948	18456771
1286	427	857	513	88297	2797376	190645	7783756
1287	69	241	182	88386	2800856	119007	4206247
1288	32	477	1372	88612	2808208	124541	4448436
1289	576	1254	1354	88760	2813077	122870	4381183
1290	575	780	3305	88794	2814264	238496	10544655
1291	113	410	408	89146	2830222	97582	3193733
1292	626	1134	2048	89184	2831352	322910	15715885
1293	532	827	1129	89359	2839088	110724	3768527
1294	875	1136	803	89535	2845388	345681	17323800
1295	671	1075	1599	89552	2845960	104488	3470294
1296	661	957	1548	89723	2854886	155573	5923234
1297	122	460	468	89772	2857031	156926	5984533
1298	800	1189	4627	89819	2858591	118491	4168595
1299	37	548	79	89992	2870042	164271	6420757
1300	187	1070	992	90041	2872702	304632	14557318
1301	196	216	389	90094	2876219	103509	3422568
1302	593	970	950	90282	2884268	107770	3630351
1303	771	1069	2131	90296	2885093	487709	27835214
1304	368	596	1039	90316	2886663	91601	2945064
1305	376	1115	1379	90422	2892770	810113	54603336
1306	563	847	514	90454	2894049	127741	4571888
1307	658	1250	1466	90545	2898352	105498	3520112
1308	492	1004	1441	90784	2910557	147385	5514295
1309	510	938	820	90794	2911018	195816	8049261
1310	869	1265	492	90960	2918980	122380	4364878
1311	625	668	1374	91170	2925969	128107	4586712
1312	55	370	338	91222	2927476	163870	6384119
1313	1102	1144	1534	91341	2931252	149135	5597770
1314	294	1245	1346	91399	2933615	107770	3630351
1315	46	1036	1918	91416	2934285	157032	5989610
1316	370	858	1657	91508	2939333	326524	15944758
1317	537	618	1002	91522	2940490	127763	4572872
1318	304	420	884	91567	2943527	143685	5322279
1319	833	1304	2720	91601	2945064	112562	3861174
1320	913	1018	1925	91871	2966493	106581	3573729
1321	518	550	933	92008	2974010	228458	10014753
1322	3	645	278	92021	2974971	349528	17610088
1323	230	647	856	92104	2979732	116974	4111566
1324	906	976	1263	92132	2981415	97160	3176713
1325	233	331	327	92408	2993510	1032839	76177266
1326	423	793	1252	92626	2999162	111535	3811807
1327	291	706	770	92687	3000930	415793	22370053
1328	442	1149	913	92699	3001300	250350	11244795
1329	392	1175	833	92825	3005312	254831	11509799
1330	127	748	476	92829	3005460	100115	3284770
1331	1003	1118	1088	92979	3009939	153337	5826984
1332	116	1205	1133	93039	3011999	95698	3114968
1333	76	336	619	93074	3013247	111051	3793804
1334	412	1135	1327	93114	3014534	161201	6240095
1335	180	786	356	93219	3019523	368804	18864020
1336	197	905	1047	93377	3025421	97346	3184186
1337	532	1143	1237	93440	3027970	98639	3236011
1338	504	1112	1364	93521	3031140	122037	4354327
1339	402	757	917	93654	3037381	467332	26237191
1340	563	721	413	93656	3037465	301370	14349710
1341	272	1036	2133	93718	3040364	112645	3865806
1342	416	1097	408	93951	3050570	106546	3572268
1343	222	1241	1200	93988	3051755	697187	44629965
1344	182	490	486	94000	3052213	405010	21602265
1345	242	628	709	94149	3057780	218296	9400594
1346	174	245	260	94271	3061916	124630	4451094
1347	441	1242	1437	94304	3062608	130293	4684995
1348	945	1198	2582	94500	3068326	198145	8214588
1349	644	1124	608	94759	3077571	252548	11382316
1350	510	841	887	94822	3079850	335278	16580052
1351	909	1156	1957	94854	3081044	109116	3689193
1352	881	1118	510	94963	3084600	120639	4272785
1353	470	478	550	95157	3090930	153876	5855343
1354	722	824	3459	95264	3093775	111761	3822310
1355	30	1062	1288	95317	3096522	275902	12750754
1356	0	111	95	95377	3099991	433509	23641606
1357	493	722	879	95461	3103580	820233	55485480
1358	201	217	352	95567	3109525	128018	4581737
1359	740	1332	1224	95698	3114968	116014	4027392
1360	533	813	1023	95782	3118407	315205	15276940
1361	23	1181	578	96091	3128923	615882	38182870
1362	855	1231	2586	96104	3129259	120611	4270734
1363	820	925	4065	96400	3139705	391369	20507563
1364	440	684	1490	96430	3140812	101204	3333573
1365	795	969	1405	96583	3150882	621878	38570886
1366	826	1154	1683	96624	3153283	200939	8405389
1367	904	1135	1115	96635	3153950	235508	10375017
1368	87	117	89	96863	3166124	102552	3391840
1369	228	630	407	96925	3168793	216077	9261913
1370	200	1014	1078	96998	3171494	170607	6725739
1371	114	882	826	97155	3176617	98317	3221364
1372	116	1324	1367	97160	3176713	141033	5234954
1373	675	1336	1255	97346	3184186	246650	11035500
1374	41	887	1328	97435	3187274	132969	4808004
1375	695	754	958	97509	3190827	110378	3747825
1376	451	1291	892	97582	3193733	166107	6508409
1377	331	1027	866	97802	3202715	202172	8465090
1378	329	555	1726	98072	3211057	123469	4404793
1379	331	803	483	98133	3212617	148947	5591913
1380	1211	1221	2610	98140	3213020	98738	3240291
1381	191	1371	990	98317	3221364	1069740	79719841
1382	12	1057	1606	98394	3224923	285900	13370798
1383	156	1337	1309	98639	3236011	150739	5692741
1384	21	1380	2636	98738	3240291	324552	15810804
1385	124	292	422	99161	3260608	195816	8049261
1386	504	819	495	99255	3263159	138643	5105279
1387	21	420	665	99365	3265693	109785	3722216
1388	690	979	1840	99368	3265701	751204	49210635
1389	496	836	693	99609	3273311	127054	4544702
1390	128	1058	494	99728	3276132	138467	5094139
1391	463	782	1280	99898	3279823	122576	4370268
1392	179	1042	490	99927	3280439	109240	3696104
1393	771	932	1232	99963	3281187	105567	3523167
1394	973	1330	1295	100115	3284770	140182	5191413
1395	36	1126	1113	100261	3288995	123585	4410349
1396	174	1143	745	100338	3292050	199197	8288295
1397	820	1159	5963	100388	3293944	348040	17472240
1398	71	404	311	100525	3302427	105827	3535257
1399	20	65	95	100557	3304112	465388	26108469
1400	334	1067	1559	100599	3305983	763658	50295910
1401	33	339	581	100677	3310692	149288	5604412
1402	376	904	494	100871	3320233	123001	4386832
1403	141	1141	312	100929	3323512	450308	24946847
1404	812	1170	913	101001	3326219	157711	6051159
1405	1140	1364	2642	101204	3333573	1199405	93368614
1406	477	812	2013	101208	3333625	107658	3624799
1407	71	705	548	101388	3343941	164196	6415000
1408	686	1337	1684	101446	3347197	108696	3672540
1409	29	490	323	101517	3350975	148261	5567210
1410	157	982	477	101653	3357138	117631	4137135
1411	159	962	946	101761	3361388	107453	3616350
1412	703	975	3145	101909	3366516	103509	3422568
1413	3	1254	1114	102001	3371075	192528	7874847
1414	164	632	796	102027	3372302	131169	4733083
1415	388	485	1514	102263	3382545	248700	11126550
1416	244	545	369	102511	3390795	174964	6940270
1417	664	1368	1064	102552	3391840	115759	4011129
1418	103	358	387	102609	3393516	208284	8816339
1419	229	826	492	102686	3395321	106184	3551452
1420	509	1121	509	102721	3396215	194616	7963872
1421	39	786	325	102846	3399319	125204	4476006
1422	18	432	871	102925	3401308	108180	3651408
1423	76	1189	3862	102977	3402472	157020	5988311
1424	102	481	871	103223	3412779	139329	5143743
1425	261	873	529	103360	3417966	119153	4213258
1426	1301	1412	3534	103509	3422568	131340	4741570
1427	920	1008	1540	103584	3427272	394762	20770313
1428	84	519	536	103702	3434917	354344	17949148
1429	342	606	743	103945	3445230	310143	14928496
1430	359	722	709	103970	3445970	420221	22617071
1431	331	383	485	103980	3446215	163131	6340796
1432	314	1092	1384	104088	3449957	144276	5356634
1433	404	507	1186	104148	3452057	542871	32360617
1434	1056	1364	2269	104179	3453283	149362	5607515
1435	206	928	1454	104367	3461706	110378	3747825
1436	434	824	3162	104387	3462881	226734	9927709
1437	859	1138	1996	104459	3468041	110781	3772735
1438	520	1295	1890	104488	3470294	126236	4520236
1439	139	256	314	104810	3492087	489017	27930552
1440	373	557	1576	104986	3500306	147097	5493519
1441	577	1106	1558	104988	3500349	198302	8226975
1442	267	438	526	105212	3510635	177131	7043193
1443	727	730	551	105224	3511172	222112	9645640
1444	535	889	1196	105408	3517085	138859	5117642
1445	35	802	195	105427	3517493	744060	48633700
1446	10	365	418	105463	3518743	107669	3625218
1447	120	1307	1510	105498	3520112	218346	9403289
1448	954	1393	2213	105567	3523167	196504	8092254
1449	1180	1398	543	105827	3535257	116234	4052335
1450	376	1086	2050	105928	3538785	118755	4187570
1451	54	999	777	106132	3547966	113229	3896214
1452	635	1088	3917	106147	3548740	120639	4272785
1453	81	331	268	106169	3550709	164012	6399174
1454	1195	1419	814	106184	3551452	191002	7804795
1455	555	1342	1437	106546	3572268	185910	7542996
1456	1024	1320	3196	106581	3573729	322873	15713469
1457	20	1123	2812	106909	3590500	128027	4582179
1458	508	519	1157	107035	3598271	273534	12588767
1459	787	1202	732	107158	3604112	157117	5998648
1460	180	651	198	107248	3608252	147575	5524987
1461	666	1194	1180	107294	3609874	152136	5765988
1462	527	713	520	107354	3612295	134683	4886824
1463	1112	1411	2063	107453	3616350	151191	5718960
1464	228	1406	2129	107658	3624799	116248	4053865
1465	1055	1446	996	107669	3625218	152608	5786239
1466	1302	1314	2296	107770	3630351	254587	11494066
1467	1062	1422	2139	108180	3651408	253090	11409514
1468	1	521	965	108314	3657046	164335	6425442
1469	516	1030	2846	108415	3660953	113378	3903708
1470	312	444	1135	108618	3669579	145746	5427753
1471	1046	1408	1858	108696	3672540	133413	4829218
1472	272	809	850	108955	3683397	1800862	159865887
1473	257	1149	494	109017	3685647	140440	5204089
1474	964	999	1993	109086	3687627	279521	12938524
1475	825	1351	2346	109116	3689193	320214	15593949
1476	926	1392	931	109240	3696104	413168	22201491
1477	1159	1162	2974	109369	3702622	157944	6066878
1478	290	696	607	109662	3716478	368602	18854500
1479	834	962	1619	109668	3716731	155196	5906217
1480	154	1223	1751	109678	3717278	1411055	114930223
1481	371	1387	1381	109785	3722216	567198	34308771
1482	559	1256	1491	110190	3740716	425667	23037453
1483	312	1071	1199	110254	3743217	155978	5938694
1484	1375	1435	2412	110378	3747825	162626	6316655
1485	281	1364	1872	110540	3755627	207901	8792254
1486	578	1189	4531	110559	3756632	116014	4027392
1487	446	1293	1576	110724	3768527	2088344	194304611
1488	1154	1437	3372	110781	3772735	115744	4010564
1489	121	1333	670	111051	3793804	2266442	216372493
1490	143	707	306	111135	3797844	199471	8310346
1491	1153	1326	2917	111535	3811807	163873	6384154
1492	161	1354	3559	111761	3822310	250350	11244795
1493	266	781	694	111975	3834874	178989	7158375
1494	665	1076	1703	111991	3835539	519717	30433045
1495	506	754	1033	112294	3851254	552227	33164063
1496	199	1125	627	112324	3852237	120121	4247430
1497	258	1319	3017	112562	3861174	390456	20427133
1498	236	1341	2156	112645	3865806	129430	4644900
1499	15	1277	323	112879	3879769	144110	5345558
1500	209	1270	1326	112908	3881146	146092	5443021
1501	585	1261	1680	113090	3889861	405064	21606134
1502	921	1451	1659	113229	3896214	459028	25596915
1503	670	676	1034	113351	3902493	130792	4711939
1504	594	1469	2946	113378	3903708	163307	6348348
1505	659	1019	4377	113386	3904406	137209	5018698
1506	451	713	558	113769	3935336	584307	35676137
1507	132	927	701	113839	3938163	148191	5563680
1508	434	1078	1391	113866	3939432	2428369	237864565
1509	379	1437	2162	114009	3947172	124605	4450081
1510	204	664	1076	114278	3958493	292815	13842930
1511	547	715	757	114402	3963505	120147	4248833
1512	1105	1254	1835	114482	3966547	442780	24335046
1513	461	508	830	114568	3970281	150800	5695353
1514	539	648	746	114679	3974548	195425	8024166
1515	546	714	1629	114692	3974702	739087	48264862
1516	464	1368	286	114779	3978388	148977	5592601
1517	485	817	968	114992	3986566	217068	9327346
1518	319	958	1164	115197	3993192	181856	7307590
1519	1029	1278	954	115282	3995743	650443	40815554
1520	349	1033	1565	115410	3999639	194501	7957393
1521	5	929	117	115464	4001357	545701	32573458
1522	240	633	911	115647	4007502	138299	5085126
1523	1064	1488	3629	115744	4010564	194080	7932600
1524	313	1417	1454	115759	4011129	202550	8485377
1525	935	1191	2302	115970	4024654	196309	8082138
1526	1359	1486	5755	116014	4027392	318291	15473102
1527	239	1092	1563	116126	4040931	1046521	77568973
1528	1302	1449	1493	116234	4052335	142528	5280526
1529	1025	1464	3052	116248	4053865	325887	15897703
1530	962	1146	1577	116292	4059668	117631	4137135
1531	116	401	348	116410	4073347	161264	6242976
1532	326	1272	1528	116839	4105658	271065	12407498
1533	239	316	521	116907	4108050	176397	7005773
1534	752	1323	1796	116974	4111566	191427	7822129
1535	27	889	535	117313	4124547	174974	6940452
1536	390	1183	1941	117404	4127786	145799	5429252
1537	157	342	414	117435	4129099	132071	4774419
1538	580	1218	1153	117492	4131070	117553	4133304
1539	634	1538	1443	117553	4133304	488858	27921875
1540	1410	1530	2054	117631	4137135	137291	5023826
1541	280	834	931	118091	4156664	307817	14772481
1542	263	1387	873	118198	4159462	159943	6193844
1543	564	779	1480	118277	4161533	143811	5326331
1544	1182	1411	2226	118433	4166728	167284	6578772
1545	951	1298	4910	118491	4168595	248763	11130228
1546	529	1450	3057	118755	4187570	1796391	159223222
1547	141	644	536	118760	4187884	252908	11401132
1548	544	821	689	118915	4200304	321085	15643400
1549	765	1287	680	119007	4206247	191834	7840670
1550	87	1425	567	119153	4213258	120451	4263230
1551	145	289	195	119259	4218110	119772	4235448
1552	395	598	806	119286	4218874	239495	10612285
1553	57	825	447	119517	4226839	127329	4555493
1554	728	906	2859	119618	4229774	200165	8357983
1555	868	1551	675	119772	4235448	124792	4460260
1556	379	653	637	119802	4236319	400910	21209604
1557	165	838	917	119944	4240981	368771	18862501
1558	677	1231	1938	120037	4244311	130471	4693483
1559	249	906	788	120086	4245991	190178	7761393
1560	1291	1496	1035	120121	4247430	127248	4552173
1561	702	1511	1120	120147	4248833	622976	38684378
1562	17	1101	517	120247	4253543	132071	4774419
1563	474	532	1642	120388	4259437	138487	5095142
1564	1138	1190	1631	120392	4259579	139104	5131128
1565	1009	1550	754	120451	4263230	523688	30760731
1566	454	1362	2661	120611	4270734	130718	4705326
1567	1352	1452	4427	120639	4272785	134595	4880043
1568	865	1464	3235	120681	4276496	419796	22587663
1569	523	1046	677	120758	4287295	1458829	120444333
1570	688	1162	927	120956	4307744	154940	5896642
1571	658	931	1806	121124	4321460	143797	5325910
1572	320	322	844	121762	4347432	128027	4582179
1573	383	856	979	121773	4347680	339136	16843057
1574	540	936	603	121785	4348010	3012225	315695052
1575	604	1114	1403	121994	4353254	171931	6781912
1576	185	1338	1443	122037	4354327	781290	51866500
1577	46	104	120	122317	4363528	0	0
1578	1272	1310	1492	122380	4364878	769169	50752594
1579	301	895	522	122475	4367163	150877	5699414
1580	664	1391	2255	122576	4370268	472534	26614273
1581	961	1097	1360	122638	4372164	142644	5284153
1582	167	1254	1325	122696	4374542	482450	27397553
1583	829	1289	2478	122870	4381183	207887	8791417
1584	597	1402	1257	123001	4386832	170308	6710786
1585	1103	1352	2163	123281	4398397	551053	33084499
1586	926	1378	2167	123469	4404793	783848	52068035
1587	762	1395	1951	123585	4410349	157299	6013147
1588	447	763	271	123588	4410391	1013723	74369864
1589	40	664	1000	123655	4414098	1306063	104059914
1590	916	1437	3082	123774	4419463	1241907	97630466
1591	377	723	1370	123890	4425395	181138	7264095
1592	137	425	232	124471	4446959	132990	4808746
1593	184	1288	1416	124541	4448436	188655	7696385
1594	368	1509	2974	124605	4450081	208284	8816339
1595	173	1346	515	124630	4451094	375073	19277776
1596	517	1555	901	124792	4460260	185058	7496162
1597	104	258	389	124900	4464925	164015	6399293
1598	925	942	1254	124939	4466227	128907	4627626
1599	142	819	283	125022	4469390	638453	39898755
1600	1012	1421	1931	125204	4476006	147541	5522429
1601	565	1298	4915	125430	4484057	185819	7535569
1602	406	1010	1648	125546	4491272	0	0
1603	282	832	626	125774	4504178	141562	5255696
1604	688	1438	2217	126236	4520236	407138	21714599
1605	645	1064	532	126320	4523456	214290	9183819
1606	339	694	997	126637	4532176	342617	17106907
1607	695	731	1004	126649	4532371	133198	4819671
1608	462	901	555	126777	4536098	381190	19696952
1609	263	1120	1130	126892	4538947	969628	69919487
1610	153	902	989	126936	4540584	557617	33541731
1611	21	1324	1289	127012	4543388	446349	24611718
1612	1125	1389	1191	127054	4544702	280370	12982462
1613	402	938	949	127196	4550391	0	0
1614	496	1560	1241	127248	4552173	525584	30900115
1615	1064	1098	438	127325	4555355	702733	45010326
1616	377	1553	1027	127329	4555493	204557	8617403
1617	420	708	1676	127412	4559096	298564	14192826
1618	118	732	359	127536	4564045	170899	6737657
1619	994	1333	1434	127554	4564811	335587	16601068
1620	433	1306	1325	127741	4571888	130279	4684151
1621	21	1317	1028	127763	4572872	169614	6671605
1622	606	1358	735	128018	4581737	164615	6446502
1623	1457	1572	3656	128027	4582179	431401	23471825
1624	315	1311	1686	128107	4586712	151012	5705962
1625	886	1105	1899	128278	4598567	182978	7389693
1626	352	838	879	128492	4611120	151050	5709072
1627	291	602	604	128586	4616023	158263	6087911
1628	8	133	36	128721	4621355	211949	9054842
1629	19	589	300	128873	4626771	269741	12350464
1630	531	1598	1909	128907	4627626	226626	9919296
1631	77	564	834	129078	4634134	275601	12737612
1632	21	262	100	129082	4634226	514849	30012181
1633	68	1019	3316	129288	4639883	137542	5041051
1634	1084	1498	2475	129430	4644900	156384	5954247
1635	495	615	834	129613	4654299	176034	6989073
1636	423	783	2237	129639	4655683	140540	5208724
1637	86	753	740	129686	4658530	276677	12794506
1638	562	987	1375	130202	4681568	187062	7610100
1639	598	1620	1491	130279	4684151	182780	7375920
1640	1261	1347	2505	130293	4684995	680553	43205664
1641	295	1558	2293	130471	4693483	594978	36515972
1642	1103	1566	4314	130718	4705326	360368	18337109
1643	50	1503	1095	130792	4711939	175466	6957364
1644	366	1092	1308	130847	4714735	284930	13321259
1645	808	1414	984	131169	4733083	167284	6578772
1646	834	991	1243	131234	4736071	419709	22583083
1647	1071	1426	3983	131340	4741570	162202	6289054
1648	1537	1562	931	132071	4774419	139104	5131128
1649	492	1330	753	132209	4778570	177399	7061238
1650	469	1040	1882	132281	4780453	135209	4916464
1651	331	1498	2346	132325	4781654	199949	8344833
1652	267	1486	4862	132599	4791214	214796	9197079
1653	310	1374	1511	132969	4808004	139836	5171043
1654	955	1592	1326	132990	4808746	771763	51023325
1655	141	798	1021	133065	4813141	152508	5780239
1656	9	567	265	133191	4819470	239868	10630244
1657	1071	1607	1453	133198	4819671	237706	10494458
1658	638	1471	3931	133413	4829218	301143	14335099
1659	194	559	448	133797	4846795	141962	5266702
1660	274	462	599	133801	4846938	360460	18346485
1661	295	1392	845	133825	4847982	198145	8214588
1662	215	975	2498	133955	4852549	231143	10145653
1663	201	796	439	134037	4855226	177820	7085238
1664	639	1017	1493	134068	4856481	226338	9903568
1665	398	561	318	134145	4860028	197232	8138280
1666	1144	1189	4410	134298	4865911	184761	7473482
1667	827	1567	4965	134595	4880043	166261	6515134
1668	178	1462	609	134683	4886824	1477098	122705975
1669	125	470	564	134824	4896166	544753	32519085
1670	695	1137	1069	134946	4902098	315640	15309507
1671	581	650	769	134982	4904330	154443	5877405
1672	142	500	191	135025	4907767	280656	13000896
1673	144	1650	1902	135209	4916464	333749	16470194
1674	1133	1236	7750	135354	4924048	149970	5639877
1675	513	941	1092	135641	4950127	679230	43090572
1676	142	878	652	135748	4957370	143047	5300474
1677	400	852	938	135880	4963346	275869	12749139
1678	16	1109	1320	135994	4968916	312130	15067336
1679	180	1143	701	136103	4974296	178710	7142235
1680	894	990	1827	136194	4978157	1535054	129513243
1681	636	1089	2300	136298	4982711	242008	10756702
1682	207	807	730	136459	4991545	241606	10732241
1683	89	1043	815	136866	5007200	216281	9275248
1684	437	1217	1579	136928	5009259	337565	16751194
1685	427	1505	4596	137209	5018698	208936	8866697
1686	602	1540	2489	137291	5023826	287415	13455316
1687	246	825	634	137382	5030773	3889351	440909237
1688	1462	1633	3836	137542	5041051	363627	18540356
1689	553	667	635	138037	5074223	244245	10890036
1690	12	282	166	138176	5079924	152909	5802379
1691	13	780	2576	138243	5081869	0	0
1692	39	216	224	138295	5084948	767781	50657295
1693	945	1522	1932	138299	5085126	458659	25573071
1694	878	1390	1111	138467	5094139	166557	6538162
1695	601	1563	2284	138487	5095142	1790283	158434886
1696	145	819	287	138540	5099065	865999	59573517
1697	929	1162	713	138543	5099146	160159	6201814
1698	572	1386	674	138643	5105279	184715	7471256
1699	406	1226	1600	138670	5106753	353740	17900263
1700	162	1444	1308	138859	5117642	276963	12810045
1701	508	1053	1444	138995	5124768	160508	6214951
1702	1564	1648	2562	139104	5131128	254339	11479826
1703	1326	1424	2123	139329	5143743	178710	7142235
1704	1201	1451	1859	139534	5153766	172160	6791628
1705	335	890	772	139571	5155077	146695	5470579
1706	622	1217	2488	139619	5157992	666209	41950157
1707	750	784	1499	139679	5161211	197232	8138280
1708	1537	1653	1925	139836	5171043	159135	6137057
1709	474	627	1679	139852	5172030	236052	10402053
1710	1008	1394	2313	140182	5191413	1520381	127756416
1711	658	1422	1978	140435	5203698	170992	6741311
1712	549	1473	726	140440	5204089	166257	6515016
1713	612	1017	1061	140460	5204670	294887	13971264
1714	610	1636	2999	140540	5208724	466758	26207428
1715	1283	1374	2182	140776	5222240	1777584	156863433
1716	88	1018	616	140821	5224610	204227	8600866
1717	665	1326	1569	140852	5226107	156157	5945146
1718	583	1372	1520	141033	5234954	177539	7068729
1719	581	1555	933	141497	5253784	300811	14319634
1720	1272	1603	1626	141562	5255696	735849	47972456
1721	22	210	269	141902	5265276	172069	6787265
1722	82	1659	508	141962	5266702	171001	6741830
1723	71	983	896	141995	5267419	670971	42323674
1724	485	1314	2009	142170	5271587	174098	6906380
1725	125	426	819	142514	5280083	3241516	347397783
1726	93	1528	1563	142528	5280526	191800	7838591
1727	1522	1581	2271	142644	5284153	1190134	92406465
1728	140	400	553	142832	5291857	172000	6784680
1729	1251	1254	1865	142834	5291860	205870	8698959
1730	632	1014	1555	142902	5294682	145337	5412395
1731	779	1676	1369	143047	5300474	316943	15396443
1732	573	1414	1005	143216	5307248	367273	18797276
1733	258	556	1166	143274	5309483	426568	23095967
1734	90	1177	810	143420	5314605	1014130	74414707
1735	286	437	334	143524	5317911	175228	6948978
1736	655	1318	1614	143685	5322279	414066	22261923
1737	1012	1395	2719	143778	5325442	257758	11669610
1738	574	1571	2431	143797	5325910	176949	7032785
1739	1104	1543	3667	143811	5326331	510998	29730303
1740	1268	1499	2170	144110	5345558	158263	6087911
1741	288	1013	1298	144174	5350517	229779	10077710
1742	1432	1530	2961	144276	5356634	420872	22659205
1743	219	989	313	144366	5362226	984295	71418842
1744	791	1374	2375	144610	5376047	149419	5610337
1745	224	1087	873	144638	5377430	155573	5923234
1746	431	800	1406	144777	5386302	472700	26626332
1747	272	1157	2540	145017	5399066	147079	5492186
1748	333	717	353	145100	5402846	146092	5443021
1749	1224	1730	1930	145337	5412395	182390	7342110
1750	240	527	532	145677	5426347	734590	47873021
1751	1039	1470	1603	145746	5427753	607635	37576814
1752	642	1536	2128	145799	5429252	944661	67277813
1753	510	526	886	146083	5442693	164478	6436385
1754	1500	1748	1679	146092	5443021	459028	25596915
1755	924	1056	1072	146148	5445946	305071	14583661
1756	622	1163	1797	146254	5451583	0	0
1757	610	1233	2033	146474	5461854	2209235	209284330
1758	667	911	1346	146651	5468815	153561	5839049
1759	1438	1705	2662	146695	5470579	208531	8834291
1760	548	1237	1055	146719	5472251	390068	20397128
1761	903	908	1403	146814	5478188	168087	6610279
1762	1227	1747	3988	147079	5492186	178057	7097189
1763	1096	1440	2131	147097	5493519	361662	18441327
1764	105	1308	1589	147385	5514295	699564	44791626
1765	269	661	692	147455	5518024	162167	6287379
1766	952	1600	4856	147541	5522429	676826	42859756
1767	67	1460	226	147575	5524987	647983	40603950
1768	196	681	945	147695	5532678	153962	5859366
1769	772	1207	4046	147797	5539861	0	0
1770	1507	1551	896	148191	5563680	337210	16731215
1771	1208	1409	972	148261	5567210	191580	7827894
1772	293	730	730	148284	5568117	1399510	113582186
1773	93	261	193	148457	5576191	644390	40341810
1774	248	1560	1186	148708	5585513	252230	11365790
1775	791	1379	1530	148947	5591913	583828	35642028
1776	332	1516	350	148977	5592601	236701	10445446
1777	904	915	829	149087	5596214	166644	6544388
1778	615	1313	1764	149135	5597770	195776	8046634
1779	1401	1620	1906	149288	5604412	4451002	526852210
1780	738	1434	2615	149362	5607515	265143	12043639
1781	214	1744	2516	149419	5610337	203111	8528434
1782	797	1393	1725	149771	5631365	175261	6949854
1783	392	1674	8381	149970	5639877	218696	9421579
1784	86	297	183	150194	5662483	223573	9764869
1785	263	782	994	150627	5687575	537363	31844003
1786	1284	1383	1492	150739	5692741	189447	7729759
1787	100	1513	864	150800	5695353	285792	13366089
1788	521	1579	1486	150877	5699414	219621	9489455
1789	418	1150	1163	150971	5703600	229959	10083855
1790	737	1241	1470	150999	5705134	372587	19071443
1791	329	1624	2383	151012	5705962	179903	7194792
1792	1115	1626	1892	151050	5709072	364324	18581873
1793	1094	1463	3625	151191	5718960	182390	7342110
1794	367	1122	1773	151765	5751763	254541	11490841
1795	148	566	466	151868	5756282	203329	8544421
1796	237	593	539	151910	5758014	335278	16580052
1797	784	1461	1605	152136	5765988	382832	19805647
1798	723	1507	1491	152164	5767062	253447	11432699
1799	1168	1457	4210	152430	5775888	210391	8968971
1800	470	1655	1503	152508	5780239	749141	49062771
1801	292	1465	1328	152608	5786239	180391	7223529
1802	1189	1690	3962	152909	5802379	158913	6122196
1803	845	1256	1340	153029	5809716	170430	6717221
1804	227	634	351	153078	5812487	182702	7370620
1805	27	1338	1384	153122	5815370	2323665	224252057
1806	946	1153	2240	153207	5818844	362914	18502955
1807	249	1331	1196	153337	5826984	251525	11322395
1808	363	1375	1445	153345	5827676	307265	14731714
1809	826	1758	1653	153561	5839049	208176	8809155
1810	391	693	404	153622	5842528	257758	11669610
1811	1048	1070	1944	153698	5846879	290707	13701037
1812	1194	1353	1351	153876	5855343	197562	8163463
1813	652	1768	1116	153962	5859366	173549	6871191
1814	81	424	270	153975	5859766	160508	6214951
1815	1	50	62	154100	5866517	385169	20031861
1816	1592	1671	1001	154443	5877405	261526	11854496
1817	1197	1221	3794	154630	5883296	422570	22799367
1818	67	1424	899	154634	5883541	376588	19377740
1819	1242	1425	1459	154643	5883970	441838	24250996
1820	307	1570	1452	154940	5896642	179659	7184452
1821	40	590	262	155053	5901368	160387	6209530
1822	484	668	1742	155173	5905547	202484	8480465
1823	1479	1653	3130	155196	5906217	487305	27798994
1824	1296	1745	2421	155573	5923234	572273	34720293
1825	118	338	762	155773	5931396	231853	10186715
1826	128	723	833	155931	5937192	1522177	127932307
1827	781	1252	698	155939	5937516	2576782	256565909
1828	765	1483	1697	155978	5938694	222334	9666053
1829	423	1717	2466	156157	5945146	244245	10890036
1830	15	318	131	156357	5953313	298592	14193868
1831	1205	1634	3504	156384	5954247	226338	9903568
1832	110	1347	1565	156440	5957536	395155	20790768
1833	335	514	570	156543	5964318	215809	9244748
1834	1307	1326	2718	156682	5971138	173549	6871191
1835	13	1095	1312	156721	5973274	187434	7628436
1836	410	1297	828	156926	5984533	187320	7622950
1837	16	1175	225	156997	5987700	321149	15645973
1838	992	1423	4762	157020	5988311	505219	29216351
1839	942	1315	2696	157032	5989610	157299	6013147
1840	525	1459	1166	157117	5998648	200165	8357983
1841	1587	1839	4647	157299	6013147	386136	20111083
1842	25	1315	1948	157325	6015432	504475	29147278
1843	221	1320	2080	157604	6043753	203207	8536019
1844	558	1404	1168	157711	6051159	204808	8630346
1845	130	147	127	157791	6057058	167190	6574705
1846	178	587	552	157896	6064062	171938	6781962
1847	800	1477	3805	157944	6066878	172138	6790169
1848	1627	1740	2774	158263	6087911	327359	16000485
1849	205	939	1032	158809	6117928	223666	9770375
1850	856	1802	4646	158913	6122196	181320	7272107
1851	283	1354	3648	159066	6131267	211949	9054842
1852	121	1218	750	159093	6133493	328919	16117400
1853	437	1708	2039	159135	6137057	252548	11382316
1854	1281	1297	2794	159190	6142563	235508	10375017
1855	35	550	645	159346	6156413	546939	32707316
1856	525	955	1528	159492	6167257	192449	7872391
1857	374	796	391	159769	6185304	204039	8592512
1858	56	1676	704	159800	6186819	594230	36461808
1859	98	252	206	159876	6191146	310455	14948983
1860	272	1542	1116	159943	6193844	343030	17142667
1861	625	1697	1015	160159	6201814	284930	13321259
1862	1133	1821	3624	160387	6209530	286364	13399882
1863	1701	1814	1714	160508	6214951	413369	22217780
1864	61	1241	883	160979	6233931	224289	9813006
1865	190	1438	1992	161123	6237907	611104	37848974
1866	1010	1334	2512	161201	6240095	331628	16321110
1867	1184	1531	2688	161264	6242976	701850	44938186
1868	481	918	1620	161361	6247862	315097	15270025
1869	363	576	730	161494	6255355	204557	8617403
1870	359	1145	1041	161523	6256791	637696	39836391
1871	946	1124	705	161541	6257869	3845139	433740748
1872	842	844	3105	161829	6271122	182239	7330039
1873	80	148	171	161869	6273047	183328	7412768
1874	382	758	2444	161919	6275052	188187	7664291
1875	926	1765	1133	162167	6287379	198605	8248071
1876	277	1647	4070	162202	6289054	215843	9245880
1877	51	1484	2455	162626	6316655	274567	12671348
1878	157	1289	1408	162783	6325801	294696	13959058
1879	1271	1431	1920	163131	6340796	721728	46695612
1880	891	1504	3488	163307	6348348	263334	11940944
1881	983	1802	4778	163468	6358293	212598	9098233
1882	69	431	625	163690	6374229	296218	14046360
1883	588	1505	5112	163867	6384065	334510	16523056
1884	283	1312	527	163870	6384119	245908	11000218
1885	1119	1491	3791	163873	6384154	1191619	92565770
1886	199	358	469	163923	6388694	391430	20513303
1887	727	1453	429	164012	6399174	183202	7405413
1888	571	1597	1179	164015	6399293	205870	8698959
1889	1146	1407	1317	164196	6415000	189228	7722138
1890	329	1299	776	164271	6420757	183496	7420590
1891	198	1468	1130	164335	6425442	366903	18773840
1892	728	1753	3065	164478	6436385	396649	20917440
1893	98	147	145	164501	6438155	316628	15376794
1894	724	1091	422	164555	6442526	1371785	110640372
1895	1374	1622	2063	164615	6446502	2049936	190373766
1896	147	1170	282	164807	6458871	196852	8113479
1897	355	368	1038	165105	6471414	257217	11647517
1898	169	582	1022	165214	6475416	285356	13344175
1899	0	1067	1377	165263	6477595	818405	55254375
1900	14	965	996	165513	6486370	201411	8428564
1901	540	1031	1177	165706	6492136	822883	55715950
1902	861	1465	3353	165879	6498201	1417163	115647054
1903	1295	1376	2491	166107	6508409	248213	11104072
1904	1205	1712	1755	166257	6515016	415982	22386627
1905	110	1667	5093	166261	6515134	222746	9701875
1906	420	530	1110	166511	6535471	381693	19723140
1907	1288	1694	2483	166557	6538162	207711	8783010
1908	682	1777	1191	166644	6544388	620034	38463790
1909	183	1378	2034	166825	6555966	765534	50463918
1910	511	1845	1025	167190	6574705	1747489	153241009
1911	721	727	247	167253	6577590	306941	14712088
1912	1544	1645	3210	167284	6578772	573124	34783611
1913	942	999	1500	167369	6583552	194298	7944661
1914	366	693	293	167574	6593213	1446239	118939800
1915	83	1049	912	167676	6597168	171144	6749861
1916	717	1342	508	167998	6607897	248347	11110406
1917	345	1761	1733	168087	6610279	335850	16621696
1918	380	1185	1451	168102	6610829	597083	36635697
1919	112	1645	1112	168170	6613756	446763	24640271
1920	1223	1351	3560	168478	6625057	182099	7320745
1921	642	745	509	168787	6635967	321295	15652898
1922	828	1198	2239	168823	6636968	2430290	238078429
1923	401	449	684	168905	6639410	284219	13272429
1924	732	1298	4848	169049	6644365	608345	37626263
1925	529	773	1935	169366	6660086	0	0
1926	529	1194	1808	169371	6660494	280925	13016619
1927	460	1730	1815	169553	6668935	359289	18264416
1928	1567	1621	5455	169614	6671605	918735	64677229
1929	1076	1165	1683	169880	6688705	300658	14311685
1930	431	772	2477	169921	6690963	934556	66336439
1931	37	224	273	170156	6704091	236145	10407952
1932	903	1584	2088	170308	6710786	422982	22829277
1933	558	693	472	170327	6711971	346851	17391850
1934	531	1803	1995	170430	6717221	364270	18578020
1935	41	1218	746	170598	6725517	176712	7022896
1936	1258	1370	1272	170607	6725739	546906	32703900
1937	683	692	1583	170828	6734780	266756	12141138
1938	334	1618	542	170899	6737657	199197	8288295
1939	819	1711	2226	170992	6741311	210214	8959741
1940	329	1722	1205	171001	6741830	924646	65403264
1941	1257	1722	1187	171020	6742907	521891	30558149
1942	582	1915	1815	171144	6749861	251135	11300510
1943	334	1598	1437	171615	6772323	228910	10036884
1944	15	490	316	171914	6781490	407138	21714599
1945	645	1575	1678	171931	6781912	527033	31013027
1946	1039	1846	1020	171938	6781962	822570	55695980
1947	100	1728	587	172000	6784680	360256	18327676
1948	232	1721	405	172069	6787265	178057	7097189
1949	131	1847	3936	172138	6790169	195033	7992316
1950	269	595	846	172150	6790753	172160	6791628
1951	1704	1950	2705	172160	6791628	210855	9000226
1952	688	989	560	172323	6806347	279726	12947918
1953	347	695	379	172686	6826585	614604	38090594
1954	603	1030	2938	172870	6833510	383103	19829145
1955	866	1581	4524	172962	6837028	230341	10098811
1956	167	1024	1485	173000	6839870	495724	28431840
1957	693	1435	1671	173018	6841338	260239	11787610
1958	638	659	3193	173328	6860546	1408724	114686945
1959	54	941	873	173528	6870190	194026	7930857
1960	92	1213	618	173538	6870507	841585	57269370
1961	1813	1834	3834	173549	6871191	273262	12560402
1962	1242	1530	2507	173569	6873071	2240520	213412013
1963	30	454	95	173637	6879647	983050	71289977
1964	278	1172	1207	174071	6905147	251901	11345011
1965	925	1724	2485	174098	6906380	765534	50463918
1966	159	931	837	174313	6916378	410725	21998412
1967	976	1564	2214	174382	6919535	193230	7904361
1968	1100	1690	407	174901	6938478	251760	11334527
1969	661	1416	990	174964	6940270	947830	67644278
1970	988	1535	1279	174974	6940452	2475340	243845418
1971	157	559	410	175171	6947659	501594	28903362
1972	1352	1735	844	175228	6948978	752233	49306795
1973	690	1782	2595	175261	6949854	627493	39036179
1974	65	849	682	175356	6953656	219487	9482191
1975	426	1643	1832	175466	6957364	241441	10720778
1976	1085	1176	3892	175529	6959804	343879	17198229
1977	136	1150	966	175609	6965459	482773	27428329
1978	1	1346	261	175945	6985442	203207	8536019
1979	779	813	1585	175974	6986587	4432930	524175772
1980	503	1635	921	176034	6989073	456394	25409171
1981	593	636	856	176146	6995122	225728	9884524
1982	36	545	287	176234	6998825	352380	17800724
1983	1174	1533	3669	176397	7005773	466064	26156722
1984	81	787	331	176496	7011622	413680	22238240
1985	943	1935	1804	176712	7022896	240391	10665117
1986	1310	1738	2923	176949	7032785	571939	34695056
1987	233	447	233	177006	7036940	354707	17985935
1988	229	1592	417	177091	7041193	279521	12938524
1989	1151	1442	3626	177131	7043193	359098	18247700
1990	1102	1528	2413	177156	7045266	351574	17740600
1991	523	526	1294	177311	7055984	294033	13910320
1992	323	1649	1089	177399	7061238	1305912	104046219
1993	1164	1718	2432	177539	7068729	313068	15141026
1994	1104	1389	2880	177721	7078765	956991	68584849
1995	1021	1663	581	177820	7085238	192019	7852012
1996	11	1020	873	178023	7095755	1436823	118025484
1997	250	915	1120	178037	7096189	2898233	299960769
1998	1762	1948	4393	178057	7097189	208641	8842016
1999	959	1038	3372	178152	7104369	409613	21912845
2000	915	1084	1020	178355	7120343	390068	20397128
2001	435	860	714	178695	7141255	232538	10229678
2002	1679	1703	2824	178710	7142235	247790	11087426
2003	578	596	962	178741	7144232	445347	24559134
2004	257	651	239	178873	7152639	792182	52781263
2005	945	1493	1715	178989	7158375	196852	8113479
2006	527	642	633	179430	7176449	1160312	89068696
2007	536	929	842	179452	7177002	181320	7272107
2008	582	658	2010	179539	7179951	234144	10303106
2009	287	1414	1033	179655	7184375	628221	39074357
2010	711	1820	2211	179659	7184452	261357	11841300
2011	280	1359	1344	179811	7191058	381257	19701290
2012	1045	1791	3508	179903	7194792	2736440	278046839
2013	793	1509	2517	179914	7195622	783767	52061156
2014	664	775	1527	179918	7196384	228646	10023265
2015	314	645	427	180030	7203580	385030	20023776
2016	1061	1801	2965	180391	7223529	359098	18247700
2017	627	1187	1161	180503	7230244	228573	10019053
2018	155	1050	937	180725	7242233	1232679	96705530
2019	1084	1486	4850	180746	7243449	198896	8264871
2020	1097	1591	1575	181138	7264095	296284	14049661
2021	11	1538	1157	181253	7269551	1302459	103660147
2022	1850	2007	5488	181320	7272107	401616	21275544
2023	1202	1251	1233	181686	7298671	460202	25682071
2024	60	1034	362	181749	7302876	219655	9490929
2025	1293	1518	2293	181856	7307590	200894	8402895
2026	641	1920	3742	182099	7320745	270704	12392145
2027	1222	1872	3414	182239	7330039	197670	8170721
2028	1749	1793	5555	182390	7342110	2419389	236882541
2029	413	906	999	182567	7359631	818715	55296242
2030	1141	1804	605	182702	7370620	244893	10941282
2031	616	1639	2170	182780	7375920	242617	10797449
2032	1437	1625	3895	182978	7389693	920281	64864759
2033	224	1887	667	183202	7405413	185151	7501372
2034	307	1873	696	183328	7412768	236238	10414448
2035	622	1278	1549	183451	7418284	1172266	90527245
2036	99	1432	1470	183459	7418677	333299	16437650
2037	1304	1890	1815	183496	7420590	3035662	318875588
2038	362	1464	2598	183878	7440875	376996	19403512
2039	44	1205	1085	184260	7454201	760755	50097694
2040	733	746	1189	184371	7457803	210482	8975852
2041	1323	1562	1373	184488	7461722	199283	8294253
2042	398	743	2477	184493	7461919	1250247	98546166
2043	1320	1698	2599	184715	7471256	194620	7963978
2044	216	1666	4610	184761	7473482	197670	8170721
2045	1217	1596	2366	185058	7496162	257657	11664853
2046	668	2033	1739	185151	7501372	245698	10990746
2047	165	819	530	185210	7505709	217801	9372254
2048	963	1209	3027	185373	7514748	2146138	201335063
2049	1601	1722	5423	185819	7535569	190432	7770148
2050	1143	1455	2083	185910	7542996	358553	18213826
2051	1374	1461	2508	186139	7558920	458368	25552566
2052	186	935	993	186286	7567911	209392	8906210
2053	555	1281	3355	186387	7573596	188085	7659260
2054	334	936	610	186573	7585568	189605	7736994
2055	630	839	680	186605	7587410	1375785	111135955
2056	1070	1293	2030	186629	7588520	209392	8906210
2057	473	754	986	186675	7591473	0	0
2058	294	741	838	187028	7608570	204359	8607887
2059	1260	1638	2388	187062	7610100	273862	12620796
2060	1650	1836	2710	187320	7622950	216563	9293594
2061	880	1835	3029	187434	7628436	446554	24624637
2062	595	1318	1659	187573	7636676	360573	18359268
2063	502	993	1395	188061	7658367	272530	12509990
2064	463	2053	3849	188085	7659260	376049	19345888
2065	630	1874	2735	188187	7664291	202406	8474955
2066	1112	1221	3014	188246	7668672	293354	13871417
2067	357	405	1055	188273	7670640	757977	49836806
2068	1181	1593	1989	188655	7696385	2040534	189285491
2069	296	1507	940	188763	7703000	887308	61784802
2070	90	158	403	189003	7713999	236701	10445446
2071	352	1889	1561	189228	7722138	335696	16608424
2072	1540	1786	3546	189447	7729759	231791	10182151
2073	713	1101	576	189474	7730775	224259	9811220
2074	403	1061	1816	189558	7734732	396166	20882755
2075	872	1402	660	189593	7736547	969829	69939176
2076	1090	2054	891	189605	7736994	1252313	98701502
2077	562	1233	1825	189776	7745732	201411	8428564
2078	139	1559	934	190178	7761393	1132071	86121149
2079	1765	1804	1043	190199	7762070	437211	23925296
2080	14	491	403	190399	7769091	194501	7957393
2081	292	2049	5755	190432	7770148	327651	16019823
2082	1140	1286	1665	190645	7783756	358858	18228534
2083	180	1454	869	191002	7804795	1455925	120172029
2084	1889	2054	1927	191028	7805983	191800	7838591
2085	1534	1560	2831	191427	7822129	385872	20083620
2086	1771	2007	1814	191580	7827894	564035	34092291
2087	790	1027	2053	191670	7832495	227929	9997478
2088	1726	2084	3490	191800	7838591	255407	11539413
2089	1118	1549	1061	191834	7840670	310127	14927713
2090	519	1995	1023	192019	7852012	202764	8504293
2091	991	1856	1960	192449	7872391	625265	38892000
2092	226	1413	1335	192528	7874847	1030702	76001685
2093	114	1319	2791	192618	7879963	936124	66500823
2094	55	479	360	192827	7890356	193764	7922888
2095	625	1199	634	192914	7894402	276800	12800154
2096	181	1967	2383	193230	7904361	280656	13000896
2097	433	654	1976	193540	7915526	899516	63011327
2098	708	2094	1397	193764	7922888	244893	10941282
2099	492	628	930	193806	7924241	337540	16749662
2100	602	1959	1308	194026	7930857	259779	11770409
2101	51	1523	3672	194080	7932600	206798	8742836
2102	5	917	1153	194167	7937226	329591	16160386
2103	1254	1391	2391	194289	7944048	241266	10710681
2104	693	1913	1717	194298	7944661	476934	26937763
2105	1102	1626	1799	194384	7949615	677199	42903524
2106	1520	2080	1968	194501	7957393	216751	9305666
2107	1250	1420	868	194616	7963872	900341	63074119
2108	673	2043	2743	194620	7963978	0	0
2109	246	487	897	195007	7990750	256600	11614792
2110	1593	1949	5352	195033	7992316	383134	19833612
2111	1024	1273	2348	195080	7996633	319493	15540299
2112	1514	1744	3121	195425	8024166	475062	26797606
2113	642	805	3021	195710	8042918	383843	19923407
2114	676	1778	2180	195776	8046634	199706	8328628
2115	1309	1385	1242	195816	8049261	498468	28666966
2116	566	1047	836	195936	8058731	281590	13057559
2117	518	943	1366	196020	8065151	443097	24362032
2118	198	514	424	196236	8079119	0	0
2119	762	1525	3140	196309	8082138	396766	20926567
2120	1280	1448	2717	196504	8092254	1142213	87075721
2121	957	1380	3537	196581	8097714	503475	29069228
2122	41	547	113	196833	8112638	1030927	76019187
2123	1896	2005	1997	196852	8113479	369132	18878758
2124	163	391	403	196969	8121521	286756	13424475
2125	538	1236	4742	197068	8126159	348217	17492541
2126	1283	1596	1755	197090	8127616	327721	16027134
2127	1217	1665	1783	197232	8138280	319834	15567456
2128	1217	1707	2964	197232	8138280	312883	15124953
2129	1665	1707	1817	197232	8138280	256375	11601572
2130	1233	1812	2622	197562	8163463	573472	34816181
2131	2027	2044	8024	197670	8170721	220899	9561523
2132	1348	1661	3427	198145	8214588	439415	24081402
2133	230	1441	1651	198302	8226975	336059	16640922
2134	1362	1875	3719	198605	8248071	222546	9683109
2135	149	2019	4961	198896	8264871	374680	19242770
2136	358	1596	1241	199083	8279761	801898	53717938
2137	1396	1938	1287	199197	8288295	485335	27635052
2138	1949	2041	5309	199283	8294253	2975878	310868724
2139	849	1490	910	199471	8310346	562171	33953657
2140	202	1218	801	199518	8314618	204808	8630346
2141	124	1338	1454	199583	8319883	280207	12972890
2142	1392	2114	2670	199706	8328628	202550	8485377
2143	1435	1651	3800	199949	8344833	306271	14664526
2144	1554	1840	4025	200165	8357983	467599	26252382
2145	135	1735	488	200410	8377361	207901	8792254
2146	202	502	496	200822	8400158	889307	62060210
2147	1003	1210	998	200842	8400722	411690	22097197
2148	261	2025	2416	200894	8402895	260553	11799001
2149	902	1366	2457	200939	8405389	232249	10211945
2150	542	1192	752	201254	8422819	213597	9158990
2151	1900	2077	2821	201411	8428564	294236	13926404
2152	131	1197	2028	201433	8429786	382041	19746171
2153	565	1398	599	201636	8440898	454444	25259831
2154	835	1272	1306	201841	8449984	271259	12420097
2155	627	2027	4042	201967	8454904	268064	12238131
2156	39	1377	890	202172	8465090	218914	9443407
2157	2027	2065	6149	202406	8474955	282033	13091647
2158	1401	1822	2323	202484	8480465	248700	11126550
2159	1524	2142	4124	202550	8485377	463507	25928268
2160	1312	2090	1361	202764	8504293	0	0
2161	539	1781	2863	203111	8528434	238392	10536390
2162	163	1846	768	203201	8535594	266310	12116998
2163	1843	1978	2341	203207	8536019	240131	10645658
2164	939	1795	1258	203329	8544421	725053	47022935
2165	1288	1437	3368	203350	8546525	292402	13816232
2166	42	1166	889	203444	8553827	380227	19636953
2167	449	1104	2627	203822	8580292	753963	49449670
2168	369	1857	675	204039	8592512	349669	17620581
2169	621	770	1971	204134	8596761	1698918	147958791
2170	1716	2007	1458	204227	8600866	861182	59093877
2171	1560	2058	1873	204359	8607887	223176	9741254
2172	441	1078	1720	204546	8616950	249968	11221287
2173	1616	1869	1757	204557	8617403	240955	10696427
2174	103	1948	452	204685	8623894	346288	17358147
2175	978	1802	4963	204743	8626653	444165	24446378
2176	1844	2140	1969	204808	8630346	494183	28341775
2177	1079	1119	1465	204826	8632411	498806	28704561
2178	1059	1281	2873	204920	8639062	344835	17279801
2179	30	511	918	204996	8644524	483682	27499029
2180	943	1102	1978	205057	8649957	211539	9038260
2181	544	963	1165	205507	8678412	371842	19031858
2182	1077	1464	3171	205527	8679451	511535	29762663
2183	608	1896	1181	205589	8683428	348083	17476885
2184	1729	1888	3044	205870	8698959	214796	9197079
2185	1341	1889	3450	206034	8708520	235685	10382762
2186	949	1745	2106	206559	8734371	2097807	195436431
2187	623	1125	806	206695	8739638	407483	21741543
2188	246	563	572	206742	8740951	611985	37927932
2189	1059	2101	4219	206798	8742836	220835	9557376
2190	409	1128	855	206958	8752184	281401	13046820
2191	546	581	907	207160	8762669	720790	46596486
2192	301	957	1253	207346	8769850	535668	31660702
2193	22	1338	1393	207364	8770289	364865	18640488
2194	89	637	721	207474	8774985	300520	14305565
2195	117	471	617	207573	8778478	281484	13051144
2196	533	1907	2638	207711	8783010	454658	25275439
2197	1385	1583	2900	207887	8791417	473990	26730678
2198	1485	2145	2360	207901	8792254	318556	15490781
2199	1194	1809	2454	208176	8809155	676915	42867456
2200	1418	1594	3361	208284	8816339	231422	10159517
2201	631	1759	2948	208531	8834291	668142	42089966
2202	120	1998	4437	208641	8842016	305690	14623897
2203	538	680	1492	208762	8851903	652574	40951834
2204	90	1685	4642	208936	8866697	297254	14108386
2205	371	792	989	209136	8888183	537888	31909873
2206	2052	2056	3023	209392	8906210	251760	11334527
2207	959	960	3350	209498	8913859	286030	13376704
2208	200	321	737	209539	8917607	310764	14967904
2209	489	1179	1654	209904	8943676	215809	9244748
2210	989	1939	2459	210214	8959741	1774214	156424523
2211	1417	1799	5274	210391	8968971	715230	46143519
2212	1463	2040	3252	210482	8975852	825756	55909662
2213	158	1441	1915	210679	8988150	325279	15859444
2214	76	1951	2771	210855	9000226	243691	10863913
2215	1804	2180	2329	211539	9038260	224289	9813006
2216	677	925	754	211651	9043290	516057	30113841
2217	711	719	948	211680	9044311	563490	34056719
2218	61	1728	615	211809	9049525	1707647	148889327
2219	74	1004	1264	211844	9050822	225969	9891552
2220	1628	1851	3684	211949	9054842	0	0
2221	754	1666	5218	212171	9068711	404374	21547962
2222	44	1761	1459	212366	9082616	430117	23398890
2223	419	865	1466	212416	9085994	636407	39758045
2224	816	1090	1237	212437	9087637	262651	11906525
2225	612	1453	657	212519	9094018	306972	14714147
2226	1507	1881	5479	212598	9098233	288080	13493325
2227	24	1624	1715	212972	9128428	340615	16939767
2228	696	727	341	213494	9154794	309340	14858994
2229	385	2150	845	213597	9158990	1098225	82914902
2230	566	1722	861	213605	9159218	702429	44983967
2231	506	1703	2348	213644	9160598	997638	72854638
2232	749	2058	1663	213733	9164445	287146	13441731
2233	458	857	735	213928	9173119	214290	9183819
2234	1605	2233	1267	214290	9183819	694008	44364440
2235	48	1043	734	214402	9187188	255180	11528457
2236	257	535	777	214529	9190728	509149	29591834
2237	283	543	373	214642	9193660	279175	12921328
2238	1652	2184	7906	214796	9197079	217551	9350718
2239	1190	1777	1624	215177	9221207	240131	10645658
2240	1833	2209	2224	215809	9244748	233536	10271005
2241	306	1876	4500	215843	9245880	266756	12141138
2242	485	2150	1415	215921	9251109	1707452	148867339
2243	600	749	1969	215923	9251116	358278	18203375
2244	116	1369	511	216077	9261913	223934	9789146
2245	1477	1812	4325	216106	9263149	496507	28471282
2246	318	1683	930	216281	9275248	541200	32236522
2247	856	1166	1525	216507	9290588	253676	11445877
2248	1101	2060	3212	216563	9293594	1017436	74777350
2249	214	685	467	216636	9297775	380388	19648445
2250	658	2106	3075	216751	9305666	298830	14204221
2251	670	1517	1586	217068	9327346	1239620	97389567
2252	162	2056	2142	217145	9331877	683223	43459464
2253	17	1621	1043	217254	9337621	0	0
2254	514	2238	8165	217551	9350718	425186	23002768
2255	804	2047	876	217801	9372254	316568	15373018
2256	84	850	514	217820	9373648	1507118	126393174
2257	258	504	544	218137	9392461	2575214	256406472
2258	942	1345	1487	218296	9400594	284473	13289434
2259	657	1447	2625	218346	9403289	304437	14547077
2260	755	942	1552	218490	9412033	220016	9512939
2261	321	1783	8875	218696	9421579	564594	34125465
2262	1007	2156	1359	218914	9443407	220835	9557376
2263	645	1801	1603	219130	9460714	381670	19722135
2264	203	582	1020	219393	9477107	482102	27370923
2265	888	1974	1895	219487	9482191	237474	10482846
2266	381	1788	1711	219621	9489455	1202315	93699970
2267	1413	2024	1476	219655	9490929	238794	10570806
2268	866	964	4435	219905	9505157	1416154	115529419
2269	1596	2260	2453	220016	9512939	353353	17861318
2270	1080	1182	2253	220131	9521038	3985407	454366907
2271	107	450	473	220366	9534633	239716	10621603
2272	102	896	526	220612	9548297	396166	20882755
2273	398	667	460	220636	9549333	1084339	81514429
2274	2189	2262	5578	220835	9557376	769166	50752450
2275	125	2131	8106	220899	9561523	288704	13541385
2276	399	1221	1962	221470	9614195	433935	23681132
2277	133	688	351	221699	9628854	282709	13174163
2278	323	1834	3054	222053	9643216	454839	25288503
2279	920	1783	8903	222107	9645432	309205	14843163
2280	582	1443	1454	222112	9645640	237706	10494458
2281	859	1828	2857	222334	9666053	419096	22553923
2282	758	2134	5985	222546	9683109	403420	21447102
2283	447	1905	5189	222746	9701875	3924407	445887576
2284	239	2171	2204	223176	9741254	0	0
2285	16	381	248	223469	9759667	228259	10008629
2286	1006	1784	929	223573	9764869	254541	11490841
2287	29	972	567	223617	9767983	251525	11322395
2288	765	1567	4925	223647	9769038	531460	31355414
2289	1122	1849	2676	223666	9770375	353767	17902410
2290	575	1414	1531	223881	9786266	4254449	496015163
2291	1120	1242	1852	223930	9789018	460727	25713643
2292	578	2244	1246	223934	9789146	2534435	251219059
2293	1035	2106	3462	224150	9803282	276110	12762854
2294	1157	2073	2873	224259	9811220	395155	20790768
2295	1864	2215	3212	224289	9813006	271104	12409102
2296	822	1026	1103	224315	9815477	307265	14731714
2297	433	790	2188	224436	9823921	293001	13853416
2298	353	449	607	224713	9843376	594230	36461808
2299	70	106	143	225151	9863911	279923	12956258
2300	908	1176	964	225181	9865142	385169	20031861
2301	268	862	570	225333	9871390	248144	11101796
2302	209	1444	1339	225375	9872797	419286	22563587
2303	343	1383	1455	225573	9879364	247790	11087426
2304	1845	1981	983	225728	9884524	364324	18581873
2305	7	164	85	225935	9890664	242940	10820293
2306	1432	2219	2648	225969	9891552	959890	68947261
2307	849	1368	693	226020	9893264	298564	14192826
2308	273	1459	996	226048	9894254	348832	17554553
2309	234	1421	404	226254	9900775	317840	15453308
2310	79	810	978	226271	9901454	620929	38513967
2311	1664	1831	4997	226338	9903568	268965	12301554
2312	1059	1845	674	226525	9914222	288069	13492798
2313	772	1630	3811	226626	9919296	340595	16937082
2314	127	2056	2147	226636	9919742	505879	29281947
2315	295	583	508	226711	9925320	315205	15276940
2316	377	1436	3742	226734	9927709	244448	10903345
2317	700	1021	1408	226793	9932749	619276	38412016
2318	873	1024	1677	227158	9960301	242393	10781956
2319	375	1200	752	227283	9968027	507201	29404097
2320	681	856	1440	227463	9978402	239279	10601586
2321	1297	2087	2521	227929	9997478	731421	47611886
2322	1001	2285	973	228259	10008629	635028	39679525
2323	481	1321	1752	228458	10014753	358093	18197634
2324	1484	1915	3324	228533	10017279	324644	15817137
2325	104	241	224	228565	10018641	843376	57408827
2326	1383	2017	2470	228573	10019053	282335	13127496
2327	18	2014	1546	228646	10023265	723945	46916714
2328	369	1943	1721	228910	10036884	492379	28198844
2329	1173	1241	4385	228976	10039942	488066	27862458
2330	85	1864	964	229203	10053509	821550	55605794
2331	266	1741	1628	229779	10077710	239951	10634341
2332	1753	1789	2049	229959	10083855	0	0
2333	390	1282	2219	230085	10089566	953010	68149041
2334	1600	1955	6455	230341	10098811	2310763	222669780
2335	859	1745	2033	230664	10118926	262353	11894805
2336	1032	1123	3323	230720	10122089	1221461	95585732
2337	802	933	944	230848	10130890	269741	12350464
2338	1395	1662	3611	231143	10145653	348829	17554342
2339	118	1270	1321	231280	10152111	317041	15403216
2340	1395	2200	4474	231422	10159517	340474	16926608
2341	1200	2072	4018	231791	10182151	293832	13897080
2342	1326	1825	2014	231853	10186715	576054	35049659
2343	616	1118	1060	232049	10200349	633228	39518126
2344	878	930	739	232135	10205997	341513	17033129
2345	1425	2149	2986	232249	10211945	383583	19891851
2346	185	1143	725	232405	10221640	392725	20642634
2347	668	2001	1786	232538	10229678	442789	24335563
2348	280	1716	736	232613	10234374	372081	19044835
2349	578	867	1082	232898	10248027	1541558	130080799
2350	171	1140	1184	233072	10254809	506692	29355829
2351	555	730	1419	233175	10258251	1214742	94739435
2352	331	1716	806	233425	10267805	314265	15219465
2353	1190	1202	1274	233469	10268790	602860	37175922
2354	186	553	387	233483	10269313	563237	34042503
2355	1291	2240	2632	233536	10271005	311239	14997250
2356	537	1281	2749	233568	10272776	1061036	79035681
2357	613	1191	2159	233685	10279530	253067	11408196
2358	61	1418	449	233722	10281709	298592	14193868
2359	973	1592	1051	233751	10283273	264017	11990301
2360	367	1057	1724	233987	10295206	0	0
2361	1040	1711	3217	234038	10297101	238289	10531014
2362	1423	2008	5872	234144	10303106	297505	14126639
2363	767	1747	2690	234296	10313998	1499251	125572290
2364	645	1383	1584	234722	10339159	305127	14587326
2365	1447	2065	4245	234997	10352566	373970	19174500
2366	1367	1854	3909	235508	10375017	299224	14231579
2367	877	2185	3708	235685	10382762	531373	31348918
2368	205	1709	1919	236052	10402053	580111	35325122
2369	20	1643	1112	236121	10406755	292286	13808703
2370	513	1058	725	236139	10407561	324473	15806194
2371	1450	1931	2323	236145	10407952	444557	24487291
2372	892	2034	2897	236238	10414448	322873	15713469
2373	114	1509	2233	236348	10422023	1197883	93210771
2374	1776	2070	753	236701	10445446	439873	24120258
2375	810	2025	3190	236728	10446943	237323	10475312
2376	488	583	729	236801	10450967	246837	11048424
2377	380	472	1111	237008	10461975	599609	36862550
2378	169	2375	3309	237323	10475312	388124	20241878
2379	1161	2265	2453	237474	10482846	1720144	150175047
2380	1657	2280	2907	237706	10494458	1318062	105275115
2381	944	1762	5386	237790	10499628	977223	70695031
2382	139	2361	3363	238289	10531014	1555180	131583457
2383	1153	2161	4528	238392	10536390	936812	66582370
2384	1228	1290	3651	238496	10544655	1432177	117419862
2385	1027	1186	918	238683	10561813	285523	13353564
2386	454	2267	1551	238794	10570806	0	0
2387	1915	2320	2352	239279	10601586	448196	24787123
2388	1420	1552	1315	239495	10612285	258580	11712717
2389	368	1395	1925	239567	10615239	1916094	174528178
2390	1264	2271	2320	239716	10621603	249215	11167872
2391	677	1265	459	239860	10629930	645156	40393564
2392	559	1656	621	239868	10630244	262908	11920487
2393	1138	1801	2164	239949	10634226	512741	29855168
2394	1306	2331	2142	239951	10634341	242617	10797449
2395	281	1264	2229	240111	10644861	472786	26634650
2396	2163	2239	3965	240131	10645658	287735	13471435
2397	408	1985	2267	240391	10665117	280839	13012378
2398	918	1413	1915	240940	10695752	453280	25176691
2399	248	2173	1908	240955	10696427	323207	15736159
2400	361	840	762	241105	10703745	326793	15962746
2401	96	2103	2432	241266	10710681	1668704	144903699
2402	922	1130	1007	241308	10713081	282005	13090496
2403	1187	1975	2365	241441	10720778	419286	22563587
2404	250	1268	2266	241548	10728354	0	0
2405	580	668	1526	241555	10728712	323384	15747563
2406	881	1682	859	241606	10732241	284157	13269087
2407	122	1874	2652	241622	10733347	246327	11017774
2408	1101	1518	1666	242006	10756457	496577	28476976
2409	523	1681	2803	242008	10756702	485669	27649995
2410	207	905	866	242029	10757991	399311	21104698
2411	952	1690	3091	242134	10764659	906252	63530047
2412	284	375	448	242342	10779226	607635	37576814
2413	1182	2318	2957	242393	10781956	1419384	115872947
2414	2031	2394	4312	242617	10797449	3371226	365803277
2415	219	1099	3089	242758	10806780	279945	12956786
2416	1635	2305	919	242940	10820293	324330	15799561
2417	351	1098	470	242996	10824056	0	0
2418	930	1505	4499	243087	10829945	1893667	172116590
2419	1168	2214	4169	243691	10863913	389204	20319713
2420	248	1261	1219	243967	10878505	1063999	79257015
2421	1391	2145	1768	244096	10884131	1250372	98553243
2422	56	1268	1899	244239	10889879	453280	25176691
2423	1689	1829	3101	244245	10890036	329419	16148986
2424	1453	2163	2609	244313	10894434	283197	13215417
2425	1030	1814	2563	244440	10902788	893977	62514219
2426	909	2316	4982	244448	10903345	364474	18594193
2427	378	900	276	244561	10914825	276110	12762854
2428	803	1448	2506	244632	10920634	296284	14049661
2429	2030	2098	2002	244893	10941282	1928966	176002032
2430	824	1224	3359	245152	10960005	433723	23661276
2431	127	1307	1583	245393	10975095	258961	11727918
2432	596	2046	1966	245698	10990746	286030	13376704
2433	463	1884	1021	245908	11000218	373703	19144311
2434	888	1845	1340	245914	11000305	574175	34881225
2435	429	680	1464	245974	11003280	912922	64148479
2436	150	1180	544	246145	11011295	318556	15490781
2437	482	1222	1767	246270	11015515	619276	38412016
2438	1390	2407	3146	246327	11017774	403194	21432091
2439	518	976	891	246346	11018833	511784	29780022
2440	880	1244	2141	246454	11025933	482383	27393165
2441	1298	1373	5882	246650	11035500	282140	13103551
2442	39	2376	753	246837	11048424	341918	17059564
2443	112	1559	916	247499	11078520	260553	11799001
2444	2002	2303	4279	247790	11087426	4392544	517173852
2445	667	2301	982	248144	11101796	366027	18723166
2446	950	1903	2967	248213	11104072	691498	44158214
2447	315	1662	2810	248300	11107844	638814	39918944
2448	845	1916	713	248347	11110406	562927	34020993
2449	1265	1358	533	248697	11126503	552744	33200064
2450	1415	2158	3837	248700	11126550	0	0
2451	783	887	2621	248730	11128158	258805	11720214
2452	1240	1545	5770	248763	11130228	263334	11940944
2453	392	2390	2951	249215	11167872	356318	18098631
2454	627	1949	4564	249266	11171843	255407	11539413
2455	913	1051	2167	249633	11201629	261401	11844964
2456	182	1282	1787	249744	11207981	249968	11221287
2457	2172	2456	3507	249968	11221287	904123	63340528
2458	582	999	1625	250084	11229808	1548467	130971428
2459	936	2215	2756	250224	11237212	548209	32832522
2460	1328	1492	4472	250350	11244795	450749	24973353
2461	6	1847	3810	250708	11273032	265884	12084555
2462	885	1722	893	250895	11285962	463570	25936744
2463	915	1065	1955	250954	11289928	272792	12530384
2464	304	687	448	251069	11296379	429944	23390526
2465	991	1942	2247	251135	11300510	272433	12501670
2466	1807	2287	1763	251525	11322395	392019	20570074
2467	79	1366	1764	251606	11326697	1288539	102257480
2468	1033	1563	3077	251757	11334480	0	0
2469	1968	2206	3430	251760	11334527	304870	14568619
2470	838	1964	1842	251901	11345011	1247035	98250641
2471	149	1753	997	252090	11357664	453413	25185146
2472	796	1094	1811	252125	11360180	574744	34928614
2473	553	1774	1409	252230	11365790	336287	16662386
2474	1349	1853	2647	252548	11382316	314229	15217137
2475	138	463	597	252814	11396881	335111	16568956
2476	702	1547	899	252908	11401132	325006	15843529
2477	423	762	1735	252994	11404575	881057	60986252
2478	685	2357	2485	253067	11408196	764416	50359697
2479	981	1467	2319	253090	11409514	501594	28903362
2480	32	162	144	253138	11414281	427724	23247506
2481	310	1656	448	253345	11427057	387249	20194423
2482	410	1849	1392	253392	11429454	403418	21446966
2483	606	1798	1874	253447	11432699	283893	13254779
2484	220	2407	2744	253625	11442456	869260	59946539
2485	71	2247	1605	253676	11445877	281807	13076658
2486	1021	2287	709	253938	11461485	451356	25034713
2487	808	2280	1642	254114	11470112	314390	15228293
2488	1261	1702	3630	254339	11479826	549938	32993811
2489	1794	2286	2702	254541	11490841	1603166	136957220
2490	826	1466	2603	254587	11494066	695676	44481624
2491	967	1329	1663	254831	11509799	632221	39422140
2492	47	1326	1273	254911	11514745	371100	18999247
2493	658	2235	1841	255180	11528457	309205	14843163
2494	584	672	1290	255292	11533692	346814	17388626
2495	2088	2454	8054	255407	11539413	559863	33727377
2496	1176	1342	800	255527	11549964	280839	13012378
2497	556	2215	3198	255977	11581242	536593	31761443
2498	463	1366	2177	256189	11592698	487208	27791990
2499	1123	2129	4612	256375	11601572	1146547	87629637
2500	2	777	459	256449	11606203	935080	66377594
2501	151	957	1011	256465	11607135	286989	13434617
2502	934	2109	1079	256600	11614792	1154209	88400090
2503	156	1228	418	256883	11631138	1301993	103615153
2504	732	1417	1285	256998	11636191	385483	20054202
2505	842	1417	3044	256998	11636191	368353	18841881
2506	229	1897	1223	257217	11647517	438265	24007367
2507	1337	2045	3603	257657	11664853	443770	24413904
2508	1289	2080	1757	257685	11666055	851751	58103070
2509	1737	1810	3123	257758	11669610	1162672	89317937
2510	554	1004	1448	257914	11680128	378202	19474556
2511	912	2025	2593	258015	11685682	463148	25893102
2512	595	2388	2090	258580	11712717	310635	14959808
2513	1566	2451	5282	258805	11720214	0	0
2514	1825	2431	2345	258961	11727918	0	0
2515	929	2049	5536	259422	11749924	267583	12197173
2516	1462	2100	1828	259779	11770409	1255868	99063894
2517	609	1957	3276	260239	11787610	354707	17985935
2518	2148	2443	3332	260553	11799001	1057811	78693641
2519	1214	2171	5421	260744	11808429	354914	18004064
2520	497	550	1146	260779	11811479	1523294	128110122
2521	513	1001	999	261017	11825601	849864	57982589
2522	1080	1774	2159	261321	11840321	3218700	344534716
2523	1836	2010	3039	261357	11841300	453056	25164469
2524	1738	2455	4598	261401	11844964	281590	13057559
2525	534	1816	1459	261526	11854496	436710	23891877
2526	310	510	278	261917	11879236	755620	49603625
2527	233	1091	433	262165	11888469	368365	18842303
2528	1896	2335	2315	262353	11894805	676867	42862761
2529	439	1254	2166	262492	11899924	0	0
2530	41	1402	541	262514	11900765	410594	21981556
2531	1000	2040	2438	262597	11903982	269334	12327141
2532	986	2224	2457	262651	11906525	1628689	140312077
2533	936	1065	1681	262888	11919267	331083	16271896
2534	1795	2392	1087	262908	11920487	517170	30190196
2535	441	1225	2264	263085	11929079	305261	14596419
2536	1880	2452	9258	263334	11940944	469307	26359139
2537	1353	1682	1280	263483	11955029	1363688	109944542
2538	973	2359	1870	264017	11990301	2807081	287727736
2539	291	1530	1746	264032	11991030	704958	45221162
2540	874	896	565	264466	12011640	321149	15645973
2541	1378	1881	6504	264524	12013410	921197	64953676
2542	16	88	122	264569	12015832	441707	24240631
2543	969	1269	1402	264609	12018191	441377	24224583
2544	427	1319	2939	265045	12039374	909407	63865018
2545	1780	2200	5976	265143	12043639	273301	12563433
2546	1373	1690	1421	265286	12053021	271065	12407498
2547	454	1484	2487	265749	12076720	307109	14721768
2548	607	2163	2685	265771	12077300	2346702	227325227
2549	677	2461	4088	265884	12084555	1193978	92760687
2550	971	1558	3047	265968	12090985	315760	15319741
2551	633	1471	2683	266103	12102448	690157	44032038
2552	31	2162	781	266310	12116998	274282	12654526
2553	416	1663	642	266485	12128272	553783	33257084
2554	1937	2241	6083	266756	12141138	274835	12686245
2555	693	2044	4827	266937	12152094	372719	19078173
2556	444	969	1149	266946	12152985	1387238	112373729
2557	1394	1409	1618	267366	12184217	418744	22543327
2558	1023	1213	1556	267394	12185998	366437	18746119
2559	1408	2515	7220	267583	12197173	354344	17949148
2560	230	1254	1204	267757	12212825	288080	13493325
2561	189	1761	1462	267946	12230125	450260	24944707
2562	1446	2155	4460	268064	12238131	312134	15067591
2563	193	1062	1433	268454	12269176	503046	29030386
2564	1662	1888	3677	268546	12275124	554385	33284942
2565	487	545	901	268631	12282101	317435	15427471
2566	276	1603	742	268899	12298302	317748	15447446
2567	290	2311	5424	268965	12301554	271259	12420097
2568	283	2531	2627	269334	12327141	276800	12800154
2569	1203	2150	2146	269582	12341738	2897119	299780136
2570	1629	2337	1244	269741	12350464	282709	13174163
2571	784	1319	3145	269975	12362089	421157	22683630
2572	980	1142	509	270041	12365135	391215	20496670
2573	1175	1749	2132	270171	12371551	315599	15306071
2574	266	2026	4072	270704	12392145	819139	55353365
2575	1532	2546	2949	271065	12407498	1023725	75299956
2576	1352	2295	3722	271104	12409102	678270	43000288
2577	2154	2567	6730	271259	12420097	319537	15542372
2578	242	1047	539	271697	12454041	298390	14185891
2579	330	1217	1808	271766	12458079	4376280	515041225
2580	724	1214	3674	271949	12468692	419941	22597138
2581	865	1289	2460	272239	12486701	3341847	361119588
2582	1156	1279	5256	272273	12488355	432918	23586094
2583	296	2465	2486	272433	12501670	427922	23266937
2584	22	1183	1352	272477	12504875	849461	57941607
2585	476	2063	2026	272530	12509990	569287	34485273
2586	687	2463	2158	272792	12530384	292159	13802635
2587	448	715	884	273236	12559020	1234030	96812186
2588	1622	1961	4569	273262	12560402	3999286	456518726
2589	960	2545	6623	273301	12563433	278684	12887212
2590	1458	1505	5534	273534	12588767	290707	13701037
2591	1598	2059	3642	273862	12620796	373323	19118367
2592	435	708	1548	273873	12622069	391369	20507563
2593	255	2552	840	274282	12654526	352107	17773502
2594	73	1877	2572	274567	12671348	530049	31268223
2595	669	2554	7103	274835	12686245	1851125	166440422
2596	629	790	2121	275351	12724331	865519	59533046
2597	290	1021	569	275568	12735646	1509843	126668930
2598	322	1631	1210	275601	12737612	502789	29008428
2599	319	2058	965	275866	12749108	837672	56900266
2600	1583	1677	3416	275869	12749139	637636	39832624
2601	592	1355	1762	275902	12750754	337540	16749662
2602	58	949	1295	275916	12751378	506595	29347722
2603	2293	2427	3738	276110	12762854	582616	35555233
2604	1308	1637	2181	276677	12794506	410511	21973508
2605	2095	2568	3261	276800	12800154	289761	13636529
2606	1596	2455	3068	276818	12800945	498468	28666966
2607	512	1700	2095	276963	12810045	524111	30795387
2608	347	1345	938	277375	12833274	303730	14503018
2609	170	944	1563	277515	12838297	439365	24077756
2610	498	1681	2648	277739	12846972	949917	67862468
2611	1711	1874	4422	277779	12848851	358824	18225445
2612	251	1967	2303	278378	12875783	370253	18949568
2613	286	365	623	278559	12882208	0	0
2614	54	1509	2217	278565	12882393	308629	14818029
2615	963	1493	1483	278590	12883414	2857744	294629874
2616	1260	2589	7636	278684	12887212	1516100	127269067
2617	1063	1697	1422	278876	12901422	969074	69870777
2618	129	412	477	279127	12919151	2013009	185992933
2619	124	2237	463	279175	12921328	314703	15249497
2620	157	300	174	279241	12925029	321764	15674204
2621	1474	1988	2410	279521	12938524	3365927	365096709
2622	799	1952	858	279726	12947918	355974	18080907
2623	299	2299	415	279923	12956258	1671314	145132809
2624	858	2415	4442	279945	12956786	325911	15899887
2625	1290	1421	3630	280136	12968416	497727	28568138
2626	348	2141	1514	280207	12972890	1044717	77446768
2627	771	1612	2198	280370	12982462	470871	26499616
2628	417	754	922	280414	12984799	1194055	92766707
2629	1672	2096	2574	280656	13000896	306271	14664526
2630	2397	2496	3067	280839	13012378	1809287	160813658
2631	1664	1926	3301	280925	13016619	1045906	77518706
2632	243	525	533	280971	13019909	335850	16621696
2633	263	2190	1063	281401	13046820	2410082	235746725
2634	819	2195	865	281484	13051144	378276	19479273
2635	1460	2155	4240	281489	13051301	1600536	136575362
2636	2116	2524	5434	281590	13057559	407796	21762489
2637	2173	2485	3362	281807	13076658	893818	62495605
2638	619	2402	1281	282005	13090496	567966	34347973
2639	93	2157	6219	282033	13091647	465398	26108854
2640	323	2441	6218	282140	13103551	455735	25357292
2641	2154	2326	3776	282335	13127496	495519	28421482
2642	657	2415	4204	282447	13141150	288584	13532035
2643	2277	2570	1595	282709	13174163	284239	13273453
2644	1265	2305	266	282729	13177096	0	0
2645	1368	2424	2698	283197	13215417	1236913	97057639
2646	250	1584	1676	283658	13243814	0	0
2647	344	575	1001	283813	13251180	356387	18103612
2648	848	2483	2098	283893	13254779	300385	14299367
2649	706	2095	1235	283917	13256453	308321	14801155
2650	1116	2406	3217	284157	13269087	303573	14491968
2651	764	1923	1738	284219	13272429	747620	48934880
2652	860	2643	1798	284239	13273453	0	0
2653	804	2258	1833	284473	13289434	448340	24799854
2654	1180	2567	5656	284504	13291147	646273	40489003
2655	1644	1861	2323	284930	13321259	891534	62295222
2656	1869	2052	1723	285039	13327891	1578928	134044351
2657	296	1898	1261	285356	13344175	340126	16901865
2658	1518	2385	2082	285523	13353564	334943	16556643
2659	242	1787	920	285792	13366089	293985	13907277
2660	985	1382	2636	285900	13370798	619724	38442502
2661	2207	2432	5316	286030	13376704	530101	31271663
2662	552	1862	3764	286364	13399882	339591	16863585
2663	296	2124	642	286756	13424475	1482588	123497311
2664	844	2501	2136	286989	13434617	304870	14568619
2665	1424	2232	2534	287146	13441731	356364	18101382
2666	286	1686	2709	287415	13455316	383103	19829145
2667	701	1596	1148	287588	13464127	1258661	99322547
2668	12	2171	1884	287622	13465565	310127	14927713
2669	688	2396	4292	287735	13471435	291176	13737472
2670	2299	2312	817	288069	13492798	366667	18759918
2671	2226	2560	6683	288080	13493325	364474	18594193
2672	1411	2642	5150	288584	13532035	290129	13662179
2673	241	1544	2358	288662	13537677	656377	41260716
2674	2275	2643	9701	288704	13541385	302540	14420344
2675	6	2019	4855	289331	13608157	301746	14368796
2676	1302	2605	4211	289761	13636529	298870	14206007
2677	1542	1952	1433	290071	13659354	641324	40112012
2678	2443	2672	6066	290129	13662179	470871	26499616
2679	1811	2590	7478	290707	13701037	352019	17764592
2680	272	1469	3089	291073	13731205	502662	28995446
2681	257	1127	513	291119	13734332	1901189	172998157
2682	23	2669	4297	291176	13737472	1293327	102737712
2683	869	1337	1548	291507	13764515	358553	18213826
2684	897	1107	1752	291528	13766669	686613	43748989
2685	131	1092	1363	292063	13796630	335893	16625030
2686	260	2586	2309	292159	13802635	744382	48662350
2687	668	965	2050	292266	13808057	378580	19505118
2688	53	2369	1142	292286	13808703	362567	18487583
2689	1629	2165	3668	292402	13816232	441892	24257235
2690	635	776	1960	292786	13841846	801745	53705932
2691	1510	1938	1618	292815	13842930	982255	71204990
2692	1531	2297	2536	293001	13853416	326524	15944758
2693	857	1234	642	293143	13861155	0	0
2694	1798	2066	4505	293354	13871417	446751	24638816
2695	1915	2341	4930	293832	13897080	295378	13998032
2696	1171	1686	4308	293894	13901035	410560	21977689
2697	636	1551	656	293920	13903047	349780	17633605
2698	1829	2659	3386	293985	13907277	1381997	111768818
2699	1869	1991	2024	294033	13910320	768521	50700278
2700	1995	2151	3402	294236	13926404	439365	24077756
2701	453	1878	2049	294696	13959058	350311	17679453
2702	102	1713	1113	294887	13971264	449462	24901412
2703	1266	1889	5213	295015	13977993	378863	19533939
2704	173	277	342	295310	13995595	297505	14126639
2705	70	2695	5007	295378	13998032	378240	19476609
2706	889	1150	1332	295411	14000242	550671	33055461
2707	607	767	494	295727	14023013	965358	69566364
2708	605	1441	2691	296060	14039018	343276	17161454
2709	157	1882	679	296218	14046360	2293501	219945331
2710	537	992	1323	296242	14047423	396649	20917440
2711	2020	2428	4081	296284	14049661	399008	21082518
2712	524	1423	4102	296314	14051217	644828	40365407
2713	297	1239	1044	296593	14071996	430264	23406340
2714	624	1079	870	296678	14076873	318379	15478190
2715	574	1575	2028	296970	14093775	333749	16470194
2716	243	2224	1336	297104	14101299	414066	22261923
2717	387	974	1110	297211	14106205	936594	66558721
2718	1064	2204	4899	297254	14108386	614431	38078180
2719	2362	2704	6214	297505	14126639	339591	16863585
2720	5	429	330	298056	14170697	391541	20523456
2721	302	2578	680	298390	14185891	3106395	329225146
2722	1617	2307	2369	298564	14192826	0	0
2723	1830	2358	580	298592	14193868	1432106	117414993
2724	1158	2250	6020	298830	14204221	671278	42354048
2725	1015	2676	4403	298870	14206007	374297	19207635
2726	405	2366	4608	299224	14231579	572449	34734264
2727	5	403	183	299389	14246519	771457	50990903
2728	613	717	786	299407	14247838	364865	18640488
2729	67	2043	2627	299799	14272833	338020	16781271
2730	79	794	830	300270	14295138	519100	30383573
2731	701	796	496	300340	14297749	364970	18651792
2732	1144	2648	2712	300385	14299367	631274	39315759
2733	524	822	585	300437	14301746	319834	15567456
2734	200	2194	964	300520	14305565	656340	41258647
2735	4	1929	1686	300658	14311685	337096	16724088
2736	1070	1719	1834	300811	14319634	322146	15687491
2737	469	812	1316	300920	14325156	397178	20959541
2738	802	1707	1674	300959	14326969	399380	21111388
2739	152	1090	419	301119	14333973	465881	26143605
2740	789	1658	4242	301143	14335099	881397	61017943
2741	567	1340	668	301370	14349710	330703	16248885
2742	2005	2031	3885	301644	14363938	456138	25389223
2743	546	2675	5504	301746	14368796	2967527	309821107
2744	1591	1830	1501	301796	14372491	1397444	113395949
2745	7	1338	1373	302222	14402956	325279	15859444
2746	842	910	2163	302480	14416889	531421	31352265
2747	808	2674	9889	302540	14420344	353353	17861318
2748	660	944	1905	303475	14487339	615700	38169156
2749	2043	2650	5816	303573	14491968	1856907	167175165
2750	1044	1839	3430	303728	14502999	647983	40603950
2751	395	2608	1578	303730	14503018	330466	16230979
2752	791	1639	2538	303918	14517260	422570	22799367
2753	808	2259	2813	304437	14547077	0	0
2754	1300	1882	1617	304632	14557318	331083	16271896
2755	2469	2664	5566	304870	14568619	583828	35642028
2756	692	2041	2364	304885	14569372	680932	43252025
2757	1755	2219	2336	305071	14583661	647281	40561147
2758	272	2364	1827	305127	14587326	913551	64197747
2759	989	2535	2497	305261	14596419	798439	53407947
2760	959	2202	7140	305690	14623897	463507	25928268
2761	544	819	624	306231	14662506	488779	27916815
2762	2143	2629	6374	306271	14664526	1304946	103948407
2763	1218	2259	3324	306393	14671863	544334	32491080
2764	612	1039	857	306465	14677650	1970446	181218101
2765	1006	1911	993	306941	14712088	349467	17606237
2766	620	2225	837	306972	14714147	853301	58229409
2767	1054	2547	6272	307109	14721768	3705379	413741925
2768	732	813	1089	307246	14730793	1347021	108267882
2769	1808	2296	2548	307265	14731714	547309	32748176
2770	63	2044	4643	307556	14751389	490798	28043900
2771	673	1541	1075	307817	14772481	366667	18759918
2772	176	1047	565	307909	14779503	653880	41059341
2773	119	821	469	308185	14794591	596111	36587180
2774	1780	2287	3182	308256	14797564	344194	17228328
2775	191	2649	1399	308321	14801155	1469139	121689636
2776	210	583	393	308369	14804104	1327776	106259441
2777	1046	2614	2391	308629	14818029	533415	31524241
2778	339	1583	3028	309049	14836145	369168	18881287
2779	110	350	464	309072	14837236	2131518	199433282
2780	1426	2001	4248	309120	14839198	407172	21717146
2781	2279	2493	10744	309205	14843163	866847	59662758
2782	937	2228	1574	309340	14858994	426468	23086322
2783	1088	1250	3384	309737	14895883	326793	15962746
2784	93	475	594	309766	14898832	1983425	182623490
2785	2089	2668	2945	310127	14927713	601833	37079782
2786	1429	2084	2670	310143	14928496	671124	42337203
2787	1859	1959	1079	310455	14948983	3223203	345068087
2788	201	620	370	310571	14956109	346703	17381385
2789	2	2060	2712	310600	14957940	431311	23464174
2790	2455	2512	4257	310635	14959808	469225	26354591
2791	2024	2208	1099	310764	14967904	606675	37490404
2792	54	1681	2355	310996	14983193	441725	24241374
2793	144	1172	936	311192	14995062	0	0
2794	779	2355	3349	311239	14997250	0	0
2795	1377	2275	8972	311317	15003366	631429	39330833
2796	22	1223	1632	311679	15034816	443097	24362032
2797	1000	1991	2543	311710	15036746	1243367	97784824
2798	1600	1659	2379	311749	15039832	926162	65540314
2799	106	1678	1386	312130	15067336	416390	22425993
2800	670	2562	5078	312134	15067591	412850	22182639
2801	1469	1594	5820	312468	15093553	315135	15272009
2802	1330	2455	2643	312700	15112065	485669	27649995
2803	1225	1455	3194	312749	15115617	880851	60970934
2804	513	2128	3238	312883	15124953	426450	23085011
2805	1993	2095	3066	313068	15141026	470942	26506116
2806	41	548	91	313412	15167422	1897959	172642407
2807	331	1215	560	313629	15179837	333926	16484719
2808	1342	1674	8158	313682	15181951	1151242	88097004
2809	1123	2474	5442	314229	15217137	2666708	269008879
2810	1648	2352	1737	314265	15219465	1565909	132711523
2811	482	2487	3100	314390	15228293	351574	17740600
2812	515	2619	1454	314703	15249497	1195567	92942523
2813	26	907	854	314901	15260197	736205	48007510
2814	188	1868	1716	315097	15270025	1756898	154214635
2815	1392	2801	6310	315135	15272009	343935	17202239
2816	1360	2315	1531	315205	15276940	508663	29552405
2817	2483	2573	4006	315599	15306071	414198	22271233
2818	1670	1926	2877	315640	15309507	1451696	119609333
2819	1156	2550	3764	315760	15319741	435994	23827773
2820	134	1513	975	316200	15353428	718953	46436229
2821	248	866	3315	316518	15370404	1451742	119616213
2822	1598	2255	2130	316568	15373018	437065	23915307
2823	1591	1893	1515	316628	15376794	624401	38816643
2824	405	1625	2598	316715	15382840	722799	46809750
2825	312	557	1916	316891	15393814	448538	24822007
2826	1528	1731	2862	316943	15396443	334790	16544743
2827	82	487	712	317003	15400491	929518	65907837
2828	1376	2339	2213	317041	15403216	0	0
2829	440	2550	4218	317257	15416520	480908	27269388
2830	2031	2565	3071	317435	15427471	501852	28925689
2831	387	2566	1338	317748	15447446	336864	16709209
2832	1395	2309	1517	317840	15453308	531257	31343742
2833	624	767	429	318181	15469119	1038400	76753748
2834	493	1526	6159	318291	15473102	611564	37888902
2835	682	2714	1232	318379	15478190	695525	44472518
2836	745	957	1249	318490	15486072	509149	29591834
2837	2198	2436	2904	318556	15490781	356364	18101382
2838	28	1701	1477	318966	15517581	3798048	427095988
2839	634	802	465	319427	15538399	520798	30499969
2840	1926	2111	4156	319493	15540299	349669	17620581
2841	389	2577	6941	319537	15542372	347834	17455788
2842	250	1180	651	319780	15564059	367620	18812373
2843	2127	2733	2368	319834	15567456	2887272	298475740
2844	831	1829	3145	320052	15583520	2091504	194619694
2845	24	1475	2375	320214	15593949	1048656	77748219
2846	369	1558	2222	320550	15617498	478006	27060598
2847	87	777	495	320572	15618773	751051	49198288
2848	224	2077	2063	320776	15628500	2311838	222874673
2849	1148	1277	756	320789	15629068	491709	28123562
2850	1548	1884	1216	321085	15643400	947400	67595511
2851	1837	2540	790	321149	15645973	0	0
2852	442	651	658	321187	15647858	0	0
2853	1921	2007	1351	321295	15652898	626142	38964212
2854	364	2058	944	321428	15658512	426154	23064745
2855	558	2648	2353	321431	15658574	591322	36281730
2856	492	2620	451	321764	15674204	414741	22308859
2857	478	2493	1909	322051	15684308	475012	26795223
2858	687	2736	2037	322146	15687491	1333833	106919565
2859	1284	2020	1758	322263	15691930	1770068	156046950
2860	745	2474	2969	322555	15702561	384242	19964303
2861	877	1952	818	322597	15704048	3940380	448174980
2862	677	1458	1435	322644	15705525	438524	24024565
2863	1456	2372	6093	322873	15713469	2069279	192260368
2864	1292	2620	2222	322910	15715885	1919787	174944433
2865	1843	2399	3988	323207	15736159	948515	67709193
2866	1581	2405	2886	323384	15747563	893465	62468672
2867	81	530	549	323496	15755224	618546	38372568
2868	1900	1931	1269	323747	15769868	397572	20988259
2869	915	1477	3675	323781	15771466	329855	16178815
2870	1737	2416	3638	324330	15799561	619183	38406619
2871	176	1253	1079	324349	15800664	955275	68418515
2872	623	1044	1042	324434	15804702	837672	56900266
2873	1028	2370	2416	324473	15806194	787497	52407132
2874	710	1384	3100	324552	15810804	594258	36462882
2875	592	2324	3798	324644	15817137	628355	39079812
2876	339	2476	1449	325006	15843529	568799	34418804
2877	1390	1795	960	325146	15851630	751316	49218313
2878	289	1566	2817	325229	15856894	988698	71866291
2879	2213	2745	3288	325279	15859444	460727	25713643
2880	748	2070	762	325550	15879154	479511	27164036
2881	21	370	330	325617	15883707	1406584	114527468
2882	1458	1529	4209	325887	15897703	4118361	474924334
2883	358	2624	4782	325911	15899887	975668	70543343
2884	318	837	267	326301	15930377	1716522	149783140
2885	99	1620	1411	326314	15931113	809366	54525791
2886	1316	2692	4193	326524	15944758	535668	31660702
2887	872	2260	1718	326769	15960840	1445275	118875551
2888	2400	2783	4146	326793	15962746	455106	25307998
2889	116	739	549	326957	15975123	387634	20215609
2890	688	1376	1219	327047	15981493	718136	46375953
2891	62	1538	1171	327135	15988542	396766	20926567
2892	498	1848	3122	327359	16000485	1798184	159474108
2893	1125	2619	961	327367	16000951	0	0
2894	348	2081	5815	327651	16019823	1309316	104409233
2895	20	2241	4517	327668	16021251	373635	19138030
2896	1868	2126	3375	327721	16027134	462743	25860741
2897	1213	1583	3029	328060	16057640	521100	30517894
2898	946	1354	4034	328599	16098658	4443563	525724887
2899	1850	1852	5396	328919	16117400	331310	16289998
2900	666	1150	1196	329114	16130696	608612	37645425
2901	1016	1273	1701	329359	16145592	663734	41752654
2902	22	2423	3130	329419	16148986	333409	16442844
2903	338	1967	2838	329532	16155674	355974	18080907
2904	2102	2524	5751	329591	16160386	609819	37753606
2905	1500	2869	5001	329855	16178815	2899718	300162745
2906	378	2441	5990	329906	16182873	0	0
2907	227	1564	1692	330234	16213920	615833	38178071
2908	345	1066	497	330298	16219105	373635	19138030
2909	2151	2751	4399	330466	16230979	728980	47363573
2910	495	2741	1272	330703	16248885	366652	18758751
2911	981	1575	1583	331003	16268066	349528	17610088
2912	2533	2754	3298	331083	16271896	395461	20819518
2913	1156	1874	3161	331088	16272076	1473790	122321000
2914	1551	2173	1952	331152	16277040	361112	18408158
2915	647	691	1652	331169	16278298	1170928	90348882
2916	2339	2899	6717	331310	16289998	340595	16937082
2917	1812	1866	3863	331628	16321110	441838	24250996
2918	955	1436	4256	331661	16324349	423047	22835916
2919	1220	1605	1151	332037	16362319	496486	28470474
2920	764	2265	2949	332174	16372683	376996	19403512
2921	1452	2103	6308	332298	16380738	1747485	153240506
2922	15	899	606	332466	16393902	531421	31352265
2923	800	1203	2225	333170	16432037	1308682	104334929
2924	2036	2116	2306	333299	16437650	1211629	94423206
2925	564	2902	3893	333409	16442844	388189	20245801
2926	1475	2550	5393	333414	16442966	721611	46680934
2927	1289	1876	5424	333463	16446922	400910	21209604
2928	1673	2715	3930	333749	16470194	932868	66181361
2929	539	2807	907	333926	16484719	383003	19818949
2930	400	2358	823	334044	16494467	480448	27222083
2931	1235	1883	6131	334510	16523056	979042	70893322
2932	2733	2826	3447	334790	16544743	890834	62203961
2933	90	2658	2128	334943	16556643	345835	17330883
2934	459	2475	982	335111	16568956	382921	19812037
2935	1350	1796	1426	335278	16580052	769890	50831568
2936	1086	1657	3137	335379	16586527	921313	64969522
2937	225	1619	1581	335587	16601068	532102	31415769
2938	1436	1889	4479	335638	16604019	1184632	91690237
2939	1926	2071	3369	335696	16608424	439415	24081402
2940	1507	2650	3918	335751	16613010	443146	24365772
2941	487	808	840	335774	16614485	2078516	193346785
2942	531	759	1637	335798	16617530	537795	31897826
2943	1917	2632	2266	335850	16621696	596785	36619403
2944	1140	2685	2515	335893	16625030	653112	40984468
2945	477	2133	2991	336059	16640922	1458180	120383720
2946	1358	2355	2984	336203	16653625	1348519	108433404
2947	958	2473	2446	336287	16662386	2100149	195757030
2948	70	884	199	336583	16688428	820710	55534730
2949	1401	2358	1030	336748	16700696	1107805	83834547
2950	1463	2831	3401	336864	16709209	594978	36515972
2951	907	2735	2513	337096	16724088	610508	37808081
2952	976	1770	1479	337210	16731215	651283	40877702
2953	2099	2601	2692	337540	16749662	613688	38030310
2954	969	1684	2343	337565	16751194	0	0
2955	128	870	107	337681	16759238	459054	25598508
2956	395	1054	4425	337803	16767200	380227	19636953
2957	507	2729	3582	338020	16781271	1045331	77479407
2958	234	1159	2453	338129	16789847	604833	37366907
2959	404	2129	2048	338280	16799462	390456	20427133
2960	1492	2476	4458	338957	16834003	603444	37244893
2961	359	1573	1213	339136	16843057	2577973	256705495
2962	65	382	256	339483	16859264	428858	23332604
2963	487	2258	2139	339533	16861491	537503	31861678
2964	2662	2719	9978	339591	16863585	388849	20286903
2965	170	1213	716	339888	16886642	1395637	113265564
2966	702	1008	1381	340020	16895430	682148	43369493
2967	569	1877	3388	340089	16899554	947420	67598104
2968	82	595	835	340099	16900304	415732	22365314
2969	1316	2657	2918	340126	16901865	4426474	523190693
2970	718	1183	1491	340416	16922672	2003100	184777654
2971	2340	2428	6980	340474	16926608	825056	55849304
2972	2313	2916	10528	340595	16937082	490566	28022068
2973	515	2227	2706	340615	16939767	341918	17059564
2974	765	1260	1511	340962	16984274	556455	33452078
2975	1036	1212	2637	341458	17029309	385753	20073755
2976	989	2344	972	341513	17033129	371880	19033423
2977	1253	2741	1665	341687	17046003	723421	46875508
2978	86	1948	470	341913	17059313	436416	23870815
2979	2442	2973	3459	341918	17059564	432632	23564374
2980	858	1770	2249	342029	17067047	588131	35978922
2981	1454	2547	3301	342142	17075353	447380	24703464
2982	806	1346	797	342190	17078995	377664	19441707
2983	673	1276	642	342363	17090363	468696	26324449
2984	786	1192	807	342476	17097515	3023747	317118054
2985	62	1109	1315	342525	17100364	442789	24335563
2986	1042	2279	9237	342577	17102808	679824	43129435
2987	1606	1737	3716	342617	17106907	517073	30180728
2988	893	1860	1384	343030	17142667	0	0
2989	2394	2708	4833	343276	17161454	0	0
2990	69	1446	468	343359	17166620	438150	24000022
2991	96	1796	580	343758	17191397	1028679	75805365
2992	9	1976	3902	343879	17198229	513823	29944026
2993	690	2815	7180	343935	17202239	892727	62409852
2994	1612	2774	4373	344194	17228328	385276	20038040
2995	241	1042	466	344231	17231806	351060	17719590
2996	13	1857	397	344358	17244002	496507	28471282
2997	1898	2178	3895	344835	17279801	0	0
2998	413	828	997	345430	17313743	381762	19726947
2999	581	939	1050	345570	17319114	764756	50387754
3000	223	1673	2267	345605	17320709	479122	27139993
3001	285	1294	1040	345681	17323800	865987	59572042
3002	183	1333	927	345821	17330406	827613	56036130
3003	1425	2933	2657	345835	17330883	0	0
3004	1674	2344	8489	346077	17341494	736205	48007510
3005	1203	2174	1846	346288	17358147	643324	40284174
3006	1529	2788	3422	346703	17381385	0	0
3007	1132	1453	1648	346705	17381395	398736	21064207
3008	1272	1852	1750	346766	17384848	1015222	74581035
3009	2494	2565	2191	346814	17388626	376588	19377740
3010	1371	1933	1298	346851	17391850	567198	34308771
3011	557	2589	7789	347061	17404478	859476	58841237
3012	376	2751	1944	347258	17419911	712840	45918346
3013	18	2841	6960	347834	17455788	401833	21299804
3014	1397	2826	8825	348040	17472240	422982	22829277
3015	519	2183	1623	348083	17476885	375618	19319732
3016	2125	2455	6909	348217	17492541	540556	32169017
3017	389	2338	3822	348829	17554342	406963	21701507
3018	1082	2308	2452	348832	17554553	364039	18564528
3019	722	2344	1214	349291	17595937	1358385	109466036
3020	732	2765	1214	349467	17606237	377424	19429122
3021	1322	2911	1861	349528	17610088	434240	23706018
3022	1554	2463	4814	349561	17612354	744382	48662350
3023	403	1504	3125	349615	17616019	430863	23439633
3024	856	907	1511	349626	17617057	383417	19870442
3025	1208	1626	1528	349656	17619764	600354	36947712
3026	2168	2840	4831	349669	17620581	982168	71194630
3027	1322	2697	934	349780	17633605	553923	33263083
3028	9	2701	2059	350311	17679453	360368	18337109
3029	1199	1455	1769	351010	17717472	1104533	83569914
3030	372	451	739	351026	17718089	1083318	81383590
3031	2428	2995	2972	351060	17719590	457626	25497703
3032	732	2280	1675	351539	17739401	712732	45905245
3033	1990	2811	5513	351574	17740600	444557	24487291
3034	507	1397	6918	352008	17763751	597305	36656702
3035	1420	2679	7987	352019	17764592	2439555	239129172
3036	1597	2593	1229	352107	17773502	0	0
3037	571	866	3954	352249	17787592	868540	59850001
3038	181	1982	456	352380	17800724	566419	34264901
3039	1091	1653	1807	352769	17829827	731421	47611886
3040	694	1014	1282	353126	17851441	1075710	80270714
3041	837	1008	1170	353321	17859816	429056	23344131
3042	2269	2747	12342	353353	17861318	507201	29404097
3043	1699	1893	1745	353740	17900263	446364	24612555
3044	381	2289	2901	353767	17902410	690498	44069469
3045	601	2165	4010	354295	17944840	857078	58586875
3046	574	1952	1185	354310	17946497	440635	24184920
3047	1428	2559	7756	354344	17949148	426967	23139847
3048	1987	2517	3509	354707	17985935	408876	21863893
3049	1833	2519	5991	354914	18004064	373703	19144311
3050	2622	2903	3696	355974	18080907	371939	19035904
3051	1435	2453	4405	356318	18098631	484149	27539003
3052	2665	2837	5438	356364	18101382	718953	46436229
3053	2463	2647	2956	356387	18103612	832360	56433685
3054	205	617	804	356609	18122493	1352190	108797876
3055	482	614	2102	356692	18128562	0	0
3056	706	769	1501	356775	18134546	635960	39733976
3057	769	1156	1617	356894	18144625	0	0
3058	105	1352	658	358047	18196136	510238	29677581
3059	799	2323	2050	358093	18197634	4310490	505415279
3060	670	2243	2587	358278	18203375	421120	22679893
3061	907	1310	1319	358510	18212331	969074	69870777
3062	2050	2683	3631	358553	18213826	1153868	88361019
3063	327	2127	1888	358769	18223113	360573	18359268
3064	1483	2611	5621	358824	18225445	783909	52073981
3065	1176	2082	2057	358858	18228534	1408851	114698288
3066	39	2031	2194	358881	18231168	437689	23966446
3067	1989	2016	6591	359098	18247700	624503	38824434
3068	287	1927	2052	359289	18264416	447380	24703464
3069	1429	2125	5485	360060	18316090	515500	30066008
3070	1947	2232	2250	360256	18327676	446554	24624637
3071	140	2081	5934	360268	18328235	407956	21780044
3072	1642	3028	6373	360368	18337109	3467567	378941775
3073	1660	2262	1958	360460	18346485	2025689	187543403
3074	2062	3063	3547	360573	18359268	0	0
3075	1461	2914	3132	361112	18408158	1928440	175955472
3076	1369	1763	2538	361662	18441327	1123286	85310204
3077	332	883	473	361841	18451764	644390	40341810
3078	885	1285	1874	361948	18456771	559918	33733284
3079	260	922	216	362075	18463152	464930	26082013
3080	1362	1834	5304	362179	18468070	768416	50693487
3081	2688	2735	2828	362567	18487583	1183905	91632917
3082	1089	1920	5399	362877	18501380	1033082	76199778
3083	387	1806	2836	362914	18502955	518140	30280192
3084	795	1190	1436	362973	18506981	451344	25033398
3085	762	970	1393	363257	18522492	453337	25180349
3086	510	1688	3931	363627	18540356	1386592	112297769
3087	405	1745	1572	363798	18550419	1892346	171927885
3088	1807	2173	2953	363967	18560935	662724	41664011
3089	370	3018	2756	364039	18564528	0	0
3090	1028	2262	3050	364143	18570399	410008	21937499
3091	1483	1934	3194	364270	18578020	606794	37499262
3092	974	1095	1820	364317	18581514	573964	34864530
3093	1792	2304	2875	364324	18581873	841585	57269370
3094	2426	2671	11665	364474	18594193	522061	30565424
3095	2193	2728	2179	364865	18640488	734048	47828649
3096	2586	2731	2654	364970	18651792	406380	21675502
3097	468	1551	556	365666	18707460	426613	23100351
3098	1477	2445	3956	366027	18723166	489870	27981521
3099	735	1921	901	366097	18726289	2733224	277553923
3100	51	1456	3239	366163	18729307	443770	24413904
3101	1396	2163	3086	366315	18737638	392776	20645842
3102	2141	2558	3010	366437	18746119	410305	21958574
3103	1022	2910	1858	366652	18758751	683410	43471846
3104	2670	2771	1892	366667	18759918	1208292	94158159
3105	29	1978	284	366761	18765822	484609	27585683
3106	1891	2659	2050	366903	18773840	2041711	189468097
3107	311	1732	1398	367273	18797276	573079	34780784
3108	1044	2842	1385	367620	18812373	378582	19505300
3109	585	2335	2645	367658	18813730	408876	21863893
3110	491	1653	1896	367680	18814869	1266040	99941494
3111	467	749	1221	367955	18827202	433254	23620972
3112	2505	2550	6091	368353	18841881	744060	48633700
3113	1016	2527	1057	368365	18842303	774350	51269999
3114	1478	2099	1537	368602	18854500	598335	36754676
3115	429	1557	1243	368771	18862501	450533	24959907
3116	1235	1335	1375	368804	18864020	508072	29497029
3117	151	853	1313	368840	18865823	683748	43501169
3118	334	2487	1825	369105	18877730	1339076	107461918
3119	2123	2366	5906	369132	18878758	542994	32372175
3120	201	2778	3218	369168	18881287	858601	58750132
3121	52	424	242	369186	18882651	421614	22731792
3122	724	1920	3686	369486	18902903	406641	21685381
3123	1663	2304	1422	369701	18918595	542994	32372175
3124	150	628	965	369716	18919314	559863	33727377
3125	973	2741	1487	369919	18930774	518140	30280192
3126	1544	1548	2915	370002	18935264	540556	32169017
3127	1549	2612	2983	370253	18949568	414198	22271233
3128	330	1123	3138	370296	18951583	741045	48407395
3129	534	655	1188	370603	18970020	421058	22673317
3130	1903	2060	5201	370714	18975935	827613	56036130
3131	587	2492	1736	371100	18999247	557686	33546770
3132	121	1664	1544	371401	19012029	1338601	107411708
3133	1469	1535	3381	371568	19019803	421351	22705210
3134	130	2181	1250	371842	19031858	378350	19484694
3135	846	2647	1286	371848	19032077	411522	22084256
3136	145	2976	1011	371880	19033423	482102	27370923
3137	1241	3050	4517	371939	19035904	1262540	99611330
3138	240	2348	822	372081	19044835	737080	48107944
3139	693	1795	683	372511	19068246	496906	28498517
3140	1277	1562	824	372558	19070257	4410526	520669303
3141	1790	1846	2022	372587	19071443	599829	36883442
3142	369	1844	1452	372705	19077567	1937452	176933582
3143	568	2555	5398	372719	19078173	817668	55151263
3144	564	1658	4694	373103	19104484	831210	56342242
3145	371	2591	4358	373323	19118367	537146	31822020
3146	356	756	597	373559	19133659	478129	27071407
3147	2895	2908	5014	373635	19138030	397423	20975484
3148	2433	3049	7012	373703	19144311	427023	23148976
3149	2070	2365	4648	373970	19174500	472700	26626332
3150	689	2725	4575	374297	19207635	403418	21446966
3151	899	2135	5551	374680	19242770	401323	21247019
3152	1504	1595	3461	375073	19277776	503285	29050929
3153	713	1490	380	375239	19292888	557686	33546770
3154	2233	2267	2211	375256	19294156	451559	25053352
3155	2232	3015	3286	375618	19319732	467599	26252382
3156	691	1552	1695	375955	19341055	1181321	91413554
3157	1762	2064	7837	376049	19345888	690157	44032038
3158	1818	3009	3090	376588	19377740	493269	28278847
3159	324	2976	1382	376689	19384110	0	0
3160	2038	2920	5547	376996	19403512	0	0
3161	395	688	967	377407	19428321	435598	23793762
3162	301	3020	1540	377424	19429122	915880	64406430
3163	656	908	1300	377596	19437646	0	0
3164	944	2982	2195	377664	19441707	449742	24918164
3165	1156	1759	3379	377702	19443840	837320	56877138
3166	260	826	458	377731	19445201	2153280	202109958
3167	867	1038	1016	377902	19456739	387249	20194423
3168	52	2473	1459	377913	19457453	421058	22673317
3169	678	2510	2319	378202	19474556	568063	34353035
3170	802	2705	5182	378240	19476609	389204	20319713
3171	1408	2634	2549	378276	19479273	509391	29607897
3172	1601	3134	6165	378350	19484694	1132047	86119156
3173	2376	2687	2779	378580	19505118	447036	24665242
3174	1947	3108	1972	378582	19505300	1102862	83445818
3175	2027	2030	4019	378611	19508664	630360	39231885
3176	1203	2703	6607	378863	19533939	390502	20430967
3177	591	867	1037	379391	19587591	663314	41715934
3178	364	1075	1402	379497	19594998	468471	26310265
3179	6	63	38	379911	19621363	0	0
3180	489	1120	1205	379961	19623839	922626	65177418
3181	1130	1364	2432	380100	19630472	407956	21780044
3182	2166	2956	5314	380227	19636953	735992	47982313
3183	1448	2249	2680	380388	19648445	2233895	212551362
3184	2200	2260	4913	380466	19654368	454133	25233301
3185	212	2209	1906	381097	19692247	522343	30595066
3186	999	1608	1277	381190	19696952	403458	21451534
3187	1364	2011	2834	381257	19701290	459001	25595631
3188	221	2263	1758	381670	19722135	661606	41600372
3189	1906	2059	3498	381693	19723140	785796	52263314
3190	362	2998	1466	381762	19726947	1310207	104535600
3191	896	2703	5687	381835	19730756	3351791	362720172
3192	1221	2152	3925	382041	19746171	400886	21207606
3193	1861	2555	5842	382478	19774667	1123111	85293958
3194	2719	2741	6882	382579	19781599	855782	58444025
3195	874	1797	1696	382832	19805647	814648	54952527
3196	15	2934	998	382921	19812037	1381322	111724826
3197	2801	2929	6727	383003	19818949	420545	22635723
3198	1954	2666	5647	383103	19829145	0	0
3199	2110	2372	8249	383134	19833612	669644	42210536
3200	682	1798	1853	383169	19838424	446364	24612555
3201	969	1053	1493	383269	19852747	752941	49358846
3202	1203	3024	2905	383417	19870442	516984	30174701
3203	1090	2345	3267	383583	19891851	403458	21451534
3204	29	1816	1024	383749	19911784	611985	37927932
3205	234	2113	3100	383843	19923407	515229	30043793
3206	1065	2860	4223	384242	19964303	439873	24120258
3207	460	1209	2498	384652	19999144	512552	29838770
3208	1002	2247	1811	384999	20021546	1555429	131613179
3209	754	2015	1235	385030	20023776	0	0
3210	1815	2300	1026	385169	20031861	3659657	407616582
3211	767	2994	4523	385276	20038040	656733	41282659
3212	364	2504	1391	385483	20054202	1227679	96239440
3213	590	1145	1044	385505	20055551	441892	24257235
3214	268	1084	536	385531	20057492	512565	29839948
3215	1065	2454	5818	385644	20064968	2798863	286622071
3216	1316	1520	3222	385708	20069796	406963	21701507
3217	2728	2975	3423	385753	20073755	423272	22858024
3218	1228	2085	3177	385872	20083620	718586	46410287
3219	113	1109	1345	385982	20094083	578223	35191393
3220	209	1309	963	386054	20101636	758646	49880181
3221	498	1841	4995	386136	20111083	512741	29855168
3222	111	1374	1422	386569	20153372	433254	23620972
3223	109	1165	320	386803	20170078	500363	28823201
3224	2481	3167	1464	387249	20194423	2579458	256880660
3225	101	1100	376	387420	20202929	472786	26634650
3226	101	1209	2373	387420	20202929	469747	26399242
3227	1100	1209	2479	387420	20202929	601404	37040413
3228	221	2181	1320	387523	20209674	1613547	138341673
3229	1655	2889	1570	387634	20215609	480296	27212157
3230	887	1709	2960	387717	20220535	657081	41305033
3231	552	636	601	387854	20228687	1210802	94361190
3232	41	446	494	387927	20232601	1122191	85208581
3233	50	94	147	387990	20235877	419796	22587663
3234	282	1893	300	388009	20236773	464930	26082013
3235	586	2378	4490	388124	20241878	459863	25656660
3236	1112	2925	5010	388189	20245801	726192	47107654
3237	1048	1503	2077	388800	20284892	428858	23332604
3238	1221	2964	11875	388849	20286903	558518	33609282
3239	797	1193	1880	388891	20291431	390105	20400004
3240	2419	3170	9351	389204	20319713	391769	20541664
3241	1760	2000	2075	390068	20397128	391215	20496670
3242	2642	3239	6084	390105	20400004	448340	24799854
3243	713	1168	1472	390218	20408942	623001	38686594
3244	1497	2959	5065	390456	20427133	499773	28776807
3245	1684	3176	8186	390502	20430967	554385	33284942
3246	2572	3241	2584	391215	20496670	910688	63972077
3247	1363	2592	5613	391369	20507563	0	0
3248	624	1886	748	391430	20513303	2019716	186893815
3249	243	2720	429	391541	20523456	0	0
3250	581	3240	9609	391769	20541664	732626	47699961
3251	2064	2397	6116	391939	20560763	2099832	195714235
3252	855	2466	2689	392019	20570074	720341	46555399
3253	796	1794	2022	392196	20588707	414803	22312472
3254	1024	1835	2583	392259	20596170	454154	25235152
3255	1939	2346	2951	392725	20642634	795286	53043723
3256	2154	3101	4392	392776	20645842	2670468	269456265
3257	369	408	747	393301	20688843	543993	32468389
3258	821	2202	4750	393574	20704907	983522	71329115
3259	1708	2168	2600	393791	20717920	437509	23949412
3260	205	501	781	394037	20732629	529992	31264845
3261	1051	1705	1531	394162	20738087	670880	42314392
3262	1298	2300	5591	394178	20738550	531510	31359511
3263	1006	1831	4250	394719	20767980	2284763	218633469
3264	388	1427	2391	394762	20770313	819535	55404699
3265	262	1425	603	394936	20779633	511982	29795058
3266	1254	1853	3150	394990	20782151	722830	46813565
3267	1832	2294	4438	395155	20790768	555213	33359255
3268	2166	2747	10778	395312	20801749	485725	27653982
3269	2708	2912	5989	395461	20819518	539060	32048547
3270	1678	2591	4962	396073	20876631	666647	41984788
3271	2074	2272	2342	396166	20882755	446349	24611718
3272	607	1931	617	396243	20889418	1198936	93319321
3273	756	1475	2566	396490	20907384	688255	43864419
3274	1892	2710	4388	396649	20917440	451559	25053352
3275	2119	2891	4311	396766	20926567	696018	44509450
3276	777	2737	1773	397178	20959541	611104	37848974
3277	957	3147	5941	397423	20975484	611241	37859474
3278	1761	2868	2672	397572	20988259	631636	39357762
3279	161	1929	1783	397678	20996739	585206	35754750
3280	831	1181	1252	397879	21012264	539341	32075634
3281	220	614	736	397894	21013625	489145	27937612
3282	84	1261	1162	398050	21024719	650917	40852676
3283	622	1943	2460	398276	21038969	432918	23586094
3284	1142	1499	638	398388	21045851	1093219	82422774
3285	1391	2624	5722	398710	21062322	693280	44302963
3286	1331	3007	2736	398736	21064207	400188	21170221
3287	1898	2711	5103	399008	21082518	921439	64990615
3288	39	479	350	399022	21083136	489512	27960657
3289	1486	2152	6559	399262	21100327	802903	53819437
3290	1990	2410	3279	399311	21104698	621581	38544964
3291	2605	2738	4935	399380	21111388	462975	25878948
3292	22	870	93	400002	21161610	1165297	89665323
3293	1107	3286	3098	400188	21170221	426358	23077525
3294	1165	1906	1407	400340	21178863	2959023	308723127
3295	2891	3024	2682	400697	21195877	420872	22659205
3296	795	1298	5268	400746	21198117	674964	42730984
3297	1050	3192	4684	400886	21207606	2659387	268088658
3298	1556	2927	6061	400910	21209604	737252	48124257
3299	2910	3151	6823	401323	21247019	1177557	90976794
3300	1740	2022	7658	401616	21275544	410594	21981556
3301	1878	3013	8368	401833	21299804	1859423	167453339
3302	150	2123	2309	402374	21365749	501290	28885760
3303	1086	1905	6777	402527	21379676	759212	49939999
3304	647	1896	1045	402923	21412517	0	0
3305	561	2154	1576	403061	21423623	411365	22071108
3306	836	2438	3633	403194	21432091	592604	36369980
3307	2482	3150	5967	403418	21446966	3904514	443348339
3308	562	2282	6539	403420	21447102	2542594	252243391
3309	3186	3203	4544	403458	21451534	411747	22102675
3310	155	2221	5396	404374	21547962	1632591	140821965
3311	915	1269	1339	404508	21561065	846036	57642911
3312	30	2481	468	404595	21569093	1072355	79922924
3313	112	1630	2037	404621	21570833	1618237	138992626
3314	92	954	1048	404743	21581082	928896	65853754
3315	2392	2745	1994	404766	21583015	2439555	239129172
3316	1541	2240	3155	404820	21587923	0	0
3317	425	1344	608	405010	21602265	562019	33941084
3318	1501	1643	2775	405064	21606134	1505371	126227103
3319	333	912	553	405543	21639232	2911025	301476207
3320	1211	2455	2880	405550	21639548	549938	32993811
3321	1411	3096	3600	406380	21675502	3800400	427349762
3322	759	3122	4668	406641	21685381	426203	23067730
3323	3017	3216	7044	406963	21701507	1199636	93392334
3324	1604	1944	2533	407138	21714599	0	0
3325	1167	2780	4758	407172	21717146	1596434	136023345
3326	573	2187	1015	407483	21741543	463700	25955808
3327	888	2102	2366	407694	21756355	783909	52073981
3328	1882	2034	1321	407743	21759444	415743	22365968
3329	2636	2837	8338	407796	21762489	581303	35422002
3330	3071	3181	8366	407956	21780044	1371974	110656557
3331	61	1002	348	408808	21859293	1068920	79659010
3332	3048	3109	6154	408876	21863893	435796	23807852
3333	900	1341	2301	408970	21871421	473334	26683349
3334	1999	2687	5422	409613	21912845	3061412	322452294
3335	301	2043	2925	409940	21933393	841162	57230777
3336	34	64	83	409958	21934593	744908	48708701
3337	2074	3090	4866	410008	21937499	431270	23461580
3338	1948	3102	3415	410305	21958574	1789986	158398619
3339	961	967	1985	410403	21966033	731962	47648045
3340	1069	2604	3305	410511	21973508	1398810	113514614
3341	157	2696	4362	410560	21977689	623491	38734987
3342	2530	3300	8199	410594	21981556	537363	31844003
3343	1518	1966	2001	410725	21998412	1981284	182446522
3344	1406	2614	4230	410781	22006629	3235497	346714301
3345	333	1296	1801	411225	22058051	2596578	259448887
3346	163	730	606	411235	22058942	505108	29207024
3347	940	3305	1780	411365	22071108	879377	60842795
3348	730	3135	1676	411522	22084256	451695	25067534
3349	780	2147	3568	411690	22097197	486042	27689453
3350	1113	3309	4879	411747	22102675	415743	22365968
3351	245	1355	1449	412519	22164364	559118	33676072
3352	978	1042	1335	412566	22166779	814782	54962648
3353	59	2800	5110	412850	22182639	476586	26896548
3354	1476	2975	3568	413168	22201491	1032165	76129037
3355	148	1571	1919	413295	22211732	477140	26962649
3356	574	1863	2339	413369	22217780	911649	64052747
3357	478	1907	2551	413495	22226076	916911	64505210
3358	1872	1984	3436	413680	22238240	830259	56266864
3359	260	376	517	413871	22250320	568558	34395722
3360	1736	2716	2950	414066	22261923	417468	22491286
3361	2817	3127	6989	414198	22271233	0	0
3362	758	2856	2717	414741	22308859	734841	47891299
3363	956	3253	3040	414803	22312472	2000487	184525879
3364	37	110	163	414866	22317300	557745	33550520
3365	434	1229	1154	415204	22338267	1971912	181343161
3366	712	1490	1971	415322	22345279	524111	30795387
3367	147	2831	1380	415455	22352379	503562	29077946
3368	1052	2968	2158	415732	22365314	545606	32567196
3369	3328	3350	6200	415743	22365968	1188661	92188528
3370	960	1327	1417	415793	22370053	431322	23465500
3371	1241	1834	3539	415819	22371883	423272	22858024
3372	1904	2567	7179	415982	22386627	574396	34897098
3373	277	900	255	416126	22401400	777539	51553194
3374	0	2799	1387	416390	22425993	536593	31761443
3375	356	2494	1667	416477	22431321	1218689	95288937
3376	1122	2185	5094	416860	22456090	739581	48290852
3377	1950	2016	3811	417214	22476613	752414	49320838
3378	1572	3360	3794	417468	22491286	520106	30458776
3379	12	859	1171	418168	22525001	821118	55569612
3380	560	1770	1146	418314	22529349	777787	51567343
3381	665	2557	1935	418744	22543327	1112689	84272818
3382	1959	2406	1732	418765	22544060	497464	28539858
3383	1396	2300	1709	419058	22553214	444410	24472434
3384	1179	1896	1653	419090	22553768	701064	44889314
3385	1608	2281	3412	419096	22553923	867759	59764350
3386	2302	2403	3704	419286	22563587	999764	73039194
3387	224	775	790	419381	22567629	896510	62776907
3388	936	1646	1670	419709	22583083	522061	30565424
3389	1309	1821	1082	419752	22585244	435374	23778167
3390	1568	3233	3382	419796	22587663	1531880	129130664
3391	505	2580	4371	419941	22597138	2531325	250745063
3392	424	1430	901	420221	22617071	1079503	80875812
3393	102	3197	6779	420545	22635723	0	0
3394	360	2339	1433	420825	22656126	558189	33584084
3395	1742	3295	5643	420872	22659205	720429	46562750
3396	3129	3168	2647	421058	22673317	512201	29811002
3397	1027	3060	3263	421120	22679893	512421	29827556
3398	1778	2571	4909	421157	22683630	1455152	120088985
3399	1927	3133	5196	421351	22705210	2435301	238581604
3400	1978	3121	503	421614	22731792	687041	43779144
3401	1174	3028	5207	422195	22774048	480402	27218383
3402	918	1978	1062	422543	22797907	507817	29473638
3403	1817	2752	6332	422570	22799367	699840	44807503
3404	398	614	692	422724	22811249	1677292	145614729
3405	1932	3014	10913	422982	22829277	460952	25731080
3406	1612	2918	5447	423047	22835916	0	0
3407	3217	3371	6962	423272	22858024	3558290	392782916
3408	741	894	1238	423474	22886276	492649	28225489
3409	347	1042	563	424108	22943648	689381	43954224
3410	1048	2494	2333	424127	22944813	1804534	160264343
3411	1390	1931	767	424144	22945615	750837	49187337
3412	687	1888	1382	424502	22970241	665171	41860707
3413	330	1832	1908	425040	22996252	747620	48934880
3414	204	2254	8266	425186	23002768	514849	30012181
3415	2	1993	2434	425481	23024544	509010	29580597
3416	563	1482	1818	425667	23037453	1618974	139069015
3417	488	2854	1520	426154	23064745	0	0
3418	2297	3322	6856	426203	23067730	2960147	308847147
3419	1100	1444	1437	426230	23069210	472534	26614273
3420	2071	3293	4659	426358	23077525	784509	52141459
3421	2341	2804	7256	426450	23085011	542871	32360617
3422	1250	2782	1933	426468	23086322	686204	43714947
3423	499	1733	2074	426568	23095967	1264804	99835633
3424	660	3097	1063	426613	23100351	1795516	159081608
3425	271	1054	3960	426814	23120454	568364	34371813
3426	841	1274	2840	426835	23122697	441764	24244140
3427	916	3047	8842	426967	23139847	854537	58342332
3428	2463	3148	8967	427023	23148976	469747	26399242
3429	195	2147	1234	427290	23193856	2310237	222571866
3430	113	2929	955	427428	23213783	2115580	197719458
3431	389	2480	355	427724	23247506	651287	40877874
3432	386	2583	2883	427922	23266937	508072	29497029
3433	455	1171	1886	428515	23312634	467944	26276112
3434	2962	3237	2333	428858	23332604	581424	35435588
3435	1478	1804	958	429044	23343484	874572	60388736
3436	766	1371	1742	429048	23343533	524771	30843582
3437	2128	3041	4134	429056	23344131	663352	41718513
3438	1157	1185	3481	429652	23376088	432773	23574208
3439	469	2469	4073	429906	23388178	437211	23925296
3440	1808	2464	1893	429944	23390526	1054693	78393050
3441	2222	2566	2201	430117	23398890	695315	44457791
3442	1907	2713	3527	430264	23406340	2762224	281738109
3443	149	2975	2748	430336	23410909	1056267	78558065
3444	1846	1913	2052	430550	23423128	1892286	171921223
3445	958	3023	4162	430863	23439633	3183351	339740661
3446	623	1418	695	431004	23448037	539472	32088653
3447	963	3337	5655	431270	23461580	1252150	98679514
3448	696	2789	2892	431311	23464174	785690	52255899
3449	2668	3370	3301	431322	23465500	431401	23471825
3450	1623	3449	6957	431401	23471825	476586	26896548
3451	156	1377	938	432337	23550820	988038	71805451
3452	779	1226	1854	432559	23560901	0	0
3453	2973	2979	6165	432632	23564374	2019716	186893815
3454	445	1256	1326	432656	23565892	1350478	108617605
3455	968	2247	2618	432700	23568224	467944	26276112
3456	1684	3438	5060	432773	23574208	2939397	305602940
3457	2582	3283	7716	432918	23586094	742415	48496644
3458	1437	2260	3548	433024	23598636	509391	29607897
3459	3111	3222	2643	433254	23620972	1049377	77810233
3460	1356	2185	3545	433509	23641606	824791	55834515
3461	590	2430	3596	433723	23661276	729189	47386935
3462	157	680	1192	433729	23661636	605701	37427850
3463	1284	2276	2145	433935	23681132	833147	56489882
3464	2244	3021	2372	434240	23706018	848221	57845341
3465	1850	3090	7696	434824	23744259	713117	45947663
3466	96	1967	2255	434924	23750612	729084	47374477
3467	383	515	1286	435113	23763893	447094	24670697
3468	922	1624	1751	435347	23776697	629188	39126783
3469	2338	3389	4693	435374	23778167	535652	31659517
3470	1633	2570	4560	435555	23790417	973778	70367247
3471	2071	3161	2528	435598	23793762	725012	47019568
3472	3332	3360	9104	435796	23807852	475653	26826793
3473	263	693	425	435874	23815542	1100556	83163330
3474	629	983	1560	435939	23821417	677199	42903524
3475	367	2819	3893	435994	23827773	790317	52643949
3476	434	2978	648	436416	23870815	524366	30814906
3477	1225	2525	3216	436710	23891877	536433	31743327
3478	609	2174	2057	436740	23893399	979042	70893322
3479	1670	2822	3199	437065	23915307	789126	52546659
3480	2079	3439	5116	437211	23925296	472037	26579086
3481	1158	3259	5545	437509	23949412	918655	64666685
3482	946	2208	1312	437599	23958930	524366	30814906
3483	198	3066	2359	437689	23966446	3011172	315550983
3484	232	565	424	438026	23992979	508006	29491632
3485	1266	2990	4364	438150	24000022	2065431	191877222
3486	1356	2506	1318	438265	24007367	1211894	94442918
3487	110	691	1017	438348	24012796	865253	59510836
3488	2062	2224	2896	438399	24016108	1086851	81835945
3489	1213	1921	1060	438434	24018685	1206097	93980360
3490	1417	1735	1398	438524	24024565	817656	55150278
3491	1417	2862	2499	438524	24024565	1289202	102319009
3492	1735	2862	1769	438524	24024565	1005674	73578347
3493	1180	1648	1163	438947	24055209	915150	64337624
3494	364	1518	1270	439212	24070102	485725	27653982
3495	980	1309	1014	439340	24076055	1082909	81344846
3496	2609	2700	4965	439365	24077756	2451826	240708738
3497	2132	2939	6796	439415	24081402	0	0
3498	2374	3206	4976	439873	24120258	1177867	91005570
3499	1214	1874	5992	439947	24126771	441725	24241374
3500	628	2510	2101	440198	24150369	471944	26574575
3501	1272	2571	4145	440312	24159036	457850	25514513
3502	779	3046	1902	440635	24184920	735094	47911819
3503	540	2034	872	440684	24188636	569291	34485374
3504	1903	2543	3893	441377	24224583	3014458	315929507
3505	1200	2542	594	441707	24240631	1072934	79974869
3506	2792	3499	8347	441725	24241374	597055	36633981
3507	1351	3426	4797	441764	24244140	562171	33953657
3508	1819	2917	5322	441838	24250996	549590	32963955
3509	2689	3213	4712	441892	24257235	875399	60467040
3510	574	2771	1700	442482	24313518	460670	25710640
3511	861	1512	4192	442780	24335046	511535	29762663
3512	2347	2985	3101	442789	24335563	609273	37700356
3513	2117	2796	2998	443097	24362032	1046101	77533564
3514	1555	2940	4593	443146	24365772	476934	26937763
3515	2507	3100	6842	443770	24413904	599829	36883442
3516	897	1421	1715	443842	24419220	1744589	152926760
3517	1071	2902	3579	443884	24424137	1149726	87944928
3518	1246	2175	6220	444165	24446378	0	0
3519	467	1954	3334	444312	24462176	3713059	414716257
3520	772	3383	3611	444410	24472434	970900	70068885
3521	2371	3033	7836	444557	24487291	548542	32869640
3522	107	2003	1060	445347	24559134	1708638	149005211
3523	553	2701	2272	445523	24569098	542541	32338535
3524	1509	2487	3804	445912	24590450	2842642	292420847
3525	1611	3271	3631	446349	24611718	721047	46617481
3526	3043	3200	3598	446364	24612555	1666775	144672718
3527	2061	3070	5279	446554	24624637	552352	33171698
3528	2694	2860	7474	446751	24638816	602860	37175922
3529	1919	2868	2381	446763	24640271	977276	70700178
3530	1030	3173	5072	447036	24665242	494104	28335426
3531	1065	3467	2540	447094	24670697	3553100	391853446
3532	479	2340	4800	447271	24690469	617324	38290809
3533	2981	3068	5353	447380	24703464	726846	47164465
3534	1003	2752	3245	447445	24712636	555527	33383451
3535	625	2300	1266	447580	24727609	771763	51023325
3536	842	1226	3117	447818	24751992	2283292	218401546
3537	1384	2262	3995	447980	24767599	1309063	104375030
3538	177	393	737	448001	24769518	662832	41672776
3539	2387	3134	3602	448196	24787123	1773957	156397811
3540	2653	3242	7917	448340	24799854	1621940	139485838
3541	1071	2825	2365	448538	24822007	783956	52078862
3542	930	963	911	448621	24830982	0	0
3543	1313	2348	2270	448994	24867550	877573	60695841
3544	747	761	1253	449278	24890157	1321075	105569057
3545	579	2702	1633	449462	24901412	513919	29951223
3546	2388	3164	3510	449742	24918164	1099675	83034730
3547	157	950	530	449988	24931415	1275795	100965267
3548	1562	2561	1979	450260	24944707	880540	60941156
3549	590	1403	549	450308	24946847	641091	40093148
3550	1078	2555	6040	450324	24947472	450946	24988614
3551	1032	3115	1771	450533	24959907	571728	34682289
3552	1874	2460	6916	450749	24973353	794266	52918532
3553	235	1567	4616	450908	24985858	707102	45416976
3554	2157	3550	12189	450946	24988614	678303	43002323
3555	1313	3084	2970	451344	25033398	557112	33501745
3556	336	2486	1262	451356	25034713	3468847	379162109
3557	3154	3274	6599	451559	25053352	522343	30595066
3558	354	3348	1865	451695	25067534	1178084	91034862
3559	46	907	855	452330	25127048	745604	48765547
3560	1333	2344	1358	452435	25134223	617324	38290809
3561	1396	2523	3784	453056	25164469	966474	69646178
3562	302	970	696	453081	25165722	1703766	148443127
3563	2398	2422	3814	453280	25176691	508006	29491632
3564	57	3085	1451	453337	25180349	673502	42603368
3565	1156	2471	1714	453413	25185146	491555	28111438
3566	1087	3274	5023	453424	25185700	918715	64674360
3567	434	1001	903	453591	25197839	1645263	142293185
3568	216	1553	647	453640	25201963	1942624	177486048
3569	1153	1218	2364	453666	25202824	1306660	104120419
3570	1036	2145	2378	453733	25207659	1997757	184210483
3571	461	3184	5028	454133	25233301	1241253	97551533
3572	2451	3254	5204	454154	25235152	480448	27222083
3573	994	2153	1414	454444	25259831	1479520	123019856
3574	1966	2196	3475	454658	25275439	1221478	95588786
3575	404	2278	3285	454839	25288503	776808	51506253
3576	1094	1975	3394	454890	25291896	1178355	91077822
3577	43	1804	392	454933	25295046	648766	40665624
3578	1070	2888	5047	455106	25307998	1058606	78764180
3579	641	1520	1747	455242	25319231	0	0
3580	1514	2640	6964	455735	25357292	902209	63182945
3581	1390	2742	4379	456138	25389223	0	0
3582	158	1980	1278	456394	25409171	2801790	286928336
3583	976	2679	8061	456633	25424494	849386	57934866
3584	942	1175	980	456862	25441840	483303	27471757
3585	114	1254	1182	457023	25453637	1757142	154240049
3586	1205	2679	8507	457268	25470681	0	0
3587	959	3031	5675	457626	25497703	540595	32172850
3588	1803	3501	5485	457850	25514513	1046101	77533564
3589	206	2483	2054	458208	25542219	567363	34316889
3590	931	1042	1033	458280	25546730	1225574	96039533
3591	1712	2051	3234	458368	25552566	722377	46760745
3592	575	2014	2262	458387	25554019	1047100	77621078
3593	631	1693	2218	458659	25573071	2531935	250841384
3594	1264	3187	4681	459001	25595631	3764716	422076156
3595	1502	1754	3338	459028	25596915	569385	34496223
3596	71	1778	1844	459049	25598406	590810	36239021
3597	2837	2955	3011	459054	25598508	529563	31240170
3598	444	859	1545	459484	25632407	501290	28885760
3599	260	3235	4641	459863	25656660	2108344	196813320
3600	783	1184	3680	459901	25659362	1724975	150844205
3601	621	2153	1367	459991	25666586	552311	33168843
3602	1099	2023	4242	460202	25682071	517073	30180728
3603	165	927	900	460332	25689179	1237144	97093477
3604	2174	2527	885	460624	25708087	766945	50597011
3605	228	3510	1816	460670	25710640	564233	34104248
3606	2291	2879	5140	460727	25713643	796532	53188057
3607	402	1501	1904	460830	25722408	3274600	352350482
3608	2027	3405	14327	460952	25731080	527616	31068878
3609	158	1076	1743	461901	25819335	485671	27650002
3610	701	1540	2301	462305	25841134	664873	41840970
3611	1549	2124	1083	462378	25845125	618131	38349369
3612	943	1407	1606	462698	25859092	710629	45704513
3613	1151	2059	5488	462718	25859603	497464	28539858
3614	2399	2896	5283	462743	25860741	2004993	184964397
3615	1148	2001	1163	462884	25872440	1269234	100274732
3616	497	612	910	462896	25873421	584480	35686619
3617	4	183	311	462960	25878103	567627	34329942
3618	1132	3291	6315	462975	25878948	483823	27508724
3619	2511	2640	8811	463148	25893102	2130453	199307553
3620	2159	2760	11264	463507	25928268	580568	35352826
3621	2462	3013	7853	463570	25936744	599214	36825642
3622	1345	2357	2868	463591	25939968	786662	52330135
3623	573	1391	1489	463697	25955570	1130744	85996192
3624	966	3326	1170	463700	25955808	0	0
3625	119	1731	1525	463855	25979583	751204	49210635
3626	904	2543	1530	464555	26055038	633180	39513961
3627	3079	3234	516	464930	26082013	926162	65540314
3628	95	952	2979	465015	26088326	2033993	188392297
3629	326	1399	623	465388	26108469	512201	29811002
3630	572	2639	6398	465398	26108854	0	0
3631	1505	2739	4796	465881	26143605	662832	41672776
3632	551	2754	2097	465953	26149319	722830	46813565
3633	275	1244	484	465960	26149646	802636	53795844
3634	1983	2511	6262	466064	26156722	644339	40338740
3635	162	454	187	466260	26174353	1070822	79804089
3636	108	2527	659	466480	26191778	624503	38824434
3637	1084	1714	3318	466758	26207428	1047730	77670670
3638	1484	2079	3455	467329	26237161	719284	46464157
3639	278	1339	1208	467332	26237191	913352	64180136
3640	1041	2388	2201	467417	26242465	822883	55715950
3641	251	346	604	467551	26250106	4235320	491875145
3642	2144	3155	7311	467599	26252382	1218250	95239287
3643	3433	3455	4504	467944	26276112	972213	70216290
3644	549	1650	2114	468175	26291321	2244488	213785978
3645	763	1413	1289	468200	26292990	505219	29216351
3646	889	3178	1917	468471	26310265	749504	49098488
3647	94	485	749	468498	26312133	607993	37603678
3648	1042	2983	976	468696	26324449	834533	56649705
3649	621	3439	4841	468877	26333992	589499	36101050
3650	656	2790	4985	469225	26354591	538169	31941478
3651	1297	2536	9726	469307	26359139	1339833	107539815
3652	3226	3428	11340	469747	26399242	545701	32573458
3653	426	1132	2117	470537	26477838	865253	59510836
3654	434	681	934	470713	26489528	603119	37206235
3655	2627	2678	8264	470871	26499616	838815	56989104
3656	10	2805	3081	470942	26506116	741045	48407395
3657	93	1322	348	471534	26553129	710412	45690817
3658	1583	3500	4579	471944	26574575	980616	71058172
3659	838	1704	2494	472026	26578611	478006	27060598
3660	1732	3480	6121	472037	26579086	1773996	156402578
3661	1277	1626	1186	472080	26582390	905395	63463038
3662	1580	3419	3692	472534	26614273	586052	35828565
3663	845	886	1380	472688	26625800	562092	33947106
3664	1746	3149	6054	472700	26626332	1799427	159639661
3665	2395	3225	2605	472786	26634650	482636	27414617
3666	1129	1635	1794	472975	26654526	864729	59467722
3667	833	3333	3982	473334	26683349	834533	56649705
3668	2094	2099	1290	473609	26704444	2856989	294528933
3669	1672	2362	6063	473725	26712024	527033	31013027
3670	2494	2570	2534	473786	26716676	3676741	409725873
3671	1656	2197	3165	473990	26730678	550319	33026486
3672	330	1608	898	474005	26732839	645289	40405112
3673	197	705	775	474116	26740945	1864403	168294372
3674	2604	2857	4090	475012	26795223	2259016	215544335
3675	2112	2162	3889	475062	26797606	1655731	143553212
3676	3181	3472	11536	475653	26826793	927432	65669582
3677	379	2159	4290	475841	26842903	498069	28613958
3678	407	2008	2643	476027	26857583	684117	43535995
3679	1595	2519	5936	476456	26887818	479336	27151501
3680	3353	3450	12067	476586	26896548	504629	29156875
3681	822	1497	3362	476636	26902605	0	0
3682	2104	3514	6310	476934	26937763	1916094	174528178
3683	3355	3428	10886	477140	26962649	1233211	96739704
3684	57	643	436	477202	26971658	505775	29271538
3685	2846	3659	4716	478006	27060598	548209	32832522
3686	3146	3501	4742	478129	27071407	709272	45598448
3687	2025	3000	4560	479122	27139993	979776	70973514
3688	2104	3679	7653	479336	27151501	0	0
3689	2648	2880	2860	479511	27164036	1604695	137173625
3690	13	591	696	480037	27199678	1304809	103933641
3691	1638	3229	2945	480296	27212157	702238	44965410
3692	2546	3401	6628	480402	27218383	1715122	149635166
3693	2930	3572	6027	480448	27222083	3664660	408209379
3694	725	1744	2549	480503	27228086	600354	36947712
3695	550	2589	7248	480638	27239297	1804895	160298114
3696	222	1122	2023	480811	27257897	2637474	264790984
3697	2829	3066	6412	480908	27269388	1773424	156353105
3698	814	2582	7877	481780	27345174	784280	52112872
3699	1799	1803	5550	481950	27358729	564728	34137056
3700	2264	3136	2031	482102	27370923	1187155	91996345
3701	1195	2440	2463	482383	27393165	658065	41352661
3702	1582	2226	6804	482450	27397553	2154635	202252236
3703	2527	3665	3038	482636	27414617	1991031	183406576
3704	869	1977	1277	482773	27428329	1139010	86847586
3705	518	2106	2276	482859	27435687	1072934	79974869
3706	2096	3584	3363	483303	27471757	1087003	81855195
3707	208	1890	1182	483310	27472301	483312	27472333
3708	2933	3707	3310	483312	27472333	803752	53895718
3709	2179	2453	3869	483682	27499029	686204	43714947
3710	2487	3618	7957	483823	27508724	1419492	115882756
3711	675	2711	4289	484002	27525731	1438246	118170673
3712	1523	3051	8034	484149	27539003	577133	35119042
3713	1347	3105	1721	484609	27585683	731495	47616664
3714	443	786	568	485276	27632130	1009209	73976278
3715	1190	2137	2082	485335	27635052	2564056	254896956
3716	568	922	636	485605	27647419	2405019	235134423
3717	2409	2802	5446	485669	27649995	587407	35908721
3718	427	3609	1962	485671	27650002	592604	36369980
3719	3268	3494	12048	485725	27653982	518521	30315672
3720	1907	3349	6051	486042	27689453	803557	53875225
3721	972	1241	1365	486406	27729394	571360	34665472
3722	1160	3111	2321	486658	27750837	1425460	116632569
3723	648	813	1267	487049	27782182	488441	27892539
3724	1704	2498	4036	487208	27791990	489309	27946565
3725	158	258	654	487276	27797274	735812	47970188
3726	1189	1823	6926	487305	27798994	501625	28905234
3727	569	752	1873	487340	27801296	611047	37844440
3728	569	1616	1960	487340	27801296	4046456	464172097
3729	752	1616	1967	487340	27801296	1185824	91821966
3730	411	1303	2796	487709	27835214	1347111	108276205
3731	1714	2329	7384	488066	27862458	1896188	172437599
3732	1153	3723	2932	488441	27892539	2455832	241323093
3733	490	1896	582	488504	27897665	1613171	138284410
3734	18	2761	643	488779	27916815	1799352	159631073
3735	1410	1539	1920	488858	27921875	677044	42883330
3736	1439	2235	1048	489017	27930552	637840	39850941
3737	1079	3281	1327	489145	27937612	877666	60703246
3738	1611	3724	5325	489309	27946565	1460030	120590327
3739	419	1349	968	489481	27958395	584686	35706542
3740	544	3288	726	489512	27960657	562811	34012410
3741	1859	3098	4162	489870	27981521	1149962	87966704
3742	368	2494	2102	490182	27998115	3659583	407607780
3743	615	1271	1665	490194	27998633	650060	40780778
3744	1605	2259	3157	490234	28001801	593140	36402637
3745	636	2972	10989	490566	28022068	491709	28123562
3746	749	1368	914	490578	28022667	505108	29207024
3747	342	1193	1747	490672	28031545	0	0
3748	1358	2770	4995	490798	28043900	546786	32690822
3749	1053	2388	2044	491050	28070759	3837752	432716593
3750	93	150	382	491118	28076315	852606	58158624
3751	2396	3565	5679	491555	28111438	2464283	242409780
3752	514	972	803	491655	28119318	591147	36267372
3753	2849	3745	11745	491709	28123562	2461979	242111980
3754	318	1526	5870	492040	28160073	0	0
3755	1193	3565	3101	492057	28163119	562092	33947106
3756	171	2228	373	492292	28189538	538370	31970231
3757	1202	2328	2200	492379	28198844	3819888	430121621
3758	1061	3149	6285	492620	28222474	525312	30879124
3759	440	3408	2409	492649	28225489	494183	28341775
3760	2369	3158	4202	493269	28278847	1303463	103768150
3761	1126	2840	5231	493590	28301481	2578379	256752464
3762	587	637	1068	493870	28319917	694519	44403839
3763	1880	3530	8560	494104	28335426	522595	30631403
3764	2176	3759	4378	494183	28341775	580214	35330394
3765	677	874	369	494734	28384291	899516	63011327
3766	629	986	1964	494923	28394918	1741096	152585528
3767	7	868	489	495349	28414928	1499714	125639107
3768	400	3455	2992	495508	28420900	1051258	77992724
3769	109	2641	3799	495519	28421482	1700588	148093978
3770	1956	3168	2944	495724	28431840	724175	46933797
3771	251	2062	1748	495783	28434714	582180	35519883
3772	427	713	293	495860	28439641	3389386	368185358
3773	1581	3233	1507	496167	28455770	948240	67681013
3774	375	899	870	496247	28459946	1847875	166034032
3775	2065	2919	3886	496486	28470474	816951	55102567
3776	2245	2996	4722	496507	28471282	1395886	113282806
3777	1595	2408	2181	496577	28476976	520798	30499969
3778	1717	3139	2252	496906	28498517	533111	31492368
3779	1136	2022	5714	497099	28511141	1102819	83441477
3780	1296	3014	10373	497286	28524793	497742	28569290
3781	3382	3613	7220	497464	28539858	953836	68225839
3782	885	2625	4015	497727	28568138	1172266	90527245
3783	2046	3780	12112	497742	28569290	1244957	97949717
3784	2700	3677	7692	498069	28613958	985760	71555840
3785	2115	2606	4310	498468	28666966	943578	67179079
3786	2	2177	1467	498806	28704561	1224951	95965470
3787	220	362	561	499016	28723728	522176	30575514
3788	37	1877	2490	499588	28764870	838855	56993237
3789	2162	3467	2054	499600	28765988	1722418	150421548
3790	459	3244	5450	499773	28776807	886605	61666977
3791	214	302	282	499972	28793681	905716	63484859
3792	1685	3259	7196	500068	28800448	0	0
3793	1215	1954	3308	500159	28807765	820710	55534730
3794	1389	1978	954	500190	28809970	1801362	159927711
3795	2255	3223	1196	500363	28823201	848221	57845341
3796	2337	2846	3166	500691	28849966	517244	30196629
3797	1052	1153	2988	501176	28879284	0	0
3798	3302	3598	3854	501290	28885760	4351512	511151488
3799	147	365	445	501423	28893434	737766	48174605
3800	1971	2479	2729	501594	28903362	782116	51938061
3801	1851	3726	10574	501625	28905234	533111	31492368
3802	925	2830	3547	501852	28925689	685602	43668901
3803	2560	2822	3334	502131	28951621	0	0
3804	1722	2705	5515	502184	28955825	3004741	314914678
3805	540	2891	1347	502429	28977425	801679	53702374
3806	778	1943	1849	502642	28993835	516543	30146849
3807	1829	2680	5555	502662	28995446	746189	48809925
3808	356	2598	1587	502789	29008428	1253362	98819321
3809	515	1215	1361	503017	29028080	2108158	196791999
3810	765	2563	1931	503046	29030386	557617	33541731
3811	1289	2395	3583	503171	29039555	1141745	87040225
3812	1541	2410	1797	503189	29040829	576399	35073739
3813	3152	3609	5204	503285	29050929	2596794	259475642
3814	876	1644	1828	503373	29059531	1177606	90981085
3815	2121	2312	4211	503475	29069228	0	0
3816	2908	3367	1877	503562	29077946	549350	32946578
3817	908	1842	2520	504475	29147278	1789954	158393363
3818	3242	3680	18151	504629	29156875	989986	71977301
3819	75	1649	781	505026	29200544	562398	33976419
3820	3346	3746	1520	505108	29207024	2093494	194850715
3821	1838	3645	6051	505219	29216351	1212843	94524687
3822	431	1893	720	505461	29244232	522176	30575514
3823	133	782	810	505484	29246428	894900	62619180
3824	781	1623	4020	505764	29271109	1452018	119664112
3825	2846	3684	2658	505775	29271538	1164987	89611782
3826	2314	2362	8019	505879	29281947	509983	29653879
3827	1364	3015	3113	506273	29322202	782116	51938061
3828	1661	2079	1888	506440	29335823	556474	33453467
3829	2323	2602	3047	506595	29347722	922904	65210444
3830	2350	3071	7118	506692	29355829	1377158	111259782
3831	227	1434	2330	506918	29378665	3430004	373448955
3832	2319	3042	13094	507201	29404097	536083	31695731
3833	155	3402	1240	507817	29473638	661225	41577899
3834	3484	3563	4238	508006	29491632	771878	51034832
3835	737	819	897	508064	29496537	0	0
3836	157	3116	1429	508072	29497029	1108389	83892069
3837	157	3432	2937	508072	29497029	718141	46376070
3838	3116	3432	4258	508072	29497029	621983	38582250
3839	1370	2816	2609	508663	29552405	640322	40025322
3840	1137	3415	3353	509010	29580597	1067595	79551233
3841	2236	2836	2026	509149	29591834	967931	69744882
3842	2	814	2623	509381	29607470	2421533	237122053
3843	3171	3458	6097	509391	29607897	0	0
3844	904	1530	1705	509597	29625871	1066024	79444372
3845	1859	3826	8225	509983	29653879	1797995	159442114
3846	828	3058	1336	510238	29677581	1360909	109744192
3847	470	3021	2343	510897	29725474	575684	35021138
3848	663	1739	4119	510998	29730303	522216	30578426
3849	150	436	527	511171	29741327	552875	33209566
3850	930	2498	2299	511337	29750735	938768	66766302
3851	2182	3511	7363	511535	29762663	1121767	85172924
3852	1	2498	2178	511746	29778179	1624174	139792503
3853	2439	2592	2439	511784	29780022	0	0
3854	977	1009	702	511830	29784281	792845	52822353
3855	2301	3265	1173	511982	29795058	1274635	100840515
3856	1276	1768	1443	512070	29801369	628988	39114697
3857	3396	3629	3270	512201	29811002	1817583	161847679
3858	3051	3397	7668	512421	29827556	1024344	75355546
3859	1461	3207	3678	512552	29838770	918373	64630754
3860	2445	3214	1518	512565	29839948	1109928	84044723
3861	2393	3221	7159	512741	29855168	673228	42562789
3862	795	2976	1613	513457	29921801	931711	66083316
3863	159	2020	1713	513516	29925481	3041614	319709877
3864	1763	2992	6033	513823	29944026	0	0
3865	1776	3545	1983	513919	29951223	3810215	428713446
3866	793	3563	4169	514095	29964666	527875	31101118
3867	88	2247	1624	514477	29992384	541811	32287800
3868	1632	3414	8366	514849	30012181	796343	53161440
3869	2692	3205	5636	515229	30043793	660259	41520170
3870	8	2982	809	515332	30052144	731393	47610133
3871	2158	3069	7808	515500	30066008	1214824	94746851
3872	412	2216	1094	516057	30113841	542247	32319484
3873	1401	1843	2661	516216	30123716	2861701	295141584
3874	193	3127	3148	516254	30126042	537795	31897826
3875	3109	3806	4494	516543	30146849	0	0
3876	606	3202	3288	516984	30174701	535434	31649195
3877	2987	3602	7958	517073	30180728	594436	36473755
3878	901	1959	1308	517157	30188428	758757	49888017
3879	517	2534	1313	517170	30190196	2269766	216818151
3880	1229	3796	4142	517244	30196629	910105	63928374
3881	1097	1409	528	517588	30227125	1186519	91913525
3882	246	2841	7186	517669	30232586	561355	33879328
3883	2329	3152	7846	517879	30251953	787453	52403094
3884	3083	3125	4323	518140	30280192	545337	32549795
3885	3024	3719	13559	518521	30315672	526554	30963573
3886	515	2730	1821	519100	30383573	2988768	312622979
3887	623	1494	2011	519717	30433045	624401	38816643
3888	468	473	539	519996	30451920	770649	50904321
3889	675	3378	4002	520106	30458776	560023	33743961
3890	1228	2658	2428	520551	30485281	3641709	404799994
3891	1031	2128	3965	520570	30485941	640529	40043766
3892	2839	3777	2646	520798	30499969	0	0
3893	215	2897	3234	521100	30517894	0	0
3894	288	2745	1468	521449	30537138	949383	67815414
3895	564	982	1186	521462	30537664	1672820	145279184
3896	367	2598	1339	521800	30553335	591825	36321184
3897	71	1941	1267	521891	30558149	2832688	290884223
3898	3094	3388	13335	522061	30565424	2876922	297240592
3899	3787	3822	1281	522176	30575514	631012	39291014
3900	3439	3848	8192	522216	30578426	580994	35389404
3901	3185	3557	8505	522343	30595066	1775169	156562985
3902	567	2111	2603	522352	30596210	0	0
3903	1825	3763	9322	522595	30631403	641285	40108249
3904	749	3122	4511	522726	30652904	1006909	73668715
3905	1103	2546	3074	522914	30680097	795286	53043723
3906	1565	3239	2634	523688	30760731	1257774	99248299
3907	96	1410	518	523725	30764520	548542	32869640
3908	688	2973	3033	524044	30789957	547366	32753565
3909	2607	3366	4066	524111	30795387	1791632	158596944
3910	3476	3482	1960	524366	30814906	558059	33575643
3911	1816	2408	2667	524634	30834763	790412	52651085
3912	1103	3436	3395	524771	30843582	961764	69191073
3913	2731	3449	3797	524965	30857157	663734	41752654
3914	694	3758	6732	525312	30879124	1099388	83003041
3915	1614	2245	5566	525584	30900115	1926528	175725829
3916	402	2436	768	525876	30924595	853988	58296698
3917	709	2168	780	526297	30949652	688753	43900616
3918	1516	3885	13845	526554	30963573	587840	35940430
3919	847	1784	370	526886	31000643	1849791	166296305
3920	1945	3669	7741	527033	31013027	578440	35206877
3921	2213	3608	16242	527616	31068878	1434187	117634705
3922	372	749	1080	527642	31071575	1586795	135071043
3923	2975	3866	6806	527875	31101118	4416269	521494921
3924	351	628	942	527897	31104391	1051531	78029979
3925	942	3200	2631	528854	31197483	596825	36621480
3926	216	551	680	529099	31213964	605701	37427850
3927	89	550	741	529470	31235693	0	0
3928	1664	3597	4504	529563	31240170	1417600	115692457
3929	396	3367	1544	529647	31244859	798937	53451643
3930	760	3007	2297	529708	31248309	556253	33437930
3931	1269	3260	1419	529992	31264845	648445	40640344
3932	275	2594	2632	530049	31268223	1294014	102838125
3933	352	2661	5560	530101	31271663	3183351	339740661
3934	946	3281	1311	530301	31288659	841162	57230777
3935	645	2337	1219	530435	31298195	577667	35157490
3936	375	1974	962	530999	31332214	653112	40984468
3937	1820	2832	2969	531257	31343742	682646	43416234
3938	804	2367	4054	531373	31348918	1809529	160838893
3939	2746	2922	2769	531421	31352265	620243	38476251
3940	665	2288	5242	531460	31355414	587331	35904920
3941	2305	3262	5676	531510	31359511	0	0
3942	1670	1903	3560	531608	31370646	538169	31941478
3943	2937	3500	3682	532102	31415769	696389	44549040
3944	61	986	1282	532245	31430766	640529	40043766
3945	372	592	729	532269	31432163	730679	47562965
3946	854	1436	4045	532379	31441913	1051258	77992724
3947	1707	1884	2026	532669	31463948	811283	54693494
3948	3778	3801	12826	533111	31492368	3925834	446106972
3949	909	1034	1565	533177	31498505	633331	39527406
3950	2695	2777	7321	533415	31524241	2462910	242223828
3951	123	2561	1575	533919	31571743	0	0
3952	2400	3058	1420	534642	31617686	1679889	145930503
3953	748	3876	3647	535434	31649195	980616	71058172
3954	1384	1876	6706	535571	31655129	944932	67315067
3955	117	1212	798	535584	31656021	602833	37173116
3956	880	3469	6410	535652	31659517	751028	49196699
3957	2192	2886	5446	535668	31660702	1143104	87164428
3958	1417	1485	2936	535989	31688652	855782	58444025
3959	1790	3832	14564	536083	31695731	568799	34418804
3960	1321	1716	1549	536178	31710592	567627	34329942
3961	909	3477	4456	536433	31743327	617034	38266368
3962	2497	3374	4585	536593	31761443	668209	42095201
3963	342	3145	4718	537146	31822020	1124968	85481057
3964	1785	3342	9193	537363	31844003	1064335	79282605
3965	562	2152	2582	537389	31847215	812401	54767520
3966	363	2963	2626	537503	31861678	653347	41002521
3967	2942	3874	4785	537795	31897826	794064	52902317
3968	2205	2911	2572	537888	31909873	986552	71624533
3969	415	1095	1862	537911	31912063	630372	39232643
3970	3650	3942	8545	538169	31941478	717043	46299125
3971	2992	3756	4275	538370	31970231	573244	34792203
3972	2731	3484	920	538451	31980787	1109960	84047835
3973	1575	3269	7392	539060	32048547	2023109	187300413
3974	3280	3389	2334	539341	32075634	1271337	100511511
3975	2372	3446	3592	539472	32088653	0	0
3976	1410	3874	3625	540067	32133972	893977	62514219
3977	1012	1475	3952	540159	32140521	1793141	158757272
3978	1330	2602	1771	540309	32152010	1582213	134434987
3979	3016	3126	9824	540556	32169017	633331	39527406
3980	333	3587	5928	540595	32172850	3720035	415738729
3981	890	1501	2141	541081	32225134	1905886	173458929
3982	1942	2295	5027	541121	32229078	859930	58897585
3983	838	2246	1565	541200	32236522	939545	66835655
3984	1818	2112	4020	541325	32247037	715392	46157828
3985	699	1426	4548	541758	32282896	1617749	138934063
3986	526	3867	2415	541811	32287800	1747289	153211124
3987	743	1788	3915	542183	32315818	625472	38908352
3988	391	3872	1281	542247	32319484	1867173	168636816
3989	969	3523	3036	542541	32338535	1659161	143952527
3990	1433	3421	8442	542871	32360617	758912	49901808
3991	3119	3123	7328	542994	32372175	1809287	160813658
3992	813	2254	9033	543339	32407148	638814	39918944
3993	2842	3257	1398	543993	32468389	0	0
3994	2763	3254	5907	544334	32491080	796859	53236354
3995	313	1669	954	544753	32519085	560175	33762446
3996	95	2433	1075	544850	32524097	573226	34790745
3997	258	564	1060	544989	32531896	938633	66753898
3998	704	3884	5283	545337	32549795	0	0
3999	827	2981	3839	545447	32556384	794266	52918532
4000	2147	3368	3156	545606	32567196	1739775	152458518
4001	1521	3652	11457	545701	32573458	765261	50435248
4002	650	2770	5154	545771	32580897	2026793	187626292
4003	983	3370	2233	545862	32594433	0	0
4004	1328	2416	1832	545892	32597613	1360909	109744192
4005	432	2869	4527	545951	32603706	1946174	178148255
4006	1810	3090	3454	546556	32669333	1301093	103526712
4007	1219	3748	7569	546786	32690822	0	0
4008	1989	2629	6200	546848	32697318	0	0
4009	1533	1936	1793	546906	32703900	1809052	160794313
4010	668	1855	1717	546939	32707316	623589	38745699
4011	701	2769	2795	547309	32748176	944737	67287920
4012	1753	3908	3919	547366	32753565	3885782	440317229
4013	2058	2868	2107	547872	32807468	966734	69662431
4014	1974	2517	3958	548176	32829848	570007	34566558
4015	1491	2135	7878	548181	32830065	817822	55165312
4016	2459	3685	7472	548209	32832522	726846	47164465
4017	1149	2566	1140	548451	32861033	0	0
4018	3521	3907	8354	548542	32869640	0	0
4019	1943	3816	3314	549350	32946578	1908273	173801646
4020	2494	3508	6612	549590	32963955	648926	40680152
4021	2488	3320	6510	549938	32993811	890903	62211257
4022	597	1440	2339	550241	33019700	1129228	85854238
4023	2142	3671	5835	550319	33026486	2329719	224954945
4024	1794	2706	3105	550671	33055461	726794	47159962
4025	1262	1570	2714	550928	33074538	2738115	278360417
4026	724	1585	2289	551053	33084499	782842	51992393
4027	1259	1704	3173	551248	33098954	1113207	84318272
4028	493	3510	2104	551377	33107451	2115580	197719458
4029	2780	3291	9183	551878	33139856	598335	36754676
4030	752	1495	1973	552227	33164063	3220014	344710870
4031	405	3601	2066	552311	33168843	647931	40601405
4032	1669	3527	5843	552352	33171698	3493503	382698093
4033	473	2449	711	552744	33200064	650206	40794563
4034	1245	3849	1581	552875	33209566	613688	38030310
4035	1190	1941	1982	553137	33225149	1198009	93222179
4036	1163	2683	2322	553205	33228852	868283	59820886
4037	2017	2553	1803	553783	33257084	3142046	333856099
4038	148	3027	1047	553923	33263083	1085781	81690463
4039	1276	2041	1871	554015	33266533	605623	37422621
4040	111	581	352	554066	33269099	864099	59420945
4041	1693	1897	2970	554139	33271832	2512405	248173293
4042	217	1951	2867	554144	33271917	1154280	88411086
4043	1469	3229	4416	554246	33276493	2915687	302107420
4044	1956	2650	4702	554305	33280176	589499	36101050
4045	2564	3245	11863	554385	33284942	574744	34928614
4046	138	3426	2943	555167	33355661	555527	33383451
4047	14	3267	4456	555213	33359255	589455	36097289
4048	3534	4046	6188	555527	33383451	1108725	83923552
4049	1369	2034	1103	555755	33403543	2137096	200206065
4050	84	1819	1553	556068	33426186	584457	35685534
4051	1035	3930	3791	556253	33437930	0	0
4052	2488	2974	5141	556455	33452078	602124	37106596
4053	866	3828	5052	556474	33453467	0	0
4054	632	1547	1256	556676	33469524	782362	51957932
4055	1032	1915	1440	556959	33490914	1117488	84767740
4056	2671	3555	9653	557112	33501745	770757	50915116
4057	1610	3810	2920	557617	33541731	965102	69542049
4058	3131	3153	2116	557686	33546770	622277	38617854
4059	1611	3364	1452	557745	33550520	654731	41135674
4060	1121	2517	3447	557881	33561384	591825	36321184
4061	265	3910	2200	558059	33575643	875399	60467040
4062	966	3394	1588	558189	33584084	687852	43830953
4063	1394	1739	4962	558420	33601134	1081844	81212936
4064	1533	3238	12396	558518	33609282	665738	41904221
4065	1724	1934	4004	558575	33617661	997896	72869573
4066	24	1759	2691	558893	33654171	2295992	220277820
4067	731	3351	2303	559118	33676072	1381997	111768818
4068	361	1161	963	559272	33689228	929183	65878722
4069	721	767	236	559697	33718082	613909	38046196
4070	721	3671	3251	559805	33724127	709272	45598448
4071	2495	3124	9019	559863	33727377	2036103	188628397
4072	937	3078	3107	559918	33733284	711756	45799764
4073	637	2553	1247	559926	33733966	1547387	130847198
4074	950	2198	2836	559964	33737366	665065	41853059
4075	206	3889	4182	560023	33743961	716181	46230535
4076	3244	3995	6019	560175	33762446	585459	35775735
4077	1435	1850	6100	560507	33801489	724175	46933797
4078	38	2305	129	560974	33850359	1202412	93709696
4079	171	2979	3491	561248	33871202	604833	37366907
4080	176	3882	7268	561355	33879328	613241	37999238
4081	1236	2627	6586	561966	33937022	999034	72965602
4082	3234	3317	908	562019	33941084	978855	70873809
4083	3663	3755	4481	562092	33947106	775864	51422102
4084	2139	3507	5707	562171	33953657	658391	41372495
4085	2060	3819	3491	562398	33976419	1245133	97977052
4086	441	3740	1233	562811	34012410	899142	62990412
4087	75	2448	741	562927	34020993	563490	34056719
4088	1413	2354	1501	563237	34042503	2438009	238914627
4089	2217	4087	1689	563490	34056719	623962	38780090
4090	2077	2088	5315	563537	34059250	0	0
4091	1374	2367	5036	563893	34082602	672187	42453643
4092	83	2086	1880	564035	34092291	1403910	114213847
4093	769	3605	2716	564233	34104248	570580	34615246
4094	1084	2261	9194	564594	34125465	0	0
4095	3154	3699	7761	564728	34137056	828030	56065068
4096	738	2364	1930	565171	34182612	1122434	85227512
4097	978	1244	1425	565555	34212426	2107010	196639344
4098	633	2956	5250	565609	34216035	599609	36862550
4099	3038	3629	1079	566419	34264901	1148836	87870072
4100	988	1225	2501	566520	34269722	2608286	260975894
4101	1591	3550	7410	566667	34276787	599923	36894853
4102	167	2710	1537	566980	34296338	1273250	100686038
4103	1481	3010	2679	567198	34308771	799380	53486969
4104	2166	3589	2943	567363	34316889	670822	42309134
4105	3617	3960	1860	567627	34329942	990466	72046461
4106	3394	3598	2978	567830	34340666	671578	42387929
4107	1759	2638	3943	567966	34347973	573244	34792203
4108	1155	3169	4096	568063	34353035	1224564	95918154
4109	3042	3425	16302	568364	34371813	860170	58928390
4110	1027	3359	1193	568558	34395722	1642036	141915549
4111	2876	3959	16013	568799	34418804	2220365	210815500
4112	52	1055	628	569112	34463559	1559691	132057940
4113	2585	3286	4762	569287	34485273	988843	71878485
4114	323	3503	1208	569291	34485374	0	0
4115	141	636	519	569365	34494233	619225	38408790
4116	1402	3595	3832	569385	34496223	1058189	78725508
4117	574	4014	4583	570007	34566558	2425517	237574220
4118	2305	4093	2801	570580	34615246	872091	60139027
4119	533	762	993	571275	34661148	679230	43090572
4120	576	3721	1608	571360	34665472	1353499	108938155
4121	453	3551	2412	571728	34682289	2263049	215974840
4122	976	1380	3193	571742	34682614	1552302	131305554
4123	590	2511	2830	571772	34684642	1709379	149099189
4124	52	1816	1051	571930	34694518	1310749	104612225
4125	1260	1986	3936	571939	34695056	1374252	110952734
4126	2062	3184	6572	571954	34696002	935338	66403675
4127	1824	3021	4282	572273	34720293	673266	42568721
4128	139	2726	4754	572449	34734264	704589	45177230
4129	2868	3107	2667	573079	34780784	3521961	387178671
4130	1912	2471	4207	573124	34783611	1706043	148696842
4131	1145	3996	1882	573226	34790745	845350	57582519
4132	3971	4107	8218	573244	34792203	584480	35686619
4133	2130	2782	4196	573472	34816181	841734	57282619
4134	1272	2730	1830	573606	34830473	645395	40417160
4135	74	3092	1920	573964	34864530	1237587	97155257
4136	302	2434	1481	574175	34881225	1006954	73673424
4137	961	3372	8334	574396	34897098	2343056	226830650
4138	2472	4045	13674	574744	34928614	1039652	76903423
4139	88	3105	383	575139	34975310	0	0
4140	2130	3847	4965	575684	35021138	682067	43361346
4141	368	2342	2826	576054	35049659	0	0
4142	1190	1681	3095	576120	35053942	0	0
4143	257	1754	1775	576250	35064140	742995	48545713
4144	1005	3812	3732	576399	35073739	716488	46255401
4145	429	1296	1874	576928	35107742	1212215	94468596
4146	2119	3712	11174	577133	35119042	609023	37673133
4147	665	2305	402	577318	35134131	732777	47716260
4148	840	3935	1576	577667	35157490	1167339	89901918
4149	367	431	704	577778	35164365	2492415	245922478
4150	926	3796	3607	577844	35167986	635613	39712860
4151	392	2609	2194	578058	35182077	714562	46095435
4152	2916	3219	8062	578223	35191393	752941	49358846
4153	1637	3920	8481	578440	35206877	764756	50387754
4154	1049	2487	2488	579070	35263349	688428	43876212
4155	1086	1900	2680	579235	35275323	1063096	79194775
4156	1425	1451	1306	579414	35286607	1026814	75613355
4157	1995	3602	4823	579774	35307025	703505	45068179
4158	607	2368	2263	580111	35325122	3742860	418986329
4159	550	3764	5003	580214	35330394	1586394	134999826
4160	1209	3620	13502	580568	35352826	0	0
4161	2318	3900	9869	580994	35389404	708155	45496952
4162	893	3329	8606	581303	35422002	0	0
4163	242	279	188	581403	35433165	733567	47792869
4164	1423	3434	6195	581424	35435588	615823	38177411
4165	1626	2259	3504	581549	35453378	0	0
4166	1854	3771	4542	582180	35519883	793196	52843102
4167	679	2329	4961	582557	35550097	2441532	239397545
4168	30	2603	3758	582616	35555233	661903	41617830
4169	96	1062	1309	582678	35561521	2114597	197591138
4170	346	2571	3660	583732	35637013	0	0
4171	1775	2755	7096	583828	35642028	701702	44927853
4172	759	1869	1712	584044	35658806	588754	36042224
4173	624	1521	396	584063	35660091	0	0
4174	1018	1021	659	584245	35672428	619729	38442778
4175	445	1506	749	584307	35676137	1411627	115012010
4176	598	4050	1719	584457	35685534	628734	39102095
4177	3616	4132	9128	584480	35686619	696162	44522031
4178	563	3739	1295	584686	35706542	1739998	152480605
4179	1585	2202	6600	584736	35710357	771457	50990903
4180	2050	3279	3866	585206	35754750	933658	66258818
4181	1109	3146	1894	585431	35773950	1920008	174971445
4182	739	1208	1094	585450	35774963	715542	46170158
4183	1864	4076	6902	585459	35775735	621573	38544471
4184	1035	2504	2779	585615	35792000	755673	49608100
4185	1861	3662	4707	586052	35828565	0	0
4186	1183	1591	2693	586233	35842349	645156	40393564
4187	2831	3940	6580	587331	35904920	3714498	414924868
4188	3650	3717	10431	587407	35908721	971979	70187252
4189	1281	3918	16171	587840	35940430	800175	53553401
4190	1349	2980	2857	588131	35978922	679760	43125493
4191	341	2328	1864	588507	36017997	1280641	101522609
4192	3020	4172	2926	588754	36042224	897458	62846820
4193	2	2158	2325	589430	36095726	3680000	410071778
4194	2030	4047	5061	589455	36097289	0	0
4195	3649	4044	9543	589499	36101050	967902	69742422
4196	1182	3832	14374	589564	36110030	1111940	84204853
4197	1360	3596	2867	590810	36239021	729286	47399302
4198	220	3071	6026	590871	36242786	736077	47990664
4199	863	3752	1604	591147	36267372	715542	46170158
4200	1093	2855	4102	591322	36281730	954094	68256727
4201	474	3168	2510	591428	36289901	1523103	128078939
4202	3896	4060	4786	591825	36321184	793664	52872640
4203	636	1304	1500	592213	36346164	0	0
4204	3306	3718	5595	592604	36369980	733277	47760678
4205	186	985	1194	592831	36385937	0	0
4206	1831	3744	6661	593140	36402637	956754	68561240
4207	689	712	1837	593266	36410897	0	0
4208	146	2527	547	593446	36422032	648651	40655279
4209	114	714	1051	593881	36445308	596187	36590678
4210	1858	2298	1311	594230	36461808	1337777	107311914
4211	2874	3847	5443	594258	36462882	0	0
4212	130	1509	2247	594287	36464360	2396991	234031430
4213	744	3877	8125	594436	36473755	637350	39808369
4214	1157	2973	5003	594824	36503867	2043939	189725456
4215	1641	2950	5694	594978	36515972	1572316	133337152
4216	494	1008	1413	595871	36575721	1508155	126473406
4217	105	2773	617	596111	36587180	2941366	305897656
4218	156	2653	1905	596148	36588947	1451623	119598137
4219	1088	4209	4076	596187	36590678	932803	66175159
4220	1868	2943	3886	596785	36619403	2361964	229308902
4221	1995	3925	3212	596825	36621480	766170	50528378
4222	2312	3506	9021	597055	36633981	860170	58928390
4223	1663	1918	1890	597083	36635697	0	0
4224	3034	3240	16269	597305	36656702	2816837	288856907
4225	720	1006	1537	597464	36676413	1141329	87008129
4226	1107	1367	1477	597575	36687207	654139	41083130
4227	3114	4029	10720	598335	36754676	1671944	145183786
4228	962	3621	8661	599214	36825642	857504	58625011
4229	628	1165	950	599374	36842683	902358	63192004
4230	2377	4098	6361	599609	36862550	3794110	426652645
4231	3141	3515	8864	599829	36883442	629200	39127387
4232	146	4101	7524	599923	36894853	1678546	145754548
4233	3025	3694	4077	600354	36947712	2079498	193444114
4234	268	3227	2696	601404	37040413	2328194	224748683
4235	952	1190	3720	601423	37042446	1154509	88446369
4236	952	2466	4688	601423	37042446	640322	40025322
4237	1190	2466	2558	601423	37042446	601559	37053840
4238	1001	4237	3283	601559	37053840	689678	43983863
4239	2805	3154	5277	601622	37060746	2099367	195661435
4240	1677	1835	2250	601761	37072380	4210984	488025880
4241	1607	2456	2791	601796	37075560	1070822	79804089
4242	1563	2785	4587	601833	37079782	1068920	79659010
4243	1121	4052	5312	602124	37106596	631974	39395723
4244	1173	2494	4854	602547	37147826	962629	69295730
4245	1633	2788	3686	602687	37160005	1041548	77158692
4246	645	3955	1073	602833	37173116	799134	53468620
4247	2353	3528	8748	602860	37175922	902492	63199868
4248	2432	3654	2900	603119	37206235	647281	40561147
4249	207	2015	553	603228	37219939	1157234	88766675
4250	0	1005	1936	603322	37231589	3443088	375149482
4251	544	2960	4834	603444	37244893	3831684	431890445
4252	2780	2968	5083	603509	37253479	1357297	109326050
4253	126	3874	3259	603548	37258402	664296	41797415
4254	9	1771	982	604630	37354386	613998	38052124
4255	163	1167	726	604791	37364461	3031311	318255029
4256	2958	4079	5944	604833	37366907	1484418	123766406
4257	341	1737	2862	605078	37385432	687622	43810983
4258	2297	3332	8342	605453	37410193	0	0
4259	1534	4039	3667	605623	37422621	739770	48307255
4260	3462	3926	1872	605701	37427850	2026315	187584280
4261	3378	3771	5542	605824	37436892	770221	50864622
4262	1832	2115	2807	605845	37438935	1880667	170261846
4263	792	1132	1653	606333	37471675	2243264	213659927
4264	1799	2791	5309	606675	37490404	1024344	75355546
4265	1955	2789	7236	606723	37493704	964283	69458132
4266	1034	1067	1701	606739	37495082	1219644	95395709
4267	1110	3091	3681	606794	37499262	0	0
4268	1823	1857	3521	606937	37512476	1631931	140738801
4269	1642	2563	5747	606969	37515891	658391	41372495
4270	603	2121	4182	607430	37558851	893818	62495605
4271	1240	1950	1706	607602	37574252	693422	44316146
4272	1751	2412	2051	607635	37576814	761263	50137148
4273	1145	3647	1556	607993	37603678	3073273	324210975
4274	1420	1948	914	608190	37615847	1258445	99304437
4275	1513	3366	2801	608257	37620627	799536	53499656
4276	592	1924	5322	608345	37626263	1626471	140037449
4277	2585	2900	3222	608612	37645425	1972725	181421577
4278	100	295	389	608765	37655760	621742	38559199
4279	331	591	880	608984	37670642	2669054	269275150
4280	2056	4146	13204	609023	37673133	0	0
4281	1876	3512	7171	609273	37700356	636897	39780594
4282	90	420	685	609764	37748956	1711382	149325526
4283	2904	3408	6989	609819	37753606	3460399	377893995
4284	1831	2951	6017	610508	37808081	952750	68122418
4285	262	1941	1261	610719	37824104	936124	66500823
4286	1301	3727	2262	611047	37844440	859208	58814372
4287	1865	3276	3765	611104	37848974	1093132	82413117
4288	1047	3277	6424	611241	37859474	952262	68079614
4289	322	2834	6535	611564	37888902	2998203	313986519
4290	2188	3204	1596	611985	37927932	1259874	99425912
4291	79	1337	1318	612290	37948928	2015933	186408692
4292	1419	4080	7760	613241	37999238	897204	62824308
4293	456	3219	1968	613358	38008175	629200	39127387
4294	2953	4034	4273	613688	38030310	618708	38379862
4295	1354	4069	3695	613909	38046196	980013	70999751
4296	348	4254	1042	613998	38052124	824968	55844319
4297	318	2718	5014	614431	38078180	1023979	75317986
4298	1953	2570	1623	614604	38090594	903224	63266323
4299	1035	1762	5482	614632	38092330	1130985	86018981
4300	357	866	3520	614798	38105060	893846	62498204
4301	232	3115	1379	614968	38118781	3097885	327776662
4302	718	3971	4443	615218	38134194	1743036	152785505
4303	1223	2748	3508	615700	38169156	758894	49900133
4304	1221	4164	8092	615823	38177411	2816813	288854375
4305	979	2907	2662	615833	38178071	3396929	369118463
4306	156	1361	650	615882	38182870	934553	66335754
4307	955	1690	1260	616595	38238239	714108	46059011
4308	1575	2555	6230	616834	38253293	839249	57034913
4309	2116	3388	2506	616953	38261601	956715	68558324
4310	1150	3961	5273	617034	38266368	0	0
4311	3532	3560	6158	617324	38290809	644945	40374774
4312	907	3611	1910	618131	38349369	914062	64247384
4313	1509	2249	2629	618164	38351145	776378	51471363
4314	161	2867	649	618546	38372568	1064337	79282653
4315	1494	4294	5976	618708	38379862	4102164	472542305
4316	516	1309	1373	619071	38400742	1098753	82955976
4317	344	2870	3904	619183	38406619	1416154	115529419
4318	1295	4115	2118	619225	38408790	2203475	208500218
4319	2317	2437	3175	619276	38412016	1002344	73288547
4320	1111	2098	2060	619374	38419151	2791130	285433900
4321	1375	2856	1409	619681	38439899	634327	39626240
4322	755	2660	3410	619724	38442502	689025	43921992
4323	642	4174	846	619729	38442778	812433	54769654
4324	821	1908	1504	620034	38463790	0	0
4325	1036	2272	2416	620190	38473403	641405	40120750
4326	1361	3939	3347	620243	38476251	646339	40493857
4327	996	1422	1039	620692	38502627	2342598	226776978
4328	2310	2546	2399	620929	38513967	3045358	320136637
4329	206	2305	265	621073	38521946	704958	45221162
4330	526	3170	5973	621349	38533147	1270119	100376976
4331	2624	4183	11344	621573	38544471	1026999	75633568
4332	157	3290	3333	621581	38544964	754903	49532037
4333	1655	4278	1410	621742	38559199	1214972	94766082
4334	2653	2959	3881	621848	38567840	1229662	96445078
4335	1365	2572	1914	621878	38570886	1897959	172642407
4336	2066	2594	5586	621903	38573204	1049716	77839801
4337	600	3838	5402	621983	38582250	1199788	93413086
4338	3759	4058	4525	622277	38617854	2036690	188708909
4339	2378	2624	7751	622606	38649576	706156	45342434
4340	1561	2294	3993	622976	38684378	648445	40640344
4341	1367	1841	5762	622995	38686071	2107096	196649822
4342	257	3243	1568	623001	38686594	939531	66834407
4343	10	370	319	623392	38725747	765261	50435248
4344	826	2181	1472	623464	38732445	849864	57982589
4345	376	3341	4728	623491	38734987	921138	64947791
4346	2958	4010	4170	623589	38745699	724366	46953397
4347	1112	4089	2806	623962	38780090	1820496	162320206
4348	536	3838	4987	624272	38805647	2703134	273493110
4349	2823	3887	3526	624401	38816643	2672519	269710662
4350	3067	3636	7250	624503	38824434	0	0
4351	860	947	326	625095	38879036	670037	42246249
4352	1704	2091	3819	625265	38892000	4079666	468911836
4353	304	3034	7163	625458	38907148	1512441	126893140
4354	1693	3987	5847	625472	38908352	1715007	149627016
4355	118	3598	1683	625645	38925489	774089	51253671
4356	406	537	886	625664	38927300	806863	54225191
4357	1707	2853	2850	626142	38964212	751350	49221120
4358	846	2697	941	626419	38983676	793292	52850418
4359	40	230	118	626828	39004429	2484077	244906667
4360	1207	3124	3109	626976	39011718	938723	66762817
4361	1291	2344	1147	627107	39018235	646956	40543602
4362	1509	2193	3555	627214	39022607	684952	43610986
4363	460	942	1038	627393	39031468	0	0
4364	1973	2819	6359	627493	39036179	1796946	159299535
4365	252	556	972	627563	39041683	774950	51330509
4366	1565	1661	1599	628046	39066310	786475	52316777
4367	393	2009	1674	628221	39074357	693296	44303942
4368	784	2875	4223	628355	39079812	774645	51291436
4369	643	2830	3449	628467	39085715	1805524	160388511
4370	675	4176	1927	628734	39102095	816619	55081064
4371	1238	1789	1333	628962	39113813	1339511	107506345
4372	113	3856	1491	628988	39114697	718729	46419862
4373	1942	3521	9651	629076	39119947	1515385	127200705
4374	578	850	1155	629141	39124185	870164	60029339
4375	2165	3468	5119	629188	39126783	680553	43205664
4376	4231	4293	10832	629200	39127387	873321	60220339
4377	2564	2929	4584	629736	39183010	814291	54924954
4378	196	3175	4208	630360	39231885	3694408	412046570
4379	3969	4101	9272	630372	39232643	748142	48969448
4380	1505	1770	5273	630723	39264277	1286698	102086320
4381	2590	3899	6815	631012	39291014	839937	57106306
4382	75	2732	2740	631274	39315759	0	0
4383	152	271	313	631342	39322395	963053	69344481
4384	2795	2903	11810	631429	39330833	1394125	113120738
4385	1768	3278	3617	631636	39357762	3018221	316372133
4386	257	4209	1147	631908	39389587	2240318	213390193
4387	1390	4243	5806	631974	39395723	1128710	85812349
4388	583	2491	1816	632221	39422140	704452	45163696
4389	494	2135	5356	632241	39424014	1064300	79279906
4390	972	1666	4954	632721	39472457	1514033	127053201
4391	2911	3626	3113	633180	39513961	690498	44069469
4392	2343	2614	3277	633228	39518126	2828794	290406894
4393	588	1639	2226	633257	39521126	1006845	73663521
4394	3949	3979	11389	633331	39527406	653347	41002521
4395	1848	3515	9616	634285	39622083	0	0
4396	481	4321	2228	634327	39626240	1445949	118921522
4397	1396	2359	1796	634692	39656986	750926	49191609
4398	1721	2322	1242	635028	39679525	3075951	324559441
4399	233	951	420	635075	39682569	2133521	199709991
4400	926	1774	1627	635171	39687835	714108	46059011
4401	1098	2943	2447	635357	39699895	928828	65848173
4402	971	4150	4716	635613	39712860	700807	44869524
4403	2400	3056	2263	635960	39733976	1118903	84904641
4404	1211	2223	2179	636407	39758045	887007	61724628
4405	156	446	519	636671	39771811	718662	46414689
4406	2622	4281	8029	636897	39780594	774645	51291436
4407	893	1694	1379	636941	39784370	1846385	165790922
4408	1158	4213	11070	637350	39808369	4095445	471561855
4409	996	2600	3584	637636	39832624	1039138	76831277
4410	1222	2565	1210	637650	39833848	2571918	255932747
4411	1870	2666	3750	637696	39836391	1336341	107155105
4412	1150	3736	1865	637840	39850941	836337	56818197
4413	21	1656	291	638364	39892415	759085	49924600
4414	725	1318	1058	638386	39894643	735992	47982313
4415	1599	2643	1878	638453	39898755	1821780	162463417
4416	9	216	210	638646	39909518	1101586	83314380
4417	2447	3992	11843	638814	39918944	846036	57642911
4418	931	1217	2164	639097	39942964	1865236	168385242
4419	448	3014	9018	640017	40004676	673228	42562789
4420	966	3736	1203	640123	40011840	928922	65855647
4421	3839	4236	7297	640322	40025322	0	0
4422	2020	2128	4539	640413	40033202	0	0
4423	3891	3944	5247	640529	40043766	1460561	120666759
4424	1920	2419	7729	640890	40076493	769169	50752594
4425	630	3549	840	641091	40093148	721902	46715584
4426	2738	3903	10996	641285	40108249	2283556	218435700
4427	1985	2677	3237	641324	40112012	1746575	153089807
4428	511	2715	2926	641391	40119158	2502944	247171558
4429	1225	4325	4173	641405	40120750	906252	63530047
4430	2200	2661	8677	641672	40149135	754819	49523764
4431	3616	3961	5366	643147	40274463	1382066	111772547
4432	937	3005	3079	643324	40284174	0	0
4433	1989	2968	4461	643423	40289372	1425031	116588072
4434	723	3777	2971	643861	40314619	715371	46156238
4435	2632	3634	6795	644339	40338740	1337128	107233256
4436	1773	3077	666	644390	40341810	734271	47846940
4437	2712	3306	7735	644828	40365407	893938	62508154
4438	3237	4311	8235	644945	40374774	772947	51161043
4439	2391	4186	3152	645156	40393564	2499167	246781032
4440	2547	3672	3385	645289	40405112	683748	43501169
4441	329	4134	2527	645395	40417160	1243883	97831240
4442	1340	1352	923	645548	40433124	3383461	367451224
4443	2344	2765	1732	645794	40454105	691637	44169962
4444	1288	2654	7028	646273	40489003	2490236	245557616
4445	826	4326	3654	646339	40493857	1640478	141730905
4446	508	4361	1862	646956	40543602	700272	44837690
4447	2757	4248	5236	647281	40561147	1385245	112119984
4448	207	567	381	647883	40599093	2093778	194885101
4449	1429	4031	2809	647931	40601405	3143183	333986451
4450	1767	2750	3656	647983	40603950	764217	50344845
4451	2047	2279	9433	648087	40610375	873576	60250615
4452	3931	4340	5412	648445	40640344	1670231	145027896
4453	4098	4208	5797	648651	40655279	3469500	379266512
4454	2836	3577	1641	648766	40665624	1141174	86996203
4455	749	2729	3452	648874	40675234	918735	64677229
4456	643	4020	6990	648926	40680152	1529713	128862229
4457	2455	2689	5835	649477	40732604	3130971	332414082
4458	395	897	2030	649545	40739405	3955018	450287223
4459	3109	3329	10983	649752	40754998	0	0
4460	786	3743	1966	650060	40780778	0	0
4461	2016	4033	3676	650206	40794563	737080	48107944
4462	1519	2990	1422	650443	40815554	3054821	321638109
4463	1392	1761	1893	650718	40838067	676115	42810269
4464	628	3282	1815	650917	40852676	1012970	74295131
4465	805	2149	5291	650972	40856299	3791816	426369856
4466	1237	2952	2490	651283	40877702	2578321	256746887
4467	2366	3431	4264	651287	40877874	950729	67926286
4468	757	759	1675	651734	40909360	2731351	277363196
4469	862	865	1459	651912	40920490	856736	58552937
4470	1155	2250	4852	652472	40946715	0	0
4471	2196	2203	4130	652574	40951834	734590	47873021
4472	1496	2254	8792	652847	40967006	780614	51786303
4473	634	4031	2356	652893	40969970	1198160	93236447
4474	155	3046	1363	652919	40971256	715230	46143519
4475	2944	3936	3477	653112	40984468	707655	45457826
4476	3966	4394	14015	653347	41002521	3693826	411959824
4477	3577	3856	1835	653641	41035093	1047730	77670670
4478	1702	2772	3127	653880	41059341	684952	43610986
4479	1205	2550	4076	653950	41065020	660633	41542227
4480	3332	4226	7631	654139	41083130	0	0
4481	300	761	641	654536	41119289	763658	50295910
4482	2956	4059	5877	654731	41135674	758757	49888017
4483	80	3016	6967	654918	41152442	1991514	183453504
4484	399	1392	555	655017	41161399	662776	41667696
4485	2836	3920	8990	655718	41216212	2411479	235932679
4486	160	2734	1070	656340	41258647	1727202	151110357
4487	926	2673	2799	656377	41260716	1083329	81384601
4488	290	3211	4950	656733	41282659	2975412	310790986
4489	182	3230	3146	657081	41305033	2643490	265845522
4490	223	3164	2560	657602	41332949	1037415	76645985
4491	884	1232	1240	657855	41343842	970880	70066611
4492	1832	3701	4028	658065	41352661	680176	43161444
4493	955	2559	8314	658127	41355364	692246	44216839
4494	1263	2397	4221	658368	41371007	1688929	146984292
4495	4084	4269	11454	658391	41372495	959105	68834368
4496	1520	2134	5284	658559	41389491	1925613	175605295
4497	1583	3282	3640	658659	41399281	1013852	74383891
4498	2792	3213	3399	659265	41457364	825056	55849304
4499	106	1287	248	659909	41502936	1335863	107112152
4500	3046	3869	6821	660259	41520170	4037971	462607334
4501	3647	4479	4825	660633	41542227	0	0
4502	1466	1522	3207	660910	41557876	3340557	360893435
4503	201	915	891	661000	41564994	0	0
4504	2687	3833	3290	661225	41577899	801745	53705932
4505	147	825	431	661342	41584722	726311	47118829
4506	104	1285	1581	661599	41600206	903462	63288602
4507	2689	3188	5426	661606	41600372	1865549	168424639
4508	1042	4168	4092	661903	41617830	4255649	496264482
4509	1597	1851	4037	662673	41660629	1353070	108895958
4510	2678	3088	9019	662724	41664011	1155365	88564493
4511	1384	4484	3191	662776	41667696	804746	53987855
4512	3538	3631	5533	662832	41672776	0	0
4513	4	2981	3304	663099	41695836	2303715	221416600
4514	460	3177	1297	663314	41715934	969066	69870134
4515	3437	3778	6386	663352	41718513	1087038	81859785
4516	2901	3913	5498	663734	41752654	2729756	277151667
4517	663	1801	1780	663815	41759685	2321454	224049136
4518	2176	4253	5228	664296	41797415	1677806	145662043
4519	757	1499	1016	664494	41813980	1427494	116850181
4520	1563	3610	3943	664873	41840970	783587	52045773
4521	451	4074	3320	665065	41853059	0	0
4522	1135	1384	3623	665104	41855555	0	0
4523	574	3412	2007	665171	41860707	849121	57914977
4524	1037	1811	2311	665238	41865888	719157	46452238
4525	437	1280	618	665599	41895279	3456566	377279489
4526	2856	4064	12847	665738	41904221	0	0
4527	1495	1706	3521	666209	41950157	3724359	416333097
4528	994	1189	4611	666422	41968458	1007937	73801803
4529	276	3270	5078	666647	41984788	2016511	186482220
4530	1029	1374	1756	666862	42005766	1063084	79193484
4531	626	2198	2610	667222	42033963	1157339	88777184
4532	946	3631	5371	667769	42067812	0	0
4533	2201	2601	4710	668142	42089966	2738115	278360417
4534	2423	3962	7686	668209	42095201	1313369	104855528
4535	2262	2519	6780	668216	42095911	833100	56486074
4536	1420	2047	1039	668309	42104702	1032165	76129037
4537	3278	4176	4391	668331	42107362	2063039	191646451
4538	941	2222	2277	668400	42115804	2854826	294236648
4539	513	2060	2984	669357	42191025	953722	68213771
4540	2034	3458	4244	669453	42197269	1000625	73121657
4541	114	2394	2213	669580	42206967	684219	43545555
4542	3199	3572	13453	669644	42210536	671972	42428716
4543	1167	2973	3216	669957	42240072	1206960	94040050
4544	3134	4351	1576	670037	42246249	0	0
4545	1253	2592	2545	670273	42266549	671278	42354048
4546	1092	3826	9251	670617	42291984	1104769	83586366
4547	117	2978	521	670816	42308674	722676	46795503
4548	688	4104	3270	670822	42309134	0	0
4549	915	3261	2232	670880	42314392	4425195	522964330
4550	1791	3752	3186	670898	42316280	2634501	264358143
4551	693	1723	1113	670971	42323674	691637	44169962
4552	452	618	944	671002	42325647	1407789	114621227
4553	320	2786	3138	671124	42337203	1192659	92642325
4554	833	2816	3212	671173	42342906	3130674	332379002
4555	2724	4545	8565	671278	42354048	756320	49677142
4556	1137	4106	3897	671578	42387929	1095245	82665905
4557	234	4542	13532	671972	42428716	1037415	76645985
4558	363	4091	5523	672187	42453643	1632591	140821965
4559	3861	4419	16177	673228	42562789	1497458	125328085
4560	758	4127	6548	673266	42568721	0	0
4561	406	3564	1914	673502	42603368	1171115	90367580
4562	1289	3671	4519	674822	42722035	758894	49900133
4563	712	2378	4974	674892	42726397	754297	49477196
4564	296	3296	5507	674964	42730984	935923	66473027
4565	2647	2677	2434	675375	42763139	816227	55057007
4566	119	930	278	675417	42766708	1148836	87870072
4567	419	1842	2308	675797	42790942	2094762	195000336
4568	516	2748	2458	675862	42794725	862096	59224209
4569	70	2800	5155	676067	42807056	1545901	130712645
4570	3025	4463	3421	676115	42810269	1066024	79444372
4571	357	4020	6968	676320	42822603	847340	57773709
4572	427	1766	5075	676826	42859756	1799427	159639661
4573	1847	2528	6120	676867	42862761	746623	48847262
4574	2199	3621	10307	676915	42867456	728593	47323032
4575	2748	2914	3857	676930	42868808	703330	45052549
4576	437	3735	2034	677044	42883330	739604	48292389
4577	2105	3474	3359	677199	42903524	0	0
4578	1076	2576	5108	678270	43000288	742415	48496644
4579	403	3554	12368	678303	43002323	882540	61140197
4580	1675	4119	2085	679230	43090572	1707523	148876009
4581	405	1882	1324	679555	43112203	813604	54874100
4582	531	923	1697	679729	43123807	4452777	527129817
4583	1228	4190	3203	679760	43125493	0	0
4584	1484	2986	11649	679824	43129435	1372769	110749780
4585	2792	4492	6383	680176	43161444	989570	71937275
4586	1622	4132	8953	680206	43164997	807698	54319554
4587	1640	4375	7624	680553	43205664	3319676	358050715
4588	165	2756	2646	680932	43252025	809586	54551938
4589	1635	3254	3417	681058	43265187	1128649	85808215
4590	969	1462	1284	681406	43301735	2125702	198784312
4591	810	995	4777	681747	43330991	1194157	92778417
4592	2116	3296	6104	681813	43337312	3260234	350113938
4593	1100	1619	1675	681886	43343584	877222	60669446
4594	1745	4140	5838	682067	43361346	719964	46521061
4595	2239	2966	3005	682148	43369493	2790526	285352184
4596	958	1514	1783	682480	43399895	683938	43519697
4597	1095	3937	4275	682646	43416234	1433932	117603593
4598	2252	2433	3163	683223	43459464	3330708	359607998
4599	3103	3199	10107	683410	43471846	1134670	86412511
4600	3117	4440	4698	683748	43501169	0	0
4601	2670	3366	2788	683846	43511531	845936	57634367
4602	1175	4596	1985	683938	43519697	1958791	179807230
4603	51	3678	2686	684117	43535995	0	0
4604	1339	1658	4848	684162	43539867	1806920	160577051
4605	3718	4541	4175	684219	43545555	697420	44651114
4606	2002	2184	5868	684621	43582897	1118700	84878842
4607	4362	4478	6682	684952	43610986	856002	58465833
4608	748	1852	1109	685166	43630821	997579	72851357
4609	1736	3401	6821	685240	43637047	879785	60866764
4610	2213	3802	5462	685602	43668901	937568	66657670
4611	3422	3709	5802	686204	43714947	0	0
4612	2684	2976	2724	686613	43748989	4309753	505314491
4613	2011	3200	3197	686754	43758374	1235472	96940592
4614	147	2114	2222	686813	43762170	938708	66761365
4615	191	3400	667	687041	43779144	1047100	77621078
4616	214	851	949	687224	43790797	779464	51702254
4617	36	1016	662	687495	43805777	0	0
4618	1931	2319	1025	687502	43805966	1083102	81363774
4619	426	726	1768	687586	43809830	698231	44714374
4620	3826	4257	10881	687622	43810983	2202128	208333075
4621	1639	2692	4027	687702	43817275	763612	50293104
4622	2494	4062	2878	687852	43830953	3732756	417482561
4623	1634	3273	5041	688255	43864419	3345183	361534581
4624	104	4154	2580	688428	43876212	3457551	377451107
4625	58	2953	2754	688474	43880473	952750	68122418
4626	802	3740	901	688732	43899190	1175664	90846520
4627	1594	3917	3754	688753	43900616	720875	46603959
4628	2424	2713	3653	688943	43915675	1056267	78558065
4629	3170	4322	8592	689025	43921992	1050787	77940594
4630	2886	3233	4340	689170	43932386	724217	46937906
4631	2627	3409	2761	689381	43954224	1172686	90588703
4632	1675	1904	2847	689392	43955678	731939	47646579
4633	3047	4238	11039	689678	43983863	2384404	232337032
4634	217	1821	424	689746	43991734	767933	50666633
4635	2551	3157	10520	690157	44032038	993535	72391535
4636	3044	4391	6014	690498	44069469	940263	66895746
4637	1210	1852	1041	690876	44109610	727519	47237069
4638	555	930	1151	690899	44112107	859767	58877473
4639	792	2488	3903	691310	44143992	1098329	82921128
4640	2344	2446	3706	691498	44158214	753087	49375134
4641	474	948	1377	691537	44161321	1358385	109466036
4642	4443	4551	2845	691637	44169962	1865627	168435862
4643	604	1512	2477	691685	44174057	1646544	142414293
4644	255	1135	1046	692006	44201149	935948	66476308
4645	3735	4493	10234	692246	44216839	1160016	89037137
4646	293	1796	879	692253	44218133	1756877	154213071
4647	814	1333	3240	692344	44226983	1289202	102319009
4648	349	3134	1380	692565	44248136	774546	51283049
4649	709	1600	2036	693224	44298934	2605701	260600737
4650	3025	3285	7250	693280	44302963	1519549	127660399
4651	2155	4367	5716	693296	44303942	3865779	437310938
4652	3169	4271	4025	693422	44316146	897204	62824308
4653	1349	1937	2191	693621	44334071	756936	49746226
4654	486	942	876	693628	44334671	1137586	86706064
4655	359	1322	512	693665	44338256	2126937	198895754
4656	1479	2234	2886	694008	44364440	1247020	98249313
4657	995	2930	4703	694071	44369928	708155	45496952
4658	2099	3762	1998	694519	44403839	970880	70066611
4659	1282	2303	3056	694689	44416285	4081461	469260183
4660	2154	2320	2746	694911	44432245	886436	61650800
4661	321	3602	4736	695194	44449291	801898	53717938
4662	3441	3701	4664	695315	44457791	904440	63371614
4663	58	2835	1294	695525	44472518	828024	56064745
4664	2490	2504	3888	695676	44481624	948367	67693545
4665	3147	3243	6486	695770	44488148	3079505	325131963
4666	2998	3275	5308	696018	44509450	950460	67904320
4667	990	4177	10263	696162	44522031	729286	47399302
4668	478	3943	3750	696389	44549040	4120244	475240555
4669	1065	1131	2339	696491	44560587	777639	51557741
4670	318	3332	6269	696823	44594843	745088	48722938
4671	1343	1852	1950	697187	44629965	940492	66920376
4672	733	2001	1808	697337	44644295	947467	67603495
4673	1094	4605	5737	697420	44651114	739604	48292389
4674	1661	4619	2613	698231	44714374	3062540	322605735
4675	1404	3374	2300	698348	44722942	1126569	85628204
4676	2694	3903	13827	699029	44759880	0	0
4677	13	1551	201	699225	44772649	2057921	191134991
4678	474	1764	2640	699564	44791626	2437544	238847661
4679	2214	2761	3395	699790	44804830	0	0
4680	756	3403	6552	699840	44807503	791774	52753421
4681	2731	4446	2358	700272	44837690	746317	48819765
4682	193	534	623	700448	44848648	3803604	427837344
4683	1316	2901	3358	700654	44860930	2214271	210029460
4684	4402	4492	8744	700807	44869524	2996155	313582254
4685	1111	3384	2316	701064	44889314	759212	49939999
4686	1148	4171	7545	701702	44927853	1094975	82633756
4687	893	1867	2956	701850	44938186	2359405	229002851
4688	842	1553	2427	701932	44942797	1018220	74847505
4689	3691	4394	14334	702238	44965410	1014183	74421445
4690	1060	2230	1114	702429	44983967	754819	49523764
4691	900	1615	606	702733	45010326	1159561	88996446
4692	3149	3908	7681	703179	45041648	0	0
4693	34	212	299	703193	45042324	780440	51768398
4694	1085	4575	7357	703330	45052549	926921	65596655
4695	78	103	83	703378	45056078	1586084	134942622
4696	603	4157	5468	703505	45068179	866381	59610112
4697	3554	3723	13456	703808	45095647	828979	56146564
4698	242	1379	539	703817	45096411	742340	48492813
4699	1973	4388	4411	704452	45163696	2628960	263559687
4700	1632	4128	4854	704589	45177230	4193623	485404864
4701	1345	3959	15273	704786	45197228	1565927	132713278
4702	2539	4329	2011	704958	45221162	728131	47285729
4703	2605	3243	4733	705033	45230607	2764197	282012223
4704	109	461	138	705037	45231197	957028	68588654
4705	776	2586	3226	705608	45294644	0	0
4706	94	2033	753	705655	45298830	712451	45868864
4707	228	876	636	705680	45301457	825115	55854239
4708	216	4339	7951	706156	45342434	777882	51573907
4709	766	4209	1967	706466	45369590	1030899	76016698
4710	22	685	355	707033	45413136	0	0
4711	602	3553	5051	707102	45416976	978190	70803110
4712	1866	2624	6954	707278	45428682	1466553	121359995
4713	1598	3647	2003	707310	45431626	2186271	206114177
4714	3439	4475	7550	707655	45457826	916911	64505210
4715	2604	2716	3517	707751	45465719	1409630	114766301
4716	4161	4657	14572	708155	45496952	1261736	99546046
4717	1027	2375	3866	708649	45551263	754741	49517116
4718	3686	4070	7993	709272	45598448	3969756	452151212
4719	1114	3295	3443	709817	45642476	1825335	162856237
4720	2536	2876	10707	709926	45650434	993086	72329960
4721	1288	2612	3675	710285	45681359	1190156	92408313
4722	1888	3657	1527	710412	45690817	1387473	112398597
4723	2133	3612	3257	710629	45704513	0	0
4724	447	1394	1391	710840	45719982	1368686	110348078
4725	2307	4140	5658	710862	45721863	3054924	321656361
4726	2449	4339	8284	710980	45730183	722377	46760745
4727	1461	3370	2597	711188	45750526	1400012	113652831
4728	1153	2577	8395	711254	45756109	0	0
4729	164	1682	806	711260	45756740	744227	48649824
4730	3405	4072	14020	711756	45799764	2133232	199667609
4731	210	2951	2753	711805	45805311	1377696	111320922
4732	1233	3652	12611	712387	45862273	1143520	87200285
4733	4294	4706	5026	712451	45868864	935005	66371448
4734	1370	1647	5061	712517	45876769	887887	61883256
4735	1475	3346	2952	712564	45881808	1182113	91485657
4736	3032	3370	3092	712732	45905245	816299	55061911
4737	675	3012	2152	712840	45918346	1591750	135602853
4738	856	3465	8380	713117	45947663	801842	53712420
4739	2950	3917	4181	713137	45949406	1021577	75134450
4740	545	3869	5885	713474	45992535	1365754	110087576
4741	943	2974	2569	714084	46056298	1302605	103673670
4742	4307	4400	2887	714108	46059011	930532	65975088
4743	1793	4151	5819	714562	46095435	1299230	103327880
4744	2211	4474	6637	715230	46143519	879857	60874001
4745	1366	4434	4654	715371	46156238	1006862	73664896
4746	35	3984	4040	715392	46157828	3945314	448992650
4747	1797	3602	5847	715507	46167760	1785898	157844455
4748	4182	4199	2698	715542	46170158	1318582	105326978
4749	2836	4075	5431	716181	46230535	0	0
4750	2260	4144	5284	716488	46255401	1703356	148392776
4751	3400	3970	9048	717043	46299125	2240318	213390193
4752	304	3419	1682	717753	46355009	1704059	148481094
4753	337	2890	1666	718136	46375953	0	0
4754	3148	3837	9949	718141	46376070	1113995	84395327
4755	2031	3218	5347	718586	46410287	901292	63135210
4756	2310	4405	1497	718662	46414689	2326940	224600847
4757	3400	4372	1994	718729	46419862	923793	65320381
4758	2820	3052	6413	718953	46436229	1390453	112733007
4759	575	1913	2235	719077	46445516	783848	52068035
4760	797	4524	2804	719157	46452238	1787974	158093337
4761	2660	3638	6091	719284	46464157	1141174	86996203
4762	2950	4594	9239	719964	46521061	2051120	190469874
4763	402	3252	2913	720341	46555399	0	0
4764	1496	3395	6270	720429	46562750	1430857	117300848
4765	2191	3111	2128	720790	46596486	815878	55036025
4766	1951	4627	6459	720875	46603959	4240593	492733841
4767	2225	3450	7614	721035	46616278	1743036	152785505
4768	3525	4091	8667	721047	46617481	3595755	398500870
4769	2926	3889	9395	721611	46680934	751350	49221120
4770	1111	1879	2583	721728	46695612	728679	47331416
4771	2060	4425	3550	721902	46715584	742995	48545713
4772	3591	4726	11518	722377	46760745	1331254	106704480
4773	1197	4547	2418	722676	46795503	1243367	97784824
4774	130	1537	499	722706	46798570	767781	50657295
4775	1562	2824	3115	722799	46809750	0	0
4776	3266	3632	5247	722830	46813565	818727	55297318
4777	702	2977	2028	723421	46875508	1007011	73679305
4778	458	2327	1987	723945	46916714	843186	57397674
4779	3770	4077	9044	724175	46933797	0	0
4780	877	4630	4598	724217	46937906	1498322	125460244
4781	249	407	741	724245	46940774	1480395	123117863
4782	751	4346	5365	724366	46953397	3590302	397562507
4783	296	3471	2767	725012	47019568	828785	56132059
4784	1355	2164	2546	725053	47022935	1167580	89927811
4785	978	3450	7958	725539	47059606	866164	59585951
4786	13	1591	1376	725845	47082402	1847143	165917439
4787	3236	4307	6270	726192	47107654	843443	57412572
4788	1439	4132	8532	726213	47109406	998098	72881547
4789	967	4505	1261	726311	47118829	778058	51592967
4790	238	3124	1216	726618	47145163	857724	58646961
4791	1753	4024	3991	726794	47159962	853301	58229409
4792	3533	4016	12825	726846	47164465	1627979	140230987
4793	1653	4637	2552	727519	47237069	1109005	83954469
4794	3482	4702	3323	728131	47285729	1514091	127059499
4795	433	2275	8917	728176	47288444	959105	68834368
4796	693	1321	1150	728214	47291697	2033132	188293770
4797	274	4574	10786	728593	47323032	1099675	83034730
4798	941	4770	3401	728679	47331416	4029602	461043459
4799	725	2909	4573	728980	47363573	0	0
4800	676	3466	2671	729084	47374477	859930	58897585
4801	2267	2412	1924	729121	47378281	1055892	78516959
4802	80	3461	3654	729189	47386935	823597	55767229
4803	4197	4667	13130	729286	47399302	812694	54789270
4804	1263	1888	3133	730394	47536506	1063999	79257015
4805	191	3945	893	730679	47562965	943540	67177030
4806	3596	3870	2653	731393	47610133	777639	51557741
4807	2321	3039	4328	731421	47611886	2719393	275660940
4808	2301	3713	2291	731495	47616664	1243952	97839612
4809	1479	4632	4466	731939	47646579	875265	60451963
4810	2559	3339	9205	731962	47648045	817886	55172549
4811	1360	3041	2193	731983	47650192	1077372	80516229
4812	256	1629	468	732374	47684077	3169895	337784149
4813	3096	3250	12263	732626	47699961	833835	56564626
4814	301	4147	728	732777	47716260	791774	52753421
4815	2262	4164	7554	733245	47757038	1130271	85947842
4816	35	930	142	733274	47760526	2067167	192044885
4817	2060	4204	8305	733277	47760678	0	0
4818	3907	4163	706	733567	47792869	0	0
4819	825	3095	2568	734048	47828649	811094	54679126
4820	903	1999	4203	734092	47833069	1408917	114704418
4821	2162	4436	1434	734271	47846940	2362795	229422424
4822	1750	4471	4662	734590	47873021	3639603	404477487
4823	361	1269	1043	734834	47890911	1173677	90698880
4824	455	3362	2784	734841	47891299	1116484	84671076
4825	2328	3502	3623	735094	47911819	746189	48809925
4826	630	3238	12166	735386	47934791	748706	49013459
4827	882	3725	1409	735812	47970188	3937333	447725805
4828	724	1720	1752	735849	47972456	827547	56033083
4829	436	784	640	735947	47978957	1091661	82277713
4830	3182	4414	6372	735992	47982313	1292813	102660016
4831	451	4198	6510	736077	47990664	886918	61704536
4832	2813	3004	9343	736205	48007510	873321	60220339
4833	248	2090	1174	736780	48079490	1320005	105472876
4834	3138	4461	4498	737080	48107944	0	0
4835	1450	3298	8111	737252	48124257	0	0
4836	2416	2922	1525	737479	48147541	1214703	94735238
4837	198	3799	610	737766	48174605	0	0
4838	158	1647	4340	738022	48194455	2373338	230810449
4839	1422	1882	1496	738348	48219948	1344335	108037525
4840	1515	1542	2502	739087	48264862	1459036	120465278
4841	261	2065	2858	739447	48283430	868904	59901529
4842	1836	3376	5922	739581	48290852	0	0
4843	4576	4673	7771	739604	48292389	1200568	93500904
4844	1294	4259	4470	739770	48307255	1176587	90897407
4845	1614	1784	1424	740225	48343428	1766419	155524733
4846	2674	2918	13957	740358	48352852	794372	52930601
4847	3128	3656	6219	741045	48407395	760348	50059173
4848	692	914	1381	741175	48418618	0	0
4849	802	1913	1675	741333	48430024	987785	71780828
4850	2062	2402	2666	742137	48482362	796513	53185812
4851	126	4698	650	742340	48492813	2116900	197875875
4852	1465	1661	1841	742368	48494059	914062	64247384
4853	3457	4578	12824	742415	48496644	780440	51768398
4854	1050	1299	838	742970	48544399	1475203	122498612
4855	1337	4143	3012	742995	48545713	1279806	101461139
4856	1337	4771	4787	742995	48545713	2048058	190211317
4857	4143	4771	5325	742995	48545713	806076	54128233
4858	479	1462	846	743509	48591523	1227859	96256012
4859	1459	1474	2725	743654	48602196	3485745	381546545
4860	546	3503	1521	743817	48614572	868529	59848982
4861	2051	2671	9191	743852	48617082	970505	70017577
4862	1445	3112	6286	744060	48633700	804630	53971900
4863	2890	4729	2025	744227	48649824	0	0
4864	2686	3022	7123	744382	48662350	992225	72240269
4865	299	3336	355	744908	48708701	1296531	103089896
4866	1348	4670	8851	745088	48722938	2012326	185897113
4867	2291	2371	4175	745517	48757755	789869	52606257
4868	3559	3678	3498	745604	48765547	1891642	171846689
4869	155	392	809	745659	48770854	1864403	168294372
4870	1131	2183	2266	746047	48799731	0	0
4871	716	3043	1821	746117	48803796	1372447	110708816
4872	3807	4825	9178	746189	48809925	2012498	185919343
4873	1316	4681	4015	746317	48819765	1071832	79884444
4874	3188	4573	7878	746623	48847262	4117619	474781288
4875	3218	3383	4886	747115	48894816	821889	55635959
4876	2651	3413	3646	747620	48934880	1495279	125097212
4877	446	456	1070	748063	48964335	1452607	119762964
4878	710	4379	9736	748142	48969448	771835	51030164
4879	1746	1767	1632	748579	49005492	0	0
4880	2479	4826	14485	748706	49013459	806076	54128233
4881	952	1791	5308	748861	49033246	4042062	463197139
4882	1800	3560	2861	749141	49062771	770453	50887884
4883	199	3646	2046	749504	49098488	1003454	73378476
4884	1439	3500	2415	749616	49107750	1011909	74195634
4885	1642	2996	4711	750373	49158237	971979	70187252
4886	1215	3411	1137	750837	49187337	2772758	283120624
4887	141	4397	1854	750926	49191609	1290734	102444833
4888	1008	3956	7428	751028	49196699	1088948	82055027
4889	1699	2847	2095	751051	49198288	849378	57934138
4890	1388	3625	3365	751204	49210635	829691	56220922
4891	198	2877	1125	751316	49218313	0	0
4892	4357	4769	12245	751350	49221120	2297512	220498730
4893	10	1628	51	751987	49287355	2703306	273513562
4894	1253	1845	1124	752043	49290856	2895152	299519166
4895	1972	2405	2370	752233	49306795	0	0
4896	747	1107	1094	752315	49312825	1046552	77571785
4897	2289	3377	6487	752414	49320838	1176587	90897407
4898	3201	4152	9555	752941	49358846	1600427	136553809
4899	2194	4640	4427	753087	49375134	1265245	99876941
4900	2034	2909	5095	753291	49395771	841734	57282619
4901	472	2746	3007	753785	49435956	1743902	152868048
4902	793	1869	1085	753807	49437190	1009097	73964355
4903	2167	2240	4851	753963	49449670	817927	55178643
4904	940	4563	5178	754297	49477196	2266365	216362952
4905	37	2143	3835	754377	49483364	1532971	129277221
4906	522	4717	4200	754741	49517116	944408	67241638
4907	4430	4690	9791	754819	49523764	2120050	198263794
4908	1310	4332	3825	754903	49532037	2432162	238284706
4909	34	82	107	754994	49542526	1004630	73490805
4910	2526	4070	3529	755620	49603625	1266452	99977323
4911	3745	4184	13768	755673	49608100	1307773	104216036
4912	1207	4681	4502	755947	49638293	1810333	160932808
4913	1009	4555	8752	756320	49677142	895287	62653155
4914	2660	2752	5174	756461	49695248	873166	60207177
4915	4029	4653	11374	756936	49746226	2370669	230495251
4916	183	2067	1363	757977	49836806	865987	59572042
4917	2515	3038	5992	758122	49846066	0	0
4918	2316	3220	4705	758646	49880181	2399246	234348669
4919	3878	4482	7185	758757	49888017	795835	53100166
4920	4303	4562	8027	758894	49900133	1083329	81384601
4921	747	3990	9174	758912	49901808	1026243	75543346
4922	264	910	382	758922	49902850	4246980	493794698
4923	4	1083	1762	759040	49919643	1438301	118175494
4924	1083	4413	2050	759085	49924600	1534723	129476794
4925	3303	4685	9093	759212	49939999	1378536	111432181
4926	3107	4847	7617	760348	50059173	763688	50297875
4927	907	2039	1912	760755	50097694	2463905	242358819
4928	1432	4209	2435	760937	50112214	960486	69024438
4929	1722	2142	3178	761246	50135907	904440	63371614
4930	1855	4272	2696	761263	50137148	980013	70999751
4931	2437	3419	3204	761908	50183381	1832783	164106669
4932	951	3525	3914	762057	50191706	821759	55622935
4933	1479	2454	6183	762067	50192267	766945	50597011
4934	1333	4391	3732	762497	50222256	973778	70367247
4935	2555	3007	6475	762793	50242125	2577180	256607579
4936	1134	2313	5609	762903	50249246	983837	71365316
4937	986	4621	5247	763612	50293104	878223	60751334
4938	1400	4481	2200	763658	50295910	0	0
4939	514	4926	7876	763688	50297875	1678044	145688374
4940	895	4450	3852	764217	50344845	990466	72046461
4941	351	2478	2774	764416	50359697	1993285	183648525
4942	2999	4153	9531	764756	50387754	2085931	194087316
4943	4001	4343	11776	765261	50435248	2411111	235869045
4944	1909	1965	4519	765534	50463918	2759780	281336172
4945	2143	3935	5019	765830	50495954	838815	56989104
4946	221	4221	3367	766170	50528378	1189294	92295134
4947	1648	2680	4020	766366	50549421	2755848	280893989
4948	1353	3969	2412	766879	50592138	1434365	117670614
4949	3604	4933	7068	766945	50597011	1842079	165122373
4950	1692	4774	723	767781	50657295	948225	67679841
4951	887	3656	4362	767930	50666531	1183057	91567884
4952	214	4634	565	767933	50666633	2285413	218748215
4953	1711	3080	7282	768416	50693487	783023	52004153
4954	463	2699	2518	768521	50700278	2600234	259958232
4955	1108	3802	4540	768699	50710977	900341	63074119
4956	484	1362	3256	768844	50722392	1246501	98186711
4957	2040	3608	15516	768938	50729077	1729544	151267254
4958	1409	2274	5901	769166	50752450	0	0
4959	1578	4424	9221	769169	50752594	0	0
4960	1329	1463	2896	769848	50827990	1213420	94586395
4961	1185	2935	2610	769890	50831568	948515	67709193
4962	2041	4261	6915	770221	50864622	1030899	76016698
4963	1066	4882	3028	770453	50887884	1390460	112734419
4964	624	3288	629	770525	50893003	0	0
4965	371	525	1150	770552	50895100	926322	65551178
4966	3888	4475	4016	770649	50904321	0	0
4967	158	4056	10010	770757	50915116	1032862	76178684
4968	396	2697	820	771180	50966739	950510	67908132
4969	2727	4179	6783	771457	50990903	1553321	131401114
4970	1654	3535	2592	771763	51023325	975941	70573240
4971	1781	4878	12252	771835	51030164	1679606	145893323
4972	2619	3834	4701	771878	51034832	1413515	115226133
4973	2914	3598	3497	772637	51129997	2841675	292270981
4974	561	4438	8505	772947	51161043	1875843	169610343
4975	2405	4355	3209	774089	51253671	826093	55936746
4976	3113	3184	5970	774350	51269999	2114917	197630856
4977	482	2564	5135	774384	51272219	998098	72881547
4978	199	2554	6212	774536	51282384	940263	66895746
4979	2199	4648	3834	774546	51283049	918171	64614551
4980	4368	4406	12252	774645	51291436	844383	57485417
4981	2829	4443	5950	774787	51308158	877854	60716686
4982	1175	4365	1174	774950	51330509	1471378	122002978
4983	901	2317	1843	775811	51418486	1259771	99417417
4984	2131	4083	12505	775864	51422102	1695521	147585818
4985	156	2486	781	776181	51455250	1057681	78684844
4986	830	4313	2910	776378	51471363	1248312	98391740
4987	569	3575	4218	776808	51506253	786907	52350607
4988	61	761	583	777045	51523875	882713	61173368
4989	631	3373	541	777539	51553194	785433	52235108
4990	4669	4806	4992	777639	51557741	0	0
4991	2603	3380	4884	777787	51567343	1351042	108672945
4992	1535	4708	8486	777882	51573907	807039	54242503
4993	392	3727	2504	777959	51581864	3136204	333061689
4994	1203	4789	2655	778058	51592967	909655	63886768
4995	2369	2554	7195	778779	51648980	0	0
4996	535	2813	1535	778796	51650434	1009030	73955954
4997	2602	4132	9513	779138	51674404	1137897	86736896
4998	2066	4616	3963	779464	51702254	1425179	116602916
4999	292	1473	826	779769	51725869	854014	58298446
5000	734	3161	1896	780200	51754193	2584952	257708162
5001	4693	4853	13123	780440	51768398	1384820	112058537
5002	1905	4472	13885	780614	51786303	1075061	80170619
5003	809	2324	3931	781013	51836274	1145086	87453097
5004	706	1576	2044	781290	51866500	0	0
5005	1255	1945	2398	781443	51881891	962629	69295730
5006	124	880	1807	781650	51900212	0	0
5007	3800	3827	5842	782116	51938061	2335342	225774343
5008	1740	4054	3426	782362	51957932	848588	57873611
5009	687	1339	1120	782451	51964656	954821	68365111
5010	226	1690	387	782836	51992117	0	0
5011	104	4026	2381	782842	51992393	0	0
5012	2527	4953	7715	783023	52004153	3477550	380363504
5013	137	993	1111	783557	52043890	1016587	74708765
5014	2424	4520	6552	783587	52045773	817927	55178643
5015	434	2013	2695	783767	52061156	1386129	112246627
5016	1586	4759	4402	783848	52068035	1043271	77341844
5017	3064	3327	7987	783909	52073981	2609363	261087159
5018	193	3541	2530	783956	52078862	3892333	441394003
5019	1968	3698	8284	784280	52112872	0	0
5020	175	1231	1865	784339	52119871	1110814	84123332
5021	2130	3420	7281	784509	52141459	3147297	334608145
5022	152	282	293	784512	52141593	1206960	94040050
5023	260	396	315	784571	52148795	3798833	427171306
5024	1080	2094	1333	785181	52213690	960268	68993283
5025	2431	4989	2124	785433	52235108	3229493	345900196
5026	2354	3448	3279	785690	52255899	0	0
5027	369	3189	3782	785796	52263314	1465965	121297551
5028	183	4134	2138	786237	52299722	1107372	83784140
5029	2783	4366	4983	786475	52316777	903224	63266323
5030	1701	3622	4312	786662	52330135	1292564	102629511
5031	415	1533	1077	786730	52334875	836646	56838841
5032	1829	2972	12994	786749	52335677	1508155	126473406
5033	757	4987	4911	786907	52350607	0	0
5034	1065	3883	9100	787453	52403094	3673997	409367553
5035	2873	3508	7738	787497	52407132	3898216	442309235
5036	1404	2223	2379	788138	52474350	3405062	370079148
5037	1491	1534	4713	788458	52498911	1565046	132648498
5038	978	1856	2529	788492	52501761	0	0
5039	235	839	578	788523	52504580	2139184	200569455
5040	36	3935	1257	788566	52507732	937692	66669820
5041	82	3243	1532	788702	52519093	1386592	112297769
5042	3141	3479	5221	789126	52546659	3485745	381546545
5043	498	1595	863	789194	52551772	799076	53462916
5044	2536	2990	9726	789441	52568820	3607403	400449468
5045	791	3685	5763	789583	52582164	815432	55004971
5046	1819	4867	5634	789869	52606257	1574853	133613164
5047	703	2478	3337	789995	52617122	1070495	79775164
5048	1890	4413	1067	790133	52628124	1364662	110017424
5049	2552	3475	4674	790317	52643949	2151840	201955738
5050	445	1237	1202	790348	52645888	2899545	300141176
5051	927	3911	3285	790412	52651085	830805	56311017
5052	1437	2207	5346	791122	52710406	0	0
5053	4680	4814	7280	791774	52753421	2140562	200714646
5054	1408	2004	1923	792182	52781263	835265	56724526
5055	445	4104	3134	792334	52790270	3246211	348044520
5056	3056	4221	4713	792467	52796953	808743	54444900
5057	1374	2558	2884	792649	52809249	1983307	182613821
5058	1369	2259	3032	792722	52814288	1202652	93734130
5059	487	3854	1354	792845	52822353	876204	60565408
5060	2765	4166	5535	793196	52843102	2786277	284723973
5061	1136	4358	1167	793292	52850418	1294361	102880526
5062	824	2015	3411	793502	52862270	1645578	142324371
5063	1286	4202	5299	793664	52872640	914753	64298823
5064	853	882	1984	793818	52884296	1003274	73363674
5065	2591	3967	8427	794064	52902317	2227247	211664698
5066	3552	3999	10755	794266	52918532	1609710	137794399
5067	1238	4846	14127	794372	52930601	957559	68644881
5068	3255	3905	6025	795286	53043723	1076315	80362469
5069	1473	3126	3409	795745	53091489	3750064	420174196
5070	1015	2262	1551	795816	53098512	1199788	93413086
5071	4132	4919	15403	795835	53100166	808495	54413044
5072	9	2813	864	796000	53120914	1318962	105361712
5073	319	1754	1806	796078	53129481	2051208	190476960
5074	2003	4322	4372	796253	53150972	1595808	135971796
5075	3763	3868	16926	796343	53161440	3568036	394048775
5076	918	4850	3467	796513	53185812	819868	55444492
5077	20	3606	5157	796532	53188057	1124628	85446485
5078	3206	3994	10130	796859	53236354	804523	53961869
5079	114	1859	277	797594	53333027	855662	58437392
5080	402	2195	841	798139	53385526	0	0
5081	2759	3199	10746	798439	53407947	1780876	157265885
5082	90	1875	1179	798928	53451094	937568	66657670
5083	3826	3929	9563	798937	53451643	0	0
5084	2512	5043	2953	799076	53462916	1239592	97386256
5085	506	4246	1298	799134	53468620	2495447	246387290
5086	1753	4103	3565	799380	53486969	0	0
5087	3987	4275	6716	799536	53499656	819868	55444492
5088	221	4189	16326	800175	53553401	886952	61708594
5089	2190	2750	4285	800535	53597278	1136240	86589472
5090	328	2335	2574	800744	53619780	3373271	366165608
5091	1365	3805	2752	801679	53702374	1325983	106092058
5092	2690	4504	5250	801745	53705932	3030883	318184283
5093	1416	4738	8749	801842	53712420	1321075	105569057
5094	2136	4661	5977	801898	53717938	1031212	76048856
5095	2147	3336	1081	802049	53737525	2699517	273112628
5096	1847	3633	4289	802636	53795844	2126539	198854683
5097	1938	3289	7101	802903	53819437	1220426	95477719
5098	1340	3101	3499	803019	53830240	915880	64406430
5099	3033	3720	11564	803557	53875225	1221241	95559023
5100	2054	3708	3920	803752	53895718	2374431	230944275
5101	736	2909	4965	804349	53947360	1069856	79729257
5102	1610	5078	11119	804523	53961869	2591472	258565771
5103	651	1285	1632	804606	53970150	1537981	129784275
5104	1500	4862	7612	804630	53971900	0	0
5105	1881	4511	7969	804746	53987855	885158	61508348
5106	971	1673	3011	804835	53998740	0	0
5107	1552	1731	2175	805674	54094172	1882957	170586515
5108	523	1182	1783	805886	54112255	964015	69429391
5109	4857	4880	19810	806076	54128233	852682	58163031
5110	1025	1207	3067	806085	54128811	2547364	252832094
5111	1938	3125	2029	806747	54213046	824775	55833853
5112	2143	4356	4686	806863	54225191	0	0
5113	3826	4992	16505	807039	54242503	2585006	257714733
5114	1342	4806	3061	807527	54300923	826146	55942147
5115	1368	4586	9042	807698	54319554	906205	63524575
5116	1000	5071	16652	808495	54413044	0	0
5117	571	5056	5503	808743	54444900	837220	56871631
5118	494	4044	5097	808875	54462562	1388059	112454813
5119	1438	2939	5259	809072	54488923	1158308	88865578
5120	2885	3223	1731	809366	54525791	1529201	128819422
5121	861	4588	5003	809586	54551938	863734	59388295
5122	1782	1927	3540	809960	54589635	1375318	111083459
5123	1305	1839	4075	810113	54603336	1025077	75435304
5124	139	830	427	810321	54621713	1244307	97880672
5125	1057	2162	2363	810854	54662519	0	0
5126	653	1633	3787	810968	54670807	1175959	90859555
5127	3181	4819	5000	811094	54679126	879527	60850748
5128	1475	3947	4372	811283	54693494	3350267	362403585
5129	2316	3186	5019	812030	54745175	3214403	343976906
5130	50	1846	613	812302	54762889	1186525	91914619
5131	1681	3965	4882	812401	54767520	1077877	80589149
5132	1976	4323	4738	812433	54769654	910894	63986784
5133	3632	4803	15227	812694	54789270	944408	67241638
5134	174	4581	1423	813604	54874100	2502367	247107426
5135	2901	3192	5626	813626	54875751	888800	62003206
5136	839	1576	1832	813651	54877555	0	0
5137	126	1961	3945	813799	54889694	0	0
5138	819	3135	1534	814250	54923190	1085609	81663409
5139	694	4377	5031	814291	54924954	2268463	216627351
5140	3195	3837	4633	814648	54952527	1827477	163146672
5141	779	3352	2052	814782	54962648	821745	55621433
5142	477	5045	7103	815432	55004971	1348964	108475613
5143	853	930	1351	815562	55014455	1062446	79148733
5144	553	4765	2351	815878	55036025	0	0
5145	960	4565	3081	816227	55057007	2375419	231060375
5146	162	4736	3204	816299	55061911	3950345	449559753
5147	2217	4370	2875	816619	55081064	990977	72114140
5148	1718	2951	4033	816895	55099049	3959141	450746347
5149	1556	2647	1638	816915	55100275	823597	55767229
5150	472	3775	4730	816951	55102567	0	0
5151	362	648	868	817443	55137809	0	0
5152	210	2741	908	817570	55144817	878847	60806158
5153	588	1321	1668	817577	55145112	833367	56514067
5154	2272	2687	2576	817620	55147648	1360694	109727539
5155	1741	3490	2696	817656	55150278	876276	60573301
5156	2673	3143	7756	817668	55151263	2057921	191134991
5157	1920	4015	11438	817822	55165312	1499307	125580282
5158	890	4810	9666	817886	55172549	1298916	103299689
5159	4903	5014	11403	817927	55178643	1091907	82295447
5160	2233	2980	2984	818298	55239607	1701866	148199193
5161	1899	2287	1944	818405	55254375	0	0
5162	2029	2440	3140	818715	55296242	2485243	245068345
5163	2252	4776	7389	818727	55297318	2687953	271546155
5164	2274	2574	9650	819139	55353365	837755	56905552
5165	1860	3264	3507	819535	55404699	980075	71005932
5166	5076	5087	10183	819868	55444492	944335	67235956
5167	970	1357	1434	820233	55485480	865999	59573517
5168	2948	3793	3507	820710	55534730	882239	61103207
5169	584	2978	1078	820956	55555050	925847	65516850
5170	2454	3379	5735	821118	55569612	2405324	235173541
5171	1802	2330	4926	821550	55605794	2518920	249116278
5172	2036	5141	3522	821745	55621433	1570649	133185901
5173	251	4932	4003	821759	55622935	865519	59533046
5174	3189	4875	8384	821889	55635959	1517234	127390322
5175	1946	2303	2475	822570	55695980	3281251	353053235
5176	1901	3640	3378	822883	55715950	1979869	182299440
5177	159	992	1038	822971	55722058	0	0
5178	1239	2611	5348	823042	55727855	1251742	98649065
5179	4802	5149	5292	823597	55767229	875257	60451180
5180	244	400	494	824644	55828828	1218250	95239287
5181	3707	5111	3211	824775	55833853	1045222	77473077
5182	2891	3460	4716	824791	55834515	2894694	299472225
5183	849	4296	1646	824968	55844319	3296814	355165123
5184	1170	1245	1294	825053	55849229	0	0
5185	2971	4498	10379	825056	55849304	1142323	87084954
5186	894	4707	1328	825115	55854239	943508	67174684
5187	3154	4640	5917	825301	55871737	1467076	121418845
5188	1061	2212	4889	825756	55909662	0	0
5189	484	3348	2346	825786	55912114	1162512	89301264
5190	1348	4975	5791	826093	55936746	1090406	82187725
5191	30	5114	3081	826146	55942147	1104150	83546613
5192	75	884	150	827064	56010673	1706309	148721958
5193	3609	4828	3495	827547	56033083	1022762	75224503
5194	3002	3130	6128	827613	56036130	3148077	334697591
5195	2498	2557	3795	827724	56043808	1613171	138284410
5196	904	1918	1579	827855	56052356	1670704	145076006
5197	229	4663	1479	828024	56064745	3324433	358720926
5198	13	4095	7767	828030	56065068	1318975	105362709
5199	670	3426	3458	828154	56077162	1014183	74421445
5200	3124	3659	3459	828508	56108981	1642513	141963466
5201	1804	4562	4870	828518	56110104	957190	68606632
5202	8	4783	2779	828785	56132059	2623829	262962392
5203	1000	1114	2010	828971	56145957	3156443	336016179
5204	4581	4697	14780	828979	56146564	1997199	184142360
5205	2158	4890	5688	829691	56220922	0	0
5206	2293	3358	6898	830259	56266864	1069241	79681969
5207	2438	4474	4509	830592	56295345	1655508	143526072
5208	477	5051	4625	830805	56311017	886733	61680819
5209	2964	3144	14672	831210	56342242	3590007	397524972
5210	1290	3777	5486	832024	56409096	2966078	309647107
5211	1828	2222	3156	832043	56409842	1026946	75627194
5212	803	2347	2079	832181	56421463	1455385	120112413
5213	1562	3053	3473	832360	56433685	1706981	148807112
5214	343	4275	2947	832716	56458946	1096761	82808325
5215	636	4867	4636	832850	56468330	1078588	80737467
5216	562	2607	2649	832942	56474114	1135098	86473078
5217	1934	3267	6433	833026	56480136	1052581	78154152
5218	1020	4535	7649	833100	56486074	2072858	192678016
5219	1209	3463	4383	833147	56489882	1593924	135828428
5220	1828	1935	2443	833275	56503601	932803	66175159
5221	2492	5153	2941	833367	56514067	860647	59016021
5222	1298	4578	9735	833578	56536241	856002	58465833
5223	4157	4813	17086	833835	56564626	1100222	83102632
5224	3648	3667	4958	834533	56649705	1262321	99590154
5225	1522	1603	1537	834979	56697958	1178103	91037966
5226	971	1851	4757	834986	56698923	1580516	134217322
5227	147	5054	1965	835265	56724526	0	0
5228	1931	4029	9456	835525	56747416	1144474	87348945
5229	2236	4412	2642	836337	56818197	1130264	85947124
5230	1150	4343	1136	836481	56828454	873657	60262749
5231	325	5031	1296	836646	56838841	1974525	181641999
5232	1916	5117	6011	837220	56871631	1033254	76218309
5233	52	3165	3429	837320	56877138	1185455	91779375
5234	878	4619	2385	837331	56877658	4069961	467547468
5235	2599	2872	2007	837672	56900266	967902	69742422
5236	3018	5164	12102	837755	56905552	0	0
5237	3655	4945	13283	838815	56989104	1236906	97057241
5238	2992	3788	6392	838855	56993237	1081540	81173334
5239	4308	4391	9343	839249	57034913	1151187	88091002
5240	807	1788	2090	839564	57069370	3196242	341264908
5241	665	4853	13141	839855	57097493	1845529	165630282
5242	2462	4381	7708	839937	57106306	1212843	94524687
5243	273	1270	1447	840983	57215328	2605175	260518956
5244	344	2956	4691	841041	57219741	920243	64860251
5245	1631	3067	7425	841055	57220469	1018945	74904135
5246	3335	3934	4236	841162	57230777	933658	66258818
5247	1960	3093	3493	841585	57269370	1034623	76406552
5248	4133	4900	9291	841734	57282619	945680	67417602
5249	1057	2224	2832	842168	57327720	913428	64185733
5250	179	362	625	842967	57386300	1823364	162656405
5251	1108	4778	2980	843186	57397674	0	0
5252	1498	2325	2380	843376	57408827	1001279	73182369
5253	3176	4787	12877	843443	57412572	2186186	206099391
5254	1407	3648	1524	843773	57440619	2992114	313082090
5255	1525	1770	3198	844080	57464006	3538009	389451543
5256	3002	3088	3880	844109	57466366	2950220	307422555
5257	3428	4980	21219	844383	57485417	1146988	87667874
5258	2483	3996	2949	844436	57491554	0	0
5259	2674	4131	11583	845350	57582519	2415703	236458242
5260	1585	4601	4951	845936	57634367	884925	61486644
5261	3311	4417	13182	846036	57642911	3118444	330813393
5262	1355	2079	2331	846458	57694841	1841758	165090374
5263	975	2968	3128	846970	57745837	1837715	164632085
5264	2664	4571	9104	847340	57773709	2457432	241534116
5265	1288	3878	2680	847947	57824545	917542	64560841
5266	3464	3795	3568	848221	57845341	0	0
5267	3188	3967	6543	848325	57853257	999479	73007911
5268	246	5008	3671	848588	57873611	3074842	324389210
5269	2554	3317	6691	848779	57886245	1831930	163960796
5270	1739	4523	5674	849121	57914977	2103753	196223827
5271	304	4889	2340	849378	57934138	1142227	87076744
5272	1076	3583	9447	849386	57934866	3032851	318487118
5273	2584	4103	4031	849461	57941607	1003454	73378476
5274	2521	4344	2471	849864	57982589	0	0
5275	2534	3662	4779	850694	58046806	994509	72535980
5276	618	2087	2632	851213	58076940	0	0
5277	409	3078	2574	851489	58091258	0	0
5278	1601	2508	6672	851751	58103070	1132581	86174601
5279	3105	3826	8303	851840	58108078	3448658	375937427
5280	421	3068	2346	852011	58120570	1426385	116718112
5281	2182	3750	3553	852606	58158624	1352949	108884377
5282	151	5109	19894	852682	58163031	1053404	78228526
5283	2766	4791	4828	853301	58229409	975580	70536281
5284	755	5117	6277	853540	58252834	905766	63487893
5285	1049	1721	1115	853652	58265081	1007419	73725781
5286	1934	3916	2763	853988	58296698	1529580	128852452
5287	4400	4999	2453	854014	58298446	1441944	118582140
5288	1051	3427	9601	854537	58342332	1144474	87348945
5289	364	905	846	855027	58386353	955076	68392753
5290	453	2313	4452	855108	58393344	890499	62171265
5291	1907	2312	3157	855145	58396083	1235472	96940592
5292	1346	5079	537	855662	58437392	1580120	134174077
5293	3194	3958	9818	855782	58444025	955067	68391634
5294	66	701	308	855857	58452000	894900	62619180
5295	4607	5222	16417	856002	58465833	1642922	142008784
5296	1130	1753	1828	856218	58493532	932208	66123111
5297	272	3422	2176	856275	58501479	1697613	147819598
5298	2987	4469	5175	856736	58552937	1600427	136553809
5299	1515	1682	2359	857017	58580227	1252663	98743464
5300	96	3045	4051	857078	58586875	0	0
5301	919	4228	8851	857504	58625011	2419389	236882541
5302	1907	2065	5218	857718	58646109	1000625	73121657
5303	2424	4790	3825	857724	58646961	1565909	132711523
5304	365	4039	2274	857852	58663113	1545046	130613195
5305	3250	4157	14432	858032	58686325	3111069	329907868
5306	3120	3477	6434	858601	58750132	1250545	98564435
5307	2661	3282	6478	858855	58773972	975051	70487604
5308	2453	2563	4384	858896	58778998	863333	59355886
5309	5	4286	2266	859208	58814372	950857	67942030
5310	3011	3262	13380	859476	58841237	1889432	171489617
5311	2959	3672	2946	859525	58846923	1004118	73440611
5312	1172	1901	2093	859735	58874479	963053	69344481
5313	1317	4638	2153	859767	58877473	904044	63335326
5314	3982	4800	7698	859930	58897585	882239	61103207
5315	4109	4222	25323	860170	58928390	2038394	188950140
5316	2302	5221	4280	860647	59016021	0	0
5317	2170	5071	16861	861182	59093877	0	0
5318	3094	3680	23732	861462	59131428	2929950	304028192
5319	2353	4568	3732	862096	59224209	0	0
5320	415	2832	2073	862680	59300038	0	0
5321	438	5308	4579	863333	59355886	0	0
5322	599	5121	5104	863734	59388295	943508	67174684
5323	525	1583	2912	863786	59394515	3598435	398966470
5324	1330	4040	828	864099	59420945	1463460	121007670
5325	713	998	461	864112	59421953	2191254	206866728
5326	2554	2899	11479	864504	59449259	0	0
5327	2095	3666	2428	864729	59467722	1006430	73635966
5328	2240	3177	3261	864740	59468357	1640478	141730905
5329	1452	1683	4732	865013	59490169	989570	71937275
5330	3487	3653	3134	865253	59510836	4334610	508878123
5331	2596	5173	6124	865519	59533046	1500994	125807143
5332	1599	3241	2358	865777	59554011	0	0
5333	3001	4916	2403	865987	59572042	0	0
5334	1696	5167	1721	865999	59573517	882096	61091349
5335	174	3396	2746	866109	59581318	1304960	103950209
5336	2486	4785	8667	866164	59585951	1390170	112691392
5337	1719	4696	6401	866381	59610112	1239592	97386256
5338	453	2716	1977	866470	59619862	1081844	81212936
5339	354	3039	1996	866803	59657660	1033082	76199778
5340	2611	2781	15166	866847	59662758	2377649	231349696
5341	229	3033	5698	867401	59725878	1606477	137419982
5342	1332	3385	4545	867759	59764350	1370422	110515413
5343	764	1957	2725	867892	59778002	1485963	123977239
5344	3042	3837	15279	868064	59793176	882540	61140197
5345	3940	4036	7564	868283	59820886	4334671	508885597
5346	3755	4860	4622	868529	59848982	2664510	268774101
5347	2701	3037	6003	868540	59850001	1150531	88027432
5348	2507	4841	6461	868904	59901529	1256173	99094411
5349	2484	3735	4664	869260	59946539	1926138	175672000
5350	2799	3735	3306	869783	59996060	2478023	244160671
5351	2190	4374	2010	870164	60029339	938903	66780193
5352	339	357	906	870400	60045238	912922	64148479
5353	19	4176	1737	871252	60093592	0	0
5354	566	2320	1793	871464	60104001	1073501	80023007
5355	1212	3285	6469	871731	60116117	1575704	133702930
5356	1919	3533	6465	871762	60118078	1347213	108288213
5357	2703	3108	6598	871964	60129871	1158209	88856011
5358	2474	4118	5448	872091	60139027	1045464	77487109
5359	686	2409	3250	872488	60169745	0	0
5360	139	4661	4882	873078	60202564	2013623	186088144
5361	1407	1844	1716	873106	60204410	0	0
5362	3380	4914	6320	873166	60207177	1179933	91267677
5363	2129	4547	2338	873239	60213125	1041723	77183781
5364	4376	4832	20175	873321	60220339	1859202	167417218
5365	1520	4451	10998	873576	60250615	907281	63651691
5366	2992	5230	5038	873657	60262749	1214994	94770277
5367	762	2142	3508	874485	60379746	1956836	179531171
5368	2203	3435	2450	874572	60388736	1778321	156945091
5369	350	1036	2226	874969	60427433	1120621	85069228
5370	2005	5179	7007	875257	60451180	1486410	124049089
5371	4790	4809	5682	875265	60451963	0	0
5372	3509	4061	6912	875399	60467040	1059503	78874181
5373	3157	4093	10553	875611	60490245	1327576	106235544
5374	2001	2862	2149	875641	60494377	946667	67526763
5375	219	429	406	875788	60512338	2627479	263366602
5376	3512	3965	5683	875979	60536187	3208535	343054777
5377	4190	5059	4211	876204	60565408	1108649	83916679
5378	1862	5155	6320	876276	60573301	1036877	76602302
5379	557	4593	2841	877222	60669446	1373391	110834966
5380	290	3543	2697	877573	60695841	3026599	317485738
5381	2262	3737	2686	877666	60703246	3607077	400404338
5382	2274	4981	11528	877854	60716686	4377902	515262844
5383	239	4937	5578	878223	60751334	3000421	314355123
5384	997	1126	2281	878238	60752239	3718695	415554865
5385	466	951	722	878278	60755238	1518647	127558968
5386	1830	5152	1039	878847	60806158	0	0
5387	2962	3347	2036	879377	60842795	964283	69458132
5388	71	5127	5080	879527	60850748	2422506	237223411
5389	3530	4609	11893	879785	60866764	924741	65411096
5390	2526	4744	6915	879857	60874001	1506907	126373361
5391	1181	3303	7350	880473	60934347	2695729	272715437
5392	3088	3548	4932	880540	60941156	885300	61523308
5393	396	2803	3358	880851	60970934	998577	72924631
5394	339	2477	2285	881057	60986252	0	0
5395	3640	3685	6917	881212	60999828	981905	71164643
5396	1950	3289	7405	881217	61000286	887887	61883256
5397	755	2740	5016	881397	61017943	3436358	374264432
5398	1174	1216	3785	881884	61073086	1743521	152834310
5399	3412	5334	3103	882096	61091349	1368545	110333566
5400	5168	5314	11205	882239	61103207	1190456	92445585
5401	890	3184	5374	882420	61125502	921439	64990615
5402	4579	5344	27647	882540	61140197	3362793	364542714
5403	3763	3962	13145	882692	61168951	2072141	192566200
5404	2669	4988	4875	882713	61173368	1323689	105852549
5405	919	2781	10934	883298	61278765	1818173	161944076
5406	444	4128	5139	883525	61316473	1987230	182960632
5407	1031	1121	1172	883744	61350202	2083063	193822519
5408	739	4343	764	884196	61413502	1070495	79775164
5409	4346	5260	9121	884925	61486644	890903	62211257
5410	286	5105	8189	885158	61508348	0	0
5411	1074	5392	6224	885300	61523308	3476045	380091954
5412	1074	2741	1960	885590	61558675	2533675	251119687
5413	1834	3446	3413	885700	61572134	1794306	158895819
5414	3613	4621	9515	885755	61577945	1619032	139077949
5415	374	3225	518	886011	61607058	1536312	129642698
5416	963	1899	2166	886130	61619502	2013984	186142512
5417	3217	4660	6169	886436	61650800	953018	68150100
5418	1977	2323	2718	886438	61650833	1218626	95279817
5419	38	3790	5494	886605	61666977	1168031	89992439
5420	2222	5208	6084	886733	61680819	932045	66108421
5421	1705	1985	2576	886803	61690008	0	0
5422	1611	4831	7799	886918	61704536	0	0
5423	258	5088	16623	886952	61708594	1077840	80579655
5424	2105	4404	3978	887007	61724628	1496703	125254785
5425	234	2069	1019	887308	61784802	2954421	308092620
5426	4734	5396	12466	887887	61883256	1440129	118367227
5427	1933	5135	6098	888800	62003206	2116900	197875875
5428	2146	3421	7752	889307	62060210	1858912	167381728
5429	1146	1884	1296	889538	62083541	969969	69953304
5430	1698	2441	6556	889635	62092808	1982531	182550556
5431	123	822	458	889754	62104262	2163292	203357050
5432	2163	3745	13330	890098	62133678	923154	65237620
5433	1554	5290	7311	890499	62171265	0	0
5434	594	2494	1390	890631	62184477	1233782	96789339
5435	2932	3372	10626	890834	62203961	967931	69744882
5436	4021	5409	15631	890903	62211257	1965730	180696823
5437	2752	3474	4098	891116	62242574	1329379	106475975
5438	1327	2655	3093	891534	62295222	926373	65554782
5439	1500	1766	6182	892392	62382268	2525742	250033139
5440	3549	4370	2476	892415	62383703	1920393	175022602
5441	60	2993	7217	892727	62409852	1427210	116810515
5442	1025	2866	3809	893465	62468672	1912913	174281715
5443	1819	3936	2421	893475	62469045	1008985	73948042
5444	2637	4270	7544	893818	62495605	1558934	131966518
5445	3969	4300	5382	893846	62498204	1885323	170963240
5446	1515	4437	9364	893938	62508154	935080	66377594
5447	2425	3976	6188	893977	62514219	966901	69672344
5448	2689	3056	5169	894866	62615866	3498947	383461391
5449	3823	5294	1118	894900	62619180	1661550	144171097
5450	2150	2490	3355	895184	62644121	1083441	81399541
5451	1557	4913	9669	895287	62653155	3465329	378584592
5452	1075	2528	3611	895633	62691659	0	0
5453	1059	3223	867	895793	62707716	956715	68558324
5454	3970	4079	12036	895809	62709685	2746018	279470669
5455	2478	3387	3275	896510	62776907	1475800	122559293
5456	4292	4652	11785	897204	62824308	1737270	152150348
5457	3043	4192	4671	897458	62846820	1653435	143315469
5458	582	4292	8663	897483	62849476	921571	65013181
5459	57	3214	594	897666	62869536	1468634	121595123
5460	123	1931	386	898169	62918844	2285554	218769797
5461	1697	4498	4112	898310	62930744	0	0
5462	796	2786	2919	898721	62964008	3576978	395677835
5463	1946	4086	2253	899142	62990412	3582132	396535426
5464	141	987	879	899311	63001185	942792	67131573
5465	2097	3765	2345	899516	63011327	1286026	102017577
5466	1085	2165	6868	899575	63014412	1350478	108617605
5467	61	4177	9190	899611	63016949	1115195	84533980
5468	2107	4955	5408	900341	63074119	2913728	301801267
5469	541	1758	1722	900394	63078537	1105714	83667213
5470	848	4755	5571	901292	63135210	1377340	111279845
5471	3225	3580	7340	902209	63182945	1508825	126554705
5472	3770	4229	3894	902358	63192004	0	0
5473	2025	4247	11041	902492	63199868	1228454	96305058
5474	2007	2612	3145	902591	63208394	0	0
5475	473	3472	9282	902871	63233969	3824304	430802913
5476	4298	5029	6606	903224	63266323	0	0
5477	922	4506	1646	903462	63288602	1172686	90588703
5478	2926	5313	7546	904044	63335326	1702182	148226685
5479	2246	2457	4437	904123	63340528	1423552	116436111
5480	676	1853	2455	904258	63355303	2794432	285940641
5481	4662	4929	7842	904440	63371614	2609363	261087159
5482	1586	2568	4794	904464	63374262	1763216	155013921
5483	1643	2958	3548	904744	63402857	1428728	117039828
5484	304	3661	1431	905395	63463038	968250	69786374
5485	1418	2178	3260	905535	63473015	1299441	103351787
5486	3791	5294	590	905716	63484859	1443368	118716537
5487	2335	5284	8310	905766	63487893	0	0
5488	1277	5115	9349	906205	63524575	0	0
5489	2411	4429	7264	906252	63530047	2548732	253007287
5490	3245	3828	10074	906329	63539927	1195867	92977167
5491	1911	3122	3933	906982	63618828	1005246	73541546
5492	1892	3793	6373	907083	63630483	3318420	357860314
5493	3225	5365	11374	907281	63651691	1481096	123215460
5494	1439	1637	1054	907646	63702469	938072	66708029
5495	271	845	380	907923	63732265	1645648	142332213
5496	1170	2189	4459	908078	63745294	1164380	89519465
5497	1198	2819	5325	908268	63764329	1149468	87921653
5498	1183	2899	6719	908288	63766733	917181	64526781
5499	645	2354	662	908411	63780666	1048086	77699161
5500	245	739	606	908822	63818792	0	0
5501	1361	2544	3517	909407	63865018	2633426	264181172
5502	304	4198	6271	909509	63873375	1568755	132998309
5503	717	1515	1729	909539	63876175	914816	64305377
5504	1089	4994	4494	909655	63886768	959890	68947261
5505	695	3752	953	909984	63917789	1253632	98845350
5506	1060	3880	4395	910105	63928374	1122359	85220643
5507	1394	1887	1724	910424	63954220	2260054	215651346
5508	2748	3246	4489	910688	63972077	3826603	431187242
5509	66	134	206	910793	63979596	2006806	185231888
5510	2244	3877	8469	910876	63985562	1089408	82097194
5511	2199	5132	7192	910894	63986784	3203796	342392501
5512	1713	3356	3400	911649	64052747	1272956	100654899
5513	398	4166	4590	912209	64092715	3300748	355778026
5514	1515	2209	3283	912276	64096989	1494462	124994329
5515	1415	4744	8151	912346	64102123	969969	69953304
5516	1254	4575	4968	912720	64132064	919717	64801347
5517	315	2816	1843	912745	64133455	3967325	451819304
5518	2435	5352	2370	912922	64148479	2718709	275565703
5519	2752	4429	6711	913127	64163052	1786847	157955780
5520	959	3639	3911	913352	64180136	1580516	134217322
5521	2041	5249	4205	913428	64185733	1455853	120163323
5522	2758	3004	10316	913551	64197747	0	0
5523	4312	4852	3751	914062	64247384	1644853	142250023
5524	2142	2980	4919	914676	64293179	0	0
5525	4875	5063	10185	914753	64298823	1941919	177384533
5526	3847	5503	4072	914816	64305377	0	0
5527	2397	3493	3430	915150	64337624	1164217	89500619
5528	3153	3801	10954	915269	64348193	1419853	115930052
5529	141	226	279	915765	64395985	4171042	482412767
5530	1750	4119	1525	915792	64397338	920106	64845843
5531	131	3238	12006	915803	64397852	3051219	320976327
5532	3162	5098	5039	915880	64406430	1055180	78443880
5533	3311	4707	1975	916599	64479522	1310749	104612225
5534	3357	4714	10101	916911	64505210	918373	64630754
5535	92	5498	6786	917181	64526781	0	0
5536	425	5265	2802	917542	64560841	3450274	376220012
5537	1800	4115	2022	918122	64610553	3230519	346028038
5538	4498	4979	7233	918171	64614551	3513040	385684844
5539	3859	5534	13779	918373	64630754	1153806	88354021
5540	3481	4261	11087	918655	64666685	1177928	91012425
5541	680	3566	6161	918715	64674360	1106829	83746152
5542	1928	4455	8907	918735	64677229	2064468	191784518
5543	2312	5516	5642	919717	64801347	0	0
5544	1084	5530	1844	920106	64845843	1084345	81514961
5545	3382	5244	6423	920243	64860251	3136251	333067694
5546	568	2032	4466	920281	64864759	2029366	187881930
5547	196	4685	2505	920826	64921802	1310056	104516753
5548	1782	2086	3539	921006	64936622	2489030	245440472
5549	1234	4345	5076	921138	64947791	0	0
5550	2541	3580	13468	921197	64953676	940492	66920376
5551	1247	2936	6982	921313	64969522	1153868	88361019
5552	3287	5401	10477	921439	64990615	1459008	120461592
5553	199	2026	3871	921560	65011340	1099384	83002827
5554	3778	5458	10915	921571	65013181	1192659	92642325
5555	1785	3194	7876	922350	65137910	1206812	94026181
5556	1559	3131	2524	922389	65144594	985760	71555840
5557	592	3180	1679	922626	65177418	3393866	368747911
5558	251	3829	3136	922904	65210444	1378370	111410253
5559	1722	5432	13838	923154	65237620	954154	68263348
5560	1450	4757	4044	923793	65320381	1016498	74702668
5561	1242	2566	1672	923827	65324292	1727593	151142235
5562	895	2262	1555	924084	65349629	2056068	190945189
5563	1462	1940	1725	924646	65403264	1365303	110061184
5564	2916	5389	18610	924741	65411096	926921	65596655
5565	5121	5169	6081	925847	65516850	3063049	322681838
5566	2798	3627	2895	926162	65540314	3589377	397455761
5567	25	926	471	926314	65550363	2760441	281475817
5568	2687	4965	3200	926322	65551178	1626471	140037449
5569	2024	5438	3455	926373	65554782	1409821	114783811
5570	1843	3168	3539	926483	65562930	1417262	115658192
5571	1459	3180	1937	926725	65581792	0	0
5572	871	1949	4589	926814	65588480	1396930	113358521
5573	4694	5564	25967	926921	65596655	1074811	80132281
5574	333	748	612	927188	65640733	0	0
5575	3217	3676	14959	927432	65669582	950729	67926286
5576	224	3587	5913	927526	65685927	977587	70731033
5577	2141	3438	4935	927605	65697158	3607795	400505640
5578	2377	4401	3558	928828	65848173	0	0
5579	1357	3314	1927	928896	65853754	1060454	78986291
5580	227	4420	1264	928922	65855647	3177707	338830191
5581	2791	4068	2062	929183	65878722	1214214	94687008
5582	2827	4463	2605	929518	65907837	1554604	131525429
5583	3866	3984	8189	929680	65918939	2161763	203110849
5584	189	636	520	930027	65945009	0	0
5585	626	3238	12125	930528	65974906	1876166	169648284
5586	2700	4742	6289	930532	65975088	3138724	333381542
5587	319	4878	9863	930586	65980771	1039009	76814467
5588	3012	4202	6730	931387	66060392	0	0
5589	3788	3862	4103	931711	66083316	0	0
5590	3940	5420	11326	932045	66108421	991861	72200925
5591	153	5296	2043	932208	66123111	1582646	134493848
5592	4307	5167	2694	932484	66148034	1357979	109416453
5593	3275	3329	12649	932737	66168612	1837675	164624918
5594	4219	5220	6519	932803	66175159	3249545	348518711
5595	8	2928	3942	932868	66181361	2060350	191376702
5596	4180	5246	8102	933658	66258818	1080472	81015372
5597	1375	2343	2018	934523	66333647	0	0
5598	2217	3244	6013	934525	66333653	1638773	141568007
5599	4086	4306	1883	934553	66335754	2280179	217979396
5600	197	1930	2784	934556	66336439	935371	66406271
5601	347	4733	5255	935005	66371448	0	0
5602	2500	5446	9823	935080	66377594	1962090	180233474
5603	217	4126	6734	935338	66403675	1283823	101808952
5604	3186	5600	4061	935371	66406271	1314753	104971713
5605	687	4932	4117	935617	66437327	1961239	180130172
5606	191	2976	1136	935905	66471160	2005234	184986844
5607	4498	4564	8906	935923	66473027	1134153	86348123
5608	82	4644	1106	935948	66476308	1117515	84769329
5609	907	1705	1599	936065	66491794	4207717	487453222
5610	2093	4285	4052	936124	66500823	1098302	82919366
5611	1258	4932	4108	936183	66507886	939668	66845306
5612	652	2717	1281	936594	66558721	0	0
5613	1811	2383	6472	936812	66582370	1048086	77699161
5614	4610	5082	6641	937568	66657670	1315160	105004149
5615	1247	1968	4252	937635	66663812	1433389	117533653
5616	1748	5040	1610	937692	66669820	3721367	415941537
5617	821	4965	1463	937774	66680291	2389473	233045365
5618	4443	5494	2786	938072	66708029	1613282	138298970
5619	3997	4016	8532	938633	66753898	2569955	255601736
5620	1550	4614	2789	938708	66761365	3202266	342117640
5621	1215	4360	3479	938723	66762817	2146922	201440296
5622	2249	3850	2766	938768	66766302	1444915	118847841
5623	2258	5351	3497	938903	66780193	2612183	261410421
5624	2318	4342	3245	939531	66834407	1540358	129980867
5625	3487	3983	2582	939545	66835655	1552408	131314073
5626	1062	5611	5376	939668	66845306	1718105	149938840
5627	707	1114	883	940073	66880977	1000887	73143868
5628	4636	4978	12226	940263	66895746	0	0
5629	4671	5550	15418	940492	66920376	1143762	87232599
5630	86	3990	8507	940636	66940850	1269928	100354374
5631	67	4660	2774	941769	67066516	1131987	86114118
5632	674	2566	1276	942592	67121316	1787228	158001176
5633	3481	5464	6424	942792	67131573	1004806	73504358
5634	2295	2435	4676	942802	67132019	974011	70389725
5635	5186	5322	6432	943508	67174684	3476649	380194224
5636	1253	4805	1890	943540	67177030	1117488	84767740
5637	2912	3785	7608	943578	67179079	1160312	89068696
5638	1014	4814	1563	943861	67201566	961324	69144480
5639	230	2277	444	944060	67217748	977475	70719213
5640	946	5166	10758	944335	67235956	1591383	135557941
5641	4906	5133	19427	944408	67241638	986616	71629892
5642	1752	3462	3320	944661	67277813	1025259	75454718
5643	677	4011	3073	944737	67287920	1022762	75224503
5644	3131	3954	8442	944932	67315067	1233648	96775749
5645	1620	5248	10616	945680	67417602	1072245	79910766
5646	1765	2063	2087	945708	67420750	1765446	155378331
5647	426	1960	1355	945771	67428895	1588236	135252865
5648	3187	3211	7357	946169	67477846	0	0
5649	4151	5374	4343	946667	67526763	0	0
5650	2027	3013	10374	946952	67553774	1163027	89354900
5651	2219	2789	3976	947074	67567477	1552702	131342478
5652	2850	3499	7208	947400	67595511	1247787	98334477
5653	1456	2967	6584	947420	67598104	1296423	103079474
5654	819	4672	2056	947467	67603495	1545901	130712645
5655	1969	3633	1474	947830	67644278	1749539	153495331
5656	1649	4950	1476	948225	67679841	1152890	88274106
5657	2992	3773	5409	948240	67681013	1341048	107710127
5658	730	4664	4278	948367	67693545	1384818	112058521
5659	2865	4961	6598	948515	67709193	1851203	166447839
5660	3427	4397	10638	948583	67717818	1073356	80007762
5661	2497	3280	4450	948758	67744897	957745	68673838
5662	1287	3894	1650	949383	67815414	2188552	206498736
5663	2610	2936	5785	949917	67862468	2105617	196446231
5664	2286	4666	6237	950460	67904320	1038497	76762266
5665	1571	4968	2626	950510	67908132	4255261	496181487
5666	4467	5575	19223	950729	67926286	2175794	204712328
5667	1926	5309	4074	950857	67942030	1254427	98914459
5668	48	292	367	950968	67956043	2427734	237793014
5669	341	3257	890	951059	67966643	1751727	153711735
5670	249	4524	2419	951667	68031897	1671314	145132809
5671	724	4370	2053	952245	68077781	3933562	447213921
5672	155	4288	6602	952262	68079614	1357138	109309508
5673	4284	4625	8771	952750	68122418	2366024	229817278
5674	396	2333	2383	953010	68149041	0	0
5675	891	5417	6711	953018	68150100	974470	70433320
5676	1981	2678	6922	953543	68198514	976311	70607852
5677	805	4539	5818	953722	68213771	2717907	275462800
5678	2212	4968	4072	953744	68216994	1430110	117226324
5679	704	3781	8180	953836	68225839	1952683	178995404
5680	95	4200	4156	954094	68256727	1177867	91005570
5681	726	5559	14869	954154	68263348	2943129	306220410
5682	387	5009	1716	954821	68365111	1958791	179807230
5683	1450	5293	11868	955067	68391634	1007605	73743975
5684	3834	5289	5084	955076	68392753	0	0
5685	324	2871	1489	955275	68418515	1123411	85323293
5686	188	2713	1140	956375	68533558	4248773	494351938
5687	4309	5453	3373	956715	68558324	1301283	103544240
5688	1597	4206	7050	956754	68561240	1020457	75029986
5689	1671	4231	9633	956796	68563964	1166979	89862951
5690	445	1375	1149	956809	68564934	1373752	110888368
5691	26	1994	2907	956991	68584849	1049716	77839801
5692	1349	4704	746	957028	68588654	1255643	99042071
5693	3597	5201	7881	957190	68606632	1020887	75069227
5694	2654	5067	19783	957559	68644881	2490054	245531903
5695	1392	5661	4940	957745	68673838	1451989	119659090
5696	435	1078	1724	958460	68765754	2586447	257925597
5697	1800	4161	11372	958754	68797947	1055848	78512853
5698	4495	4795	20371	959105	68834368	1541728	130095297
5699	2121	3367	4917	959230	68855434	2795587	286159846
5700	998	1228	733	959558	68903331	1538156	129800591
5701	131	1025	1054	959839	68941381	1766603	155545451
5702	2306	5504	7142	959890	68947261	1691642	147204045
5703	4424	5024	9062	960268	68993283	0	0
5704	1205	2816	2560	960275	68993707	3415706	371439364
5705	2306	2586	4806	960288	68995709	1173517	90680687
5706	706	4928	3036	960486	69024438	1446303	118943618
5707	2673	3226	4731	960501	69026628	2623829	262962392
5708	1965	4168	6243	960581	69038105	3719170	415611398
5709	3115	4417	13086	960583	69038480	1001134	73164824
5710	2714	5638	2433	961324	69144480	1008533	73888738
5711	3876	3912	6683	961764	69191073	1721134	150274826
5712	765	4878	10234	961915	69206678	1337936	107327504
5713	2455	4437	9902	961970	69213803	4226787	490421660
5714	862	1196	1272	962584	69290978	2356133	228550130
5715	4244	5005	7252	962629	69295730	2298464	220647108
5716	4383	5312	2406	963053	69344481	1388139	112464992
5717	1119	4168	4632	963346	69373396	2238567	213188991
5718	1516	4429	4459	963981	69426971	2060672	191410030
5719	3093	5108	4658	964015	69429391	3784192	425386558
5720	363	4417	12330	964093	69437367	1590975	135515695
5721	4265	5387	9272	964283	69458132	1522518	127981536
5722	1172	4057	3836	965102	69542049	1272371	100597647
5723	2707	4253	3753	965358	69566364	0	0
5724	177	1796	635	965800	69601269	1924485	175471255
5725	1693	3561	5716	966474	69646178	0	0
5726	1428	4013	2643	966734	69662431	1093059	82405952
5727	2568	4357	5477	966763	69663970	1424125	116490387
5728	1317	5447	7190	966901	69672344	1276443	101040558
5729	1292	3718	4010	967078	69687124	0	0
5730	2438	3755	6247	967886	69741765	1113934	84388447
5731	4195	5235	11550	967902	69742422	1468036	121509918
5732	3841	5435	12652	967931	69744882	994832	72578986
5733	4060	5484	4878	968250	69786374	1757870	154310395
5734	2846	4514	3519	969066	69870134	1181867	91462978
5735	2617	3061	2741	969074	69870777	1018945	74904135
5736	2482	3709	5261	969580	69914550	1035648	76500154
5737	1609	4733	6156	969628	69919487	1011909	74195634
5738	2454	3239	6444	969732	69929479	981891	71163295
5739	2075	4126	7232	969829	69939176	1171474	90409418
5740	5429	5515	9447	969969	69953304	1759004	154423450
5741	1345	4861	9900	970505	70017577	2286457	218922278
5742	1262	3052	7225	970703	70043584	1162512	89301264
5743	4491	4658	3238	970880	70066611	1116383	84660701
5744	3520	5246	7847	970900	70068885	2743779	279202290
5745	1794	3347	3553	971374	70124242	4034572	461874506
5746	3677	4661	9026	971906	70180190	1731052	151427867
5747	4188	4885	15142	971979	70187252	1776123	156689936
5748	1151	3643	7604	972213	70216290	1275319	100913082
5749	3470	4934	8292	973778	70367247	1855968	167057219
5750	4270	5634	8858	974011	70389725	0	0
5751	4259	5675	10378	974470	70433320	2285818	218806833
5752	2200	5307	9839	975051	70487604	1126569	85628204
5753	2455	5283	6995	975580	70536281	2006507	185178789
5754	1097	2033	872	975647	70541546	2389187	233001459
5755	2883	4461	8458	975668	70543343	1012446	74238749
5756	854	4970	3475	975941	70573240	1177377	90962531
5757	542	606	629	976156	70594365	2731351	277363196
5758	2780	5676	11170	976311	70607852	3435645	374183723
5759	1022	3839	3195	976477	70623643	1592626	135691536
5760	1154	1909	3410	977066	70681337	2555219	253799720
5761	298	2381	5720	977223	70695031	1606540	137428747
5762	2263	3529	3984	977276	70700178	2140575	200716049
5763	2634	4660	3611	977407	70713332	0	0
5764	402	1236	4612	977423	70715080	1234735	96873187
5765	3125	5639	1931	977475	70719213	2279174	217859206
5766	4286	5576	8175	977587	70731033	1218626	95279817
5767	3252	3289	9248	977799	70755085	0	0
5768	444	4711	5436	978190	70803110	2655956	267558826
5769	984	2703	5804	978762	70863639	1118700	84878842
5770	323	5054	2259	978848	70873106	1316729	105156287
5771	3286	4082	3644	978855	70873809	1291142	102476369
5772	3098	3207	6454	978937	70881558	1870528	168963093
5773	2931	3478	8188	979042	70893322	1041274	77123507
5774	3687	4329	4825	979776	70973514	1208292	94158159
5775	4295	4930	6391	980013	70999751	1355521	109135473
5776	3867	5165	5131	980075	71005932	2191072	206842201
5777	3658	3953	8226	980616	71058172	1685767	146578705
5778	847	2029	1186	981871	71162146	1104150	83546613
5779	2288	5738	11369	981891	71163295	2069734	192302138
5780	3413	5395	8825	981905	71164643	1530199	128907081
5781	3694	4481	3190	981921	71166044	1736803	152100997
5782	3026	3411	5598	982168	71194630	1048969	77774556
5783	2691	5244	6309	982255	71204990	1450080	119386501
5784	2265	2319	2647	982455	71227698	1116295	84651417
5785	1963	2922	701	983050	71289977	2367844	230131823
5786	2338	4771	7161	983357	71315040	3842242	433256292
5787	1611	1686	3778	983425	71321103	1702182	148226685
5788	65	3258	4828	983522	71329115	1359440	109583707
5789	3042	3373	12597	983709	71349628	1007593	73741306
5790	3525	4936	9240	983837	71365316	1841758	165090374
5791	434	1743	491	984295	71418842	1146547	87629637
5792	1066	4506	1748	984525	71441601	1553321	131401114
5793	59	1249	897	984703	71459326	1129725	85901916
5794	228	2711	4197	984749	71462691	1132478	86162217
5795	2841	2962	7197	984821	71470912	1026243	75543346
5796	3784	5556	10216	985760	71555840	0	0
5797	479	4056	9979	986217	71593351	0	0
5798	3290	3968	5851	986552	71624533	1160690	89110996
5799	3441	5641	21628	986616	71629892	1400012	113652831
5800	1339	2460	5389	986738	71648108	0	0
5801	1771	3380	2118	987649	71767210	0	0
5802	1179	3625	2896	987721	71774264	1434365	117670614
5803	1116	4849	4033	987785	71780828	1006862	73664896
5804	289	3451	1094	988038	71805451	1321479	105606017
5805	2878	4729	3623	988698	71866291	1113633	84355427
5806	118	3812	1935	988762	71872401	3929966	446697964
5807	2395	4113	6991	988843	71878485	1060952	79027367
5808	158	1582	1682	989087	71900807	1373391	110834966
5809	4585	5329	11115	989570	71937275	0	0
5810	2398	3007	3563	989710	71949277	1426426	116721801
5811	185	1924	4927	989769	71954514	2482880	244754077
5812	99	1768	1031	989910	71968358	1000934	73148007
5813	2715	3818	20179	989986	71977301	1281001	101552002
5814	1135	3458	4535	990321	72028714	3031311	318255029
5815	4105	4940	5712	990466	72046461	1716046	149729748
5816	1028	5147	4566	990977	72114140	2276249	217569873
5817	754	3943	4490	991186	72136687	1064300	79279906
5818	912	5590	11626	991861	72200925	1017436	74777350
5819	1010	4864	8308	992225	72240269	1347213	108288213
5820	507	3691	3900	992464	72264560	1063096	79194775
5821	609	3268	12383	992827	72299257	1706392	148730869
5822	2680	4720	13796	993086	72329960	1094200	82544490
5823	986	4759	3455	993290	72359106	1134153	86348123
5824	3084	4228	10097	993426	72377970	1432935	117487040
5825	4292	4635	18280	993535	72391535	0	0
5826	3093	5275	7654	994509	72535980	1642239	141935377
5827	4437	5732	20387	994832	72578986	1607267	137523085
5828	1320	4847	8144	995205	72629697	1767035	155603713
5829	1701	1857	1835	995651	72693359	1408851	114698288
5830	4340	4608	5102	997579	72851357	1567523	132881383
5831	2231	2734	3312	997638	72854638	0	0
5832	4065	4254	4986	997896	72869573	1817177	161793453
5833	220	4819	2660	998017	72876282	2174283	204556015
5834	4788	4977	13667	998098	72881547	1329160	106437336
5835	140	739	624	998144	72884924	3099910	328131054
5836	932	5393	3583	998577	72924631	2063060	191647665
5837	226	3612	1827	998697	72934366	1055180	78443880
5838	1076	4081	7972	999034	72965602	1287900	102200757
5839	2999	5173	5053	999426	73002450	3004547	314892972
5840	1575	5267	7946	999479	73007911	1928911	175995697
5841	2231	3535	3614	999546	73015682	1217256	95113993
5842	575	3386	4439	999764	73039194	2787933	284987151
5843	1395	1804	1464	1000308	73097146	1852909	166678769
5844	4540	5302	9462	1000625	73121657	1118238	84835401
5845	625	5627	1185	1000887	73143868	1494965	125051372
5846	3549	5812	1580	1000934	73148007	1416273	115545068
5847	642	2387	2539	1001084	73160613	1155402	88569957
5848	180	5709	13141	1001134	73164824	2396941	234024909
5849	590	5252	2617	1001279	73182369	1080688	81048674
5850	744	4319	3342	1002344	73288547	1503980	126108585
5851	219	2511	2673	1002757	73323046	1677184	145605425
5852	2951	3618	8828	1002889	73333228	1636034	141248143
5853	1181	4420	1776	1003128	73352526	1286404	102054721
5854	3564	5064	3435	1003274	73363674	1917959	174726378
5855	2594	2756	4936	1003338	73367973	1362266	109846061
5856	2463	4576	3989	1003344	73368418	3050716	320871977
5857	4883	5273	6077	1003454	73378476	1432106	117414993
5858	2692	2901	4237	1003672	73400061	2856068	294389924
5859	278	5307	6769	1003920	73422516	1292143	102571872
5860	2791	5311	4045	1004118	73440611	1210279	94316548
5861	1960	2407	3270	1004240	73450489	1091328	82254460
5862	169	1980	1040	1004274	73454048	0	0
5863	527	4909	553	1004630	73490805	1221369	95574806
5864	249	5633	6532	1004806	73504358	1505406	126230674
5865	3197	5491	10660	1005246	73541546	3907170	443784369
5866	1696	3492	2056	1005674	73578347	1522518	127981536
5867	1300	3192	4917	1005681	73579176	1309114	104380932
5868	3024	5327	3939	1006430	73635966	1195190	92895329
5869	335	4393	2537	1006845	73663521	1012823	74277883
5870	4745	5803	8687	1006862	73664896	1303447	103766078
5871	435	3904	5022	1006909	73668715	1481510	123291323
5872	4136	5429	2777	1006954	73673424	3708389	414078604
5873	967	4777	2858	1007011	73679305	1569425	133058962
5874	4999	5285	1941	1007419	73725781	0	0
5875	3001	5789	13637	1007593	73741306	0	0
5876	900	5683	12036	1007605	73743975	1014257	74431041
5877	1533	1881	5299	1007828	73782085	1152890	88274106
5878	2911	4528	6194	1007937	73801803	0	0
5879	4186	4916	4056	1008409	73872369	2018914	186798565
5880	5634	5710	7109	1008533	73888738	1054889	78411486
5881	1611	5443	3710	1008985	73948042	2513558	248383382
5882	385	4996	1628	1009030	73955954	0	0
5883	958	4902	2122	1009097	73964355	0	0
5884	1790	2127	3253	1009107	73965321	2522173	249510070
5885	3714	4424	8297	1009209	73976278	1427210	116810515
5886	514	3395	5902	1010666	74113867	1451696	119609333
5887	789	5045	6074	1011049	74139544	1224625	95924803
5888	677	3139	961	1011201	74151509	0	0
5889	1468	2129	2782	1011279	74157055	3275885	352496324
5890	4884	5737	8571	1011909	74195634	1148348	87825270
5891	1296	3979	11372	1012174	74214591	1309394	104420652
5892	3616	5755	9368	1012446	74238749	1874221	169413849
5893	1551	3979	10019	1012631	74257741	2089021	194376456
5894	1900	5869	3533	1012823	74277883	1982531	182550556
5895	285	4464	2052	1012970	74295131	0	0
5896	133	4638	1175	1012994	74297156	3134491	332843671
5897	1165	3255	3248	1013090	74307746	3192543	340833332
5898	589	1158	3227	1013214	74320908	2545094	252560352
5899	2212	4076	9271	1013629	74360094	1420029	115957103
5900	1588	3242	6355	1013723	74369864	0	0
5901	1414	4497	4436	1013852	74383891	4062390	466364931
5902	2728	4968	1606	1013936	74394248	0	0
5903	1734	4062	2398	1014130	74414707	1464233	121097723
5904	4689	5199	17792	1014183	74421445	2104064	196253641
5905	934	5876	12218	1014257	74431041	1200778	93524050
5906	481	2900	2015	1015154	74573556	1232806	96713315
5907	2951	3008	4263	1015222	74581035	1125252	85508869
5908	914	1175	592	1015339	74594011	1600749	136616588
5909	932	2481	673	1015753	74641207	2049031	190294904
5910	2496	5560	4844	1016498	74702668	0	0
5911	2541	5013	7615	1016587	74708765	1086646	81809806
5912	252	1018	620	1017148	74757863	1091949	82299763
5913	2248	5818	14838	1017436	74777350	1931156	176240206
5914	3389	4208	1629	1017462	74780106	1079267	80838298
5915	1182	3347	3060	1018117	74839657	2741841	278949382
5916	1457	4688	5239	1018220	74847505	0	0
5917	174	506	324	1018624	74881750	1103350	83489881
5918	5245	5735	10166	1018945	74904135	3060994	322408519
5919	4059	4281	8623	1019107	74918120	1483293	123596336
5920	3383	4637	2750	1019332	74938468	1354774	109057070
5921	2087	4213	10178	1019795	74974838	1163044	89356911
5922	2416	5273	4950	1019934	74987172	0	0
5923	97	1497	3078	1020261	75015330	0	0
5924	613	630	977	1020279	75016806	2200725	208167197
5925	5249	5688	9882	1020457	75029986	0	0
5926	214	977	656	1020651	75047612	1259598	99404201
5927	4356	5693	8767	1020887	75069227	1828437	163330833
5928	1865	2411	5083	1021343	75113426	1518291	127511461
5929	335	4739	4492	1021577	75134450	1675839	145522446
5930	328	1054	4326	1022446	75199711	0	0
5931	728	3337	7045	1022590	75210976	2856054	294388966
5932	5193	5643	6568	1022762	75224503	2337942	226179863
5933	1197	1698	2571	1022849	75231521	0	0
5934	629	3379	1915	1023182	75259630	2783583	284398571
5935	431	4238	3858	1023332	75272344	1248765	98435506
5936	2575	4356	3835	1023725	75299956	1367032	110196908
5937	4297	5683	16882	1023979	75317986	1531723	129104139
5938	3858	4264	12977	1024344	75355546	1623240	139670592
5939	700	2323	3018	1024505	75375173	1029265	75855154
5940	3394	5123	5508	1025077	75435304	1390267	112706467
5941	1272	5642	4320	1025259	75454718	1355560	109141193
5942	3254	3676	14119	1025883	75510477	1447880	119119339
5943	4921	5795	16371	1026243	75543346	1033254	76218309
5944	745	1031	1323	1026261	75544791	3162100	336852706
5945	643	4156	1684	1026814	75613355	4291203	502230616
5946	631	4658	2284	1026872	75619338	1733045	151669973
5947	2697	5211	3812	1026946	75627194	2451110	240565214
5948	474	4331	12395	1026999	75633568	1028983	75824228
5949	297	2130	2740	1027100	75647714	2402053	234698217
5950	1782	4774	2224	1027240	75667031	2174943	204630373
5951	25	2376	759	1028422	75785864	1172381	90544201
5952	1441	2991	2138	1028679	75805365	2234533	212646001
5953	1373	2001	1969	1028762	75810155	1210117	94305011
5954	4795	5948	21312	1028983	75824228	0	0
5955	5432	5939	16348	1029265	75855154	1521310	127838610
5956	17	1639	1506	1029621	75896743	1324101	105900724
5957	818	3236	5382	1029770	75914757	1438887	118242339
5958	1134	2013	4315	1030327	75968986	0	0
5959	409	2092	2035	1030702	76001685	1213336	94575293
5960	4709	4962	8882	1030899	76016698	1373386	110834224
5961	2122	5009	1233	1030927	76019187	1090046	82160185
5962	3119	5094	11883	1031212	76048856	1080067	80952390
5963	3354	4536	4607	1032165	76129037	2072858	192678016
5964	3380	3823	1956	1032563	76156920	1939574	177156872
5965	615	1600	2161	1032696	76167386	2432162	238284706
5966	161	1325	427	1032839	76177266	1665172	144536096
5967	3470	4967	14570	1032862	76178684	1214912	94756694
5968	3082	5339	7395	1033082	76199778	1468254	121535212
5969	5232	5943	22382	1033254	76218309	1560196	132107760
5970	751	3204	2219	1033515	76266009	2442694	239579389
5971	9	3949	1575	1034444	76385663	2059877	191331236
5972	4714	5247	11043	1034623	76406552	1944988	177929210
5973	3141	5043	2885	1035165	76459846	0	0
5974	3982	4285	6288	1035493	76486523	1882588	170534436
5975	1044	1502	2393	1035593	76495721	1096298	82770641
5976	1124	5736	5391	1035648	76500154	2818518	289081765
5977	4366	5869	4136	1035982	76533687	2238983	213230921
5978	75	516	581	1036155	76549484	1672064	145198154
5979	802	2604	2356	1036308	76561696	0	0
5980	65	4551	1191	1036768	76595429	1684686	146452687
5981	5208	5378	10945	1036877	76602302	1625887	139958037
5982	1262	2117	3153	1037018	76613973	0	0
5983	964	2281	4128	1037143	76624380	1188127	92122817
5984	4490	4557	16092	1037415	76645985	2993811	313284593
5985	2840	4571	11124	1037655	76673910	1346118	108166641
5986	2058	2147	1836	1037946	76707337	1255928	99070307
5987	2833	3601	1796	1038400	76753748	2669054	269275150
5988	813	2511	3461	1038467	76759710	2836090	291281657
5989	1286	5664	6750	1038497	76762266	1755472	154069832
5990	2598	4586	10163	1038858	76798270	1195190	92895329
5991	2952	5587	11342	1039009	76814467	1137586	86706064
5992	342	2740	4602	1039119	76828926	1666665	144663322
5993	328	4409	4125	1039138	76831277	1718767	150002887
5994	3532	4885	9511	1039475	76878241	1616463	138808531
5995	124	4138	13764	1039652	76903423	1799778	159691142
5996	484	4478	3797	1039726	76916038	3000421	314355123
5997	298	5133	15561	1041034	77097011	1085524	81647604
5998	4026	5773	10477	1041274	77123507	0	0
5999	2872	4245	4728	1041548	77158692	1764378	155208360
6000	245	5363	2499	1041723	77183781	1725567	150937939
6001	674	2928	4464	1042027	77226217	2512651	248219942
6002	1586	2040	3356	1042991	77321425	1272810	100642197
6003	2985	5016	5717	1043271	77341844	1792715	158713611
6004	1594	4673	8711	1043454	77355837	1541728	130095297
6005	1261	3829	4115	1044138	77410283	1393115	113038733
6006	32	618	611	1044689	77445333	2141617	200844822
6007	1776	2626	1864	1044717	77446768	1354266	109006677
6008	2523	5181	6250	1045222	77473077	0	0
6009	1327	2957	4352	1045331	77479407	1580221	134184200
6010	478	5358	5516	1045464	77487109	2272110	217115439
6011	412	1210	631	1045871	77516464	1333833	106919565
6012	1548	3102	3699	1045888	77517423	1281698	101628405
6013	986	2631	4521	1045906	77518706	1303061	103724254
6014	3513	3588	8483	1046101	77533564	1729881	151300856
6015	515	3394	2424	1046303	77550431	3120501	331078362
6016	1527	4082	2471	1046521	77568973	1058230	78729065
6017	2278	4896	4148	1046552	77571785	1245201	97988301
6018	2580	5378	9994	1046822	77597026	1188680	92192346
6019	3592	4615	2929	1047100	77621078	0	0
6020	3637	4477	5153	1047730	77670670	1247412	98291293
6021	5499	5613	7134	1048086	77699161	2482901	244756966
6022	544	5393	3734	1048196	77708182	1736518	152072897
6023	1260	1967	3227	1048539	77737361	0	0
6024	2517	2845	5651	1048656	77748219	1252052	98671988
6025	556	5782	6467	1048969	77774556	3388180	368032263
6026	305	1740	2448	1049088	77784181	3318963	357944489
6027	694	5675	7158	1049213	77794964	2716151	275200057
6028	1104	2481	2635	1049310	77802697	0	0
6029	2237	3459	3016	1049377	77810233	1107476	83791019
6030	4336	5691	8493	1049716	77839801	1240955	97524554
6031	1949	3112	10027	1050378	77903515	4246042	493573911
6032	1858	5220	3147	1050696	77932938	1911186	174107047
6033	492	4629	8869	1050787	77940594	1834873	164337833
6034	3595	4045	15201	1051109	77975097	1198504	93269788
6035	3768	3946	7037	1051258	77992724	0	0
6036	156	4495	11526	1051352	78004513	1494965	125051372
6037	120	3924	986	1051531	78029979	0	0
6038	3286	3961	7192	1051602	78038636	1241907	97630466
6039	3141	3490	3420	1052509	78146420	0	0
6040	74	5217	6533	1052581	78154152	1182446	91513344
6041	3199	5282	28143	1053404	78228526	4072355	467816992
6042	3303	3805	8124	1053482	78238313	1481494	123288499
6043	637	2410	1471	1054379	78360491	2614415	261706063
6044	42	3440	1941	1054693	78393050	1652695	143240435
6045	4970	5880	9701	1054889	78411486	1224046	95868534
6046	1282	4702	3612	1055063	78432116	1342006	107824021
6047	521	982	1387	1055117	78437028	2502944	247171558
6048	5532	5837	6866	1055180	78443880	1846553	165817118
6049	4698	5697	11911	1055848	78512853	0	0
6050	1843	4801	4004	1055892	78516959	3771362	423115803
6051	3443	4628	6401	1056267	78558065	4269809	498767771
6052	1661	4257	3707	1056470	78582193	2594491	259131910
6053	106	616	745	1057220	78650418	1497714	125364800
6054	1306	4388	2330	1057665	78684098	1373534	110854675
6055	1344	4985	1267	1057681	78684844	1616463	138808531
6056	312	2518	4082	1057811	78693641	1410673	114879479
6057	4391	5094	9090	1057896	78700898	2017476	186602793
6058	1210	4116	4123	1058189	78725508	1565721	132698290
6059	967	6016	3301	1058230	78729065	1161789	89231578
6060	817	3039	2112	1058413	78747612	0	0
6061	3578	4913	13799	1058606	78764180	1934398	176560363
6062	2387	4394	13741	1058721	78775197	1827477	163146672
6063	2639	4640	9925	1058736	78776804	0	0
6064	213	342	609	1059039	78822538	0	0
6065	4259	5372	10579	1059503	78874181	0	0
6066	1624	5199	5144	1059634	78890807	2032806	188261904
6067	2305	4257	2947	1059770	78909072	1434187	117634705
6068	2936	4197	6004	1059901	78925106	1683882	146360650
6069	1888	5579	3106	1060454	78986291	1216509	95000334
6070	2524	5807	11589	1060952	79027367	1076699	80417907
6071	1900	2356	3745	1061036	79035681	3248816	348392033
6072	66	3805	1408	1061768	79099429	0	0
6073	903	2014	2358	1062175	79129038	1510007	126686807
6074	477	1075	2636	1062237	79134316	0	0
6075	4166	5143	5893	1062446	79148733	2145330	201237462
6076	1411	4530	2702	1063084	79193484	1227679	96239440
6077	4155	5820	6580	1063096	79194775	0	0
6078	3314	4264	6357	1063262	79207348	4378921	515405453
6079	2420	4804	4352	1063999	79257015	1292813	102660016
6080	2107	4057	3788	1064044	79260279	2653888	267274096
6081	1626	2377	1990	1064160	79269684	1133131	86246874
6082	4389	5817	9846	1064300	79279906	2130215	199281220
6083	1045	1831	4629	1064331	79282379	1185709	91806015
6084	3964	5312	11286	1064335	79282605	1154209	88400090
6085	1684	4314	2228	1064337	79282653	1522397	127964585
6086	346	2041	1888	1064811	79341307	0	0
6087	1417	2546	2485	1065306	79389169	0	0
6088	1039	1366	2151	1065891	79434787	1554194	131488967
6089	3844	4570	5126	1066024	79444372	1696657	147701364
6090	1908	2992	5093	1066691	79490829	0	0
6091	2964	3996	11053	1067070	79516424	1577724	133900360
6092	875	2737	1893	1067102	79518353	1504291	126132205
6093	2464	3186	1725	1067402	79539269	1088833	82045479
6094	3158	3366	5061	1067556	79548302	1168946	90111539
6095	3241	3840	5428	1067595	79551233	0	0
6096	1245	4832	10397	1067917	79578492	1731410	151469862
6097	590	4157	5060	1068057	79589854	1525570	128430761
6098	236	237	167	1068486	79627950	1216295	94972274
6099	3331	4242	4935	1068920	79659010	1446681	118970943
6100	3001	5206	7938	1069241	79681969	0	0
6101	1097	3659	2699	1069501	79700292	0	0
6102	766	1381	1906	1069740	79719841	1382436	111800791
6103	1162	5101	5565	1069856	79729257	0	0
6104	5047	5408	4101	1070495	79775164	2649738	266753606
6105	3051	3366	6376	1070549	79779092	1126742	85646504
6106	3306	4419	12651	1070618	79783750	1505371	126227103
6107	3635	4241	2978	1070822	79804089	1157257	88768150
6108	136	4873	4164	1071832	79884444	3111550	329980874
6109	2631	5645	13917	1072245	79910766	1882957	170586515
6110	662	3401	5752	1072343	79921826	0	0
6111	2956	3312	4893	1072355	79922924	1363910	109957584
6112	3505	3705	2870	1072934	79974869	1083441	81399541
6113	1611	5660	11927	1073356	80007762	1076042	80318154
6114	1024	2371	3594	1073399	80012199	1377158	111259782
6115	692	5354	2784	1073501	80023007	1490327	124555517
6116	487	1916	1160	1074213	80090074	1800718	159847430
6117	3071	3141	7956	1074776	80129968	2228660	211802753
6118	3021	5573	27828	1074811	80132281	2243761	213691780
6119	716	5002	13961	1075061	80170619	1295457	102981676
6120	3040	3945	2011	1075710	80270714	0	0
6121	3151	6113	17478	1076042	80318154	0	0
6122	4936	5068	11634	1076315	80362469	1186525	91914619
6123	1201	6070	12671	1076699	80417907	0	0
6124	2142	2788	3040	1077204	80494368	0	0
6125	1847	4811	5998	1077372	80516229	0	0
6126	2728	3801	11360	1077707	80561860	0	0
6127	204	5423	16724	1077840	80579655	2192447	207036782
6128	4813	5131	17145	1077877	80589149	1238345	97241912
6129	2880	5215	5398	1078588	80737467	0	0
6130	3818	5914	19780	1079267	80838298	2329908	224985887
6131	2022	3392	6389	1079503	80875812	2442576	239558606
6132	917	2038	3747	1079843	80924615	3737814	418041076
6133	98	5962	11986	1080067	80952390	2232990	212385307
6134	2112	5395	10038	1080391	81001998	3254816	349450782
6135	966	5596	8257	1080472	81015372	4315619	506187321
6136	4366	5849	4216	1080688	81048674	1419432	115877481
6137	1982	3640	2488	1080890	81082186	1155365	88564493
6138	3276	4664	5661	1081127	81115909	1746703	153111150
6139	3463	5238	8537	1081540	81173334	3065001	322987004
6140	4063	5338	6939	1081844	81212936	1272353	100596750
6141	1311	2751	2952	1081990	81235734	1180357	91317592
6142	22	2506	1252	1082192	81259777	1887104	171188192
6143	2456	4063	6749	1082275	81271703	0	0
6144	325	4342	1787	1082424	81292587	1690241	147098937
6145	3495	4046	3957	1082909	81344846	2059877	191331236
6146	1716	4618	1641	1083102	81363774	2733224	277553923
6147	984	3386	4295	1083142	81367325	0	0
6148	3030	3171	3288	1083318	81383590	1284725	101887571
6149	4487	4920	10826	1083329	81384601	2969178	310017649
6150	5450	6112	6225	1083441	81399541	1328987	106413914
6151	666	4831	6889	1083717	81435529	2248111	214264508
6152	1596	4204	6496	1084097	81484841	1158896	88922907
6153	2273	3368	2618	1084339	81514429	3562804	393452513
6154	706	5544	2445	1084345	81514961	1813594	161359667
6155	2178	4826	15039	1084826	81571548	2639783	265204490
6156	1755	4759	3307	1085236	81616326	1661359	144155203
6157	15	1082	1472	1085497	81644535	1584735	134784046
6158	2395	3965	4811	1085520	81647356	2362795	229422424
6159	1244	5997	15985	1085524	81647604	1164603	89545556
6160	627	5138	2162	1085609	81663409	1640520	141737215
6161	1662	2694	7003	1085636	81667899	1184702	91696807
6162	72	4979	3908	1085663	81673462	1109928	84044723
6163	682	4038	1409	1085781	81690463	1705504	148650113
6164	1012	5911	9221	1086646	81809806	0	0
6165	920	3488	3418	1086851	81835945	3546439	390664310
6166	2982	3706	4160	1087003	81855195	1530741	128973331
6167	1353	4515	6936	1087038	81859785	0	0
6168	1028	2601	3453	1087215	81885322	1512604	126911008
6169	431	2746	2738	1087451	81913792	1522570	127988749
6170	3563	5499	4476	1087547	81926628	2219391	210713423
6171	1170	2298	847	1087623	81936093	1582735	134510121
6172	433	2854	1755	1088175	81994674	1346609	108221415
6173	248	6093	1876	1088833	82045479	1178124	91041149
6174	3884	4888	11751	1088948	82055027	0	0
6175	1591	4965	2520	1089372	82094472	1379829	111589225
6176	1700	5510	9777	1089408	82097194	1876186	169650324
6177	1944	3008	2066	1089676	82127672	1227366	96216846
6178	520	5961	1524	1090046	82160185	1767096	155613843
6179	512	5190	6578	1090406	82187725	1395038	113210448
6180	1284	1977	1149	1090695	82211612	3094949	327309658
6181	1185	5939	4202	1091019	82234110	2172847	204418565
6182	376	4136	1847	1091051	82236327	2212661	209799610
6183	3370	5861	4687	1091328	82254460	0	0
6184	3205	4829	3740	1091661	82277713	1398146	113452547
6185	2174	4209	1503	1091824	82290222	0	0
6186	1224	2191	1282	1091846	82291892	1422795	116369056
6187	1627	5159	12007	1091907	82295447	2286457	218922278
6188	311	4113	5155	1091917	82295983	1736518	152072897
6189	966	5912	775	1091949	82299763	3090294	326713319
6190	938	2126	2480	1092100	82314794	1145703	87539404
6191	1703	4281	9294	1092470	82350692	0	0
6192	1420	5726	3152	1093059	82405952	1731004	151423683
6193	684	4287	4084	1093132	82413117	1463626	121027479
6194	4033	5564	19321	1093168	82415856	1107476	83791019
6195	3284	3302	2947	1093219	82422774	1141329	87008129
6196	1528	3250	11102	1093369	82442880	4073034	467910137
6197	932	5822	14021	1094200	82544490	1254400	98911099
6198	2976	4778	2959	1094590	82591570	2029762	187922737
6199	392	4686	8176	1094975	82633756	0	0
6200	3987	4556	7812	1095245	82665905	2003199	184786182
6201	2591	3084	5078	1095329	82675494	0	0
6202	2668	5417	8053	1095876	82731183	1129725	85901916
6203	5812	5975	3424	1096298	82770641	1424791	116566191
6204	327	1334	1432	1096507	82788055	1843423	165267069
6205	1991	5214	4241	1096761	82808325	2310305	222586390
6206	166	2562	4658	1096816	82813036	0	0
6207	321	3368	2652	1097052	82833847	2923670	303253958
6208	828	2403	3043	1098135	82910802	1374490	110986616
6209	725	2229	1019	1098225	82914902	4231767	491231963
6210	3165	5610	7431	1098302	82919366	1213420	94586395
6211	1976	4639	7795	1098329	82921128	1269135	100262289
6212	2478	4316	3858	1098753	82955976	1206408	94001120
6213	1692	2583	2710	1098777	82957809	1204486	93885520
6214	2276	3038	2418	1098980	82973756	1214824	94746851
6215	202	520	393	1099034	82977516	1572840	133387455
6216	59	338	656	1099038	82977920	2277280	217670538
6217	1070	5553	4772	1099384	83002827	1160519	89089850
6218	3914	5510	15201	1099388	83003041	0	0
6219	365	1003	1110	1099611	83028704	3785844	425636818
6220	3546	4797	14296	1099675	83034730	1187155	91996345
6221	2505	5214	5991	1100142	83092560	0	0
6222	4138	5223	30760	1100222	83102632	1759004	154423450
6223	153	3473	640	1100556	83163330	1134028	86337514
6224	3679	4372	7427	1100589	83168487	1552408	131314073
6225	3650	4416	5195	1101586	83314380	2388664	232921671
6226	3869	4625	8390	1101860	83344539	1405639	114427641
6227	2643	3779	7309	1102819	83441477	1472258	122128068
6228	799	3174	2270	1102862	83445818	1473988	122350512
6229	1050	3647	1508	1102910	83450432	3276886	352588807
6230	223	1315	2283	1103224	83478799	0	0
6231	5230	5917	1460	1103350	83489881	1108483	83901085
6232	1460	1741	1496	1103696	83517008	1783059	157509617
6233	5191	5778	4267	1104150	83546613	2204646	208681517
6234	1930	3029	4246	1104533	83569914	1203234	93786266
6235	3095	4546	11430	1104769	83586366	0	0
6236	3421	5087	13972	1105290	83631191	1492634	124804308
6237	3296	5469	6990	1105714	83667213	1751332	153673594
6238	3530	5541	11233	1106829	83746152	4266658	498330949
6239	1859	1866	2718	1107360	83783577	1243858	97829562
6240	328	5028	2679	1107372	83784140	1358366	109463659
6241	6029	6194	22337	1107476	83791019	0	0
6242	1738	2949	3461	1107805	83834547	1624774	139852970
6243	3836	4464	3244	1108389	83892069	1109005	83954469
6244	2643	6231	3055	1108483	83901085	2541210	252078912
6245	1620	5377	5536	1108649	83916679	1793686	158825066
6246	68	4048	6247	1108725	83923552	1283135	101753054
6247	4793	6243	5796	1109005	83954469	1143765	87233012
6248	1506	5494	1612	1109170	83975215	1689295	147018964
6249	921	1835	2194	1109909	84043323	1299441	103351787
6250	3860	6162	5426	1109928	84044723	1462767	120920955
6251	1254	3972	2031	1109960	84047835	2308851	222337449
6252	1620	1758	2671	1110070	84057593	0	0
6253	1795	4738	8846	1110540	84100495	0	0
6254	3030	5020	2604	1110814	84123332	1413322	115206764
6255	1594	2593	3814	1111225	84156827	1113207	84318272
6256	1241	3409	1384	1111443	84172350	0	0
6257	1968	3446	1102	1111470	84174564	0	0
6258	473	1050	937	1111796	84196235	1575076	133636581
6259	4069	4196	14610	1111940	84204853	3526795	387926595
6260	2362	3935	7091	1112223	84231221	0	0
6261	3131	3381	3671	1112689	84272818	1453204	119855056
6262	4027	6255	6987	1113207	84318272	1369492	110434501
6263	2131	2876	9473	1113352	84331562	2835685	291203378
6264	4932	5805	7537	1113633	84355427	1629625	140416826
6265	1050	3577	1151	1113726	84364588	0	0
6266	1868	2531	4058	1113822	84374054	1410421	114845921
6267	2179	2517	4194	1113835	84375693	1255542	99030354
6268	966	5730	6402	1113934	84388447	1242916	97741797
6269	1555	4754	10624	1113995	84395327	1357138	109309508
6270	789	1050	1070	1114685	84485093	2029527	187899971
6271	1496	3475	4520	1114989	84513636	1241253	97551533
6272	5153	5467	10858	1115195	84533980	1165050	89620441
6273	198	3870	974	1115736	84593780	1169875	90226405
6274	2274	3234	5878	1115780	84597185	1687169	146768671
6275	3762	5784	3715	1116295	84651417	1668275	144858738
6276	1716	5743	3854	1116383	84660701	4424481	522845643
6277	457	4824	3014	1116484	84671076	1174663	90781337
6278	1097	5363	2543	1116736	84694427	2795962	286226601
6279	3529	5660	13019	1117012	84717431	0	0
6280	3279	4103	4462	1117232	84740841	1312549	104792518
6281	4055	5636	3330	1117488	84767740	4416197	521486046
6282	1081	5608	1478	1117515	84769329	2115874	197756190
6283	2619	5363	2801	1117524	84770649	1386714	112309867
6284	1394	5844	10757	1118238	84835401	0	0
6285	2328	2506	2944	1118422	84853177	2410562	235800469
6286	4606	5769	11672	1118700	84878842	1276697	101076904
6287	3356	4403	4602	1118903	84904641	0	0
6288	76	2388	1381	1119126	84930198	3096640	327585335
6289	1219	4588	5220	1119183	84936399	0	0
6290	1146	1515	2398	1119691	84986827	1275319	100913082
6291	1978	3685	4977	1119854	84999387	2033132	188293770
6292	3271	5115	11384	1120119	85021851	3737754	418032892
6293	5267	5369	8769	1120621	85069228	2820720	289389400
6294	1359	2580	4898	1120814	85088628	0	0
6295	1651	4116	6178	1120941	85100588	2137101	200207765
6296	256	3233	315	1121153	85122318	0	0
6297	1737	3851	10082	1121767	85172924	1617813	138941800
6298	491	2174	837	1122139	85204774	2735702	277912913
6299	1061	3232	2131	1122191	85208581	1304164	103857674
6300	3533	5506	9748	1122359	85220643	1340318	107597631
6301	3768	4374	4147	1122413	85225809	0	0
6302	4096	4154	4418	1122434	85227512	2144363	201131623
6303	1694	3193	6953	1123111	85293958	1585793	134893304
6304	74	5579	2027	1123258	85308348	4259551	497029436
6305	3076	3557	9137	1123286	85310204	2243984	213718596
6306	1461	5685	2669	1123411	85323293	1432935	117487040
6307	1491	5215	7553	1123458	85327514	3263955	350673146
6308	453	1275	1809	1123502	85333372	0	0
6309	1197	4151	4091	1123724	85358621	1336241	107146723
6310	3144	4360	7803	1124217	85409377	2031928	188174073
6311	2958	5077	7610	1124628	85446485	1866070	168499006
6312	3636	3785	4969	1124683	85452378	4369153	513978398
6313	1179	3963	6089	1124968	85481057	1225389	96016119
6314	5907	5911	11878	1125252	85508869	1221461	95585732
6315	1404	2456	2700	1126148	85598169	1410673	114879479
6316	2435	3188	3222	1126455	85620164	1337936	107327504
6317	4675	5752	12139	1126569	85628204	1629591	140413041
6318	1263	6105	8330	1126742	85646504	4097907	471932719
6319	1813	4696	6584	1127071	85678958	1842877	165207660
6320	1495	2477	2768	1127363	85709419	3509810	385234215
6321	549	746	327	1127807	85749474	1717411	149881374
6322	1844	4589	4585	1128649	85808215	0	0
6323	1601	4387	10721	1128710	85812349	2726079	276681813
6324	1931	4636	6287	1128774	85817100	1902526	173103685
6325	1673	3056	3403	1129163	85848549	0	0
6326	298	4022	2673	1129228	85854238	1951094	178811495
6327	3337	5283	9694	1129261	85856716	1307773	104216036
6328	5793	6202	8950	1129725	85901916	0	0
6329	3646	5229	4559	1130264	85947124	1685202	146509193
6330	2177	4815	9019	1130271	85947842	0	0
6331	277	3623	1576	1130744	85996192	2033815	188373282
6332	3481	4299	11027	1130985	86018981	1434255	117647825
6333	2508	2585	3783	1131168	86038978	1272353	100596750
6334	1274	2801	7868	1131672	86084665	2030162	187973272
6335	2697	5631	3430	1131987	86114118	4397478	518271569
6336	8	3172	6177	1132047	86119156	1399225	113552275
6337	2078	3996	2009	1132071	86121149	4165489	481561149
6338	5645	5794	14813	1132478	86162217	2489492	245471546
6339	3360	5278	9622	1132581	86174601	1209198	94227775
6340	59	3982	5059	1132885	86218713	1178103	91037966
6341	3541	6081	4355	1133131	86246874	0	0
6342	35	4873	4035	1133910	86328284	0	0
6343	3552	6223	7556	1134028	86337514	1405210	114378629
6344	5607	5823	12361	1134153	86348123	4257028	496546234
6345	1937	3780	11956	1134208	86353333	0	0
6346	72	3887	2085	1134470	86389947	1343560	107972899
6347	856	3543	2954	1134660	86411727	1188389	92153544
6348	233	4599	10244	1134670	86412511	1906455	173527344
6349	1288	5216	4021	1135098	86473078	2986159	312279698
6350	824	1000	4233	1136205	86585453	1289692	102363872
6351	3982	5089	9312	1136240	86589472	1613320	138305976
6352	839	1579	911	1136262	86591959	3920675	445385320
6353	212	1460	450	1136680	86631282	2428525	237882605
6354	1971	3557	7009	1136711	86634155	0	0
6355	781	2378	3673	1136957	86655796	1572447	133349046
6356	4654	5991	12218	1137586	86706064	2200115	208080951
6357	1068	4997	10381	1137897	86736896	2137093	200205699
6358	822	2778	3373	1138566	86809619	0	0
6359	2554	3704	7360	1139010	86847586	2174283	204556015
6360	4313	4326	5976	1140159	86930628	0	0
6361	347	996	397	1140534	86953638	1938007	176993100
6362	32	3758	6317	1140558	86955402	2379616	231656379
6363	2736	5363	4172	1140958	86981735	1356308	109229538
6364	4454	4761	7732	1141174	86996203	2161763	203110849
6365	1395	2322	2086	1141296	87005925	1412861	115161783
6366	4225	6195	4484	1141329	87008129	1180115	91287115
6367	3811	4429	7756	1141745	87040225	3614007	401194450
6368	764	2120	3771	1142213	87075721	1320042	105476750
6369	2130	5271	4962	1142227	87076744	1475875	122566568
6370	3396	3561	6431	1142300	87083473	1746571	153089407
6371	363	5185	10866	1142323	87084954	0	0
6372	828	3957	6124	1143104	87164428	0	0
6373	577	3274	4957	1143349	87184618	2933719	304638879
6374	4732	5185	22990	1143520	87200285	2336990	225991644
6375	2830	5629	18489	1143762	87232599	0	0
6376	6093	6247	7521	1143765	87233012	0	0
6377	5228	5288	19057	1144474	87348945	0	0
6378	5003	5639	4375	1145086	87453097	1531880	129130664
6379	950	3092	2296	1145437	87506617	1428093	116939308
6380	1169	6190	3394	1145703	87539404	1923002	175330825
6381	2499	5791	5103	1146547	87629637	1267939	100112395
6382	826	1030	2600	1146796	87652065	1849703	166284408
6383	2369	5257	22331	1146988	87667874	0	0
6384	3541	3771	4113	1147069	87677877	1388124	112462662
6385	781	1130	1306	1147389	87727084	1214214	94687008
6386	1276	5890	9069	1148348	87825270	3600815	399286789
6387	4099	4566	1357	1148836	87870072	1647848	142544884
6388	3572	5791	5695	1149270	87905193	0	0
6389	895	2447	3006	1149314	87909843	1621003	139371996
6390	2792	5497	7680	1149468	87921653	1185455	91779375
6391	330	3517	3922	1149726	87944928	2541068	252059731
6392	1236	1866	6900	1149757	87947931	1797507	159380200
6393	2639	3741	10381	1149962	87966704	1830579	163713261
6394	980	5347	6197	1150531	88027432	1426794	116763713
6395	846	3983	1850	1150850	88060377	0	0
6396	1679	5239	10044	1151187	88091002	1225312	96005031
6397	2808	4331	19502	1151242	88097004	1171262	90382739
6398	789	5503	2040	1152539	88246675	1466553	121359995
6399	2952	4804	4612	1152607	88251926	2929950	304028192
6400	5656	5877	6775	1152890	88274106	2197324	207702196
6401	2701	3436	3791	1153161	88300189	0	0
6402	2583	3694	5035	1153552	88334166	0	0
6403	2619	5539	14242	1153806	88354021	1585508	134857263
6404	3062	5551	10613	1153868	88361019	2719427	275667393
6405	2502	6084	12365	1154209	88400090	1522177	127932307
6406	1305	4042	4246	1154280	88411086	0	0
6407	2545	4235	9696	1154509	88446369	1541693	130091921
6408	40	3572	5229	1154752	88486213	0	0
6409	4510	6137	11507	1155365	88564493	1274559	100829282
6410	3451	5847	3477	1155402	88569957	1392786	113007673
6411	1	1672	192	1155501	88582944	2487474	245318779
6412	428	2488	4201	1155544	88588740	0	0
6413	2243	3672	2867	1156539	88700705	1756248	154154134
6414	733	3422	3027	1156637	88710583	2902948	300506366
6415	1904	4717	5621	1156840	88728386	2596578	259448887
6416	4412	4867	6040	1157045	88747629	1573150	133422775
6417	220	4249	645	1157234	88766675	3897523	442204983
6418	2705	6107	7985	1157257	88768150	0	0
6419	746	4069	331	1157269	88769131	1237978	97204766
6420	1047	4531	3093	1157339	88777184	4179863	483663691
6421	145	1835	1351	1157479	88792407	1182282	91500811
6422	1126	5357	7673	1158209	88856011	1499251	125572290
6423	2499	5119	9871	1158308	88865578	2556060	253872784
6424	124	1598	1344	1158381	88873982	2414243	236289633
6425	5732	6152	19148	1158896	88922907	1399799	113617938
6426	78	961	1191	1159423	88983881	2702661	273449938
6427	45	4691	685	1159561	88996446	1243858	97829562
6428	372	4645	10489	1160016	89037137	2017141	186555963
6429	2006	5637	8241	1160312	89068696	0	0
6430	1097	5975	2598	1160368	89075598	2030162	187973272
6431	155	6217	4950	1160519	89089850	1419178	115850113
6432	1923	4680	7236	1160636	89105501	0	0
6433	4391	5798	8964	1160690	89110996	1630786	140575359
6434	1814	3007	1918	1161024	89152199	3216769	344320916
6435	137	6059	3411	1161789	89231578	2660739	268294557
6436	3004	4309	10995	1162201	89271796	1167580	89927811
6437	399	3387	855	1162443	89295397	1274929	100875612
6438	5189	5742	9571	1162512	89301264	1876166	169648284
6439	325	1022	805	1162613	89311598	1731441	151473894
6440	710	2509	3587	1162672	89317937	2268375	216617656
6441	978	5650	11375	1163027	89354900	0	0
6442	1560	5921	11213	1163044	89356911	1487566	124201752
6443	2695	4021	11440	1164140	89492899	1216747	95034029
6444	716	5527	3506	1164217	89500619	2864576	295438959
6445	136	5496	4608	1164380	89519465	3050716	320871977
6446	6159	6243	19229	1164603	89545556	1993951	183709115
6447	3128	3825	5796	1164987	89611782	1747489	153241009
6448	2607	6272	12953	1165050	89620441	3248816	348392033
6449	1335	3292	449	1165297	89665323	2197803	207764431
6450	145	731	893	1165581	89709104	0	0
6451	1330	5812	1507	1166793	89847028	3639603	404477487
6452	32	873	438	1166845	89852210	1964607	180572919
6453	879	5689	10938	1166979	89862951	3065658	323076109
6454	908	2062	2231	1167113	89876664	1647286	142489202
6455	98	4635	10623	1167312	89899580	1188661	92188528
6456	2289	4148	4252	1167339	89901918	2067533	192080766
6457	1249	3115	2108	1167412	89910629	1291656	102523952
6458	4784	6436	13541	1167580	89927811	0	0
6459	625	3982	5329	1167791	89961579	1169875	90226405
6460	3631	5419	10290	1168031	89992439	2467190	242806276
6461	2359	4164	7246	1168401	90044779	0	0
6462	1893	3563	3959	1168872	90102087	0	0
6463	538	6094	5415	1168946	90111539	0	0
6464	2638	3918	15126	1169305	90149918	1562403	132384502
6465	2837	3905	5978	1169812	90217606	1779685	157102394
6466	6273	6459	6303	1169875	90226405	0	0
6467	1766	3465	12552	1170153	90260334	1480780	123161301
6468	1848	2915	4426	1170928	90348882	2874487	296851481
6469	440	4561	3085	1171115	90367580	1417744	115709639
6470	211	6397	19675	1171262	90382739	1722590	150446832
6471	267	5739	7563	1171474	90409418	2253445	214930384
6472	947	1257	802	1171852	90469284	1409821	114783811
6473	1846	4880	15037	1172038	90495456	0	0
6474	2035	3782	5564	1172266	90527245	2115662	197728594
6475	50	5951	820	1172381	90544201	1560126	132099894
6476	4631	5477	4407	1172686	90588703	2149336	201693013
6477	2974	5705	6317	1173517	90680687	2055484	190889354
6478	3829	4823	4090	1173677	90698880	1460068	120594759
6479	2939	6277	6383	1174663	90781337	1522080	127921983
6480	10	4626	916	1175664	90846520	1831160	163823858
6481	1876	5126	7857	1175959	90859555	3130971	332414082
6482	508	4116	4547	1176115	90868208	1888058	171299614
6483	4844	4897	10957	1176587	90897407	2303415	221378446
6484	1365	1586	3572	1176601	90898265	2153157	202097128
6485	175	4936	5814	1176867	90920823	4300705	503925948
6486	1478	5515	8758	1177111	90939790	1213336	94575293
6487	806	5756	4012	1177377	90962531	1383263	111892279
6488	14	3299	6841	1177557	90976794	1841114	165031536
6489	651	3814	1971	1177606	90981085	1554867	131552375
6490	3498	5680	9132	1177867	91005570	2674600	269934695
6491	5540	5643	14160	1177928	91012425	1941919	177384533
6492	3844	3924	2647	1177942	91014686	1719070	150039762
6493	2445	3558	2847	1178084	91034862	1465045	121199596
6494	5225	6340	6596	1178103	91037966	1307713	104210488
6495	427	6173	2095	1178124	91041149	4002004	456942896
6496	1115	3576	4407	1178355	91077822	1435887	117917454
6497	1912	3449	6511	1178634	91115743	1433359	117530542
6498	1748	5817	4843	1179542	91226478	1530077	128893437
6499	176	3015	1705	1179598	91232090	2535030	251300831
6500	3498	5362	11296	1179933	91267677	0	0
6501	1522	6366	5395	1180115	91287115	1212215	94468596
6502	1124	2676	4341	1180316	91312584	0	0
6503	3577	6141	3344	1180357	91317592	4146800	479104922
6504	1554	3085	4252	1181178	91400299	1766674	155555637
6505	3156	4387	7501	1181321	91413554	1193270	92696225
6506	997	1481	2587	1181457	91425077	2397978	234172725
6507	759	2632	1515	1181521	91431445	2359490	229017069
6508	1521	5734	3636	1181867	91462978	1207080	94051670
6509	3050	4735	6648	1182113	91485657	0	0
6510	102	6421	1403	1182282	91500811	0	0
6511	3177	6040	7570	1182446	91513344	3287086	353917124
6512	2105	4951	6161	1183057	91567884	1691642	147204045
6513	1194	3900	8993	1183887	91631512	1911843	174172688
6514	696	3081	3008	1183905	91632917	1236913	97057639
6515	4058	4754	12065	1184325	91666173	2437111	238783672
6516	1223	2938	6082	1184632	91690237	1323103	105790112
6517	4132	6161	15221	1184702	91696807	2140584	200716583
6518	5233	6390	11109	1185455	91779375	2565529	255049455
6519	2474	4795	11564	1185636	91797825	1858613	167348957
6520	1764	6083	6218	1185709	91806015	1199405	93368614
6521	3071	3729	7901	1185824	91821966	1228332	96293041
6522	1450	3881	2578	1186519	91913525	1327731	106252203
6523	5130	6122	12247	1186525	91914619	1719070	150039762
6524	3700	6220	16327	1187155	91996345	2588480	258155926
6525	2642	3218	7381	1187344	92023076	0	0
6526	2224	5983	5365	1188127	92122817	1538156	129800591
6527	2658	6347	5036	1188389	92153544	1573001	133404646
6528	19	1174	3166	1188465	92164050	2025539	187531803
6529	359	3899	1515	1188552	92176929	1460030	120590327
6530	3369	6455	16823	1188661	92188528	0	0
6531	5613	6018	16466	1188680	92192346	1630167	140489298
6532	2038	4946	5965	1189294	92295134	3208535	343054777
6533	526	682	1153	1189635	92347996	1813018	161280728
6534	192	1727	2342	1190134	92406465	4435357	524592293
6535	2930	4721	4498	1190156	92408313	1277440	101192566
6536	5031	5400	12282	1190456	92445585	1365724	110085307
6537	1611	2521	2288	1191530	92557635	1450654	119451793
6538	1777	1885	4620	1191619	92565770	1375195	111069975
6539	116	311	497	1191737	92577172	1537062	129701167
6540	4553	5554	14053	1192659	92642325	1883591	170694081
6541	186	4883	2210	1192903	92663841	2261813	215847943
6542	1731	6505	8870	1193270	92696225	1463092	120961924
6543	1360	2549	5111	1193978	92760687	0	0
6544	1276	3620	11762	1194008	92762451	0	0
6545	2628	2745	2295	1194055	92766707	3135297	332939649
6546	3508	5132	10060	1194109	92773140	1481510	123291323
6547	2603	4591	8515	1194157	92778417	4402847	519204327
6548	5868	5990	14102	1195190	92895329	1196284	93029370
6549	2812	3810	3385	1195567	92942523	2807996	287845558
6550	1465	5610	5048	1195699	92959416	1847143	165917439
6551	1097	5490	10279	1195867	92977167	2149794	201740355
6552	3446	6548	14797	1196284	93029370	2045107	189879218
6553	1350	1462	1407	1197018	93124849	1279384	101432435
6554	1866	2394	4654	1197842	93206707	1644836	142248410
6555	158	2373	2590	1197883	93210771	2021957	187157904
6556	4035	4409	5566	1198009	93222179	3406952	370307532
6557	2551	4473	5039	1198160	93236447	2424273	237429391
6558	4429	6034	19374	1198504	93269788	1542257	130177407
6559	1918	3272	2068	1198936	93319321	1814014	161416847
6560	1405	6520	8860	1199405	93368614	0	0
6561	1880	3323	10532	1199636	93392334	1263129	99669723
6562	4337	5070	6953	1199788	93413086	1642922	142008784
6563	339	4843	8321	1200568	93500904	0	0
6564	205	5905	12458	1200778	93524050	1229734	96451305
6565	3704	4213	9402	1201563	93619407	2328400	224768854
6566	3546	5208	8135	1201793	93643964	1660320	144066387
6567	990	1908	2326	1202041	93672289	3316452	357607504
6568	2266	5273	5742	1202315	93699970	1661550	144171097
6569	689	4078	301	1202412	93709696	1433932	117603593
6570	1792	4096	3822	1202421	93710364	0	0
6571	1537	5058	3446	1202652	93734130	1547181	130829575
6572	634	4811	2483	1203076	93773775	2981636	311710330
6573	29	2771	1098	1203194	93783066	2067167	192044885
6574	4	6234	4249	1203234	93786266	1659031	143939024
6575	1957	2342	3685	1203408	93801631	2633426	264181172
6576	1717	2664	3705	1203553	93814317	1737425	152173609
6577	2566	2666	3451	1204166	93864690	3743666	419150013
6578	222	6213	3089	1204486	93885520	1557901	131855013
6579	1752	1917	3861	1205484	93942710	1433733	117577738
6580	1395	2378	4422	1205741	93955737	2003608	184833518
6581	1620	4824	4109	1205848	93961529	1371974	110656557
6582	4319	6347	6129	1205865	93962287	0	0
6583	223	279	497	1206021	93974913	0	0
6584	1174	3762	4216	1206051	93977282	0	0
6585	2995	3489	1526	1206097	93980360	2750750	280050829
6586	3961	6212	8314	1206408	94001120	1472953	122221085
6587	546	996	817	1206659	94017921	0	0
6588	1408	4039	3555	1206793	94024768	0	0
6589	983	5555	8692	1206812	94026181	1480799	123164448
6590	4543	5022	3509	1206960	94040050	0	0
6591	1265	2515	5717	1207027	94046748	1283686	101797019
6592	2741	6508	4304	1207080	94051670	1773957	156397811
6593	3121	4873	4257	1208268	94156880	2750489	280010867
6594	3104	5774	6717	1208292	94158159	1355006	109079243
6595	3211	4098	9773	1208947	94206920	3009973	315407033
6596	265	6339	9862	1209198	94227775	2713999	274916868
6597	1635	5953	2803	1210117	94305011	1578649	134012063
6598	1081	5329	5104	1210135	94306217	1642075	141919216
6599	2469	5860	7475	1210279	94316548	0	0
6600	992	3969	2762	1210628	94346716	0	0
6601	594	4774	599	1210755	94357379	1750718	153618028
6602	1421	3231	926	1210802	94361190	1367715	110246962
6603	358	2094	700	1210874	94365693	1464219	121096015
6604	3370	3784	9109	1210918	94368946	0	0
6605	2924	3446	3001	1211629	94423206	2290208	219505358
6606	231	3914	6906	1211712	94429368	1286375	102051626
6607	2213	2966	3296	1211833	94438706	2918271	302474427
6608	2627	3486	3516	1211894	94442918	1871958	169138943
6609	2856	3475	4344	1212069	94455991	2075995	193093753
6610	4145	6501	7269	1212215	94468596	1366608	110161272
6611	3821	5242	13759	1212843	94524687	0	0
6612	873	1249	1271	1212993	94541353	2477128	244037060
6613	5959	6486	10793	1213336	94575293	1516327	127290367
6614	2502	3312	1547	1213397	94582877	1318941	105359782
6615	4960	6210	10327	1213420	94586395	1664398	144462181
6616	565	1947	875	1213997	94665750	2542981	252290367
6617	5581	6385	3368	1214214	94687008	2466542	242707885
6618	4836	6273	2499	1214703	94735238	1378370	111410253
6619	2351	3143	6817	1214742	94739435	0	0
6620	3871	6214	10226	1214824	94746851	0	0
6621	4163	5967	14758	1214912	94756694	1487854	124243658
6622	760	4333	2059	1214972	94766082	1537732	129763014
6623	3459	5366	7681	1214994	94770277	1592626	135691536
6624	1599	2986	9520	1215337	94833445	3341051	360980975
6625	3428	6098	9134	1216295	94972274	3393028	368656775
6626	2245	4805	5218	1216500	94999427	1228454	96305058
6627	3258	6069	7856	1216509	95000334	2117606	197975556
6628	2395	6040	8762	1216703	95026640	1956696	179509161
6629	1334	6443	12767	1216747	95034029	1618974	139069015
6630	3182	5841	8928	1217256	95113993	1527080	128569772
6631	331	2473	1599	1217373	95133157	2281350	218144581
6632	3642	5180	7805	1218250	95239287	1442699	118654456
6633	5418	5766	10893	1218626	95279817	1814946	161538778
6634	3375	5766	9842	1218689	95288937	1830111	163638059
6635	4266	4853	14525	1219644	95395709	0	0
6636	734	5097	8030	1220426	95477719	1390055	112679003
6637	2580	4847	9893	1220634	95498014	2321588	224060115
6638	1353	4383	863	1220978	95533573	1361470	109791161
6639	853	3872	2323	1221078	95542645	1326812	106173181
6640	444	2258	1872	1221193	95553916	1423552	116436111
6641	867	5099	11911	1221241	95559023	0	0
6642	5752	5863	10392	1221369	95574806	0	0
6643	2336	6314	15201	1221461	95585732	1413515	115226133
6644	158	3574	3832	1221478	95588786	3296826	355167064
6645	923	4440	4427	1222961	95771196	1810899	161005684
6646	727	2044	4771	1223197	95793810	1268015	100119246
6647	2265	3512	4996	1223682	95838570	1273755	100743363
6648	2243	6045	11670	1224046	95868534	1268379	100161362
6649	470	2617	1904	1224059	95869681	1931156	176240206
6650	1259	2933	3442	1224237	95886310	3045496	320154248
6651	667	5498	7131	1224428	95904821	3218668	344531885
6652	562	4108	4650	1224564	95918154	2655862	267544229
6653	2953	5887	8766	1224625	95924803	1444189	118782121
6654	1271	3786	2902	1224951	95965470	1814473	161480387
6655	2972	6396	20572	1225312	96005031	2850034	293557804
6656	475	6313	6613	1225389	96016119	0	0
6657	3590	6223	1673	1225574	96039533	3713793	414820119
6658	218	2377	1189	1225786	96070379	2778946	283732746
6659	43	2325	265	1225834	96076994	2802002	286948288
6660	518	3111	1529	1226193	96117432	2062616	191607934
6661	823	6177	2427	1227366	96216846	1865666	168442194
6662	3312	4080	7736	1227371	96217156	1384649	112041219
6663	3212	6076	4093	1227679	96239440	1457561	120332834
6664	8	3369	6212	1227808	96251669	1328553	106353112
6665	1321	4858	1779	1227859	96256012	4329842	508251361
6666	2678	6521	13967	1228332	96293041	0	0
6667	654	3207	3663	1228439	96303103	1561625	132306807
6668	5473	6626	16259	1228454	96305058	2034850	188481078
6669	213	2062	1908	1228664	96333148	0	0
6670	15	2406	875	1229573	96435936	2410673	235815399
6671	3704	4334	5158	1229662	96445078	1293327	102737712
6672	2459	6564	15214	1229734	96451305	2910448	301400096
6673	2604	3705	4457	1230649	96556847	1485963	123977239
6674	877	6272	11116	1232115	96665625	4426184	523133371
6675	53	2018	967	1232679	96705530	0	0
6676	559	5906	2371	1232806	96713315	1416268	115544589
6677	1045	1593	2541	1232883	96718031	1456855	120271712
6678	675	3431	563	1233047	96729259	2139948	200655492
6679	1689	2235	1369	1233174	96737419	1390055	112679003
6680	2638	3683	12167	1233211	96739704	1789224	158282602
6681	2107	3756	1241	1233315	96748427	1690975	147152612
6682	2328	5644	10163	1233648	96775749	2763724	281947268
6683	362	5434	1859	1233782	96789339	1942258	177426553
6684	2570	2587	2128	1234030	96812186	1256932	99173316
6685	2084	5228	11383	1234474	96846813	1826228	162950938
6686	2783	5764	7996	1234735	96873187	3249064	348429434
6687	1967	3472	11318	1235320	96925823	1334547	106975820
6688	4613	5291	6354	1235472	96940592	2938776	305512346
6689	2572	4685	2825	1235912	96980966	3142796	333939444
6690	1206	5959	2796	1236046	96994823	2791583	285497368
6691	1485	3058	2530	1236636	97038282	0	0
6692	5237	5503	15012	1236906	97057241	1236910	97057585
6693	2932	6692	18459	1236910	97057585	0	0
6694	2645	6514	5706	1236913	97057639	1318962	105361712
6695	3419	3603	2337	1237144	97093477	1280572	101518086
6696	690	4135	2790	1237587	97155257	2477050	244030346
6697	180	6419	386	1237978	97204766	0	0
6698	2001	5220	3157	1238071	97214622	3161488	336768922
6699	660	6128	17652	1238345	97241912	2794593	285967492
6700	4670	4785	14227	1239590	97386244	1427883	116904883
6701	5084	5337	9354	1239592	97386256	1259020	99351135
6702	2251	2728	2372	1239620	97389567	1645771	142344400
6703	225	3154	2358	1240556	97488850	3080510	325299937
6704	2297	6030	10681	1240955	97524554	3093514	327090872
6705	3571	6271	9548	1241253	97551533	1342711	107894054
6706	832	4853	13295	1241261	97551923	0	0
6707	1218	1629	999	1241821	97621729	1476650	122656857
6708	1590	6038	10274	1241907	97630466	2280926	218082401
6709	1809	3284	2291	1242013	97643899	2079992	193495385
6710	726	2051	3539	1242573	97708942	1904045	173253504
6711	2446	6268	9369	1242916	97741797	0	0
6712	2797	4773	4961	1243367	97784824	1244307	97880672
6713	6239	6427	3403	1243858	97829562	2699382	273098528
6714	4441	6107	5505	1243883	97831240	2266365	216362952
6715	4419	4808	11309	1243952	97839612	2230654	212023402
6716	1150	1846	1369	1244288	97878471	4004160	457213051
6717	5124	6712	5388	1244307	97880672	0	0
6718	920	3500	2623	1244409	97892636	2999422	314198105
6719	3885	4520	17502	1244738	97923899	2158880	202712073
6720	2712	3783	16214	1244957	97949717	2092965	194780213
6721	3763	4085	12051	1245133	97977052	4164113	481421612
6722	2373	6017	6381	1245201	97988301	0	0
6723	4843	5247	11264	1245235	97992353	2990863	312920743
6724	3239	3527	7159	1246356	98166511	0	0
6725	259	4497	3836	1246405	98172612	2023109	187300413
6726	2124	4956	3659	1246501	98186711	1327776	106259441
6727	2788	4656	3256	1247020	98249313	1413061	115181122
6728	1601	2470	6757	1247035	98250641	0	0
6729	2791	6020	6252	1247412	98291293	1324898	105978000
6730	271	5652	7383	1247787	98334477	1619765	139199270
6731	3812	5494	2851	1248074	98366494	1424123	116490356
6732	1387	4986	3575	1248312	98391740	0	0
6733	1002	2369	1398	1248448	98406984	0	0
6734	1220	5935	4477	1248765	98435506	0	0
6735	431	2196	3213	1249241	98478727	2647252	266432085
6736	141	150	370	1249673	98511369	1509843	126668930
6737	2042	2080	2880	1250247	98546166	0	0
6738	2236	2421	2545	1250372	98553243	2936159	305023733
6739	2654	5306	12090	1250545	98564435	1956836	179531171
6740	661	6217	5393	1250785	98581328	1330882	106665361
6741	4316	5939	4391	1251074	98602305	4261871	497428969
6742	1210	5178	5639	1251742	98649065	1981278	182446026
6743	4654	6024	6527	1252052	98671988	0	0
6744	749	2130	3447	1252076	98673990	1378126	111380310
6745	3447	4084	11362	1252150	98679514	0	0
6746	3447	5782	11253	1252150	98679514	4025791	460392610
6747	4084	5782	11305	1252150	98679514	1292009	102557458
6748	1705	2076	1663	1252313	98701502	1429212	117111462
6749	791	5299	3406	1252663	98743464	1557399	131809210
6750	236	1263	1977	1252760	98754184	1712504	149415997
6751	712	4867	5840	1253055	98787507	2146345	201361902
6752	2463	3808	3542	1253362	98819321	3689385	411319973
6753	2003	5505	1915	1253632	98845350	0	0
6754	519	4035	2424	1253739	98855748	3722978	416167708
6755	1265	3165	3560	1254288	98902318	1339399	107494934
6756	3039	6197	15828	1254400	98911099	0	0
6757	55	5667	4108	1254427	98914459	2587386	258043234
6758	2364	6141	4536	1254973	98974919	0	0
6759	4402	6190	7196	1255148	98993030	0	0
6760	4200	6267	8296	1255542	99030354	1534723	129476794
6761	545	5692	995	1255643	99042071	1474004	122352362
6762	1624	2516	3514	1255868	99063894	0	0
6763	602	5986	2271	1255928	99070307	1680815	146031866
6764	2238	5348	14367	1256173	99094411	2284763	218633469
6765	3285	6684	7850	1256932	99173316	1485481	123904278
6766	650	3763	9071	1257171	99196436	0	0
6767	1419	4883	2538	1257458	99223355	1310103	104521346
6768	1169	1900	1910	1257489	99225411	1528156	128714588
6769	797	2310	1471	1257709	99243756	3218727	344537358
6770	1241	3906	3455	1257774	99248299	1581751	134361633
6771	1767	1961	4060	1258195	99284425	2222288	211082945
6772	3045	4321	5419	1258213	99285353	1280641	101522609
6773	3548	4274	2893	1258445	99304437	1677806	145662043
6774	2321	2488	6151	1258588	99315301	2232990	212385307
6775	565	2667	1436	1258661	99322547	1569301	133047818
6776	2273	6701	9814	1259020	99351135	1415670	115479740
6777	179	5926	812	1259598	99404201	3086029	326181861
6778	690	4983	2713	1259771	99417417	1945448	178012331
6779	3180	4290	2801	1259874	99425912	1880667	170261846
6780	1102	1865	2912	1259900	99427849	1460068	120594759
6781	71	2705	5087	1260392	99466060	1504737	126171403
6782	141	609	1663	1261253	99521715	1994122	183730909
6783	1154	4716	15948	1261736	99546046	1277729	101232318
6784	3520	6268	10013	1262267	99586707	1474421	122403930
6785	1747	5224	7498	1262321	99590154	1339076	107461918
6786	2876	4171	8545	1262506	99607797	1354092	108989601
6787	2659	3137	5437	1262540	99611330	2447600	240145218
6788	1493	4955	5234	1263124	99669421	0	0
6789	3525	6561	14163	1263129	99669723	1357684	109371912
6790	702	2547	2850	1263905	99754204	1867228	168641646
6791	2900	3934	2507	1264098	99772139	0	0
6792	1128	6128	17300	1264628	99815656	1836349	164482867
6793	218	3423	2152	1264804	99835633	1897334	172576531
6794	2165	4899	7795	1265245	99876941	3436981	374346710
6795	302	2690	2101	1265773	99921113	1588236	135252865
6796	1244	3493	1587	1265878	99929721	1621972	139491328
6797	3110	3354	5464	1266040	99941494	1303516	103776021
6798	4058	5105	10085	1266281	99963083	1340463	107619079
6799	450	5239	9718	1266436	99975220	1687163	146767727
6800	1708	4910	5454	1266452	99977323	3650223	406379924
6801	1350	1960	1505	1266530	99986682	1669396	144963461
6802	637	3227	3084	1267363	100068133	0	0
6803	815	2275	8229	1267767	100098923	0	0
6804	3501	6381	9248	1267939	100112395	1540512	129989606
6805	1916	6646	5279	1268015	100119246	2203475	208500218
6806	3217	5309	5689	1268091	100128672	1411050	114929847
6807	2986	6648	20907	1268379	100161362	1543793	130423804
6808	1190	6211	8590	1269135	100262289	1802056	160011446
6809	3306	3615	4796	1269234	100274732	3680686	410153690
6810	859	1649	1913	1269415	100298254	1351764	108747852
6811	1888	5630	9686	1269928	100354374	1974785	181676208
6812	1037	4330	6340	1270119	100376976	1736267	152051314
6813	2674	3025	11229	1270828	100452571	2735044	277807432
6814	3018	3974	4786	1271337	100511511	3134586	332852596
6815	6140	6333	10722	1272353	100596750	2545110	252561364
6816	2994	5722	8209	1272371	100597647	1537159	129708038
6817	2550	3421	10303	1272697	100631915	0	0
6818	1007	6002	3825	1272810	100642197	1558934	131966518
6819	3638	5512	6855	1272956	100654899	1821840	162469711
6820	3676	4102	13073	1273250	100686038	2437111	238783672
6821	3877	6647	12954	1273755	100743363	2840777	292131536
6822	939	2626	2306	1274354	100809788	1731052	151427867
6823	5387	6409	13543	1274559	100829282	1890346	171645667
6824	3855	6190	3653	1274635	100840515	2989184	312673744
6825	1614	6437	2096	1274929	100875612	2066960	192026191
6826	5748	6290	10002	1275319	100913082	4394363	517487203
6827	2440	2550	5188	1275507	100932071	1547379	130846385
6828	422	3097	1211	1275581	100940939	1336443	107165359
6829	4733	5312	7119	1275619	100945146	1302605	103673670
6830	1475	3547	2876	1275795	100965267	1914721	174424672
6831	1891	4933	7313	1276207	101009972	1746191	153052342
6832	3818	4961	20761	1276261	101014606	1959932	179944741
6833	2252	5728	9332	1276443	101040558	3379240	366878702
6834	4965	6286	12822	1276697	101076904	0	0
6835	1594	6535	7472	1277440	101192566	3608108	400551478
6836	4996	6783	17483	1277729	101232318	1737270	152150348
6837	3385	6553	4819	1279384	101432435	1446239	118939800
6838	2800	4855	8090	1279806	101461139	1440636	118426681
6839	2264	6695	3357	1280572	101518086	1812434	161201938
6840	4191	6772	7283	1280641	101522609	3430977	373594677
6841	1956	5813	21664	1281001	101552002	1649303	142675774
6842	1634	6012	6174	1281698	101628405	1902526	173103685
6843	1001	2811	3825	1282606	101716248	1321479	105606017
6844	4571	6246	13215	1283135	101753054	3355122	363299802
6845	3161	6591	6684	1283686	101797019	1512293	126876927
6846	1119	5603	7608	1283823	101808952	0	0
6847	4977	5769	10939	1284481	101867802	1795284	159036319
6848	130	1170	325	1284568	101873894	1437342	118078242
6849	3460	6213	6255	1284704	101885771	2150727	201838989
6850	1008	6148	4306	1284725	101887571	1637773	141460808
6851	1090	4884	2696	1284890	101905259	2427674	237788429
6852	1512	4339	9586	1285310	101944676	2067472	192073789
6853	2226	2675	10334	1285511	101964760	2022507	187223350
6854	3123	3481	6967	1285561	101969309	3231867	346218117
6855	2076	2959	2939	1285578	101971808	0	0
6856	2335	5465	4378	1286026	102017577	2077630	193267964
6857	939	3359	1309	1286355	102049741	1463460	121007670
6858	5338	6606	8883	1286375	102051626	1402648	114065844
6859	1310	5853	2268	1286404	102054721	1514043	127053923
6860	2127	4380	7056	1286698	102086320	2220984	210892330
6861	1452	2687	5967	1287442	102162870	1468500	121566301
6862	2129	5838	9789	1287900	102200757	3102725	328619311
6863	2467	6045	11465	1288539	102257480	2495145	246343425
6864	722	2531	2913	1288639	102268597	0	0
6865	3111	3572	6425	1289043	102303951	4056335	465717193
6866	3491	4647	5739	1289202	102319009	1655731	143553212
6867	3010	3595	4636	1289608	102357210	2884108	298082053
6868	713	6350	4307	1289692	102363872	0	0
6869	358	4736	3432	1290269	102410497	2078885	193378842
6870	429	4887	2180	1290734	102444833	1445949	118921522
6871	2359	5554	11966	1290844	102450966	0	0
6872	2495	5771	11698	1291142	102476369	3612310	401014303
6873	3175	6457	6127	1291656	102523952	1440129	118367227
6874	2957	3440	5475	1291692	102527839	1796946	159299535
6875	4980	6747	23557	1292009	102557458	0	0
6876	3636	5859	7428	1292143	102571872	3129717	332256897
6877	4192	5030	7238	1292564	102629511	0	0
6878	749	4978	7037	1292804	102659332	1308270	104284295
6879	4830	6079	10724	1292813	102660016	1403789	114196885
6880	2708	5351	4701	1293074	102703292	1500671	125766332
6881	2682	6671	9455	1293327	102737712	1421721	116233765
6882	1239	3271	3268	1293671	102789770	1917179	174650938
6883	294	1484	2704	1293953	102831017	0	0
6884	3932	4191	4496	1294014	102838125	1527242	128590798
6885	1130	5061	2109	1294361	102880526	1392693	112999884
6886	2756	6119	16325	1295457	102981676	1497458	125328085
6887	2162	3672	1666	1296264	103065250	2017694	186640498
6888	3930	5653	8881	1296423	103079474	1683909	146362291
6889	4865	5045	6118	1296531	103089896	0	0
6890	607	6020	5497	1296691	103107589	2438009	238914627
6891	2200	3566	8384	1296858	103124968	1473750	122314980
6892	2939	3337	8235	1297340	103175918	2695287	272660444
6893	1411	2551	3629	1297628	103202855	2716151	275200057
6894	2298	2395	2836	1298400	103264547	2321588	224060115
6895	3549	5135	6175	1298641	103279464	0	0
6896	248	2031	2321	1298666	103282111	2892915	299256830
6897	2603	5158	13404	1298916	103299689	1952515	178970201
6898	3042	4743	18161	1299230	103327880	0	0
6899	1631	4339	8585	1299298	103334702	2167616	203939976
6900	5485	6249	5454	1299441	103351787	1557901	131855013
6901	2184	2720	3374	1300867	103508346	4093213	471149351
6902	4535	5798	12631	1301005	103518317	1906064	173478203
6903	625	1110	789	1301029	103520445	0	0
6904	1494	4006	5157	1301093	103526712	0	0
6905	4479	5687	7449	1301283	103544240	3318420	357860314
6906	1141	4036	2576	1301286	103544631	2664510	268774101
6907	279	1312	470	1301447	103561976	2948206	307162896
6908	593	4647	3635	1301626	103579443	1680874	146038055
6909	2503	5115	9460	1301993	103615153	1458413	120401101
6910	5070	5363	3889	1302445	103658909	1620927	139360898
6911	2021	6333	4940	1302459	103660147	2043939	189725456
6912	4741	6829	9688	1302605	103673670	3339972	360799881
6913	139	6013	4667	1303061	103724254	1695959	147634290
6914	5870	6190	11167	1303447	103766078	1490143	124530230
6915	544	3760	4578	1303463	103768150	1375785	111135955
6916	2832	6797	6981	1303516	103776021	2887243	298471561
6917	4375	6299	7250	1304164	103857674	1426426	116721801
6918	2438	2780	7394	1304688	103920806	2933719	304638879
6919	1234	3690	1044	1304809	103933641	1424791	116566191
6920	2762	2959	8422	1304946	103948407	1600278	136534381
6921	4334	5335	6627	1304960	103950209	3083003	325717745
6922	1213	1783	8932	1305735	104028897	0	0
6923	73	4186	2810	1305794	104034117	1454207	119984327
6924	1534	1992	2885	1305912	104046219	2627683	263388604
6925	1176	1729	2257	1306057	104059658	0	0
6926	1589	2167	3627	1306063	104059914	2402478	234771800
6927	9	672	692	1306372	104094352	1811290	161055191
6928	3569	6591	8081	1306660	104120419	2918363	302486812
6929	1003	1205	1736	1306790	104133901	1664571	144480860
6930	2331	4774	2127	1307574	104200828	4392094	517127257
6931	4844	6494	11066	1307713	104210488	1535662	129572010
6932	4911	6327	23462	1307773	104216036	0	0
6933	333	6878	7290	1308270	104284295	0	0
6934	2824	2923	4823	1308682	104334929	1611947	138093718
6935	3537	5737	10151	1309063	104375030	0	0
6936	5817	5867	9407	1309114	104380932	3908905	444086031
6937	2894	5108	7598	1309316	104409233	2554844	253763874
6938	527	5891	11818	1309394	104420652	2634501	264358143
6939	4759	5547	4740	1310056	104516753	1883622	170697852
6940	2712	6767	6640	1310103	104521346	1327731	106252203
6941	1380	3190	4076	1310207	104535600	1791632	158596944
6942	1228	3041	1516	1310585	104590714	1707337	148854759
6943	4124	5533	3026	1310749	104612225	0	0
6944	4819	6494	9164	1311448	104684035	0	0
6945	1831	5533	5479	1311495	104690326	0	0
6946	441	6280	4969	1312549	104792518	1756898	154214635
6947	616	4670	6948	1312945	104821376	1718386	149966771
6948	1457	1776	3162	1313111	104833605	0	0
6949	1060	4358	1194	1313122	104834223	1715223	149645819
6950	2433	4534	8707	1313369	104855528	0	0
6951	2245	3477	7541	1313411	104859206	2339737	226452295
6952	1362	3392	3487	1314350	104940737	1799195	159610406
6953	1692	4052	5365	1314659	104964061	1919166	174859025
6954	2987	5604	7777	1314753	104971713	0	0
6955	5002	5614	20526	1315160	105004149	1450562	119439347
6956	2631	2832	4818	1315905	105076001	1622442	139561797
6957	3245	5795	15383	1316075	105091591	0	0
6958	2023	5608	2339	1316491	105135804	2213958	209988602
6959	584	5770	2867	1316729	105156287	3509874	385247568
6960	3632	4492	6125	1316776	105161016	1413845	115266612
6961	1282	1654	2927	1316943	105178811	2777144	283556238
6962	3632	6419	2428	1316953	105179644	2220427	210821685
6963	1522	3833	2151	1317020	105186983	1729046	151237877
6964	2293	2769	6010	1317383	105219381	1598544	136318180
6965	693	4846	14174	1317954	105265867	2182788	205612927
6966	1987	2380	3140	1318062	105275115	1378119	111379915
6967	1942	4309	4321	1318393	105310702	0	0
6968	848	4748	2922	1318582	105326978	2390652	233199377
6969	86	977	580	1318812	105348970	3242330	347497233
6970	1703	6614	3670	1318941	105359782	0	0
6971	5072	6694	6570	1318962	105361712	1337128	107233256
6972	346	5198	8282	1318975	105362709	1460026	120589851
6973	3175	5447	10207	1319404	105409425	1704059	148481094
6974	1018	4833	1691	1320005	105472876	1744589	152926760
6975	324	6368	4181	1320042	105476750	3352963	362933220
6976	2102	3770	4097	1320106	105483597	1709014	149046441
6977	787	2731	749	1320639	105534208	1790283	158434886
6978	3091	4648	4574	1320908	105554272	0	0
6979	3544	5093	10002	1321075	105569057	1524183	128244592
6980	5804	6843	4919	1321479	105606017	1423786	116456627
6981	164	4826	12242	1321664	105622064	1713608	149515195
6982	164	6094	5137	1321664	105622064	2442576	239558606
6983	4826	6094	17227	1321664	105622064	1787939	158088159
6984	443	2822	2397	1321935	105662135	2071322	192466405
6985	250	1834	3137	1322616	105740429	1397444	113395949
6986	1412	2486	3854	1322666	105745100	3250259	348665661
6987	4055	6516	7522	1323103	105790112	2352439	228080180
6988	499	2939	4277	1323197	105799537	2457739	241576178
6989	1849	5709	14118	1323415	105822397	1351764	108747852
6990	1663	5404	5314	1323689	105852549	1766603	155545451
6991	2436	5465	2889	1323736	105858177	0	0
6992	321	1001	1219	1323738	105858374	2301762	221191872
6993	1337	5956	2743	1324101	105900724	1700588	148093978
6994	1142	4797	11101	1324804	105967544	0	0
6995	5667	6729	10326	1324898	105978000	0	0
6996	1545	2827	5622	1325458	106039045	3783167	425211203
6997	1429	2604	2924	1325615	106056345	2824724	289810972
6998	3868	5091	11118	1325983	106092058	1822765	162577761
6999	723	3374	2177	1326317	106128028	4156070	480392793
7000	254	6639	2529	1326812	106173181	0	0
7001	2482	5948	13787	1327280	106210521	1945741	178066887
7002	4014	5373	14511	1327576	106235544	2283556	218435700
7003	6522	6940	9218	1327731	106252203	2238983	213230921
7004	2776	6726	4052	1327776	106259441	0	0
7005	671	714	1283	1328124	106306048	0	0
7006	153	4999	1041	1328162	106311152	1729832	151297106
7007	1526	6664	11967	1328553	106353112	4091297	470798462
7008	4135	5587	11783	1328590	106357225	1602606	136884195
7009	190	5404	4977	1328693	106373309	2059558	191299598
7010	1350	6150	7112	1328987	106413914	3331766	359736297
7011	1606	5834	14664	1329160	106437336	2392281	233396248
7012	1560	5437	5133	1329379	106475975	2145826	201294586
7013	565	1946	1308	1329816	106540497	1485590	123917577
7014	1953	6740	5772	1330882	106665361	2324825	224390961
7015	504	1650	2129	1331022	106681404	1450562	119439347
7016	3640	4772	13719	1331254	106704480	1582686	134500051
7017	101	6094	5196	1331388	106721185	1622459	139564502
7018	871	1834	3371	1333420	106894997	2784390	284495844
7019	1306	5975	2907	1333614	106906181	3183953	339811043
7020	3125	4171	8583	1333712	106911440	0	0
7021	2858	5532	7076	1333833	106919565	1968675	181043853
7022	2858	6011	2668	1333833	106919565	1878129	169926886
7023	5532	6011	5670	1333833	106919565	1733963	151787785
7024	4490	4543	5776	1334172	106946723	1779685	157102394
7025	341	6687	11461	1334547	106975820	1962414	180283885
7026	3920	4797	18527	1334806	107001582	1746575	153089807
7027	695	1000	1399	1335716	107099686	3213978	343907470
7028	3871	4499	8056	1335863	107112152	2191794	206937865
7029	4054	4436	1922	1336035	107128265	1480100	123082542
7030	531	6309	4746	1336241	107146723	1880367	170231861
7031	4411	5143	5101	1336341	107155105	2189249	206586909
7032	4299	6828	6693	1336443	107165359	1617749	138934063
7033	2782	4853	14398	1336933	107210500	2039737	189146219
7034	4435	6971	13365	1337128	107233256	2079992	193495385
7035	1452	4210	5228	1337777	107311914	1584735	134784046
7036	5712	6316	13456	1337936	107327504	1377519	111297827
7037	2867	3132	2093	1338601	107411708	0	0
7038	3118	6785	9323	1339076	107461918	1860253	167592767
7039	1103	6755	5213	1339399	107494934	2784807	284543526
7040	3784	4371	9025	1339511	107506345	2357153	228698946
7041	2217	4561	2862	1339580	107513439	1741096	152585528
7042	3955	4156	2104	1339808	107536883	0	0
7043	547	3505	660	1339817	107538032	1667921	144820479
7044	3027	3651	10660	1339833	107539815	2467190	242806276
7045	2696	6300	14056	1340318	107597631	2735702	277912913
7046	1969	6798	11075	1340463	107619079	0	0
7047	1160	5657	6509	1341048	107710127	1611947	138093718
7048	3563	3727	5687	1341467	107763970	2379671	231663606
7049	1027	6046	4288	1342006	107824021	0	0
7050	991	2198	2792	1342138	107836336	0	0
7051	3494	6705	10818	1342711	107894054	2661457	268400964
7052	2333	2937	3800	1342755	107898378	0	0
7053	5401	6346	7459	1343560	107972899	1495085	125067152
7054	756	874	311	1343722	107987797	1554044	131477061
7055	567	4839	1751	1344335	108037525	2499468	246806948
7056	926	4380	5714	1344629	108058820	4040997	463037567
7057	3123	4190	4279	1345097	108090545	2248111	214264508
7058	1376	5153	2560	1345318	108103622	4242397	492970208
7059	1269	2795	9610	1345479	108115448	1403182	114124008
7060	1391	2536	10538	1345745	108136946	0	0
7061	5985	6034	26325	1346118	108166641	1383003	111853722
7062	529	2419	5176	1346309	108189948	1712446	149410847
7063	3342	6172	9954	1346609	108221415	1855357	166989652
7064	594	2768	1189	1347021	108267882	1637196	141388801
7065	2692	3730	5332	1347111	108276205	3108376	329542909
7066	5356	5819	14773	1347213	108288213	0	0
7067	327	3528	7579	1348269	108410924	1582686	134500051
7068	1107	2946	3346	1348519	108433404	1721353	150298396
7069	1507	5246	4937	1348814	108460415	2104064	196253641
7070	5077	5142	12260	1348964	108475613	2191776	206936055
7071	1205	1327	1799	1349114	108492548	1967276	180905961
7072	1070	5610	4953	1349695	108548199	1785789	157833332
7073	711	4331	12103	1350039	108579243	1774568	156475047
7074	1110	2116	1323	1350273	108601691	1634154	140996690
7075	3454	5466	8194	1350478	108617605	1438301	118175494
7076	528	6212	5198	1350870	108655480	1579159	134071115
7077	519	4991	5326	1351042	108672945	4235320	491875145
7078	3709	4287	7634	1351157	108686095	1497714	125364800
7079	1110	2111	2835	1351280	108698144	1564551	132609901
7080	6810	6989	16031	1351764	108747852	0	0
7081	335	3136	1322	1351899	108766836	2185621	206026854
7082	3054	3172	6969	1352190	108797876	0	0
7083	3386	4693	4003	1352375	108818096	0	0
7084	21	5281	3579	1352949	108884377	1972725	181421577
7085	3934	4509	5348	1353070	108895958	2415098	236376636
7086	4120	4702	3619	1353499	108938155	1947515	178367380
7087	1206	6786	9306	1354092	108989601	2531074	250708017
7088	4015	6007	9742	1354266	109006677	3528562	388253629
7089	2354	2634	1252	1354506	109031249	1489304	124447762
7090	2796	5327	4060	1354606	109040702	1560613	132167915
7091	2776	5920	3143	1354774	109057070	1362125	109837196
7092	180	3290	3334	1354992	109076925	2057382	191083507
7093	3350	6594	11596	1355006	109079243	1871350	169050434
7094	4711	5775	11442	1355521	109135473	1410421	114845921
7095	1088	5941	7345	1355560	109141193	0	0
7096	5070	6363	5723	1356308	109229538	1987819	183038326
7097	5672	6269	17226	1357138	109309508	2833620	290957148
7098	2098	4252	6480	1357297	109326050	1649963	142790476
7099	2370	6789	14888	1357684	109371912	1367974	110266177
7100	1028	4531	4301	1357733	109377840	0	0
7101	201	5592	2884	1357979	109416453	1370422	110515413
7102	5275	6240	7458	1358366	109463659	3330708	359607998
7103	3019	4641	2591	1358385	109466036	1639176	141611798
7104	655	5117	6233	1359102	109550507	2837006	291469919
7105	273	4708	8215	1359351	109575300	1567607	132888148
7106	1210	5788	5119	1359440	109583707	0	0
7107	995	3763	12440	1359547	109596489	1677184	145605425
7108	414	2991	733	1360554	109715148	1844555	165449767
7109	768	4238	4333	1360591	109718841	2674600	269934695
7110	1218	5154	3275	1360694	109727539	2445996	239969793
7111	3846	4004	3168	1360909	109744192	0	0
7112	2296	6638	1966	1361470	109791161	3388656	368089972
7113	1141	7091	3397	1362125	109837196	3159151	336445419
7114	1527	1796	2102	1362168	109839313	1416348	115557700
7115	564	5855	5699	1362266	109846061	1494545	125004367
7116	279	2981	3433	1362307	109849663	1484749	123810583
7117	681	1298	5383	1362993	109901567	1480780	123161301
7118	766	1217	2381	1363550	109937117	1802588	160077482
7119	618	2526	857	1363677	109944116	0	0
7120	1199	2537	1612	1363688	109944542	0	0
7121	1780	6111	7508	1363910	109957584	1450080	119386501
7122	3291	4716	19507	1364267	109981971	2365696	229769116
7123	201	766	1106	1364625	110013385	3087128	326347995
7124	2018	5048	2004	1364662	110017424	0	0
7125	1349	2862	2043	1365248	110058202	2647143	266419199
7126	247	5563	1955	1365303	110061184	2027840	187723889
7127	766	6536	13198	1365724	110085307	0	0
7128	365	4740	6288	1365754	110087576	1757694	154294285
7129	4344	6610	8741	1366608	110161272	1893703	172121280
7130	74	5936	3935	1367032	110196908	2839863	292010243
7131	1035	6602	2420	1367715	110246962	3090543	326744418
7132	83	2601	1828	1367722	110247509	1690877	147144934
7133	2829	6664	10430	1367897	110261097	2430290	238078429
7134	2423	3564	4552	1367926	110263045	3490661	382250227
7135	5437	7099	18986	1367974	110266177	2379253	231590398
7136	3371	5399	6642	1368545	110333566	3466038	378675584
7137	2460	4724	5863	1368686	110348078	1640520	141737215
7138	5547	6262	9492	1369492	110434501	0	0
7139	5342	7101	7429	1370422	110515413	2615110	261795164
7140	3775	4960	6782	1370476	110520555	1855968	167057219
7141	1838	2868	6031	1370649	110535509	2085931	194087316
7142	1783	5008	11807	1370941	110563538	1619210	139103861
7143	1555	4271	2381	1371714	110633983	0	0
7144	1894	4269	6169	1371785	110640372	2410445	235787901
7145	3330	6581	12475	1371974	110656557	1928911	175995697
7146	3885	4871	15380	1372447	110708816	1477003	122694322
7147	2650	4584	14866	1372769	110749780	2511929	248073089
7148	4016	5960	16354	1373386	110834224	1403789	114196885
7149	5379	5808	4523	1373391	110834966	1886303	171092808
7150	2826	6054	5192	1373534	110854675	0	0
7151	5690	5805	4772	1373752	110888368	1533352	129320685
7152	4125	6694	9642	1374252	110952734	3571797	394650467
7153	2145	6208	3531	1374490	110986616	1779764	157110978
7154	1002	1477	3260	1374718	111017127	1530874	128992321
7155	3090	6538	7670	1375195	111069975	2386586	232614874
7156	1366	5122	5223	1375318	111083459	0	0
7157	2054	5122	4150	1375546	111110549	0	0
7158	2055	6915	5258	1375785	111135955	1731614	151494578
7159	436	2540	780	1375987	111157850	0	0
7160	230	2341	4111	1376993	111247670	0	0
7161	3830	6114	10712	1377158	111259782	4222081	489721437
7162	1705	5470	6343	1377340	111279845	0	0
7163	4069	7036	13692	1377519	111297827	1447189	119024105
7164	1869	3821	6781	1377524	111298040	1451240	119541586
7165	251	4731	2842	1377696	111320922	1659031	143939024
7166	994	1240	1675	1378043	111370207	1923228	175354255
7167	3265	6966	3743	1378119	111379915	0	0
7168	908	6744	4019	1378126	111380310	1677612	145644277
7169	5558	6618	5635	1378370	111410253	2078516	193346785
7170	4914	4925	14267	1378536	111432181	2638317	264923460
7171	841	3115	2035	1379761	111582633	0	0
7172	2661	6175	7836	1379829	111589225	1754647	153995277
7173	987	2026	4563	1380190	111625780	4219879	489411434
7174	2201	2325	3172	1380455	111651655	2805996	287577820
7175	4182	4192	4020	1380656	111669533	0	0
7176	1413	3872	2208	1381299	111723312	1636034	141248143
7177	867	873	753	1381301	111723349	1731441	151473894
7178	1196	3196	1917	1381322	111724826	1578928	134044351
7179	2698	4067	5689	1381997	111768818	0	0
7180	3661	4431	6552	1382066	111772547	1554194	131488967
7181	8	1928	5467	1382277	111787013	1702026	148212980
7182	5676	6102	8828	1382436	111800791	1385245	112119984
7183	140	2645	2877	1382751	111830271	0	0
7184	5211	7061	29481	1383003	111853722	1648916	142625303
7185	1832	6487	5577	1383263	111892279	0	0
7186	1436	6662	10898	1384649	112041219	2204947	208721547
7187	1097	5658	4483	1384818	112058521	0	0
7188	369	5001	13407	1384820	112058537	2517608	248928946
7189	1110	1600	2418	1384907	112070748	3849618	434426936
7190	3384	4585	8036	1385197	112112287	1522570	127988749
7191	4447	7182	14064	1385245	112119984	2294145	220032640
7192	1392	5015	3185	1386129	112246627	0	0
7193	3086	5041	5463	1386592	112297769	0	0
7194	1394	6283	4096	1386714	112309867	1658582	143885906
7195	1969	3236	6000	1386722	112310695	1733821	151769181
7196	2556	3595	4487	1387238	112373729	0	0
7197	4722	5084	4480	1387473	112398597	1760408	154634188
7198	3339	5118	7082	1388059	112454813	1973472	181499286
7199	1129	1496	1587	1388093	112458806	1547870	130902626
7200	1474	6384	6106	1388124	112462662	0	0
7201	1928	4152	13517	1388135	112464183	2498086	246674618
7202	5716	6443	13846	1388139	112464992	1610097	137839121
7203	2768	5808	2771	1388901	112565591	2703306	273513562
7204	1600	3960	3480	1389225	112600564	3006757	315128320
7205	279	1853	2171	1389597	112637138	1585793	134893304
7206	5555	5556	10400	1389959	112668847	1420029	115957103
7207	6636	6679	9399	1390055	112679003	2207955	209107652
7208	5336	6059	11968	1390170	112691392	0	0
7209	800	5940	6339	1390267	112706467	0	0
7210	2550	4758	9460	1390453	112733007	1606477	137419982
7211	2584	4963	4380	1390460	112734419	2250174	214525476
7212	681	1185	1940	1390629	112762946	1648738	142611102
7213	1003	3737	2034	1390683	112771782	1429940	117206320
7214	64	6029	3052	1391156	112836394	1628591	140300275
7215	3812	5596	9899	1391641	112893163	0	0
7216	1142	1923	999	1391735	112903400	2165823	203713898
7217	6381	6885	7212	1392693	112999884	2084594	193970684
7218	4847	6410	9696	1392786	113007673	0	0
7219	5975	6005	6508	1393115	113038733	2256375	215292014
7220	2320	3475	5333	1393789	113094967	1812434	161201938
7221	3086	4384	15741	1394125	113120738	1852909	166678769
7222	682	1793	3987	1394143	113122976	1519064	127603776
7223	4115	6179	7097	1395038	113210448	1523294	128110122
7224	332	2965	780	1395637	113265564	0	0
7225	3776	6638	5585	1395886	113282806	0	0
7226	637	3473	1030	1396308	113315145	2722987	276247032
7227	2820	5534	11076	1396549	113331063	2277534	217691898
7228	390	5572	5207	1396930	113358521	1755765	154100345
7229	2744	6985	4638	1397444	113395949	4390737	516975130
7230	1345	3620	11973	1397635	113409257	2374003	230890433
7231	5891	6184	15112	1398146	113452547	1844064	165363079
7232	947	3299	6946	1398172	113455362	2212268	209735370
7233	2916	3340	10022	1398810	113514614	2382879	232130522
7234	3145	6336	10535	1399225	113552275	1681456	146101644
7235	1772	5438	3823	1399510	113582186	1965960	180729683
7236	5278	5351	8682	1399563	113588151	2743779	279202290
7237	1752	2795	11100	1399659	113598473	2730145	277202157
7238	4091	6425	24184	1399799	113617938	1844602	165457472
7239	4727	5799	24225	1400012	113652831	1468502	121566459
7240	972	2636	5978	1400851	113818450	3817296	429726279
7241	1011	5629	20061	1401194	113873233	2296477	220326728
7242	4397	6858	10679	1402648	114065844	2121238	198382368
7243	244	7059	9730	1403182	114124008	0	0
7244	2949	3627	1546	1403265	114134980	0	0
7245	6879	7148	27078	1403789	114196885	0	0
7246	2516	4092	3708	1403910	114213847	2508456	247664102
7247	170	3266	3315	1405179	114375949	2050549	190424446
7248	671	1989	3929	1405186	114376350	0	0
7249	3944	6343	8838	1405210	114378629	3009938	315404165
7250	1211	6226	9103	1405639	114427641	0	0
7251	303	4648	1590	1405896	114457645	2262210	215885699
7252	162	2881	442	1406584	114527468	1633500	140928676
7253	1002	5347	6289	1407281	114583269	1411099	114936879
7254	3446	3598	2240	1407431	114593553	2200115	208080951
7255	2914	4552	2896	1407789	114621227	3521961	387178671
7256	812	3357	3224	1407985	114634917	2020639	187006726
7257	1375	1848	3732	1408021	114637335	0	0
7258	962	3283	3268	1408051	114639218	2377742	231364498
7259	1492	6828	4770	1408406	114664044	2315108	223346062
7260	611	3606	6119	1408662	114682803	0	0
7261	1958	6162	7101	1408724	114686945	0	0
7262	3065	5829	3892	1408851	114698288	2132698	199598014
7263	2785	4820	7148	1408917	114704418	1462602	120902721
7264	4715	5124	3944	1409630	114766301	4191854	485224901
7265	1843	4878	11816	1409673	114769490	3724919	416400310
7266	5569	6472	4257	1409821	114783811	2550718	253316265
7267	1012	1424	2477	1410072	114810780	3459965	377836613
7268	3377	3961	8267	1410215	114824089	0	0
7269	6266	7094	15500	1410421	114845921	1612205	138127694
7270	6056	6315	6782	1410673	114879479	1446581	118961411
7271	2054	2488	4240	1410745	114889644	0	0
7272	2645	6806	8387	1411050	114929847	2198866	207906915
7273	1480	5716	4157	1411055	114930223	1451742	119616213
7274	3151	7253	11840	1411099	114936879	4368560	513892459
7275	2577	4175	7479	1411627	115012010	2398360	234227390
7276	1763	3640	4332	1411695	115021577	2426681	237695780
7277	181	6365	2255	1412861	115161783	1698569	147926382
7278	4060	6368	7218	1413015	115177178	1420755	116080929
7279	3161	6727	4223	1413061	115181122	3249619	348537318
7280	881	6254	2733	1413322	115206764	2062616	191607934
7281	4972	6643	19902	1413515	115226133	0	0
7282	1034	1832	1890	1413642	115241638	1640620	141753520
7283	6591	6960	11842	1413845	115266612	2638415	264937151
7284	2790	2967	7645	1414238	115321708	0	0
7285	1277	3646	2224	1414595	115371527	2305233	221647749
7286	578	6776	10549	1415670	115479740	0	0
7287	578	3608	15062	1415908	115501872	1471187	121975507
7288	2268	4317	8339	1416154	115529419	1621972	139491328
7289	2286	6676	3300	1416268	115544589	0	0
7290	4286	5846	3842	1416273	115545068	0	0
7291	876	7114	2622	1416348	115557700	2559916	254382124
7292	1902	3760	7555	1417163	115647054	1433389	117533653
7293	951	5570	3822	1417262	115658192	0	0
7294	232	280	256	1417276	115659728	3923228	445683966
7295	3928	5354	6297	1417600	115692457	1872208	169175572
7296	3186	6469	4362	1417744	115709639	1452763	119787886
7297	479	1944	642	1418015	115738395	3102725	328619311
7298	1358	1950	1198	1418577	115789329	2015437	186353505
7299	5967	6029	17586	1418621	115794702	1634549	141045322
7300	719	2914	2141	1419003	115832859	2058763	191222687
7301	1227	6431	6398	1419178	115850113	0	0
7302	1019	2413	6214	1419384	115872947	0	0
7303	114	6136	4287	1419432	115877481	0	0
7304	741	1536	2487	1419438	115878174	0	0
7305	2911	3710	9540	1419492	115882756	2003199	184786182
7306	180	2939	3424	1419593	115896112	4029460	461024353
7307	2238	5528	18860	1419853	115930052	0	0
7308	5899	7206	19671	1420029	115957103	1649963	142790476
7309	6648	7278	18888	1420755	116080929	1817732	161867836
7310	2078	4499	1182	1420857	116097749	0	0
7311	1539	2451	4064	1421161	116151397	2122326	198498234
7312	5485	6881	12715	1421721	116233765	1825620	162882170
7313	649	6638	1831	1421769	116242691	3067332	323355151
7314	4050	6186	2835	1422795	116369056	0	0
7315	1127	5986	2253	1423186	116406732	3320354	358167030
7316	1856	3907	2046	1423532	116434771	1656384	143641385
7317	5479	6640	6309	1423552	116436111	3591537	397717935
7318	5555	6980	12795	1423786	116456627	2195730	207492108
7319	1301	3559	1244	1423944	116473720	1601948	136804248
7320	3481	6731	8396	1424123	116490356	4022911	459932031
7321	5727	6029	8493	1424125	116490387	2359272	228979215
7322	6203	6919	4468	1424791	116566191	1679889	145930503
7323	2421	4433	6229	1425031	116588072	1810899	161005684
7324	4272	4998	6014	1425179	116602916	0	0
7325	154	223	513	1425231	116608771	0	0
7326	3705	3722	4597	1425460	116632569	1915110	174450853
7327	4145	4286	4136	1425578	116644724	2407116	235419167
7328	4281	5280	9517	1426385	116718112	2808007	287846873
7329	5810	6917	10813	1426426	116721801	2627683	263388604
7330	1777	5358	6277	1426525	116734518	0	0
7331	491	6394	6582	1426794	116763713	1877618	169860278
7332	5441	5885	15514	1427210	116810515	2522687	249580335
7333	3094	4519	12681	1427494	116850181	0	0
7334	3741	6700	18389	1427883	116904883	1527080	128569772
7335	1960	6379	2914	1428093	116939308	3487167	381771043
7336	4138	5466	20542	1428254	116962439	1826946	163052545
7337	1561	5483	4668	1428728	117039828	1437673	118109243
7338	2688	3544	2395	1429158	117104504	2624273	262998433
7339	3180	6748	2868	1429212	117111462	2378804	231523975
7340	18	1714	3018	1429404	117140466	2611500	261320649
7341	956	1009	1205	1429874	117198580	0	0
7342	511	7213	2932	1429940	117206320	2092464	194726002
7343	972	5678	4616	1430110	117226324	2159338	202782729
7344	570	5841	3780	1430142	117228774	3999662	456573908
7345	1123	1555	3470	1430514	117268748	0	0
7346	3382	4764	8002	1430857	117300848	2248970	214370983
7347	1101	2508	2259	1431373	117351785	0	0
7348	3019	6093	2939	1431794	117389135	0	0
7349	2723	5857	6657	1432106	117414993	0	0
7350	1983	2384	7320	1432177	117419862	0	0
7351	795	4252	5724	1432250	117427424	1729832	151297106
7352	294	1413	1406	1432366	117437241	1469139	121689636
7353	5824	6306	12766	1432935	117487040	1581616	134339113
7354	2158	6497	8834	1433359	117530542	2272461	217161698
7355	5615	7292	11807	1433389	117533653	0	0
7356	2399	6579	5769	1433733	117577738	0	0
7357	4597	6569	4576	1433932	117603593	3312471	357045449
7358	5288	6186	10883	1434167	117631397	1867899	168710423
7359	3921	6067	19189	1434187	117634705	0	0
7360	155	6332	11205	1434255	117647825	2602878	260216842
7361	4948	5802	5308	1434365	117670614	1650481	142907950
7362	268	1488	3589	1434429	117683951	0	0
7363	708	2688	2179	1434794	117757034	0	0
7364	5357	6496	11005	1435887	117917454	0	0
7365	133	881	153	1436216	117958458	1627634	140193266
7366	666	4074	3215	1436361	117974934	3311328	356903183
7367	1026	1996	1631	1436823	118025484	0	0
7368	1053	2729	3356	1437011	118043085	0	0
7369	625	4688	2729	1437106	118054337	1496445	125232350
7370	2238	4089	9595	1437217	118066171	1908796	173865113
7371	3132	6848	1869	1437342	118078242	2323596	224243109
7372	6767	7337	7206	1437673	118109243	1633917	140972339
7373	838	3004	9124	1438075	118152011	3647730	405852538
7374	738	3711	4635	1438246	118170673	3618304	401681717
7375	4923	7075	9956	1438301	118175494	1716404	149769678
7376	1279	5957	9921	1438887	118242339	0	0
7377	527	3643	4950	1439734	118332785	2671798	269633013
7378	1005	5299	4294	1440085	118362883	0	0
7379	5426	6873	18593	1440129	118367227	0	0
7380	207	3746	1040	1440558	118417599	1675720	145515746
7381	3983	6838	9655	1440636	118426681	4116720	474612675
7382	559	1738	2787	1440924	118461232	1864713	168326433
7383	1480	4803	14881	1441247	118501329	1975321	181749558
7384	4626	5287	3354	1441944	118582140	0	0
7385	2346	5329	5457	1442370	118624706	0	0
7386	296	6632	8044	1442699	118654456	1915394	174471049
7387	371	509	1054	1442785	118662475	1901398	173014632
7388	1683	3136	1826	1442882	118671126	0	0
7389	1140	4091	6188	1442934	118675563	1862157	167908762
7390	898	4067	2707	1442961	118679046	3448658	375937427
7391	157	5486	644	1443368	118716537	0	0
7392	369	6148	3572	1444149	118779753	2278805	217817768
7393	2718	6653	13665	1444189	118782121	0	0
7394	898	1519	1358	1444432	118804713	0	0
7395	1098	5622	2947	1444915	118847841	2362200	229335074
7396	400	2887	2092	1445275	118875551	4246680	493703202
7397	4396	6870	4408	1445949	118921522	3960709	450923200
7398	1914	6837	5112	1446239	118939800	2451167	240576811
7399	1950	5706	3882	1446303	118943618	1501010	125809132
7400	4670	7270	13051	1446581	118961411	2026337	187585689
7401	3900	6099	13127	1446681	118970943	2274953	217422740
7402	2010	5644	10653	1447065	119010461	1611545	138036819
7403	4608	7163	14801	1447189	119024105	1596580	136037049
7404	939	5122	4332	1447397	119055888	1537159	129708038
7405	2919	3246	3735	1447802	119110133	1499958	125673252
7406	2193	5942	15512	1447880	119119339	0	0
7407	272	1166	1084	1447886	119120567	0	0
7408	1148	6676	2820	1447943	119128157	0	0
7409	2310	4294	5251	1448094	119150286	1541558	130080799
7410	2472	6455	12434	1448563	119217382	1530741	128973331
7411	687	1439	517	1448831	119253399	0	0
7412	827	2918	4794	1449936	119372352	0	0
7413	5783	7121	13817	1450080	119386501	2266460	216375356
7414	6955	7015	22655	1450562	119439347	1666831	144676613
7415	2956	6537	6713	1450654	119451793	0	0
7416	1282	2300	2565	1450755	119469964	0	0
7417	4034	5396	8986	1450892	119488333	1522224	127938874
7418	727	7164	6942	1451240	119541586	2137093	200205699
7419	2956	4218	6330	1451623	119598137	2366019	229816819
7420	2818	5886	8779	1451696	119609333	0	0
7421	2821	7273	7472	1451742	119616213	3148697	334778475
7422	3997	5695	6000	1451989	119659090	1504291	126132205
7423	2543	3824	5422	1452018	119664112	0	0
7424	1674	4484	8305	1452072	119671891	2342096	226713125
7425	3169	3275	6630	1452332	119719251	0	0
7426	2575	4877	4019	1452607	119762964	2387933	232814203
7427	2338	7296	7973	1452763	119787886	0	0
7428	3078	6261	5545	1453204	119855056	1669885	145000905
7429	614	1429	1387	1453373	119879376	0	0
7430	2262	2415	4448	1453576	119906392	1892378	171932486
7431	706	6806	6290	1454135	119975641	1896336	172456224
7432	3962	6923	7395	1454207	119984327	3697109	412489010
7433	675	3398	5117	1455152	120088985	2013397	186053484
7434	30	5419	5514	1455206	120094144	0	0
7435	5212	6810	3992	1455385	120112413	0	0
7436	985	3521	8866	1455396	120113878	2996510	313648947
7437	5354	5521	5998	1455853	120163323	2791991	285562094
7438	2083	3276	2642	1455925	120172029	1983425	182623490
7439	3455	6436	13613	1456051	120187243	3543080	390106903
7440	2376	6677	3270	1456855	120271712	2252286	214768059
7441	3781	6663	11313	1457561	120332834	2810469	288137361
7442	855	2483	2800	1458016	120370511	1773738	156377869
7443	930	2945	3113	1458180	120383720	2325308	224445078
7444	871	6909	10113	1458413	120401101	0	0
7445	861	1569	3034	1458829	120444333	2730059	277188880
7446	2255	5045	6639	1458853	120446425	1927286	175823486
7447	5552	6159	26462	1459008	120461592	2635815	264544873
7448	1083	4840	4261	1459036	120465278	3208670	343079686
7449	6966	6972	11422	1460026	120589851	2134297	199810457
7450	3738	6529	6840	1460030	120590327	2301762	221191872
7451	6478	6780	7002	1460068	120594759	2906869	300987826
7452	2457	7270	10289	1460425	120647772	0	0
7453	2661	4423	10563	1460561	120666759	1589537	135368303
7454	2948	6663	4292	1460882	120714108	0	0
7455	147	3291	4977	1462296	120872708	1892378	171932486
7456	1781	2946	5500	1462350	120877967	0	0
7457	4661	7263	11884	1462602	120902721	3742432	418899699
7458	5121	6250	10429	1462767	120920955	0	0
7459	1814	6542	9140	1463092	120961924	1712446	149410847
7460	210	952	3165	1463185	120974898	4403206	519262317
7461	5324	6857	2137	1463460	121007670	1767035	155603713
7462	418	939	1138	1463539	121016697	0	0
7463	576	6193	4327	1463626	121027479	3836305	432537961
7464	6122	6603	12334	1464219	121096015	1547387	130847198
7465	1738	5903	4829	1464233	121097723	0	0
7466	3056	5607	10407	1464524	121132060	1920220	174996276
7467	4440	4755	8732	1464693	121153593	2045745	189969650
7468	5248	6493	12138	1465045	121199596	1621617	139443320
7469	2836	3052	6687	1465949	121296304	1635392	141162035
7470	1795	5027	4248	1465965	121297551	1998382	184283638
7471	1026	1495	1791	1466049	121306599	0	0
7472	1040	5672	7841	1466172	121318551	0	0
7473	4712	6398	8994	1466553	121359995	2973874	310593592
7474	321	5187	6411	1467076	121418845	2614415	261706063
7475	2965	3121	958	1467534	121466301	2082897	193803518
7476	4803	5731	24680	1468036	121509918	0	0
7477	3601	5968	8762	1468254	121535212	0	0
7478	1654	6861	7293	1468500	121566301	3913776	444726249
7479	5379	7239	27066	1468502	121566459	4392641	517185696
7480	5459	5558	3730	1468634	121595123	2831876	290805730
7481	1866	4182	3606	1468840	121633424	0	0
7482	2775	7352	2805	1469139	121689636	2583490	257505990
7483	846	2258	1772	1469208	121702836	0	0
7484	3329	5063	13637	1470135	121841725	0	0
7485	4357	6618	5349	1470432	121882494	3581807	396487415
7486	2944	6013	7036	1470560	121897124	3020349	316673233
7487	1389	3314	1741	1470992	121950942	0	0
7488	178	4340	4082	1471057	121959257	2093765	194883823
7489	2827	7287	15774	1471187	121975507	2006073	185111106
7490	1241	3044	3722	1471301	121991157	2940316	305738384
7491	4982	5948	13569	1471378	122002978	1604695	137173625
7492	2456	4379	11059	1471995	122093886	2344517	227031760
7493	105	6227	7457	1472258	122128068	0	0
7494	582	6586	9217	1472953	122221085	1789224	158282602
7495	1099	2030	3614	1472955	122221286	2643522	265849159
7496	249	6891	8492	1473750	122314980	2386620	232620489
7497	2913	4639	7064	1473790	122321000	1810086	160902451
7498	2724	6228	8290	1473988	122350512	4382320	515840381
7499	470	6761	1477	1474004	122352362	1933385	176448471
7500	570	596	393	1474087	122362867	3986248	454497161
7501	686	6784	10460	1474421	122403930	0	0
7502	4192	4854	3764	1475203	122498612	3946932	449174507
7503	797	4926	8110	1475635	122542528	2971996	310355731
7504	1433	5455	4461	1475800	122559293	2245395	213887990
7505	2885	3012	3355	1475850	122564743	2060338	191375492
7506	5435	6369	15588	1475875	122566568	0	0
7507	3306	6707	4632	1476650	122656857	0	0
7508	2690	2846	4182	1476933	122686284	1586587	135036334
7509	494	7146	15775	1477003	122694322	0	0
7510	1668	5366	5647	1477098	122705975	2812114	288296228
7511	1496	5997	16188	1477971	122818454	4098702	472034617
7512	527	1666	4856	1477979	122819508	0	0
7513	1967	3834	6452	1478179	122847228	0	0
7514	3226	6610	9642	1478364	122873618	0	0
7515	3517	5426	16045	1478770	122925245	1508195	126476942
7516	213	3155	3535	1479230	122987519	4254781	496086822
7517	631	3573	1700	1479520	123019856	0	0
7518	1137	2001	1633	1479877	123061362	1762466	154897324
7519	1998	2675	9248	1479981	123071877	1493397	124885147
7520	6045	7029	11623	1480100	123082542	1692765	147322378
7521	2763	4781	4065	1480395	123117863	1962414	180283885
7522	1088	2132	6452	1480747	123157039	4408033	520190068
7523	6467	7117	17935	1480780	123161301	2096808	195286814
7524	6542	6589	17562	1480799	123164448	0	0
7525	3350	5493	16253	1481096	123215460	3198408	341548886
7526	4389	6042	13480	1481494	123288499	1483374	123609141
7527	5871	6546	15082	1481510	123291323	3416335	371507820
7528	819	6744	3695	1482567	123495101	2638996	265062885
7529	1900	2663	1638	1482588	123497311	2722382	276173084
7530	3386	5919	12327	1483293	123596336	2945444	306726947
7531	54	7526	13535	1483374	123609141	0	0
7532	975	4256	8237	1484418	123766406	1585624	134870840
7533	1892	5164	12715	1484559	123782722	2036690	188708909
7534	25	7116	3463	1484749	123810583	1766674	155555637
7535	1359	2519	6645	1485359	123889053	3242340	347497854
7536	3461	6765	11446	1485481	123904278	2156391	202429762
7537	5921	7013	11486	1485590	123917577	2781464	284066941
7538	788	4433	4695	1485641	123925911	1950791	178777049
7539	403	3868	8545	1485734	123940029	0	0
7540	5343	6673	7182	1485963	123977239	1519068	127604047
7541	4702	5370	9018	1486410	124049089	0	0
7542	64	6687	11354	1487383	124177735	1555180	131583457
7543	2316	6442	14955	1487566	124201752	4052852	465150224
7544	417	5592	2808	1487613	124208422	2001714	184654207
7545	1986	6621	17681	1487854	124243658	3097926	327780563
7546	465	3022	5706	1489057	124421406	1670483	145055377
7547	3939	7089	4021	1489304	124447762	3213978	343907470
7548	4689	6914	25501	1490143	124530230	0	0
7549	5794	6115	6981	1490327	124555517	2451886	240722598
7550	405	517	925	1490659	124595146	1738069	152268883
7551	2974	5337	7912	1491037	124637069	2040149	189214132
7552	3387	5564	19400	1491058	124640184	1604216	137095348
7553	301	5778	1512	1491672	124716306	3435512	374173320
7554	4099	4625	3833	1492109	124760691	2593330	258894892
7555	1525	6236	16274	1492634	124804308	2849763	293511412
7556	1465	3588	6481	1492732	124815162	3279259	352798652
7557	1857	2269	2844	1492761	124818204	1598893	136363687
7558	971	7519	10357	1493397	124885147	1642739	141989652
7559	5795	6024	12848	1494356	124982576	1783087	157511602
7560	522	5514	3617	1494462	124994329	0	0
7561	5871	7115	10721	1494545	125004367	2733862	277626497
7562	5845	6036	12711	1494965	125051372	1685496	146543961
7563	336	7053	8012	1495085	125067152	3367149	365273754
7564	288	4876	3741	1495279	125097212	3092690	327001581
7565	4245	4745	8340	1496027	125185101	1517859	127456532
7566	996	7369	2897	1496445	125232350	0	0
7567	4106	5424	6956	1496703	125254785	2922177	303016863
7568	4559	6886	32502	1497458	125328085	2136452	200088334
7569	10	3944	1297	1497702	125363134	0	0
7570	6053	7078	8379	1497714	125364800	1540512	129989606
7571	336	1385	975	1497999	125410094	2196364	207584231
7572	3869	4780	10234	1498322	125460244	2044087	189739551
7573	2363	6422	10363	1499251	125572290	3040776	319611676
7574	5157	6740	16831	1499307	125580282	0	0
7575	2658	3767	2571	1499714	125639107	2162664	203255239
7576	6112	7405	6605	1499958	125673252	1722352	150413555
7577	3427	5885	17139	1500419	125732319	3072291	324061584
7578	18	6880	4720	1500671	125766332	1954362	179210929
7579	1477	3759	5383	1500865	125790985	0	0
7580	895	5331	6320	1500994	125807143	0	0
7581	2466	7399	5645	1501010	125809132	3093480	327086806
7582	2101	3107	5070	1502063	125944690	1511333	126809764
7583	1014	3929	2379	1502396	125980810	1503686	126088349
7584	1260	3367	2393	1502615	126000019	2901598	300368793
7585	94	1704	1945	1503049	126039788	4349208	510867688
7586	552	608	1039	1503366	126064994	1753655	153902493
7587	2654	7583	8035	1503686	126088349	2973747	310576514
7588	117	6313	6140	1503830	126097939	1898806	172728943
7589	4246	5850	4415	1503980	126108585	1986700	182906464
7590	6092	7422	7893	1504291	126132205	4311943	505627127
7591	3100	6781	8326	1504737	126171403	2381541	231919283
7592	3318	6106	15426	1505371	126227103	0	0
7593	1957	5864	8203	1505406	126230674	4121029	475393585
7594	593	1181	968	1506738	126360768	3106395	329225146
7595	3235	3255	7441	1506852	126368754	0	0
7596	321	5390	7409	1506907	126373361	1509979	126682489
7597	693	2256	731	1507118	126393174	2184841	205910755
7598	1900	3647	1745	1507412	126420955	0	0
7599	4216	5032	14407	1508155	126473406	2184973	205928027
7600	2886	7515	20238	1508195	126476942	0	0
7601	2166	5471	8229	1508825	126554705	2310200	222566391
7602	1926	2327	3354	1508856	126558066	3229103	345847659
7603	810	3904	5408	1509099	126588397	0	0
7604	2597	6736	939	1509843	126668930	3097707	327750453
7605	4237	7596	9967	1509979	126682489	1916072	174526172
7606	3312	6073	2826	1510007	126686807	2963468	309306601
7607	1273	7582	6147	1511333	126809764	1772175	156228327
7608	316	6254	2794	1511748	126840757	1986059	182843269
7609	2018	6247	6733	1511970	126854688	2074105	192846288
7610	2640	3257	6965	1512228	126872616	1872208	169175572
7611	434	6845	6862	1512293	126876927	0	0
7612	931	4353	7862	1512441	126893140	2538767	251784607
7613	1857	5743	3629	1512559	126905279	2521851	249464295
7614	3936	5312	3055	1512582	126907582	3010298	315444105
7615	1488	6168	6825	1512604	126911008	0	0
7616	1270	6184	4923	1512650	126915406	0	0
7617	2600	4880	17901	1514000	127049745	4329263	508165001
7618	4390	4536	5993	1514033	127053201	1918806	174813190
7619	1810	6859	2672	1514043	127053923	2468549	243006289
7620	661	4794	3944	1514091	127059499	4159434	480925613
7621	1948	5556	2929	1514207	127073892	2184841	205910755
7622	3530	5775	11463	1514704	127130720	1952085	178917178
7623	4373	4454	11292	1515385	127200705	2358528	228878157
7624	515	2616	8627	1516100	127269067	0	0
7625	3146	6613	11390	1516327	127290367	0	0
7626	1278	2936	3663	1516355	127294772	3197353	341400178
7627	996	5174	8552	1517234	127390322	2585712	257821548
7628	978	2667	2149	1517404	127408223	1948822	178548143
7629	2643	3281	2331	1517513	127418311	3307939	356540838
7630	5164	6314	21528	1517649	127430765	3132414	332584969
7631	1349	7565	8948	1517859	127456532	1634154	140996690
7632	3063	4402	6604	1518036	127478234	1720564	150221412
7633	1480	5928	6834	1518291	127511461	0	0
7634	5385	6736	1092	1518647	127558968	2437713	238871060
7635	184	7222	4031	1519064	127603776	1528156	128714588
7636	2137	7540	8469	1519068	127604047	0	0
7637	2249	4650	7717	1519549	127660399	1666864	144680258
7638	2637	4593	5037	1519611	127670506	1998382	184283638
7639	821	2171	2186	1520329	127751594	0	0
7640	1710	4357	5163	1520381	127756416	0	0
7641	3170	5955	21530	1521310	127838610	1888254	171322886
7642	564	3288	1113	1522027	127917658	0	0
7643	1431	6479	6868	1522080	127921983	3640218	404562416
7644	1826	6405	13198	1522177	127932307	2961172	308946765
7645	5392	7417	13918	1522224	127938874	0	0
7646	5013	6085	3339	1522397	127964585	1574090	133526285
7647	5721	5866	11328	1522518	127981536	3616782	401521703
7648	6169	7190	10774	1522570	127988749	1530199	128907081
7649	1589	4140	5965	1522792	128029296	2803978	287255169
7650	2095	4201	3144	1523103	128078939	0	0
7651	2520	7223	8243	1523294	128110122	0	0
7652	1175	5076	3669	1523743	128180375	2792771	285679839
7653	1874	3647	3193	1523941	128207415	3388375	368054058
7654	6843	6979	13827	1524183	128244592	0	0
7655	1828	1853	3736	1524631	128313616	3077729	324857088
7656	332	6097	5124	1525570	128430761	0	0
7657	240	3686	4828	1526136	128484971	0	0
7658	4430	4475	12154	1526397	128508046	0	0
7659	6630	7334	27317	1527080	128569772	0	0
7660	221	1759	2817	1527129	128575891	0	0
7661	2567	6884	9920	1527242	128590798	2869007	295923737
7662	6768	7635	5941	1528156	128714588	0	0
7663	1708	1822	3667	1528321	128732917	1733821	151769181
7664	307	5120	2256	1529201	128819422	1645771	142344400
7665	1916	6603	1208	1529545	128849911	3199779	341783882
7666	1913	5286	4263	1529580	128852452	1691662	147205725
7667	2803	4456	10184	1529713	128862229	2727428	276875223
7668	487	6498	5495	1530077	128893437	1922543	175280596
7669	5780	7648	19599	1530199	128907081	0	0
7670	6166	7410	16594	1530741	128973331	1597185	136120801
7671	2817	7154	7266	1530874	128992321	2020837	187028810
7672	2301	5937	17452	1531723	129104139	1570002	133110745
7673	3390	6378	7757	1531880	129130664	1599341	136421478
7674	339	1882	1175	1532202	129182387	0	0
7675	2526	4563	5252	1532874	129265768	3375926	366509301
7676	1029	4905	4263	1532971	129277221	3358259	363830226
7677	4546	7151	14023	1533352	129320685	4138617	477923810
7678	2555	5867	9744	1533647	129358012	2434006	238459762
7679	125	2708	2773	1534320	129435505	2432739	238336843
7680	1029	2782	2002	1534586	129463196	3036999	319082600
7681	4924	6760	10346	1534723	129476794	2176206	204766788
7682	1680	7151	6599	1535054	129513243	2445567	239919886
7683	4475	6931	14543	1535662	129572010	3106464	329234553
7684	2765	5415	1511	1536312	129642698	2045463	189931379
7685	979	6539	1467	1537062	129701167	1873859	169374501
7686	6816	7404	12541	1537159	129708038	0	0
7687	1225	2070	2160	1537213	129713705	1717720	149908181
7688	1663	4272	2490	1537604	129751706	0	0
7689	6169	6622	4797	1537732	129763014	3587327	397178209
7690	512	2432	2753	1537798	129769120	1690975	147152612
7691	5103	6234	5878	1537981	129784275	3177707	338830191
7692	5700	6526	6098	1538156	129800591	0	0
7693	2587	3342	9083	1538475	129831138	3102759	328624732
7694	5379	7091	5984	1538495	129832898	2434558	238513070
7695	6112	6677	5411	1539932	129952705	3002407	314643343
7696	685	5624	3571	1540358	129980867	1779434	157075682
7697	6804	7570	17627	1540512	129989606	2346032	227219913
7698	2349	7409	6333	1541558	130080799	2021248	187075331
7699	4331	6407	21040	1541693	130091921	3978406	453330547
7700	5698	6004	29082	1541728	130095297	1613720	138373704
7701	2669	6558	23666	1542257	130177407	3545509	390484328
7702	444	4164	6580	1542594	130241086	2785781	284650014
7703	2808	4050	9711	1543470	130381393	1929056	176014008
7704	302	6807	21048	1543793	130423804	2336990	225991644
7705	479	2924	2632	1544329	130518270	2758994	281234619
7706	5304	5822	16070	1545046	130613195	0	0
7707	4569	5654	7211	1545901	130712645	2372415	230687416
7708	2305	2542	207	1546239	130746641	3048469	320532250
7709	2559	3884	11543	1546929	130806918	3322662	358512865
7710	2387	6571	5798	1547181	130829575	1785008	157742128
7711	573	4691	815	1547312	130840096	2874950	296934084
7712	4463	6827	7081	1547379	130846385	2481974	244648285
7713	4073	7464	13581	1547387	130847198	0	0
7714	2263	7199	3190	1547870	130902626	1905869	173457203
7715	3547	4852	2371	1548030	130922638	0	0
7716	791	2458	2672	1548467	130971428	1706981	148807112
7717	563	902	1101	1548901	131010872	3571614	394611453
7718	716	1499	399	1549108	131028159	2019597	186879551
7719	3061	3928	5823	1549393	131049277	3870384	437982898
7720	784	3273	2991	1549496	131057504	2107010	196639344
7721	1482	1984	1822	1549839	131085170	3303407	356097477
7722	1424	2711	4952	1549911	131089944	0	0
7723	2134	6300	13467	1550166	131107560	1944643	177869917
7724	5467	6548	23292	1550499	131133896	1762691	154921527
7725	3683	4387	16692	1550540	131138034	2305571	221724383
7726	2431	2576	5305	1551948	131279249	2588670	258189257
7727	26	369	311	1552161	131295716	2036103	188628397
7728	2184	4122	6237	1552302	131305554	3243979	347727225
7729	5625	6224	10009	1552408	131314073	3483142	381198541
7730	3779	5651	9690	1552702	131342478	1597035	136095600
7731	896	4776	5721	1553115	131383316	0	0
7732	4969	5792	8531	1553321	131401114	2386494	232600659
7733	307	7054	836	1554044	131477061	0	0
7734	6088	7180	8703	1554194	131488967	0	0
7735	2161	4216	4276	1554511	131517332	1996261	184043573
7736	3276	5582	4378	1554604	131525429	1978771	182187161
7737	2112	6489	5092	1554867	131552375	2014009	186147232
7738	2382	7542	14717	1555180	131583457	2668440	269192713
7739	1439	3208	2125	1555429	131613179	1852000	166553608
7740	578	4539	3719	1555781	131649486	2018914	186798565
7741	1434	3428	11236	1556139	131687589	3132300	332570557
7742	4615	5198	8434	1556205	131693065	0	0
7743	1189	4790	5012	1556709	131746462	0	0
7744	3759	4505	2840	1557389	131808218	0	0
7745	1976	6749	7298	1557399	131809210	2790508	285350408
7746	6578	6900	8543	1557901	131855013	3357123	363625032
7747	62	5432	13348	1558183	131882491	2245472	213898002
7748	1775	2554	7613	1558211	131885228	2711044	274465474
7749	62	6772	5437	1558536	131920820	4108818	473421882
7750	215	2245	4530	1558846	131954869	3919420	445243416
7751	6024	6111	10544	1558911	131963489	2941687	305954567
7752	5444	6818	11369	1558934	131966518	0	0
7753	1176	4112	1020	1559691	132057940	2935857	304976096
7754	649	5154	3544	1559978	132085865	2395110	233811794
7755	6475	6878	7857	1560126	132099894	0	0
7756	5221	5969	25323	1560196	132107760	2802117	286959431
7757	3091	4562	7713	1560456	132145315	0	0
7758	1398	7090	4371	1560613	132167915	1871350	169050434
7759	4140	4322	8375	1561055	132232645	3721068	415897224
7760	2949	6667	4693	1561625	132306807	0	0
7761	678	6464	15997	1562403	132384502	2466217	242655842
7762	3780	7114	12475	1562974	132458189	2722886	276235087
7763	1408	4272	3735	1564106	132576317	1579455	134104926
7764	7079	7101	5719	1564551	132609901	4295408	502960235
7765	4401	5037	7160	1565046	132648498	1682043	146166660
7766	2400	6058	4885	1565721	132698290	2530073	250604445
7767	1653	4639	5414	1565863	132707570	1744412	152912371
7768	2810	5303	5562	1565909	132711523	4269587	498734370
7769	2690	4701	17233	1565927	132713278	2685319	271265015
7770	2365	4932	8159	1566194	132743990	1855357	166989652
7771	135	1035	1648	1567206	132856345	3436595	374290144
7772	2855	5830	7455	1567523	132881383	1684725	146457396
7773	3459	7105	10858	1567607	132888148	1794139	158873865
7774	3127	5149	4621	1568003	132929325	2598408	259727055
7775	4815	5502	13825	1568755	132998309	3371226	365803277
7776	738	4897	6833	1569148	133033839	0	0
7777	183	6775	1744	1569301	133047818	1958769	179805362
7778	667	5873	3270	1569425	133058962	1595995	135984992
7779	507	2539	2701	1569589	133073475	1669396	144963461
7780	3305	7672	19028	1570002	133110745	2125883	198794161
7781	365	1579	925	1570012	133112042	2483604	244848057
7782	335	1362	2897	1570262	133140964	3306695	356411553
7783	1713	5172	4583	1570649	133185901	1834321	164273794
7784	6136	6363	8388	1571551	133272857	4095187	471518817
7785	1042	3029	2103	1572204	133328895	1791390	158569204
7786	3726	4215	12620	1572316	133337152	1586084	134942622
7787	6355	6436	14668	1572447	133349046	0	0
7788	1889	3185	3223	1572734	133376756	0	0
7789	5807	6215	7384	1572840	133387455	0	0
7790	3276	6527	6809	1573001	133404646	1882588	170534436
7791	2457	6416	9547	1573150	133422775	0	0
7792	853	1818	2128	1573190	133426634	0	0
7793	293	4814	1068	1573385	133450896	2223522	211265721
7794	3745	4686	18534	1573949	133510844	2514466	248523775
7795	3649	7646	8180	1574090	133526285	3037416	319150075
7796	2992	5046	9536	1574853	133613164	1589759	135392419
7797	747	821	1045	1574891	133617915	3265206	350875044
7798	892	6258	3138	1575076	133636581	0	0
7799	719	3086	4120	1575225	133654076	2378913	231540882
7800	2473	5355	7878	1575704	133702930	2201585	208270211
7801	530	907	1298	1576006	133733773	0	0
7802	1759	5774	7487	1576333	133766503	2323721	224258910
7803	5373	6829	17672	1576903	133816194	0	0
7804	1269	3268	11416	1577076	133833292	2310818	222681704
7805	3920	5788	12569	1577621	133890240	2127274	198929289
7806	2856	6091	11504	1577724	133900360	2562787	254760662
7807	1251	6114	4348	1577844	133917658	2774693	283300511
7808	343	3447	5801	1578359	133977933	2667977	269141254
7809	2738	6597	4477	1578649	134012063	0	0
7810	2656	7178	3640	1578928	134044351	2150632	201828751
7811	6915	7076	9776	1579159	134071115	0	0
7812	3438	7763	7216	1579455	134104926	2108344	196813320
7813	5292	6366	5021	1580120	134174077	1746797	153125256
7814	2911	6009	5935	1580221	134184200	0	0
7815	117	405	750	1580504	134216437	1869778	168905500
7816	5226	5520	8668	1580516	134217322	1746360	153066975
7817	2524	4831	11108	1580553	134223036	2151840	201955738
7818	1182	5813	21459	1581326	134308090	1828590	163356018
7819	852	7353	13330	1581616	134339113	1870945	169002497
7820	4697	6770	16911	1581751	134361633	0	0
7821	1518	3333	3465	1581791	134367403	0	0
7822	3685	3978	6487	1582213	134434987	3060994	322408519
7823	1837	4086	1458	1582430	134466756	1799778	159691142
7824	5591	7763	5778	1582646	134493848	1787939	158088159
7825	7016	7067	21298	1582686	134500051	2793366	285769431
7826	2095	6171	1481	1582735	134510121	2892553	299219154
7827	839	2963	2528	1583118	134581834	3576896	395663711
7828	2715	4078	2157	1583437	134629061	1589432	135360314
7829	6157	7035	6700	1584735	134784046	0	0
7830	4231	6403	23106	1585508	134857263	1830579	163713261
7831	5650	7532	18611	1585624	134870840	2163214	203341875
7832	6303	7205	9124	1585793	134893304	3448249	375861858
7833	595	5393	4133	1585871	134905949	2365132	229698629
7834	4695	7786	12703	1586084	134942622	1694629	147505889
7835	1958	4159	8196	1586394	134999826	2320532	223976018
7836	4562	7508	8701	1586587	135036334	3185533	339988514
7837	3371	3922	4619	1586795	135071043	0	0
7838	1630	3286	4645	1588106	135240783	4359966	512602646
7839	5647	6795	3456	1588236	135252865	2200433	208123688
7840	1112	6489	3088	1588312	135263266	3495635	382997461
7841	5808	5871	6704	1589417	135359523	0	0
7842	1529	7828	5209	1589432	135360314	2455698	241304804
7843	402	7453	10787	1589537	135368303	1625371	139906178
7844	183	7796	9844	1589759	135392419	2207626	209063331
7845	1405	3488	5538	1590410	135465632	1959674	179913624
7846	3819	5720	13111	1590975	135515695	2713680	274865077
7847	1751	2780	5851	1590985	135517255	2446078	239978797
7848	1390	5640	11252	1591383	135557941	0	0
7849	1939	4737	4378	1591750	135602853	0	0
7850	5759	6623	10876	1592626	135691536	1724834	150821726
7851	1490	2051	2814	1592649	135694051	3305170	356272351
7852	24	5003	3960	1592851	135716913	3986474	454531058
7853	922	3287	5168	1592873	135719095	1654608	143423762
7854	1214	1284	3731	1592939	135728457	2090729	194542613
7855	2328	5700	2454	1592978	135732850	0	0
7856	888	5219	5596	1593924	135828428	0	0
7857	1956	4464	3300	1594678	135888555	0	0
7858	548	1825	806	1594686	135889148	1867119	168629802
7859	821	1183	1636	1595124	135919826	3260234	350113938
7860	469	5792	2391	1595270	135929078	2720041	275779009
7861	5645	6810	12529	1595297	135930647	0	0
7862	1083	3378	5553	1595736	135966253	2939151	305565625
7863	932	5074	4597	1595808	135971796	3470766	379445809
7864	3945	5959	2764	1595926	135980434	0	0
7865	6505	7778	10771	1595995	135984992	2500807	246937099
7866	2224	2918	5493	1596373	136018176	3134670	332861615
7867	2487	3325	6400	1596434	136023345	3010102	315420162
7868	4120	7403	16409	1596580	136037049	0	0
7869	5736	7101	8145	1596984	136090190	2608867	261036339
7870	1473	7730	10184	1597035	136095600	3895504	441912290
7871	503	7670	16681	1597185	136120801	2186372	206129524
7872	4297	7796	14550	1598477	136309033	1885323	170963240
7873	2291	6964	7862	1598544	136318180	1739542	152434187
7874	1849	7557	3876	1598893	136363687	2036161	188636831
7875	4183	7673	14659	1599341	136421478	3404002	369950704
7876	3475	6920	12315	1600278	136534381	0	0
7877	5377	6309	8302	1600309	136539233	2451213	240584569
7878	4898	5298	14730	1600427	136553809	2770199	282817201
7879	5731	6662	19286	1600451	136558535	3100291	328204654
7880	2635	4440	7625	1600536	136575362	0	0
7881	4883	5908	2638	1600749	136616588	3090543	326744418
7882	2786	6213	5380	1600864	136637189	2724614	276472106
7883	2975	3327	5003	1601046	136667263	3248732	348381172
7884	557	3169	3485	1601666	136763260	0	0
7885	761	7319	1765	1601948	136804248	2589815	258354814
7886	5579	7008	13710	1602606	136884195	1954057	179170797
7887	2489	4748	5400	1603166	136957220	0	0
7888	2371	2499	6935	1603213	136962543	0	0
7889	1164	5675	7623	1603555	137000680	3303096	356060569
7890	2308	7239	25221	1603820	137032805	0	0
7891	566	4069	589	1604109	137078922	1740943	152569492
7892	5123	7552	23475	1604216	137095348	2593390	258904759
7893	4036	4290	3918	1604681	137171445	3849493	434409270
7894	3689	7491	16429	1604695	137173625	3177824	338852501
7895	2223	4811	3659	1604709	137175002	2814069	288507030
7896	5341	7210	15158	1606477	137419982	2365991	229811692
7897	4174	5761	6379	1606540	137428747	1898752	172722876
7898	3109	5827	23032	1607267	137523085	2786088	284691426
7899	3687	5030	8872	1609313	137760572	0	0
7900	2627	5066	12953	1609710	137794399	3444331	375317164
7901	3921	4046	19185	1609768	137798869	3934763	447385104
7902	2212	7202	17098	1610097	137839121	0	0
7903	1605	4029	9715	1610373	137879248	0	0
7904	3783	5783	18421	1610539	137902659	0	0
7905	4557	7402	24185	1611545	138036819	2355485	228459412
7906	6934	7047	11332	1611947	138093718	1976583	181934625
7907	5603	7269	22234	1612205	138127694	4014273	458633234
7908	3733	5195	4377	1613171	138284410	1991800	183485370
7909	3077	5618	3259	1613282	138298970	0	0
7910	2739	4887	2273	1613290	138300213	1997199	184142360
7911	12	6351	9323	1613320	138305976	3738707	418187544
7912	1297	3939	3237	1613441	138324290	0	0
7913	3228	4477	3155	1613547	138341673	1843554	165281085
7914	5223	7292	24641	1613595	138348382	1732885	151644826
7915	236	7700	29105	1613720	138373704	2112154	197265685
7916	313	1031	1391	1613800	138391160	1923002	175330825
7917	5994	6055	10778	1616463	138808531	0	0
7918	2888	6638	5009	1616993	138865374	2019694	186890648
7919	1173	5961	4797	1617531	138915663	1976471	181915999
7920	2746	5108	3946	1617569	138918147	1803159	160144422
7921	3985	7032	11241	1617749	138934063	2588480	258155926
7922	422	6297	10737	1617813	138941800	1903283	173173773
7923	3313	3773	3544	1618237	138992626	0	0
7924	349	5611	4238	1618336	139003845	3097707	327750453
7925	920	6009	4874	1618781	139050918	2762227	281738312
7926	3416	6629	14585	1618974	139069015	4445942	526112692
7927	4997	5414	19028	1619032	139077949	0	0
7928	1721	4616	1218	1619171	139098356	3514579	385911949
7929	524	1801	1568	1619192	139102016	0	0
7930	1840	7142	12973	1619210	139103861	2044355	189772308
7931	4356	5791	1377	1619551	139165717	2766315	282298465
7932	2669	6730	11675	1619765	139199270	2787933	284987151
7933	487	7029	2574	1620278	139275871	1858046	167296041
7934	276	2757	2452	1620475	139303601	1938887	177091425
7935	1730	1746	2961	1620679	139328505	3946932	449174507
7936	1690	6910	4055	1620927	139360898	2718709	275565703
7937	519	6389	3448	1621003	139371996	2972890	310465206
7938	123	7468	12251	1621617	139443320	2195730	207492108
7939	2494	3540	9207	1621940	139485838	2010594	185695772
7940	6796	7288	9926	1621972	139491328	2367996	230151011
7941	928	1271	2709	1622264	139538303	1690772	147138027
7942	257	6956	4914	1622442	139561797	2048517	190252428
7943	3638	7017	8651	1622459	139564502	3730756	417210140
7944	3265	5938	13580	1623240	139670592	2252339	214774596
7945	583	1927	1968	1623617	139722079	1751727	153711735
7946	485	3852	2841	1624174	139792503	4050071	464708798
7947	2791	6242	4560	1624774	139852970	3279025	352774762
7948	1462	1565	1274	1624860	139860473	2608164	260960318
7949	2725	7352	5809	1625137	139884373	0	0
7950	1722	7843	11295	1625371	139906178	3420416	371995382
7951	935	1940	2034	1625494	139918838	0	0
7952	1382	2642	5810	1625616	139930765	1769923	156032941
7953	1683	5981	11760	1625887	139958037	0	0
7954	1749	5242	9638	1625930	139962142	0	0
7955	2726	4339	12359	1626026	139974701	3336799	360405486
7956	2226	6638	6342	1626055	139979451	2717907	275462800
7957	4276	5568	8522	1626471	140037449	0	0
7958	1074	3807	6847	1627326	140157072	2309068	222371685
7959	2366	7205	6080	1627406	140165984	2966078	309647107
7960	2726	7365	4761	1627634	140193266	1682123	146176019
7961	1072	4792	13845	1627979	140230987	1767552	155681460
7962	1004	6591	6881	1628541	140295221	2942416	306098371
7963	2315	7214	3560	1628591	140300275	2317352	223624778
7964	667	2532	2869	1628689	140312077	2240795	213444721
7965	841	4777	2820	1629223	140376147	1762841	154950314
7966	3139	6317	12822	1629591	140413041	0	0
7967	3691	6264	10482	1629625	140416826	0	0
7968	1542	6531	17339	1630167	140489298	0	0
7969	191	492	441	1630565	140545524	2004346	184906046
7970	3613	6433	14452	1630786	140575359	1826107	162936774
7971	7182	7334	27217	1631355	140650897	2709405	274271218
7972	2234	4268	4788	1631931	140738801	3746109	419663489
7973	3310	4558	10919	1632591	140821965	4050675	464792523
7974	1275	4980	13420	1633210	140895214	3348385	362029295
7975	2833	4229	1379	1633243	140898724	1911830	174171320
7976	2351	7252	1861	1633500	140928676	2274525	217384065
7977	18	7372	7225	1633917	140972339	2700223	273186823
7978	7074	7631	10271	1634154	140996690	4440579	525298280
7979	4454	7299	19227	1634549	141045322	1662427	144249811
7980	1391	2804	4518	1634693	141065663	2585324	257768527
7981	204	5434	1491	1635195	141136663	1713608	149515195
7982	5587	7469	16550	1635392	141162035	3525916	387782093
7983	5852	7176	11036	1636034	141248143	4097371	471855985
7984	3228	5338	3297	1636232	141276435	2818278	289047099
7985	2976	4784	3518	1636853	141353748	1790905	158513996
7986	2006	5308	5017	1637134	141383380	3070425	323813598
7987	4813	7064	13452	1637196	141388801	4319536	506828602
7988	1094	4613	4759	1637319	141404420	3081683	325499737
7989	2331	3049	7619	1637650	141446495	0	0
7990	5730	6850	10553	1637773	141460808	1964165	180518364
7991	2194	5212	2800	1638114	141498840	0	0
7992	61	6172	1817	1638582	141550544	0	0
7993	1467	5598	8152	1638773	141568007	1772029	156216054
7994	1008	7103	3609	1639176	141611798	0	0
7995	1488	1761	4775	1639445	141635044	2071467	192484767
7996	404	7700	29313	1640182	141701543	1805047	160313997
7997	4445	5328	6915	1640478	141730905	1831160	163823858
7998	6160	7137	8025	1640520	141737215	2029762	187922737
7999	1727	7282	4161	1640620	141753520	3780398	424760997
8000	3412	4036	3704	1640942	141798758	0	0
8001	2933	4110	3321	1642036	141915549	1869583	168889215
8002	2816	6598	6635	1642075	141919216	3571575	394605793
8003	771	5826	8661	1642239	141935377	3096352	327535188
8004	2073	5200	4035	1642513	141963466	3923199	445680251
8005	1856	7558	11885	1642739	141989652	1718760	150002533
8006	5295	6562	23370	1642922	142008784	4298277	503446254
8007	2710	5047	4660	1643756	142126998	2557056	253969266
8008	1551	6667	3858	1643861	142140180	1670424	145049000
8009	2236	6157	2249	1643872	142141563	3758634	421236002
8010	232	535	817	1644796	142244893	2233895	212551362
8011	714	6554	5634	1644836	142248410	2643443	265838839
8012	1318	5523	4635	1644853	142250023	3720035	415738729
8013	993	3567	1904	1645263	142293185	2678942	270442906
8014	1277	6410	3784	1645324	142299500	2805403	287490297
8015	1775	5062	4941	1645578	142324371	4095242	471527874
8016	2981	5495	3681	1645648	142332213	2344741	227056598
8017	6702	7664	4628	1645771	142344400	3183720	339783530
8018	4643	5850	5819	1646544	142414293	2609820	261141651
8019	2539	2872	2788	1646625	142421580	2213958	209988602
8020	510	1025	1018	1646701	142427573	2655862	267544229
8021	63	5216	2682	1646707	142427852	0	0
8022	3378	4371	5127	1646753	142432012	2665518	268888674
8023	5029	6594	11700	1646779	142435352	3670728	408977620
8024	575	3718	2697	1646868	142443800	2032806	188261904
8025	6454	6459	7560	1647286	142489202	1968854	181060235
8026	3317	6387	1965	1647848	142544884	4164113	481421612
8027	7212	7532	10177	1648738	142611102	3782957	425182035
8028	499	7184	30389	1648916	142625303	2299740	220857709
8029	5491	6841	25597	1649303	142675774	3156249	335982686
8030	1267	3918	19099	1649807	142763314	3062540	322605735
8031	7098	7308	26151	1649963	142790476	1702278	148238088
8032	627	1205	1657	1650175	142842914	1949412	178615063
8033	3712	7361	13342	1650481	142907950	1843603	165287554
8034	1205	4164	7224	1650739	142961830	0	0
8035	1330	2551	3159	1651476	143084382	2317177	223605615
8036	4164	6044	8136	1652695	143240435	0	0
8037	1884	5457	5198	1653435	143315469	3962385	451148379
8038	5400	5908	11797	1653752	143344384	2934445	304749431
8039	2959	6409	13555	1654078	143374672	2581846	257256472
8040	799	1022	884	1654308	143395352	0	0
8041	1549	2276	2642	1654366	143401140	3377901	366742627
8042	864	5498	7504	1654556	143418933	3407743	370404915
8043	2469	7853	8598	1654608	143423762	2289667	219422224
8044	2329	4898	13940	1655023	143472583	3121462	331210814
8045	3622	5207	7377	1655508	143526072	1837496	164603142
8046	1688	5880	10945	1655676	143546145	1974785	181676208
8047	3675	6866	9628	1655731	143553212	0	0
8048	3018	4635	12972	1655974	143588356	2579551	256895729
8049	458	7316	2487	1656384	143641385	2673539	269817143
8050	1248	7206	11274	1657199	143734358	4217993	489132316
8051	2060	2919	3861	1657592	143775010	1700272	148071231
8052	3413	4911	15676	1657726	143790707	3324653	358741500
8053	175	1554	3064	1658244	143851445	3924407	445887576
8054	344	1176	658	1658473	143876566	3782620	425133467
8055	3713	4780	6319	1658537	143882225	1738069	152268883
8056	5645	7194	14712	1658582	143885906	0	0
8057	6574	7165	7091	1659031	143939024	3835438	432401778
8058	838	3989	3671	1659161	143952527	1802056	160011446
8059	2105	6566	9934	1660320	144066387	2451213	240584569
8060	2783	5604	7445	1660564	144087408	0	0
8061	766	6156	4223	1661359	144155203	2028327	187772571
8062	5449	6568	6860	1661550	144171097	2334047	225598817
8063	222	467	775	1661561	144172338	0	0
8064	4478	5693	11008	1661680	144182958	0	0
8065	326	7979	19755	1662427	144249811	2655101	267428801
8066	2052	3318	3768	1662500	144259095	0	0
8067	4345	6436	15723	1662509	144260096	1752272	153759084
8068	905	1882	1365	1662788	144296824	0	0
8069	2318	5770	3936	1664119	144438758	2216592	210326725
8070	5906	6615	12342	1664398	144462181	0	0
8071	198	6929	1901	1664571	144480860	0	0
8072	2886	5966	4620	1665172	144536096	0	0
8073	707	5426	12588	1665284	144546737	2282399	218282997
8074	1400	5180	2053	1665734	144589637	0	0
8075	709	3291	5040	1665947	144607238	2393381	233554504
8076	25	5992	4632	1666665	144663322	2218954	210660230
8077	1796	3526	4137	1666775	144672718	0	0
8078	276	7414	22771	1666831	144676613	2234920	212705388
8079	1588	7637	7988	1666864	144680258	2191254	206866728
8080	2925	3131	5629	1667387	144756695	2186354	206127225
8081	3354	7043	4228	1667921	144820479	0	0
8082	4875	6275	8601	1668275	144858738	2948476	307193325
8083	65	2401	2510	1668704	144903699	0	0
8084	6801	7779	4206	1669396	144963461	2278058	217744485
8085	413	7428	5864	1669885	145000905	0	0
8086	4452	6004	14123	1670231	145027896	2652074	267015888
8087	384	8008	4378	1670424	145049000	0	0
8088	1186	7546	5948	1670483	145055377	3572251	394769340
8089	3955	5196	2377	1670704	145076006	2868755	295896101
8090	2623	5670	2834	1671314	145132809	1776938	156790270
8091	1618	3721	1724	1671674	145163331	3482125	381076289
8092	4227	6333	14503	1671944	145183786	1696669	147702251
8093	481	2972	11347	1671956	145184670	1749811	153523470
8094	4865	5978	936	1672064	145198154	0	0
8095	1976	3187	6726	1672458	145242816	1685705	146569717
8096	1556	4864	7760	1672744	145271974	2067620	192090089
8097	3094	3895	12851	1672820	145279184	1990667	183366062
8098	3133	4210	4692	1673277	145331794	2766513	282321864
8099	1097	6667	3868	1673380	145342330	2165788	203710093
8100	716	5040	1333	1673788	145383683	1756739	154201990
8101	925	1801	1804	1675513	145505815	1901021	172982318
8102	1721	7380	1309	1675720	145515746	2318995	223845574
8103	839	3636	1048	1675808	145520405	0	0
8104	3584	5929	5472	1675839	145522446	2437632	238859714
8105	1279	3564	5990	1675993	145531676	2292415	219797187
8106	4182	4257	3956	1676206	145546311	2303365	221374754
8107	942	3498	5754	1676453	145562063	0	0
8108	5851	7107	15113	1677184	145605425	2158603	202678100
8109	2505	4450	6700	1677264	145612362	0	0
8110	3404	3962	5277	1677292	145614729	4455125	527547477
8111	723	7664	3046	1677442	145628268	2888839	298724848
8112	6054	7168	6349	1677612	145644277	1722814	150492264
8113	2661	4425	6156	1677702	145651289	3570883	394472936
8114	4518	6773	8121	1677806	145662043	4214699	488646047
8115	3635	5130	800	1677885	145670129	0	0
8116	72	4939	7950	1678044	145688374	4125865	476151129
8117	4022	5644	10781	1678134	145699758	3439162	374650886
8118	2081	3367	7135	1678493	145747803	3997529	456244297
8119	1157	4232	9821	1678546	145754548	1767552	155681460
8120	2166	4971	13141	1679606	145893323	3496402	383095860
8121	3952	7322	5888	1679889	145930503	2880074	297623168
8122	1228	2213	2261	1680075	145952148	1911843	174172688
8123	2994	4150	7980	1680489	145997771	2117126	197905609
8124	952	6763	5196	1680815	146031866	2531935	250841384
8125	3736	6908	4683	1680874	146038055	0	0
8126	4479	7234	14611	1681456	146101644	1812188	161164106
8127	2563	3823	2243	1681818	146146142	2407203	235431324
8128	3787	7765	7721	1682043	146166660	0	0
8129	1303	7960	6892	1682123	146176019	0	0
8130	63	605	1166	1682793	146255133	0	0
8131	2377	4384	12921	1683126	146287175	3128016	332073929
8132	1947	6068	6591	1683882	146360650	0	0
8133	2148	6888	11297	1683909	146362291	0	0
8134	161	5459	694	1683911	146362295	0	0
8135	1746	4433	5867	1684001	146371048	0	0
8136	1091	4738	8676	1684389	146419587	1692030	147244044
8137	3387	5556	3314	1684438	146423957	1975563	181786422
8138	1940	5980	2396	1684686	146452687	0	0
8139	430	7772	7583	1684725	146457396	0	0
8140	1374	6329	5887	1685202	146509193	0	0
8141	2432	7562	14677	1685496	146543961	2074105	192846288
8142	401	8095	6970	1685705	146569717	0	0
8143	5239	5777	17569	1685767	146578705	2203344	208480034
8144	1490	2121	3843	1685909	146603647	1931681	176292788
8145	905	1519	1694	1686945	146744432	0	0
8146	417	6799	9832	1687163	146767727	0	0
8147	6274	6403	20120	1687169	146768671	3081044	325383533
8148	4371	4494	5554	1688929	146984292	0	0
8149	1277	4628	3960	1689242	147012361	0	0
8150	3292	6248	1705	1689295	147018964	2149621	201721772
8151	1000	4562	5768	1689580	147045208	0	0
8152	723	5802	3686	1690077	147086485	0	0
8153	384	6144	2307	1690241	147098937	3827577	431325401
8154	779	7941	3426	1690772	147138027	2550205	253233364
8155	3691	7132	4773	1690877	147144934	2568063	255362102
8156	6681	7690	3994	1690975	147152612	2147827	201546152
8157	3966	5037	7339	1691244	147174307	3291966	354619339
8158	1641	2930	3116	1691423	147187774	1849300	166235781
8159	142	202	137	1691529	147196249	0	0
8160	5702	6512	13303	1691642	147204045	2951606	307624061
8161	3924	7666	5205	1691662	147205725	1894289	172207107
8162	3541	8136	11041	1692030	147244044	2441532	239397545
8163	1556	1592	869	1692650	147311276	1771182	156146574
8164	392	7520	12254	1692765	147322378	1834321	164273794
8165	2413	2986	12194	1692937	147338783	0	0
8166	3200	4062	3441	1693560	147412274	0	0
8167	3931	7834	14122	1694629	147505889	2011552	185805241
8168	562	3591	3788	1694879	147528963	0	0
8169	1354	2031	5629	1695014	147541793	0	0
8170	4984	5483	16053	1695521	147585818	0	0
8171	2990	6913	5135	1695959	147634290	0	0
8172	2974	6089	6637	1696657	147701364	1935517	176729370
8173	1682	8092	15233	1696669	147702251	0	0
8174	1795	6797	5930	1696797	147717885	0	0
8175	2194	6866	6460	1696855	147725144	3888202	440732248
8176	4330	5604	10034	1697274	147778460	2941691	305954769
8177	5297	6786	10721	1697613	147819598	2270640	216931111
8178	1682	3134	1980	1698454	147913401	3569130	394232857
8179	819	1884	775	1698460	147913877	3516083	386131656
8180	2786	7277	4925	1698569	147926382	4331522	508488651
8181	2169	6040	8504	1698918	147958791	0	0
8182	2141	6640	3326	1699768	148034769	2043671	189701193
8183	334	8051	4044	1700272	148071231	0	0
8184	271	4091	5211	1700456	148083288	3542090	389966155
8185	3769	6993	6542	1700588	148093978	0	0
8186	595	7646	4114	1700720	148103963	0	0
8187	796	3228	1569	1700752	148106522	1949412	178615063
8188	3806	7464	14183	1701075	148131262	3501614	383907827
8189	271	2293	3637	1701523	148169853	0	0
8190	4047	5160	7440	1701866	148199193	3094206	327173896
8191	3647	7181	6216	1702026	148212980	2852074	293898564
8192	899	6105	6966	1702163	148225384	1874029	169391132
8193	5478	5787	11324	1702182	148226685	0	0
8194	1022	8031	26737	1702278	148238088	0	0
8195	4750	5556	7808	1703356	148392776	0	0
8196	3537	3848	8114	1703605	148425223	3475836	380054691
8197	1877	3562	3151	1703766	148443127	2368417	230217065
8198	4752	6973	11889	1704059	148481094	2355984	228528831
8199	1861	6538	5635	1704222	148502744	0	0
8200	451	6163	1893	1705504	148650113	4211445	488115443
8201	172	5352	1010	1705720	148669692	1800718	159847430
8202	4570	6781	8508	1705776	148674142	2104657	196330959
8203	4130	4652	8232	1706043	148696842	0	0
8204	1738	5192	2581	1706309	148721958	3614007	401194450
8205	776	984	1659	1706365	148728455	0	0
8206	5821	6266	16441	1706392	148730869	4147302	479186582
8207	115	6647	5045	1706485	148744694	0	0
8208	2062	5370	8666	1706774	148778697	1722377	150416069
8209	5213	7716	6145	1706981	148807112	0	0
8210	153	6942	1731	1707337	148854759	2091504	194619694
8211	1167	1678	1830	1707402	148862500	2069734	192302138
8212	2242	2525	2874	1707452	148867339	0	0
8213	4580	5225	3622	1707523	148876009	0	0
8214	530	2063	1866	1707622	148887077	0	0
8215	1371	2218	1441	1707647	148889327	1730067	151324612
8216	2489	6546	12762	1707726	148897915	2082311	193744217
8217	2662	5803	7797	1708564	148997104	1840585	164989323
8218	3522	5499	1722	1708638	149005211	1955295	179331426
8219	751	847	1382	1708707	149013683	3311328	356903183
8220	1497	6909	12477	1708981	149041821	1764378	155208360
8221	3398	6976	9006	1709014	149046441	2079250	193415913
8222	1722	7146	15888	1709067	149052436	2110873	197117459
8223	3508	4123	8152	1709379	149099189	0	0
8224	2757	6522	4914	1710359	149220743	2009451	185554590
8225	2091	5959	3995	1710427	149227612	0	0
8226	1851	6676	6019	1710765	149265148	2183413	205708411
8227	2957	4282	4267	1711382	149325526	2926839	303693509
8228	858	5122	4893	1712199	149391953	0	0
8229	7062	7459	14316	1712446	149410847	1774214	156424523
8230	5181	6750	5188	1712504	149415997	0	0
8231	101	933	904	1712996	149464895	0	0
8232	6981	7981	13733	1713608	149515195	1899575	172826240
8233	846	1356	380	1713719	149527162	3833670	432155571
8234	1663	4354	6286	1715007	149627016	0	0
8235	2582	3692	11884	1715122	149635166	0	0
8236	5877	6949	6493	1715223	149645819	3016986	316218879
8237	1455	3970	9982	1715261	149649146	2146232	201345230
8238	4632	5570	6386	1715422	149665374	0	0
8239	3403	7277	8587	1715939	149719718	2107293	196674575
8240	3039	5815	7519	1716046	149729748	3124427	331639880
8241	2545	7375	15932	1716404	149769678	3075021	324412851
8242	1198	2884	1828	1716522	149783140	3827815	431362357
8243	2287	4300	4087	1717061	149847482	3315850	357528653
8244	860	925	679	1717204	149862793	2209645	209354696
8245	3021	6321	2188	1717411	149881374	0	0
8246	1074	7687	3452	1717720	149908181	0	0
8247	209	5626	5519	1718105	149938840	0	0
8248	5130	6947	7561	1718386	149966771	3415848	371453807
8249	5618	8005	14671	1718760	150002533	2625265	263105224
8250	1604	5993	6342	1718767	150002887	1970599	181230501
8251	6492	6523	14894	1719070	150039762	0	0
8252	469	2410	1509	1719288	150070814	2312858	223048723
8253	518	4588	2954	1719378	150083089	2733620	277598235
8254	2091	2379	4413	1720144	150175047	2108027	196774132
8255	2094	7632	6964	1720564	150221412	1827631	163175850
8256	3888	5711	7222	1721134	150274826	0	0
8257	452	5160	3349	1721191	150281134	1987351	182977470
8258	2725	7068	7749	1721353	150298396	2733922	277632890
8259	2096	6102	4289	1721583	150322053	0	0
8260	31	3268	10791	1721596	150323480	1989056	183191581
8261	2760	7576	13745	1722352	150413555	2521464	249420355
8262	1951	8208	11371	1722377	150416069	2315502	223398939
8263	3789	6914	13221	1722418	150421548	3105306	329063804
8264	2365	6470	23920	1722590	150446832	1762691	154921527
8265	5598	8112	12362	1722814	150492264	3693826	411959824
8266	1568	3351	4684	1723184	150560919	2256196	215273909
8267	628	2631	3954	1723252	150573035	3857165	435753773
8268	3239	6522	4458	1723364	150592772	0	0
8269	3727	6227	9182	1723488	150615671	1965730	180696823
8270	2384	4081	10237	1724363	150754584	1860253	167592767
8271	4726	7850	19160	1724834	150821726	2304645	221533125
8272	3600	4231	12544	1724975	150844205	2657188	267738208
8273	1994	2465	5127	1725173	150876687	2283292	218401546
8274	234	6000	2578	1725567	150937939	3683787	410560666
8275	2992	4486	4972	1727202	151110357	0	0
8276	528	5561	3012	1727593	151142235	3136216	333063021
8277	3489	5759	4255	1728073	151177347	3133393	332717818
8278	1263	6963	4105	1729046	151237877	2303365	221374754
8279	1286	2400	1275	1729232	151248537	2984500	312067634
8280	2738	2820	2649	1729393	151257922	0	0
8281	788	4957	15750	1729544	151267254	2102811	196109466
8282	2883	3052	10220	1729674	151280338	3207618	342928677
8283	7006	7351	6765	1729832	151297106	1890919	171740574
8284	1958	6014	11676	1729881	151300856	2049452	190328739
8285	1372	8215	2808	1730067	151324612	1950001	178682484
8286	3705	5216	4925	1730207	151344080	0	0
8287	4316	6192	4525	1731004	151423683	3126035	331833267
8288	5746	6822	11332	1731052	151427867	0	0
8289	4351	6096	10723	1731410	151469862	1861722	167805356
8290	6439	7177	1558	1731441	151473894	4021489	459732537
8291	3972	7158	6178	1731614	151494578	2825827	289933516
8292	1971	6437	1265	1731812	151520379	3858413	435954842
8293	1058	1486	4982	1731991	151543749	0	0
8294	6083	7914	29270	1732885	151644826	2835820	291218100
8295	256	1897	1206	1733035	151668719	0	0
8296	100	5946	2318	1733045	151669973	3383838	367494623
8297	7195	7663	9667	1733821	151769181	4013799	458554977
8298	2467	4313	4393	1733926	151783254	1853441	166756416
8299	4311	7023	11828	1733963	151787785	2005304	184995099
8300	390	3992	9651	1734398	151843242	1843391	165262390
8301	939	5610	4844	1734951	151916591	4435357	524592293
8302	597	6812	7103	1736267	152051314	3136216	333063021
8303	6022	6188	8889	1736518	152072897	2358899	228930287
8304	5314	5781	10888	1736803	152100997	1881553	170382571
8305	5456	6836	29268	1737270	152150348	0	0
8306	4793	6576	6257	1737425	152173609	1878436	169969142
8307	2310	6942	2494	1737968	152254973	3240224	347256319
8308	7550	8055	7244	1738069	152268883	0	0
8309	2344	7873	8601	1739542	152434187	1807356	160626275
8310	2103	4793	4943	1739673	152447824	2392801	233463749
8311	2744	4000	4657	1739775	152458518	2181001	205413502
8312	2311	4178	6292	1739998	152480605	1957942	179695947
8313	1694	7891	1700	1740943	152569492	1805524	160388511
8314	3608	5020	16192	1741043	152578290	2095039	195037457
8315	7270	8095	13508	1741069	152581295	1784475	157671453
8316	3766	7041	4826	1741096	152585528	2323299	224215129
8317	1973	5791	3086	1741105	152586840	3918740	445159054
8318	67	783	1368	1741127	152589661	2235670	212838364
8319	430	6956	4946	1741339	152617514	0	0
8320	928	5089	5559	1741685	152655698	2516383	248784086
8321	1833	4643	3047	1742047	152695588	0	0
8322	3354	6177	5634	1742704	152756840	2336301	225897783
8323	4302	4767	12057	1743036	152785505	0	0
8324	2765	5398	4778	1743521	152834310	2395616	233877699
8325	3362	4901	5724	1743902	152868048	2757716	281101816
8326	967	2566	1572	1743991	152875533	0	0
8327	597	7767	6177	1744412	152912371	2277534	217691898
8328	3516	6974	3406	1744589	152926760	1777769	156884028
8329	2765	7214	4045	1744651	152932399	2479754	244381877
8330	1872	6053	3850	1745686	153017063	3525598	387734113
8331	6831	7468	19451	1746191	153052342	2804263	287292770
8332	2654	7816	14324	1746360	153066975	1955792	179387214
8333	5656	6370	7907	1746571	153089407	1749347	153475213
8334	4427	7026	21764	1746575	153089807	1933715	176478037
8335	3333	6138	7962	1746703	153111150	1904575	173311436
8336	3511	7813	9213	1746797	153125256	1956365	179465129
8337	910	3986	2598	1747289	153211124	0	0
8338	2235	2921	7042	1747485	153240506	0	0
8339	1910	6447	6821	1747489	153241009	3391511	368461618
8340	5706	8333	10943	1749347	153475213	2245395	213887990
8341	2656	5655	3197	1749539	153495331	4112978	474085810
8342	110	8093	11475	1749811	153523470	2542981	252290367
8343	2095	5651	4610	1750332	153582198	3233721	346499804
8344	62	6601	617	1750718	153618028	3503844	384258527
8345	2856	4571	7419	1750997	153643045	1916563	174581936
8346	2235	4259	4401	1751291	153670902	0	0
8347	1992	6237	8079	1751332	153673594	2009116	185515182
8348	5669	7945	2858	1751727	153711735	1981284	182446522
8349	5711	8067	22406	1752272	153759084	0	0
8350	1391	2689	4948	1753126	153851689	2264881	216206085
8351	974	5624	3759	1753258	153864398	2364398	229626129
8352	2716	4406	9365	1753382	153875594	2254664	215091891
8353	6017	7586	5187	1753655	153902493	1798836	159562292
8354	2885	6866	7150	1753912	153928502	4335687	509011588
8355	6785	7172	15334	1754647	153995277	0	0
8356	4292	5989	14510	1755472	154069832	3298526	355445959
8357	1229	7228	6183	1755765	154100345	0	0
8358	3390	4830	9754	1755959	154121536	0	0
8359	3385	6413	6279	1756248	154154134	3070337	323801617
8360	79	8100	1414	1756739	154201990	1810086	160902451
8361	1345	4646	1588	1756877	154213071	1808383	160730767
8362	2814	6946	6685	1756898	154214635	1918649	174795460
8363	2493	2889	2390	1756961	154221591	3500123	383677848
8364	3585	4075	5364	1757142	154240049	2583490	257505990
8365	152	7128	6426	1757694	154294285	0	0
8366	1668	1980	1530	1757850	154308623	1781457	157342442
8367	21	5733	4904	1757870	154310395	2076688	193169764
8368	2745	5498	8092	1758423	154369365	2335389	225780363
8369	1240	1485	2732	1758814	154408846	2083145	193828838
8370	5740	6222	40207	1759004	154423450	2296700	220353425
8371	1356	4390	5049	1759496	154501781	0	0
8372	2706	6913	5999	1759583	154513279	1893667	172116590
8373	2431	3940	6825	1759649	154522926	0	0
8374	3580	7172	14800	1760265	154613100	0	0
8375	3913	7197	8277	1760408	154634188	1850987	166426516
8376	2498	2755	7743	1760879	154701472	1951905	178896265
8377	3272	3421	7873	1761089	154731896	2136044	200030904
8378	217	6913	4829	1761286	154755860	2856054	294388966
8379	160	7570	8485	1761514	154786190	2234533	212646001
8380	4481	7518	2274	1762466	154897324	3167966	337545999
8381	2724	2782	7594	1762527	154904033	2223522	211265721
8382	7724	8264	47212	1762691	154921527	3603629	399791204
8383	203	7965	2937	1762841	154950314	2688160	271573198
8384	3553	5482	9410	1763216	155013921	0	0
8385	5348	6493	9308	1763830	155122293	0	0
8386	735	3330	8758	1764058	155155364	2446882	240066759
8387	5999	8220	17205	1764378	155208360	0	0
8388	1005	3705	4211	1764796	155279265	0	0
8389	4118	4727	5398	1764958	155305596	1925280	175560837
8390	1988	3655	8681	1765157	155338178	0	0
8391	5646	6621	16845	1765446	155378331	2704897	273687328
8392	1281	4845	3750	1766419	155524733	2380411	231771767
8393	5701	6990	6368	1766603	155545451	3024865	317242436
8394	6504	7534	7715	1766674	155555637	0	0
8395	5828	7461	10281	1767035	155603713	3844533	433629930
8396	2903	6178	4362	1767096	155613843	1798568	159526529
8397	7961	8119	23666	1767552	155681460	3370229	365657077
8398	1236	4757	6382	1767577	155685806	1818443	161990683
8399	405	3530	5771	1767818	155731848	0	0
8400	1434	5645	12885	1767843	155737585	2238843	213214545
8401	3288	6105	6726	1767913	155750595	0	0
8402	621	1238	938	1768488	155850078	2614892	261768430
8403	493	7952	6214	1769923	156032941	0	0
8404	968	2859	2851	1770068	156046950	2707936	274108804
8405	1559	3124	1753	1770849	156119496	0	0
8406	2745	3487	2390	1770886	156122150	0	0
8407	1735	2137	1621	1770969	156128977	2529012	250467834
8408	5869	8163	3406	1771182	156146574	3583228	396669912
8409	775	3091	3746	1771315	156157360	2762718	281803987
8410	2134	2291	5571	1771644	156185163	1823888	162717003
8411	1826	3632	2930	1771807	156198937	0	0
8412	2223	7993	9618	1772029	156216054	1853441	166756416
8413	2454	7607	10711	1772175	156228327	2009743	185588345
8414	37	6442	11248	1772184	156229402	3640190	404559296
8415	3697	4229	7362	1773424	156353105	0	0
8416	452	4707	1001	1773632	156368923	2329752	224959613
8417	807	7442	3404	1773738	156377869	2009116	185515182
8418	2492	4219	5349	1773778	156381308	2317232	223610978
8419	3539	6592	7906	1773957	156397811	2107617	196723033
8420	1027	3660	6797	1773996	156402578	3286249	353781711
8421	2210	8229	16775	1774214	156424523	1795284	159036319
8422	3913	7073	15900	1774568	156475047	2664371	268759049
8423	161	1282	1701	1774843	156519320	2320704	223989968
8424	3901	7177	9258	1775169	156562985	2675272	270025439
8425	3103	3305	3434	1775234	156571904	0	0
8426	1075	5747	16438	1776123	156689936	0	0
8427	3603	3947	2926	1776210	156701158	1777622	156867970
8428	4819	6340	7627	1776921	156788046	3400385	369550148
8429	2151	8090	5655	1776938	156790270	4174537	483001186
8430	1715	3717	7628	1777584	156863433	2271516	217040437
8431	2140	8427	3727	1777622	156867970	2327583	224678246
8432	6812	8328	9746	1777769	156884028	0	0
8433	5368	5891	13822	1778321	156945091	0	0
8434	2667	7059	10758	1778788	157001613	4438865	525045926
8435	2211	7696	8845	1779434	157075682	2208977	209243382
8436	6465	7024	11754	1779685	157102394	1984859	182736249
8437	4860	7153	5052	1779764	157110978	0	0
8438	1405	6700	16869	1779783	157113259	2222325	211087260
8439	96	6486	8799	1780269	157183795	0	0
8440	2455	7778	5437	1780287	157186612	1991514	183453504
8441	3479	5081	13945	1780876	157265885	0	0
8442	2354	8366	1917	1781457	157342442	3654054	406961293
8443	5099	6365	13650	1781991	157399543	1942400	177446240
8444	511	752	1838	1782416	157444408	1950482	178738910
8445	3495	7117	6397	1782464	157450360	0	0
8446	5710	7351	8157	1782914	157496389	0	0
8447	2398	6232	3411	1783059	157509617	2097397	195366703
8448	638	7559	14921	1783087	157511602	4084634	469805568
8449	1495	3550	7073	1783429	157555777	2217799	210506731
8450	2439	5016	5293	1784121	157634741	2172623	204392041
8451	1344	6561	11018	1784339	157656924	2461979	242111980
8452	1137	8315	14427	1784475	157671453	2005234	184986844
8453	3760	7710	10000	1785008	157742128	0	0
8454	191	3029	1933	1785165	157760651	2802203	286971616
8455	538	2139	1264	1785317	157781539	2683022	270967686
8456	3102	4852	4851	1785671	157820619	2052612	190582753
8457	2293	7072	8415	1785789	157833332	0	0
8458	4747	6744	9294	1785898	157844455	1848682	166154317
8459	3040	3139	1965	1786139	157879716	1809529	160838893
8460	2995	5519	7177	1786847	157955780	3000385	314350726
8461	3745	5581	13051	1787030	157977900	3011172	315550983
8462	687	5632	1479	1787228	158001176	3905086	443435664
8463	3420	5282	24553	1787573	158038521	2309068	222371685
8464	1541	7369	3660	1787690	158052950	0	0
8465	6983	7824	23005	1787939	158088159	2160236	202906740
8466	4760	5187	8721	1787974	158093337	0	0
8467	2315	2699	2532	1788466	158176040	1935102	176668583
8468	2754	6638	2480	1788556	158189142	2676945	270218061
8469	6680	7494	21384	1789224	158282602	0	0
8470	83	3817	2586	1789954	158393363	2236285	212932070
8471	3338	4295	7110	1789986	158398619	2539152	251831636
8472	1695	6977	3033	1790283	158434886	2948206	307162896
8473	1190	2605	4056	1790384	158449808	1886306	171093251
8474	1612	6795	3292	1790736	158493495	4336602	509112479
8475	4721	7985	7193	1790905	158513996	1942258	177426553
8476	3925	7785	4734	1791390	158569204	4147995	479296634
8477	3909	6941	8142	1791632	158596944	0	0
8478	2870	4276	8960	1791738	158608169	3996536	456066737
8479	1260	6203	4437	1792333	158677149	1978412	182151760
8480	366	6003	5793	1792715	158713611	3291059	354501263
8481	5618	6955	23312	1793117	158754880	1861675	167798478
8482	1286	3977	4465	1793141	158757272	3805418	428070442
8483	4366	6245	7135	1793686	158825066	2659387	268088658
8484	2177	7773	12323	1794139	158873865	0	0
8485	5413	5573	29380	1794306	158895819	1889432	171489617
8486	1964	4967	11217	1794915	158985840	2262662	215932538
8487	414	1616	1180	1795251	159031611	0	0
8488	6847	8421	27714	1795284	159036319	0	0
8489	1283	3424	1917	1795516	159081608	0	0
8490	1546	7772	10512	1796391	159223222	2245378	213886965
8491	4087	4825	4364	1796774	159278566	1916072	174526172
8492	4364	6874	11834	1796946	159299535	2906869	300987826
8493	2480	6392	7044	1797507	159380200	3970180	452207145
8494	139	817	451	1797700	159404742	4244073	493217163
8495	1660	6578	3688	1797733	159409460	2203470	208499730
8496	2859	3845	9983	1797995	159442114	0	0
8497	297	6610	7387	1798019	159445958	0	0
8498	2892	4216	4535	1798184	159474108	3835174	432365724
8499	3684	8396	4798	1798568	159526529	2902403	300450625
8500	4736	8353	8279	1798836	159562292	0	0
8501	2	6952	3489	1799195	159610406	1878436	169969142
8502	710	3734	1107	1799352	159631073	0	0
8503	3664	4572	11129	1799427	159639661	2144813	201174696
8504	5237	7076	18481	1799630	159670123	0	0
8505	906	4060	4127	1799681	159676476	2105349	196414454
8506	5995	7823	15222	1799778	159691142	4041843	463158957
8507	6116	8201	2170	1800718	159847430	0	0
8508	1472	3190	2316	1800862	159865887	2179664	205193644
8509	5697	6378	15747	1801299	159920215	3542403	390007720
8510	2168	3794	1629	1801362	159927711	3275016	352402392
8511	6808	8058	12261	1802056	160011446	0	0
8512	5178	6514	8356	1802128	160020799	3877070	438946315
8513	691	7118	3270	1802588	160077482	2377875	231386438
8514	115	7920	3995	1803159	160144422	1811646	161104451
8515	722	3653	2592	1803842	160213191	0	0
8516	1089	3027	2773	1804001	160225252	3144362	334163353
8517	1004	5003	5095	1804441	160257629	2460437	241942507
8518	2049	3410	7756	1804534	160264343	1809661	160852755
8519	384	6368	4291	1804853	160294451	3080598	325312308
8520	2077	3695	9073	1804895	160298114	2482880	244754077
8521	3448	7996	32205	1805047	160313997	0	0
8522	45	7072	5032	1805078	160319230	2281753	218197003
8523	4369	8313	5149	1805524	160388511	1971862	181338822
8524	733	4317	4998	1805685	160411112	0	0
8525	3174	6729	8224	1806170	160484839	1883591	170694081
8526	2669	4604	9140	1806920	160577051	1814151	161437026
8527	3139	4543	3899	1806987	160584783	2153924	202180105
8528	1097	8309	8806	1807356	160626275	0	0
8529	933	3107	2167	1808132	160710068	2119465	198200727
8530	4747	8361	7435	1808383	160730767	4385033	516206323
8531	2911	4009	3376	1809052	160794313	2789965	285291931
8532	2630	3991	10395	1809287	160813658	2127978	199020185
8533	3938	8459	6019	1809529	160838893	0	0
8534	363	4860	2008	1809550	160840728	2023883	187386182
8535	6136	8518	11972	1809661	160852755	2162664	203255239
8536	860	5948	12598	1809900	160880821	0	0
8537	7497	8360	8478	1810086	160902451	1910914	174073978
8538	2240	4912	6726	1810333	160932808	0	0
8539	1743	1950	1159	1810586	160966421	2472105	243509667
8540	6645	7323	10656	1810899	161005684	2450520	240475260
8541	3233	4506	1728	1811061	161026305	2209081	209261139
8542	4785	6927	8650	1811290	161055191	0	0
8543	7365	8514	4148	1811646	161104451	0	0
8544	1592	3095	2411	1811884	161129330	2091296	194596541
8545	1845	3549	676	1812018	161143457	2788348	285051837
8546	323	4362	3891	1812094	161152453	2303415	221378446
8547	1247	1424	4716	1812112	161154739	2004993	184964397
8548	2043	8126	17210	1812188	161164106	1987109	182946654
8549	6839	7220	8690	1812434	161201938	0	0
8550	1188	1306	1338	1812899	161263697	2672619	269720980
8551	4175	7118	3130	1812944	161269966	0	0
8552	3342	6533	9352	1813018	161280728	2254754	215104559
8553	2716	5159	12739	1813517	161348134	1819281	162130959
8554	1244	6154	2869	1813594	161359667	2897427	299834466
8555	976	6559	2651	1814014	161416847	1917959	174726378
8556	1950	8526	9986	1814151	161437026	1972225	181366466
8557	3935	6654	4121	1814473	161480387	0	0
8558	1567	6633	15320	1814946	161538778	0	0
8559	1966	7491	14406	1815416	161597039	2941394	305901926
8560	2373	3374	3620	1816564	161726986	4350513	511031251
8561	1449	6613	11336	1816647	161737285	0	0
8562	2104	4202	6503	1816842	161757766	0	0
8563	4228	5832	13647	1817177	161793453	2035733	188577666
8564	4650	5214	10197	1817306	161808738	4300674	503921392
8565	2932	3552	10363	1817442	161828212	2826832	290097880
8566	1728	3857	3823	1817583	161847679	1918649	174795460
8567	2902	7309	22018	1817732	161867836	0	0
8568	1847	7132	5633	1817900	161896427	1825297	162852125
8569	495	5405	11538	1818173	161944076	2298891	220710291
8570	407	8398	7015	1818443	161990683	0	0
8571	2384	4316	5024	1818555	162008603	3637920	404277487
8572	521	4235	4684	1818628	162023421	0	0
8573	5818	6079	15978	1819068	162096548	2750547	280018849
8574	1415	8553	14253	1819281	162130959	0	0
8575	1706	4347	5294	1820496	162320206	1843603	165287554
8576	854	3868	9249	1821556	162442170	2091296	194596541
8577	353	594	267	1821737	162459571	3693392	411901283
8578	4415	5830	6980	1821780	162463417	2227442	211684029
8579	279	6819	6987	1821840	162469711	3201936	342066488
8580	5821	6981	24625	1822326	162521776	3492244	382482103
8581	2466	6998	12881	1822765	162577761	0	0
8582	685	6566	8461	1823335	162652068	1904022	173251740
8583	678	5250	1496	1823364	162656405	3391129	368410143
8584	5453	8410	6438	1823888	162717003	3910569	444338129
8585	4389	8568	10989	1825297	162852125	3479938	380754765
8586	142	4719	3478	1825335	162856237	2816813	288854375
8587	2928	7312	16645	1825620	162882170	2468891	243057700
8588	3	5610	4055	1825746	162899728	2032374	188217602
8589	6421	6870	3531	1825948	162920119	4089333	470531120
8590	4342	7970	16020	1826107	162936774	2983089	311876029
8591	59	6685	11415	1826228	162950938	2541068	252059731
8592	3959	7336	35106	1826946	163052545	0	0
8593	5140	6062	18374	1827477	163146672	1845878	165689326
8594	2527	8255	7397	1827631	163175850	2287271	219069945
8595	3042	4237	14900	1828036	163247534	2347478	227433840
8596	4541	6160	4375	1828387	163319963	0	0
8597	2439	5927	9658	1828437	163330833	0	0
8598	1126	7818	22534	1828590	163356018	2305233	221647749
8599	159	3529	2519	1828727	163385132	2188180	206448593
8600	4581	6634	11166	1830111	163638059	4322653	507255666
8601	6393	7830	33487	1830579	163713261	2393104	233498772
8602	1112	2313	4928	1830846	163767820	4107443	473216412
8603	6480	7997	7831	1831160	163823858	2987602	312469627
8604	3380	6096	11543	1831695	163914660	3516564	386206013
8605	3318	5269	9466	1831930	163960796	0	0
8606	194	2286	1021	1832156	164005225	3173159	338208667
8607	436	4931	3419	1832783	164106669	0	0
8608	17	3009	2206	1833612	164205470	3623305	402348110
8609	7783	8164	16837	1834321	164273794	0	0
8610	1411	4154	3434	1834657	164314075	2495394	246378460
8611	112	6033	8997	1834873	164337833	2602609	260183922
8612	3499	4844	10462	1836002	164452482	2276249	217569873
8613	4241	6792	20091	1836349	164482867	1837496	164603142
8614	3168	4106	4437	1836494	164499408	4177701	483395127
8615	8045	8613	27468	1837496	164603142	1880905	170287246
8616	1265	5593	12830	1837675	164624918	2706731	273941423
8617	810	5650	11271	1837700	164630319	2212277	209736353
8618	774	5263	3827	1837715	164632085	2121259	198385209
8619	670	3910	2578	1838548	164771078	1957951	179696872
8620	2505	8217	10841	1840585	164989323	2081207	193635155
8621	1700	7176	3516	1840831	165010514	1967225	180900208
8622	3193	6488	12683	1841114	165031536	2657991	267857411
8623	5262	5790	11571	1841758	165090374	2171994	204321606
8624	1817	4206	10455	1841933	165108686	1941373	177328552
8625	3023	4949	10193	1842079	165122373	4202614	486725853
8626	4883	6319	8630	1842877	165207660	0	0
8627	785	1338	1622	1842991	165220559	2399859	234423205
8628	3788	8300	12141	1843391	165262390	0	0
8629	529	6204	2439	1843423	165267069	3762620	421843975
8630	3636	4578	5767	1843498	165275296	1874027	169391080
8631	6931	7913	14221	1843554	165281085	2523325	249688014
8632	8033	8575	18636	1843603	165287554	0	0
8633	1627	1905	5697	1843691	165304411	2382329	232039310
8634	2960	7231	19570	1844064	165363079	3951036	449642237
8635	2352	7108	1539	1844555	165449767	0	0
8636	3827	7238	27297	1844602	165457472	0	0
8637	3830	5241	20259	1845529	165630282	2336503	225919265
8638	165	8593	18656	1845878	165689326	0	0
8639	774	4407	2078	1846385	165790922	2759080	281243345
8640	2268	6048	11301	1846553	165817118	0	0
8641	137	4175	859	1846573	165821261	2588167	258123415
8642	4786	6550	6424	1847143	165917439	2206495	208939266
8643	4694	8164	19611	1847863	166032295	2996505	313647161
8644	3574	3774	4345	1847875	166034032	0	0
8645	3083	8458	12130	1848682	166154317	2987602	312469627
8646	1933	8158	3588	1849300	166235781	2843985	292648201
8647	3516	5040	2972	1849425	166250955	4017719	459214968
8648	443	4897	6754	1849548	166264232	0	0
8649	5841	6390	11294	1849553	166264560	4323610	507412879
8650	459	6382	2985	1849703	166284408	0	0
8651	527	3919	816	1849791	166296305	0	0
8652	919	1468	1155	1849829	166300533	2250174	214525476
8653	741	1306	1060	1850662	166394864	0	0
8654	3423	8375	10351	1850987	166426516	0	0
8655	623	2595	7411	1851125	166440422	0	0
8656	1097	5613	6677	1851145	166442340	0	0
8657	3112	5659	12689	1851203	166447839	0	0
8658	3182	7739	7439	1852000	166553608	2491757	245786841
8659	2352	8264	24726	1852054	166560669	3821750	430410571
8660	1207	4760	4948	1852501	166625735	0	0
8661	1549	3899	1961	1852505	166626219	0	0
8662	5843	7221	17205	1852909	166678769	0	0
8663	8298	8412	14011	1853441	166756416	3587327	397178209
8664	3708	4011	6105	1853683	166791317	2618741	262309332
8665	1716	2855	2969	1854496	166901035	2814946	288629139
8666	7063	7770	18113	1855357	166989652	2624273	262998433
8667	5749	7140	15074	1855968	167057219	2767273	282410147
8668	1074	3558	3157	1856141	167079513	3999286	456518726
8669	870	5024	1397	1856332	167103758	4263948	497831270
8670	3541	3823	3175	1856379	167110247	0	0
8671	3284	6740	6031	1856424	167114504	0	0
8672	2191	7813	5928	1856825	167164892	2141933	200883958
8673	347	2749	6045	1856907	167175165	2591472	258565771
8674	2574	7933	6646	1858046	167296041	0	0
8675	1605	3814	2360	1858233	167314277	2001631	184644958
8676	1472	4884	3265	1858549	167344108	0	0
8677	4231	6519	20428	1858613	167348957	1906344	173510214
8678	1755	2696	5380	1858869	167377672	0	0
8679	4208	5428	8299	1858912	167381728	0	0
8680	2495	7064	9243	1858989	167390385	2436949	238764606
8681	435	5364	20686	1859202	167417218	3049104	320618906
8682	3301	5678	12440	1859423	167453339	3423053	372303310
8683	1801	3856	2771	1860068	167566607	4104027	472788232
8684	7038	8270	19560	1860253	167592767	0	0
8685	2737	4219	5392	1861568	167781954	0	0
8686	3687	4803	17690	1861631	167790353	0	0
8687	5223	8481	40398	1861675	167798478	2179664	205193644
8688	2528	8289	13038	1861722	167805356	2511360	248002019
8689	2782	7389	7762	1862157	167908762	0	0
8690	4726	8217	16081	1862762	168034168	2529027	250470065
8691	1594	6900	8428	1863167	168109243	3353074	362951223
8692	2162	4450	4424	1863888	168224984	2053295	190654831
8693	3673	4869	1584	1864403	168294372	2064452	191783198
8694	606	3364	546	1864684	168323122	2469542	243169936
8695	436	7382	3002	1864713	168326433	2094320	194943671
8696	598	1676	818	1865167	168379037	2520789	249351684
8697	3255	4011	5746	1865211	168382784	0	0
8698	2254	4418	10329	1865236	168385242	2290208	219505358
8699	2865	3026	8819	1865287	168390022	0	0
8700	4507	6268	11828	1865549	168424639	0	0
8701	4642	7103	5436	1865627	168435862	0	0
8702	687	6661	2630	1865666	168442194	3351881	362737408
8703	163	6311	7826	1866070	168499006	1946371	178184020
8704	807	7038	9927	1866677	168578391	1938007	176993100
8705	3021	7858	2667	1867119	168629802	0	0
8706	1915	3988	2193	1867173	168636816	2696505	272813023
8707	4122	6790	6043	1867228	168641646	3380963	367125184
8708	756	6681	1461	1867616	168683465	0	0
8709	1913	4814	2228	1867860	168707253	0	0
8710	1488	7358	14255	1867899	168710423	1924485	175471255
8711	4556	6421	5248	1867904	168711668	4031280	461251294
8712	4565	6768	4344	1868688	168806524	0	0
8713	6870	8001	5501	1869583	168889215	2372118	230650395
8714	249	7815	858	1869778	168905500	2242411	213596767
8715	2009	2653	2866	1870252	168941109	0	0
8716	808	4584	11837	1870401	168951458	2310237	222571866
8717	1787	5772	7318	1870528	168963093	0	0
8718	3680	7819	25397	1870945	169002497	2949444	307312899
8719	7093	7758	15967	1871350	169050434	0	0
8720	6578	6608	6605	1871958	169138943	2385914	232517213
8721	7295	7610	13262	1872208	169175572	3435645	374183723
8722	1375	7228	6165	1873015	169278594	2022507	187223350
8723	925	5560	4520	1873260	169307974	2446129	239983986
8724	1815	4070	3313	1873339	169317909	0	0
8725	6586	7685	9781	1873859	169374501	2248947	214368582
8726	4243	8630	11079	1874027	169391080	0	0
8727	2884	8192	7233	1874029	169391132	2427291	237752346
8728	3602	5892	13610	1874221	169413849	4123919	475863887
8729	6736	7098	6850	1874310	169427535	1896188	172437599
8730	1942	2909	6214	1875128	169532507	0	0
8731	1418	4974	8892	1875843	169610343	3335662	360257682
8732	1288	3211	5895	1876037	169632233	0	0
8733	5585	6438	21696	1876166	169648284	0	0
8734	4027	6176	12950	1876186	169650324	0	0
8735	2137	3652	12627	1876593	169714756	2197324	207702196
8736	5832	7331	11568	1877618	169860278	4328451	508057385
8737	6403	7022	16910	1878129	169926886	3188683	340348171
8738	5912	6569	921	1878162	169931494	2232801	212352383
8739	863	4455	4253	1878235	169941200	0	0
8740	8306	8501	9746	1878436	169969142	1946963	178280325
8741	6211	6536	20077	1878768	170015741	3500995	383814679
8742	680	1484	3550	1879657	170150866	3184896	339919177
8743	2727	7030	4929	1880367	170231861	0	0
8744	211	633	998	1880606	170255032	3800483	427360098
8745	4262	6779	5608	1880667	170261846	3212216	343636377
8746	2980	4789	3510	1880832	170279548	3450258	376216556
8747	3123	8615	28890	1880905	170287246	1943021	177554209
8748	2874	5181	6311	1880942	170292471	0	0
8749	3501	8304	15033	1881553	170382571	2259141	215555225
8750	8	8255	6976	1882028	170457547	0	0
8751	5974	7790	13097	1882588	170534436	3053756	321458267
8752	1276	2103	2889	1882674	170546250	4106928	473137560
8753	3250	6212	13467	1882933	170583295	0	0
8754	5107	6109	16092	1882957	170586515	0	0
8755	6540	8525	22277	1883591	170694081	2557056	253969266
8756	2547	6939	7227	1883622	170697852	0	0
8757	5445	7872	19932	1885323	170963240	0	0
8758	1185	4201	3694	1885509	170991946	0	0
8759	2200	7149	7884	1886303	171092808	0	0
8760	4253	8473	7315	1886306	171093251	0	0
8761	1875	4130	5340	1886870	171161940	0	0
8762	2460	6142	5724	1887104	171188192	1944643	177869917
8763	4581	6705	10872	1887456	171226235	2094866	195011078
8764	1775	4584	13179	1887629	171247360	3714442	414914559
8765	1183	6482	5870	1888058	171299614	0	0
8766	4450	7641	25186	1888254	171322886	2931118	304191956
8767	749	3559	1680	1888889	171425732	0	0
8768	5310	8485	42760	1889432	171489617	2579458	256880660
8769	1123	6823	16338	1890346	171645667	2061935	191537522
8770	3039	8283	8572	1890919	171740574	2161985	203141916
8771	409	4868	4198	1891642	171846689	3215525	344143388
8772	3444	3961	6508	1892286	171921223	0	0
8773	3087	7238	25756	1892346	171927885	2890571	298945063
8774	7430	7455	9425	1892378	171932486	2746552	279537221
8775	5563	5570	5264	1892853	172005983	0	0
8776	1540	6112	4924	1893469	172091514	0	0
8777	2418	8372	10498	1893667	172116590	0	0
8778	4329	7129	9006	1893703	172121280	3688142	411132859
8779	4626	5114	3962	1893936	172154381	0	0
8780	4808	8161	7496	1894289	172207107	2354270	228309006
8781	5405	7006	11975	1894329	172211846	0	0
8782	495	3273	3170	1894522	172236732	3922294	445584945
8783	832	7154	3731	1896142	172433698	0	0
8784	3731	8729	14234	1896188	172437599	4285879	501278113
8785	1633	2865	7304	1896327	172455593	4186120	484435156
8786	4209	7431	7341	1896336	172456224	2188552	206498736
8787	452	2565	1266	1896886	172529634	0	0
8788	6036	6793	13678	1897334	172576531	2039515	189107651
8789	4063	8366	6492	1897550	172600732	0	0
8790	2806	4335	2005	1897959	172642407	0	0
8791	3246	3621	10437	1897977	172644493	3048351	320516306
8792	1359	3984	5244	1898110	172659456	3175131	338463310
8793	2986	7897	15616	1898752	172722876	4321831	507124435
8794	1418	7588	6527	1898806	172728943	2410262	235764480
8795	422	8232	14388	1899575	172826240	3783167	425211203
8796	918	1259	2115	1900430	172924864	0	0
8797	4970	8101	4396	1901021	172982318	3725972	416552624
8798	1025	2681	1436	1901189	172998157	3417902	371709869
8799	2043	7387	3653	1901398	173014632	0	0
8800	2457	7468	15645	1902277	173082033	2100609	195816780
8801	6324	6842	12461	1902526	173103685	0	0
8802	895	4464	2011	1902615	173114057	2012326	185897113
8803	2687	4823	3093	1902668	173118058	3196972	341357636
8804	581	1386	753	1902969	173145075	3397209	369154204
8805	5490	7922	20811	1903283	173173773	0	0
8806	3473	3530	5497	1903973	173246350	2083300	193845133
8807	1050	8582	9220	1904022	173251740	1943021	177554209
8808	2543	6710	4941	1904045	173253504	0	0
8809	828	3756	1051	1904225	173275352	2010410	185672113
8810	1147	5477	2695	1904347	173289313	2452634	240875570
8811	1381	8335	8952	1904575	173311436	0	0
8812	4195	5794	13740	1905027	173362165	2400364	234479969
8813	1564	2065	4366	1905271	173392437	0	0
8814	1415	7714	4704	1905869	173457203	0	0
8815	3981	6085	4369	1905886	173458929	3358795	363917851
8816	2159	6902	16755	1906064	173478203	1942400	177446240
8817	4123	8677	23258	1906344	173510214	0	0
8818	4978	6348	16456	1906455	173527344	0	0
8819	2441	2741	6550	1906575	173547261	0	0
8820	3434	3880	6475	1906951	173611088	2557485	254031017
8821	1319	1730	4275	1908261	173800134	0	0
8822	4019	4257	6176	1908273	173801646	2753802	280582503
8823	4805	5912	1513	1908393	173817764	0	0
8824	1406	3138	2835	1908773	173862124	2420121	236972059
8825	2391	7370	10054	1908796	173865113	1994122	183730909
8826	2351	6042	9543	1910467	174033086	2802203	286971616
8827	1275	5093	9917	1910499	174036144	2216174	210265191
8828	3139	3242	6767	1910905	174073070	3379576	366915807
8829	317	8537	8614	1910914	174073978	0	0
8830	4278	5165	3896	1911119	174098493	1991627	183465682
8831	6032	7199	4734	1911186	174107047	0	0
8832	2262	7975	2738	1911830	174171320	0	0
8833	6513	8122	11254	1911843	174172688	4298075	503404819
8834	3474	7043	2220	1911934	174183310	2782837	284297516
8835	394	2478	2656	1911965	174187541	0	0
8836	1513	3063	2718	1912570	174250391	0	0
8837	715	5442	4500	1912913	174281715	3360937	364237170
8838	3093	5667	6949	1913369	174322239	2026928	187637763
8839	2688	5485	4402	1914043	174375746	0	0
8840	237	522	478	1914167	174385770	0	0
8841	905	8090	3574	1914443	174406385	1959945	179946953
8842	3604	6830	3761	1914721	174424672	0	0
8843	2591	7326	8239	1915110	174450853	4053404	465244283
8844	2492	7386	9317	1915394	174471049	1945448	178012331
8845	201	2330	1154	1915401	174471546	0	0
8846	2016	6731	5816	1915910	174513959	0	0
8847	7605	8491	14331	1916072	174526172	4020633	459622101
8848	2389	3682	8235	1916094	174528178	4179863	483663691
8849	1641	2983	2935	1916295	174553358	0	0
8850	3156	8345	9114	1916563	174581936	3129662	332250854
8851	778	1051	1171	1917028	174635819	3268645	351488632
8852	5608	6882	4374	1917179	174650938	3713787	414819754
8853	3636	5857	6736	1917455	174679162	0	0
8854	5854	8555	6086	1917959	174726378	3233721	346499804
8855	148	6099	5048	1918130	174743107	1988001	183065880
8856	1553	2362	6319	1918379	174766760	0	0
8857	358	751	1535	1918433	174772785	0	0
8858	2433	3584	2001	1918477	174777018	2127274	198929289
8859	8362	8566	10508	1918649	174795460	2481085	244542427
8860	6407	7618	15689	1918806	174813190	0	0
8861	1118	3780	10754	1918918	174827314	2477131	244037200
8862	3679	6953	11301	1919166	174859025	0	0
8863	2864	2952	3701	1919787	174944433	3679138	409971670
8864	1727	4181	4165	1920008	174971445	2911966	301604355
8865	3270	7466	15369	1920220	174996276	0	0
8866	5440	6920	10898	1920393	175022602	2270640	216931111
8867	1154	3189	4874	1920947	175101847	2435727	238625024
8868	1295	8375	9876	1921244	175136092	0	0
8869	250	4407	1798	1921300	175143199	2094866	195011078
8870	812	4794	3996	1921909	175210321	2292676	219835052
8871	3064	6272	16479	1922190	175243313	2263038	215973195
8872	438	7668	5690	1922543	175280596	0	0
8873	6380	7916	4785	1923002	175330825	2349261	227737042
8874	5074	7166	6047	1923228	175354255	0	0
8875	3020	4103	3893	1924290	175455338	2872332	296423695
8876	540	5859	6945	1924365	175461117	2700420	273206126
8877	749	2714	1695	1924393	175463509	0	0
8878	5724	8710	14890	1924485	175471255	2161985	203141916
8879	821	4361	1460	1924840	175515148	4004013	457189828
8880	3844	4424	9434	1925161	175545398	2251964	214725793
8881	3349	5337	9969	1925170	175546526	2725765	276630964
8882	85	8389	5479	1925280	175560837	0	0
8883	4648	6799	11098	1925316	175565459	2448144	240198157
8884	4496	4888	12712	1925613	175605295	2921857	302971433
8885	1213	4295	4246	1926127	175670232	3669744	408862674
8886	1862	5349	8288	1926138	175672000	0	0
8887	262	3915	5640	1926528	175725829	2422610	237236340
8888	1647	2746	6146	1926913	175774873	0	0
8889	2504	5838	9257	1926991	175785821	0	0
8890	5861	7446	9909	1927286	175823486	3644771	405356148
8891	257	1186	338	1928055	175918784	2049028	190294716
8892	1181	3075	3705	1928440	175955472	1956660	179503389
8893	5840	7145	20421	1928911	175995697	0	0
8894	1479	2429	3621	1928966	176002032	2985817	312229323
8895	2596	7703	11832	1929056	176014008	3618787	401734757
8896	1190	3038	1251	1930337	176170259	0	0
8897	105	2850	1364	1930605	176194553	0	0
8898	5913	6649	16742	1931156	176240206	0	0
8899	223	1528	1858	1931171	176241531	2831478	290765723
8900	629	3671	3909	1931669	176292126	3328527	359332593
8901	4591	8144	8620	1931681	176292788	3963516	451280139
8902	2688	4586	10095	1932296	176352988	4190888	485117676
8903	1197	7499	3374	1933385	176448471	2227247	211664698
8904	3965	6976	6679	1933415	176451442	2027840	187723889
8905	1815	4412	1927	1933528	176461175	2152880	202070697
8906	1876	8334	25834	1933715	176478037	0	0
8907	349	3115	1373	1934035	176521378	2264561	216167139
8908	6061	7035	19027	1934398	176560363	2000130	184482325
8909	803	4261	5835	1934423	176563554	0	0
8910	4243	6823	18855	1934855	176627943	2465450	242542316
8911	5485	8467	5792	1935102	176668583	0	0
8912	1751	2076	2494	1935279	176695106	2935355	304898324
8913	560	8172	6887	1935517	176729370	2588007	258106155
8914	469	2344	1382	1936441	176843356	3094880	327297096
8915	2346	3438	4206	1936703	176870182	2776368	283475917
8916	1299	1919	1191	1936791	176879444	3713301	414751745
8917	2395	6333	6012	1937293	176921547	3658955	407542706
8918	3142	5373	12005	1937452	176933582	0	0
8919	5676	8220	19399	1937532	176941259	3122159	331307390
8920	6361	8704	10324	1938007	176993100	0	0
8921	3046	7934	3637	1938887	177091425	4331522	508488651
8922	1200	3340	3777	1939079	177111945	0	0
8923	4342	5859	8337	1939410	177142547	2057382	191083507
8924	1984	2973	3037	1939515	177151597	2327031	224609462
8925	1626	5964	2835	1939574	177156872	2198824	207900209
8926	2534	7739	3212	1939797	177177913	2553597	253661464
8927	3066	7072	7147	1939840	177182222	3099812	328109817
8928	2772	3038	1021	1940053	177203375	2823991	289745529
8929	1689	6790	3485	1940368	177236079	0	0
8930	3444	6315	4752	1940435	177242649	2228660	211802753
8931	991	1271	1867	1940535	177251961	2647974	266532023
8932	2111	3967	7133	1940551	177253616	2375410	231059605
8933	2265	7029	3817	1941121	177307156	0	0
8934	1056	8624	11234	1941373	177328552	0	0
8935	1658	1992	5020	1941439	177335904	2596919	259495012
8936	1815	3834	4300	1941704	177363184	3218815	344549328
8937	5525	6491	24345	1941919	177384533	3176729	338676679
8938	6683	8475	9052	1942258	177426553	2867203	295733327
8939	8443	8816	30405	1942400	177446240	2440812	239271080
8940	65	3492	1847	1942413	177449396	3295771	355044623
8941	3568	4004	2479	1942624	177486048	2765214	282160153
8942	8747	8807	38110	1943021	177554209	0	0
8943	1868	2728	2406	1943226	177605366	1968891	181064657
8944	7723	8762	19191	1944643	177869917	2440812	239271080
8945	1305	1575	2782	1944849	177903329	2845138	292819129
8946	2456	5972	12830	1944988	177929210	0	0
8947	6778	8844	12030	1945448	178012331	0	0
8948	71	7001	13867	1945741	178066887	0	0
8949	3650	4005	9512	1946174	178148255	3992051	455395010
8950	311	8703	8219	1946371	178184020	2482601	244721026
8951	3120	8740	12964	1946963	178280325	2992506	313129427
8952	6536	7086	15901	1947515	178367380	2283778	218473054
8953	2035	7628	3698	1948822	178548143	2673219	269785165
8954	466	3149	5087	1948857	178552585	0	0
8955	8032	8187	3226	1949412	178615063	2593094	258854831
8956	5172	7308	23193	1949719	178645755	3642418	404912243
8957	3852	8285	4986	1950001	178682484	0	0
8958	708	8313	2737	1950300	178717717	0	0
8959	1355	4311	7446	1950415	178730288	2262184	215882482
8960	8398	8444	8220	1950482	178738910	2308485	222281952
8961	2217	7538	5643	1950791	178777049	2209212	209280165
8962	3225	6326	3049	1951094	178811495	0	0
8963	273	2152	2292	1951339	178837016	2957329	308508491
8964	4295	8376	11438	1951905	178896265	3626837	402807524
8965	3812	7622	13260	1952085	178917178	0	0
8966	1182	3349	4848	1952220	178933580	0	0
8967	2476	6897	14303	1952515	178970201	2855129	294269087
8968	288	5679	8275	1952683	178995404	3318109	357813763
8969	142	693	252	1953624	179123657	0	0
8970	5165	5986	5343	1953807	179143897	3313694	357212281
8971	6885	7886	15819	1954057	179170797	0	0
8972	3795	7578	5916	1954362	179210929	2283204	218389614
8973	5803	6378	8408	1954596	179240160	2323721	224258910
8974	3255	3907	3469	1954625	179244579	2128660	199105661
8975	251	8218	1811	1955295	179331426	2538524	251760124
8976	913	5985	12532	1955445	179347313	2311838	222874673
8977	1011	8332	18967	1955792	179387214	0	0
8978	1347	8336	10650	1956365	179465129	2481974	244648285
8979	1415	2009	2547	1956500	179483757	3388968	368130424
8980	2344	8892	4444	1956660	179503389	0	0
8981	6628	6701	18116	1956696	179509161	0	0
8982	5367	6739	15598	1956836	179531171	0	0
8983	276	8312	6408	1957942	179695947	0	0
8984	4767	8619	10192	1957951	179696872	0	0
8985	2856	2934	1433	1958467	179770926	3245393	347937781
8986	3027	7777	2678	1958769	179805362	0	0
8987	4602	5682	3701	1958791	179807230	2564146	254908004
8988	2313	5519	10522	1959102	179846396	0	0
8989	4573	7845	11658	1959674	179913624	2495145	246343425
8990	552	2803	3334	1959881	179938388	1961633	180176931
8991	3784	6832	28453	1959932	179944741	0	0
8992	4261	8841	9116	1959945	179946953	4321486	507080051
8993	3019	5605	5331	1961239	180130172	0	0
8994	5295	8990	19751	1961633	180176931	0	0
8995	2124	6431	5353	1961772	180193982	2902948	300506366
8996	5602	5968	17218	1962090	180233474	3602709	399620247
8997	7025	7521	15526	1962414	180283885	0	0
8998	2643	4628	5248	1962756	180341976	0	0
8999	1690	7990	10719	1964165	180518364	2166400	203782969
9000	918	6033	9670	1964229	180525458	2313963	223197191
9001	3882	6452	7624	1964607	180572919	2328580	224792010
9002	1165	2147	1295	1964888	180606573	2277280	217670538
9003	2872	5638	2605	1965562	180681491	4288923	501786929
9004	5436	8269	24813	1965730	180696823	0	0
9005	1564	7235	5454	1965960	180729683	2869919	296055604
9006	5278	7873	14534	1966136	180750599	3359053	363956592
9007	1765	2611	5114	1966290	180771219	2513746	248413829
9008	4982	7431	7464	1966373	180784013	2637474	264790984
9009	949	8621	4749	1967225	180900208	2148034	201568131
9010	1593	7071	3215	1967276	180905961	3569206	394241788
9011	86	1146	834	1968033	180989743	0	0
9012	2498	7021	9253	1968675	181043853	0	0
9013	6879	8025	18284	1968854	181060235	2637443	264787722
9014	3134	8943	3656	1968891	181064657	2237886	213122763
9015	445	2395	2420	1969264	181106251	2207756	209080371
9016	5390	8187	8484	1969864	181164300	2668672	269222204
9017	5485	6000	5759	1969976	181174170	2016057	186421776
9018	2315	2764	1365	1970446	181218101	2183092	205658089
9019	1851	8250	9990	1970599	181230501	3044999	320090086
9020	4794	8523	8472	1971862	181338822	2616986	262059983
9021	3365	3436	2896	1971912	181343161	0	0
9022	3090	8556	13036	1972225	181366466	2776080	283445038
9023	3405	5357	17511	1972232	181367011	2517608	248928946
9024	4277	7084	6801	1972725	181421577	2904807	300711882
9025	1159	2752	4912	1972793	181429086	3020411	316682135
9026	2742	3212	5276	1973280	181479787	0	0
9027	7184	7198	36563	1973472	181499286	3187847	340238068
9028	3322	4496	9952	1973801	181545307	2109626	196972029
9029	2703	3707	6395	1974149	181593348	0	0
9030	679	5143	1927	1974191	181600603	2075446	193031799
9031	772	5231	3198	1974525	181641999	2008887	185492948
9032	6811	8046	20631	1974785	181676208	2406046	235263879
9033	562	7383	15435	1975321	181749558	3768746	422572617
9034	3177	8137	4351	1975563	181786422	2565529	255049455
9035	3635	7919	4984	1976471	181915999	2138807	200515770
9036	2846	7906	13554	1976583	181934625	2376451	231192351
9037	2413	4519	3973	1976979	181988258	3923329	445702806
9038	972	2920	3493	1977238	182022248	0	0
9039	4778	7351	7711	1978348	182145595	3415706	371439364
9040	258	8479	4734	1978412	182151760	3744848	419411419
9041	3001	7736	5418	1978771	182187161	0	0
9042	1503	1928	6489	1979060	182215073	4013181	458463639
9043	2589	8427	9549	1979224	182231129	0	0
9044	3468	6841	23415	1979550	182260633	2549011	253040209
9045	4498	5176	6777	1979869	182299440	0	0
9046	2482	5631	4166	1981152	182434188	0	0
9047	1828	6742	7336	1981278	182446026	0	0
9048	3343	8348	4859	1981284	182446522	0	0
9049	5430	5894	10089	1982531	182550556	3764002	421992893
9050	109	6475	843	1982604	182556439	2909760	301318375
9051	3365	5746	10180	1983156	182602356	4317306	506456025
9052	1248	5057	3758	1983307	182613821	2668341	269182948
9053	2784	7438	3236	1983425	182623490	2224691	211415150
9054	4621	6598	9131	1983810	182656182	0	0
9055	6780	8436	14666	1984859	182736249	0	0
9056	1363	4589	7482	1985006	182749920	3446112	375530401
9057	2600	4068	4379	1985177	182767449	2546594	252734598
9058	3917	3977	4732	1985487	182795766	2574810	256358020
9059	1183	6793	3475	1985516	182797777	2066960	192026191
9060	6702	7637	10089	1985979	182835400	0	0
9061	4208	6326	3220	1985986	182836179	4279087	500338107
9062	2050	7608	4877	1986059	182843269	0	0
9063	1514	5711	7429	1986079	182845120	2368417	230217065
9064	1694	8217	8908	1986295	182866372	3923329	445702806
9065	3463	7589	6560	1986700	182906464	2377742	231364498
9066	330	8548	17553	1987109	182946654	2105617	196446231
9067	35	5406	5159	1987230	182960632	0	0
9068	2599	8257	4314	1987351	182977470	2811120	288205549
9069	6973	7096	15930	1987819	183038326	0	0
9070	5172	8855	8570	1988001	183065880	0	0
9071	2778	6142	4280	1988652	183146462	2772194	283059688
9072	904	8260	10919	1989056	183191581	3182022	339572518
9073	193	2942	1802	1990483	183348666	2048058	190211317
9074	3424	4850	3729	1990539	183354953	0	0
9075	5667	8097	16925	1990667	183366062	2825099	289840764
9076	3703	7586	4077	1991031	183406576	2463897	242357798
9077	4483	8440	12404	1991514	183453504	0	0
9078	1012	8830	5502	1991627	183465682	2626116	263211357
9079	3667	4085	7473	1991773	183482457	3866098	437361446
9080	3760	7908	8579	1991800	183485370	0	0
9081	3220	4953	8245	1993085	183631313	2132120	199521759
9082	4941	6636	10804	1993285	183648525	2088399	194308735
9083	3633	6446	19713	1993951	183709115	0	0
9084	6782	8825	11717	1994122	183730909	0	0
9085	4247	7920	12694	1994425	183770897	0	0
9086	3832	5787	16872	1994429	183771075	0	0
9087	658	4971	13359	1995163	183890596	0	0
9088	703	4190	3709	1995496	183943958	0	0
9089	6550	7735	9324	1996261	184043573	4117105	474680473
9090	5204	7910	17053	1997199	184142360	3990169	455148165
9091	3570	6548	16480	1997757	184210483	0	0
9092	4065	4726	12288	1998165	184260296	2526164	250079147
9093	7470	7638	9285	1998382	184283638	0	0
9094	4159	6861	10970	1998740	184330266	3279323	352805731
9095	1200	3979	10296	1999861	184454937	2153280	202109958
9096	485	8908	19690	2000130	184482325	0	0
9097	2235	3363	3774	2000487	184525879	4218329	489183239
9098	177	8675	2456	2001631	184644958	2401894	234674480
9099	5887	7544	8882	2001714	184654207	3246439	348073370
9100	3116	6597	4178	2001942	184678060	0	0
9101	3947	6208	5069	2002662	184742465	3157574	336201027
9102	2970	4001	12948	2003100	184777654	4018266	459287746
9103	6200	7305	17352	2003199	184786182	0	0
9104	535	6580	5103	2003608	184833518	2004128	184885127
9105	3124	3212	2356	2003779	184851436	0	0
9106	37	9104	5138	2004128	184885127	2352304	228066000
9107	212	7969	693	2004346	184906046	2693816	272478524
9108	3614	8547	9999	2004993	184964397	0	0
9109	5606	8452	15563	2005234	184986844	0	0
9110	8269	8299	21010	2005304	184995099	2985626	312203111
9111	1841	6662	12383	2005536	185034126	2870381	296130004
9112	5563	7489	17499	2006073	185111106	0	0
9113	4504	5753	10285	2006507	185178789	2570072	255621284
9114	5509	7098	6686	2006806	185231888	3319746	358059684
9115	3976	5756	7100	2007449	185330931	4370686	514193347
9116	334	1384	2819	2008039	185408284	0	0
9117	4793	9031	5750	2008887	185492948	2987616	312470792
9118	8347	8417	11483	2009116	185515182	0	0
9119	2455	5732	14819	2009240	185528472	0	0
9120	2102	5509	1359	2009272	185531662	4277538	500107167
9121	1481	8224	6295	2009451	185554590	2922303	303033923
9122	3828	8413	12599	2009743	185588345	2872356	296426985
9123	6776	8809	10865	2010410	185672113	3717162	415336431
9124	862	7939	9560	2010594	185695772	2868551	295872953
9125	1690	8167	14288	2011552	185805241	2658485	267939753
9126	897	4047	5846	2012017	185864130	3917124	445014452
9127	4866	8802	10862	2012326	185897113	2086017	194093734
9128	1766	2399	6764	2012422	185910107	3024411	317192933
9129	4039	4872	11049	2012498	185919343	3116221	330519005
9130	2324	2589	9947	2012509	185920162	0	0
9131	4396	7430	6676	2012618	185934492	4076180	468407333
9132	726	3760	5233	2012717	185949485	0	0
9133	2618	6211	8272	2013009	185992933	2424965	237506642
9134	4450	7433	8773	2013397	186053484	2192817	207099029
9135	5360	5905	17100	2013623	186088144	0	0
9136	5416	6091	13219	2013984	186142512	3436712	374302845
9137	1609	7737	6222	2014009	186147232	3948099	449280745
9138	1579	6002	3878	2014517	186224765	0	0
9139	858	7298	2551	2015437	186353505	4334745	508894247
9140	1497	5094	8994	2015918	186406916	3543348	390144547
9141	1043	4291	2017	2015933	186408692	0	0
9142	4437	9017	13494	2016057	186421776	2209212	209280165
9143	2357	4887	4013	2016274	186452048	4245639	493506796
9144	3156	4105	3555	2016420	186469854	0	0
9145	3639	4529	6286	2016511	186482220	0	0
9146	1148	4862	6735	2016866	186522477	0	0
9147	112	6428	10617	2017141	186555963	0	0
9148	105	7168	4167	2017318	186580205	2140562	200714646
9149	1346	7086	3879	2017436	186597070	0	0
9150	1591	6007	3234	2017455	186599411	0	0
9151	1007	6057	9559	2017476	186602793	0	0
9152	6887	8396	6028	2017694	186640498	2101430	195936734
9153	4770	5907	6846	2018056	186692061	0	0
9154	1262	7101	4671	2018434	186741159	2767360	282423986
9155	1176	3945	1121	2018448	186743301	2429608	238011568
9156	5879	7740	7775	2018914	186798565	2178756	205089471
9157	53	2808	8188	2019218	186831436	0	0
9158	3222	3745	12411	2019470	186862528	0	0
9159	1697	7718	1112	2019597	186879551	3334450	360070602
9160	4770	7918	7592	2019694	186890648	2554844	253763874
9161	3248	3453	6913	2019716	186893815	0	0
9162	3508	6350	9555	2020637	187006721	2280179	217979396
9163	4499	7256	3472	2020639	187006726	0	0
9164	1100	7671	7507	2020837	187028810	3081173	325408384
9165	4637	7698	7374	2021248	187075331	3652391	406725972
9166	1085	5348	9961	2021546	187109671	2597282	259547457
9167	3365	6555	3744	2021957	187157904	0	0
9168	1203	6591	7111	2022116	187176118	0	0
9169	6853	8722	16499	2022507	187223350	0	0
9170	146	240	200	2022764	187259956	2453335	240990495
9171	3973	6725	11228	2023109	187300413	0	0
9172	8122	8534	4269	2023883	187386182	2346648	227317012
9173	976	6640	2455	2023887	187386452	2905354	300789378
9174	1507	6528	3867	2025539	187531803	3756691	420971227
9175	305	3073	2236	2025689	187543403	2759782	281336187
9176	97	1937	1644	2025844	187553635	0	0
9177	2287	4260	2439	2026315	187584280	4152426	479843538
9178	4243	7400	18363	2026337	187585689	2534296	251197061
9179	2262	2813	2213	2026618	187611918	2808746	287944117
9180	4002	5192	5304	2026793	187626292	0	0
9181	1472	8838	7799	2026928	187637763	0	0
9182	1036	3502	3792	2027542	187698586	2184447	205860994
9183	1762	2760	11128	2027675	187710615	3898238	442312876
9184	7126	8904	8634	2027840	187723889	3626261	402724536
9185	1667	8061	9188	2028327	187772571	3278695	352740930
9186	3584	5969	23362	2028866	187825131	2508839	247703965
9187	569	5546	5399	2029366	187881930	3338518	360617047
9188	1304	6270	2109	2029527	187899971	0	0
9189	6198	7998	10984	2029762	187922737	4233525	491543390
9190	8025	8269	16742	2029780	187923939	2780582	283920054
9191	251	5823	3544	2030156	187973025	4260409	497189161
9192	6334	6430	10466	2030162	187973272	0	0
9193	1686	5016	6891	2031090	188092716	3358277	363833720
9194	6310	8215	9244	2031928	188174073	0	0
9195	1273	3576	4471	2032193	188201565	2909510	301286579
9196	1411	8588	5001	2032374	188217602	0	0
9197	6066	8024	7841	2032806	188261904	2800884	286846951
9198	644	1139	1366	2033025	188283995	4087533	470249529
9199	4796	6291	6127	2033132	188293770	0	0
9200	5967	6839	17927	2033202	188300811	3864365	437058478
9201	6142	6331	2828	2033815	188373282	2417804	236703408
9202	3628	8444	4817	2033993	188392297	3942294	448511949
9203	2853	3938	5405	2034091	188401779	2189964	206681119
9204	2087	3467	3339	2034308	188424842	2289494	219402793
9205	1147	1192	1555	2034444	188440916	0	0
9206	3396	6668	18906	2034850	188481078	2071322	192466405
9207	5066	8563	24402	2035733	188577666	3810841	428821500
9208	1824	8217	10218	2035783	188582914	0	0
9209	4071	7727	9330	2036103	188628397	0	0
9210	6154	7874	6321	2036161	188636831	3170672	337868574
9211	4338	7533	17240	2036690	188708909	3967325	451819304
9212	3655	4783	11031	2036924	188744796	0	0
9213	1441	3789	3612	2037247	188801539	0	0
9214	3269	5315	31312	2038394	188950140	2333333	225485118
9215	3464	6790	5222	2038876	189018752	4090095	470641119
9216	65	6971	6648	2039146	189056273	0	0
9217	1575	8788	15081	2039515	189107651	2978768	311319319
9218	4578	7033	19506	2039737	189146219	2097642	195404864
9219	1641	1772	3023	2039902	189173242	0	0
9220	6334	7551	15780	2040149	189214132	0	0
9221	232	1686	2625	2040422	189263933	2357503	228745049
9222	3143	4557	18930	2040446	189266965	2689007	271722053
9223	2068	2389	3914	2040534	189285491	0	0
9224	3106	5430	8606	2041711	189468097	3849647	434431015
9225	3004	3847	10832	2042209	189536689	0	0
9226	2929	2990	1375	2043262	189663890	2187101	206265827
9227	6351	8182	12638	2043671	189701193	2627146	263328328
9228	4214	6911	9943	2043939	189725456	0	0
9229	1778	7572	11998	2044087	189739551	4184830	484199550
9230	3846	5179	6628	2044208	189753378	0	0
9231	1059	5028	2685	2044332	189769741	4104697	472864729
9232	7727	7930	13284	2044355	189772308	2362206	229335653
9233	1471	6552	16655	2045107	189879218	0	0
9234	3627	7684	2027	2045463	189931379	2074361	192885654
9235	2487	2840	5798	2045563	189946082	2389017	232973186
9236	410	7467	9092	2045745	189969650	0	0
9237	1682	2748	2635	2046338	190042492	3215540	344145423
9238	4197	5734	6386	2047664	190179673	2719393	275660940
9239	4856	9073	6589	2048058	190211317	0	0
9240	902	7942	5688	2048517	190252428	0	0
9241	2235	2626	2248	2048830	190278660	2711684	274554125
9242	4569	8891	5493	2049028	190294716	3096521	327563446
9243	3171	5909	3222	2049031	190294904	0	0
9244	5861	8284	14946	2049452	190328739	0	0
9245	1895	6154	4508	2049936	190373766	3538243	389486012
9246	3727	7247	5188	2050549	190424446	2422083	237178027
9247	709	4762	9344	2051120	190469874	0	0
9248	2382	5073	5169	2051208	190476960	0	0
9249	2772	5843	2029	2052344	190563304	3767467	422383687
9250	23	7198	7087	2052357	190564157	2499468	246806948
9251	1585	6566	10298	2052405	190567758	0	0
9252	4970	8456	7443	2052612	190582753	0	0
9253	2755	6902	18197	2052628	190584163	2286043	218843701
9254	2090	7114	3125	2052866	190609680	0	0
9255	4885	7930	17684	2053025	190626166	2400364	234479969
9256	7372	8692	11630	2053295	190654831	0	0
9257	1679	6084	11987	2053725	190710620	0	0
9258	6366	6477	10801	2055484	190889354	2507399	247556505
9259	2712	3871	11910	2055811	190916313	4271934	499126240
9260	3052	8563	19085	2055977	190933062	0	0
9261	5562	6812	7895	2056068	190945189	2746018	279470669
9262	1140	2420	2371	2056912	191040634	3253854	349315722
9263	7092	8923	11671	2057382	191083507	0	0
9264	4677	5156	7957	2057921	191134991	0	0
9265	250	5712	10653	2058199	191162538	0	0
9266	151	7534	3547	2058680	191214947	4185381	484303625
9267	2777	7300	4532	2058763	191222687	0	0
9268	1087	6796	2222	2059361	191281137	2415079	236374406
9269	4377	7009	9561	2059558	191299598	0	0
9270	5971	6145	5532	2059877	191331236	0	0
9271	7505	7941	6064	2060338	191375492	0	0
9272	5355	5595	10411	2060350	191376702	0	0
9273	5718	6623	12140	2060672	191410030	3409069	370555991
9274	823	2924	2667	2061372	191486349	0	0
9275	1910	8769	17363	2061935	191537522	2620580	262573107
9276	6660	7280	4262	2062616	191607934	0	0
9277	598	4537	4557	2063039	191646451	0	0
9278	5836	8315	17091	2063060	191647665	0	0
9279	3633	5519	7195	2064181	191759927	2371806	230614675
9280	3862	8693	3197	2064452	191783198	3444331	375317164
9281	2205	5542	9896	2064468	191784518	3439085	374641741
9282	456	2603	4361	2065076	191844191	0	0
9283	3440	7466	12300	2065123	191847937	2269109	216719370
9284	3485	5216	7013	2065431	191877222	0	0
9285	2353	3165	4653	2065654	191900681	0	0
9286	3330	3435	9324	2065962	191931398	2484454	244962215
9287	999	6781	5809	2066858	192018413	3759518	421355531
9288	564	2655	3086	2066956	192025946	2326054	224520916
9289	6825	9059	5571	2066960	192026191	3626261	402724536
9290	3217	4669	5762	2067098	192039626	2577180	256607579
9291	4816	6573	1240	2067167	192044885	3984498	454238703
9292	5118	6852	14683	2067472	192073789	2178783	205092014
9293	652	6456	4423	2067533	192080766	3289327	354258686
9294	602	8096	8195	2067620	192090089	2470274	243276953
9295	188	1605	628	2068086	192144201	3814554	429431131
9296	2243	2863	8062	2069279	192260368	2100609	195816780
9297	1930	1985	4281	2069545	192281684	2209081	209261139
9298	5779	8211	13199	2069734	192302138	3768482	422525347
9299	1287	5539	13961	2069796	192308715	2794017	285875959
9300	2593	4652	4865	2070415	192376655	0	0
9301	1319	4098	7970	2070653	192402009	3659734	407625254
9302	6984	9206	21303	2071322	192466405	0	0
9303	3799	7995	5220	2071467	192484767	2450138	240429503
9304	549	1079	823	2071708	192516232	0	0
9305	4931	7253	9493	2071790	192524500	2797387	286426808
9306	4531	8306	8867	2071878	192535843	3417902	371709869
9307	2551	5403	15828	2072141	192566200	0	0
9308	3152	8005	15346	2072323	192591613	2681685	270749398
9309	5218	5963	12256	2072858	192678016	3859823	436210624
9310	1184	3148	9352	2073586	192782804	3575059	395340220
9311	7609	8141	21410	2074105	192846288	0	0
9312	1393	9234	3259	2074361	192885654	3057468	322051758
9313	1790	8443	15120	2074902	192958852	0	0
9314	3147	9030	6941	2075446	193031799	2368297	230198276
9315	2176	6609	6313	2075995	193093753	0	0
9316	1930	2818	5354	2076146	193113308	0	0
9317	608	8367	5803	2076688	193169764	3433375	373951515
9318	1512	7035	7063	2077372	193245317	2127199	198921203
9319	587	5152	1371	2077488	193256337	4223692	489986036
9320	3230	6856	7338	2077630	193267964	2346032	227219913
9321	2493	3773	3348	2078142	193314763	4385382	516255449
9322	1435	2603	5192	2078385	193334726	2099832	195714235
9323	2941	7169	6475	2078516	193346785	0	0
9324	1090	5108	2064	2078742	193368204	2392281	233396248
9325	1775	4605	5705	2078885	193378842	0	0
9326	1775	6869	4962	2078885	193378842	2345277	227118870
9327	4605	6869	7607	2078885	193378842	2243761	213691780
9328	6175	8221	11526	2079250	193415913	2094387	194949702
9329	2860	4233	7046	2079498	193444114	3916881	444996038
9330	6709	7034	15656	2079992	193495385	0	0
9331	426	3506	9084	2080425	193546747	0	0
9332	3185	8620	12747	2081207	193635155	2177050	204884212
9333	379	8216	12928	2082311	193744217	0	0
9334	2089	7475	2019	2082897	193803518	2605489	260564710
9335	1213	5407	1723	2083063	193822519	2315607	223414987
9336	3049	7718	6390	2083133	193828016	0	0
9337	5569	8369	6187	2083145	193828838	2189567	206623375
9338	2807	8806	6057	2083300	193845133	3632470	403564130
9339	1625	4150	5506	2083310	193846334	0	0
9340	782	3978	2557	2083416	193858201	2150727	201838989
9341	1562	4411	4267	2084288	193943156	2574765	256351953
9342	3199	7217	15461	2084594	193970684	0	0
9343	4942	7141	15562	2085931	194087316	0	0
9344	66	9127	10923	2086017	194093734	0	0
9345	2464	2567	5872	2087066	194201337	0	0
9346	1142	2516	2143	2087312	194221087	0	0
9347	2379	6203	5877	2087328	194222062	2433012	238363919
9348	820	2826	6451	2087729	194254897	2438123	238933000
9349	1487	4179	8176	2088344	194304611	2804283	287295475
9350	7016	9082	24523	2088399	194308735	0	0
9351	425	5893	10141	2089021	194376456	2207626	209063331
9352	192	1484	2483	2089194	194397148	0	0
9353	3931	6390	9099	2090183	194493987	0	0
9354	345	3852	2508	2090553	194526674	2232215	212256086
9355	1297	7854	4199	2090729	194542613	3254722	349437932
9356	2327	4138	15220	2090910	194558704	0	0
9357	3128	3141	5160	2091289	194595670	0	0
9358	8544	8576	11660	2091296	194596541	3687915	411106307
9359	217	5455	3437	2091345	194601948	3139091	333438745
9360	2844	8210	4876	2091504	194619694	0	0
9361	3381	4789	3196	2092117	194689247	0	0
9362	2379	7342	5385	2092464	194726002	0	0
9363	4607	5791	7173	2092585	194737405	3503844	384258527
9364	4601	6176	12565	2092603	194738743	2247215	214147023
9365	4806	6720	18867	2092965	194780213	0	0
9366	1073	3820	2977	2093494	194850715	0	0
9367	110	2122	241	2093521	194853844	0	0
9368	2007	7488	4924	2093765	194883823	0	0
9369	4448	6055	1648	2093778	194885101	3120071	331018392
9370	3202	8695	5907	2094320	194943671	0	0
9371	2377	9328	12637	2094387	194949702	0	0
9372	236	4567	2331	2094762	195000336	2314252	223234983
9373	8763	8869	12670	2094866	195011078	2298860	220704838
9374	1641	8314	18485	2095039	195037457	0	0
9375	3470	4721	8235	2095705	195144597	0	0
9376	5406	6513	14132	2096444	195239081	2774506	283281213
9377	342	7523	18295	2096808	195286814	0	0
9378	4495	6881	20909	2097324	195356207	0	0
9379	3846	8447	4747	2097397	195366703	2313732	223168121
9380	4393	9218	21732	2097642	195404864	2189787	206653478
9381	1360	2186	3129	2097807	195436431	0	0
9382	1295	5978	2180	2098058	195478833	4329842	508251361
9383	3562	4239	5973	2099367	195661435	2478757	244259817
9384	1740	4593	3845	2099535	195678884	3694454	412053664
9385	1815	4494	4283	2099606	195686951	0	0
9386	3251	9322	11308	2099832	195714235	0	0
9387	849	5013	1715	2099960	195731278	2888985	298743902
9388	1128	2878	2972	2099972	195732906	2691235	272073492
9389	5675	8943	9117	2100013	195737694	0	0
9390	2762	2947	8820	2100149	195757030	2597282	259547457
9391	8800	9296	23707	2100609	195816780	2536591	251505496
9392	668	6664	7284	2100708	195831956	4341454	509700550
9393	2307	9152	6721	2101430	195936734	3144221	334142252
9394	96	3477	3257	2101685	195973937	0	0
9395	1932	8281	17838	2102811	196109466	0	0
9396	1522	7086	4530	2103231	196165367	0	0
9397	3168	5270	7133	2103753	196223827	2175794	204712328
9398	5904	7069	22729	2104064	196253641	0	0
9399	2466	8202	10271	2104657	196330959	3309875	356746066
9400	2580	8505	7801	2105349	196414454	0	0
9401	5663	9066	23338	2105617	196446231	0	0
9402	5165	8361	5095	2105975	196497681	0	0
9403	4097	7720	4416	2107010	196639344	4204058	486905068
9404	3243	4341	7234	2107096	196649822	3204314	342482004
9405	4841	8239	11445	2107293	196674575	2733922	277632890
9406	576	7176	2451	2107320	196678966	0	0
9407	836	1548	1176	2107569	196716316	0	0
9408	1199	8419	8238	2107617	196723033	3618106	401659412
9409	5756	8254	7888	2108027	196774132	2264785	216192653
9410	99	3809	1447	2108158	196791999	0	0
9411	3599	7812	11857	2108344	196813320	3231912	346225332
9412	2135	6712	9922	2108767	196874064	2838101	291691689
9413	7263	9028	17100	2109626	196972029	2531074	250708017
9414	980	1237	1205	2109682	196979310	2671798	269633013
9415	3563	6610	11083	2109859	197003341	0	0
9416	3080	3211	9827	2110345	197059368	2804492	287332041
9417	7090	8222	19948	2110873	197117459	2842470	292392131
9418	1737	7915	31824	2112154	197265685	0	0
9419	3094	3575	14950	2112435	197309631	2164696	203565746
9420	459	3455	3003	2112816	197370870	0	0
9421	1243	4001	13017	2113953	197513187	2131518	199433282
9422	334	5683	12051	2114270	197553260	2220718	210855743
9423	3303	4169	8086	2114597	197591138	4341729	509741484
9424	716	2668	1960	2114718	197605400	3960709	450923200
9425	1814	5841	3884	2114747	197609434	2512584	248204744
9426	2237	2900	1569	2114881	197626016	2443982	239755256
9427	914	4976	6360	2114917	197630856	3920746	445395465
9428	1183	1270	2506	2115025	197645304	2657399	267768128
9429	282	3770	3099	2115104	197656013	2201585	208270211
9430	3430	4028	3059	2115580	197719458	0	0
9431	1072	2867	1569	2115582	197719645	2539747	251903837
9432	2602	6474	6859	2115662	197728594	2643490	265845522
9433	2275	6282	9584	2115874	197756190	2419700	236921888
9434	879	6837	6124	2116388	197819605	0	0
9435	4851	5427	6748	2116900	197875875	3657502	407399747
9436	6054	7818	23789	2117017	197888732	2329719	224954945
9437	2214	8123	10751	2117126	197905609	0	0
9438	2543	6627	9258	2117606	197975556	4305759	504768042
9439	4091	6178	6560	2118226	198057756	0	0
9440	2435	5077	6621	2118311	198070146	3015624	316047494
9441	2980	3012	4193	2119172	198171712	0	0
9442	7163	8529	15859	2119465	198200727	0	0
9443	562	4907	10345	2120050	198263794	2549652	253134459
9444	5873	7242	13537	2121238	198382368	3325060	358792885
9445	7071	8618	5626	2121259	198385209	3559741	393016545
9446	1078	1348	3795	2121566	198422389	3324433	358720926
9447	871	1654	1979	2122086	198477772	0	0
9448	3288	7311	4414	2122326	198498234	0	0
9449	75	948	354	2122677	198527640	2664486	268771570
9450	337	5198	8214	2123055	198556198	2403756	234957192
9451	2377	5709	14197	2123095	198559045	3593809	398089465
9452	3302	6786	10854	2123383	198587288	0	0
9453	1662	7737	7590	2123653	198614277	3353815	363081446
9454	1513	3236	5840	2124138	198663366	0	0
9455	506	4036	2547	2125636	198780541	0	0
9456	2710	4590	2607	2125702	198784312	2186271	206114177
9457	3242	7780	25112	2125883	198794161	0	0
9458	5096	5731	15839	2126539	198854683	0	0
9459	4655	6750	2489	2126937	198895754	0	0
9460	2688	9318	8205	2127199	198921203	2362718	229409867
9461	7805	8858	14570	2127274	198929289	0	0
9462	5016	5396	11807	2127755	198991913	0	0
9463	3125	8532	11882	2127978	199020185	3113120	330183739
9464	7824	8974	9247	2128660	199105661	0	0
9465	1364	7464	13824	2129197	199166267	3755052	420773024
9466	1932	2810	3825	2129489	199199791	2495447	246387290
9467	115	6246	6296	2129527	199204312	2208977	209243382
9468	1436	6082	13008	2130215	199281220	2965124	309522090
9469	3619	4992	17297	2130453	199307553	2341950	226696603
9470	2639	2980	8468	2131106	199383486	4166577	481675406
9471	1789	7305	10703	2131411	199420198	3736225	417864495
9472	2779	9421	13481	2131518	199433282	0	0
9473	2204	6113	16569	2131924	199490464	0	0
9474	815	9081	8368	2132120	199521759	4080422	469034791
9475	1726	7262	5455	2132698	199598014	2339737	226452295
9476	2009	2165	4401	2133207	199663454	2478296	244197121
9477	4730	7916	15411	2133232	199667609	0	0
9478	4399	6494	7016	2133521	199709991	2305055	221611347
9479	184	3807	5599	2133933	199765875	3303908	356146991
9480	3040	3730	4078	2133994	199774808	2489825	245505270
9481	1372	7449	12789	2134297	199810457	0	0
9482	4690	6750	3091	2135406	199952980	2748448	279747717
9483	932	5241	13366	2135421	199954984	2616986	262059983
9484	4029	6389	12189	2135725	199990782	0	0
9485	1909	3612	3640	2135976	200022615	4056005	465675036
9486	8377	8763	18745	2136044	200030904	3890923	441127423
9487	1604	7568	34719	2136452	200088334	0	0
9488	6357	7418	17323	2137093	200205699	3086524	326251695
9489	4049	7137	6966	2137096	200206065	0	0
9490	5614	6295	12819	2137101	200207765	2274953	217422740
9491	1444	5912	1816	2137833	200355806	2630421	263730738
9492	4332	9035	8317	2138807	200515770	2605432	260556412
9493	1796	5039	1117	2139184	200569455	0	0
9494	523	875	1080	2139734	200633854	2909231	301260651
9495	173	2835	1487	2139935	200654275	2342598	226776978
9496	570	6678	729	2139948	200655492	2372951	230759623
9497	224	1946	1258	2140149	200676056	4012558	458376973
9498	5053	9148	11447	2140562	200714646	3472898	379752526
9499	313	5762	4374	2140575	200716049	4315650	506190196
9500	3570	6517	17599	2140584	200716583	0	0
9501	1929	3760	5885	2141466	200829025	3533866	388919065
9502	5356	6006	7076	2141617	200844822	0	0
9503	927	5407	1790	2141703	200856974	2417031	236626661
9504	2991	8672	6508	2141933	200883958	0	0
9505	792	3487	1290	2142431	200940836	2640870	265422189
9506	875	3928	5081	2142815	200977243	4226601	490396877
9507	2053	5185	13734	2142829	200978295	3774063	423572848
9508	2185	6917	10700	2142842	200979496	0	0
9509	1462	3085	1913	2142893	200984007	2632095	263983387
9510	4431	6302	9784	2144363	201131623	2759390	281277843
9511	1207	7015	4273	2144437	201137732	0	0
9512	3236	7638	10047	2144481	201141174	2252109	214743320
9513	3712	8503	19163	2144813	201174696	0	0
9514	1241	4789	2082	2145287	201232509	0	0
9515	4833	6075	7067	2145330	201237462	0	0
9516	3453	6192	9317	2145361	201240542	0	0
9517	5615	7012	9385	2145826	201294586	0	0
9518	1116	2048	5385	2146138	201335063	2828794	290406894
9519	2109	8237	10879	2146232	201345230	3828488	431469238
9520	1382	2447	4416	2146266	201348968	3599744	399144711
9521	6749	6751	9246	2146345	201361902	3071769	323991918
9522	5621	7540	10661	2146922	201440296	0	0
9523	5195	8156	7789	2147827	201546152	2752807	280400553
9524	3207	9009	7247	2148034	201568131	2645956	266262043
9525	91	6795	2159	2148368	201604334	0	0
9526	2455	3606	7307	2148945	201660564	2845138	292819129
9527	261	872	289	2148997	201664546	2924843	303430489
9528	4338	6476	8932	2149336	201693013	0	0
9529	627	6861	6595	2149441	201703500	2250866	214610013
9530	5935	8150	5563	2149621	201721772	0	0
9531	6551	7323	16508	2149794	201740355	3542090	389966155
9532	2278	7810	6694	2150632	201828751	0	0
9533	6849	9340	8812	2150727	201838989	3819590	430068684
9534	2544	3600	6619	2150799	201846415	0	0
9535	204	3434	2434	2151201	201892150	2370405	230468728
9536	1325	5919	8950	2151547	201924539	2345643	227162603
9537	5049	7817	15782	2151840	201955738	2215878	210221468
9538	897	6579	5251	2152542	202037276	0	0
9539	1066	8905	2094	2152880	202070697	3746109	419663489
9540	6188	6484	8727	2153157	202097128	0	0
9541	3166	9095	10754	2153280	202109958	0	0
9542	1137	8527	4818	2153924	202180105	2862998	295282067
9543	3702	5239	16147	2154635	202252236	3035978	318919327
9544	2870	4689	17972	2154773	202264644	0	0
9545	1071	3972	1369	2154817	202269630	3880025	439397897
9546	3703	4118	5839	2156160	202409957	3638822	404379514
9547	6258	7536	12383	2156391	202429762	0	0
9548	1	5937	16883	2156610	202450989	2566789	255191011
9549	970	6474	6119	2156836	202480147	2292077	219747601
9550	3996	6177	3141	2156892	202486093	0	0
9551	2122	5389	12006	2157014	202499593	3178007	338895315
9552	3424	8762	6787	2157697	202582837	2581290	257181149
9553	4832	8108	24456	2158603	202678100	0	0
9554	489	1373	1538	2158662	202685940	2294951	220147247
9555	6719	8332	31826	2158880	202712073	0	0
9556	138	7343	4719	2159338	202782729	0	0
9557	1272	8465	24005	2160236	202906740	2559774	254353501
9558	202	6775	1538	2160587	202962243	0	0
9559	3562	5663	6481	2161535	203084908	3512473	385610960
9560	5583	6364	15921	2161763	203110849	0	0
9561	8770	8878	23462	2161985	203141916	0	0
9562	7575	8535	14543	2162664	203255239	2823059	289651994
9563	2226	7831	24090	2163214	203341875	2739062	278503702
9564	2077	5431	2283	2163292	203357050	3691641	411661538
9565	6273	7235	4797	2164414	203529828	2264550	216166347
9566	7873	9419	22812	2164696	203565746	2767273	282410147
9567	1777	2298	1436	2164997	203609470	0	0
9568	3230	8099	6828	2165788	203710093	2417804	236703408
9569	5627	7216	1882	2165823	203713898	2456700	241440749
9570	4621	6726	7686	2166347	203776907	3664901	408233103
9571	3964	8999	19912	2166400	203782969	3819067	429976274
9572	2116	3149	5484	2167073	203876107	3148626	334768783
9573	754	3767	1297	2167329	203908077	3612310	401014303
9574	3019	6899	9799	2167616	203939976	2194247	207315448
9575	1456	1918	4647	2168687	204048086	2737719	278293109
9576	4274	6275	4629	2169255	204097837	2278805	217817768
9577	3526	8299	15426	2169336	204104912	0	0
9578	2335	2816	3564	2169722	204140973	0	0
9579	3358	4268	6957	2170390	204196897	0	0
9580	727	7453	10724	2170693	204217760	0	0
9581	13	1350	893	2171319	204268198	3897723	442233120
9582	2374	4770	3336	2171324	204268480	2970545	310178545
9583	1344	1686	2975	2171514	204280816	3266002	351035177
9584	582	3960	2452	2171659	204291592	2659600	268122275
9585	1928	4813	17718	2171830	204304909	2216592	210326725
9586	1539	5420	7527	2171871	204308456	0	0
9587	4528	8623	16182	2171994	204321606	3685948	410845961
9588	2227	8450	7008	2172623	204392041	0	0
9589	5761	6181	9922	2172847	204418565	2182788	205612927
9590	472	1867	3532	2173126	204448356	0	0
9591	3771	4531	4358	2173269	204462745	4206921	487338760
9592	3555	5795	10167	2174101	204539127	2408808	235607744
9593	5833	6359	10020	2174283	204556015	0	0
9594	3066	4852	4035	2174686	204601342	0	0
9595	1619	5071	16837	2174838	204618508	0	0
9596	1908	5950	3415	2174943	204630373	2227279	211666525
9597	1321	1369	1340	2175645	204698739	2196364	207584231
9598	5666	9397	26356	2175794	204712328	0	0
9599	1451	7681	11123	2176206	204766788	0	0
9600	3787	7772	8016	2176322	204781643	3827577	431325401
9601	8237	9332	22729	2177050	204884212	2844912	292785001
9602	326	4928	2963	2177771	204982624	2889194	298771001
9603	3811	9156	11358	2178756	205089471	0	0
9604	6550	9292	19731	2178783	205092014	2638415	264937151
9605	1045	1056	1904	2179528	205179420	3496912	383168345
9606	8508	8687	42714	2179664	205193644	0	0
9607	3563	3614	9097	2180963	205409517	0	0
9608	2667	8311	5805	2181001	205413502	0	0
9609	1480	2631	5052	2182224	205554911	0	0
9610	647	5692	1509	2182387	205572681	0	0
9611	2806	3222	1513	2182648	205599050	4060540	466182860
9612	5414	6808	18105	2182695	205603124	0	0
9613	6965	9589	24096	2182788	205612927	3835438	432401778
9614	677	897	1668	2182808	205617038	2532813	250990733
9615	4707	9018	2001	2183092	205658089	3228846	345813775
9616	2134	4451	13152	2183195	205674907	3777036	424053892
9617	2480	8226	6163	2183413	205708411	2365714	229771301
9618	2590	3019	6748	2183674	205746516	0	0
9619	3491	9182	6291	2184447	205860994	4428998	523607630
9620	2314	6208	5190	2184604	205881941	2596919	259495012
9621	7597	7621	3660	2184841	205910755	2445996	239969793
9622	4536	7599	15446	2184973	205928027	0	0
9623	5834	7998	21692	2185148	205952859	3805773	428113455
9624	2713	7081	2366	2185621	206026854	0	0
9625	5253	5824	22974	2186186	206099391	2353852	228248936
9626	4713	9456	4610	2186271	206114177	2438093	238927953
9627	143	8080	5813	2186354	206127225	0	0
9628	1303	7871	18812	2186372	206129524	0	0
9629	60	3958	2973	2186457	206145719	2664486	268771570
9630	293	997	1546	2186484	206150390	3196279	341268457
9631	542	8582	8707	2186786	206208898	2387594	232768269
9632	5414	9226	10890	2187101	206265827	3766789	422294778
9633	1184	8599	4859	2188180	206448593	0	0
9634	5662	8786	8991	2188552	206498736	4301334	504041236
9635	3001	7031	6141	2189249	206586909	3137734	333244850
9636	1538	6365	3239	2189255	206587504	3770556	422968677
9637	1214	9337	9735	2189567	206623375	0	0
9638	1111	9380	22395	2189787	206653478	3567420	393964073
9639	3940	9203	10647	2189964	206681119	2317477	223637251
9640	2117	3126	4281	2190646	206781490	0	0
9641	1145	5776	5938	2191072	206842201	2421533	237122053
9642	1139	7178	2805	2191107	206846733	0	0
9643	5325	8079	8449	2191254	206866728	0	0
9644	2226	7070	17739	2191776	206936055	2198361	207828746
9645	541	7028	8432	2191794	206937865	0	0
9646	6127	7418	23666	2192447	207036782	3213052	343746139
9647	992	9134	9673	2192817	207099029	2673219	269785165
9648	416	1958	3396	2193457	207204597	2293094	219888865
9649	5269	9574	16490	2194247	207315448	0	0
9650	1049	2305	931	2194468	207346434	3596172	398597250
9651	1338	2801	7184	2195515	207467828	4180969	483793203
9652	1467	5149	3777	2195556	207473101	3704255	413580720
9653	7318	7938	25046	2195730	207492108	2785781	284650014
9654	4781	5654	2797	2196069	207542398	2901889	300400118
9655	7571	9597	2315	2196364	207584231	0	0
9656	197	2054	917	2196456	207596534	2264785	216192653
9657	2712	2754	5719	2196761	207636306	2657742	267819460
9658	6400	8735	19402	2197324	207702196	4136775	477608670
9659	5220	6449	2892	2197803	207764431	2284739	218629681
9660	3729	9644	19706	2198361	207828746	3387170	367891025
9661	418	5156	8102	2198414	207837139	0	0
9662	889	6548	14617	2198583	207861718	2840777	292131536
9663	4342	8925	4403	2198824	207900209	2347548	227447648
9664	5734	7272	11906	2198866	207906915	2280492	218018698
9665	6356	7254	14458	2200115	208080951	3250206	348653312
9666	4257	7839	6318	2200433	208123688	2955025	308182045
9667	595	5924	1752	2200725	208167197	2964869	309492155
9668	1494	2686	4012	2200767	208172202	0	0
9669	7800	9429	10977	2201585	208270211	0	0
9670	4620	6516	16963	2202128	208333075	0	0
9671	1996	6909	10333	2202839	208419896	2522687	249580335
9672	4885	6299	6842	2203160	208458587	0	0
9673	1114	2647	1762	2203337	208479828	2224009	211332257
9674	4873	8143	21584	2203344	208480034	2996505	313647161
9675	2564	8495	7365	2203470	208499730	0	0
9676	4318	6805	7397	2203475	208500218	0	0
9677	687	6805	5482	2203598	208518335	0	0
9678	670	1003	1325	2204018	208586892	0	0
9679	1872	2027	6519	2204285	208626983	0	0
9680	45	3590	1112	2204472	208655048	0	0
9681	2130	3121	2864	2204557	208668351	2999676	314240968
9682	2948	6233	4466	2204646	208681517	3377300	366669698
9683	6061	7186	24697	2204947	208721547	0	0
9684	390	6579	4479	2205075	208742535	3149408	334871330
9685	3983	8642	7989	2206495	208939266	4135275	477418063
9686	1641	6819	9148	2206730	208966583	3316865	357661851
9687	4704	5832	5124	2206918	208987174	0	0
9688	1131	1151	4185	2207065	209005193	2769927	282781102
9689	7844	9351	19985	2207626	209063331	3823594	430685446
9690	8201	9015	3430	2207756	209080371	3208670	343079686
9691	5469	7207	11121	2207955	209107652	3259536	350013055
9692	3075	3121	3374	2207975	209110835	2243115	213649098
9693	3177	4144	4769	2208480	209181234	3416335	371507820
9694	8435	9467	15141	2208977	209243382	2290918	219600519
9695	8541	9297	6009	2209081	209261139	0	0
9696	297	3102	3128	2209088	209261783	2913267	301753917
9697	8961	9142	19137	2209212	209280165	3265434	350915531
9698	1008	1757	3051	2209235	209284330	0	0
9699	6517	8244	15900	2209645	209354696	2953580	307962301
9700	484	988	1414	2210338	209463895	2774693	283300511
9701	5442	6300	13557	2210491	209485022	0	0
9702	1416	7410	12803	2210897	209548072	2591765	258608903
9703	1764	4105	3449	2210984	209561038	3526547	387886895
9704	2739	5185	10798	2211492	209634991	3852198	434933408
9705	5575	7232	21905	2212268	209735370	0	0
9706	5509	8617	11477	2212277	209736353	2279959	217951738
9707	3017	6539	4319	2212383	209755220	3985465	454375857
9708	1479	2819	5383	2212422	209760083	0	0
9709	1782	7178	3642	2212581	209784747	2249924	214492760
9710	5664	6182	8084	2212661	209799610	2713160	274791705
9711	2836	3184	6162	2213001	209857190	0	0
9712	1159	1727	4645	2213024	209860664	2783048	284327296
9713	1306	2741	1182	2213506	209929519	0	0
9714	6958	8019	5127	2213958	209988602	0	0
9715	4683	8167	17480	2214271	210029460	0	0
9716	4637	5193	4536	2215144	210141158	0	0
9717	819	8335	8210	2215585	210190085	4196888	485919110
9718	1874	1951	5149	2215594	210190532	2539736	251902917
9719	2747	9537	25671	2215878	210221468	3578573	395911614
9720	166	8827	10115	2216174	210265191	3833753	432164969
9721	8069	9585	21654	2216592	210326725	0	0
9722	891	4317	4446	2217500	210464895	0	0
9723	326	7090	4588	2217517	210466871	0	0
9724	6091	8449	18126	2217799	210506731	0	0
9725	4123	4613	6027	2218817	210645708	2521943	249476688
9726	6731	8076	7483	2218954	210660230	4127064	476331352
9727	5661	6170	8926	2219391	210713423	0	0
9728	3290	4111	19292	2220365	210815500	4152848	479881160
9729	1758	6962	3774	2220427	210821685	0	0
9730	339	2930	1373	2220469	210826546	2726079	276681813
9731	3811	9422	15634	2220718	210855743	0	0
9732	1754	8642	8103	2220914	210883832	4354252	511659267
9733	463	6860	7550	2220984	210892330	3237850	346996158
9734	1568	5924	4212	2221016	210897981	4168586	481986222
9735	2231	4693	2647	2222285	211082935	2724912	276513827
9736	6771	9104	9163	2222288	211082945	3207853	342955023
9737	4494	8438	21090	2222325	211087260	3600784	399281761
9738	5289	8481	24158	2223056	211192814	0	0
9739	7793	8381	8662	2223522	211265721	0	0
9740	4640	9673	5468	2224009	211332257	2548446	252972529
9741	3894	4712	8422	2224256	211363812	2974958	310737047
9742	6806	9053	8925	2224691	211415150	0	0
9743	291	4370	2096	2226254	211594658	4170261	482275474
9744	499	2728	1694	2227009	211648828	2889517	298817630
9745	5065	8903	11801	2227247	211664698	0	0
9746	8623	9596	14986	2227279	211666525	0	0
9747	5469	8578	8702	2227442	211684029	0	0
9748	415	1764	2145	2227661	211708059	2456341	241397548
9749	1762	5303	7813	2228051	211745251	2751016	280095026
9750	6117	8930	12708	2228660	211802753	3578095	395835976
9751	30	1003	727	2228727	211810272	2698693	273044502
9752	2703	3347	6993	2229216	211857773	3509272	385158520
9753	5417	9148	10336	2229337	211869327	4030714	461187880
9754	4376	5712	21066	2229459	211880837	0	0
9755	2268	2495	12489	2230058	211949425	3644854	405368349
9756	1490	6197	14327	2230192	211964645	0	0
9757	3450	6715	18266	2230654	212023402	2656415	267619121
9758	4396	7562	14939	2230759	212040157	3441337	374901221
9759	6845	7671	13950	2231740	212181509	0	0
9760	6748	7915	30768	2231807	212189367	2780988	283978904
9761	5810	9354	6071	2232215	212256086	0	0
9762	4381	5367	10323	2232527	212309396	2549652	253134459
9763	8222	8738	16809	2232801	212352383	2526164	250079147
9764	2778	6850	7334	2232945	212375873	2887243	298471561
9765	6133	6774	18137	2232990	212385307	3467158	378859638
9766	3183	8010	3497	2233895	212551362	2262184	215882482
9767	1264	6540	15900	2234380	212622728	0	0
9768	5952	8379	10623	2234533	212646001	0	0
9769	1980	8078	23692	2234920	212705388	0	0
9770	454	1712	801	2235392	212792895	4167959	481896273
9771	1678	8318	2688	2235670	212838364	0	0
9772	2282	8470	8571	2236285	212932070	0	0
9773	6268	9014	10058	2237886	213122763	2526233	250089139
9774	3599	5717	9273	2238567	213188991	0	0
9775	319	2813	981	2238692	213201025	2626851	263295521
9776	548	971	1153	2238768	213207607	0	0
9777	8218	8400	14607	2238843	213214545	3638822	404379514
9778	5977	7003	13354	2238983	213230921	3621934	402189379
9779	865	1995	1687	2239421	213288515	0	0
9780	1645	8299	12812	2240215	213377893	0	0
9781	4386	4751	10195	2240318	213390193	4000088	456646959
9782	1962	4127	6789	2240520	213412013	2476008	243927472
9783	2839	7964	3334	2240795	213444721	2259141	215555225
9784	2299	8714	1001	2242411	213596767	0	0
9785	6828	7783	5794	2242590	213610661	2551404	253415516
9786	192	9692	3445	2243115	213649098	2289745	219433990
9787	1832	4263	3218	2243264	213659927	0	0
9788	262	2867	623	2243383	213667491	3784382	425418000
9789	6118	9327	35435	2243761	213691780	0	0
9790	61	6305	9199	2243984	213718596	0	0
9791	3644	3710	10071	2244488	213785978	0	0
9792	927	1593	2034	2245367	213886092	0	0
9793	4179	8490	17112	2245378	213886965	2347478	227433840
9794	7504	8340	15404	2245395	213887990	2375164	231029793
9795	2519	7747	18769	2245472	213898002	0	0
9796	308	778	654	2245976	213985526	0	0
9797	350	3725	990	2246249	214022240	2866077	295610392
9798	879	1864	2188	2246956	214116111	0	0
9799	606	5783	6692	2247056	214127850	3427348	373003080
9800	1848	9364	15339	2247215	214147023	2388664	232921671
9801	4596	4655	2295	2248020	214253937	2477131	244037200
9802	6151	7057	11168	2248111	214264508	0	0
9803	4405	5358	5967	2248247	214281364	2911651	301564698
9804	3049	8725	15772	2248947	214368582	0	0
9805	1538	7346	9155	2248970	214370983	0	0
9806	1966	4454	2478	2249705	214467216	0	0
9807	1983	9709	7311	2249924	214492760	2465126	242504457
9808	346	2841	7456	2250124	214519299	2517050	248854632
9809	7211	8652	5535	2250174	214525476	0	0
9810	6254	7504	7065	2250465	214563232	3648653	406041419
9811	4431	9529	11961	2250866	214610013	3192245	340795928
9812	556	5091	3621	2251704	214701773	3664887	408231998
9813	363	1085	3987	2251883	214718152	2712288	274655844
9814	5169	8880	10512	2251964	214725793	4041366	463082001
9815	5324	9512	10875	2252109	214743320	0	0
9816	2113	7440	6291	2252286	214768059	0	0
9817	2675	7944	18435	2252339	214774596	2752807	280400553
9818	207	2402	1133	2252811	214848329	0	0
9819	6471	6551	17842	2253445	214930384	0	0
9820	2821	6881	12770	2254032	215009032	0	0
9821	3336	8352	9448	2254664	215091891	3270419	351798307
9822	2867	8552	9901	2254754	215104559	2405917	235248550
9823	4809	8266	9150	2256196	215273909	3360778	364212245
9824	3478	5516	7025	2256347	215289224	0	0
9825	3201	7219	8001	2256375	215292014	3949865	449502794
9826	2424	2918	6865	2256903	215349691	3655439	407136756
9827	724	1259	1440	2256988	215358972	2435706	238621878
9828	706	6333	4384	2257164	215378189	3584099	396768916
9829	919	2378	3499	2257217	215383941	3142046	333856099
9830	2064	7273	8006	2258107	215473760	2694283	272533562
9831	2072	3674	7636	2259016	215544335	0	0
9832	8749	9783	18367	2259141	215555225	2691235	272073492
9833	4111	5365	27011	2259745	215615060	3411480	370886122
9834	1490	2672	5456	2259940	215638888	3485902	381568633
9835	1653	5507	3235	2260054	215651346	0	0
9836	2637	5179	8654	2260825	215740402	0	0
9837	417	5938	13091	2260975	215756151	2294951	220147247
9838	4750	6541	7494	2261813	215847943	2924843	303430489
9839	8959	9766	10943	2262184	215882482	4183986	484111904
9840	1921	7251	2099	2262210	215885699	0	0
9841	676	8486	11633	2262662	215932538	3106464	329234553
9842	1362	8871	19065	2263038	215973195	3063879	322806429
9843	4121	4387	8218	2263049	215974840	0	0
9844	1324	2242	2678	2263145	215989598	0	0
9845	3710	9565	12754	2264550	216166347	3284407	353495187
9846	1723	8907	2269	2264561	216167139	2510528	247906514
9847	9409	9656	8805	2264785	216192653	0	0
9848	1084	8350	5267	2264881	216206085	0	0
9849	302	1912	3351	2266106	216340772	2274525	217384065
9850	4904	6714	10683	2266365	216362952	2361797	229289932
9851	1489	2726	5278	2266442	216372493	2415353	236411125
9852	2274	7413	19395	2266460	216375356	2535030	251300831
9853	1223	5458	10266	2266898	216435009	0	0
9854	539	2131	8371	2267206	216480549	0	0
9855	844	4019	4439	2267546	216524874	0	0
9856	616	2084	2606	2268094	216585120	0	0
9857	5040	8226	7276	2268099	216585377	2456700	241440749
9858	3192	6436	14920	2268345	216611974	0	0
9859	6224	6440	11014	2268375	216617656	4004083	457199287
9860	1757	5139	7064	2268463	216627351	3196680	341319734
9861	5994	8218	11233	2268616	216647604	3243979	347727225
9862	559	7370	9951	2268783	216672048	2518920	249116278
9863	4116	9283	16132	2269109	216719370	3340308	360845867
9864	130	3879	1398	2269766	216818151	0	0
9865	1323	5770	3115	2269883	216833439	0	0
9866	98	6173	1979	2270373	216901153	0	0
9867	4985	5172	4303	2270593	216925680	0	0
9868	8177	8866	21619	2270640	216931111	3849647	434431015
9869	7422	8430	13628	2271516	217040437	3535037	389058537
9870	2025	6010	7809	2272110	217115439	0	0
9871	2705	7354	13841	2272461	217161698	0	0
9872	2870	6571	7084	2273735	217307685	0	0
9873	391	5401	5561	2273745	217308449	0	0
9874	186	4491	1404	2273747	217308558	3048469	320532250
9875	279	4215	5826	2274093	217343765	3465329	378584592
9876	7976	9849	5212	2274525	217384065	0	0
9877	7401	9490	25946	2274953	217422740	2491884	245806387
9878	5816	8612	15028	2276249	217569873	3047024	320351813
9879	6216	9002	1951	2277280	217670538	3031115	318220405
9880	7227	8327	17253	2277534	217691898	2724330	276432007
9881	6761	8084	5201	2278058	217744485	0	0
9882	1396	5067	14872	2278542	217790047	2627729	263394697
9883	1939	6695	4563	2278784	217815638	2678942	270442906
9884	7392	9576	8201	2278805	217817768	2758152	281147488
9885	949	3554	13422	2279161	217857824	0	0
9886	3050	5765	5627	2279174	217859206	2590780	258483289
9887	1789	9529	7758	2279362	217884617	3525363	387700514
9888	4033	9706	12188	2279959	217951738	0	0
9889	5599	9162	11438	2280179	217979396	3716688	415268786
9890	1099	9664	14915	2280492	218018698	0	0
9891	416	4031	2269	2280702	218047999	3490217	382194753
9892	1193	6708	11661	2280926	218082401	4208482	487585175
9893	5289	6631	2445	2281350	218144581	0	0
9894	2836	8522	6281	2281753	218197003	3457693	377472743
9895	4454	4589	5058	2281856	218212987	0	0
9896	2617	4975	4631	2281878	218216297	0	0
9897	260	8073	12739	2282399	218282997	2630480	263737005
9898	8444	8972	7754	2283204	218389614	2317465	223636511
9899	3536	8273	8244	2283292	218401546	4286458	501349233
9900	4426	7002	25507	2283556	218435700	0	0
9901	8101	8952	17705	2283778	218473054	0	0
9902	338	3067	7215	2284667	218618184	0	0
9903	1896	9659	3174	2284739	218629681	0	0
9904	3263	6764	18617	2284763	218633469	2848059	293246631
9905	4952	9017	6324	2285413	218748215	2384404	232337032
9906	5460	5822	14182	2285554	218769797	0	0
9907	5231	5751	11674	2285818	218806833	0	0
9908	2799	9253	19583	2286043	218843701	0	0
9909	5741	6187	21907	2286457	218922278	0	0
9910	777	7090	4517	2287030	219029697	0	0
9911	4574	8594	17704	2287271	219069945	3279756	352852927
9912	2306	5078	12778	2289252	219373120	0	0
9913	2782	9204	4913	2289494	219402793	2652887	267142655
9914	2888	8043	12744	2289667	219422224	2643851	265902773
9915	7405	9786	7180	2289745	219433990	0	0
9916	6605	8698	13330	2290208	219505358	0	0
9917	6480	9694	16057	2290918	219600519	2748681	279768979
9918	1264	3985	6395	2291541	219682156	0	0
9919	2096	2759	4880	2291974	219735326	0	0
9920	7168	9549	10138	2292077	219747601	2385992	232527679
9921	6771	7295	10357	2292103	219751276	3525598	387734113
9922	2707	3147	5508	2292146	219757807	2853165	294044090
9923	1444	8105	7186	2292415	219797187	0	0
9924	1630	8870	5905	2292676	219835052	0	0
9925	7631	9648	12344	2293094	219888865	3098447	327872556
9926	2709	2804	3917	2293501	219945331	2700223	273186823
9927	3636	4957	16175	2293802	219982907	0	0
9928	1698	7191	14738	2294145	220032640	4229672	490847153
9929	9554	9837	14629	2294951	220147247	0	0
9930	73	4066	2808	2295992	220277820	0	0
9931	934	7241	20243	2296477	220326728	2352439	228080180
9932	2635	8370	44447	2296700	220353425	2873380	296607188
9933	2353	4892	13519	2297512	220498730	2631832	263945785
9934	68	2148	2475	2298281	220625445	2408360	235558405
9935	2040	4208	1736	2298435	220643999	2942416	306098371
9936	3165	5715	10631	2298464	220647108	4110664	473717218
9937	5466	9373	19538	2298860	220704838	0	0
9938	611	8569	12517	2298891	220710291	3540280	389753754
9939	386	1418	784	2299379	220799664	0	0
9940	89	8028	30505	2299740	220857709	0	0
9941	1489	4106	3648	2299753	220860851	0	0
9942	1815	9104	5165	2301161	221108716	2350528	227886416
9943	6992	7450	8059	2301762	221191872	0	0
9944	3276	3477	4989	2301897	221211128	2460768	241978197
9945	607	2395	2573	2301938	221216378	0	0
9946	8106	8278	8061	2303365	221374754	0	0
9947	6483	8546	14848	2303415	221378446	3165188	337202745
9948	4513	6061	17103	2303715	221416600	0	0
9949	4714	8619	10128	2304010	221452954	0	0
9950	668	3516	2787	2304269	221486868	0	0
9951	1667	8271	24125	2304645	221533125	0	0
9952	1572	8747	29734	2304719	221542258	4405492	519632055
9953	2648	2899	7494	2304909	221576807	0	0
9954	6586	9478	15330	2305055	221611347	3065650	323075418
9955	1874	6248	4056	2305116	221623445	2441143	239333704
9956	7285	8598	24758	2305233	221647749	0	0
9957	643	7725	17070	2305571	221724383	4023937	460084449
9958	777	4260	2329	2306675	221964933	0	0
9959	7819	8164	25584	2306917	222010020	0	0
9960	710	6152	6960	2308275	222251050	0	0
9961	1790	6056	5552	2308469	222279867	3481790	381034506
9962	4383	8960	8533	2308485	222281952	3652840	406786967
9963	5519	6251	8742	2308851	222337449	2856550	294458948
9964	7958	8463	31400	2309068	222371685	0	0
9965	1587	7601	10180	2310200	222566391	2396991	234031430
9966	3429	8716	13071	2310237	222571866	2536591	251505496
9967	4281	6205	11412	2310305	222586390	0	0
9968	1801	2334	7783	2310763	222669780	0	0
9969	3697	7804	17828	2310818	222681704	2682731	270921623
9970	2035	6958	3888	2311457	222810227	0	0
9971	2848	8976	14595	2311838	222874673	0	0
9972	215	8396	4567	2312173	222937206	0	0
9973	4620	8252	12390	2312858	223048723	3325758	358897545
9974	3501	7550	5070	2313386	223126349	3809141	428554248
9975	656	9379	5475	2313732	223168121	3408862	370532134
9976	1430	9000	10379	2313963	223197191	0	0
9977	3962	9372	6916	2314252	223234983	3143821	334078012
9978	2092	5960	10217	2314524	223274592	0	0
9979	106	3141	2088	2314582	223282754	0	0
9980	6273	7259	5744	2315108	223346062	2458761	241716511
9981	4949	5020	8933	2315459	223392636	2791991	285562094
9982	1727	7461	4408	2315490	223397422	4263891	497820986
9983	745	8262	11693	2315502	223398939	0	0
9984	5912	9335	2343	2315607	223414987	4163458	481356724
9985	476	8035	3790	2317177	223605615	2593094	258854831
9986	2864	8418	7571	2317232	223610978	3112332	330090938
9987	3837	7963	6497	2317352	223624778	3182022	339572518
9988	3851	9898	15117	2317465	223636511	0	0
9989	4029	9639	19830	2317477	223637251	2510795	247930946
9990	2194	4851	1371	2318492	223780764	0	0
9991	5600	8102	4093	2318995	223845574	0	0
9992	2478	3005	4331	2319643	223908727	3623585	402378788
9993	494	2521	1394	2320239	223954390	0	0
9994	1216	7835	8833	2320532	223976018	3094983	327314372
9995	1280	8423	2205	2320704	223989968	2577406	256633701
9996	1405	4975	5851	2320904	224005913	3972681	452573235
9997	160	1095	1412	2320974	224012095	3468847	379162109
9998	1327	4517	2550	2321454	224049136	3482664	381141762
9999	6637	6894	12729	2321588	224060115	4166862	481720718
10000	2664	3509	6848	2321594	224060608	0	0
10001	1881	3202	7683	2322417	224132638	3237394	346938114
10002	2058	4902	1923	2322558	224144196	3325562	358869242
10003	1954	2135	7899	2322667	224153584	3882022	439687723
10004	834	4011	3606	2322719	224158109	0	0
10005	1784	5204	14963	2322825	224166989	2343018	226826563
10006	1834	8316	7544	2323299	224215129	2963742	309340040
10007	890	3116	1836	2323495	224234871	3930994	446867143
10008	3110	7371	3765	2323596	224243109	0	0
10009	1805	3206	5607	2323665	224252057	0	0
10010	7802	8973	15895	2323721	224258910	2474902	243796599
10011	1218	4163	887	2324184	224316903	4283425	501000499
10012	4929	7014	8950	2324825	224390961	0	0
10013	2052	3199	9242	2324880	224396212	4246616	493688635
10014	316	7443	3303	2325308	224445078	3085253	326054636
10015	7228	9288	8293	2326054	224520916	3729064	416968758
10016	5072	5084	3817	2326445	224559647	2508074	247630972
10017	2226	4756	6976	2326940	224600847	0	0
10018	7239	8924	27262	2327031	224609462	0	0
10019	1835	3821	7363	2327067	224614792	0	0
10020	5101	8431	8692	2327583	224678246	2731970	277429860
10021	4234	6346	4781	2328194	224748683	0	0
10022	5985	6565	20526	2328400	224768854	0	0
10023	7993	9001	15776	2328580	224792010	4077224	468552679
10024	4774	6720	16713	2328815	224823879	0	0
10025	4023	9436	29624	2329719	224954945	2995844	313533797
10026	6007	8416	2865	2329752	224959613	0	0
10027	6130	6482	24327	2329908	224985887	2943379	306267446
10028	3252	5832	7675	2331175	225212863	0	0
10029	2242	2489	4117	2331990	225325551	0	0
10030	288	842	2075	2332353	225369539	2541210	252078912
10031	4748	7287	17760	2332425	225377761	0	0
10032	3223	4890	3685	2332814	225424945	0	0
10033	4520	9214	35255	2333333	225485118	2569955	255601736
10034	7115	8062	12559	2334047	225598817	3362692	364524118
10035	2227	3701	4178	2334395	225655949	0	0
10036	1248	7008	12657	2335285	225765078	3045516	320156960
10037	2619	2847	958	2335319	225770393	4219061	489284974
10038	3265	5007	6445	2335342	225774343	3816897	429669149
10039	6005	8368	12207	2335389	225780363	0	0
10040	2273	8322	6094	2336301	225897783	0	0
10041	7596	8637	27668	2336503	225919265	3405710	370145473
10042	922	4107	4008	2336988	225991543	3086543	326254913
10043	6374	7704	44038	2336990	225991644	2835820	291218100
10044	5063	5932	11867	2337942	226179863	0	0
10045	3337	9028	14818	2339336	226398865	3571062	394507326
10046	6951	9475	12996	2339737	226452295	0	0
10047	2066	4722	4541	2341620	226668579	0	0
10048	4015	9469	25175	2341950	226696603	0	0
10049	7365	7424	8458	2342096	226713125	2593330	258894892
10050	262	2760	7214	2342304	226742408	3308682	356621774
10051	4327	9495	2526	2342598	226776978	3574795	395295196
10052	1966	6562	7790	2342678	226785617	3767895	422441601
10053	618	10005	15542	2343018	226826563	0	0
10054	2285	4137	8582	2343056	226830650	2872174	296402753
10055	5039	7492	11637	2344517	227031760	0	0
10056	4344	8016	5153	2344741	227056598	0	0
10057	712	9326	6627	2345277	227118870	0	0
10058	3423	9536	11024	2345643	227162603	4070296	467587257
10059	1701	8952	17345	2345729	227172308	0	0
10060	7697	9320	24965	2346032	227219913	2751016	280095026
10061	1367	6939	5855	2346080	227227942	2967527	309821107
10062	3895	9172	5455	2346648	227317012	4051915	464996240
10063	2548	4386	3832	2346702	227325227	4421863	522376436
10064	1798	5891	12863	2347090	227380137	3571797	394650467
10065	8595	9793	32012	2347478	227433840	0	0
10066	5741	9663	14303	2347548	227447648	2558619	254184160
10067	3740	7518	2359	2347568	227451534	3973739	452698962
10068	1301	4085	3880	2348111	227555931	2395110	233811794
10069	3654	8873	5719	2349261	227737042	0	0
10070	1207	1373	3399	2349825	227811325	3563824	393574028
10071	3852	4761	8269	2350364	227869902	0	0
10072	3912	9942	8560	2350528	227886416	2562598	254740864
10073	3635	4888	7615	2351225	227961156	3867437	437555142
10074	709	3347	1885	2351426	227983666	0	0
10075	3539	6929	5338	2351480	227989687	2493749	246164861
10076	1630	9106	7047	2352304	228066000	0	0
10077	6987	9931	27765	2352439	228080180	2450836	240515176
10078	1345	4524	3020	2352704	228119170	3892333	441394003
10079	3925	4380	7904	2353422	228207284	0	0
10080	1624	9625	24660	2353852	228248936	2572201	255973936
10081	5094	8780	13473	2354270	228309006	2463371	242282882
10082	306	4221	3642	2354811	228381763	4266908	498375000
10083	947	7905	24308	2355485	228459412	4184672	484175943
10084	2201	8198	14837	2355984	228528831	2711088	274469549
10085	5714	6428	11761	2356133	228550130	2705429	273764942
10086	395	2886	4833	2357048	228686146	4027203	460652977
10087	3195	7040	10721	2357153	228698946	2382517	232066192
10088	9221	9409	10513	2357503	228745049	2427734	237793014
10089	232	3530	5208	2358069	228821949	0	0
10090	7623	7961	25137	2358528	228878157	4122514	475631644
10091	97	4214	5064	2358769	228911972	2381884	231976385
10092	8303	9322	14081	2358899	228930287	0	0
10093	7369	8322	8363	2359178	228966343	2566409	255143609
10094	7321	7438	11135	2359272	228979215	3125952	331821809
10095	1325	4687	3283	2359405	229002851	3296442	355125507
10096	1325	8907	1700	2359405	229002851	0	0
10097	4687	8907	4329	2359405	229002851	0	0
10098	231	6507	1689	2359490	229017069	3009973	315407033
10099	3700	4079	5522	2361715	229283224	3708932	414152141
10100	213	9850	10932	2361797	229289932	0	0
10101	2150	4220	4638	2361964	229308902	0	0
10102	3936	7395	3909	2362200	229335074	0	0
10103	5204	9232	28064	2362206	229335653	2401980	234685317
10104	2075	2095	1294	2362285	229345593	0	0
10105	3275	9460	12516	2362718	229409867	2681237	270687642
10106	4821	6158	6245	2362795	229422424	0	0
10107	595	2246	1705	2364316	229617716	4100870	472354851
10108	4991	8351	8643	2364398	229626129	3396547	369077179
10109	4589	6447	9213	2364940	229678797	3683758	410557716
10110	186	684	483	2365051	229690777	2695432	272679775
10111	5399	7599	17510	2365130	229698584	4413271	521070193
10112	5805	7833	7756	2365132	229698629	2628702	263525157
10113	2474	7122	22154	2365696	229769116	0	0
10114	6630	9617	15091	2365714	229771301	0	0
10115	3956	7896	21568	2365991	229811692	2849566	293484200
10116	4291	7419	7648	2366019	229816819	4329403	508185380
10117	5587	5673	18634	2366024	229817278	0	0
10118	2094	5785	1061	2367844	230131823	0	0
10119	6070	7940	21515	2367996	230151011	0	0
10120	2968	9314	7776	2368297	230198276	0	0
10121	8197	9063	10580	2368417	230217065	2704897	273687328
10122	2058	5169	1916	2369160	230330775	3024865	317242436
10123	4002	9535	7588	2370405	230468728	0	0
10124	2727	4915	11557	2370669	230495251	3324913	358772179
10125	318	4913	8867	2371552	230590631	0	0
10126	6237	9059	10465	2371732	230606946	2905295	300781138
10127	6148	9279	10483	2371806	230614675	0	0
10128	3559	6048	7721	2372068	230644044	0	0
10129	1603	8713	6127	2372118	230650395	3868387	437699028
10130	979	6195	3917	2372292	230671166	0	0
10131	7707	7793	8279	2372415	230687416	0	0
10132	1376	9460	9097	2372605	230710879	0	0
10133	1969	3378	4784	2372833	230741886	0	0
10134	8389	9496	6127	2372951	230759623	3852872	435042334
10135	1301	4566	667	2373142	230786597	0	0
10136	4838	9535	6774	2373338	230810449	0	0
10137	5908	7230	12565	2374003	230890433	3884922	440194835
10138	5100	6934	8743	2374431	230944275	0	0
10139	6725	9794	19240	2375164	231029793	3748977	420025105
10140	4786	6559	3444	2375381	231054574	0	0
10141	2565	8932	8034	2375410	231059605	2415079	236374406
10142	4597	5145	7356	2375419	231060375	3522619	387283593
10143	3279	6022	5517	2375866	231122771	0	0
10144	8379	9036	22039	2376451	231192351	3194376	341035350
10145	3500	4031	4167	2377104	231284317	0	0
10146	690	9429	3969	2377114	231284844	3829557	431615694
10147	5340	9597	16506	2377649	231349696	3223591	345119955
10148	7258	9065	9828	2377742	231364498	0	0
10149	5564	8513	21880	2377875	231386438	0	0
10150	6646	7339	7639	2378804	231523975	2754317	280668087
10151	830	7799	4401	2378913	231540882	3609588	400739000
10152	3043	5854	5180	2379125	231571141	0	0
10153	2879	7135	22274	2379253	231590398	0	0
10154	4638	6362	7468	2379616	231656379	0	0
10155	1195	7048	6009	2379671	231663606	2428973	237937188
10156	1398	8392	4061	2380411	231771767	4248628	494294102
10157	5967	6442	25783	2381438	231907071	0	0
10158	2515	7591	13862	2381541	231919283	3491587	382383145
10159	2602	10091	6359	2381884	231976385	0	0
10160	3066	8633	7891	2382329	232039310	0	0
10161	2926	10087	16114	2382517	232066192	0	0
10162	4182	7233	11116	2382879	232130522	2458761	241716511
10163	1514	8096	8506	2384383	232334993	3025784	317356331
10164	4633	9905	17363	2384404	232337032	0	0
10165	928	2054	1884	2384502	232352049	2543681	252390018
10166	336	4653	2744	2385525	232477048	0	0
10167	7796	8720	16141	2385914	232517213	3770556	422968677
10168	4627	9920	13892	2385992	232527679	0	0
10169	1972	9850	11527	2386051	232535130	2680778	270631586
10170	1018	7732	9048	2386494	232600659	0	0
10171	4420	7155	8873	2386586	232614874	0	0
10172	1529	7496	11544	2386620	232620489	0	0
10173	5716	9631	11113	2387594	232768269	0	0
10174	7572	9314	17175	2387902	232810876	3689069	411268223
10175	2382	7426	7382	2387933	232814203	0	0
10176	6225	9800	20534	2388664	232921671	2802804	287067092
10177	6224	9235	13225	2389017	232973186	2872356	296426985
10178	143	5754	1056	2389187	233001459	0	0
10179	1053	5617	2192	2389473	233045365	2497248	246601168
10180	1816	7024	6777	2390214	233146197	3019748	316587456
10181	1381	6781	6077	2390280	233153796	3224513	345245356
10182	2422	3115	3142	2390349	233161959	0	0
10183	742	8001	4222	2390417	233171324	3303908	356146991
10184	6529	6968	4437	2390652	233199377	2810469	288137361
10185	240	6915	4664	2390811	233218545	0	0
10186	6314	7168	15897	2390936	233236417	2827410	290180558
10187	1758	7041	4208	2391389	233297024	3356995	363603257
10188	7011	9324	16728	2392281	233396248	2719007	275603369
10189	993	8310	5944	2392801	233463749	4079666	468911836
10190	1940	5739	8437	2393090	233497334	0	0
10191	997	8601	34693	2393104	233498772	0	0
10192	205	8075	5280	2393381	233554504	3723793	416263950
10193	1612	8315	14699	2394006	233655033	0	0
10194	7754	10068	7424	2395110	233811794	0	0
10195	943	4336	6644	2395459	233858527	0	0
10196	8324	9529	11373	2395616	233877699	0	0
10197	502	3605	2210	2395791	233898987	0	0
10198	749	4448	1206	2396886	234020117	2558619	254184160
10199	5848	7605	23108	2396941	234024909	3905086	443435664
10200	4212	9965	12427	2396991	234031430	3647699	405848070
10201	1650	6955	22408	2397756	234139330	3842242	433256292
10202	6506	9535	5021	2397978	234172725	0	0
10203	4712	7275	14433	2398360	234227390	2826371	290024313
10204	3151	4918	10256	2399246	234348669	0	0
10205	1810	2661	5720	2399521	234383003	2448825	240270837
10206	2570	8627	2866	2399859	234423205	0	0
10207	8812	9255	31424	2400364	234479969	0	0
10208	6220	9098	16752	2401894	234674480	0	0
10209	3183	10103	30744	2401980	234685317	2720517	275862557
10210	2071	5949	4301	2402053	234698217	0	0
10211	649	4654	1844	2402147	234716543	2978290	311251219
10212	5247	6926	7120	2402478	234771800	0	0
10213	1197	2946	4881	2402582	234788852	0	0
10214	3378	8187	5363	2402639	234798485	3739406	418297413
10215	1572	4691	1450	2402824	234829798	3556120	392436650
10216	3017	5756	7297	2403584	234936733	0	0
10217	6859	9450	10482	2403756	234957192	0	0
10218	1732	5830	6107	2403885	234976389	2884191	298092376
10219	1070	1458	2058	2404052	234998134	3779120	424507048
10220	1340	7491	13982	2404620	235077463	0	0
10221	2372	3716	3533	2405019	235134423	4284808	501158231
10222	3125	5170	7222	2405324	235173541	0	0
10223	3043	9822	11646	2405917	235248550	3120407	331064770
10224	489	9032	20914	2406046	235263879	2605489	260564710
10225	3028	5469	3781	2406548	235341536	2883814	298055289
10226	3952	7327	5556	2407116	235419167	0	0
10227	1530	7177	2330	2407128	235421621	3140427	333664492
10228	1947	8127	2830	2407203	235431324	2510355	247890172
10229	5066	9934	13230	2408360	235558405	0	0
10230	2992	6157	5374	2408495	235571883	0	0
10231	4247	9592	18915	2408808	235607744	2477527	244086784
10232	2462	3100	4132	2409803	235718515	0	0
10233	5812	9786	4476	2410001	235739075	0	0
10234	2633	5496	5522	2410082	235746725	2918011	302435081
10235	6780	8794	9439	2410262	235764480	2954841	308155898
10236	3544	7144	7422	2410445	235787901	2892961	299262797
10237	4808	6285	5235	2410562	235800469	4370451	514165490
10238	1783	6670	9256	2410673	235815399	0	0
10239	4791	7718	4390	2410821	235834764	2453335	240990495
10240	564	5362	7083	2410950	235848847	4144387	478723799
10241	4943	6006	12387	2411111	235869045	2866077	295610392
10242	2662	4259	7431	2411193	235882422	0	0
10243	2788	4485	9360	2411479	235932679	0	0
10244	1087	5687	4008	2411862	235984827	3330374	359569680
10245	4286	5733	7140	2412400	236062104	2538767	251784607
10246	4092	4906	6080	2412475	236073488	0	0
10247	4912	5943	20873	2412879	236127160	0	0
10248	712	1618	2024	2412980	236139618	2574765	256351953
10249	4518	6424	6572	2414243	236289633	2639819	265212077
10250	326	5157	11966	2414859	236350962	0	0
10251	3711	8490	14801	2414918	236356156	0	0
10252	9268	10141	10256	2415079	236374406	2491598	245763380
10253	4975	7085	8557	2415098	236376636	0	0
10254	4119	9851	6271	2415353	236411125	2939159	305566822
10255	5259	7919	16380	2415703	236458242	4272884	499296485
10256	5841	9503	5404	2417031	236626661	0	0
10257	9201	9568	9656	2417804	236703408	3309875	356746066
10258	4159	4960	7899	2417943	236716839	0	0
10259	282	4597	4430	2418139	236735967	2870142	296090807
10260	5870	6030	17180	2418289	236751033	0	0
10261	6764	7006	15408	2418660	236794390	0	0
10262	542	4338	4771	2418832	236816299	0	0
10263	2028	5301	14406	2419389	236882541	3149376	334868046
10264	901	9433	10019	2419700	236921888	4116318	474535636
10265	3661	5906	3201	2419935	236951814	4443563	525724887
10266	1398	8824	3146	2420121	236972059	2506459	247483529
10267	1782	6099	6660	2420877	237056050	3194376	341035350
10268	3842	9641	8561	2421533	237122053	0	0
10269	6664	9246	11400	2422083	237178027	0	0
10270	3929	8347	9623	2422088	237178387	0	0
10271	2048	8250	9369	2422343	237205567	3462144	378152894
10272	1252	5388	5414	2422506	237223411	2473856	243690273
10273	4844	8887	10110	2422610	237236340	2476986	244023134
10274	459	4872	9563	2422982	237281162	0	0
10275	3252	4940	6541	2423031	237286540	2788143	285022601
10276	6392	6557	11939	2424273	237429391	0	0
10277	3380	5157	12584	2424531	237454613	3675371	409531400
10278	6637	9133	18165	2424965	237506642	2951910	307672490
10279	2003	2517	4238	2424999	237511736	2558004	254104649
10280	4117	4652	8608	2425517	237574220	3349130	362184584
10281	7276	9234	6359	2426681	237695780	0	0
10282	3782	5303	7840	2427080	237731160	0	0
10283	1154	8727	8609	2427291	237752346	3044270	320003358
10284	5617	6851	4159	2427674	237788429	0	0
10285	5668	10088	10880	2427734	237793014	3640826	404642676
10286	4563	6789	19137	2427975	237818535	2748681	279768979
10287	4415	7118	4259	2427980	237818843	2909589	301293909
10288	1130	1508	2333	2428369	237864565	3290683	354451563
10289	3517	6353	4029	2428525	237882605	0	0
10290	5834	10155	19676	2428973	237937188	2630433	263731202
10291	2104	9155	2838	2429608	238011568	3785844	425636818
10292	191	1324	1427	2429671	238017936	0	0
10293	462	1277	427	2429755	238025516	0	0
10294	961	8221	10161	2430190	238067342	4115487	474401409
10295	1922	7133	12669	2430290	238078429	3832882	432048684
10296	25	5720	12360	2430806	238140034	2864576	295438959
10297	2321	3844	4226	2430955	238159226	2983089	311876029
10298	852	1253	1561	2431930	238265632	3325758	358897545
10299	4908	5965	5986	2432162	238284706	2869845	296042952
10300	273	933	1033	2432172	238285484	3470738	379442083
10301	2162	4717	4634	2432185	238286505	2694447	272552915
10302	5840	7679	10719	2432739	238336843	3265194	350873332
10303	2904	9347	11628	2433012	238363919	4039843	462891875
10304	2180	7678	11722	2434006	238459762	3808047	428408409
10305	6205	9503	6031	2434202	238478271	2469042	243083888
10306	969	7694	6748	2434558	238513070	3226304	345494287
10307	3399	7559	18044	2435301	238581604	0	0
10308	4953	7014	13054	2435400	238591483	0	0
10309	7813	9827	6461	2435706	238621878	2740379	278718410
10310	8314	8867	21066	2435727	238625024	2615568	261855209
10311	2151	2627	5019	2436037	238663982	0	0
10312	257	8680	9339	2436949	238764606	2473578	243661173
10313	6515	6820	25138	2437111	238783672	3988912	454958674
10314	617	4678	3204	2437544	238847661	3191986	340767818
10315	6880	8104	10173	2437632	238859714	2681237	270687642
10316	327	7634	1197	2437713	238871060	2755848	280893989
10317	4088	6890	6998	2438009	238914627	0	0
10318	2500	9626	5069	2438093	238927953	3129827	332270519
10319	4443	9348	8183	2438123	238933000	0	0
10320	3035	3315	9981	2439555	239129172	0	0
10321	812	3695	7921	2439973	239176397	0	0
10322	261	2687	2173	2440106	239191712	0	0
10323	261	3138	945	2440106	239191712	3842787	433352334
10324	2687	3138	2872	2440106	239191712	0	0
10325	8939	8944	49596	2440812	239271080	2961459	308977825
10326	752	9955	4996	2441143	239333704	0	0
10327	4167	8162	16002	2441532	239397545	3267994	351351121
10328	1632	4157	4923	2442490	239547827	3214038	343917364
10329	6131	6982	11526	2442576	239558606	0	0
10330	5970	6574	6468	2442694	239579389	0	0
10331	5066	9426	12324	2443982	239755256	0	0
10332	7168	8458	13313	2444553	239815639	3858437	435959402
10333	755	3388	2444	2445279	239890931	0	0
10334	2931	7682	12730	2445567	239919886	0	0
10335	139	6861	6113	2445569	239920157	0	0
10336	7110	9621	6935	2445996	239969793	0	0
10337	2139	7847	6761	2446078	239978797	3096640	327585335
10338	674	8723	5054	2446129	239983986	3264959	350836356
10339	8386	8891	9096	2446882	240066759	0	0
10340	1655	6787	6458	2447600	240145218	3072291	324061584
10341	4456	8883	18088	2448144	240198157	0	0
10342	3230	10205	8680	2448825	240270837	0	0
10343	3277	6832	26702	2448836	240271997	2933030	304524806
10344	4387	5081	16552	2450097	240424659	0	0
10345	6469	9303	8305	2450138	240429503	0	0
10346	2234	8540	11923	2450520	240475260	0	0
10347	4804	5852	11961	2450804	240510991	2480124	244428043
10348	1959	10077	28638	2450836	240515176	0	0
10349	5662	5947	5462	2451110	240565214	0	0
10350	7101	7398	7996	2451167	240576811	0	0
10351	7877	8059	18236	2451213	240584569	4177428	483360020
10352	5920	7965	5570	2451513	240647309	2576393	256528807
10353	3496	9644	22704	2451826	240708738	0	0
10354	1139	7549	7869	2451886	240722598	2478757	244259817
10355	3470	8810	7255	2452634	240875570	3300500	355747480
10356	789	3810	2242	2452752	240893540	2948283	307172748
10357	9170	10239	4590	2453335	240990495	2839863	292010243
10358	878	9028	10569	2453682	241041443	0	0
10359	5784	7834	15350	2454344	241135329	3571737	394635728
10360	3771	7442	4548	2455035	241223294	0	0
10361	2210	4055	3899	2455287	241256178	3079505	325131963
10362	3557	7468	18737	2455468	241275197	2531629	250790294
10363	7311	7842	9273	2455698	241304804	0	0
10364	3732	6953	8297	2455832	241323093	3606798	400362608
10365	381	4080	7493	2455886	241331424	2950991	307531009
10366	3910	9748	4105	2456341	241397548	3723793	416263950
10367	9569	9857	9158	2456700	241440749	2778505	283684625
10368	637	5264	9709	2457432	241534116	3457693	377472743
10369	3832	5739	20326	2457519	241545562	4416428	521517466
10370	6988	9783	7611	2457739	241576178	4286423	501345093
10371	1476	4573	7051	2458242	241649098	3979655	453501392
10372	9980	10162	16860	2458761	241716511	2570072	255621284
10373	5016	7128	10690	2459378	241805870	0	0
10374	252	3962	4688	2459416	241810255	0	0
10375	1971	4455	3862	2459625	241837206	3229103	345847659
10376	6538	8517	9715	2460437	241942507	0	0
10377	6740	9944	10382	2460768	241978197	0	0
10378	4686	5157	18983	2461769	242086953	3867437	437555142
10379	3753	8451	22763	2461979	242111980	4213655	488489016
10380	2355	4429	6805	2462846	242217306	2617958	262208272
10381	1280	3950	7825	2462910	242223828	2890764	298976725
10382	987	4056	10474	2463305	242275810	3139372	333488481
10383	2359	10081	14524	2463371	242282882	0	0
10384	86	9076	4142	2463897	242357798	0	0
10385	4175	4927	2661	2463905	242358819	3302937	356045729
10386	3584	3751	6659	2464283	242409780	0	0
10387	6227	9807	14620	2465126	242504457	2531237	250730942
10388	1352	8910	19365	2465450	242542316	0	0
10389	1640	9156	10280	2465498	242549831	4343144	509959280
10390	1573	3436	2721	2465758	242588111	2717181	275358653
10391	3017	7761	19819	2466217	242655842	3740473	418506159
10392	5304	6617	5642	2466542	242707885	0	0
10393	6460	7044	20950	2467190	242806276	2632959	264106813
10394	5293	5483	13366	2467767	242896835	0	0
10395	2842	7118	3032	2467970	242927514	2659028	268031955
10396	4871	5304	4095	2468470	242995876	3250206	348653312
10397	7619	7670	19266	2468549	243006289	0	0
10398	8582	8587	25106	2468891	243057700	3346799	361723215
10399	919	10305	6221	2469042	243083888	2735313	277851731
10400	402	7311	4288	2469104	243095716	2948915	307250140
10401	4446	8694	2408	2469542	243169936	3593927	398110619
10402	2076	4073	2138	2469706	243193956	3027804	317650712
10403	3411	4067	3070	2470081	243250752	0	0
10404	1416	9294	8564	2470274	243276953	3501614	383907827
10405	4934	5491	7665	2471300	243416326	0	0
10406	3067	8104	12063	2471354	243423618	4314758	506076501
10407	6311	8539	8769	2472105	243509667	3037142	319102555
10408	3928	8973	12912	2472875	243591911	4452708	527115263
10409	932	3570	2603	2473248	243629707	0	0
10410	251	5785	790	2473518	243656301	0	0
10411	1565	10312	10093	2473578	243661173	3361170	364266118
10412	1635	5614	7475	2473726	243675423	4455125	527547477
10413	1944	10272	5730	2473856	243690273	0	0
10414	976	4662	5247	2474825	243789476	4392544	517173852
10415	1010	10010	17080	2474902	243796599	2678521	270386767
10416	4683	7558	13715	2475206	243830149	0	0
10417	1391	1970	2559	2475340	243845418	0	0
10418	7091	9782	9932	2476008	243927472	0	0
10419	6796	10273	11697	2476986	244023134	3011470	315593922
10420	6696	8672	8718	2477050	244030346	4210895	488014619
10421	820	6612	4860	2477128	244037060	0	0
10422	8861	9801	13049	2477131	244037200	0	0
10423	242	10231	18971	2477527	244086784	0	0
10424	2481	5350	3754	2478023	244160671	4441232	525397165
10425	1830	9476	4532	2478296	244197121	0	0
10426	9383	10354	13842	2478757	244259817	0	0
10427	13	2748	1911	2479430	244345080	3321618	358376390
10428	5949	8431	6467	2479702	244375484	0	0
10429	3611	8329	5128	2479754	244381877	3259023	349959531
10430	159	10347	12099	2480124	244428043	0	0
10431	5293	8859	20326	2481085	244542427	3708389	414078604
10432	936	2310	1405	2481112	244546377	3115246	330414065
10433	7712	8978	17731	2481974	244648285	3014684	315952374
10434	825	8950	8608	2482601	244721026	2734604	277738334
10435	5811	8520	14000	2482880	244754077	0	0
10436	5378	6021	13454	2482901	244756966	0	0
10437	2266	7781	2636	2483604	244848057	0	0
10438	4359	5969	22500	2484077	244906667	0	0
10439	726	9286	10355	2484454	244962215	0	0
10440	1042	4423	5581	2484481	244966554	3388656	368089972
10441	2128	5162	6104	2485243	245068345	0	0
10442	645	9292	14958	2485725	245124967	2759390	281277843
10443	3194	7017	12078	2486496	245217276	0	0
10444	5753	6411	7187	2487474	245318779	0	0
10445	5101	5548	8504	2489030	245440472	2631832	263945785
10446	3611	5678	5155	2489220	245453842	0	0
10447	5331	6338	20937	2489492	245471546	3633896	403727504
10448	4530	6411	1948	2489744	245496206	3346961	361750653
10449	5047	9480	7415	2489825	245505270	0	0
10450	2399	4219	5984	2489831	245505503	2825099	289840764
10451	1969	6442	12203	2490013	245527020	3017828	316322068
10452	5249	5694	22615	2490054	245531903	3314651	357356783
10453	4444	4831	13538	2490236	245557616	0	0
10454	5506	6627	12251	2490490	245595906	2729068	277071678
10455	9536	10252	19206	2491598	245763380	0	0
10456	5815	7426	9731	2491717	245780682	2790874	285397175
10457	7922	8658	18176	2491757	245786841	0	0
10458	9537	9877	41728	2491884	245806387	3454527	376891857
10459	4015	4149	8582	2492415	245922478	0	0
10460	294	1549	972	2493599	246141769	0	0
10461	4076	10075	11357	2493749	246164861	0	0
10462	870	2736	1898	2494362	246250435	3167037	337425858
10463	365	1960	1021	2494822	246305410	2586447	257925597
10464	1294	3752	1606	2494928	246316766	0	0
10465	6863	8989	23123	2495145	246343425	0	0
10466	3572	8610	8638	2495394	246378460	0	0
10467	5085	9466	5123	2495447	246387290	2528026	250350224
10468	5143	10179	3543	2497248	246601168	4134334	477274931
10469	1096	3377	4366	2497331	246608665	2511913	248071644
10470	4590	7201	14801	2498086	246674618	0	0
10471	1903	4921	11665	2498532	246718278	0	0
10472	4439	4711	8203	2499167	246781032	0	0
10473	7055	9250	8838	2499468	246806948	0	0
10474	2617	5022	1715	2499706	246831804	0	0
10475	275	6566	8195	2500098	246869778	3696137	412324572
10476	531	3402	1717	2500506	246906785	2903092	300523352
10477	4102	8910	20392	2500662	246920105	3409069	370555991
10478	1870	3081	3869	2500805	246936904	0	0
10479	5765	7865	12702	2500807	246937099	2814527	288567380
10480	1712	4826	12892	2502031	247068380	0	0
10481	2389	3973	9317	2502204	247088324	3953750	450094602
10482	1657	5134	2876	2502367	247107426	3941469	448361450
10483	4346	5233	7599	2502453	247115843	3509874	385247568
10484	7195	8486	17217	2502594	247130860	3757383	421063196
10485	1189	4059	5248	2502889	247165353	2662807	268594621
10486	4428	6047	4313	2502944	247171558	0	0
10487	760	2801	6469	2503755	247269800	0	0
10488	723	1537	1204	2504563	247345918	0	0
10489	986	3599	5861	2505225	247403854	0	0
10490	20	4397	1813	2505519	247425994	0	0
10491	1544	3655	10490	2506453	247483314	0	0
10492	67	10266	3174	2506459	247483529	0	0
10493	3922	6664	7292	2506899	247515619	0	0
10494	1790	5964	3426	2507085	247530495	3336799	360405486
10495	408	6159	16448	2507132	247534223	0	0
10496	4621	7258	7295	2507369	247553625	2661457	268400964
10497	3008	9258	12551	2507399	247556505	0	0
10498	365	1610	1392	2507643	247584217	3467023	378837752
10499	7422	10016	9817	2508074	247630972	3593053	397968728
10500	7246	9347	9585	2508456	247664102	0	0
10501	8099	9186	27230	2508839	247703965	0	0
10502	2484	10228	5574	2510355	247890172	4338318	509310771
10503	2779	9846	2733	2510528	247906514	3175364	338491894
10504	2679	9989	27308	2510795	247930946	0	0
10505	4473	5186	3684	2511255	247988393	0	0
10506	2456	8688	14825	2511360	248002019	3426034	372750898
10507	3992	10469	13399	2511913	248071644	3371828	365908906
10508	4047	7147	19322	2511929	248073089	0	0
10509	7844	9204	13183	2511957	248077689	0	0
10510	5275	6128	21924	2512014	248090731	2688163	271573342
10511	94	5710	2519	2512281	248147901	2557275	253998952
10512	3725	4041	3624	2512405	248173293	2837330	291540543
10513	2217	9425	4832	2512584	248204744	0	0
10514	6001	7785	6567	2512651	248219942	0	0
10515	643	2125	5120	2512693	248230669	0	0
10516	5881	9015	6130	2513558	248383382	0	0
10517	409	9007	5814	2513746	248413829	3077578	324833134
10518	6701	7794	27888	2514466	248523775	0	0
10519	543	6631	1783	2514759	248571442	3857088	435742341
10520	1796	8320	6098	2516383	248784086	0	0
10521	7053	9808	14915	2517050	248854632	0	0
10522	375	1746	1686	2517196	248872527	3123775	331558631
10523	6038	7831	25803	2517208	248873802	0	0
10524	7188	9023	30918	2517608	248928946	3177527	338793777
10525	5171	9862	14877	2518920	249116278	0	0
10526	1868	4693	1919	2519692	249220150	3809740	428644437
10527	5899	10273	19381	2519752	249226872	2725765	276630964
10528	3311	7194	5435	2520434	249310746	3293849	354828642
10529	1360	8696	1841	2520789	249351684	0	0
10530	682	4507	5788	2521260	249399452	3554898	392216163
10531	8261	8794	20272	2521464	249420355	3025637	317331846
10532	5972	7613	14672	2521851	249464295	0	0
10533	5426	9725	18493	2521943	249476688	0	0
10534	2957	5884	6835	2522173	249510070	0	0
10535	7332	9671	25847	2522687	249580335	0	0
10536	3222	8631	15643	2523325	249688014	0	0
10537	3554	9794	27593	2524199	249821477	0	0
10538	3376	5439	11276	2525742	250033139	0	0
10539	9092	9763	29097	2526164	250079147	0	0
10540	6863	9773	21523	2526233	250089139	0	0
10541	2080	10467	5526	2528026	250350224	0	0
10542	1235	7794	19553	2528289	250376730	2759782	281336187
10543	1951	8407	4326	2529012	250467834	2842089	292333615
10544	2100	8690	17389	2529027	250470065	3890760	441100757
10545	2606	7766	7953	2530073	250604445	2857818	294638663
10546	2277	3836	1780	2530316	250632923	2982606	311824549
10547	7087	9413	26406	2531074	250708017	3425102	372566489
10548	3753	10387	26365	2531237	250730942	0	0
10549	3391	6327	14065	2531325	250745063	2558953	254231850
10550	4445	10362	22391	2531629	250790294	0	0
10551	3593	8124	7414	2531935	250841384	0	0
10552	6519	9614	13232	2532813	250990733	0	0
10553	558	4601	3043	2533436	251087412	2925858	303560698
10554	3643	5412	6464	2533675	251119687	0	0
10555	5013	9178	19474	2534296	251197061	4322653	507255666
10556	2292	2575	4195	2534435	251219059	0	0
10557	1128	4505	586	2534771	251263989	3076567	324674041
10558	6499	9852	21100	2535030	251300831	0	0
10559	2836	4108	5345	2535290	251341043	0	0
10560	9391	9966	36778	2536591	251505496	2736440	278046839
10561	200	6947	7191	2537045	251573789	0	0
10562	375	8975	2091	2538524	251760124	3862228	436651108
10563	7612	10245	15002	2538767	251784607	3218700	344534716
10564	262	8471	7184	2539152	251831636	3915751	444907225
10565	2685	9718	6512	2539736	251902917	2740717	278769077
10566	7101	9431	4453	2539747	251903837	4248822	494371441
10567	2654	4909	5763	2539762	251905564	3198403	341547873
10568	231	9433	9758	2539938	251927352	2829988	290571752
10569	600	2114	3324	2540314	251973634	0	0
10570	2188	4902	1657	2540466	251991308	0	0
10571	6324	8802	8298	2540563	252002433	0	0
10572	1748	8841	3927	2540648	252011608	0	0
10573	6391	8591	15337	2541068	252059731	0	0
10574	6244	10030	5130	2541210	252078912	0	0
10575	2572	3308	7048	2542594	252243391	0	0
10576	245	7813	5182	2542605	252245173	2966315	309679426
10577	3997	4813	13323	2542739	252258912	2825546	289889267
10578	6616	8342	12350	2542981	252290367	0	0
10579	6136	9931	24459	2543032	252297480	2619571	262418295
10580	1159	10165	4258	2543681	252390018	2668672	269222204
10581	5548	5898	6766	2545094	252560352	4099488	472158534
10582	4940	6815	14574	2545110	252561364	2616325	261959521
10583	3108	5868	5324	2545384	252595595	0	0
10584	5741	9433	19484	2545415	252598512	3167756	337513521
10585	5942	9057	18498	2546594	252734598	2604716	260458618
10586	3869	9186	28998	2546842	252759612	2936159	305023733
10587	5110	9232	16351	2547364	252832094	0	0
10588	1145	9740	6275	2548446	252972529	0	0
10589	4469	5489	8723	2548732	253007287	2951910	307672490
10590	4754	9044	33364	2549011	253040209	0	0
10591	9443	9762	20668	2549652	253134459	0	0
10592	7253	8154	9715	2550205	253233364	2591765	258608903
10593	264	7266	4456	2550718	253316265	3230877	346078610
10594	3437	6210	11565	2551002	253355393	2711669	274551784
10595	1502	3701	4122	2551080	253369270	0	0
10596	3763	9785	14354	2551404	253415516	2696384	272796812
10597	7631	8926	12160	2553597	253661464	3994180	455661902
10598	4923	5292	2299	2554733	253755412	0	0
10599	6937	9160	15190	2554844	253763874	2715998	275180776
10600	270	5760	3481	2555219	253799720	2917140	302324449
10601	3781	4586	16173	2555825	253852002	3552701	391772992
10602	3306	6423	13504	2556060	253872784	2759591	281309011
10603	798	6421	2314	2556503	253915360	2593390	258904759
10604	3928	4284	10521	2556736	253937383	2765214	282160153
10605	8007	8755	26937	2557056	253969266	0	0
10606	2416	10511	3438	2557275	253998952	0	0
10607	5752	8820	16314	2557485	254031017	2602609	260183922
10608	3924	10279	5180	2558004	254104649	0	0
10609	1040	7043	1899	2558185	254128219	0	0
10610	10066	10198	15509	2558619	254184160	0	0
10611	85	10549	14146	2558953	254231850	3509810	385234215
10612	2007	4001	12299	2559432	254304819	2913520	301779836
10613	706	9557	24606	2559774	254353501	2611423	261311497
10614	7291	8976	15154	2559916	254382124	0	0
10615	2683	2958	4001	2560635	254498246	3550204	391335989
10616	2165	10072	11928	2562598	254740864	2582826	257406995
10617	2987	7806	15220	2562787	254760662	3824609	430848263
10618	591	8486	11907	2563856	254872462	0	0
10619	793	6616	1230	2563944	254883920	3735478	417793550
10620	1003	3715	2789	2564056	254896956	2867203	295733327
10621	6972	8987	11983	2564146	254908004	0	0
10622	2178	6982	8010	2564702	254968819	0	0
10623	6518	9034	15460	2565529	255049455	4132744	477051934
10624	7698	8704	16260	2566205	255121261	3737685	418025186
10625	2326	6594	9187	2566306	255131417	0	0
10626	5658	10093	12641	2566409	255143609	0	0
10627	8809	9548	17934	2566789	255191011	2914255	301874064
10628	882	8389	6153	2566819	255195511	3484952	381443273
10629	1150	3328	2138	2566822	255195925	2967810	309860744
10630	6491	8155	18933	2568063	255362102	0	0
10631	6765	8069	11786	2568267	255390259	3050424	320816503
10632	735	5730	6639	2569068	255499290	4228713	490691177
10633	345	7431	6620	2569142	255508732	4328451	508057385
10634	1453	7736	4646	2569671	255570676	3767726	422416686
10635	786	4613	3498	2569874	255593332	2816837	288856907
10636	5619	10033	43787	2569955	255601736	0	0
10637	9113	10372	27145	2570072	255621284	4168761	482014955
10638	69	1375	1008	2570141	255635030	3061944	322517811
10639	27	4693	319	2571354	255852557	0	0
10640	4410	7710	7008	2571918	255932747	2699382	273098528
10641	5087	6012	10415	2572008	255944717	2742788	279073560
10642	1189	8505	7923	2572095	255956664	3466038	378675584
10643	7810	10080	28300	2572201	255973936	0	0
10644	4099	4609	7900	2572465	256025275	3135362	332948670
10645	9341	10248	6291	2574765	256351953	3019517	316556327
10646	5607	9058	13638	2574810	256358020	0	0
10647	3787	5367	4069	2574908	256370098	3988750	454937166
10648	1303	2257	2675	2575214	256406472	0	0
10649	766	4555	9481	2576180	256509372	0	0
10650	3946	10352	9615	2576393	256528807	3207853	342955023
10651	1827	7114	2800	2576782	256565909	2702482	273432401
10652	2704	7736	4720	2576792	256567103	0	0
10653	3537	5189	6341	2577132	256602907	4236936	492147875
10654	4935	9290	12237	2577180	256607579	0	0
10655	7269	9995	17705	2577406	256633701	3858339	435943138
10656	2911	2961	2796	2577973	256705495	2717181	275358653
10657	4466	5752	12329	2578321	256746887	4181816	483888139
10658	938	3761	5956	2578379	256752464	0	0
10659	7269	10228	18330	2578508	256768036	2592184	258682306
10660	1064	7597	988	2578886	256816316	0	0
10661	3224	8768	44224	2579458	256880660	0	0
10662	2761	8048	13596	2579551	256895729	3066774	323245135
10663	1	1173	3565	2580277	257025564	3957394	450582763
10664	2089	5964	3017	2580373	257038705	0	0
10665	150	9552	7099	2581290	257181149	0	0
10666	6464	8039	28681	2581846	257256472	0	0
10667	1387	4546	9916	2581966	257275533	0	0
10668	4795	10616	20845	2582826	257406995	3356764	363558625
10669	7482	8364	8169	2583490	257505990	0	0
10670	4047	5228	13912	2584340	257619706	3636161	404029778
10671	1969	8314	17182	2584499	257640748	0	0
10672	3989	5000	4932	2584952	257708162	2907942	301120092
10673	2856	4565	2885	2584955	257708467	2818007	289013530
10674	5113	9576	21134	2585006	257714733	3498998	383469381
10675	4033	4403	2974	2585120	257733134	4204157	486917921
10676	531	7980	5173	2585324	257768527	0	0
10677	3398	7627	13461	2585712	257821548	4219061	489284974
10678	5696	10463	2745	2586447	257925597	4392094	517127257
10679	588	1536	2676	2587227	258021309	0	0
10680	4061	6757	6308	2587386	258043234	3943582	448723508
10681	2752	8913	9425	2588007	258106155	4056335	465717193
10682	6589	8641	9551	2588167	258123415	0	0
10683	6524	7921	27568	2588480	258155926	3713059	414716257
10684	3114	7726	6842	2588670	258189257	0	0
10685	2119	7871	19821	2589684	258336711	0	0
10686	6910	7885	5654	2589815	258354814	3850873	434686029
10687	6005	8621	7631	2590564	258457397	3918158	445101136
10688	7275	9886	13106	2590780	258483289	2918011	302435081
10689	5102	8673	17164	2591472	258565771	3239556	347179322
10690	972	3042	12886	2591567	258579886	0	0
10691	9702	10592	22518	2591765	258608903	3730756	417210140
10692	2050	7872	16633	2591952	258642838	0	0
10693	977	10659	18845	2592184	258682306	3662664	407982454
10694	732	2156	1111	2592455	258739153	2979485	311432821
10695	8955	9985	7016	2593094	258854831	0	0
10696	7554	10049	12291	2593330	258894892	2711669	274551784
10697	7892	10603	25789	2593390	258904759	0	0
10698	4599	7034	23472	2593448	258918874	0	0
10699	2212	6052	6959	2594491	259131910	0	0
10700	3390	4637	4423	2595798	259343787	3462073	378142917
10701	4152	7783	12645	2596025	259373647	2881398	297783859
10702	1234	2018	1285	2596418	259428623	0	0
10703	1618	2915	2011	2596504	259440769	0	0
10704	3345	6415	7422	2596578	259448887	0	0
10705	3813	4058	7320	2596794	259475642	3681056	410198697
10706	8935	9620	10210	2596919	259495012	2646235	266299992
10707	9166	9390	18781	2597282	259547457	0	0
10708	502	9166	10355	2597627	259604057	0	0
10709	2156	7774	5511	2598408	259727055	3320869	358256831
10710	6477	7135	25303	2598949	259793340	4155250	480225811
10711	2916	6157	8189	2599544	259874466	3830526	431751688
10712	2943	4954	4784	2600234	259958232	0	0
10713	4286	5514	5545	2601553	260088532	0	0
10714	2515	9065	12096	2601822	260111381	0	0
10715	1894	2773	891	2601852	260115329	3010033	315413203
10716	2163	4991	7225	2601912	260120508	0	0
10717	8611	10607	25311	2602609	260183922	0	0
10718	1036	4652	5915	2602624	260185536	0	0
10719	331	7360	11395	2602878	260216842	0	0
10720	4110	4729	1999	2603159	260252516	3740473	418506159
10721	520	7061	26616	2603373	260281559	3981441	453778983
10722	2136	5803	5274	2603637	260320787	0	0
10723	9955	10585	22554	2604716	260458618	0	0
10724	3602	5243	5689	2605175	260518956	0	0
10725	169	6714	5624	2605378	260549950	0	0
10726	120	9492	8361	2605432	260556412	0	0
10727	9334	10224	22933	2605489	260564710	0	0
10728	4649	7404	6368	2605701	260600737	0	0
10729	3876	3901	11793	2606322	260706682	0	0
10730	1305	6806	7068	2607004	260809325	2724614	276472106
10731	1720	2727	1809	2607093	260821964	2868065	295824158
10732	2459	8283	9521	2607126	260825807	3445578	375461737
10733	69	7948	1324	2608164	260960318	0	0
10734	1638	4100	3876	2608286	260975894	2750385	279999414
10735	2877	7869	9105	2608867	261036339	0	0
10736	1381	8539	2149	2609130	261063036	0	0
10737	4588	8328	6052	2609314	261081400	3365927	365096709
10738	5017	5481	15829	2609363	261087159	2733271	277558887
10739	364	2066	3120	2609514	261105749	0	0
10740	1010	8018	7004	2609820	261141651	3044270	320003358
10741	222	2150	1131	2609920	261154452	3986248	454497161
10742	261	6857	1432	2610203	261184285	0	0
10743	6780	7952	8722	2610687	261237516	3646257	405629642
10744	2586	10613	26764	2611423	261311497	0	0
10745	2355	7340	5650	2611500	261320649	4321486	507080051
10746	1157	8398	8679	2612121	261402375	0	0
10747	5623	5756	6972	2612183	261410421	0	0
10748	3750	5730	6629	2612212	261415062	0	0
10749	1432	5496	5843	2612494	261451885	0	0
10750	5238	8333	14299	2612722	261484526	0	0
10751	4487	7591	11125	2613091	261536130	3497881	383298916
10752	4628	4719	7096	2613325	261568666	0	0
10753	987	5445	6203	2613551	261598263	3584189	396778554
10754	5693	8187	9450	2614020	261656388	2857918	294652765
10755	2228	7128	6629	2614310	261691142	0	0
10756	6043	7474	7882	2614415	261706063	3436712	374302845
10757	8402	9057	5317	2614892	261768430	0	0
10758	219	4368	4303	2615076	261791508	0	0
10759	7139	9995	9634	2615110	261795164	0	0
10760	949	3906	3867	2615415	261834527	2895586	299568069
10761	8695	10310	24068	2615568	261855209	0	0
10762	7092	10582	17908	2616325	261959521	3008189	315242377
10763	9020	9483	21838	2616986	262059983	0	0
10764	5562	9496	2284	2617838	262191484	3203558	342352516
10765	1259	10380	8119	2617958	262208272	0	0
10766	3357	8664	8656	2618741	262309332	0	0
10767	4228	7732	17192	2619290	262377505	4337872	509252661
10768	1148	4023	6284	2619305	262379521	3918621	445143892
10769	5201	6494	11466	2619444	262398899	3760717	421582181
10770	9324	10579	26523	2619571	262418295	2936127	305016948
10771	9275	9944	22352	2620580	262573107	0	0
10772	1679	3221	5696	2620633	262579667	0	0
10773	5202	5707	7510	2623829	262962392	0	0
10774	2141	6290	3852	2623948	262972910	3088689	326544579
10775	7338	8666	20508	2624273	262998433	3393949	368758176
10776	1618	6579	4220	2624381	263011767	0	0
10777	1036	2008	3900	2624451	263020647	2972890	310465206
10778	3786	6351	10779	2625228	263101644	4077309	468564276
10779	4041	8249	17641	2625265	263105224	3999627	456568970
10780	7440	8229	17586	2625540	263139507	3170555	337852981
10781	1538	7499	2630	2625676	263156056	0	0
10782	2203	9078	6994	2626116	263211357	0	0
10783	2524	9775	5579	2626851	263295521	2742788	279073560
10784	6649	9227	14542	2627146	263328328	2997711	313894891
10785	121	5375	457	2627479	263366602	0	0
10786	6924	7329	13698	2627683	263388604	0	0
10787	9748	9882	17017	2627729	263394697	0	0
10788	4830	10112	14128	2628702	263525157	2825433	289874722
10789	1549	4699	5091	2628960	263559687	2992796	313166667
10790	3820	9491	3336	2630421	263730738	2674364	269907222
10791	3266	10290	22826	2630433	263731202	4091297	470798462
10792	2348	9106	5874	2630447	263733106	0	0
10793	7780	9897	31767	2630480	263737005	3251297	348870809
10794	9933	10445	22023	2631832	263945785	0	0
10795	3378	9509	5707	2632095	263983387	0	0
10796	1191	2774	4655	2632740	264078573	3538243	389486012
10797	4602	10393	22935	2632959	264106813	0	0
10798	5668	6433	9331	2633281	264157902	4131475	476911231
10799	1995	5232	6592	2633291	264159216	0	0
10800	819	5263	3376	2633304	264161564	0	0
10801	5501	6575	7202	2633426	264181172	0	0
10802	2009	7804	12449	2633923	264263202	0	0
10803	4550	6938	15004	2634501	264358143	0	0
10804	324	7447	26872	2635815	264544873	0	0
10805	3717	8873	10231	2635876	264558002	0	0
10806	197	1346	567	2637149	264749466	3027297	317578791
10807	7128	7132	8116	2637284	264766783	0	0
10808	3480	9013	23400	2637443	264787722	3090294	326713319
10809	3696	9008	9487	2637474	264790984	0	0
10810	7919	9063	12226	2638117	264893216	0	0
10811	542	7170	14513	2638317	264923460	0	0
10812	7283	9604	31573	2638415	264937151	3593927	398110619
10813	2320	5824	11537	2638887	265039947	4064326	466613759
10814	1275	7528	4863	2638996	265062885	3450258	376216556
10815	5887	8447	9485	2639470	265150448	3512945	385673649
10816	246	6155	15284	2639783	265204490	4141015	478273188
10817	4519	10249	7588	2639819	265212077	0	0
10818	4761	7239	30316	2640575	265355400	3667081	408513883
10819	6973	9505	11497	2640870	265422189	0	0
10820	3683	7258	14154	2642113	265642341	4230806	491035095
10821	113	5078	10178	2642698	265737604	0	0
10822	6894	8011	8470	2643443	265838839	4420230	522080085
10823	4489	9432	10005	2643490	265845522	0	0
10824	7495	10080	28274	2643522	265849159	3028559	317764692
10825	5460	9914	13130	2643851	265902773	0	0
10826	328	5550	14009	2644175	265960505	0	0
10827	1447	8299	13338	2644322	265989980	0	0
10828	2117	3884	5689	2644330	265992639	0	0
10829	7181	9524	12714	2645956	266262043	2983108	311878672
10830	6870	10706	12390	2646235	266299992	0	0
10831	645	7125	2318	2647143	266419199	0	0
10832	5077	6735	8370	2647252	266432085	3573277	395008596
10833	6130	6152	26276	2647361	266445481	3075664	324506082
10834	530	2426	5453	2647582	266478316	0	0
10835	219	452	445	2647642	266486953	0	0
10836	238	8931	2118	2647974	266532023	3272099	352058085
10837	3634	7470	10510	2648156	266555632	3015624	316047494
10838	916	7823	2544	2648878	266648866	3892558	441433729
10839	3357	4552	3495	2648965	266661286	0	0
10840	2747	6812	16229	2649391	266712106	3103682	328791538
10841	6104	6662	11837	2649738	266753606	3125500	331765142
10842	1400	6470	21234	2650833	266874659	0	0
10843	740	3345	1892	2651052	266899482	3220014	344710870
10844	194	8310	5035	2651206	266915774	0	0
10845	1242	3500	3031	2651572	266956612	0	0
10846	3849	9255	18211	2651667	266967011	3424341	372458267
10847	731	8086	14977	2652074	267015888	3280829	352997629
10848	2511	7040	11618	2652090	267017835	0	0
10849	1827	5978	1279	2652139	267026469	3063049	322681838
10850	5643	6524	19400	2652357	267059726	0	0
10851	8417	9913	8317	2652887	267142655	2880317	297655532
10852	2495	2511	10647	2653375	267206284	0	0
10853	5548	6080	7327	2653888	267274096	3067332	323355151
10854	194	5911	7707	2654129	267303731	4311359	505531723
10855	4347	7419	9136	2654329	267330056	0	0
10856	1696	4254	1269	2654691	267379351	0	0
10857	4717	5727	9343	2654754	267386931	0	0
10858	2068	2185	5439	2654946	267410425	0	0
10859	866	8065	22919	2655101	267428801	3347401	361821609
10860	6652	8020	5668	2655862	267544229	2957329	308508491
10861	383	5768	5731	2655956	267558826	3527252	388014396
10862	1913	9757	19766	2656415	267619121	0	0
10863	4931	8272	15748	2657188	267738208	0	0
10864	6488	9428	9347	2657399	267768128	0	0
10865	5124	9657	6146	2657742	267819460	0	0
10866	642	3063	2075	2657795	267827473	2872798	296507760
10867	974	5226	5271	2657882	267839018	0	0
10868	1799	5776	9341	2657887	267839627	3093514	327090872
10869	834	8622	13494	2657991	267857411	0	0
10870	443	9125	14555	2658485	267939753	2687194	271462716
10871	5764	10395	7644	2659028	268031955	0	0
10872	3297	8483	11819	2659387	268088658	0	0
10873	6900	9584	7906	2659600	268122275	0	0
10874	1969	2777	3381	2659618	268124229	3875272	438692286
10875	6435	7395	6358	2660739	268294557	3161488	336768922
10876	2312	5778	1860	2660801	268302364	0	0
10877	957	8615	28395	2660862	268309148	3870384	437982898
10878	7051	10496	18113	2661457	268400964	3153593	335468413
10879	2111	10485	7596	2662807	268594621	0	0
10880	914	5211	3546	2664050	268732164	0	0
10881	1178	8422	16302	2664371	268759049	3968848	452023654
10882	9449	9629	3327	2664486	268771570	0	0
10883	5346	6906	7198	2664510	268774101	0	0
10884	1842	8022	7075	2665518	268888674	0	0
10885	3573	6004	10125	2666302	268969084	2904982	300730139
10886	36	4497	3678	2666550	268992600	0	0
10887	2809	7296	9804	2666708	269008879	4356959	512071944
10888	4649	6140	8975	2666766	269016170	3287086	353917124
10889	2424	9537	18391	2667590	269100833	3286698	353848259
10890	3974	5091	5086	2667603	269101550	3554102	392063080
10891	1529	1649	3805	2667772	269120265	3606019	400250102
10892	2599	7808	6766	2667977	269141254	4215543	488766194
10893	2285	9052	4006	2668341	269182948	2777144	283556238
10894	6020	7738	19870	2668440	269192713	0	0
10895	4491	4858	2086	2668473	269196472	0	0
10896	9016	10580	12742	2668672	269222204	0	0
10897	837	8866	11050	2668967	269262673	3083866	325848201
10898	4279	5987	2676	2669054	269275150	0	0
10899	3256	7392	7964	2670468	269456265	2694447	272552915
10900	6236	8143	31541	2670511	269461692	2975655	310824793
10901	650	1529	3563	2671114	269552167	0	0
10902	5409	6885	11230	2671754	269628386	0	0
10903	7377	9414	6155	2671798	269633013	3849978	434492727
10904	1626	3722	3200	2671910	269645680	0	0
10905	1177	4349	4290	2672519	269710662	3672218	409146135
10906	1587	8550	3289	2672619	269720980	3076073	324582428
10907	8953	9647	13371	2673219	269785165	0	0
10908	4950	8049	3210	2673539	269817143	2759591	281309011
10909	682	4802	4016	2673860	269853084	3953975	450129275
10910	490	5284	6577	2673951	269862166	3253549	349271859
10911	1165	2131	8321	2674103	269880289	0	0
10912	6310	10790	11139	2674364	269907222	3175188	338469657
10913	2060	9348	9161	2674456	269916885	2989097	312661482
10914	6490	7109	13465	2674600	269934695	0	0
10915	3634	8424	15520	2675272	270025439	0	0
10916	7945	8316	6794	2676002	270116218	2700913	273259197
10917	2805	3048	6575	2676211	270142310	0	0
10918	8468	9989	22310	2676945	270218061	3144362	334163353
10919	2327	3296	6814	2677216	270251404	3571575	394605793
10920	2078	6538	5554	2677359	270266992	0	0
10921	1487	4122	4769	2677876	270321160	2729068	277071678
10922	1964	5195	5002	2678220	270356463	4023937	460084449
10923	3273	10415	19646	2678521	270386767	4451151	526870514
10924	687	5832	5189	2678708	270414871	0	0
10925	8013	9883	6467	2678942	270442906	3122523	331368904
10926	844	7300	3266	2679742	270536150	3609051	400674441
10927	6084	8172	17923	2680464	270601996	2819642	289228672
10928	6744	10169	14974	2680778	270631586	0	0
10929	2133	9663	6054	2680797	270633319	0	0
10930	1685	2967	7984	2681064	270666862	0	0
10931	10105	10315	22689	2681237	270687642	0	0
10932	1774	9584	3638	2681621	270740232	0	0
10933	9308	9647	25019	2681685	270749398	0	0
10934	777	6843	4282	2681821	270773700	0	0
10935	2933	5738	8572	2682633	270906398	0	0
10936	6452	9969	18266	2682731	270921623	3260714	350182877
10937	2720	8455	1594	2683022	270967686	0	0
10938	1018	4386	1664	2683930	271105470	0	0
10939	3562	4764	6966	2683992	271115325	4216047	488840362
10940	3058	5929	5150	2684968	271230878	0	0
10941	7769	8112	23582	2685319	271265015	0	0
10942	733	2728	1880	2686552	271406657	4375996	514998461
10943	1457	10870	17367	2687194	271462716	0	0
10944	1595	4788	9047	2687434	271488799	0	0
10945	5602	6009	14175	2687693	271516127	2797742	286474284
10946	2312	5163	8063	2687953	271546155	3520910	387000057
10947	5264	8383	12041	2688160	271573198	2814069	288507030
10948	3236	10510	26934	2688163	271573342	0	0
10949	7963	8362	10245	2688262	271593914	0	0
10950	4547	9222	19451	2689007	271722053	4269218	498682815
10951	4	7886	13713	2689797	271861157	0	0
10952	519	1715	2624	2689807	271862530	2715577	275134452
10953	2035	5350	4855	2690835	272017217	3442575	375078412
10954	9218	9255	37190	2691067	272045497	0	0
10955	2248	6021	10346	2691131	272056132	4244210	493239343
10956	785	6094	5319	2691169	272061329	3169232	337710274
10957	9388	9832	21339	2691235	272073492	3479391	380660098
10958	1740	1742	5131	2692257	272256775	3166761	337390121
10959	2453	3458	6499	2692285	272260542	0	0
10960	5349	8058	8335	2693147	272392256	0	0
10961	7139	9107	8122	2693816	272478524	2939397	305602940
10962	3366	9830	9977	2694283	272533562	0	0
10963	10301	10899	12598	2694447	272552915	0	0
10964	3748	7637	12712	2694687	272584594	0	0
10965	2158	6892	10558	2695287	272660444	0	0
10966	532	10110	1074	2695432	272679775	2750547	280018849
10967	2940	5391	11268	2695729	272715437	3703154	413399611
10968	1615	10596	14792	2696384	272796812	2922510	303066169
10969	7199	8706	3780	2696505	272813023	0	0
10970	1006	3317	1354	2696894	272864498	0	0
10971	3625	7550	2450	2697310	272912082	3269992	351732481
10972	1702	2504	3847	2698263	273004967	3516938	386276263
10973	1493	3824	4714	2698392	273016898	0	0
10974	3924	9751	1669	2698693	273044502	4445995	526120902
10975	2981	6785	10799	2699201	273083304	3196242	341264908
10976	6713	10640	10411	2699382	273098528	0	0
10977	5095	9762	11404	2699517	273112628	2753227	280478718
10978	1452	4312	5827	2699570	273118417	0	0
10979	7977	9926	11142	2700223	273186823	0	0
10980	3223	8876	7265	2700420	273206126	3285584	353683646
10981	6044	8563	15588	2700710	273237940	3776080	423889972
10982	6963	10916	8945	2700913	273259197	3976470	453039845
10983	432	5847	3391	2701794	273360990	0	0
10984	1973	2484	5339	2702445	273428697	3655770	407181627
10985	4434	10651	5771	2702482	273432401	0	0
10986	4602	6426	3176	2702661	273449938	0	0
10987	5828	7044	18804	2703119	273491946	3018278	316379163
10988	4348	7494	14204	2703134	273493110	2892961	299262797
10989	4893	7203	2822	2703306	273513562	0	0
10990	3894	5748	9072	2704056	273597663	0	0
10991	1177	8943	3170	2704198	273614915	4364409	513327059
10992	3433	3540	9803	2704634	273659823	4348606	510789596
10993	8391	10121	27425	2704897	273687328	0	0
10994	735	3484	816	2705249	273740570	0	0
10995	866	9592	13331	2705403	273761456	4230844	491042042
10996	1311	10085	13135	2705429	273764942	3900923	442783438
10997	595	927	1393	2706540	273919199	0	0
10998	3133	5560	7425	2706639	273929794	3790559	426204772
10999	1259	8616	14144	2706731	273941423	4257513	496647082
11000	6455	9322	15815	2706860	273959467	3022004	316906185
11001	4758	8404	9264	2707936	274108804	0	0
11002	3878	6869	4740	2709358	274267302	0	0
11003	3614	7971	32500	2709405	274271218	0	0
11004	5466	5630	15375	2710837	274443792	0	0
11005	6888	7748	16494	2711044	274465474	0	0
11006	5516	10084	19805	2711088	274469549	0	0
11007	10594	10696	23856	2711669	274551784	2989184	312673744
11008	3642	9241	9559	2711684	274554125	0	0
11009	929	9127	10975	2712275	274652723	0	0
11010	5219	9813	8370	2712288	274655844	0	0
11011	6924	9710	10969	2713160	274791705	0	0
11012	77	6232	1567	2713200	274797392	0	0
11013	6988	7846	17388	2713680	274865077	0	0
11014	2800	6596	14940	2713999	274916868	3733394	417559971
11015	2873	10952	5040	2715577	275134452	3278106	352693308
11016	5970	6714	7724	2715896	275169802	2719427	275667393
11017	1216	10599	15827	2715998	275180776	0	0
11018	6027	6893	10787	2716151	275200057	0	0
11019	4751	6194	28369	2716307	275221821	2895586	299568069
11020	3945	6695	3066	2716865	275310433	0	0
11021	10390	10656	5517	2717181	275358653	0	0
11022	5677	7956	12160	2717907	275462800	3328527	359332593
11023	3088	4156	4259	2718149	275493512	0	0
11024	5518	7936	6425	2718709	275565703	0	0
11025	2549	3369	10288	2718775	275572998	3462144	378152894
11026	1899	10188	18105	2719007	275603369	2869178	295944464
11027	1876	5390	10985	2719347	275653549	0	0
11028	4807	9238	10714	2719393	275660940	2885077	298206469
11029	6404	11016	18337	2719427	275667393	0	0
11030	1567	2726	9035	2719975	275767478	0	0
11031	2388	7860	3706	2720041	275779009	0	0
11032	3904	10209	35255	2720517	275862557	3267994	351351121
11033	224	7529	1876	2722382	276173084	3264959	350836356
11034	311	7762	12868	2722886	276235087	0	0
11035	7226	8334	22794	2722987	276247032	3043290	319881121
11036	618	9880	17832	2724330	276432007	0	0
11037	7882	10730	12448	2724614	276472106	3598499	398974105
11038	3326	8588	5070	2724849	276504799	3636747	404118267
11039	7544	9735	5455	2724912	276513827	3279756	352852927
11040	8881	10527	29350	2725765	276630964	0	0
11041	6323	9730	12094	2726079	276681813	0	0
11042	3936	7667	11146	2727428	276875223	0	0
11043	2244	6662	8247	2728428	277003853	0	0
11044	10454	10921	17020	2729068	277071678	0	0
11045	3844	4855	4717	2729182	277083838	3693334	411892735
11046	6622	9692	5433	2729240	277090134	4062548	466381518
11047	4516	10616	17426	2729756	277151667	0	0
11048	1517	3244	6033	2729884	277168417	3525363	387700514
11049	2186	7445	5140	2730059	277188880	0	0
11050	4845	7237	12524	2730145	277202157	4062701	466397189
11051	969	3696	2787	2730198	277208135	3836305	432537961
11052	3269	5328	9250	2731265	277353769	0	0
11053	4468	5757	2304	2731351	277363196	3122159	331307390
11054	5724	10020	9327	2731970	277429860	0	0
11055	3099	6146	2542	2733224	277553923	3178732	339048131
11056	4785	10738	23787	2733271	277558887	0	0
11057	101	4402	4851	2733503	277585247	0	0
11058	2163	8253	5295	2733620	277598235	2794432	285940641
11059	196	7561	10910	2733862	277626497	0	0
11060	8258	9405	19194	2733922	277632890	0	0
11061	1623	8328	7062	2734192	277676449	3429799	373415700
11062	6300	10434	18356	2734604	277738334	0	0
11063	5766	6813	19404	2735044	277807432	0	0
11064	3808	10399	7808	2735313	277851731	0	0
11065	6298	7045	14893	2735702	277912913	3050913	320907750
11066	885	9955	4441	2735705	277913205	3497881	383298916
11067	7375	10301	14590	2735908	277950176	0	0
11068	2012	10560	40286	2736440	278046839	0	0
11069	6632	9575	12452	2737719	278293109	3975213	452863223
11070	4025	4533	7424	2738115	278360417	0	0
11071	36	6859	2306	2738519	278426560	2984500	312067634
11072	3242	9563	30174	2739062	278503702	2847059	293094567
11073	1254	9348	7562	2739686	278608592	3010033	315413203
11074	1263	3508	7276	2739863	278634641	3683278	410499257
11075	2671	5845	7868	2739890	278638312	2902806	300489620
11076	1395	2304	2096	2739977	278653728	0	0
11077	950	10309	6937	2740379	278718410	2898233	299960769
11078	1842	3465	9644	2740638	278756538	3959860	450810614
11079	280	10565	6632	2740717	278769077	3384316	367552745
11080	3170	8379	13667	2740804	278781297	0	0
11081	3228	7540	8502	2741180	278844503	3148139	334704477
11082	1682	7043	1390	2741368	278878678	0	0
11083	61	5915	3122	2741841	278949382	0	0
11084	857	9985	4084	2742249	279006478	3665331	408292251
11085	10641	10783	15994	2742788	279073560	3284407	353495187
11086	1897	4484	1593	2742955	279095772	4139282	478035207
11087	7178	9535	4351	2742960	279096169	0	0
11088	717	7790	6909	2743446	279159050	0	0
11089	1601	6133	16901	2743761	279199395	0	0
11090	5744	7236	16529	2743779	279202290	3326402	359003302
11091	689	1819	1631	2743816	279208233	4445502	526033944
11092	2328	4963	4749	2745033	279368098	0	0
11093	991	2703	5645	2745317	279395396	4297152	503260894
11094	5007	7126	7797	2745993	279468690	2818427	289069824
11095	5454	9261	19931	2746018	279470669	0	0
11096	126	3752	914	2746169	279489464	0	0
11097	5935	8774	13283	2746552	279537221	3477322	380311465
11098	675	10469	4574	2746963	279593233	3163422	337010178
11099	2763	7055	5075	2747535	279657644	0	0
11100	410	9482	3451	2748448	279747717	3050791	320885492
11101	9917	10286	35194	2748681	279768979	0	0
11102	1199	6634	10174	2749178	279840983	2750804	280059914
11103	3572	6315	7904	2749425	279874319	0	0
11104	1988	3568	1064	2749560	279892563	0	0
11105	1486	1676	5183	2750086	279965670	0	0
11106	1119	10734	4750	2750385	279999414	0	0
11107	6593	6822	6563	2750489	280010867	0	0
11108	8573	10966	17052	2750547	280018849	3200546	341889135
11109	6585	6720	17740	2750750	280050829	2884108	298082053
11110	564	755	1537	2750760	280052395	0	0
11111	7714	11102	13364	2750804	280059914	0	0
11112	9749	10060	32778	2751016	280095026	2834125	291003572
11113	2345	7445	6020	2751816	280246253	0	0
11114	1533	10734	4397	2752446	280348054	3110890	329886411
11115	9523	9817	26224	2752807	280400553	0	0
11116	4770	10977	13987	2753227	280478718	4031814	461342870
11117	2488	2803	6824	2753516	280533227	0	0
11118	1758	8822	7522	2753802	280582503	0	0
11119	1268	10150	9486	2754317	280668087	2902806	300489620
11120	3682	7273	10467	2754548	280707009	0	0
11121	4947	10316	5217	2755848	280893989	2973734	310575437
11122	1158	3970	11490	2756250	280936758	3601051	399326826
11123	3656	8926	6293	2756783	281001750	0	0
11124	833	3884	6004	2757163	281043030	2777873	283626696
11125	1943	3953	5084	2757358	281063586	0	0
11126	2835	8325	6956	2757716	281101816	3446807	375646650
11127	424	646	298	2758036	281135574	3618921	401754693
11128	8537	9884	16679	2758152	281147488	0	0
11129	3984	7705	6652	2758994	281234619	3672444	409170848
11130	5479	8639	6515	2759080	281243345	0	0
11131	1646	7280	3976	2759289	281267406	2919696	302686321
11132	2994	7667	14557	2759374	281275699	3362172	364429941
11133	9510	10442	24742	2759390	281277843	0	0
11134	10602	10908	16714	2759591	281309011	4294148	502761502
11135	4944	5894	8052	2759780	281336172	4418258	521804362
11136	9175	10542	21789	2759782	281336187	4274196	499536214
11137	6892	9182	12027	2759890	281360807	0	0
11138	1591	5567	1841	2760441	281475817	0	0
11139	3812	4080	9065	2761540	281646493	3313327	357156101
11140	1308	3442	4968	2762224	281738109	4004160	457213051
11141	2492	7925	6147	2762227	281738312	3099945	328138073
11142	7871	8409	20427	2762718	281803987	0	0
11143	2998	5389	12890	2763122	281860419	0	0
11144	1133	2626	4876	2763635	281935115	0	0
11145	5449	6682	11281	2763724	281947268	2881193	297760367
11146	2231	5717	6980	2764042	281990603	0	0
11147	4703	7232	11679	2764197	282012223	3143444	334023908
11148	8941	10604	13000	2765214	282160153	3959854	450810092
11149	4155	10088	13193	2765390	282182463	3456739	377308945
11150	1384	5262	4967	2765754	282231019	4305662	504755872
11151	1084	6919	1363	2766242	282288556	0	0
11152	166	7931	1575	2766315	282298465	0	0
11153	3330	8098	13058	2766513	282321864	3672444	409170848
11154	1328	3789	2967	2766933	282371053	0	0
11155	2380	9016	11391	2767083	282386720	0	0
11156	6539	7149	5020	2767177	282397023	0	0
11157	8667	9566	37886	2767273	282410147	2969785	310078589
11158	9154	9320	12009	2767360	282423986	3025511	317314033
11159	426	4461	4413	2767412	282433230	2875340	297001217
11160	1006	2921	7054	2768911	282663002	3632470	403564130
11161	2565	3023	4026	2769500	282735286	2819357	289191581
11162	4790	5378	7536	2769711	282756395	0	0
11163	8309	9688	12786	2769927	282781102	0	0
11164	7878	8309	23331	2770199	282817201	3248160	348297147
11165	38	5273	4075	2770883	282907660	3027804	317650712
11166	4897	5490	16561	2771873	283019655	2879125	297501812
11167	786	3051	4706	2771910	283025487	0	0
11168	1322	9071	4558	2772194	283059688	0	0
11169	4886	5679	9317	2772758	283120624	3208634	343071767
11170	2614	2619	2680	2772851	283128910	4443289	525691254
11171	1318	6652	5534	2773316	283174742	0	0
11172	4482	8514	9872	2774496	283280607	0	0
11173	5706	9376	17168	2774506	283281213	0	0
11174	2056	8392	5780	2774528	283283290	4013799	458554977
11175	7807	9700	5762	2774693	283300511	0	0
11176	356	6908	4012	2774915	283324833	3903451	443192387
11177	2144	5446	13389	2775722	283407928	4155250	480225811
11178	2421	9022	14804	2776080	283445038	0	0
11179	8915	9505	5496	2776368	283475917	2804492	287332041
11180	6961	10893	6933	2777144	283556238	0	0
11181	6141	11124	8956	2777873	283626696	0	0
11182	656	2058	1566	2777976	283635787	0	0
11183	2231	2663	2990	2778287	283667363	0	0
11184	1851	10367	12806	2778505	283684625	4237604	492254512
11185	1025	2896	4298	2778652	283704900	3063879	322806429
11186	3824	6658	5209	2778946	283732746	0	0
11187	5081	9762	21069	2779156	283751121	0	0
11188	1507	2957	4283	2779237	283760451	0	0
11189	1070	5073	2707	2779287	283765997	0	0
11190	1482	5765	3422	2779326	283770501	0	0
11191	4855	5454	15048	2779427	283780753	2914759	301958103
11192	592	6243	3718	2780018	283857331	0	0
11193	5415	5928	5601	2780025	283858178	3985465	454375857
11194	6859	9190	19010	2780582	283920054	3475296	379992594
11195	6523	7609	18980	2780623	283925129	3739428	418300256
11196	578	9760	31503	2780988	283978904	4032242	461418680
11197	1413	1844	2282	2781332	284044091	0	0
11198	3098	7537	15442	2781464	284066941	0	0
11199	2625	8834	5850	2782837	284297516	0	0
11200	1134	9712	6443	2783048	284327296	3216769	344320916
11201	1258	2719	6408	2783306	284362603	0	0
11202	5934	6154	4360	2783583	284398571	3840307	433010954
11203	4573	7018	9491	2784390	284495844	3949032	449392416
11204	737	7779	3350	2784570	284515828	0	0
11205	2095	7039	5847	2784807	284543526	0	0
11206	1576	9883	6006	2785179	284584578	0	0
11207	3944	5503	3011	2785572	284626678	4031269	461250076
11208	7702	9653	31626	2785781	284650014	0	0
11209	6735	8273	8340	2785929	284669505	3356530	363519615
11210	1630	7898	24941	2786088	284691426	0	0
11211	1524	9015	3874	2786122	284696515	0	0
11212	5060	8361	7123	2786277	284723973	0	0
11213	1161	3534	3803	2786833	284823497	0	0
11214	303	7085	5558	2786949	284845071	3016318	316128689
11215	1046	1152	358	2787063	284863072	0	0
11216	5842	7932	16114	2787933	284987151	0	0
11217	4616	10275	7490	2788143	285022601	0	0
11218	5455	8545	3951	2788348	285051837	0	0
11219	8438	11124	22873	2788352	285052591	0	0
11220	2839	8531	3841	2789965	285291931	0	0
11221	956	5232	7029	2790392	285339057	0	0
11222	7745	9460	15503	2790508	285350408	0	0
11223	2149	4595	5462	2790526	285352184	0	0
11224	3580	10354	14833	2790730	285375471	0	0
11225	3597	10456	12742	2790874	285397175	0	0
11226	4320	7214	5112	2791130	285433900	3584650	396836602
11227	4440	5794	7582	2791298	285456952	0	0
11228	1126	3665	3680	2791514	285487840	4244375	493267344
11229	6690	6692	17808	2791583	285497368	0	0
11230	7437	9981	14931	2791991	285562094	3644854	405368349
11231	7652	8809	4720	2792771	285679839	2943379	306267446
11232	3056	5310	14881	2792849	285690045	3410794	370797217
11233	1666	3025	5938	2792935	285705449	0	0
11234	3196	7825	22296	2793366	285769431	3379852	366950210
11235	2165	9299	17329	2794017	285875959	0	0
11236	5480	11058	7750	2794432	285940641	3398792	369360705
11237	5904	6699	35444	2794593	285967492	0	0
11238	3066	8621	5710	2795200	286089048	0	0
11239	5699	7497	11981	2795587	286159846	0	0
11240	1155	6278	4320	2795962	286226601	3356005	363440444
11241	3911	9305	12160	2797387	286426808	3764002	421992893
11242	8513	10945	17445	2797742	286474284	0	0
11243	5398	6142	5037	2798572	286587218	0	0
11244	3215	7970	20270	2798863	286622071	0	0
11245	478	3385	3480	2799174	286662317	2900054	300205242
11246	5417	9197	14010	2800884	286846951	0	0
11247	1701	1820	2896	2801178	286874984	0	0
11248	1366	5707	6414	2801631	286915342	0	0
11249	3582	5721	10550	2801790	286928336	0	0
11250	6659	6685	11648	2802002	286948288	0	0
11251	6346	7756	27408	2802117	286959431	3635062	403874544
11252	8454	8826	11476	2802203	286971616	0	0
11253	7266	10176	24791	2802804	287067092	3630206	403284192
11254	3874	7649	9113	2803978	287255169	3483142	381198541
11255	500	8331	19607	2804263	287292770	3201936	342066488
11256	6364	9349	15908	2804283	287295475	3853544	435161472
11257	9416	11179	15323	2804492	287332041	3895504	441912290
11258	2141	8014	5238	2805403	287490297	3682189	410356800
11259	4991	7174	8056	2805996	287577820	2837006	291469919
11260	2921	4125	10244	2806403	287634013	3296985	355187218
11261	854	2685	2246	2806754	287680738	0	0
11262	8271	9020	27632	2807032	287720481	0	0
11263	1042	2538	2204	2807081	287727736	2879075	297497610
11264	5434	6681	2631	2807623	287802630	4336602	509112479
11265	3218	6549	6562	2807996	287845558	3639818	404508753
11266	2463	7328	11472	2808007	287846873	0	0
11267	2679	8090	10312	2808632	287931740	3099190	327996467
11268	1810	9179	2617	2808746	287944117	0	0
11269	1288	4949	8440	2808865	287957777	0	0
11270	7441	10184	15750	2810469	288137361	0	0
11271	113	2903	2886	2810692	288160901	0	0
11272	198	9068	4479	2811120	288205549	0	0
11273	3945	8144	4572	2811812	288271235	0	0
11274	2789	7510	8359	2812114	288296228	4145544	478901822
11275	4697	7178	15373	2812474	288327154	2916014	302161127
11276	4106	9653	28024	2812610	288338441	0	0
11277	5362	6785	13818	2813610	288454823	0	0
11278	2373	3308	8772	2813631	288456770	0	0
11279	7895	10947	15700	2814069	288507030	0	0
11280	2541	3820	8024	2814371	288545266	0	0
11281	8762	10479	18426	2814527	288567380	0	0
11282	4323	8665	3815	2814946	288629139	3965977	451633706
11283	876	7064	1709	2815505	288705205	0	0
11284	1464	3999	5968	2815868	288747045	4257319	496608575
11285	6170	6200	12288	2815921	288753779	0	0
11286	40	1284	208	2816034	288768517	0	0
11287	4304	8586	11570	2816813	288854375	3241480	347391548
11288	4224	10635	19767	2816837	288856907	0	0
11289	3904	5440	6987	2817720	288977523	0	0
11290	8950	10673	11104	2818007	289013530	0	0
11291	5099	7984	14861	2818278	289047099	0	0
11292	1308	11094	9238	2818427	289069824	0	0
11293	1941	5976	6578	2818518	289081765	0	0
11294	4124	7437	7049	2819246	289177907	0	0
11295	2010	11161	6237	2819357	289191581	3654467	407012924
11296	4977	6092	7028	2819359	289191666	3142796	333939444
11297	7538	10927	22618	2819642	289228672	0	0
11298	1522	7094	12353	2820571	289368355	0	0
11299	3573	6293	10183	2820720	289389400	2958692	308678717
11300	3916	7723	14235	2822615	289608469	3138412	333331222
11301	4632	9562	17390	2823059	289651994	3106624	329261769
11302	8928	9846	3290	2823991	289745529	0	0
11303	877	6997	3182	2824724	289810972	0	0
11304	9075	10450	22909	2825099	289840764	3031115	318220405
11305	844	10788	15253	2825433	289874722	0	0
11306	560	9523	8039	2825437	289874797	3699697	412845774
11307	8624	10577	23778	2825546	289889267	0	0
11308	6102	8291	8084	2825827	289933516	2901523	300361931
11309	1608	10203	14988	2826371	290024313	3306695	356411553
11310	4927	8565	12275	2826832	290097880	3995266	455841076
11311	765	10186	16395	2827410	290180558	0	0
11312	904	7410	12562	2827713	290228609	0	0
11313	2741	8578	7648	2827757	290235342	0	0
11314	2114	7103	4771	2827803	290244291	4367236	513695300
11315	192	1389	764	2827946	290271317	3338146	360572751
11316	2766	3216	4059	2827960	290274604	0	0
11317	3525	5744	11478	2827998	290278722	0	0
11318	1043	1158	3644	2828532	290366223	3710987	414428301
11319	4392	9518	8662	2828794	290406894	0	0
11320	151	8046	11029	2829879	290557294	3402170	369740133
11321	9450	10568	17972	2829988	290571752	0	0
11322	5544	8899	3702	2831478	290765723	3876543	438858428
11323	1885	7480	7521	2831876	290805730	3966518	451710322
11324	3897	5180	1761	2832688	290884223	0	0
11325	2248	7097	20438	2833620	290957148	0	0
11326	4115	11112	33297	2834125	291003572	3548838	391099446
11327	3597	4097	4436	2834156	291008079	0	0
11328	2834	6263	15632	2835685	291203378	0	0
11329	8294	10043	73308	2835820	291218100	0	0
11330	3576	5988	6855	2836090	291281657	4354051	511630236
11331	5222	6231	11195	2836820	291433771	3627369	402882448
11332	1349	1478	1215	2836917	291453787	0	0
11333	7104	11259	14289	2837006	291469919	2984693	312088084
11334	1801	5757	1957	2837195	291510144	3496283	383081222
11335	7269	10512	19124	2837330	291540543	0	0
11336	8031	9412	36073	2838101	291691689	4351872	511221008
11337	1168	6291	6375	2838331	291742827	0	0
11338	1830	4824	2915	2838510	291781065	0	0
11339	7130	10357	8525	2839863	292010243	4204487	486971285
11340	1259	7086	4933	2840705	292121520	0	0
11341	6821	9662	27571	2840777	292131536	0	0
11342	4973	9023	21008	2841675	292270981	0	0
11343	4167	10543	9287	2842089	292333615	0	0
11344	9417	9712	24593	2842470	292392131	4067356	467133139
11345	3524	8270	14041	2842642	292420847	0	0
11346	5523	6659	4016	2843248	292527854	3514579	385911949
11347	74	8108	15213	2843337	292541990	0	0
11348	284	6831	7481	2843687	292600775	3857822	435856510
11349	3303	8646	10365	2843985	292648201	0	0
11350	9601	10577	36052	2844912	292785001	0	0
11351	8945	9526	10089	2845138	292819129	0	0
11352	1487	9692	4950	2845865	292935650	0	0
11353	6601	11072	30773	2847059	293094567	3808795	428501377
11354	5562	8861	12309	2847728	293196665	3513699	385782796
11355	1717	3467	2855	2847954	293231806	4023353	459989609
11356	3764	4955	8918	2848042	293244912	3497111	383196442
11357	7322	9904	23085	2848059	293246631	3691641	411661538
11358	1111	3565	2377	2849446	293466193	0	0
11359	1428	10115	22104	2849566	293484200	0	0
11360	1872	7555	19379	2849763	293511412	3283109	353291751
11361	83	6655	20638	2850034	293557804	0	0
11362	3064	8336	14834	2850330	293611936	3054111	321519297
11363	806	5208	5162	2850383	293624097	2972522	310423075
11364	1854	6709	5085	2850563	293660211	0	0
11365	4593	7714	4865	2851932	293877590	4297152	503260894
11366	8191	10316	7413	2852074	293898564	4368339	513861809
11367	4804	5989	9883	2853013	294025719	3177200	338743287
11368	6136	9922	9724	2853165	294044090	3670132	408901530
11369	3808	4148	3163	2853482	294080241	3327751	359225224
11370	1771	5824	11069	2853826	294121056	2861184	295075379
11371	380	7219	6775	2854097	294154245	4294148	502761502
11372	2612	4286	4565	2854185	294164274	3627576	402915386
11373	4426	4538	13273	2854826	294236648	3613294	401107798
11374	3819	8967	15084	2855129	294269087	0	0
11375	7770	8084	12365	2855904	294371251	0	0
11376	5931	8378	11874	2856054	294388966	0	0
11377	3999	5858	8076	2856068	294389924	3230558	346033191
11378	537	1268	2270	2856445	294445462	3255194	349507931
11379	5936	9963	12577	2856550	294458948	0	0
11380	2549	3145	8446	2856595	294464526	0	0
11381	2053	4169	4664	2856646	294474803	3246211	348044520
11382	351	3668	1579	2856989	294528933	3077578	324833134
11383	2291	4712	8806	2857190	294556556	2926043	303584545
11384	2615	6558	20857	2857744	294629874	3297110	355206868
11385	2779	10545	8417	2857818	294638663	0	0
11386	1578	10754	10942	2857918	294652765	0	0
11387	8503	8891	11467	2858155	294688496	4345593	510355169
11388	5506	9898	12149	2859830	294916044	0	0
11389	1031	7732	9532	2860166	294955004	0	0
11390	4731	5937	19635	2860589	295001233	0	0
11391	60	11370	11106	2861184	295075379	0	0
11392	2533	3873	4342	2861701	295141584	0	0
11393	1316	8210	3388	2861819	295153570	3494360	382825009
11394	2991	3619	9391	2861845	295156522	0	0
11395	211	339	723	2862154	295190986	0	0
11396	4423	9542	10065	2862998	295282067	4279613	500410839
11397	2762	2864	8596	2863095	295292372	0	0
11398	2730	2819	4594	2863577	295344141	0	0
11399	6609	9565	9141	2864227	295405069	4408559	520290915
11400	3109	7198	9727	2864364	295416201	4406604	519869977
11401	6444	10296	15866	2864576	295438959	2943785	306364928
11402	5348	5373	17014	2864914	295478480	3034190	318649583
11403	9797	10241	13377	2866077	295610392	3150242	335008180
11404	464	4320	2257	2866671	295681423	3790182	426162610
11405	8938	10620	11841	2867203	295733327	3623484	402366397
11406	7817	10731	12917	2868065	295824158	0	0
11407	4515	9124	15946	2868551	295872953	0	0
11408	5060	8089	7912	2868755	295896101	0	0
11409	338	7661	10544	2869007	295923737	0	0
11410	1625	11026	20004	2869178	295944464	0	0
11411	386	8272	12941	2869456	295983615	0	0
11412	999	6973	10929	2869661	296012853	0	0
11413	1004	10299	7150	2869845	296042952	0	0
11414	2375	9005	8644	2869919	296055604	4238877	492467073
11415	2198	10259	6790	2870142	296090807	0	0
11416	5972	9111	23426	2870381	296130004	3777891	424211601
11417	5636	6426	3081	2871636	296337637	0	0
11418	1419	10054	9074	2872174	296402753	0	0
11419	8875	10241	16280	2872332	296423695	3297793	355315712
11420	9122	10177	25824	2872356	296426985	4233525	491543390
11421	8366	10866	3605	2872798	296507760	0	0
11422	2538	7497	8934	2873136	296568519	0	0
11423	6220	9932	58743	2873380	296607188	0	0
11424	2895	6468	8943	2874487	296851481	0	0
11425	1968	9700	1821	2874792	296907009	0	0
11426	2257	7711	1359	2874950	296934084	0	0
11427	4931	11159	7617	2875340	297001217	3097931	327781415
11428	420	7871	17320	2876342	297162020	0	0
11429	3789	3898	15389	2876922	297240592	0	0
11430	1108	1331	2081	2878055	297393859	3522477	387263179
11431	5968	11263	9599	2879075	297497610	0	0
11432	6655	11166	37133	2879125	297501812	3445972	375504954
11433	4199	8121	7492	2880074	297623168	0	0
11434	3014	10851	17142	2880317	297655532	0	0
11435	303	6046	3822	2880695	297703253	0	0
11436	231	11145	11455	2881193	297760367	3891594	441260333
11437	4847	10701	18864	2881398	297783859	0	0
11438	2069	3496	5905	2881575	297812165	3120373	331060260
11439	1444	4615	1863	2882105	297879733	0	0
11440	156	1127	489	2882910	297972065	3975169	452857917
11441	5668	10225	4148	2883814	298055289	0	0
11442	6867	11109	22376	2884108	298082053	0	0
11443	13	10218	6113	2884191	298092376	2930850	304156910
11444	2349	4183	7984	2884301	298106988	4085137	469893426
11445	86	3845	8290	2884719	298162788	2963742	309340040
11446	2815	3328	7631	2884936	298189168	0	0
11447	3734	11028	11357	2885077	298206469	0	0
11448	5591	6464	17169	2885712	298283183	0	0
11449	3963	4013	6825	2886411	298374517	0	0
11450	380	1911	514	2886437	298377686	3457242	377405393
11451	3019	6951	8755	2887124	298457714	3715336	415058303
11452	4409	7690	6337	2887132	298458631	2978768	311319319
11453	6916	9764	14315	2887243	298471561	0	0
11454	2843	9932	46815	2887272	298475740	4042062	463197139
11455	3534	3869	8881	2887677	298541890	0	0
11456	2056	8111	5076	2888839	298724848	0	0
11457	3031	9387	4687	2888985	298743902	4341993	509779749
11458	1983	9602	6632	2889194	298771001	0	0
11459	6622	9744	3753	2889517	298817630	3086029	326181861
11460	4360	4672	4917	2889802	298852102	3479037	380604263
11461	1049	1471	2704	2889879	298861858	0	0
11462	4232	8773	33280	2890571	298945063	0	0
11463	601	9663	5045	2890708	298968963	0	0
11464	1554	10381	10684	2890764	298976725	0	0
11465	1209	7826	3719	2892553	299219154	3048351	320516306
11466	6295	6896	8499	2892915	299256830	3144636	334216356
11467	10236	10988	21626	2892961	299262797	0	0
11468	1406	9718	7162	2893424	299320253	4321160	507037472
11469	2162	2345	3754	2893707	299358763	0	0
11470	1790	4447	6706	2894234	299423678	3249159	348444421
11471	473	4581	1502	2894655	299468538	0	0
11472	624	5182	4995	2894694	299472225	0	0
11473	2575	3618	9264	2894729	299474671	4325750	507720582
11474	4894	5467	10314	2895152	299519166	0	0
11475	10760	11019	32236	2895586	299568069	0	0
11476	1364	8665	4459	2896034	299636005	0	0
11477	4747	5275	10626	2896827	299742340	0	0
11478	1148	3929	1993	2897007	299765702	0	0
11479	5336	8362	15352	2897057	299771374	0	0
11480	1103	2245	5978	2897072	299772849	0	0
11481	783	7970	15792	2897095	299776566	0	0
11482	2569	3780	12519	2897119	299780136	0	0
11483	308	3919	612	2897153	299786402	3237850	346996158
11484	7871	8554	19550	2897427	299834466	0	0
11485	1997	11077	8057	2898233	299960769	3681378	410237727
11486	3743	5050	2867	2899545	300141176	3896084	442009877
11487	3002	3042	13269	2899563	300142728	0	0
11488	2905	5299	7360	2899718	300162745	0	0
11489	4347	11245	6286	2900054	300205242	0	0
11490	3312	3777	2649	2901353	300343680	0	0
11491	4214	11308	13087	2901523	300361931	0	0
11492	2412	7584	2841	2901598	300368793	0	0
11493	5953	9654	4766	2901889	300400118	0	0
11494	1271	8499	6233	2902403	300450625	0	0
11495	11075	11119	17354	2902806	300489620	3903620	443218180
11496	6414	8995	8380	2902948	300506366	0	0
11497	3132	10476	3261	2903092	300523352	3856094	435601744
11498	5741	9931	30143	2904075	300631118	0	0
11499	6316	9024	10023	2904807	300711882	4344370	510157214
11500	8587	10885	26770	2904982	300730139	0	0
11501	1835	10126	11777	2905295	300781138	0	0
11502	4556	9173	6352	2905354	300789378	2940316	305738384
11503	1263	5965	4115	2905512	300812436	3761222	421655242
11504	414	6518	11262	2905963	300873905	0	0
11505	7451	8492	18836	2906869	300987826	0	0
11506	3600	10672	8612	2907942	301120092	3034215	318652392
11507	2080	2461	4213	2908304	301163760	3268999	351557256
11508	3087	3478	3629	2908786	301216677	0	0
11509	1798	9494	2571	2909231	301260651	0	0
11510	8876	9098	9401	2909259	301263696	0	0
11511	7976	9195	6332	2909510	301286579	3536521	389252088
11512	2900	3745	12185	2909530	301288249	3802617	427681712
11513	10287	10582	18833	2909589	301293909	0	0
11514	799	9050	1141	2909760	301318375	4328779	508097368
11515	873	6672	15620	2910448	301400096	3078252	324939132
11516	4388	4572	6891	2910583	301416819	3351547	362670014
11517	1825	4307	2022	2910821	301451695	0	0
11518	7684	8794	8038	2910990	301470938	0	0
11519	3319	9862	10504	2911025	301476207	3114388	330321137
11520	356	9803	6344	2911651	301564698	0	0
11521	8864	10381	11990	2911966	301604355	3400568	369568598
11522	6929	9696	4864	2913267	301753917	0	0
11523	6499	10612	14004	2913520	301779836	3375991	366516402
11524	3155	6795	5387	2913599	301788093	3156443	336016179
11525	3168	5468	6867	2913728	301801267	3801500	427497541
11526	2868	6446	20498	2913945	301829590	0	0
11527	4783	10627	20701	2914255	301874064	3885818	440322445
11528	1862	11191	18672	2914759	301958103	0	0
11529	486	4370	2025	2915190	302030529	3633849	403722498
11530	8201	8875	4903	2915556	302090406	0	0
11531	4043	6934	9239	2915687	302107420	3819067	429976274
11532	476	11275	16004	2916014	302161127	0	0
11533	1386	8652	1650	2916854	302282497	3644771	405356148
11534	534	3674	4548	2917090	302316720	3972944	452604305
11535	1427	10600	5021	2917140	302324449	2926617	303662604
11536	10234	10688	18628	2918011	302435081	0	0
11537	937	6607	4529	2918271	302474427	0	0
11538	6928	9762	18404	2918363	302486812	0	0
11539	3100	8610	6673	2918562	302518528	2958692	308678717
11540	7144	7758	10540	2918698	302537231	4176795	483284341
11541	5207	7235	8332	2918979	302580188	0	0
11542	2183	8525	9405	2919507	302659270	3282838	353257212
11543	8749	11131	19009	2919696	302686321	3116322	330530796
11544	800	6634	10673	2920422	302790171	4012564	458377458
11545	704	8045	8337	2920702	302826640	4345181	510289508
11546	3376	5509	5300	2920865	302847788	0	0
11547	5562	8383	4492	2921783	302960899	0	0
11548	8412	8884	22330	2921857	302971433	0	0
11549	7130	7567	10891	2922177	303016863	0	0
11550	6621	9121	21053	2922303	303033923	0	0
11551	9024	10968	21593	2922510	303066169	4342386	509836537
11552	4579	6016	14839	2922797	303114802	0	0
11553	5607	6207	11558	2923670	303253958	0	0
11554	2144	3109	6670	2924118	303323110	0	0
11555	9527	9838	7783	2924843	303430489	3047223	320378217
11556	756	8215	1661	2925381	303500868	4340852	509620392
11557	8318	10150	9007	2925460	303509517	2931572	304280790
11558	8418	10553	8392	2925858	303560698	2934146	304704375
11559	9817	11383	27241	2926043	303584545	3559915	393039441
11560	3295	11535	7703	2926617	303662604	0	0
11561	2305	8227	4352	2926839	303693509	0	0
11562	795	3142	2093	2926933	303706418	0	0
11563	4397	4534	9482	2928735	303898978	0	0
11564	6440	10290	23263	2928772	303901316	0	0
11565	1596	5212	2980	2929327	303963291	0	0
11566	5879	10635	7554	2929739	304005926	0	0
11567	5356	6805	11744	2929938	304027497	0	0
11568	5318	6399	28344	2929950	304028192	0	0
11569	5509	7087	9512	2930181	304063805	3450830	376312258
11570	8518	11443	13869	2930850	304156910	3371193	365797759
11571	2424	5931	9654	2930974	304171157	0	0
11572	1308	4780	6039	2931085	304187939	3678184	409884878
11573	6380	8766	28580	2931118	304191956	0	0
11574	10275	11557	15548	2931572	304280790	0	0
11575	5110	10343	29769	2933030	304524806	0	0
11576	6373	6918	12351	2933719	304638879	3327026	359104179
11577	3479	11558	11591	2934146	304704375	4106332	473052778
11578	686	8038	12244	2934445	304749431	0	0
11579	1341	2236	2910	2934676	304791719	3027297	317578791
11580	4183	5032	19896	2935132	304861842	0	0
11581	3097	8912	3050	2935355	304898324	0	0
11582	3764	7753	5398	2935857	304976096	0	0
11583	7555	8320	21833	2936085	305010838	0	0
11584	1629	10770	26823	2936127	305016948	0	0
11585	6738	10586	31543	2936159	305023733	0	0
11586	217	9596	3577	2938356	305446739	0	0
11587	102	6688	6406	2938776	305512346	0	0
11588	183	8450	5601	2938830	305521034	0	0
11589	327	7862	5658	2939151	305565625	0	0
11590	2454	10254	10835	2939159	305566822	3158571	336354488
11591	3456	10961	13182	2939397	305602940	3466437	378732821
11592	1138	1539	2279	2940041	305698376	3037416	319150075
11593	7490	11502	10074	2940316	305738384	0	0
11594	2986	3989	12273	2940515	305762676	0	0
11595	4770	7817	13691	2940605	305777691	4205835	487156245
11596	4217	6680	12784	2941366	305897656	3228722	345796172
11597	2391	8559	14865	2941394	305901926	0	0
11598	7449	7751	21966	2941687	305954567	0	0
11599	2854	8176	10978	2941691	305954769	0	0
11600	1811	8361	3532	2942327	306081429	4080639	469074350
11601	7962	9935	8617	2942416	306098371	0	0
11602	2441	5681	20751	2943129	306220410	0	0
11603	5336	5938	21644	2943132	306220785	4359877	512585758
11604	10027	11231	29047	2943379	306267446	0	0
11605	2582	9349	13432	2943394	306270462	0	0
11606	8262	11401	27237	2943785	306364928	2977697	311151455
11607	1645	2760	8124	2945289	306699205	0	0
11608	4311	7530	18485	2945444	306726947	0	0
11609	2662	5426	16230	2946094	306856314	2981636	311710330
11610	6410	6658	4666	2946274	306887517	0	0
11611	6907	8472	3503	2948206	307162896	4111809	473899433
11612	1550	10356	2809	2948283	307172748	4122409	475613060
11613	1386	8082	9096	2948476	307193325	3034190	318649583
11614	3702	10400	11092	2948915	307250140	4410526	520669303
11615	1742	8718	28358	2949444	307312899	0	0
11616	508	7033	15113	2950013	307390749	0	0
11617	2619	5256	4343	2950220	307422555	4011248	458225771
11618	4083	7766	9366	2950745	307496526	0	0
11619	6464	10365	22619	2950991	307531009	0	0
11620	6951	8160	20844	2951606	307624061	0	0
11621	1374	1420	1837	2951639	307630355	0	0
11622	6268	7451	13404	2951764	307650182	3879336	439306169
11623	10278	10589	26888	2951910	307672490	0	0
11624	1721	1973	2864	2953468	307946686	4346311	510472746
11625	4925	9699	24993	2953580	307962301	0	0
11626	5425	8800	16664	2954421	308092620	0	0
11627	1785	10235	10433	2954841	308155898	0	0
11628	8525	9666	14542	2955025	308182045	0	0
11629	9111	9620	17573	2955031	308182960	0	0
11630	6508	6807	24543	2957285	308502227	3074842	324389210
11631	8963	10860	7960	2957329	308508491	0	0
11632	4804	7040	12158	2957409	308518262	0	0
11633	5249	7736	7210	2958562	308663689	0	0
11634	3957	7338	7841	2958659	308674803	3507135	384803844
11635	11299	11539	16856	2958692	308678717	3744290	419278852
11636	50	3294	1468	2959023	308723127	0	0
11637	3418	5768	12292	2960147	308847147	4272884	499296485
11638	4078	7644	13327	2961172	308946765	0	0
11639	2150	4349	4278	2961380	308969347	0	0
11640	3332	10325	55750	2961459	308977825	0	0
11641	1964	8861	11961	2961963	309074012	3699697	412845774
11642	924	2313	4104	2963121	309259941	0	0
11643	7606	8376	10569	2963468	309306601	0	0
11644	10006	11445	15834	2963742	309340040	0	0
11645	385	3956	6503	2964359	309423410	3004747	314915064
11646	4183	9667	8654	2964869	309492155	4089240	470518208
11647	5484	9468	14439	2965124	309522090	0	0
11648	3073	7519	11206	2965353	309551476	0	0
11649	5210	7959	11566	2966078	309647107	3141825	333828830
11650	7445	10576	8216	2966315	309679426	3080598	325312308
11651	6519	7707	18775	2967472	309815612	3166761	337390121
11652	2743	10061	11359	2967527	309821107	3035563	318860079
11653	6157	10629	3610	2967810	309860744	4002529	457009060
11654	3502	7737	6994	2968255	309914908	3518503	386518938
11655	2942	6149	12463	2969178	310017649	0	0
11656	6387	11157	39243	2969785	310078589	3505094	384445882
11657	9582	10155	9345	2970545	310178545	3210385	343356332
11658	3467	9467	7582	2971800	310331605	0	0
11659	7269	7503	23610	2971996	310355731	0	0
11660	2951	11363	7675	2972522	310423075	0	0
11661	5864	6596	16394	2972822	310457551	4125865	476151129
11662	7937	10777	7348	2972890	310465206	0	0
11663	5250	5352	1531	2973046	310486746	0	0
11664	4057	6569	3221	2973107	310493553	0	0
11665	4709	11121	7184	2973734	310575437	0	0
11666	3855	7587	9208	2973747	310576514	0	0
11667	5110	7473	12061	2973874	310593592	3618930	401756880
11668	1770	9741	9318	2974958	310737047	0	0
11669	2188	6346	2657	2975369	310786176	0	0
11670	2413	5283	7785	2975396	310789018	0	0
11671	4488	10296	17310	2975412	310790986	0	0
11672	4808	6264	9828	2975501	310803754	0	0
11673	3914	10900	38273	2975655	310824793	0	0
11674	1364	2138	6799	2975878	310868724	4115836	474457395
11675	22	1697	742	2976872	311037846	0	0
11676	589	2218	897	2977282	311095262	0	0
11677	861	3024	3868	2977514	311126459	0	0
11678	917	11606	28386	2977697	311151455	4153726	479987715
11679	773	1411	1874	2978068	311211989	0	0
11680	2233	10211	2579	2978290	311251219	3727613	416762754
11681	9217	11452	21418	2978768	311319319	0	0
11682	2091	10694	3071	2979485	311432821	3567285	393946674
11683	1123	4272	4846	2979601	311449565	3115864	330479730
11684	255	9106	5197	2980159	311524939	0	0
11685	1141	4464	2069	2980172	311526526	3920675	445385320
11686	324	3269	6399	2980362	311554029	0	0
11687	291	3235	4659	2980956	311631644	3665331	408292251
11688	4838	7285	6564	2981202	311659109	3766625	422277195
11689	6572	11609	18713	2981636	311710330	3361170	364266118
11690	1892	6239	5783	2982530	311816620	0	0
11691	157	10546	1834	2982606	311824549	4010385	458119752
11692	336	1578	2045	2982897	311856485	0	0
11693	8590	10297	20246	2983089	311876029	0	0
11694	7570	10829	21093	2983108	311878672	0	0
11695	8279	11071	3581	2984500	312067634	0	0
11696	7997	11333	21204	2984693	312088084	0	0
11697	5802	9110	23906	2985626	312203111	3798833	427171306
11698	3357	5336	11218	2985647	312205244	3877608	439045150
11699	1815	8894	3683	2985817	312229323	0	0
11700	4840	6349	6523	2986159	312279698	4094459	471391959
11701	2961	6029	4229	2987256	312428765	0	0
11702	8603	8645	19961	2987602	312469627	0	0
11703	2319	9117	6502	2987616	312470792	3541043	389844053
11704	4376	6501	16227	2987890	312507845	3441820	374966845
11705	92	3886	1888	2988768	312622979	0	0
11706	706	10913	9762	2989097	312661482	3427555	373040064
11707	977	3849	1042	2989118	312664521	4366393	513572246
11708	3674	6291	9067	2989172	312672104	0	0
11709	6824	11007	27509	2989184	312673744	0	0
11710	1934	9857	9271	2990227	312836689	0	0
11711	3715	7399	5964	2990464	312869770	0	0
11712	1874	3701	4907	2990694	312899893	0	0
11713	981	6723	11444	2990863	312920743	0	0
11714	3616	5091	3662	2990876	312923272	0	0
11715	1114	5242	8469	2990940	312932566	0	0
11716	2779	5254	1988	2992114	313082090	0	0
11717	8547	8951	17680	2992506	313129427	4115518	474406378
11718	3839	10789	7700	2992796	313166667	0	0
11719	480	6456	4843	2993535	313254465	0	0
11720	5984	9201	18920	2993811	313284593	3555181	392262983
11721	3626	9922	7038	2993904	313297793	0	0
11722	7227	8364	16440	2994391	313358540	0	0
11723	129	7033	14535	2995226	313461972	0	0
11724	3557	10025	36223	2995844	313533797	0	0
11725	4684	9015	11164	2996155	313582254	0	0
11726	2200	2920	6310	2996201	313590794	0	0
11727	1903	7012	7624	2996284	313606625	0	0
11728	8643	9674	41195	2996505	313647161	3424981	372543023
11729	4968	7436	9686	2996510	313648947	0	0
11730	874	2553	733	2996668	313680751	4196722	485892392
11731	1734	6966	3950	2997187	313794253	0	0
11732	901	2675	5290	2997610	313874479	0	0
11733	510	10784	14637	2997711	313894891	4166524	481669523
11734	1474	5445	7375	2997927	313936456	0	0
11735	4289	5190	12326	2998203	313986519	0	0
11736	1321	6718	3556	2999422	314198105	0	0
11737	2636	7532	13671	2999459	314203350	0	0
11738	2771	9681	3939	2999676	314240968	0	0
11739	1433	3828	3074	2999713	314247883	0	0
11740	5298	8460	12352	3000385	314350726	3728168	416821993
11741	5383	5996	9375	3000421	314355123	0	0
11742	2083	3039	2676	3001344	314491511	3295771	355044623
11743	379	8518	7922	3001644	314535876	0	0
11744	4546	5419	14745	3001669	314539152	3753225	420559887
11745	4664	7740	7607	3001954	314581486	3119502	330950923
11746	3702	3873	9465	3001996	314588277	0	0
11747	6569	6923	3111	3002305	314628397	3348656	362090105
11748	724	7695	5537	3002407	314643343	4282114	500825332
11749	4131	4644	2928	3003972	314837580	0	0
11750	3283	4016	9932	3004250	314863277	4108025	473298238
11751	5839	6404	15666	3004547	314892972	0	0
11752	1063	3804	6224	3004741	314914678	3406952	370307532
11753	630	11645	6794	3004747	314915064	0	0
11754	1469	8473	6902	3004850	314927539	0	0
11755	2457	3031	6479	3005669	315017027	4094334	471366463
11756	222	4569	5534	3005844	315039841	0	0
11757	1216	7204	4117	3006757	315128320	0	0
11758	2919	7963	4711	3007637	315200802	0	0
11759	6109	10762	31825	3008189	315242377	0	0
11760	654	7256	4389	3009214	315342747	4070544	467616034
11761	682	3654	1296	3009373	315356315	3448460	375899352
11762	5214	7249	11785	3009938	315404165	0	0
11763	6595	10098	11462	3009973	315407033	0	0
11764	10715	11073	8453	3010033	315413203	0	0
11765	2322	7867	7373	3010102	315420162	4287818	501604334
11766	613	10777	4586	3010123	315423348	0	0
11767	1203	7614	4449	3010298	315444105	0	0
11768	2857	9227	14547	3011051	315535042	0	0
11769	3483	8461	15410	3011172	315550983	3051842	321107565
11770	8706	10419	13890	3011470	315593922	0	0
11771	3207	4805	3391	3011547	315605118	0	0
11772	26	1698	701	3011686	315626524	3062099	322541443
11773	1594	6270	4044	3012148	315685249	3239556	347179322
11774	1574	3442	4130	3012225	315695052	0	0
11775	4415	5987	3674	3012360	315710594	3313694	357212281
11776	4423	7041	8109	3013629	315855867	0	0
11777	3895	4814	1914	3013758	315867937	0	0
11778	3504	3655	12157	3014458	315929507	0	0
11779	2347	10433	19517	3014684	315952374	0	0
11780	9440	10837	17131	3015624	316047494	0	0
11781	4997	10988	23717	3015983	316088182	0	0
11782	5728	11214	12748	3016318	316128689	0	0
11783	3340	3692	9933	3016804	316194384	3636161	404029778
11784	392	1614	1872	3016931	316212418	3153963	335536586
11785	8236	9466	10318	3016986	316218879	0	0
11786	1748	10451	12556	3017828	316322068	0	0
11787	1655	1899	2398	3017975	316339858	4328818	508102493
11788	4385	8529	5784	3018221	316372133	0	0
11789	1229	10987	19780	3018278	316379163	0	0
11790	2599	4915	12339	3018654	316435341	0	0
11791	1218	3836	2128	3018809	316454011	3197319	341396791
11792	6075	10645	12184	3019517	316556327	3103682	328791538
11793	8322	10180	12411	3019748	316587456	3470738	379442083
11794	3325	3979	14582	3020267	316661339	3742860	418986329
11795	4553	7486	10174	3020349	316673233	0	0
11796	5045	9025	10675	3020411	316682135	3570485	394416592
11797	2495	2673	10412	3021823	316883709	0	0
11798	3052	11000	21253	3022004	316906185	3675371	409531400
11799	1262	6516	7869	3022424	316963198	3703654	413480421
11800	6684	9800	17467	3023469	317088231	4080623	469070048
11801	2984	11121	6024	3023747	317118054	0	0
11802	3382	9128	8496	3024411	317192933	0	0
11803	8393	10122	8284	3024865	317242436	4268392	498584489
11804	2505	4234	5740	3025140	317272725	3589377	397455761
11805	2606	7773	13926	3025395	317300636	0	0
11806	5105	11158	19978	3025511	317314033	3421357	372102882
11807	4941	10531	23046	3025637	317331846	0	0
11808	2393	10163	10670	3025784	317356331	0	0
11809	5380	6731	5548	3026599	317485738	3348385	362029295
11810	10806	11579	3477	3027297	317578791	0	0
11811	3431	6222	31115	3027646	317626544	3094223	327177416
11812	10402	11165	6213	3027804	317650712	0	0
11813	3873	9639	13308	3028064	317689977	4205436	487099568
11814	1757	5264	11137	3028265	317722452	0	0
11815	4533	10824	32984	3028559	317764692	0	0
11816	3425	8545	4636	3029104	317874413	0	0
11817	4483	7401	20094	3029547	317946147	3441368	374904896
11818	5846	5988	5041	3029990	318029381	0	0
11819	2258	9113	11772	3030097	318049229	0	0
11820	5092	5442	9059	3030883	318184283	0	0
11821	9879	11304	24860	3031115	318220405	0	0
11822	4255	5814	5261	3031311	318255029	0	0
11823	3218	9725	9204	3032793	318480716	0	0
11824	2291	5272	11299	3032851	318487118	3379932	366965083
11825	4716	6529	16087	3033961	318622021	0	0
11826	4411	5302	8968	3034153	318645949	0	0
11827	11402	11613	26110	3034190	318649583	0	0
11828	3571	11506	13640	3034215	318652392	0	0
11829	1175	11652	11561	3035563	318860079	3286607	353834601
11830	2037	3710	9772	3035662	318875588	0	0
11831	6931	9543	27213	3035978	318919327	0	0
11832	7680	7961	15847	3036999	319082600	3249369	348479874
11833	485	9292	15346	3037092	319095179	3090755	326770305
11834	1885	10407	12560	3037142	319102555	4042171	463223247
11835	7795	11592	10459	3037416	319150075	4170900	482383579
11836	2239	4815	9178	3039180	319409357	0	0
11837	3683	8366	12416	3039215	319413594	0	0
11838	6084	9397	18419	3039460	319447249	0	0
11839	2909	6098	4566	3040490	319580012	0	0
11840	4424	7573	18092	3040776	319611676	3164686	337142514
11841	621	3863	2481	3041614	319709877	0	0
11842	1485	7753	2892	3041654	319714229	3165038	337184518
11843	5967	8137	17884	3042296	319780237	3522619	387283593
11844	10198	11035	24000	3043290	319881121	4092671	471020155
11845	1358	4268	3873	3043931	319963180	0	0
11846	834	1238	981	3043980	319968422	3724470	416345586
11847	10283	10740	15613	3044270	320003358	4120230	475238772
11848	2903	9019	12828	3044999	320090086	3311489	356921805
11849	238	4328	2650	3045358	320136637	3849053	434338078
11850	6438	6650	13013	3045496	320154248	3076202	324605772
11851	889	7246	4223	3045500	320154507	4307550	504990640
11852	10036	10673	15542	3045516	320156960	0	0
11853	3845	9878	23253	3047024	320351813	3208114	342992141
11854	356	11555	8160	3047223	320378217	4034498	461859892
11855	4847	7272	14606	3047755	320442162	0	0
11856	8791	11465	14156	3048351	320516306	3109983	329758357
11857	7708	9874	1611	3048469	320532250	0	0
11858	2359	5921	11229	3048634	320556736	3384316	367552745
11859	473	8681	20864	3049104	320618906	0	0
11860	8615	10010	43363	3050182	320777831	0	0
11861	583	10631	11939	3050424	320816503	4012879	458422773
11862	3367	7497	8444	3050486	320828032	0	0
11863	5856	6445	8597	3050716	320871977	3307745	356520790
11864	2488	11100	7081	3050791	320885492	3423640	372374378
11865	1652	11065	19755	3050913	320907750	0	0
11866	4536	5531	13045	3051219	320976327	3265187	350872275
11867	1790	7681	11816	3051325	321002607	0	0
11868	10252	11769	25666	3051842	321107565	3226304	345494287
11869	4200	10456	13833	3053264	321382014	4053404	465244283
11870	7546	8751	18803	3053756	321458267	0	0
11871	1888	11362	16013	3054111	321519297	0	0
11872	734	4462	2351	3054821	321638109	0	0
11873	4725	6058	9781	3054924	321656361	0	0
11874	3194	11401	22748	3055248	321707251	3932873	447123639
11875	1283	5749	9146	3055292	321714206	0	0
11876	5493	7702	17954	3055471	321742011	0	0
11877	5876	9312	15295	3057468	322051758	3567874	394025820
11878	8226	8416	7020	3057581	322067980	3127928	332062940
11879	1090	5409	9402	3058996	322229643	0	0
11880	278	9783	3625	3059792	322305955	3891849	441307529
11881	3994	4575	9764	3059872	322312345	0	0
11882	292	7605	10299	3060221	322342595	3876793	438898433
11883	777	2863	6550	3060631	322376485	0	0
11884	5918	7822	16653	3060994	322408519	0	0
11885	3334	6569	5723	3061412	322452294	3485083	381459965
11886	4764	6159	22255	3061422	322453043	0	0
11887	10005	10638	15971	3061944	322517811	4254072	495935555
11888	7698	11772	7034	3062099	322541443	0	0
11889	4674	8030	21712	3062540	322605735	0	0
11890	1003	6012	4406	3062954	322668660	0	0
11891	5565	10849	7360	3063049	322681838	0	0
11892	1298	10577	17950	3063291	322715128	3079888	325194843
11893	9842	11185	23363	3063879	322806429	0	0
11894	91	6139	8595	3065001	322987004	0	0
11895	3090	9954	18380	3065650	323075418	0	0
11896	4932	6453	14852	3065658	323076109	4294976	502888441
11897	2262	5553	5230	3066011	323132095	0	0
11898	833	2770	6324	3066355	323183352	3116322	330530796
11899	10837	10849	11789	3066632	323224321	0	0
11900	1802	10662	17558	3066774	323245135	0	0
11901	1081	7979	19599	3066801	323251193	0	0
11902	7313	10853	9158	3067332	323355151	0	0
11903	8150	9066	19258	3067704	323425161	0	0
11904	1619	7607	7581	3069324	323673061	3310911	356859864
11905	3621	3958	10789	3070020	323762227	0	0
11906	1387	8599	3184	3070286	323795982	3243299	347624813
11907	5681	8359	21148	3070337	323801617	0	0
11908	138	7986	5120	3070425	323813598	4053580	465273450
11909	4435	6681	8036	3071201	323917908	0	0
11910	5818	9521	20872	3071769	323991918	4432681	524131284
11911	558	8073	12843	3072092	324035792	0	0
11912	7577	10340	23597	3072291	324061584	3923199	445680251
11913	2887	4273	3274	3073273	324210975	0	0
11914	5268	11630	28214	3074842	324389210	0	0
11915	912	8241	16232	3075021	324412851	3085253	326054636
11916	10833	11166	42837	3075664	324506082	0	0
11917	4398	5181	4453	3075951	324559441	4411989	520908570
11918	2761	10906	3913	3076073	324582428	3343384	361321697
11919	7327	11850	17149	3076202	324605772	4092106	470929981
11920	4257	10557	3448	3076567	324674041	3767831	422431199
11921	10517	11382	7393	3077578	324833134	4341454	509700550
11922	3043	4725	7403	3077649	324844620	4359506	512525627
11923	3921	7655	19978	3077729	324857088	3844160	433564914
11924	1369	11515	16027	3078252	324939132	3448249	375861858
11925	4437	4975	10944	3078573	324992132	0	0
11926	4665	10361	10385	3079505	325131963	0	0
11927	3516	11892	19665	3079888	325194843	0	0
11928	2772	6703	2923	3080510	325299937	0	0
11929	8519	11650	12507	3080598	325312308	0	0
11930	1625	8147	22019	3081044	325383533	3642418	404912243
11931	6066	9164	12651	3081173	325408384	0	0
11932	7988	8099	8627	3081683	325499737	3993680	455593583
11933	7109	8595	19233	3082443	325629142	3881395	439582617
11934	1652	6921	11489	3083003	325717745	3549427	391202189
11935	3605	10897	12866	3083866	325848201	0	0
11936	347	8976	12761	3084320	325916647	3575430	395404133
11937	3506	4730	22367	3084867	325990066	0	0
11938	131	11850	13144	3085156	326037396	3365735	365067104
11939	10014	11915	19535	3085253	326054636	3710498	414350560
11940	3516	9290	7477	3085390	326077153	4241284	492830955
11941	6777	11459	4565	3086029	326181861	0	0
11942	9488	10163	25829	3086524	326251695	0	0
11943	5180	10042	4502	3086543	326254913	0	0
11944	3609	7123	2849	3087128	326347995	0	0
11945	1526	10463	6776	3088343	326507764	3429799	373415700
11946	307	9673	2287	3088685	326544331	0	0
11947	6145	10774	7809	3088689	326544579	0	0
11948	5154	6266	6634	3089959	326680632	3122349	331339784
11949	6189	10808	24175	3090294	326713319	0	0
11950	7131	7881	5058	3090543	326744418	3890923	441127423
11951	1409	5710	2756	3090682	326762544	0	0
11952	6247	11833	21142	3090755	326770305	3553205	391873568
11953	5834	5935	17525	3092492	326979475	0	0
11954	115	7564	3790	3092690	327001581	0	0
11955	4178	7581	6940	3093480	327086806	0	0
11956	6704	10868	20022	3093514	327090872	0	0
11957	1848	10184	7211	3093931	327140523	0	0
11958	5834	8190	21107	3094206	327173896	0	0
11959	548	11811	31159	3094223	327177416	4393629	517323234
11960	5623	8914	4879	3094880	327297096	3553100	391853446
11961	6180	7703	10860	3094949	327309658	0	0
11962	4285	9994	10094	3094983	327314372	0	0
11963	4171	4467	11360	3095894	327466138	0	0
11964	4367	6910	5563	3096326	327531534	0	0
11965	4725	8003	14319	3096352	327535188	0	0
11966	3562	9002	1991	3096425	327547309	0	0
11967	4361	9242	6640	3096521	327563446	3148697	334778475
11968	6288	10337	8142	3096640	327585335	3288847	354193724
11969	7604	7924	5177	3097707	327750453	0	0
11970	3327	4301	3745	3097885	327776662	3203015	342252437
11971	3779	7545	23395	3097926	327780563	0	0
11972	2019	11427	12467	3097931	327781415	0	0
11973	1101	1265	683	3098000	327792379	3391129	368410143
11974	9201	9925	15172	3098447	327872556	4016955	459090426
11975	5216	6867	7285	3099152	327991632	4425443	523004096
11976	6197	11267	24333	3099190	327996467	0	0
11977	5583	8452	22616	3099644	328076823	3454527	376891857
11978	684	8927	7466	3099812	328109817	3258221	349869550
11979	530	5835	1095	3099910	328131054	0	0
11980	4927	11141	8059	3099945	328138073	4374289	514741443
11981	3425	7879	23246	3100291	328204654	0	0
11982	5631	8838	9723	3101839	328484885	3743666	419150013
11983	1789	3045	5173	3102335	328558773	0	0
11984	1747	8973	10948	3102392	328566226	3766789	422294778
11985	6862	7297	10431	3102725	328619311	3224405	345226330
11986	1530	7693	10660	3102759	328624732	0	0
11987	633	710	1289	3102827	328635990	0	0
11988	5057	7073	14987	3103016	328667885	3475871	380059677
11989	1891	7905	25315	3103189	328696872	3263092	350539388
11990	10840	11792	28413	3103682	328791538	0	0
11991	2862	8263	14656	3105306	329063804	0	0
11992	2169	7197	6451	3105624	329113245	0	0
11993	2721	7594	1648	3106395	329225146	0	0
11994	7683	9841	26176	3106464	329234553	0	0
11995	1122	11301	19034	3106624	329261769	0	0
11996	5798	8372	11850	3106932	329320743	0	0
11997	725	6478	4264	3108317	329536163	0	0
11998	1149	7065	5730	3108376	329542909	0	0
11999	4093	8773	28472	3109348	329675776	0	0
12000	2635	11856	18396	3109983	329758357	3696015	412303599
12001	5567	11114	4868	3110890	329886411	0	0
12002	3898	5305	27767	3111069	329907868	0	0
12003	156	6108	4236	3111550	329980874	0	0
12004	8987	9986	11272	3112332	330090938	0	0
12005	213	9463	12131	3113120	330183739	0	0
12006	6757	11519	14612	3114388	330321137	4222115	489726799
12007	1219	8727	9807	3114542	330338888	0	0
12008	2442	10432	2158	3115246	330414065	0	0
12009	27	9883	4583	3115307	330419389	0	0
12010	5072	7786	13484	3115400	330428593	3619573	401858614
12011	226	8695	3223	3115637	330454732	0	0
12012	9782	11683	11635	3115864	330479730	4301579	504092962
12013	422	9129	11704	3116221	330519005	0	0
12014	11543	11898	25333	3116322	330530796	3518605	386531271
12015	1013	7802	8690	3116917	330620927	0	0
12016	143	8364	5548	3117125	330649749	4210984	488025880
12017	2801	6204	7252	3117729	330728058	0	0
12018	5261	6540	27235	3118444	330813393	0	0
12019	2648	5773	10286	3118835	330865018	3790768	426233096
12020	2228	11745	7948	3119502	330950923	4156070	480392793
12021	1723	2272	1422	3119937	331002791	0	0
12022	6045	9369	11349	3120071	331018392	3923535	445733262
12023	7606	11438	8731	3120373	331060260	0	0
12024	3715	10223	13728	3120407	331064770	4076762	468486756
12025	6015	8903	5798	3120501	331078362	0	0
12026	1138	8102	2145	3120866	331127726	0	0
12027	739	1547	981	3121428	331206526	0	0
12028	7985	8044	17458	3121462	331210814	0	0
12029	1425	6057	9619	3121688	331240014	3203313	342307481
12030	8919	11053	21703	3122159	331307390	3901205	442833440
12031	31	11948	6647	3122349	331339784	3361159	364264685
12032	10390	10925	9188	3122523	331368904	0	0
12033	2619	3585	1645	3122889	331428544	0	0
12034	4253	10522	4945	3123775	331558631	0	0
12035	3441	9575	6848	3123794	331561105	4034498	461859892
12036	1024	4823	2314	3124296	331623654	0	0
12037	2818	8240	10396	3124427	331639880	0	0
12038	2479	10155	8328	3124878	331699083	3274600	352350482
12039	2710	6022	5057	3125025	331715139	3469500	379266512
12040	123	2788	483	3125304	331742584	0	0
12041	6169	10841	14575	3125500	331765142	0	0
12042	6200	10094	18947	3125952	331821809	0	0
12043	8287	8467	7057	3126035	331833267	0	0
12044	2091	5784	4607	3126218	331860569	0	0
12045	6496	11878	11427	3127928	332062940	0	0
12046	1272	8131	13921	3128016	332073929	3257604	349799032
12047	1801	3276	3101	3128470	332127951	0	0
12048	758	3221	7261	3129481	332234008	3421443	372114091
12049	8850	9469	26411	3129662	332250854	0	0
12050	4182	6876	8522	3129717	332256897	4023264	459976105
12051	3705	8101	4080	3129769	332263280	0	0
12052	2207	10318	8419	3129827	332270519	0	0
12053	3318	4455	6227	3130401	332342800	0	0
12054	2553	4554	3854	3130674	332379002	0	0
12055	4457	6481	13692	3130971	332414082	3464146	378430319
12056	1775	9015	3950	3131637	332495149	0	0
12057	2702	4706	1866	3131939	332533264	0	0
12058	4986	7741	14146	3132300	332570557	4024941	460251142
12059	1490	7630	21834	3132414	332584969	0	0
12060	6797	8277	9719	3133393	332717818	0	0
12061	38	2013	2561	3134033	332794417	0	0
12062	2580	3884	7997	3134166	332808394	0	0
12063	1679	4291	2019	3134423	332835549	0	0
12064	3440	5896	3068	3134491	332843671	0	0
12065	5921	6814	14964	3134586	332852596	0	0
12066	7866	8599	8012	3134670	332861615	4260243	497160078
12067	1434	10511	4788	3134842	332884213	3332918	359869751
12068	2226	6545	7774	3135297	332939649	4236936	492147875
12069	5063	10644	13199	3135362	332948670	3345183	361534581
12070	4993	9985	6294	3136204	333061689	3552172	391664424
12071	8276	8302	10115	3136216	333063021	3263092	350539388
12072	2086	5545	8237	3136251	333067694	0	0
12073	338	2354	1011	3137685	333239433	0	0
12074	7475	9635	7099	3137734	333244850	3728264	416834945
12075	910	8816	16938	3137898	333261257	3153504	335456484
12076	2280	3390	4836	3138095	333285079	0	0
12077	1813	7383	15997	3138097	333285310	0	0
12078	2025	2374	3046	3138268	333308622	0	0
12079	6381	11300	19338	3138412	333331222	0	0
12080	5532	5586	11328	3138724	333381542	3564840	393683096
12081	1938	4445	4196	3139082	333437394	0	0
12082	6423	9359	13308	3139091	333438745	0	0
12083	5828	10382	18618	3139372	333488481	0	0
12084	2358	10227	2779	3140427	333664492	3261060	350244835
12085	1481	6459	6710	3140917	333728356	3512265	385585575
12086	2606	11649	14634	3141825	333828830	0	0
12087	4037	9829	5302	3142046	333856099	3793095	426524725
12088	3348	8421	18451	3142585	333914022	0	0
12089	6689	11296	9853	3142796	333939444	0	0
12090	81	1189	3874	3143073	333974256	0	0
12091	4449	7892	26284	3143183	333986451	0	0
12092	3038	6411	648	3143188	333987167	0	0
12093	6755	11147	15239	3143444	334023908	3659332	407575549
12094	3157	9977	14753	3143821	334078012	0	0
12095	216	9393	6921	3144221	334142252	3345281	361546673
12096	8516	10918	25083	3144362	334163353	3840307	433010954
12097	395	11466	9139	3144636	334216356	0	0
12098	6977	9822	10650	3145783	334408241	0	0
12099	410	5021	7641	3147297	334608145	3530532	388536680
12100	2699	5244	6715	3147648	334649979	0	0
12101	5122	5194	9668	3148077	334697591	0	0
12102	972	11081	9046	3148139	334704477	0	0
12103	9572	9955	9540	3148626	334768783	3771362	423115803
12104	7421	11967	14112	3148697	334778475	0	0
12105	9653	10263	39452	3149376	334868046	3347187	361781479
12106	2073	9684	5055	3149408	334871330	0	0
12107	748	5848	13500	3149636	334909336	3801500	427497541
12108	1867	7910	4961	3150075	334982839	0	0
12109	2696	11403	17685	3150242	335008180	0	0
12110	3589	4673	7791	3151707	335243149	3584189	396778554
12111	6275	6726	7374	3151886	335268001	0	0
12112	7275	12075	24417	3153504	335456484	0	0
12113	608	5738	7343	3153541	335461381	0	0
12114	2631	10738	19130	3153559	335463669	4456248	527738611
12115	10878	12075	35051	3153593	335468413	0	0
12116	5222	5752	19574	3153699	335488463	0	0
12117	1345	3192	4634	3153938	335533287	3308516	356604965
12118	10325	11784	51468	3153963	335536586	4073034	467910137
12119	765	1327	1268	3154716	335714276	0	0
12120	334	7488	4265	3155540	335862608	0	0
12121	7613	8029	29226	3156249	335982686	0	0
12122	5203	11524	7397	3156443	336016179	0	0
12123	6884	9101	9565	3157574	336201027	3892509	441423830
12124	5830	7044	15762	3158114	336283370	0	0
12125	1593	5460	1802	3158488	336341665	3483574	381256436
12126	9757	11590	29101	3158571	336354488	0	0
12127	2953	7113	6089	3159151	336445419	3244141	347752650
12128	4443	11519	12236	3159499	336500220	0	0
12129	3260	5817	5271	3159824	336547161	0	0
12130	547	2341	4084	3160046	336578644	0	0
12131	3816	5138	3411	3160401	336626918	3550204	391335989
12132	716	9965	10256	3160596	336653757	3243299	347624813
12133	153	6158	5026	3160781	336678444	0	0
12134	1897	4496	6322	3161015	336704705	0	0
12135	4014	7582	9028	3161092	336715362	4271934	499126240
12136	6698	10875	9515	3161488	336768922	0	0
12137	4082	8418	6257	3162074	336848985	0	0
12138	4086	5944	2556	3162100	336852706	0	0
12139	1367	3266	4265	3162288	336877702	0	0
12140	3647	9725	6776	3162458	336897306	0	0
12141	128	919	233	3162787	336938440	0	0
12142	1902	11098	7927	3163422	337010178	0	0
12143	1172	6823	14459	3163696	337040777	3312995	357114278
12144	1970	3637	4597	3163700	337040909	0	0
12145	3465	11840	25788	3164686	337142514	0	0
12146	1187	11842	3425	3165038	337184518	0	0
12147	7110	9947	18123	3165188	337202745	0	0
12148	220	8809	1143	3165294	337215898	0	0
12149	2855	4921	11527	3166098	337311762	0	0
12150	10958	11651	23906	3166761	337390121	0	0
12151	3493	10462	3061	3167037	337425858	4346664	510531626
12152	9405	10584	30929	3167756	337513521	3699200	412770969
12153	1760	8380	3329	3167966	337545999	0	0
12154	3480	10956	10435	3169232	337710274	0	0
12155	4812	7191	14532	3169895	337784149	0	0
12156	4184	10780	20365	3170555	337852981	0	0
12157	9210	10806	6888	3170672	337868574	0	0
12158	892	6653	10967	3170838	337892773	0	0
12159	3270	5856	8951	3170882	337899195	3719828	415707714
12160	992	1745	1773	3170938	337906704	4120230	475238772
12161	4031	4491	3306	3171020	337917874	3965650	451586949
12162	4517	4953	9062	3171322	337955689	0	0
12163	715	11114	5088	3171664	338002440	0	0
12164	412	5413	3753	3171930	338037092	4042280	463252404
12165	3838	11651	23033	3172343	338091985	0	0
12166	4201	10060	27475	3172487	338109856	3544404	390306494
12167	5198	7977	14992	3172738	338147051	0	0
12168	3913	8606	4818	3173159	338208667	4061090	466235668
12169	1595	5441	7732	3173478	338253663	0	0
12170	4633	5934	12954	3174803	338424689	0	0
12171	376	8792	5610	3175131	338463310	3842787	433352334
12172	8379	10912	19624	3175188	338469657	4388591	516670725
12173	2596	10503	4854	3175364	338491894	3454086	376828557
12174	4344	6682	11635	3175564	338522550	0	0
12175	3654	6535	5432	3176159	338604669	0	0
12176	487	1663	1091	3176667	338667757	3801391	427478442
12177	4140	8937	29310	3176729	338676679	0	0
12178	6176	11367	19660	3177200	338743287	0	0
12179	3682	10524	37228	3177527	338793777	0	0
12180	5580	7691	7142	3177707	338830191	0	0
12181	2008	7894	18439	3177824	338852501	4224262	490061384
12182	2412	9551	12454	3178007	338895315	0	0
12183	2965	4178	2011	3178067	338907486	0	0
12184	5230	11055	3678	3178732	339048131	0	0
12185	1296	8393	7916	3178956	339091583	3297546	355273133
12186	1832	6152	8061	3179437	339179864	0	0
12187	7545	11649	29247	3179841	339246361	0	0
12188	2394	3322	6810	3181645	339523710	3245393	347937781
12189	9072	9987	17416	3182022	339572518	3259536	350013055
12190	3445	3933	9722	3183351	339740661	0	0
12191	3931	8017	6047	3183720	339783530	3205154	342614313
12192	1639	7282	3381	3183928	339807971	0	0
12193	5672	7019	9509	3183953	339811043	4010098	458084605
12194	5039	8742	4128	3184896	339919177	0	0
12195	2729	7016	16346	3185327	339966412	4165876	481597198
12196	2842	7836	9352	3185533	339988514	0	0
12197	401	10163	8750	3185620	339998081	0	0
12198	3665	8825	12659	3185684	340006982	0	0
12199	739	4434	3416	3187196	340179917	4169589	482154605
12200	3950	9027	43884	3187847	340238068	3648692	406047289
12201	2295	5659	9810	3188180	340280193	0	0
12202	1121	3762	1239	3188416	340311769	0	0
12203	2359	8737	17961	3188683	340348171	3841329	433139118
12204	7146	9850	26063	3189620	340470327	0	0
12205	4994	8903	6029	3189724	340486011	0	0
12206	2104	7508	5899	3190189	340551057	0	0
12207	4529	4923	6840	3191036	340654355	3453489	376738254
12208	3655	4678	10904	3191375	340696025	0	0
12209	94	10314	3290	3191986	340767818	0	0
12210	4670	9811	18230	3192245	340795928	4450204	526743406
12211	307	1912	3735	3192496	340827826	0	0
12212	67	5897	3276	3192543	340833332	0	0
12213	2104	4546	10968	3192977	340881121	0	0
12214	1608	5152	1463	3194057	341002275	3402022	369725947
12215	3331	6056	4430	3194195	341017678	0	0
12216	10144	10267	28699	3194376	341035350	3350267	362403585
12217	733	7139	8523	3194830	341097773	0	0
12218	1044	10899	8698	3195400	341166925	0	0
12219	2346	6778	3438	3195615	341193454	4317103	506423170
12220	817	10235	9744	3195726	341207884	4142086	478408419
12221	884	3366	2093	3195932	341230786	3317462	357738423
12222	5240	10975	12889	3196242	341264908	0	0
12223	8100	9630	2879	3196279	341268457	0	0
12224	2890	9860	8283	3196680	341319734	0	0
12225	3457	8803	10809	3196972	341357636	4366557	513597227
12226	4703	7810	8373	3197080	341370791	0	0
12227	5924	11791	3105	3197319	341396791	0	0
12228	7626	11833	19009	3197353	341400178	3475882	380061071
12229	3023	5931	10170	3197815	341465430	0	0
12230	3897	6332	12294	3198155	341511776	0	0
12231	9227	10567	18401	3198403	341547873	0	0
12232	956	7525	17271	3198408	341548886	4246725	493712670
12233	8364	8587	22009	3198450	341556448	0	0
12234	3351	7665	2657	3199779	341783882	0	0
12235	6555	11108	19642	3200546	341889135	0	0
12236	712	2295	4877	3201436	342008009	3218532	344518673
12237	1090	5354	2074	3201676	342041721	0	0
12238	8579	11255	26594	3201936	342066488	3340308	360845867
12239	2380	2756	5271	3202102	342093213	3648653	406041419
12240	1781	9296	10578	3202160	342100921	3985197	454336705
12241	5620	10362	21526	3202266	342117640	0	0
12242	5204	8150	16485	3202383	342136654	4133722	477189590
12243	4915	11970	15119	3203015	342252437	0	0
12244	4349	12029	13145	3203313	342307481	3491005	382298271
12245	168	10764	2501	3203558	342352516	0	0
12246	5705	5765	6737	3203616	342363239	3700079	412904708
12247	3116	5511	8567	3203796	342392501	0	0
12248	1014	9404	8069	3204314	342482004	3688244	411147538
12249	5539	12191	19826	3205154	342614313	0	0
12250	5614	5724	7276	3205475	342659569	0	0
12251	2134	4951	8081	3205801	342714697	3734677	417708866
12252	1333	2247	2144	3206537	342811411	0	0
12253	6391	8282	14142	3207618	342928677	3627831	402956297
12254	4148	4580	3661	3207687	342937150	0	0
12255	9736	10650	18778	3207853	342955023	3489124	382041045
12256	219	11853	23333	3208114	342992141	0	0
12257	3985	6977	5297	3208144	342995752	3727613	416762754
12258	5376	6532	11648	3208535	343054777	3512473	385610960
12259	1364	11169	10807	3208634	343071767	0	0
12260	7448	9690	7691	3208670	343079686	3774386	423621889
12261	4497	6692	18652	3209804	343275145	0	0
12262	4681	5752	12197	3210294	343342388	4287818	501604334
12263	4410	11657	10555	3210385	343356332	3476707	380204452
12264	4485	7748	16603	3210601	343393389	3960525	450895174
12265	199	9063	7558	3210873	343439866	3793095	426524725
12266	1792	1899	3269	3211781	343577219	0	0
12267	2948	7003	9417	3212196	343634085	0	0
12268	8745	9053	8844	3212216	343636377	0	0
12269	5168	5469	5229	3212473	343672921	3756601	420959889
12270	2708	9646	26357	3213052	343746139	0	0
12271	1920	6374	26550	3213073	343748758	3452115	376503256
12272	7027	7547	5420	3213978	343907470	0	0
12273	3710	10328	12880	3214038	343917364	0	0
12274	1390	2247	2019	3214236	343950751	3216194	344240668
12275	5129	5419	10513	3214403	343976906	0	0
12276	1181	3263	4823	3214721	344026883	0	0
12277	4601	8771	6986	3215525	344143388	3750339	420216227
12278	532	9237	3226	3215540	344145423	0	0
12279	5756	10315	13648	3215745	344174967	0	0
12280	3876	12274	5307	3216194	344240668	3684825	410700430
12281	6434	11200	8361	3216769	344320916	0	0
12282	1832	7986	6582	3217823	344443919	0	0
12283	3134	12236	6127	3218532	344518673	3402664	369790957
12284	1187	5782	6131	3218554	344520527	3242580	347527994
12285	1628	6651	7167	3218668	344531885	3343384	361321697
12286	2522	10563	17161	3218700	344534716	0	0
12287	5670	6769	3890	3218727	344537358	0	0
12288	3640	8936	6501	3218815	344549328	3546983	390778922
12289	2018	6971	7507	3219000	344576015	0	0
12290	131	3632	2228	3219795	344681369	3603799	399829400
12291	4030	10843	3865	3220014	344710870	0	0
12292	673	4897	6631	3220103	344721792	3690487	411495555
12293	2877	4629	9552	3220991	344820669	0	0
12294	2461	7930	16783	3221586	344876219	4021746	459763742
12295	2877	6815	11682	3221858	344901711	0	0
12296	6490	10790	12468	3222236	344941975	0	0
12297	1119	9563	24964	3222313	344948619	0	0
12298	3879	8141	15990	3222951	345034404	0	0
12299	2065	2787	3814	3223203	345068087	0	0
12300	4124	10147	17557	3223591	345119955	0	0
12301	6719	11985	27933	3224405	345226330	0	0
12302	4871	10181	7898	3224513	345245356	0	0
12303	3252	3850	4988	3224679	345270429	0	0
12304	6982	9387	6852	3224884	345303058	0	0
12305	633	10402	2963	3225078	345334830	0	0
12306	10306	11868	32414	3226304	345494287	0	0
12307	3972	4428	3846	3227452	345659067	0	0
12308	1186	1205	1271	3227995	345719398	3628780	403102622
12309	2443	7468	13054	3228706	345794252	0	0
12310	7441	11596	24097	3228722	345796172	0	0
12311	2601	9615	3763	3228846	345813775	0	0
12312	7602	10375	7216	3229103	345847659	0	0
12313	5025	6504	6376	3229493	345900196	0	0
12314	3107	6405	13763	3230012	345962254	4026478	460513431
12315	3376	4621	9121	3230020	345963458	4374289	514741443
12316	335	7153	3842	3230377	346009187	0	0
12317	5537	5669	2912	3230519	346028038	0	0
12318	11028	11377	18790	3230558	346033191	4255404	496210892
12319	1043	4878	10435	3230825	346072046	0	0
12320	2016	10593	7421	3230877	346078610	0	0
12321	1802	2876	5411	3231500	346167718	3818565	429903664
12322	9647	10112	17429	3231585	346178349	0	0
12323	3503	6854	7839	3231867	346218117	0	0
12324	3898	9411	25192	3231912	346225332	0	0
12325	6102	6892	10141	3232517	346320325	0	0
12326	8343	8854	10696	3233721	346499804	0	0
12327	8973	10543	12734	3234738	346628203	0	0
12328	749	3344	5055	3235497	346714301	0	0
12329	1216	3992	9670	3236008	346763626	0	0
12330	3885	7414	36214	3236045	346767976	4286458	501349233
12331	635	4567	3200	3236108	346777735	4117105	474680473
12332	3002	3401	6134	3236830	346867934	3872445	438301077
12333	8282	10001	17903	3237394	346938114	0	0
12334	4851	9597	1990	3237685	346975077	0	0
12335	969	1304	1803	3237825	346993149	4366111	513534384
12336	9733	11483	8162	3237850	346996158	0	0
12337	306	5645	11046	3238921	347115635	0	0
12338	10689	11773	21208	3239556	347179322	4049447	464623998
12339	22	8307	2523	3240224	347256319	0	0
12340	803	2904	6044	3240646	347301704	4089333	470531120
12341	5465	6900	7799	3240692	347305554	0	0
12342	1509	5204	16942	3241031	347339408	0	0
12343	7547	7741	15257	3241298	347368738	3819888	430121621
12344	1254	11287	12681	3241480	347391548	0	0
12345	1725	2907	2511	3241516	347397783	0	0
12346	3173	6969	3359	3242330	347497233	0	0
12347	4454	7535	8286	3242340	347497854	4270085	498808165
12348	8582	12284	14592	3242580	347527994	0	0
12349	923	2841	7983	3242933	347574390	3254161	349359923
12350	11906	12132	13440	3243299	347624813	0	0
12351	3664	6106	18705	3243315	347626889	3550437	391374322
12352	1274	2408	3714	3243470	347653967	0	0
12353	7728	9861	17470	3243979	347727225	0	0
12354	4122	12127	9282	3244141	347752650	4127482	476389522
12355	8985	12188	8243	3245393	347937781	0	0
12356	4389	4504	8646	3245613	347965453	0	0
12357	5055	11381	7798	3246211	348044520	0	0
12358	8097	9099	21733	3246439	348073370	0	0
12359	4366	8018	7418	3246714	348111419	0	0
12360	643	4926	7995	3247265	348182050	3545252	390445263
12361	3250	3861	16768	3247605	348222451	0	0
12362	657	11164	24446	3248160	348297147	0	0
12363	1348	7883	7585	3248732	348381172	3967118	451790675
12364	6071	6448	16698	3248816	348392033	0	0
12365	2843	6686	10364	3249064	348429434	4014560	458685713
12366	2430	11470	10065	3249159	348444421	0	0
12367	4436	6112	3536	3249347	348476295	3845139	433740748
12368	9413	11832	32947	3249369	348479874	0	0
12369	5594	8869	8317	3249545	348518711	0	0
12370	2548	7279	6908	3249619	348537318	0	0
12371	980	5826	7848	3249675	348546195	0	0
12372	9665	10396	18553	3250206	348653312	0	0
12373	3125	6986	5341	3250259	348665661	0	0
12374	9018	10793	33132	3251297	348870809	0	0
12375	2144	2866	6911	3253529	349268550	3655474	407140159
12376	593	10910	6972	3253549	349271859	4286734	501399259
12377	1755	9262	3443	3253854	349315722	0	0
12378	4148	12349	9559	3254161	349359923	0	0
12379	293	1758	1686	3254575	349418991	3879336	439306169
12380	7292	9355	11754	3254722	349437932	3289507	354282517
12381	2032	6134	13933	3254816	349450782	0	0
12382	7015	11378	4399	3255194	349507931	0	0
12383	1546	4445	6711	3255935	349611926	0	0
12384	2129	2888	5963	3256158	349640858	0	0
12385	184	6782	1707	3256451	349677745	0	0
12386	2585	3536	5143	3256538	349687562	0	0
12387	7254	12046	16161	3257604	349799032	3430977	373594677
12388	6698	10706	13367	3258180	349865458	0	0
12389	4372	11978	8957	3258221	349869550	0	0
12390	9838	10429	12622	3259023	349959531	0	0
12391	9691	12189	28537	3259536	350013055	0	0
12392	1926	4697	15264	3259904	350067567	3333866	359975191
12393	4592	7859	7740	3260234	350113938	3951036	449642237
12394	3000	10936	20533	3260714	350182877	4357481	512155820
12395	7024	8281	21526	3260879	350210392	0	0
12396	2618	12084	3256	3261060	350244835	4054151	465372986
12397	475	7055	2275	3262908	350515376	0	0
12398	11989	12071	35430	3263092	350539388	0	0
12399	3098	7908	8333	3263620	350625893	0	0
12400	2509	4706	3876	3263664	350631749	0	0
12401	6307	9110	28563	3263955	350673146	3557709	392684607
12402	10338	11033	6930	3264959	350836356	0	0
12403	4079	11866	16536	3265187	350872275	0	0
12404	5764	10302	15331	3265194	350873332	4301876	504151251
12405	743	7797	3474	3265206	350875044	0	0
12406	9222	9697	38067	3265434	350915531	3701368	413090427
12407	9583	9830	10981	3266002	351035177	0	0
12408	3787	9390	9381	3267231	351240809	0	0
12409	5417	5449	7287	3267837	351326845	0	0
12410	6742	8435	14484	3267873	351332457	0	0
12411	10327	11032	51257	3267994	351351121	0	0
12412	8851	8967	15474	3268645	351488632	0	0
12413	924	11507	4506	3268999	351557256	3430589	373536965
12414	4693	10971	2749	3269992	351732481	0	0
12415	7745	9821	16746	3270419	351798307	0	0
12416	7956	9800	21681	3270653	351836068	0	0
12417	1184	10836	4458	3272099	352058085	4233975	491631704
12418	3553	6154	7061	3273009	352165502	0	0
12419	5081	7981	12237	3273615	352233045	0	0
12420	196	8694	735	3273779	352250280	3810215	428713446
12421	5015	11515	18315	3273884	352262162	0	0
12422	851	9897	13547	3273946	352270408	0	0
12423	3607	12038	10232	3274600	352350482	0	0
12424	4054	8510	2885	3275016	352402392	0	0
12425	1143	6430	3244	3275147	352417999	0	0
12426	1382	5889	4388	3275885	352496324	0	0
12427	495	5028	2742	3276426	352548147	0	0
12428	6229	9692	4882	3276886	352588807	0	0
12429	4553	11015	8178	3278106	352693308	4328987	508124533
12430	1823	5249	5962	3278117	352693945	0	0
12431	2157	5170	11884	3278440	352719454	0	0
12432	7424	9185	17493	3278695	352740930	0	0
12433	7947	8927	11707	3279025	352774762	0	0
12434	3547	7556	7011	3279259	352798652	3724194	416314242
12435	5098	9094	14469	3279323	352805731	0	0
12436	9911	11039	23159	3279756	352852927	0	0
12437	1193	2447	4197	3280098	352901966	0	0
12438	1557	10847	15894	3280829	352997629	3550805	391437585
12439	5175	7096	8198	3281251	353053235	0	0
12440	212	9232	13536	3282167	353169244	4417424	521668907
12441	3354	7871	20249	3282392	353200656	0	0
12442	3698	11542	17282	3282838	353257212	0	0
12443	4915	11360	30753	3283109	353291751	0	0
12444	953	3576	4021	3283243	353315905	3618304	401681717
12445	14	3158	3108	3283627	353379301	0	0
12446	1915	4247	9660	3284195	353466287	0	0
12447	9845	11085	28748	3284407	353495187	3906576	443680079
12448	8588	10299	10041	3285275	353631503	0	0
12449	2609	6568	7305	3285358	353645112	4310795	505452279
12450	9602	10980	10228	3285584	353683646	4264524	497937299
12451	1391	8420	8077	3286249	353781711	0	0
12452	1018	1316	2174	3286401	353804059	3993332	455549573
12453	1491	4093	5633	3286512	353820198	3332243	359793997
12454	7589	11829	15976	3286607	353834601	4027203	460652977
12455	433	10889	19202	3286698	353848259	0	0
12456	6511	10888	16545	3287086	353917124	0	0
12457	3161	8943	3373	3288562	354156142	3756930	421002243
12458	4316	11968	9515	3288847	354193724	0	0
12459	8854	9293	10509	3289327	354258686	3341131	360994198
12460	7694	12380	17738	3289507	354282517	0	0
12461	2256	4823	1557	3290110	354369707	0	0
12462	1939	10288	4559	3290683	354451563	0	0
12463	6593	9391	27964	3290872	354476045	0	0
12464	4742	8480	8680	3291059	354501263	3393866	368747911
12465	7985	8157	10857	3291966	354619339	0	0
12466	367	560	379	3292974	354733758	3849577	434422101
12467	1594	9785	8768	3293041	354741276	0	0
12468	958	4635	11557	3293169	354753703	0	0
12469	4955	10528	9975	3293849	354828642	0	0
12470	3364	5864	6695	3293858	354829529	4263998	497838074
12471	646	2140	907	3294607	354907651	4010385	458119752
12472	677	7097	17504	3294691	354916120	4009045	457931652
12473	6682	10176	30697	3294982	354948962	0	0
12474	1368	7285	2313	3295222	354980526	0	0
12475	3395	3677	9933	3295625	355029321	0	0
12476	8940	11742	4523	3295771	355044623	0	0
12477	6434	10095	5201	3296442	355125507	3624035	402443308
12478	5183	7087	10952	3296814	355165123	3788333	425944270
12479	3867	6644	5456	3296826	355167064	3800397	427349430
12480	8400	11260	23129	3296985	355187218	0	0
12481	6427	11384	21542	3297110	355206868	3503481	384202216
12482	3142	3762	2520	3297540	355272115	0	0
12483	5191	12185	10997	3297546	355273133	4053643	465282879
12484	555	2135	5990	3297631	355286010	0	0
12485	3351	11419	17729	3297793	355315712	0	0
12486	3379	8356	15681	3298526	355445959	0	0
12487	1516	2496	1086	3300231	355710851	0	0
12488	10355	11071	9561	3300500	355747480	0	0
12489	4880	5513	19075	3300748	355778026	3907365	443815355
12490	3596	11829	13405	3302532	356001263	0	0
12491	4468	10385	4336	3302937	356045729	0	0
12492	2542	7889	7745	3303096	356060569	0	0
12493	7626	7721	5485	3303407	356097477	0	0
12494	261	2669	4415	3303687	356124563	0	0
12495	9479	10183	9821	3303908	356146991	4375059	514854397
12496	74	3986	2515	3304232	356180219	3489124	382041045
12497	4914	7889	12797	3304885	356244657	0	0
12498	1827	5515	8849	3305141	356270052	3561084	393220932
12499	7851	8508	5130	3305170	356272351	0	0
12500	2301	9094	11540	3306121	356359543	3719170	415611398
12501	6750	7702	8557	3306645	356406572	3968928	452034981
12502	7782	11309	17885	3306695	356411553	0	0
12503	3553	5073	6422	3307325	356480644	0	0
12504	880	11863	10314	3307745	356520790	0	0
12505	5620	7629	5120	3307939	356540838	4003323	457101719
12506	3631	12117	9430	3308516	356604965	3366853	365228563
12507	1572	10050	8058	3308682	356621774	0	0
12508	1875	5360	6015	3309805	356738609	3857673	435832228
12509	9399	10257	19927	3309875	356746066	0	0
12510	1104	2970	3678	3310037	356762659	0	0
12511	1047	8018	6302	3310457	356807612	0	0
12512	1356	11904	7676	3310911	356859864	0	0
12513	7366	8219	4597	3311328	356903183	0	0
12514	1236	11985	14819	3311350	356905148	0	0
12515	4466	11848	15318	3311489	356921805	0	0
12516	2261	7357	13451	3312471	357045449	0	0
12517	84	9671	10427	3312569	357057688	0	0
12518	465	8182	4218	3312682	357073162	3892179	441369584
12519	1325	12143	14786	3312995	357114278	0	0
12520	6938	11139	20883	3313327	357156101	0	0
12521	8970	11775	9017	3313694	357212281	3859823	436210624
12522	6924	10452	25500	3314651	357356783	0	0
12523	1575	7461	3540	3315653	357503207	0	0
12524	8243	8554	6956	3315850	357528653	0	0
12525	646	5620	2895	3315885	357533378	0	0
12526	1018	5379	3358	3316370	357596194	0	0
12527	6567	7272	10713	3316452	357607504	0	0
12528	9686	10853	16475	3316865	357661851	3452039	376491904
12529	659	12221	3213	3317462	357738423	0	0
12530	4066	4379	11963	3318059	357808942	0	0
12531	6708	10740	17278	3318085	357810604	0	0
12532	7495	8968	11889	3318109	357813763	0	0
12533	5492	6905	13822	3318420	357860314	3937039	447669000
12534	1494	10010	17598	3318872	357932069	0	0
12535	6026	9197	10289	3318963	357944489	3403622	369904851
12536	5547	6030	10998	3319217	357984684	4163613	481370820
12537	740	4587	7715	3319676	358050715	0	0
12538	4072	9114	9793	3319746	358059684	0	0
12539	2060	7383	17591	3319750	358060398	4109479	473527366
12540	3936	5426	13428	3319894	358087452	3412606	371043379
12541	110	5218	7777	3320176	358135669	0	0
12542	7298	7315	3451	3320354	358167030	0	0
12543	792	1825	1035	3320588	358211059	0	0
12544	2961	10709	6724	3320869	358256831	3484589	381393232
12545	4561	8771	6112	3320937	358268689	0	0
12546	2251	10427	3497	3321618	358376390	0	0
12547	2199	7709	13997	3322662	358512865	4226787	490421660
12548	2081	9709	9397	3323496	358617414	0	0
12549	35	427	239	3324322	358709634	0	0
12550	4301	7340	4397	3324416	358719509	3545509	390484328
12551	5197	9446	5274	3324433	358720926	0	0
12552	608	8052	16575	3324653	358741500	4120244	475240555
12553	3564	5951	2210	3324804	358759993	3720335	415782966
12554	10124	10382	22031	3324913	358772179	3749415	420080068
12555	2166	9444	14426	3325060	358792885	3476649	380194224
12556	1497	5740	12464	3325444	358851032	0	0
12557	5556	10002	4447	3325562	358869242	0	0
12558	9973	10298	13951	3325758	358897545	0	0
12559	10888	11090	25504	3326402	359003302	0	0
12560	181	2189	4388	3326494	359017065	0	0
12561	2175	4695	5046	3326621	359042274	0	0
12562	4316	11576	13724	3327026	359104179	0	0
12563	2348	11369	3899	3327751	359225224	3537919	389437350
12564	8900	11022	16069	3328527	359332593	0	0
12565	253	8990	3520	3328593	359341618	3824609	430848263
12566	5907	11791	6391	3329100	359417422	0	0
12567	10244	10340	10466	3330374	359569680	0	0
12568	4598	7102	10621	3330708	359607998	0	0
12569	451	1875	1617	3331089	359652884	3654747	407050021
12570	3650	6984	7382	3331102	359654345	0	0
12571	2249	12221	2560	3331130	359658470	0	0
12572	158	4218	2262	3331161	359662308	0	0
12573	6524	7010	23439	3331766	359736297	0	0
12574	1723	7475	1854	3332190	359789145	4213766	488510120
12575	7504	12453	10094	3332243	359793997	3353200	362969892
12576	7631	12067	13736	3332918	359869751	4170689	482347665
12577	1269	1833	1208	3333824	359970991	4444426	525847388
12578	4574	12392	25571	3333866	359975191	3979655	453501392
12579	137	4885	4821	3333881	359977212	0	0
12580	771	6453	11945	3333889	359978279	0	0
12581	8490	8601	43999	3334155	360015892	3768712	422562997
12582	2816	9159	2643	3334450	360070602	0	0
12583	2940	8731	12810	3335662	360257682	3505094	384445882
12584	3020	5510	9683	3336685	360389046	0	0
12585	7955	10494	15785	3336799	360405486	0	0
12586	2433	2594	3593	3336974	360428682	4029460	461024353
12587	396	1966	1001	3337550	360504490	0	0
12588	921	11315	1646	3338146	360572751	0	0
12589	5948	8300	22046	3338286	360585056	3624923	402552797
12590	4738	9187	13779	3338518	360617047	0	0
12591	6204	7741	12668	3339044	360683429	0	0
12592	8830	9066	21449	3339354	360723056	0	0
12593	153	1528	1708	3339575	360752969	0	0
12594	2833	6912	10117	3339972	360799881	3618106	401659412
12595	9863	12238	42726	3340308	360845867	0	0
12596	2322	4502	4180	3340557	360893435	4382320	515840381
12597	6624	6671	14678	3341051	360980975	0	0
12598	898	12459	10913	3341131	360994198	3741664	418735772
12599	2581	2995	2926	3341847	361119588	0	0
12600	11918	12285	11080	3343384	361321697	3897862	442251306
12601	111	4049	1197	3343896	361390198	0	0
12602	26	7496	8519	3344323	361439522	0	0
12603	4623	12069	18240	3345183	361534581	3777613	424146132
12604	1551	12095	7116	3345281	361546673	0	0
12605	2210	2626	3973	3345431	361566898	4222437	489784687
12606	570	6644	3998	3345813	361610007	3423640	372374378
12607	3268	6439	11583	3346248	361661312	3466346	378717026
12608	1686	10398	27595	3346799	361723215	0	0
12609	6887	10448	3614	3346961	361750653	0	0
12610	3161	12105	40419	3347187	361781479	3929642	446640976
12611	46	10859	22947	3347401	361821609	0	0
12612	2031	12380	13924	3347899	361933881	0	0
12613	1336	6748	2710	3348085	361970982	3466670	378774070
12614	7974	11809	18968	3348385	362029295	0	0
12615	3953	11747	6758	3348656	362090105	0	0
12616	8272	10280	21152	3349130	362184584	0	0
12617	3583	8729	14911	3350264	362403535	3823157	430614818
12618	5128	12216	33071	3350267	362403585	0	0
12619	9312	9850	13942	3350497	362446911	0	0
12620	3544	8182	4579	3350717	362496085	4212017	488219295
12621	1147	7034	14414	3350964	362549697	0	0
12622	9648	11516	10287	3351547	362670014	0	0
12623	3191	5380	8384	3351791	362720172	0	0
12624	1423	8702	6492	3351881	362737408	0	0
12625	702	6975	4544	3352963	362933220	0	0
12626	2002	8691	11252	3353074	362951223	0	0
12627	7115	12575	15793	3353200	362969892	0	0
12628	341	4046	3086	3353644	363054192	0	0
12629	3013	9453	14550	3353815	363081446	0	0
12630	2823	8182	4841	3354268	363165883	0	0
12631	974	8097	13365	3354844	363257129	0	0
12632	5115	6844	22257	3355122	363299802	0	0
12633	3564	12127	7540	3355525	363369470	3651841	406650983
12634	2632	11240	4853	3356005	363440444	0	0
12635	4134	8076	6462	3356094	363455274	4099136	472097631
12636	4297	11209	13354	3356530	363519615	4208062	487505756
12637	6046	10668	24457	3356764	363558625	3578912	395976624
12638	1041	10187	5094	3356995	363603257	0	0
12639	7746	8190	15983	3357123	363625032	0	0
12640	7676	8987	7964	3358259	363830226	3391102	368406529
12641	9193	9337	13078	3358277	363833720	0	0
12642	8665	8815	7338	3358795	363917851	0	0
12643	2342	9006	16548	3359053	363956592	0	0
12644	6768	7426	5929	3359432	364024229	0	0
12645	3459	9823	11793	3360778	364212245	3679575	410020723
12646	1847	8837	8305	3360937	364237170	0	0
12647	573	3273	2775	3361098	364257124	0	0
12648	8645	12031	18777	3361159	364264685	0	0
12649	10411	11689	28806	3361170	364266118	3518605	386531271
12650	345	3990	8772	3361206	364272350	0	0
12651	3887	7369	4740	3361862	364383348	0	0
12652	3270	11132	19519	3362172	364429941	0	0
12653	4656	7979	22113	3362461	364479067	4290477	502075257
12654	848	10034	12783	3362692	364524118	3970753	452292480
12655	1427	5402	29187	3362793	364542714	0	0
12656	4907	5808	11473	3365013	364963311	3708300	414069379
12657	4841	11938	16002	3365735	365067104	0	0
12658	6275	7176	5923	3365840	365083388	4116720	474612675
12659	2621	10737	8462	3365927	365096709	4231330	491139295
12660	6671	7139	12587	3366124	365124115	0	0
12661	2556	12506	10579	3366853	365228563	0	0
12662	1889	4903	6168	3367093	365264777	0	0
12663	3305	7563	9588	3367149	365273754	0	0
12664	2183	9490	14000	3368050	365405522	0	0
12665	230	8459	2058	3369303	365563418	0	0
12666	2562	3914	11192	3369631	365600659	0	0
12667	5399	8397	26769	3370229	365657077	0	0
12668	6592	8681	24990	3370349	365672648	4080508	469047774
12669	5936	6393	14216	3370915	365757003	0	0
12670	940	4275	3005	3370997	365768768	0	0
12671	9099	11570	22751	3371193	365797759	3741912	418785675
12672	2414	7775	18137	3371226	365803277	0	0
12673	841	3545	2425	3371706	365890042	0	0
12674	4858	10507	14245	3371828	365908906	0	0
12675	5843	7961	15309	3372446	366027607	0	0
12676	5090	6663	6667	3373271	366165608	0	0
12677	4499	6701	9602	3373451	366193287	0	0
12678	394	7533	12886	3373880	366254956	0	0
12679	710	5676	7386	3375533	366467738	0	0
12680	95	3846	1390	3375615	366478063	3959010	450735807
12681	4063	7675	10214	3375926	366509301	3809805	428652248
12682	8221	11523	23010	3375991	366516402	0	0
12683	9114	9682	11152	3377300	366669698	0	0
12684	1480	4914	6925	3377581	366701246	0	0
12685	8041	8664	8747	3377901	366742627	0	0
12686	2960	4820	8661	3378944	366848360	0	0
12687	4086	6833	10565	3379240	366878702	0	0
12688	4984	6979	22507	3379499	366907208	0	0
12689	4353	8828	13930	3379576	366915807	3533732	388903693
12690	1926	11234	24104	3379852	366950210	0	0
12691	3331	11824	11647	3379932	366965083	4220404	489491355
12692	4356	6598	5990	3380270	367017741	0	0
12693	924	5490	10367	3380881	367111993	0	0
12694	196	8707	6232	3380963	367125184	0	0
12695	1372	7163	15059	3381867	367252746	0	0
12696	1598	4130	5461	3382944	367388768	0	0
12697	1271	8769	17773	3383172	367414706	0	0
12698	3355	4442	2842	3383461	367451224	3495971	383041122
12699	7398	8296	7430	3383838	367494623	0	0
12700	4146	5048	12241	3383947	367510721	0	0
12701	11079	11858	17861	3384316	367552745	0	0
12702	7239	7959	30305	3385748	367724004	0	0
12703	8908	10467	24150	3386904	367857640	0	0
12704	594	3296	5368	3386913	367858410	0	0
12705	1162	9660	20306	3387170	367891025	0	0
12706	2209	6025	8121	3388180	368032263	3871561	438158130
12707	7405	7653	6928	3388375	368054058	0	0
12708	7112	10440	7547	3388656	368089972	0	0
12709	8979	11609	18777	3388968	368130424	0	0
12710	2354	3772	680	3389386	368185358	0	0
12711	382	5548	3717	3389535	368205900	0	0
12712	609	8768	44365	3390335	368298389	0	0
12713	158	12640	8321	3391102	368406529	0	0
12714	8583	11973	2179	3391129	368410143	0	0
12715	2787	6700	15306	3391303	368433102	0	0
12716	4288	8339	13245	3391511	368461618	0	0
12717	2058	6625	9972	3393028	368656775	3688142	411132859
12718	5557	12464	10359	3393866	368747911	0	0
12719	2971	10775	27488	3393949	368758176	0	0
12720	2858	4290	3633	3394120	368783240	0	0
12721	2922	9712	5251	3394153	368787192	0	0
12722	116	3646	2021	3394161	368787668	0	0
12723	9258	11445	19091	3396051	369021570	0	0
12724	10108	10789	13734	3396547	369077179	0	0
12725	1083	5541	7920	3396926	369118142	0	0
12726	1280	4305	3166	3396929	369118463	0	0
12727	4791	8046	14936	3397035	369131154	0	0
12728	8804	10310	21819	3397209	369154204	0	0
12729	2914	7313	3783	3397531	369197666	0	0
12730	2844	5721	12417	3398035	369264473	0	0
12731	2154	6639	3629	3398264	369295986	0	0
12732	2051	3575	5793	3398491	369324865	0	0
12733	9440	11236	14371	3398792	369360705	0	0
12734	6027	7614	10213	3398949	369380681	0	0
12735	8361	10522	3274	3399818	369487405	0	0
12736	7027	8428	9026	3400385	369550148	0	0
12737	8211	11521	13820	3400568	369568598	0	0
12738	3989	4172	4748	3400590	369573542	0	0
12739	7685	9226	2842	3400971	369615687	3436981	374346710
12740	4855	6569	3313	3401593	369684827	0	0
12741	4271	12214	3169	3402022	369725947	0	0
12742	3183	11320	13709	3402170	369740133	0	0
12743	635	1578	2384	3402222	369745066	0	0
12744	5391	12283	13477	3402664	369790957	0	0
12745	4858	4911	14614	3402803	369806865	3526795	387926595
12746	7197	12535	14769	3403622	369904851	0	0
12747	5216	5656	4125	3403822	369929793	0	0
12748	1238	7875	14829	3404002	369950704	3780398	424760997
12749	5036	5420	8463	3405062	370079148	0	0
12750	1796	3113	1596	3405513	370125480	0	0
12751	844	10041	28793	3405710	370145473	3570779	394455676
12752	6556	11752	11790	3406952	370307532	0	0
12753	2028	7445	8589	3407093	370325949	0	0
12754	6845	8042	14188	3407743	370404915	0	0
12755	3952	5727	6897	3407967	370428679	0	0
12756	2419	3329	12507	3408390	370480253	0	0
12757	1088	9975	8500	3408862	370532134	0	0
12758	9273	10477	32532	3409069	370555991	0	0
12759	3265	3575	3888	3409998	370701171	0	0
12760	57	711	817	3410502	370765691	0	0
12761	7	1059	556	3410603	370776728	0	0
12762	9518	11232	20266	3410794	370797217	0	0
12763	4288	9833	33435	3411480	370886122	0	0
12764	6490	12540	22560	3412606	371043379	0	0
12765	1528	6562	8446	3412745	371066262	0	0
12766	3652	9016	19824	3413251	371142960	4034164	461798643
12767	2660	6690	5432	3414891	371355658	0	0
12768	5704	9039	10271	3415706	371439364	0	0
12769	4359	8248	7679	3415848	371453807	0	0
12770	7527	9693	19851	3416335	371507820	0	0
12771	6374	9053	26226	3416995	371592456	4298075	503404819
12772	2026	3562	4438	3417381	371646480	0	0
12773	2206	2971	10003	3417850	371704030	0	0
12774	8798	9306	10303	3417902	371709869	0	0
12775	4876	6673	8103	3418529	371791425	0	0
12776	3529	6663	6474	3418753	371815565	0	0
12777	3231	8046	11546	3419637	371910429	4250624	494965201
12778	844	3076	3663	3419673	371915520	4061057	466233511
12779	1478	7947	5167	3419698	371919290	0	0
12780	1999	10301	8006	3420414	371995362	3702252	413249869
12781	7950	10183	15517	3420416	371995382	0	0
12782	2703	11806	25191	3421357	372102882	0	0
12783	2011	12048	8605	3421443	372114091	0	0
12784	2549	6909	13548	3422774	372268235	0	0
12785	536	8682	13169	3423053	372303310	0	0
12786	11864	12606	11079	3423640	372374378	0	0
12787	5068	10846	24236	3424341	372458267	4116318	474535636
12788	5286	11728	43958	3424981	372543023	0	0
12789	1536	10547	28347	3425102	372566489	0	0
12790	9966	10506	27896	3426034	372750898	0	0
12791	50	9142	13555	3426058	372754368	0	0
12792	4932	9799	10606	3427348	373003080	0	0
12793	1460	4347	3004	3427524	373033405	0	0
12794	8236	11706	16255	3427555	373040064	3524753	387620199
12795	7535	11842	9537	3427657	373060118	0	0
12796	5891	11792	23556	3428640	373231188	0	0
12797	11061	11945	13838	3429799	373415700	3591735	397746627
12798	3831	6439	3135	3430004	373448955	0	0
12799	5502	10775	26779	3430309	373490973	0	0
12800	7874	12413	8382	3430589	373536965	0	0
12801	6840	12387	23444	3430977	373594677	0	0
12802	2535	10456	11995	3431870	373747838	3448460	375899352
12803	5181	5362	9531	3433188	373931818	0	0
12804	1288	9317	7175	3433375	373951515	0	0
12805	158	5079	634	3434326	374059278	4275893	499856727
12806	2310	6861	6945	3434586	374086579	0	0
12807	6573	7553	2610	3435512	374173320	0	0
12808	5758	8721	24432	3435645	374183723	3460395	377893860
12809	1244	4461	4100	3436217	374249795	3838121	432757177
12810	3628	5397	7995	3436358	374264432	0	0
12811	3605	7771	3464	3436595	374290144	0	0
12812	9136	10756	21101	3436712	374302845	0	0
12813	5604	8747	32951	3436714	374302851	0	0
12814	6794	12739	10637	3436981	374346710	0	0
12815	2641	6099	8711	3437809	374476727	0	0
12816	181	9281	10065	3439085	374641741	4018266	459287746
12817	6370	8117	17212	3439162	374650886	3710782	414394962
12818	9258	9681	13665	3440348	374792986	0	0
12819	1359	3766	3188	3440533	374812343	0	0
12820	983	3124	1781	3440642	374825046	0	0
12821	4069	9758	15175	3441337	374901221	0	0
12822	1087	11817	20729	3441368	374904896	0	0
12823	11704	11973	16910	3441820	374966845	4031280	461251294
12824	2862	7101	4319	3442514	375070044	0	0
12825	8376	10953	12598	3442575	375078412	0	0
12826	1085	8410	9071	3442925	375124766	3721068	415897224
12827	4250	7258	5204	3443088	375149482	0	0
12828	7900	9280	16150	3444331	375317164	0	0
12829	1059	9015	2967	3445030	375404375	3759121	421298183
12830	1099	10732	12530	3445578	375461737	0	0
12831	7597	11432	37864	3445972	375504954	0	0
12832	9056	10327	23484	3446112	375530401	0	0
12833	2932	6912	13135	3446603	375613840	0	0
12834	2897	11126	9985	3446807	375646650	4292213	502430094
12835	5378	6471	13883	3447863	375811115	3778268	424310971
12836	7832	11924	25151	3448249	375861858	0	0
12837	580	10141	8488	3448337	375875495	0	0
12838	11761	12802	13291	3448460	375899352	3743937	419204189
12839	5279	7390	11010	3448658	375937427	0	0
12840	4524	5918	12477	3448696	375944789	0	0
12841	8746	10814	8373	3450258	376216556	0	0
12842	5536	10507	16201	3450274	376220012	0	0
12843	6080	11569	13300	3450830	376312258	0	0
12844	1122	12528	18119	3452039	376491904	0	0
12845	7256	12271	29774	3452115	376503256	0	0
12846	1223	3047	9359	3452680	376602002	0	0
12847	4896	6571	4540	3452983	376656565	4035083	461971933
12848	792	2096	2656	3453161	376685058	0	0
12849	4407	12207	8219	3453489	376738254	0	0
12850	1261	12173	5922	3454086	376828557	4334610	508878123
12851	2227	5941	6035	3454501	376887243	0	0
12852	10458	11977	64344	3454527	376891857	0	0
12853	3557	5373	17152	3454693	376927621	3527175	388000407
12854	3535	3576	4660	3455856	377167340	3491960	382441545
12855	1377	3197	7593	3456352	377245833	0	0
12856	2849	9725	6783	3456386	377250963	3642034	404854172
12857	2293	4525	4080	3456566	377279489	3818776	429934120
12858	7494	11149	22410	3456739	377308945	0	0
12859	2859	11450	2272	3457242	377405393	0	0
12860	4614	4624	4802	3457551	377451107	0	0
12861	9894	10368	15990	3457693	377472743	3861766	436567270
12862	6626	8093	16565	3458166	377558752	0	0
12863	823	2811	3461	3458712	377652410	0	0
12864	1382	8342	13081	3459326	377749683	0	0
12865	1682	8017	5358	3459906	377829195	4311702	505581622
12866	850	7267	2897	3459965	377836613	0	0
12867	7227	12808	35508	3460395	377893860	0	0
12868	4283	10467	12112	3460399	377893995	3672452	409171790
12869	5428	10700	12175	3462073	378142917	0	0
12870	10271	11025	19657	3462144	378152894	0	0
12871	1681	10506	17125	3462607	378221660	0	0
12872	1271	7976	3296	3463373	378332555	0	0
12873	296	7063	10193	3464108	378426782	0	0
12874	397	12055	13777	3464146	378430319	0	0
12875	342	11742	3036	3464717	378510930	0	0
12876	1861	2106	2983	3465222	378572402	0	0
12877	5451	9875	15495	3465329	378584592	0	0
12878	3034	5737	13074	3465901	378659387	0	0
12879	7136	10642	14565	3466038	378675584	0	0
12880	3112	6772	11510	3466255	378704648	0	0
12881	869	12607	11894	3466346	378717026	0	0
12882	6885	11591	15291	3466437	378732821	4370690	514193701
12883	11523	12613	16714	3466670	378774070	3514858	385945928
12884	3855	10498	2565	3467023	378837752	4204487	486971285
12885	1751	9765	19740	3467158	378859638	4261857	497426316
12886	2339	3072	7694	3467567	378941775	0	0
12887	3635	10399	6408	3468477	379105046	3545252	390445263
12888	416	7898	23235	3468725	379141677	0	0
12889	3556	9997	2674	3468847	379162109	0	0
12890	4453	12039	10854	3469500	379266512	0	0
12891	679	6736	946	3469572	379277517	0	0
12892	1532	7131	3948	3469869	379321747	0	0
12893	2953	5496	7151	3469885	379324936	0	0
12894	365	3289	6962	3470546	379415674	3962385	451148379
12895	10300	11793	13444	3470738	379442083	3719164	415610232
12896	2486	7863	5306	3470766	379445809	4119865	475181894
12897	3013	6774	13111	3471124	379503095	0	0
12898	2591	5909	4315	3471181	379510088	0	0
12899	2778	4092	4908	3471257	379521820	0	0
12900	2544	9498	14386	3472898	379752526	3664887	408231998
12901	443	845	472	3473005	379767172	4379316	515465841
12902	3561	5939	6802	3474712	379939208	0	0
12903	2065	7008	14518	3474978	379962006	0	0
12904	4070	11194	22261	3475296	379992594	3640826	404642676
12905	8196	10913	17275	3475836	380054691	3530532	388536680
12906	1908	11988	16178	3475871	380059677	0	0
12907	2295	12228	22221	3475882	380061071	0	0
12908	5411	6168	9677	3476045	380091954	0	0
12909	5635	12555	20858	3476649	380194224	0	0
12910	7597	12263	11286	3476707	380204452	3575059	395340220
12911	2129	11097	15100	3477322	380311465	0	0
12912	4893	5012	7766	3477550	380363504	0	0
12913	1189	11460	8713	3479037	380604263	0	0
12914	69	7812	7266	3479058	380607545	4364532	513340409
12915	3859	4186	6371	3479214	380632539	0	0
12916	4986	10957	24249	3479391	380660098	0	0
12917	334	647	946	3479394	380661117	0	0
12918	8585	8894	14610	3479938	380754765	0	0
12919	1505	10203	18810	3481124	380940318	0	0
12920	2732	9961	8264	3481790	381034506	0	0
12921	2845	8091	4099	3482125	381076289	0	0
12922	6263	9998	12023	3482664	381141762	0	0
12923	1398	2405	1837	3483107	381194297	0	0
12924	7729	11254	19122	3483142	381198541	0	0
12925	1139	2184	3932	3483550	381253191	0	0
12926	3268	12125	12580	3483574	381256436	4242397	492970208
12927	845	9238	6591	3484004	381319589	0	0
12928	3204	4430	9701	3484435	381375056	0	0
12929	5638	12544	8287	3484589	381393232	0	0
12930	424	10628	6345	3484952	381443273	4092106	470929981
12931	2817	11885	9729	3485083	381459965	0	0
12932	1728	6387	1910	3485126	381466453	3559741	393016545
12933	4859	5042	7946	3485745	381546545	0	0
12934	6446	9834	24685	3485902	381568633	0	0
12935	5142	6467	19655	3486019	381589591	0	0
12936	4957	5987	17312	3486344	381641882	4393629	517323234
12937	5695	7335	7854	3487167	381771043	0	0
12938	6085	10586	31226	3488466	381946798	0	0
12939	12255	12496	21293	3489124	382041045	3728264	416834945
12940	5607	9891	11175	3490217	382194753	3598499	398974105
12941	7134	9290	10314	3490661	382250227	0	0
12942	1233	11524	6658	3490890	382280811	3847702	434150003
12943	8096	12244	20905	3491005	382298271	0	0
12944	5587	10158	23725	3491587	382383145	4399135	518573876
12945	2234	7939	10474	3491594	382383992	3715390	415065252
12946	3846	12854	5996	3491960	382441545	0	0
12947	3765	8580	24994	3492244	382482103	0	0
12948	482	4032	7301	3493503	382698093	0	0
12949	7697	9823	26777	3493687	382725908	0	0
12950	8431	11393	7115	3494360	382825009	0	0
12951	8042	11775	11178	3494422	382833993	0	0
12952	3093	4036	5197	3495051	382924902	0	0
12953	7840	8473	7144	3495635	382997461	0	0
12954	6937	12698	10440	3495971	383041122	0	0
12955	7115	11334	7656	3496283	383081222	0	0
12956	1310	8120	13633	3496402	383095860	4308273	505085551
12957	245	1640	2666	3496606	383125387	0	0
12958	2975	9605	4541	3496912	383168345	0	0
12959	186	11356	9082	3497111	383196442	4046533	464185989
12960	1552	2407	3458	3497355	383233339	3903451	443192387
12961	1088	5753	10020	3497640	383270232	0	0
12962	3196	11523	15002	3497858	383296375	0	0
12963	10751	11066	15566	3497881	383298916	4043338	463532380
12964	186	4731	2917	3498220	383356192	4297758	503352937
12965	5448	6789	19332	3498947	383461391	0	0
12966	10027	10674	45461	3498998	383469381	0	0
12967	992	2926	6293	3499344	383538343	0	0
12968	3659	8363	4884	3500123	383677848	4051915	464996240
12969	3053	6157	4428	3500146	383680957	0	0
12970	1576	8741	21520	3500995	383814679	0	0
12971	8188	10404	22747	3501614	383907827	4404554	519454716
12972	7098	7963	10040	3501990	383968116	3795141	426781653
12973	1462	1788	2006	3502035	383975333	0	0
12974	5695	5811	9867	3502361	384027965	0	0
12975	4386	7237	12247	3503210	384161150	0	0
12976	7740	12481	25261	3503481	384202216	0	0
12977	8344	9363	7790	3503844	384258527	0	0
12978	4168	6646	8529	3504556	384365015	0	0
12979	11656	12583	52053	3505094	384445882	0	0
12980	123	3962	4698	3505655	384555712	3640510	404599596
12981	5694	11634	27624	3507135	384803844	4246302	493617973
12982	2921	4859	9033	3507469	384856967	0	0
12983	7573	7933	12937	3507479	384859487	0	0
12984	6545	9186	25657	3507531	384868976	3937039	447669000
12985	678	2888	5017	3507917	384945487	0	0
12986	1904	9752	8748	3509272	385158520	3721281	415927908
12987	6320	10611	16914	3509810	385234215	0	0
12988	6959	10483	10466	3509874	385247568	0	0
12989	8451	9857	18294	3510512	385343470	0	0
12990	6363	6501	9567	3511388	385473124	4026445	460508143
12991	2266	8588	5766	3512095	385563418	0	0
12992	2003	12085	7672	3512265	385585575	0	0
12993	9559	12258	18129	3512473	385610960	0	0
12994	2890	10815	10704	3512945	385673649	0	0
12995	5012	5538	14948	3513040	385684844	4142086	478408419
12996	695	6838	8240	3513652	385775179	0	0
12997	118	11354	12447	3513699	385782796	0	0
12998	7928	11346	5234	3514579	385911949	3939070	447977749
12999	10837	12883	27224	3514858	385945928	0	0
13000	5691	9592	13074	3515504	386043976	0	0
13001	8179	12105	40227	3516083	386131656	0	0
13002	8604	9490	24362	3516564	386206013	0	0
13003	10972	11287	15417	3516938	386276263	0	0
13004	9905	11654	13318	3518503	386518938	0	0
13005	12014	12649	54139	3518605	386531271	0	0
13006	2781	6006	11355	3518942	386601709	4300558	503899544
13007	6704	9874	12085	3519056	386625907	0	0
13008	2327	3319	2099	3519113	386637270	3918158	445101136
13009	3588	7630	27013	3519369	386686777	0	0
13010	3438	6654	6383	3519671	386755023	4002529	457009060
13011	1704	3081	4687	3520581	386942469	0	0
13012	8121	10946	13951	3520910	387000057	0	0
13013	2110	4061	7552	3521005	387015740	3975169	452857917
13014	4417	7850	22719	3521832	387159118	0	0
13015	4129	7255	5563	3521961	387178671	4330182	508305431
13016	2630	11430	5148	3522477	387263179	0	0
13017	10142	11843	25240	3522619	387283593	0	0
13018	157	9078	5556	3524057	387526238	0	0
13019	941	12794	17073	3524753	387620199	4439375	525108316
13020	9887	11048	13791	3525363	387700514	0	0
13021	8330	9921	14207	3525598	387734113	0	0
13022	7982	8270	26787	3525916	387782093	4136737	477603525
13023	2568	9703	6076	3526547	387886895	4250915	495080384
13024	6259	12745	29224	3526795	387926595	3647730	405852538
13025	114	12853	17223	3527175	388000407	0	0
13026	3162	10861	7271	3527252	388014396	0	0
13027	6486	7088	18500	3528562	388253629	3681378	410237727
13028	3952	5324	2248	3530464	388528993	0	0
13029	12099	12905	24916	3530532	388536680	0	0
13030	2901	8619	4279	3530540	388537426	0	0
13031	2818	3968	5449	3530904	388588914	0	0
13032	11856	12244	27301	3532445	388759262	0	0
13033	3584	4410	2190	3533330	388863744	4421656	522339733
13034	6459	12689	19259	3533732	388903693	0	0
13035	1321	9501	6818	3533866	388919065	3970981	452332544
13036	3621	8419	15759	3534397	388983412	3537693	389409588
13037	1650	4898	11437	3534939	389047889	0	0
13038	4116	9869	17460	3535037	389058537	3545956	390565844
13039	40	4212	2272	3535712	389146110	0	0
13040	5908	10245	7732	3535738	389148544	0	0
13041	6549	10231	22300	3535848	389163746	0	0
13042	1620	6920	9747	3536402	389237289	0	0
13043	1647	8192	10949	3536493	389248534	0	0
13044	87	11511	6370	3536521	389252088	0	0
13045	2559	4518	12448	3537263	389353092	4155802	480340873
13046	3981	13036	17900	3537693	389409588	0	0
13047	3415	6848	2759	3537764	389419110	0	0
13048	3354	12563	7467	3537919	389437350	0	0
13049	5255	6177	5264	3538009	389451543	0	0
13050	9245	10796	9163	3538243	389486012	0	0
13051	1319	4065	6724	3538979	389590873	0	0
13052	3364	4558	5686	3539310	389637285	4132341	477007513
13053	4188	9938	22948	3540280	389753754	0	0
13054	9175	11703	8738	3541043	389844053	0	0
13055	7712	9905	13405	3541508	389899507	0	0
13056	8184	9531	21719	3542090	389966155	0	0
13057	8509	8522	20779	3542403	390007720	3592340	397842885
13058	4132	5213	11691	3542649	390043197	0	0
13059	3204	7439	14637	3543080	390106903	0	0
13060	2087	9140	11047	3543348	390144547	3584945	396869063
13061	1754	6226	10069	3543938	390235012	0	0
13062	5830	12166	32577	3544404	390306494	0	0
13063	3114	4270	5719	3545061	390415301	0	0
13064	12360	12887	14403	3545252	390445263	0	0
13065	7701	12550	28063	3545509	390484328	0	0
13066	4196	13038	31834	3545956	390565844	0	0
13067	5021	6165	10699	3546439	390664310	0	0
13068	3144	7896	19852	3546735	390726797	0	0
13069	2494	12288	7791	3546983	390778922	0	0
13070	1527	3841	3589	3547810	390941022	0	0
13071	3564	11326	34748	3548838	391099446	0	0
13072	1829	11934	13955	3549427	391202189	0	0
13073	10615	12131	7412	3550204	391335989	0	0
13074	3002	12351	19632	3550437	391374322	0	0
13075	6528	12438	19060	3550805	391437585	0	0
13076	2152	5412	3988	3551783	391609207	0	0
13077	7078	12070	13928	3552172	391664424	0	0
13078	4323	10458	42574	3552215	391670714	0	0
13079	1852	10601	16923	3552701	391772992	4152848	479881160
13080	4495	5949	14194	3552965	391824123	0	0
13081	3531	11960	7419	3553100	391853446	0	0
13082	4123	11952	23972	3553205	391873568	0	0
13083	4133	6058	8319	3553898	392024258	4334745	508894247
13084	1988	10890	5503	3554102	392063080	0	0
13085	1424	8675	3231	3554430	392125407	0	0
13086	787	10530	6041	3554898	392216163	0	0
13087	10847	11720	33897	3555181	392262983	0	0
13088	1796	5325	1000	3555445	392314843	0	0
13089	4437	10215	9185	3556120	392436650	0	0
13090	2331	2591	5270	3556420	392489462	3903931	443260388
13091	653	9390	9291	3556553	392513087	3790570	426206198
13092	2703	12401	33776	3557709	392684607	0	0
13093	3407	7148	23316	3558290	392782916	0	0
13094	9445	12932	7536	3559741	393016545	0	0
13095	4920	11559	35268	3559915	393039441	4270085	498808165
13096	5122	7087	12846	3560255	393093412	0	0
13097	1730	12498	10404	3561084	393220932	0	0
13098	300	6869	3552	3561844	393329645	0	0
13099	6631	8554	4468	3562113	393369949	0	0
13100	5444	8727	14777	3562349	393398393	0	0
13101	265	4163	428	3562544	393419436	0	0
13102	6153	9235	8416	3562804	393452513	0	0
13103	2624	5561	6114	3563824	393574028	0	0
13104	2624	10070	7841	3563824	393574028	0	0
13105	5561	10070	5071	3563824	393574028	0	0
13106	7203	12080	14099	3564840	393683096	3618787	401734757
13107	8989	9262	14029	3565415	393742161	3599744	399144711
13108	922	9763	16874	3565806	393784765	0	0
13109	6233	9674	25851	3566926	393907645	3871425	438136817
13110	180	11682	3126	3567285	393946674	0	0
13111	203	9638	22512	3567420	393964073	0	0
13112	1894	11877	15717	3567874	394025820	0	0
13113	828	5075	17604	3568036	394048775	0	0
13114	3155	8120	16427	3568135	394064353	0	0
13115	3278	8178	4652	3569130	394232857	4364532	513340409
13116	4505	9010	3646	3569206	394241788	0	0
13117	7873	9201	10690	3570188	394377184	0	0
13118	3811	11796	14258	3570485	394416592	4277781	500139695
13119	5313	12751	30946	3570779	394455676	0	0
13120	7329	8113	16969	3570883	394472936	3660879	407768718
13121	5559	6092	15731	3570947	394487267	4193802	485422052
13122	1646	10045	16061	3571062	394507326	0	0
13123	8002	10919	13449	3571575	394605793	0	0
13124	779	7717	1818	3571614	394611453	4369419	514019652
13125	8968	10359	23625	3571737	394635728	0	0
13126	7152	10064	22505	3571797	394650467	0	0
13127	1337	5728	8427	3571979	394695073	4034164	461798643
13128	5225	9654	4334	3572173	394747127	4277347	500080202
13129	4631	8088	8709	3572251	394769340	0	0
13130	2148	10832	10786	3573277	395008596	3574528	395254737
13131	999	13130	11508	3574528	395254737	0	0
13132	6482	10051	7073	3574795	395295196	4404554	519454716
13133	9310	12910	20638	3575059	395340220	0	0
13134	10988	11936	26965	3575430	395404133	0	0
13135	442	4944	5034	3575757	395467310	3757148	421031012
13136	3899	7827	3809	3576896	395663711	0	0
13137	3527	5462	8198	3576978	395677835	0	0
13138	1138	3178	2238	3577170	395707649	4093213	471149351
13139	200	7570	8622	3577428	395742548	0	0
13140	5721	7908	13649	3577982	395819895	0	0
13141	9750	9752	19701	3578095	395835976	0	0
13142	4146	9719	36845	3578573	395911614	0	0
13143	8361	12637	26045	3578912	395976624	0	0
13144	2491	4553	4801	3579360	396078216	0	0
13145	7914	8566	28464	3581117	396379320	0	0
13146	2219	5298	6439	3581524	396445134	0	0
13147	6790	7485	8199	3581807	396487415	0	0
13148	5463	10751	13378	3582132	396535426	0	0
13149	188	2231	2444	3582180	396542475	4177119	483323491
13150	2862	8408	4841	3583228	396669912	4020633	459622101
13151	6359	9828	11744	3584099	396768916	3959854	450810092
13152	10753	12110	13994	3584189	396778554	0	0
13153	7424	11226	13417	3584650	396836602	0	0
13154	10549	13060	25112	3584945	396869063	0	0
13155	1675	2354	1479	3585736	396979247	0	0
13156	292	7958	7179	3586149	397031786	0	0
13157	1318	8176	10918	3586746	397097750	0	0
13158	4900	5824	15192	3586957	397124574	3725174	416438547
13159	4721	13036	19434	3587001	397131511	4288923	501786929
13160	1588	7521	4336	3587053	397138065	4344370	510157214
13161	7689	8663	18808	3587327	397178209	0	0
13162	3782	11459	7768	3587559	397212489	0	0
13163	5566	11804	8635	3589377	397455761	0	0
13164	2537	4734	6341	3590001	397524817	0	0
13165	5209	8266	19356	3590007	397524972	0	0
13166	4782	5232	11376	3590302	397562507	0	0
13167	2477	7786	14355	3590500	397587382	0	0
13168	8590	9837	29111	3591327	397690576	3926836	446244816
13169	139	7317	6455	3591537	397717935	0	0
13170	3259	4100	5101	3591634	397731120	4014985	458767116
13171	1664	2288	6418	3591728	397745796	0	0
13172	6528	12797	17004	3591735	397746627	0	0
13173	908	13057	21351	3592340	397842885	0	0
13174	3576	4953	10676	3592865	397938478	0	0
13175	3969	7586	2901	3593041	397967067	3725972	416552624
13176	912	10499	10117	3593053	397968728	0	0
13177	3638	8105	9445	3593285	398007303	0	0
13178	6861	9451	20164	3593809	398089465	0	0
13179	10987	11090	35333	3593833	398093299	0	0
13180	10401	10812	33981	3593927	398110619	0	0
13181	4576	7327	6170	3594123	398159453	0	0
13182	3695	11596	20032	3595032	398350703	4172043	482599726
13183	6488	8421	23616	3595602	398466990	0	0
13184	4768	7606	11493	3595755	398500870	0	0
13185	4308	9650	7161	3596172	398597250	0	0
13186	2974	3280	2763	3597158	398781204	0	0
13187	2869	5323	6587	3598435	398966470	0	0
13188	11037	12940	23623	3598499	398974105	0	0
13189	3740	8926	3938	3599435	399106594	0	0
13190	9520	13107	18445	3599744	399144711	0	0
13191	9737	11989	46405	3600784	399281761	0	0
13192	658	6386	10176	3600815	399286789	0	0
13193	3441	11122	13691	3601051	399326826	4378921	515405453
13194	2726	9179	6821	3601414	399395330	3683502	410526313
13195	973	6155	15858	3601600	399427068	0	0
13196	4550	11121	8403	3601636	399432080	0	0
13197	5376	8742	9233	3602004	399502319	3917124	445014452
13198	6128	8996	34363	3602709	399620247	0	0
13199	2546	8382	48633	3603629	399791204	4351512	511151488
13200	7236	12290	10910	3603799	399829400	0	0
13201	7130	7542	15289	3605089	400092988	0	0
13202	8583	10891	5301	3606019	400250102	3767895	422441601
13203	694	10364	8744	3606798	400362608	0	0
13204	2178	5381	5559	3607077	400404338	0	0
13205	2256	4955	5054	3607081	400404591	0	0
13206	3309	5044	14270	3607403	400449468	0	0
13207	389	5577	5146	3607795	400505640	0	0
13208	4239	6835	12749	3608108	400551478	0	0
13209	1652	10926	8128	3609051	400674441	4111366	473827567
13210	3696	9234	4050	3609441	400721922	3647928	405894864
13211	6349	10151	8422	3609588	400739000	0	0
13212	483	4174	922	3609951	400779571	0	0
13213	2288	9583	7900	3610135	400800127	0	0
13214	489	4595	3288	3610484	400837547	0	0
13215	513	7534	3737	3610792	400867630	0	0
13216	4904	6385	6484	3611246	400915545	0	0
13217	6872	9573	12995	3612310	401014303	0	0
13218	2066	6307	10567	3612993	401081563	3664901	408233103
13219	1388	11373	15113	3613294	401107798	0	0
13220	4080	11811	38383	3613683	401148314	0	0
13221	6367	8204	10337	3614007	401194450	4343798	510061330
13222	4062	10694	2699	3614710	401290445	0	0
13223	2774	4754	13131	3614785	401299645	0	0
13224	809	3368	2765	3615190	401345263	3897862	442251306
13225	2605	5889	6043	3615272	401354031	4356501	512006297
13226	5959	7813	7056	3615935	401431036	4051571	464935072
13227	527	7398	5558	3616496	401490756	0	0
13228	7572	7647	21562	3616782	401521703	0	0
13229	515	2188	1563	3617720	401624428	0	0
13230	82	6283	2861	3618087	401658150	0	0
13231	9408	12594	18355	3618106	401659412	0	0
13232	7374	12444	8656	3618304	401681717	4015417	458838498
13233	8895	13106	25931	3618787	401734757	0	0
13234	663	11127	750	3618921	401754693	0	0
13235	6493	11667	14908	3618930	401756880	0	0
13236	2778	12010	16512	3619573	401858614	4062701	466397189
13237	2277	8503	11480	3619842	401903401	0	0
13238	6026	6062	16189	3619867	401908094	0	0
13239	4756	4973	4994	3621003	402074483	3754098	420661404
13240	9369	9778	15002	3621934	402189379	0	0
13241	530	8608	2677	3623305	402348110	3845054	433723773
13242	838	3051	5040	3623484	402366397	0	0
13243	838	11405	12476	3623484	402366397	4198450	486172304
13244	3051	11405	16246	3623484	402366397	0	0
13245	9639	9992	14978	3623585	402378788	0	0
13246	945	2715	3049	3623814	402410961	0	0
13247	8694	12477	5747	3624035	402443308	4079524	468890352
13248	1346	3811	3843	3624341	402480861	0	0
13249	644	7041	3340	3624438	402492933	0	0
13250	3377	12589	25857	3624923	402552797	0	0
13251	9184	9289	14205	3626261	402724536	0	0
13252	5344	11124	21283	3626270	402725174	0	0
13253	6444	6608	7022	3626706	402789215	0	0
13254	586	8964	12619	3626837	402807524	0	0
13255	1234	7581	5993	3627054	402838917	0	0
13256	1566	11331	13856	3627369	402882448	4246286	493616042
13257	11066	11372	9006	3627576	402915386	0	0
13258	4588	12253	16788	3627831	402956297	3744290	419278852
13259	4485	12308	10261	3628780	403102622	0	0
13260	6723	11253	36055	3630206	403284192	0	0
13261	5111	6146	3670	3631588	403464272	0	0
13262	2029	10977	12403	3631605	403466333	0	0
13263	9338	11160	13111	3632470	403564130	0	0
13264	7886	9690	17140	3633084	403630525	3918554	445136430
13265	609	8285	4413	3633714	403706311	0	0
13266	1040	11529	3264	3633849	403722498	0	0
13267	3306	10447	24570	3633896	403727504	0	0
13268	3644	11251	29522	3635062	403874544	0	0
13269	8518	11878	14776	3636103	404021270	0	0
13270	10670	11783	23845	3636161	404029778	0	0
13271	1980	6850	5227	3636381	404065799	3843274	433430005
13272	3046	11038	6255	3636747	404118267	0	0
13273	2594	4399	2992	3637258	404189953	4331610	508502583
13274	3917	8571	5804	3637920	404277487	3680686	410153690
13275	1061	2713	2681	3638094	404296817	3965650	451586949
13276	9546	9777	20446	3638822	404379514	0	0
13277	7576	8282	16825	3639447	404459262	0	0
13278	4822	6451	6169	3639603	404477487	0	0
13279	8619	11265	9140	3639818	404508753	0	0
13280	6822	8414	13554	3640190	404559296	0	0
13281	3272	7643	7485	3640218	404562416	0	0
13282	8002	12980	11333	3640510	404599596	4388890	516711192
13283	10285	12904	33141	3640826	404642676	3940380	448174980
13284	3244	3890	7493	3641709	404799994	3842224	433254349
13285	71	12856	6863	3642034	404854172	0	0
13286	8956	11930	45212	3642418	404912243	4184830	484199550
13287	4147	9985	4192	3642446	404917381	4274212	499539125
13288	7886	8065	33465	3643505	405127885	0	0
13289	3701	5467	11653	3643902	405202859	3880025	439397897
13290	8890	11533	11559	3644771	405356148	0	0
13291	9755	11230	27420	3644854	405368349	0	0
13292	2918	4484	4811	3646208	405623456	0	0
13293	7808	10743	14523	3646257	405629642	0	0
13294	3437	4318	6252	3646899	405731902	0	0
13295	7328	10200	21944	3647699	405848070	0	0
13296	7373	13024	38348	3647730	405852538	3849978	434492727
13297	8082	13210	12651	3647928	405894864	0	0
13298	9810	12239	12336	3648653	406041419	0	0
13299	5449	12200	45002	3648692	406047289	0	0
13300	644	1309	1298	3649674	406268064	0	0
13301	6740	6800	10847	3650223	406379924	3997050	456163008
13302	1817	12633	11334	3651841	406650983	0	0
13303	965	9165	8352	3652391	406725972	0	0
13304	6822	9962	10839	3652840	406786967	0	0
13305	2754	5937	18499	3652926	406800738	0	0
13306	3531	8442	4457	3654054	406961293	0	0
13307	3270	9693	9731	3654311	406992350	0	0
13308	6010	11295	11753	3654467	407012924	0	0
13309	1151	3609	4843	3654574	407027720	0	0
13310	2686	12569	3926	3654747	407050021	0	0
13311	7523	9826	24800	3655439	407136756	0	0
13312	9007	12375	12025	3655474	407140159	0	0
13313	1980	10984	6260	3655770	407181627	3988750	454937166
13314	1544	6171	3073	3656481	407277269	3909935	444235227
13315	3635	9435	6935	3657502	407399747	0	0
13316	239	3588	5816	3657593	407408941	0	0
13317	688	1420	836	3657870	407438937	4170900	482383579
13318	4299	8917	11494	3658955	407542706	0	0
13319	1519	8022	6081	3659301	407573293	0	0
13320	3117	12093	16552	3659332	407575549	0	0
13321	919	3742	2292	3659583	407607780	0	0
13322	3210	10952	3650	3659657	407616582	0	0
13323	4288	9301	14394	3659734	407625254	0	0
13324	3017	8131	16743	3659794	407634039	4101900	472503880
13325	3651	13120	26695	3660879	407768718	0	0
13326	3077	7687	2633	3661103	407803066	0	0
13327	5215	6885	6745	3662566	407971580	0	0
13328	6918	9942	12559	3662632	407979157	0	0
13329	5989	10693	25595	3662664	407982454	4374013	514696593
13330	967	6340	5889	3663926	408134235	4061090	466235668
13331	1369	2457	3914	3664524	408194873	0	0
13332	3693	8276	9039	3664660	408209379	4355573	511869170
13333	9812	12900	18007	3664887	408231998	0	0
13334	9570	13218	18253	3664901	408233103	0	0
13335	11084	11687	8743	3665331	408292251	3942344	448521427
13336	7504	7521	8526	3666094	408395454	0	0
13337	4290	11382	3175	3666562	408454142	0	0
13338	4657	10818	35019	3667081	408513883	0	0
13339	6272	7078	18492	3667505	408575555	0	0
13340	996	8885	4414	3669744	408862674	0	0
13341	2355	6331	4208	3670116	408899350	0	0
13342	3580	11368	16688	3670132	408901530	0	0
13343	3783	4098	17362	3670142	408902431	0	0
13344	4333	8023	13110	3670728	408977620	0	0
13345	8269	10905	13472	3672218	409146135	0	0
13346	11129	11153	19710	3672444	409170848	0	0
13347	3916	12868	12880	3672452	409171790	0	0
13348	2194	3026	5552	3673187	409269221	4014096	458602380
13349	5034	9068	13414	3673997	409367553	0	0
13350	1545	6222	35670	3674582	409431374	0	0
13351	10277	11798	33837	3675371	409531400	0	0
13352	1949	3670	6470	3676741	409725873	0	0
13353	2219	3555	4234	3677180	409778193	0	0
13354	18	11572	6058	3678184	409884878	3800483	427360098
13355	2560	6887	2870	3679104	409969334	0	0
13356	4722	8863	5228	3679138	409971670	0	0
13357	4776	8281	20997	3679215	409980411	3785460	425575439
13358	4109	12645	28095	3679575	410020723	0	0
13359	4193	4202	7111	3680000	410071778	0	0
13360	2895	10122	6433	3680388	410116278	0	0
13361	6809	13274	10600	3680686	410153690	0	0
13362	4121	10705	9732	3681056	410198697	0	0
13363	11485	13027	26557	3681378	410237727	3801391	427478442
13364	2452	3705	8046	3681974	410325429	0	0
13365	9107	11258	5931	3682189	410356800	3853420	435138653
13366	3382	11074	9008	3683278	410499257	3930959	446861163
13367	5924	13194	7798	3683502	410526313	0	0
13368	1031	2495	9055	3683546	410533431	3887987	440694546
13369	1875	10109	10346	3683758	410557716	0	0
13370	3707	8274	3760	3683787	410560666	0	0
13371	229	351	474	3683937	410580790	0	0
13372	2134	4510	12738	3684618	410671446	0	0
13373	9179	12280	7520	3684825	410700430	0	0
13374	3093	5603	9609	3685160	410743068	0	0
13375	5343	10900	34266	3685550	410794241	0	0
13376	6117	9587	24138	3685948	410845961	0	0
13377	2264	2705	6027	3687656	411075500	0	0
13378	4163	9358	11848	3687915	411106307	0	0
13379	8778	12717	18978	3688142	411132859	4422720	522521733
13380	10696	12248	20360	3688244	411147538	0	0
13381	4742	10174	20062	3689069	411268223	0	0
13382	1701	1794	3217	3689321	411307414	0	0
13383	6752	8617	14813	3689385	411319973	0	0
13384	3219	10301	5979	3689885	411405221	3823157	430614818
13385	999	1921	1231	3690129	411438983	0	0
13386	6627	12292	14487	3690487	411495555	0	0
13387	3158	7741	14326	3690818	411542786	0	0
13388	9564	11357	25368	3691641	411661538	0	0
13389	3093	7153	6406	3692693	411811592	0	0
13390	3766	7610	8929	3693157	411871948	0	0
13391	4247	11045	13465	3693334	411892735	0	0
13392	6288	8577	1648	3693392	411901283	0	0
13393	4476	8265	26377	3693826	411959824	0	0
13394	9998	10064	15413	3694297	412030744	0	0
13395	4378	10141	12242	3694408	412046570	0	0
13396	6946	9384	8814	3694454	412053664	0	0
13397	7544	11915	19040	3694879	412123939	3937143	447684954
13398	3925	7553	4143	3695521	412233642	0	0
13399	2539	12000	20142	3696015	412303599	0	0
13400	7263	10475	15343	3696137	412324572	0	0
13401	1428	8541	2264	3697075	412484626	3853292	435115881
13402	5890	7432	15966	3697109	412489010	0	0
13403	3069	5091	8237	3697334	412525123	0	0
13404	217	2376	891	3697563	412564450	0	0
13405	393	12152	31570	3699200	412770969	0	0
13406	11306	11641	20000	3699697	412845774	0	0
13407	2769	12246	9285	3700079	412904708	0	0
13408	3602	5903	6640	3700542	412973098	0	0
13409	2833	6258	1366	3700627	412985305	0	0
13410	4890	5491	7298	3701281	413078644	0	0
13411	3849	12406	38594	3701368	413090427	4194945	485587926
13412	6971	7648	17344	3701512	413118267	0	0
13413	962	12780	8814	3702252	413249869	0	0
13414	2272	3306	4159	3702514	413292740	0	0
13415	5886	9001	13526	3702728	413328457	0	0
13416	1486	10967	15799	3703154	413399611	0	0
13417	1110	11799	8356	3703654	413480421	0	0
13418	1169	6909	10374	3703941	413529904	0	0
13419	2198	9652	6137	3704255	413580720	0	0
13420	680	1214	4686	3704857	413669641	4066936	467056373
13421	2767	5721	15544	3705379	413741925	3792709	426478593
13422	3627	4638	1667	3705785	413796578	0	0
13423	3707	5427	7280	3706666	413899068	0	0
13424	2691	2724	7638	3706893	413922112	4286320	501333493
13425	6197	7739	16146	3707470	413985216	0	0
13426	2758	12656	13300	3708300	414069379	0	0
13427	5872	10431	23103	3708389	414078604	0	0
13428	9629	10099	8495	3708932	414152141	0	0
13429	4360	7963	6669	3709632	414243820	4229963	490896192
13430	8045	8606	8398	3709938	414281867	3783861	425329690
13431	3385	3402	4474	3709951	414282966	0	0
13432	3855	3884	5496	3710255	414318617	4300674	503921392
13433	67	1980	949	3710385	414334302	0	0
13434	606	12905	17658	3710410	414338095	0	0
13435	7174	11939	22707	3710498	414350560	4264513	497934864
13436	4243	12817	22524	3710782	414394962	0	0
13437	3142	11318	5096	3710987	414428301	0	0
13438	3519	10683	30902	3713059	414716257	0	0
13439	8916	9935	2927	3713301	414751745	0	0
13440	4440	8852	7759	3713787	414819754	0	0
13441	3156	6657	3368	3713793	414820119	0	0
13442	4716	8764	27751	3714442	414914559	0	0
13443	4187	8566	10403	3714498	414924868	4383003	515933441
13444	6366	12535	14773	3714655	414948631	0	0
13445	3682	11451	15065	3715336	415058303	0	0
13446	3155	12945	13760	3715390	415065252	0	0
13447	4812	9889	11906	3716688	415268786	0	0
13448	9123	9765	29002	3717162	415336431	0	0
13449	1174	1828	4845	3718112	415477030	3891594	441260333
13450	39	5384	2305	3718695	415554865	0	0
13451	10184	12895	17881	3719164	415610232	0	0
13452	5708	12500	17783	3719170	415611398	3874435	438574125
13453	3401	12159	14158	3719828	415707714	3939042	447974371
13454	3980	8012	10563	3720035	415738729	0	0
13455	8327	12553	8387	3720335	415782966	4364409	513327059
13456	1219	2216	3328	3720473	415804079	0	0
13457	4585	4726	14667	3720589	415823063	0	0
13458	1830	7371	2000	3720649	415832000	0	0
13459	7759	12826	17446	3721068	415897224	0	0
13460	2102	12986	9901	3721281	415927908	0	0
13461	142	5616	1645	3721367	415941537	0	0
13462	2308	5157	12434	3722687	416132672	4014096	458602380
13463	1532	6754	3952	3722978	416167708	0	0
13464	10192	10366	9385	3723793	416263950	0	0
13465	2976	12434	7983	3724194	416314242	0	0
13466	4527	11230	18452	3724359	416333097	0	0
13467	897	2732	4102	3724444	416342096	4123919	475863887
13468	3529	11846	3362	3724470	416345586	0	0
13469	2653	7265	13649	3724919	416400310	0	0
13470	4467	13158	19456	3725174	416438547	0	0
13471	8797	13175	7297	3725972	416552624	4289736	501940146
13472	3270	6190	7442	3726090	416571733	0	0
13473	11680	12257	7876	3727613	416762754	4394031	517407313
13474	3857	10740	10274	3727922	416796891	0	0
13475	5364	11740	32527	3728168	416821993	0	0
13476	12074	12939	28392	3728264	416834945	0	0
13477	4826	10015	20459	3729064	416968758	0	0
13478	7943	10691	31169	3730756	417210140	0	0
13479	1648	8675	3291	3730973	417246435	0	0
13480	1714	4688	5426	3731624	417339765	3957119	450553677
13481	3135	6073	3644	3732602	417463913	0	0
13482	6592	8999	15023	3732753	417482350	3953547	450062859
13483	4622	11502	9230	3732756	417482561	3765699	422178894
13484	4131	11014	16822	3733394	417559971	0	0
13485	2271	12251	8554	3734677	417708866	0	0
13486	4355	10619	2913	3735478	417793550	0	0
13487	466	6861	6406	3736068	417849946	4442429	525577194
13488	9471	11357	33788	3736225	417864495	0	0
13489	4772	10953	16373	3737105	417965965	0	0
13490	2457	7572	13741	3737634	418020031	3771962	423213259
13491	194	10624	16352	3737685	418025186	0	0
13492	618	6292	11963	3737754	418032892	0	0
13493	2645	6132	6445	3737814	418041076	0	0
13494	6393	9201	13209	3738310	418117533	0	0
13495	4894	9833	28135	3738321	418119402	3810619	428773921
13496	3299	7911	16146	3738707	418187544	3759247	421315269
13497	8330	10214	9213	3739406	418297413	0	0
13498	11157	11195	56866	3739428	418300256	3986474	454531058
13499	6648	6863	23135	3740260	418464165	0	0
13500	10391	10720	21818	3740473	418506159	0	0
13501	1579	3363	3562	3741303	418670658	0	0
13502	1437	5479	6433	3741463	418702127	0	0
13503	54	12598	10968	3741664	418735772	0	0
13504	4449	12671	25560	3741912	418785675	0	0
13505	3604	4107	4828	3741947	418794412	4384768	516171625
13506	499	7457	12792	3742432	418899699	0	0
13507	4158	11794	16845	3742860	418986329	0	0
13508	6577	11982	13174	3743666	419150013	4255649	496264482
13509	6357	12838	23672	3743937	419204189	0	0
13510	11635	13258	33644	3744290	419278852	0	0
13511	369	9040	5018	3744848	419411419	0	0
13512	7972	9539	6882	3746109	419663489	0	0
13513	2094	9018	1725	3748962	420024206	0	0
13514	7730	10139	28930	3748977	420025105	0	0
13515	6917	12554	29281	3749415	420080068	3862228	436651108
13516	678	2472	2682	3749672	420119597	0	0
13517	3596	6542	10714	3749920	420151887	0	0
13518	5069	7090	7469	3750064	420174196	0	0
13519	1090	12277	7267	3750339	420216227	0	0
13520	3789	5409	11175	3751159	420328116	0	0
13521	101	8727	7368	3752240	420456161	0	0
13522	6559	9849	5419	3752902	420528069	0	0
13523	2345	11744	17731	3753225	420559887	0	0
13524	7190	8681	28722	3753914	420638245	0	0
13525	11483	13239	5606	3754098	420661404	0	0
13526	2292	5655	2720	3754157	420668005	0	0
13527	4693	7047	6808	3754460	420707358	0	0
13528	3825	5623	6155	3754977	420765847	0	0
13529	5491	9465	17757	3755052	420773024	0	0
13530	2639	9242	11712	3756040	420896356	0	0
13531	4625	5066	13509	3756178	420910755	3955018	450287223
13532	6866	12269	10968	3756601	420959889	0	0
13533	4135	5456	13705	3756679	420969751	0	0
13534	164	9174	3943	3756691	420971227	0	0
13535	667	12457	3785	3756930	421002243	0	0
13536	2069	13135	5974	3757148	421031012	4051089	464856307
13537	1905	10484	22310	3757383	421063196	4041350	463079239
13538	3475	8009	6142	3758634	421236002	4343144	509959280
13539	3514	7266	8850	3759016	421283452	0	0
13540	9121	12829	9262	3759121	421298183	0	0
13541	6682	13496	26309	3759247	421315269	0	0
13542	7315	11635	19109	3759447	421343984	4308092	505055825
13543	4882	6552	17658	3759485	421349064	0	0
13544	1143	9287	6455	3759518	421355531	0	0
13545	850	6151	7309	3759656	421385764	0	0
13546	544	732	597	3759799	421417421	0	0
13547	5682	10769	13182	3760717	421582181	4400407	518826578
13548	1429	2232	2406	3760911	421611731	0	0
13549	1121	2741	839	3761103	421638232	0	0
13550	2180	11503	6093	3761222	421655242	4193006	485345377
13551	5009	8629	3559	3762620	421843975	0	0
13552	3357	5206	9449	3763816	421973905	0	0
13553	9049	11241	22249	3764002	421992893	4004013	457189828
13554	3594	5727	10158	3764716	422076156	0	0
13555	2530	4210	1852	3765292	422138905	0	0
13556	4539	13483	12214	3765699	422178894	0	0
13557	5299	5710	4792	3765973	422209218	0	0
13558	5225	10203	15970	3766106	422221016	0	0
13559	8714	11688	7422	3766625	422277195	0	0
13560	9632	11984	21838	3766789	422294778	0	0
13561	8559	9249	16435	3767467	422383687	0	0
13562	7684	10634	6157	3767726	422416686	0	0
13563	923	11920	4490	3767831	422431199	4101568	472458323
13564	10052	13202	13091	3767895	422441601	0	0
13565	1846	3172	6717	3768165	422482896	0	0
13566	9298	11102	23373	3768482	422525347	0	0
13567	8987	12581	47700	3768712	422562997	0	0
13568	5504	9033	19929	3768746	422572617	3898238	442312876
13569	4193	7275	9804	3769255	422688297	0	0
13570	9636	10167	19380	3770556	422968677	0	0
13571	6050	12103	13544	3771362	423115803	0	0
13572	1564	13490	15372	3771962	423213259	0	0
13573	454	10499	9892	3772172	423253309	0	0
13574	887	8720	7886	3772253	423268360	0	0
13575	4957	5995	29280	3772818	423364723	0	0
13576	6359	9944	12349	3773010	423398938	0	0
13577	4793	9507	16286	3774063	423572848	0	0
13578	6960	12260	13816	3774386	423621889	0	0
13579	3698	4349	11403	3775139	423741978	0	0
13580	4196	4550	17560	3775191	423748481	0	0
13581	2008	2877	2970	3775273	423761519	0	0
13582	4565	5279	10737	3775555	423805357	0	0
13583	3538	10981	16325	3776080	423889972	0	0
13584	9393	10506	21546	3776514	423966590	0	0
13585	5328	9616	16413	3777036	424053892	0	0
13586	771	11606	28244	3777519	424130812	4420551	522122664
13587	7819	12603	31570	3777613	424146132	4259431	497005928
13588	4690	11416	24540	3777891	424211601	4108226	473325693
13589	3973	12835	21275	3778268	424310971	0	0
13590	1870	11378	3311	3778583	424381689	0	0
13591	1553	4555	9012	3778718	424415636	0	0
13592	5548	9693	8308	3778810	424435143	0	0
13593	4530	4928	4191	3778918	424460972	4455688	527647830
13594	7317	10219	8367	3779120	424507048	0	0
13595	5536	7021	9878	3780281	424740037	0	0
13596	7999	12748	18990	3780398	424760997	0	0
13597	2251	4392	4863	3780457	424772596	3810619	428773921
13598	7097	8054	17884	3782620	425133467	0	0
13599	94	8027	10263	3782957	425182035	0	0
13600	6996	8795	20010	3783167	425211203	0	0
13601	959	4519	3719	3783328	425242902	4208321	487555228
13602	5152	6818	4733	3783635	425293513	0	0
13603	6786	13430	16943	3783861	425329690	0	0
13604	5216	5719	7307	3784192	425386558	0	0
13605	2717	9788	1733	3784382	425418000	0	0
13606	106	9917	16123	3785280	425549702	0	0
13607	6223	13357	21637	3785460	425575439	0	0
13608	6219	10291	3948	3785844	425636818	0	0
13609	9186	12478	34314	3788333	425944270	0	0
13610	2128	4126	9536	3789438	426081748	0	0
13611	2147	10205	6718	3789559	426095672	3803492	427822321
13612	3332	11404	8411	3790182	426162610	0	0
13613	4857	10998	12750	3790559	426204772	0	0
13614	11127	13091	9589	3790570	426206198	0	0
13615	1981	8352	10221	3790585	426208027	3857495	435802433
13616	3335	12019	13211	3790768	426233096	0	0
13617	5387	7663	5703	3790886	426249570	0	0
13618	4465	6679	6660	3791816	426369856	0	0
13619	337	4420	1650	3791854	426375472	0	0
13620	5096	5582	6894	3792230	426422298	0	0
13621	99	13421	15630	3792709	426478593	0	0
13622	12087	12265	12860	3793095	426524725	4428715	523561418
13623	5893	10644	17919	3794089	426649907	0	0
13624	3348	4230	8037	3794110	426652645	0	0
13625	7254	13060	13287	3794339	426680716	0	0
13626	1081	12972	10412	3795141	426781653	0	0
13627	2219	7596	8673	3795437	426820910	0	0
13628	4445	6971	10224	3795717	426855033	0	0
13629	4987	7730	13908	3797844	427076242	4395738	517857626
13630	1887	3503	1301	3797849	427076666	3803604	427837344
13631	2838	10395	4509	3798048	427095988	3937143	447684954
13632	556	8131	13790	3798117	427101181	0	0
13633	5023	11697	24221	3798833	427171306	0	0
13634	3392	7287	15963	3799646	427270693	0	0
13635	4524	12479	7767	3800397	427349430	0	0
13636	3321	5435	14226	3800400	427349762	0	0
13637	8744	13354	7056	3800483	427360098	0	0
13638	7881	7932	14313	3800753	427394955	0	0
13639	3231	5051	3886	3801180	427453131	0	0
13640	12176	13363	27648	3801391	427478442	0	0
13641	11525	12107	20367	3801500	427497541	0	0
13642	6972	11512	20467	3802617	427681712	0	0
13643	1638	2052	2368	3803487	427821102	0	0
13644	3076	13611	9256	3803492	427822321	0	0
13645	4682	13630	1924	3803604	427837344	0	0
13646	842	5707	6711	3803772	427862470	0	0
13647	1402	9509	2407	3804968	428017943	0	0
13648	1039	6990	5782	3805223	428045759	0	0
13649	45	8482	4544	3805418	428070442	0	0
13650	944	7982	17948	3805492	428078392	0	0
13651	834	9623	22503	3805773	428113455	0	0
13652	5550	5842	17907	3807370	428332335	3838121	432757177
13653	2333	4962	9134	3808003	428404200	0	0
13654	2028	10304	17277	3808047	428408409	0	0
13655	7273	11353	34930	3808795	428501377	0	0
13656	221	9974	5225	3809141	428554248	0	0
13657	3734	9744	2337	3809521	428614995	0	0
13658	2575	10526	4868	3809740	428644437	0	0
13659	2370	12681	10939	3809805	428652248	0	0
13660	528	6856	5718	3810160	428707126	0	0
13661	3865	12420	2718	3810215	428713446	4404888	519520639
13662	5069	7720	6400	3810233	428715719	4365896	513506339
13663	13495	13597	32998	3810619	428773921	0	0
13664	7523	9207	42337	3810841	428821500	0	0
13665	2479	9001	9943	3811151	428888544	0	0
13666	931	1139	1587	3812037	429068035	0	0
13667	4014	8573	19936	3813137	429239522	3882040	439690540
13668	3896	4622	4217	3813466	429288394	0	0
13669	1166	9295	1469	3814554	429431131	0	0
13670	2005	3564	3166	3815232	429506532	0	0
13671	7702	9057	10959	3815962	429576677	0	0
13672	2420	6757	5327	3816351	429613653	0	0
13673	6223	6874	6115	3816494	429628139	3960525	450895174
13674	5810	7555	19837	3816815	429660169	0	0
13675	10038	11728	47640	3816897	429669149	3951508	449709777
13676	3302	7240	8287	3817296	429726279	0	0
13677	69	10034	12609	3817524	429759000	3949032	449392416
13678	166	3489	1258	3818285	429868344	4037364	462488247
13679	1282	7201	15118	3818552	429901660	0	0
13680	7614	12321	8466	3818565	429903664	4310490	505415279
13681	3917	12857	4860	3818776	429934120	0	0
13682	3267	8303	13327	3819044	429972779	0	0
13683	9571	11531	29151	3819067	429976274	0	0
13684	9533	10297	13038	3819590	430068684	0	0
13685	3757	12343	17457	3819888	430121621	0	0
13686	7374	8659	29361	3821750	430410571	0	0
13687	3809	8255	8325	3822745	430559405	0	0
13688	6533	8895	12985	3823032	430598054	0	0
13689	12617	13384	20890	3823157	430614818	0	0
13690	4401	9689	22432	3823594	430685446	0	0
13691	2924	5475	11588	3824304	430802913	0	0
13692	10617	12565	18740	3824609	430848263	0	0
13693	5193	9773	13553	3824669	430861105	0	0
13694	1573	11254	10092	3824828	430893102	0	0
13695	973	1611	2108	3824853	430897880	0	0
13696	2866	5508	7375	3826603	431187242	4354539	511706303
13697	5620	10080	27449	3826950	431232887	0	0
13698	3166	3723	1725	3827476	431310549	4053643	465282879
13699	8153	9600	10323	3827577	431325401	0	0
13700	1802	11119	13448	3827745	431351313	0	0
13701	1111	5755	9121	3827762	431353616	0	0
13702	255	8242	1887	3827815	431362357	0	0
13703	2584	9519	12231	3828488	431469238	0	0
13704	8696	10275	7359	3829106	431557714	0	0
13705	6576	10146	7674	3829557	431615694	0	0
13706	4625	6494	9350	3829609	431622526	0	0
13707	7718	12087	5701	3830266	431719987	0	0
13708	6326	10711	10862	3830526	431751688	0	0
13709	2127	4507	7209	3830645	431767593	0	0
13710	1617	12748	16505	3831648	431886554	3909935	444235227
13711	3367	4251	6214	3831684	431890445	4087892	470309547
13712	7062	9697	24313	3832219	431961320	0	0
13713	423	10295	13566	3832882	432048684	0	0
13714	2054	6631	2209	3833217	432090263	0	0
13715	4067	12401	30866	3833450	432121491	0	0
13716	257	8233	476	3833670	432155571	0	0
13717	4709	9720	12082	3833753	432164969	0	0
13718	1321	9009	5682	3833931	432195679	4050427	464759631
13719	7632	8498	11139	3835174	432365724	0	0
13720	8057	9613	31187	3835438	432401778	0	0
13721	7463	11051	7114	3836305	432537961	0	0
13722	1464	2530	2670	3837643	432705742	0	0
13723	3749	5444	9588	3837752	432716593	0	0
13724	12809	13652	22007	3838121	432757177	0	0
13725	1267	7943	13905	3839262	432896104	0	0
13726	1013	3341	5565	3839518	432925089	0	0
13727	11202	12096	29443	3840307	433010954	0	0
13728	886	3963	5893	3840887	433085108	0	0
13729	955	12203	19055	3841329	433139118	0	0
13730	1570	8045	8304	3841956	433220828	0	0
13731	3901	13284	15998	3842224	433254349	4277781	500139695
13732	5786	10201	29569	3842242	433256292	0	0
13733	2702	7069	6050	3842256	433259863	0	0
13734	10323	12171	6555	3842787	433352334	0	0
13735	7220	13271	10560	3843274	433430005	0	0
13736	1492	5413	6972	3843453	433459254	0	0
13737	2165	2930	4191	3844133	433562409	0	0
13738	8908	11923	39005	3844160	433564914	4035083	461971933
13739	4323	8395	11127	3844533	433629930	0	0
13740	306	7892	23905	3844661	433650635	4445995	526120902
13741	9495	13241	4164	3845054	433723773	0	0
13742	1871	12367	4241	3845139	433740748	0	0
13743	2686	6168	5762	3845279	433772231	0	0
13744	7085	8147	25468	3846311	433941284	0	0
13745	6396	11842	12936	3846913	434039570	0	0
13746	3989	6718	5659	3847581	434133056	0	0
13747	4865	12942	7013	3847702	434150003	4208106	487511735
13748	4452	10340	11870	3848534	434269658	0	0
13749	5969	11849	25032	3849053	434338078	0	0
13750	3064	7010	12733	3849193	434358974	0	0
13751	1094	7893	5480	3849493	434409270	0	0
13752	3653	12466	2496	3849577	434422101	4269218	498682815
13753	6498	7189	7261	3849618	434426936	0	0
13754	9224	9868	30225	3849647	434431015	0	0
13755	10903	13296	44503	3849978	434492727	0	0
13756	8989	10686	17312	3850873	434686029	0	0
13757	5133	9704	26025	3852198	434933408	0	0
13758	6751	10134	11967	3852872	435042334	0	0
13759	8548	13401	19474	3853292	435115881	0	0
13760	2575	13365	8880	3853420	435138653	0	0
13761	4292	11256	23668	3853544	435161472	0	0
13762	1547	9782	7325	3854220	435299465	0	0
13763	609	3299	8428	3855146	435460569	0	0
13764	5481	11877	23137	3856017	435589383	0	0
13765	1992	11497	4350	3856094	435601744	0	0
13766	1451	10400	5065	3857010	435732027	0	0
13767	1558	11362	16772	3857054	435737096	0	0
13768	2432	10519	3749	3857088	435742341	0	0
13769	7296	8267	8316	3857165	435753773	4291203	502230616
13770	2696	13615	14529	3857495	435802433	0	0
13771	546	9889	12087	3857508	435804152	0	0
13772	1224	12508	6390	3857673	435832228	0	0
13773	4131	11348	9363	3857822	435856510	0	0
13774	6009	10655	22057	3858339	435943138	0	0
13775	8292	8820	7740	3858413	435954842	0	0
13776	9125	10332	27601	3858437	435959402	0	0
13777	5336	10429	13795	3859788	436206287	0	0
13778	9309	12521	21273	3859823	436210624	0	0
13779	5659	9372	8929	3860437	436321175	4174774	483034954
13780	2519	13296	43769	3860723	436370137	4431951	524020476
13781	1358	12861	16342	3861766	436567270	0	0
13782	10562	13515	31372	3862228	436651108	3876154	438795015
13783	3111	5525	11406	3862439	436692618	0	0
13784	2334	6768	8365	3863303	436867258	0	0
13785	2788	10006	7914	3863335	436872053	0	0
13786	6781	8427	8013	3863370	436877981	0	0
13787	1516	2657	1547	3863990	436995463	0	0
13788	3086	9549	10050	3864320	437049751	0	0
13789	7255	9200	20823	3864365	437058478	0	0
13790	5066	5732	23407	3864779	437139837	0	0
13791	114	871	724	3865648	437291090	0	0
13792	3135	4651	7002	3865779	437310938	0	0
13793	2845	5252	4755	3865846	437320728	0	0
13794	4354	9079	13320	3866098	437361446	0	0
13795	2602	4661	6031	3867404	437551200	0	0
13796	10073	10378	26598	3867437	437555142	0	0
13797	4794	6405	15688	3868249	437679209	0	0
13798	2412	10129	6575	3868387	437699028	0	0
13799	2701	9571	21961	3869529	437857277	0	0
13800	7719	10877	34218	3870384	437982898	0	0
13801	2191	13109	26758	3871425	438136817	0	0
13802	3464	12706	10493	3871561	438158130	0	0
13803	1495	7575	3604	3871565	438158526	0	0
13804	6299	12332	8265	3872445	438301077	0	0
13805	3037	4362	7509	3872614	438324890	0	0
13806	6231	8519	5751	3872879	438368343	0	0
13807	2189	7197	8699	3874258	438551994	0	0
13808	2798	13452	20162	3874435	438574125	4124099	475890741
13809	664	10874	4356	3875272	438692286	0	0
13810	5858	9632	15127	3875895	438764693	0	0
13811	3112	13782	37463	3876154	438795015	0	0
13812	3977	9869	17580	3876257	438810224	0	0
13813	2135	11322	8663	3876543	438858428	0	0
13814	3113	11882	11356	3876793	438898433	0	0
13815	1597	10150	8028	3876881	438914087	0	0
13816	584	8512	8964	3877070	438946315	0	0
13817	4580	11698	13303	3877608	439045150	0	0
13818	11622	12379	15090	3879336	439306169	0	0
13819	2663	9320	7980	3879731	439359830	0	0
13820	9545	13289	13022	3880025	439397897	0	0
13821	8937	10054	32927	3881151	439547158	0	0
13822	3200	4054	3109	3881261	439564557	4036801	462374397
13823	1405	11933	21875	3881395	439582617	4243278	493078970
13824	10003	11878	14919	3882022	439687723	0	0
13825	10325	13667	69532	3882040	439690540	0	0
13826	704	11657	10305	3883152	439919403	0	0
13827	432	8367	5756	3884511	440139035	0	0
13828	1611	10137	13854	3884922	440194835	0	0
13829	1830	2207	3481	3885463	440273587	0	0
13830	1660	4172	2311	3885627	440295715	0	0
13831	4012	4910	7448	3885782	440317229	0	0
13832	1390	8870	4490	3885809	440321014	0	0
13833	8382	11527	67913	3885818	440322445	0	0
13834	4908	7168	7844	3887016	440547253	4180969	483793203
13835	4542	5216	16102	3887219	440578667	0	0
13836	7881	13368	11693	3887987	440694546	0	0
13837	8175	10203	20893	3888202	440732248	0	0
13838	1687	4438	8869	3889351	440909237	0	0
13839	2148	8244	3095	3889417	440918993	3926473	446196458
13840	1232	4505	1549	3889562	440938673	4004459	457264162
13841	820	10310	24655	3890021	440999310	0	0
13842	5225	12375	8448	3890241	441031280	0	0
13843	8215	10544	18830	3890760	441100757	0	0
13844	5638	7761	17560	3890905	441125094	0	0
13845	9486	11950	23803	3890923	441127423	0	0
13846	11436	13449	16300	3891594	441260333	0	0
13847	3762	11880	4693	3891849	441307529	0	0
13848	1339	2265	2812	3892151	441366431	0	0
13849	1421	12518	4543	3892179	441369584	0	0
13850	5018	10078	5550	3892333	441394003	4297758	503352937
13851	6774	12123	15716	3892509	441423830	0	0
13852	659	10838	3664	3892558	441433729	4345181	510289508
13853	1005	4666	7243	3892925	441513537	0	0
13854	893	2028	5823	3894110	441711857	0	0
13855	2805	8315	16574	3894589	441779610	0	0
13856	1703	3783	14235	3894810	441811469	0	0
13857	979	7732	9501	3894946	441831291	0	0
13858	7870	11257	25507	3895504	441912290	0	0
13859	3986	11486	5282	3896084	442009877	0	0
13860	3692	7562	19339	3897369	442182930	0	0
13861	4321	8619	3987	3897452	442195149	0	0
13862	6417	6511	8215	3897523	442204983	0	0
13863	2131	9581	8917	3897723	442233120	4291865	502366964
13864	12600	13224	13845	3897862	442251306	4436975	524812289
13865	4630	5035	12078	3898216	442309235	0	0
13866	9183	13568	31057	3898238	442312876	3995530	455885824
13867	9128	9935	8500	3899526	442535297	0	0
13868	10043	11613	53134	3899866	442593100	0	0
13869	2391	4055	1899	3900106	442636615	0	0
13870	2031	10996	15305	3900923	442783438	0	0
13871	7076	12030	26901	3901205	442833440	0	0
13872	11176	12960	7470	3903451	443192387	3939070	447977749
13873	164	2004	315	3903585	443212605	0	0
13874	9469	11495	34651	3903620	443218180	0	0
13875	1775	13090	6800	3903931	443260388	0	0
13876	3221	3307	10962	3904514	443348339	0	0
13877	499	2265	2803	3904793	443392377	0	0
13878	8462	10199	24587	3905086	443435664	0	0
13879	207	1733	1292	3905153	443447706	0	0
13880	7632	9106	11742	3905985	443592098	0	0
13881	2192	9980	6997	3906031	443599320	0	0
13882	11833	12447	44094	3906576	443680079	0	0
13883	4291	5865	11978	3907170	443784369	0	0
13884	2182	12489	22246	3907365	443815355	0	0
13885	2778	6936	12435	3908905	444086031	0	0
13886	3918	10352	19415	3909659	444197015	0	0
13887	13314	13710	19578	3909935	444235227	0	0
13888	692	8584	7429	3910569	444338129	0	0
13889	4319	7163	16867	3912884	444631618	0	0
13890	2179	7116	4351	3913253	444671280	0	0
13891	478	2458	1693	3913475	444693318	0	0
13892	6553	7478	8700	3913776	444726249	0	0
13893	936	2625	4057	3914218	444774231	0	0
13894	1145	5486	1397	3915020	444851666	3926473	446196458
13895	948	5047	3663	3915528	444891097	0	0
13896	4204	10564	12779	3915751	444907225	0	0
13897	6116	9329	8206	3916881	444996038	0	0
13898	9126	13197	15079	3917124	445014452	4439375	525108316
13899	908	8599	3091	3917905	445081322	4367501	513739166
13900	10687	13008	9730	3918158	445101136	0	0
13901	2278	10806	3621	3918241	445108372	0	0
13902	6476	13264	21547	3918554	445136430	0	0
13903	10768	12095	13205	3918621	445143892	0	0
13904	7078	8317	10720	3918740	445159054	4035821	462159009
13905	833	4270	5863	3919219	445217979	0	0
13906	2109	7750	5427	3919420	445243416	0	0
13907	4044	5564	23312	3920053	445313651	0	0
13908	6352	11685	2980	3920675	445385320	0	0
13909	8794	11360	25906	3920692	445387164	0	0
13910	2691	9427	7978	3920746	445395465	0	0
13911	391	6212	4045	3921527	445494092	0	0
13912	2052	6818	4818	3921980	445549716	0	0
13913	3414	8782	11436	3922294	445584945	0	0
13914	5415	8747	29408	3923192	445679304	0	0
13915	8004	11912	27632	3923199	445680251	0	0
13916	1588	7294	527	3923228	445683966	0	0
13917	9037	9064	12881	3923329	445702806	0	0
13918	12022	12521	20366	3923535	445733262	0	0
13919	2283	8053	8253	3924407	445887576	0	0
13920	2589	7279	10846	3925342	446038586	0	0
13921	3948	4869	13635	3925834	446106972	4279616	500411317
13922	13839	13894	4492	3926473	446196458	0	0
13923	7071	12905	19074	3926672	446222367	4203506	486822043
13924	1106	13168	30100	3926836	446244816	0	0
13925	1867	2551	5371	3928716	446524244	0	0
13926	4328	6913	7066	3928876	446544158	0	0
13927	4645	5996	14031	3928923	446549649	0	0
13928	3671	12610	43584	3929642	446640976	0	0
13929	7212	11824	13239	3929941	446694459	0	0
13930	5806	9363	9108	3929966	446697964	4206921	487338760
13931	3015	13366	10631	3930959	446861163	0	0
13932	643	10007	2214	3930994	446867143	0	0
13933	768	3514	5643	3932382	447065694	0	0
13934	6801	11874	24253	3932873	447123639	0	0
13935	1151	5405	14034	3933518	447208038	0	0
13936	5671	8262	13424	3933562	447213921	0	0
13937	5089	5525	14470	3933827	447255434	0	0
13938	1845	8744	1125	3934534	447352272	0	0
13939	3625	7901	20710	3934763	447385104	0	0
13940	12533	12984	39479	3937039	447669000	0	0
13941	13397	13631	23549	3937143	447684954	0	0
13942	37	4827	1444	3937333	447725805	0	0
13943	5794	6216	4853	3937771	447796736	4092780	471044492
13944	22	9387	1744	3938306	447877555	0	0
13945	85	1384	2717	3938812	447947538	0	0
13946	3724	13453	18194	3939042	447974371	0	0
13947	12998	13872	12704	3939070	447977749	4290477	502075257
13948	1155	11299	11960	3939542	448051215	4162305	481238319
13949	29	6821	12977	3939937	448108650	0	0
13950	2861	13283	33959	3940380	448174980	0	0
13951	5453	5938	13844	3941383	448349227	0	0
13952	6425	10482	22024	3941469	448361450	0	0
13953	1002	9868	21905	3941939	448442081	0	0
13954	5996	9202	8614	3942294	448511949	0	0
13955	5830	13335	13845	3942344	448521427	0	0
13956	815	13120	17092	3943135	448651266	0	0
13957	9587	10680	22490	3943582	448723508	4129864	476705767
13958	3008	4746	5790	3945314	448992650	0	0
13959	702	3077	836	3946704	449153517	0	0
13960	7502	7935	6725	3946932	449174507	0	0
13961	2	10475	8197	3947674	449241223	0	0
13962	1702	5530	4087	3947695	449242527	0	0
13963	1120	3038	1378	3947804	449252424	4005395	457415610
13964	4301	9476	5780	3947898	449261718	0	0
13965	7135	9137	25208	3948099	449280745	0	0
13966	3985	6550	9596	3948181	449288778	4222081	489721437
13967	3188	9954	17088	3948626	449343662	0	0
13968	11203	13677	22100	3949032	449392416	0	0
13969	3041	9825	9171	3949865	449502794	0	0
13970	4950	5146	3927	3950345	449559753	0	0
13971	2697	6151	7545	3950421	449571043	4250271	494850465
13972	1059	2185	3997	3950918	449628734	4275744	499835434
13973	8634	12393	27310	3951036	449642237	0	0
13974	5489	7638	12301	3951137	449655745	0	0
13975	10743	13675	56362	3951508	449709777	4246725	493712670
13976	8693	13482	16607	3953547	450062859	4261913	497438791
13977	10184	10481	13754	3953750	450094602	0	0
13978	8742	10909	7566	3953975	450129275	4198450	486172304
13979	502	957	1321	3954478	450207658	0	0
13980	4458	13531	15539	3955018	450287223	0	0
13981	2346	8178	2705	3955706	450385201	0	0
13982	2700	4989	3943	3956494	450487970	0	0
13983	237	1730	1699	3956828	450522473	4282114	500825332
13984	4932	13480	9340	3957119	450553677	0	0
13985	8943	10663	5971	3957394	450582763	0	0
13986	2955	12680	1497	3959010	450735807	0	0
13987	277	4463	1980	3959139	450746296	0	0
13988	5148	7570	12412	3959141	450746347	0	0
13989	6299	7717	3232	3959158	450747701	0	0
13990	3590	4150	4640	3959486	450776913	0	0
13991	8014	10273	13894	3959822	450805843	0	0
13992	11148	13151	24744	3959854	450810092	0	0
13993	7618	11078	15637	3959860	450810614	0	0
13994	12264	13673	22718	3960525	450895174	0	0
13995	7397	9424	6368	3960709	450923200	0	0
13996	9559	9600	14497	3961822	451072997	0	0
13997	8037	12894	12160	3962385	451148379	0	0
13998	6631	7851	4413	3962528	451165356	0	0
13999	2420	8901	9839	3963516	451280139	0	0
14000	1996	11622	14277	3963800	451317175	0	0
14001	1883	10043	49150	3963964	451338728	0	0
14002	12835	13109	39734	3965350	451539151	0	0
14003	12161	13275	5987	3965650	451586949	4366369	513568540
14004	648	11282	4214	3965977	451633706	0	0
14005	5449	11323	8639	3966518	451710322	0	0
14006	116	12363	7689	3967118	451790675	4161899	481192963
14007	5517	9211	19083	3967325	451819304	0	0
14008	571	10881	17092	3968848	452023654	0	0
14009	3148	12501	15569	3968928	452034981	0	0
14010	3914	4718	14725	3969756	452151212	0	0
14011	8493	11112	39822	3970180	452207145	0	0
14012	8440	12654	18220	3970753	452292480	0	0
14013	10301	13035	11452	3970981	452332544	0	0
14014	4038	9996	6898	3972681	452573235	0	0
14015	1311	2933	3502	3972795	452586991	4215543	488766194
14016	5040	11534	5805	3972944	452604305	0	0
14017	10067	11840	20451	3973739	452698962	0	0
14018	11440	13013	8041	3975169	452857917	0	0
14019	3942	11069	16012	3975213	452863223	0	0
14020	6720	10186	32111	3975271	452870498	0	0
14021	1595	6853	10849	3975435	452894203	0	0
14022	10241	11025	22675	3976105	452989014	3994034	455639216
14023	2624	4610	9904	3976205	453003161	0	0
14024	3428	10982	17912	3976470	453039845	0	0
14025	3325	6242	8219	3976645	453069189	0	0
14026	289	11906	3340	3977634	453217256	0	0
14027	6106	8086	26774	3977674	453220577	0	0
14028	832	7699	21511	3978406	453330547	0	0
14029	5167	11502	7786	3979387	453466254	0	0
14030	2208	3950	8058	3979637	453499288	4156024	480383665
14031	10371	12578	32622	3979655	453501392	0	0
14032	2621	11074	9686	3980284	453609535	0	0
14033	1902	5312	5446	3981083	453729824	0	0
14034	1590	10721	29698	3981441	453778983	0	0
14035	4196	9397	21507	3981993	453870018	0	0
14036	2329	4465	9676	3982122	453888159	0	0
14037	3615	12010	14647	3983403	454084548	0	0
14038	689	3099	1073	3983846	454144702	0	0
14039	799	6767	2836	3983953	454159763	0	0
14040	6842	7446	12813	3983985	454163699	0	0
14041	4023	6786	14380	3984141	454185910	0	0
14042	423	4451	10330	3984480	454235575	0	0
14043	8990	9291	4574	3984498	454238703	0	0
14044	5775	10006	13935	3985171	454332384	0	0
14045	1094	12240	12140	3985197	454336705	0	0
14046	2270	6536	14535	3985407	454366907	4315782	506208418
14047	9707	11193	9920	3985465	454375857	4104768	472873463
14048	7500	10741	1524	3986248	454497161	0	0
14049	7852	13498	60826	3986474	454531058	4248638	494296306
14050	10647	13313	10329	3988750	454937166	0	0
14051	3647	10313	25887	3988912	454958674	0	0
14052	3605	9090	18869	3990169	455148165	0	0
14053	8569	8949	21050	3992051	455395010	0	0
14054	5126	10607	20101	3992687	455470651	0	0
14055	8959	11053	9750	3993146	455529648	0	0
14056	4388	12452	3990	3993332	455549573	0	0
14057	7172	11932	16463	3993680	455593583	0	0
14058	4149	6714	6209	3993734	455600117	0	0
14059	10971	14022	25125	3994034	455639216	0	0
14060	10597	11634	20001	3994180	455661902	0	0
14061	6616	8211	2705	3994982	455797573	0	0
14062	893	7298	1466	3995053	455805925	0	0
14063	7528	11310	15970	3995266	455841076	0	0
14064	1675	3988	2373	3995304	455849958	0	0
14065	2013	13866	33574	3995530	455885824	0	0
14066	2166	3488	3785	3996434	456050291	0	0
14067	6634	8478	18802	3996536	456066737	0	0
14068	4102	13301	12384	3997050	456163008	0	0
14069	613	2055	1366	3997213	456187714	0	0
14070	5453	8118	8002	3997529	456244297	0	0
14071	2763	6002	6680	3997836	456303332	0	0
14072	3449	7059	12911	3998724	456434386	0	0
14073	3384	11933	20886	3999032	456478812	0	0
14074	2588	8668	7726	3999286	456518726	0	0
14075	8586	10779	21119	3999627	456568970	0	0
14076	7344	11176	7792	3999662	456573908	0	0
14077	7098	9781	16675	4000088	456646959	0	0
14078	2060	5870	11397	4001846	456923261	4080189	468995285
14079	3999	6495	5934	4002004	456942896	0	0
14080	450	6927	1067	4002191	456966842	0	0
14081	11653	13010	9993	4002529	457009060	4348606	510789596
14082	3958	7103	5527	4003039	457071410	0	0
14083	5950	12505	7344	4003323	457101719	0	0
14084	1860	8613	21207	4003624	457136724	0	0
14085	8879	13553	23709	4004013	457189828	0	0
14086	673	9859	11158	4004083	457199287	0	0
14087	6716	11140	6337	4004160	457213051	4106500	473076223
14088	3072	3787	6934	4004172	457215365	0	0
14089	4847	13840	7768	4004459	457264162	0	0
14090	3338	13963	4793	4005395	457415610	0	0
14091	2244	9391	24218	4005617	457452911	0	0
14092	697	7242	11574	4006284	457551258	0	0
14093	3478	4081	8643	4007508	457717455	0	0
14094	935	3954	7535	4007645	457731971	4385003	516203345
14095	7122	10304	31229	4007815	457752753	0	0
14096	8216	9040	17496	4007994	457777323	0	0
14097	12472	12553	19714	4009045	457931652	0	0
14098	606	6168	3836	4009093	457940143	0	0
14099	1191	12193	10982	4010098	458084605	0	0
14100	67	3180	1233	4010302	458109385	0	0
14101	11691	12471	2741	4010385	458119752	0	0
14102	4808	11617	6634	4011248	458225771	0	0
14103	7374	8435	13480	4011562	458262913	0	0
14104	3020	7266	5471	4011921	458304347	4259431	497005928
14105	2599	9497	2223	4012558	458376973	0	0
14106	7971	11544	37890	4012564	458377458	0	0
14107	752	11045	5657	4012703	458396942	0	0
14108	2025	11861	14232	4012879	458422773	0	0
14109	9042	9615	8490	4013181	458463639	0	0
14110	8297	11174	15447	4013799	458554977	0	0
14111	13348	13462	17986	4014096	458602380	0	0
14112	7907	8380	24508	4014273	458633234	0	0
14113	3171	12365	12913	4014560	458685713	0	0
14114	2482	13170	6493	4014985	458767116	0	0
14115	5094	13232	14633	4015417	458838498	0	0
14116	2709	4474	2042	4015929	458928115	0	0
14117	3731	11147	19063	4015970	458934646	0	0
14118	8979	11974	17719	4016955	459090426	0	0
14119	2601	8647	4734	4017719	459214968	0	0
14120	9102	12816	23013	4018266	459287746	0	0
14121	4471	8762	9854	4019498	459466337	0	0
14122	7790	8291	12987	4019684	459490289	0	0
14123	813	3622	3736	4020003	459538796	0	0
14124	3220	3255	3914	4020012	459539867	0	0
14125	3016	3795	8105	4020299	459579022	0	0
14126	8847	13150	19172	4020633	459622101	0	0
14127	5413	8290	4971	4021489	459732537	0	0
14128	12294	12594	26900	4021746	459763742	0	0
14129	706	4839	2097	4022104	459824013	0	0
14130	3737	7320	9723	4022911	459932031	0	0
14131	8029	12050	34119	4023264	459976105	0	0
14132	6248	11355	4467	4023353	459989609	0	0
14133	1899	5573	27344	4023429	459999829	0	0
14134	1759	2998	3659	4023807	460062079	0	0
14135	9957	10922	22072	4023937	460084449	0	0
14136	8475	10432	8598	4024691	460212585	0	0
14137	12058	12569	15763	4024941	460251142	0	0
14138	3751	6163	7088	4025404	460330862	0	0
14139	3165	7497	10443	4025690	460378244	0	0
14140	5446	6746	20617	4025791	460392610	0	0
14141	10297	12990	13793	4026445	460508143	0	0
14142	12221	12314	15856	4026478	460513431	0	0
14143	10086	12454	20809	4027203	460652977	0	0
14144	249	4467	4372	4027373	460684921	0	0
14145	6387	9332	14104	4028847	460941206	0	0
14146	7306	12586	7017	4029460	461024353	0	0
14147	1915	6585	2438	4029581	461039880	0	0
14148	2494	4798	4691	4029602	461043459	0	0
14149	8479	9753	14773	4030714	461187880	0	0
14150	11207	12481	24553	4031269	461250076	0	0
14151	8711	12823	22158	4031280	461251294	0	0
14152	9469	11116	31284	4031814	461342870	0	0
14153	6685	7587	19418	4032217	461415092	0	0
14154	11196	11948	38137	4032242	461418680	0	0
14155	4773	12680	3808	4033149	461623075	0	0
14156	12766	13127	28251	4034164	461798643	4246980	493794698
14157	11854	12035	15008	4034498	461859892	0	0
14158	4305	5745	6215	4034572	461874506	0	0
14159	2834	4910	9688	4034801	461917955	4358495	512346989
14160	158	3032	2032	4035014	461960694	0	0
14161	12847	13738	43545	4035083	461971933	0	0
14162	57	10881	16360	4035135	461984542	0	0
14163	3109	13904	13365	4035821	462159009	4226565	490391565
14164	7681	13822	13455	4036801	462374397	0	0
14165	2324	13678	4582	4037364	462488247	0	0
14166	3718	6891	10346	4037469	462508979	0	0
14167	3795	4500	8017	4037971	462607334	4429884	523753551
14168	1447	3344	5740	4038294	462662370	0	0
14169	3548	8810	4674	4038631	462713874	0	0
14170	3693	10303	17655	4039843	462891875	0	0
14171	1172	7056	6630	4040997	463037567	0	0
14172	4816	5836	3725	4041173	463058544	0	0
14173	736	13537	22876	4041350	463079239	0	0
14174	1581	9814	11872	4041366	463082001	0	0
14175	8361	11073	9150	4041544	463110434	0	0
14176	10980	11185	11563	4041770	463146564	0	0
14177	4920	8506	23249	4041843	463158957	0	0
14178	4881	11454	52123	4042062	463197139	0	0
14179	11834	12046	26481	4042171	463223247	0	0
14180	1957	12164	5424	4042280	463252404	0	0
14181	2474	9232	15931	4042664	463355521	0	0
14182	12963	13060	26613	4043338	463532380	0	0
14183	4336	5687	8959	4043573	463592087	0	0
14184	3461	4291	4914	4044676	463851053	0	0
14185	2255	11720	19796	4045897	464070071	0	0
14186	9128	11742	9440	4046167	464117665	0	0
14187	63	2777	2424	4046230	464130066	0	0
14188	3728	6959	4827	4046456	464172097	0	0
14189	9782	12959	15871	4046533	464185989	0	0
14190	4496	12607	16867	4047191	464299738	0	0
14191	2045	2155	6408	4047993	464427331	0	0
14192	1486	13894	5928	4048573	464513100	0	0
14193	10689	12338	38372	4049447	464623998	0	0
14194	2401	7946	5273	4050071	464708798	0	0
14195	4781	13718	6423	4050427	464759631	0	0
14196	7973	11072	41093	4050675	464792523	4394716	517564252
14197	11982	13536	15697	4051089	464856307	4372107	514412365
14198	17	2261	8890	4051098	464857673	0	0
14199	4802	7537	15140	4051208	464878560	0	0
14200	3103	7327	5994	4051407	464910271	0	0
14201	10072	13226	15616	4051571	464935072	0	0
14202	10062	12968	10339	4051915	464996240	0	0
14203	7543	8513	18225	4052852	465150224	0	0
14204	8843	11869	22072	4053404	465244283	0	0
14205	6107	11908	8098	4053580	465273450	0	0
14206	2106	4648	3348	4053632	465280598	4245639	493506796
14207	12483	13698	12722	4053643	465282879	0	0
14208	2492	5676	8195	4053762	465304693	0	0
14209	5964	12396	5212	4054151	465372986	0	0
14210	1570	3131	2663	4055052	465522587	4111366	473827567
14211	6751	10038	12285	4055194	465544796	0	0
14212	6831	9485	10953	4056005	465675036	0	0
14213	1992	9494	2169	4056133	465690276	0	0
14214	6865	10681	15850	4056335	465717193	4111809	473899433
14215	449	5178	5788	4057041	465822279	0	0
14216	3615	8961	6806	4058625	466014374	0	0
14217	1533	4864	7644	4060232	466158807	4249302	494536363
14218	9611	10693	20358	4060540	466182860	4420607	522132570
14219	7318	12778	16458	4061057	466233511	0	0
14220	12168	13330	10707	4061090	466235668	0	0
14221	1849	6912	10720	4062101	466335228	0	0
14222	5857	5901	10513	4062390	466364931	0	0
14223	5486	11046	6023	4062548	466381518	0	0
14224	3216	12363	10807	4062574	466384131	0	0
14225	5378	6730	13703	4062656	466392363	0	0
14226	11050	13236	29036	4062701	466397189	4317306	506456025
14227	9092	10813	23825	4064326	466613759	0	0
14228	4641	8762	7101	4064428	466630111	0	0
14229	1888	8088	7127	4064963	466704119	0	0
14230	488	9440	7197	4064977	466705624	0	0
14231	3962	5670	7004	4065169	466726300	0	0
14232	1560	13675	48675	4065220	466733298	0	0
14233	1038	9436	24458	4065946	466854177	0	0
14234	5816	7843	15353	4065976	466859878	0	0
14235	504	9833	27258	4066225	466909876	4235811	491950928
14236	4306	13420	5336	4066936	467056373	0	0
14237	496	11344	24799	4067356	467133139	0	0
14238	5024	5234	3718	4069961	467547468	0	0
14239	1188	4930	3520	4069963	467547876	0	0
14240	2744	10058	12525	4070296	467587257	0	0
14241	2100	6617	4676	4070435	467603439	0	0
14242	988	11760	5133	4070544	467616034	0	0
14243	6041	11209	36483	4072355	467816992	0	0
14244	2191	8417	4311	4072590	467850857	0	0
14245	2212	7142	15059	4072699	467866902	0	0
14246	6196	12118	62570	4073034	467910137	0	0
14247	188	1888	1275	4073361	467979748	0	0
14248	5255	9686	12346	4076028	468387744	0	0
14249	3056	9131	8177	4076180	468407333	4315619	506187321
14250	2586	7938	14409	4076354	468432337	4194945	485587926
14251	1651	12024	16074	4076762	468486756	0	0
14252	4278	10023	16165	4077224	468552679	0	0
14253	1370	10778	11857	4077309	468564276	4280907	500630231
14254	3047	10604	18277	4077841	468652504	4079524	468890352
14255	13247	14254	24024	4079524	468890352	0	0
14256	4352	10189	9763	4079666	468911836	0	0
14257	1012	2971	8586	4079911	468953260	0	0
14258	2074	13008	3915	4079967	468960736	0	0
14259	1978	14078	11658	4080189	468995285	0	0
14260	7730	9474	18058	4080422	469034791	0	0
14261	8975	12668	26801	4080508	469047774	0	0
14262	6220	11800	31763	4080623	469070048	0	0
14263	3508	11600	8854	4080639	469074350	0	0
14264	4659	5913	17894	4081461	469260183	0	0
14265	3682	10730	13378	4082094	469391572	0	0
14266	336	1274	2601	4082258	469424135	0	0
14267	5627	8156	4877	4082933	469546373	0	0
14268	1824	8665	5390	4083737	469680414	0	0
14269	6192	9564	5435	4083913	469704062	0	0
14270	5804	8463	25647	4084561	469795824	4444109	525797894
14271	7630	8448	36449	4084634	469805568	0	0
14272	788	11444	8218	4085137	469893426	4250271	494850465
14273	6226	8850	17504	4086188	470060934	0	0
14274	7132	9783	5162	4086267	470071690	0	0
14275	6528	9027	39729	4087512	470247248	0	0
14276	6293	9198	10135	4087533	470249529	0	0
14277	8190	13711	13654	4087892	470309547	0	0
14278	6243	9053	6480	4088868	470464888	4133339	477134652
14279	2415	11646	11743	4089240	470518208	0	0
14280	8589	12340	9575	4089333	470531120	0	0
14281	9215	9942	10387	4090095	470641119	0	0
14282	5676	9659	9814	4090325	470672635	4216440	488900314
14283	772	3779	7616	4090564	470704091	0	0
14284	7007	10791	34793	4091297	470798462	0	0
14285	11919	12930	23494	4092106	470929981	4250624	494965201
14286	5702	7139	14571	4092545	470997177	0	0
14287	434	11988	15165	4092594	471004532	0	0
14288	9966	11844	37071	4092671	471020155	0	0
14289	7913	13943	8008	4092780	471044492	0	0
14290	107	3637	3416	4092787	471046429	0	0
14291	6901	13138	5612	4093213	471149351	0	0
14292	5354	7544	4601	4093819	471271129	0	0
14293	2168	11755	7154	4094334	471366463	0	0
14294	4344	11700	7995	4094459	471391959	0	0
14295	935	7784	9217	4095187	471518817	0	0
14296	2158	8015	7264	4095242	471527874	0	0
14297	636	4408	11531	4095445	471561855	0	0
14298	3432	5617	4346	4097260	471841387	0	0
14299	6625	7983	20170	4097371	471855985	0	0
14300	6318	6622	10389	4097907	471932719	0	0
14301	2426	7737	10074	4098566	472016713	0	0
14302	5035	7511	23926	4098702	472034617	0	0
14303	6113	12635	18389	4099136	472097631	4228646	490683044
14304	10205	10581	12486	4099488	472158534	0	0
14305	1814	7459	9410	4099624	472179155	0	0
14306	1666	10338	9464	4100710	472334374	4378085	515288553
14307	7133	10107	12135	4100870	472354851	0	0
14308	6746	13563	15743	4101568	472458323	0	0
14309	2064	13324	20592	4101900	472503880	0	0
14310	4315	10998	13401	4102164	472542305	0	0
14311	3463	4847	8364	4103593	472739024	4385223	516232060
14312	1010	8683	3956	4104027	472788232	0	0
14313	194	2935	1518	4104261	472813101	0	0
14314	7055	9231	4436	4104697	472864729	0	0
14315	2864	14047	12142	4104768	472873463	0	0
14316	1541	3231	1532	4105607	472970105	0	0
14317	1868	6785	9118	4105692	472978464	0	0
14318	2866	3643	7390	4106032	473016158	0	0
14319	4593	13677	14284	4106107	473024637	0	0
14320	8369	10918	25042	4106110	473024765	0	0
14321	1364	11577	13081	4106332	473052778	0	0
14322	831	2546	2100	4106459	473069995	0	0
14323	1993	14087	8769	4106500	473076223	0	0
14324	6106	8752	15540	4106928	473137560	0	0
14325	1195	2766	1159	4107420	473213536	0	0
14326	8602	10498	6320	4107443	473216412	0	0
14327	4086	5159	12636	4107749	473262187	0	0
14328	9783	11750	13266	4108025	473298238	0	0
14329	1141	13588	24794	4108226	473325693	0	0
14330	2784	7749	6031	4108818	473421882	0	0
14331	7198	12539	24673	4109479	473527366	0	0
14332	3276	3378	5567	4109851	473586412	0	0
14333	2433	5656	2497	4110205	473643496	0	0
14334	849	3141	2626	4110237	473648978	0	0
14335	6659	6847	11204	4110609	473707868	0	0
14336	1353	9936	11181	4110664	473717218	0	0
14337	4389	5554	16271	4110989	473769063	0	0
14338	13209	14210	10791	4111366	473827567	0	0
14339	11611	14214	19353	4111809	473899433	0	0
14340	6311	9140	16604	4112364	473985643	4421055	522214123
14341	2609	6690	4359	4112496	474007926	0	0
14342	8341	10402	5335	4112978	474085810	0	0
14343	4691	6291	5583	4114855	474337869	0	0
14344	3257	9597	2087	4115209	474371961	0	0
14345	6807	10294	31068	4115487	474401409	0	0
14346	4864	11717	24803	4115518	474406378	0	0
14347	3991	8310	12271	4115731	474440844	0	0
14348	7079	11674	9634	4115836	474457395	0	0
14349	10264	12787	34255	4116318	474535636	0	0
14350	7381	12658	15578	4116720	474612675	0	0
14351	9089	12331	12524	4117105	474680473	0	0
14352	6390	9758	22619	4117497	474758288	0	0
14353	4074	4874	10714	4117619	474781288	0	0
14354	2882	8830	8105	4118361	474924334	0	0
14355	9039	11000	23526	4118705	474984292	0	0
14356	1069	2522	3283	4119614	475139804	0	0
14357	1671	3329	9107	4119677	475151835	0	0
14358	2688	12896	6448	4119865	475181894	0	0
14359	11847	12160	17386	4120230	475238772	0	0
14360	4668	12552	20325	4120244	475240555	0	0
14361	6603	7593	8903	4121029	475393585	0	0
14362	3119	4935	12381	4122306	475597533	0	0
14363	6640	11612	4681	4122409	475613060	0	0
14364	171	10090	25169	4122514	475631644	0	0
14365	2151	3469	7514	4122763	475679302	0	0
14366	8728	13467	17712	4123919	475863887	0	0
14367	2021	13808	21319	4124099	475890741	0	0
14368	3038	9142	13950	4125816	476145174	0	0
14369	8116	11661	24344	4125865	476151129	0	0
14370	6492	7685	4114	4125880	476153512	0	0
14371	8279	9726	8758	4127064	476331352	0	0
14372	2299	8863	3844	4127172	476347393	0	0
14373	7687	12354	11442	4127482	476389522	0	0
14374	2239	8314	17816	4128667	476551453	0	0
14375	3916	4056	10421	4128858	476578743	0	0
14376	5770	7832	11383	4129381	476644541	0	0
14377	2142	13957	25160	4129864	476705767	0	0
14378	9617	10798	15494	4131475	476911231	0	0
14379	847	3146	784	4131828	476956730	0	0
14380	2298	4514	1904	4132148	476989359	0	0
14381	12745	13052	20300	4132341	477007513	0	0
14382	2766	4021	7347	4132529	477030348	0	0
14383	7357	10623	20036	4132744	477051934	0	0
14384	582	14278	7383	4133339	477134652	0	0
14385	9002	12242	17780	4133722	477189590	0	0
14386	6872	12000	30094	4134024	477231613	0	0
14387	8359	10468	9822	4134334	477274931	0	0
14388	85	9685	8070	4135275	477418063	0	0
14389	5562	7071	3354	4135529	477453824	0	0
14390	6532	10098	7654	4136112	477528379	0	0
14391	3572	3965	7786	4136478	477572620	4224510	490099470
14392	7377	13022	31737	4136737	477603525	0	0
14393	1657	9658	20855	4136775	477608670	0	0
14394	5261	10224	34096	4137043	477652005	0	0
14395	8	7677	14035	4138617	477923810	0	0
14396	544	3112	6467	4138865	477961805	0	0
14397	2441	3433	7768	4138898	477967143	0	0
14398	3858	11086	9261	4139282	478035207	0	0
14399	9709	13384	9621	4139868	478124977	0	0
14400	3810	4538	4208	4140894	478258594	0	0
14401	362	10816	15753	4141015	478273188	0	0
14402	12220	12995	24692	4142086	478408419	0	0
14403	191	4492	4192	4142270	478433443	0	0
14404	2299	5727	5620	4142752	478499057	0	0
14405	2948	8768	42959	4143450	478584315	0	0
14406	800	3659	3325	4143471	478586991	0	0
14407	3540	5392	12849	4143554	478600421	0	0
14408	10077	10240	34848	4144387	478723799	0	0
14409	3176	3580	13571	4144996	478818960	0	0
14410	290	2208	1164	4145178	478849037	0	0
14411	11274	12014	33692	4145544	478901822	0	0
14412	5501	9075	20442	4146412	479044255	0	0
14413	680	6503	4482	4146800	479104922	0	0
14414	8206	12123	26006	4147302	479186582	0	0
14415	4307	9052	5018	4147438	479207121	0	0
14416	5936	8476	8569	4147995	479296634	0	0
14417	1468	10073	8580	4148244	479335854	0	0
14418	1261	1653	2579	4149027	479449208	0	0
14419	8589	9453	11121	4149645	479526196	0	0
14420	5506	9718	9544	4149874	479554622	0	0
14421	1459	5147	3607	4150433	479629090	0	0
14422	5921	9354	12686	4151025	479693091	0	0
14423	1050	11331	11954	4151237	479714207	0	0
14424	1072	9707	5339	4151465	479740609	0	0
14425	4333	9177	3849	4152426	479843538	0	0
14426	9728	13079	36215	4152848	479881160	0	0
14427	1864	11678	29269	4153726	479987715	0	0
14428	1648	12238	27525	4153737	479988726	0	0
14429	2398	10313	27053	4155192	480215324	0	0
14430	10710	11177	38692	4155250	480225811	0	0
14431	78	13045	12484	4155802	480340873	0	0
14432	391	14030	8245	4156024	480383665	4308296	505090170
14433	6999	12020	10125	4156070	480392793	0	0
14434	2235	6633	11627	4158034	480734550	0	0
14435	2662	9813	7751	4158172	480753765	0	0
14436	6014	7620	12427	4159434	480925613	4340852	509620392
14437	3573	11025	11702	4160957	481096904	0	0
14438	5708	5837	8070	4161368	481138488	0	0
14439	2968	4517	2615	4161730	481176828	0	0
14440	11202	14006	12049	4161899	481192963	0	0
14441	515	13948	12951	4162305	481238319	0	0
14442	2283	8746	8699	4162752	481287346	0	0
14443	468	9984	2704	4163458	481356724	0	0
14444	739	12536	11443	4163613	481370820	0	0
14445	5196	5980	2770	4163959	481405383	0	0
14446	6721	8026	14016	4164113	481421612	4405139	519565993
14447	3527	4391	8392	4164450	481452303	0	0
14448	58	1665	380	4164589	481466514	0	0
14449	4496	6493	8131	4165324	481542467	0	0
14450	5285	6337	3124	4165489	481561149	0	0
14451	10603	12195	18660	4165876	481597198	0	0
14452	5576	13330	11802	4166250	481639758	0	0
14453	5951	11733	15396	4166524	481669523	0	0
14454	8769	9470	24806	4166577	481675406	0	0
14455	4430	7988	13436	4166641	481685297	0	0
14456	5253	9999	25606	4166862	481720718	0	0
14457	286	3475	4113	4167947	481894249	0	0
14458	1057	9770	2396	4167959	481896273	0	0
14459	113	4871	1869	4168280	481942607	0	0
14460	8004	11960	8914	4168572	481983616	0	0
14461	2227	9734	5927	4168586	481986222	0	0
14462	3311	10637	28484	4168761	482014955	0	0
14463	10062	11454	52270	4169343	482105601	0	0
14464	857	12199	3710	4169589	482154605	0	0
14465	878	9743	2713	4170261	482275474	0	0
14466	12576	13271	18963	4170689	482347665	0	0
14467	11835	13317	11295	4170900	482383579	0	0
14468	5529	10885	10404	4171042	482412767	0	0
14469	8546	10271	13260	4171150	482431665	0	0
14470	6772	6851	8115	4171717	482539998	0	0
14471	5976	13182	25423	4172043	482599726	0	0
14472	3721	6749	4771	4173315	482828455	0	0
14473	4927	6274	7790	4174029	482936339	0	0
14474	997	9030	3133	4174227	482963787	0	0
14475	2684	8429	7407	4174537	483001186	0	0
14476	2244	9182	4303	4174653	483017768	0	0
14477	7134	13779	13481	4174774	483034954	0	0
14478	123	7358	10996	4176686	483272937	0	0
14479	6494	11540	17136	4176795	483284341	0	0
14480	3969	13149	4306	4177119	483323491	0	0
14481	4898	10351	27791	4177428	483360020	0	0
14482	1761	5050	2605	4177553	483375603	0	0
14483	3097	8614	4993	4177701	483395127	4443289	525691254
14484	3961	4451	13889	4178089	483442886	0	0
14485	926	6319	7025	4179072	483570873	0	0
14486	337	6626	5665	4179084	483572042	0	0
14487	3034	6964	12928	4179527	483625686	0	0
14488	6420	8848	11328	4179863	483663691	0	0
14489	864	1175	987	4180522	483744912	0	0
14490	9651	13834	15028	4180969	483793203	0	0
14491	7869	10657	20474	4181816	483888139	0	0
14492	720	5057	3675	4182840	484001515	0	0
14493	5781	9839	14133	4183986	484111904	0	0
14494	6228	8013	4174	4184109	484123436	0	0
14495	2713	5164	10694	4184654	484174568	0	0
14496	8119	10083	34129	4184672	484175943	0	0
14497	9229	13286	57210	4184830	484199550	0	0
14498	2593	9266	4387	4185381	484303625	0	0
14499	221	1069	1279	4185712	484363349	0	0
14500	8785	11157	45190	4186120	484435156	0	0
14501	763	10315	10348	4188436	484807486	0	0
14502	8584	10889	24829	4189118	484899951	0	0
14503	5262	7015	4460	4189157	484906521	0	0
14504	11775	12251	11755	4189738	484983703	0	0
14505	8902	10427	12006	4190888	485117676	0	0
14506	7264	8417	7348	4191854	485224901	0	0
14507	4148	9498	13023	4192016	485241451	0	0
14508	6434	13550	8011	4193006	485345377	0	0
14509	3326	4700	5869	4193623	485404864	0	0
14510	8079	10266	11134	4193716	485412791	4193802	485422052
14511	13121	14510	26865	4193802	485422052	0	0
14512	5564	9066	36163	4194333	485493135	0	0
14513	2303	4640	5161	4194936	485586863	0	0
14514	13411	14250	53003	4194945	485587926	0	0
14515	439	683	1647	4195544	485697839	0	0
14516	7614	11730	3788	4196722	485892392	0	0
14517	7775	9717	22035	4196888	485919110	0	0
14518	5595	12589	25988	4197367	485999545	4208174	487522385
14519	4010	5587	11580	4197691	486054834	0	0
14520	13243	13978	20042	4198450	486172304	0	0
14521	1921	7858	1315	4199306	486306142	0	0
14522	5288	6699	27253	4199366	486314660	0	0
14523	8364	9801	7659	4199515	486337661	0	0
14524	8625	10126	20658	4202614	486725853	0	0
14525	136	6692	15161	4203029	486768865	0	0
14526	4734	8624	15516	4203407	486809116	0	0
14527	7794	13923	37608	4203506	486822043	0	0
14528	147	9089	9366	4203994	486896709	0	0
14529	1671	9403	5185	4204058	486905068	0	0
14530	6896	10675	5295	4204157	486917921	0	0
14531	11339	12884	11090	4204487	486971285	0	0
14532	8143	11813	30877	4205436	487099568	0	0
14533	2628	2837	3826	4205802	487152096	0	0
14534	4321	12942	8067	4205821	487154770	0	0
14535	4451	11595	23124	4205835	487156245	0	0
14536	9591	13930	13466	4206921	487338760	0	0
14537	6134	8046	20983	4207708	487452361	0	0
14538	5609	5695	6539	4207717	487453222	0	0
14539	1734	12636	14164	4208062	487505756	0	0
14540	2875	13747	10811	4208106	487511735	0	0
14541	10860	14518	31656	4208174	487522385	0	0
14542	8141	13601	18396	4208321	487555228	0	0
14543	7999	9892	15822	4208482	487585175	0	0
14544	2312	10420	9392	4210895	488014619	0	0
14545	4048	8604	17731	4210900	488014998	4243278	493078970
14546	4240	12016	7798	4210984	488025880	0	0
14547	1193	10812	32960	4211055	488037853	0	0
14548	2434	7158	6598	4211320	488092215	0	0
14549	8200	9482	4984	4211445	488115443	0	0
14550	6447	12620	10375	4212017	488219295	0	0
14551	3119	4440	9291	4212648	488330403	0	0
14552	5952	10379	24901	4213655	488489016	0	0
14553	5298	12574	7029	4213766	488510120	0	0
14554	2553	8114	8763	4214699	488646047	4263891	497820986
14555	54	3745	11044	4215175	488718087	0	0
14556	10892	14015	10268	4215543	488766194	0	0
14557	1432	10939	8350	4216047	488840362	0	0
14558	3267	10877	32833	4216086	488846157	0	0
14559	4050	14282	11367	4216440	488900314	0	0
14560	4	8240	7522	4216813	488965892	0	0
14561	4819	8050	13842	4217993	489132316	0	0
14562	3233	9097	3921	4218329	489183239	0	0
14563	1486	6259	19141	4218468	489201775	0	0
14564	1020	4986	3779	4218758	489246719	0	0
14565	10037	10677	14419	4219061	489284974	4280633	500581951
14566	258	12055	13989	4219193	489304284	4359877	512585758
14567	7173	7842	9772	4219879	489411434	0	0
14568	6568	12691	17389	4220404	489491355	0	0
14569	10014	10849	4582	4221436	489639345	0	0
14570	7161	13966	20308	4222081	489721437	0	0
14571	12006	12968	19496	4222115	489726799	0	0
14572	10563	10687	22633	4222126	489728968	0	0
14573	8608	12605	6179	4222437	489784687	0	0
14574	8928	12658	6944	4222471	489791003	0	0
14575	3691	4982	4119	4222680	489826851	4391466	517059250
14576	9319	11066	5812	4223692	489986036	0	0
14577	1814	3717	5716	4224117	490044275	4307805	505020729
14578	1101	12181	18941	4224262	490061384	0	0
14579	1216	14391	8423	4224510	490099470	0	0
14580	4801	5918	12090	4224707	490131121	0	0
14581	349	1092	1362	4224760	490139401	0	0
14582	2381	14163	18751	4226565	490391565	0	0
14583	3012	9081	10189	4226589	490395365	0	0
14584	4326	9506	8428	4226601	490396877	0	0
14585	5713	12547	23899	4226787	490421660	0	0
14586	7029	14303	20311	4228646	490683044	0	0
14587	3529	10632	9020	4228713	490691177	0	0
14588	3487	7918	6026	4228974	490731393	0	0
14589	4989	8481	23853	4229104	490748124	0	0
14590	2916	6365	8803	4229269	490775427	0	0
14591	392	9928	15369	4229672	490847153	0	0
14592	6379	13429	8965	4229963	490896192	0	0
14593	4109	13615	26523	4230330	490953286	0	0
14594	3031	10820	17126	4230806	491035095	0	0
14595	7775	10995	27156	4230844	491042042	0	0
14596	8410	10734	9447	4231042	491084076	0	0
14597	1650	12659	10344	4231330	491139295	0	0
14598	3610	6209	3320	4231767	491231963	4255404	496210892
14599	463	6386	9563	4232825	491425495	0	0
14600	7081	9730	2695	4232857	491431717	0	0
14601	1500	3653	3443	4232938	491446263	0	0
14602	2457	3898	16842	4233179	491484173	0	0
14603	9189	11420	36808	4233525	491543390	0	0
14604	3068	5834	15719	4233574	491551371	0	0
14605	7195	12417	10458	4233975	491631704	0	0
14606	3641	7077	5930	4235320	491875145	0	0
14607	2407	14235	29910	4235811	491950928	0	0
14608	976	1655	1604	4236157	492012667	0	0
14609	4830	11918	10285	4236633	492098794	0	0
14610	10653	12068	14115	4236936	492147875	0	0
14611	8803	11184	15899	4237604	492254512	0	0
14612	1791	11108	19435	4237749	492278734	0	0
14613	3073	7824	7736	4237824	492292236	0	0
14614	10731	13363	28366	4238741	492445196	0	0
14615	5334	11414	10365	4238877	492467073	0	0
14616	4038	6980	5966	4240070	492658211	0	0
14617	4766	8019	9247	4240593	492733841	0	0
14618	7495	11940	11091	4241284	492830955	0	0
14619	621	8335	8730	4242309	492959643	0	0
14620	7058	12926	15140	4242397	492970208	0	0
14621	1446	7961	14263	4242639	493000009	0	0
14622	5294	6071	4053	4242951	493040182	4439691	525160559
14623	2937	10651	4381	4243054	493051607	0	0
14624	13823	14545	39606	4243278	493078970	0	0
14625	8494	13823	22326	4244073	493217163	0	0
14626	578	10955	11081	4244210	493239343	0	0
14627	11228	13296	42028	4244375	493267344	0	0
14628	9143	14206	7361	4245639	493506796	0	0
14629	5869	6031	12564	4246042	493573911	0	0
14630	7390	13256	16563	4246286	493616042	0	0
14631	5502	12981	33895	4246302	493617973	0	0
14632	5843	10013	10706	4246616	493688635	0	0
14633	5503	7396	3821	4246680	493703202	0	0
14634	12232	13975	73633	4246725	493712670	0	0
14635	4922	14156	28633	4246980	493794698	0	0
14636	620	3977	4132	4248098	494147935	0	0
14637	6478	7231	19202	4248473	494250960	0	0
14638	777	10156	4518	4248628	494294102	0	0
14639	9932	14049	105273	4248638	494296306	0	0
14640	1221	5686	3037	4248773	494351938	0	0
14641	4669	10566	6792	4248822	494371441	0	0
14642	9692	14217	11018	4249302	494536363	0	0
14643	4629	5765	10523	4249961	494758001	0	0
14644	13971	14272	15763	4250271	494850465	0	0
14645	9281	12271	36446	4250278	494851700	0	0
14646	12777	14285	35040	4250624	494965201	0	0
14647	2203	13023	7568	4250915	495080384	0	0
14648	807	1923	1288	4251557	495288408	0	0
14649	3418	12080	18184	4252609	495590590	0	0
14650	5503	7197	6209	4253243	495742066	0	0
14651	4118	5450	6156	4253899	495904922	0	0
14652	6263	11887	25444	4254072	495935555	0	0
14653	71	2290	1611	4254449	496015163	0	0
14654	134	7516	3680	4254781	496086822	0	0
14655	5665	10312	11965	4255261	496181487	0	0
14656	12318	14598	22110	4255404	496210892	0	0
14657	4508	13508	17266	4255649	496264482	0	0
14658	439	9549	7174	4255899	496318011	0	0
14659	6387	11207	4368	4256512	496449203	0	0
14660	9211	10517	23054	4256955	496532064	0	0
14661	3582	6344	13639	4257028	496546234	0	0
14662	5213	11284	9441	4257319	496608575	0	0
14663	6366	10999	18628	4257513	496647082	0	0
14664	13587	14104	37041	4259431	497005928	0	0
14665	664	6304	3002	4259551	497029436	0	0
14666	934	12066	8194	4260243	497160078	0	0
14667	533	9191	3699	4260409	497189161	4332818	508667377
14668	6066	6214	7562	4261035	497296672	4286320	501333493
14669	4442	10286	20060	4261603	497387142	0	0
14670	4103	12885	22419	4261857	497426316	0	0
14671	189	6741	4450	4261871	497428969	0	0
14672	3296	8260	16059	4261894	497435727	0	0
14673	5298	13976	21782	4261913	497438791	0	0
14674	650	5838	8483	4262977	497662079	0	0
14675	9982	14554	13171	4263891	497820986	4393572	517314821
14676	4725	8669	7055	4263948	497831270	0	0
14677	5564	12470	25305	4263998	497838074	0	0
14678	835	13435	23013	4264513	497934864	0	0
14679	3495	12450	11242	4264524	497937299	0	0
14680	4171	10064	19959	4265529	498133014	0	0
14681	5959	6238	13268	4266658	498330949	0	0
14682	6219	10082	4752	4266908	498375000	0	0
14683	116	3075	3236	4267636	498484686	0	0
14684	6618	11803	10783	4268392	498584489	0	0
14685	10950	13752	21947	4269218	498682815	0	0
14686	2882	5229	6851	4269569	498732146	0	0
14687	367	7768	5691	4269587	498734370	0	0
14688	1001	6051	7126	4269809	498767771	0	0
14689	12347	13095	43554	4270085	498808165	0	0
14690	7116	9186	26795	4271306	499018359	0	0
14691	3705	4601	5064	4271578	499067366	0	0
14692	3564	6392	8351	4271725	499093602	0	0
14693	9259	12135	20938	4271934	499126240	0	0
14694	9391	14250	38116	4272544	499232469	0	0
14695	10255	11637	28672	4272884	499296485	0	0
14696	11136	11798	43042	4274196	499536214	0	0
14697	4187	13287	10772	4274212	499539125	0	0
14698	1834	5753	9713	4274829	499670641	0	0
14699	11033	13972	5873	4275744	499835434	0	0
14700	2178	12805	3507	4275893	499856727	0	0
14701	3667	9891	6251	4275900	499858143	0	0
14702	818	1489	1042	4277243	500065503	0	0
14703	4451	13128	13767	4277347	500080202	0	0
14704	4584	9120	13008	4277538	500107167	0	0
14705	13118	13731	30256	4277781	500139695	0	0
14706	3488	9061	6116	4279087	500338107	0	0
14707	10371	11396	17116	4279613	500410839	0	0
14708	8615	13921	41103	4279616	500411317	0	0
14709	5595	14565	18361	4280633	500581951	0	0
14710	11362	14253	26691	4280907	500630231	0	0
14711	11748	13983	7236	4282114	500825332	4339038	509407963
14712	3087	10011	2459	4283425	501000499	0	0
14713	969	3256	5156	4283655	501027936	0	0
14714	3193	3990	14284	4284234	501092741	0	0
14715	3150	9428	7081	4284600	501135667	0	0
14716	6778	10245	9853	4284650	501140549	0	0
14717	1460	10221	3731	4284808	501158231	0	0
14718	5313	6082	11999	4285571	501243398	0	0
14719	3844	8784	15939	4285879	501278113	0	0
14720	13424	14668	15200	4286320	501333493	0	0
14721	1133	10370	10973	4286423	501345093	0	0
14722	9899	12330	44458	4286458	501349233	0	0
14723	10604	12376	17493	4286734	501399259	0	0
14724	4418	5724	2799	4287587	501564479	0	0
14725	11765	12262	19570	4287818	501604334	0	0
14726	670	11085	16612	4288805	501767014	0	0
14727	9003	13159	22039	4288923	501786929	0	0
14728	9597	11794	15922	4289181	501838879	0	0
14729	6920	12603	26662	4289415	501882584	0	0
14730	600	13471	8441	4289736	501940146	0	0
14731	12653	13947	34817	4290477	502075257	0	0
14732	2210	4302	6902	4290914	502171898	0	0
14733	2710	11438	7228	4291186	502226497	0	0
14734	5945	13769	10000	4291203	502230616	0	0
14735	1798	13698	3216	4291787	502353234	0	0
14736	3674	13863	13007	4291865	502366964	0	0
14737	3296	12834	15253	4292213	502430094	0	0
14738	6158	11592	7090	4293456	502656470	0	0
14739	11134	11371	23489	4294148	502761502	0	0
14740	2411	6478	7181	4294669	502845551	0	0
14741	1484	11896	17264	4294976	502888441	0	0
14742	6456	11863	12849	4295014	502894447	0	0
14743	7764	11436	17174	4295408	502960235	0	0
14744	3506	7337	13015	4295501	502975209	0	0
14745	3813	9200	23131	4295645	503007785	0	0
14746	11093	11365	10510	4297152	503260894	0	0
14747	4822	12894	11624	4297214	503268546	0	0
14748	12964	13850	8467	4297758	503352937	0	0
14749	6542	8578	15850	4297774	503356377	0	0
14750	8833	12771	37480	4298075	503404819	4406604	519869977
14751	7936	8006	27425	4298277	503446254	0	0
14752	996	1955	4692	4299182	503642113	0	0
14753	3430	11019	29324	4299689	503734437	0	0
14754	11086	13006	12948	4300558	503899544	0	0
14755	8564	13432	15693	4300674	503921392	0	0
14756	5446	6485	15178	4300705	503925948	0	0
14757	8945	9634	11773	4301334	504041236	0	0
14758	4441	12012	14162	4301579	504092962	0	0
14759	2846	12404	17553	4301876	504151251	0	0
14760	749	3193	6667	4302413	504260586	0	0
14761	1292	3738	7373	4302724	504322819	0	0
14762	3367	6633	12273	4304746	504642286	4423946	522740338
14763	5202	11516	9670	4305545	504742203	0	0
14764	6751	11150	10807	4305662	504755872	0	0
14765	3060	9438	11845	4305759	504768042	0	0
14766	4488	4722	6477	4306489	504862257	0	0
14767	914	12594	10507	4306621	504878896	0	0
14768	2774	6334	11050	4307260	504956598	0	0
14769	4614	11851	6445	4307550	504990640	0	0
14770	2807	8127	2803	4307555	504991166	0	0
14771	1484	2237	2785	4307664	505003102	0	0
14772	823	14577	6077	4307805	505020729	0	0
14773	8824	13542	21944	4308092	505055825	0	0
14774	2410	12956	14499	4308273	505085551	0	0
14775	5765	14432	10176	4308296	505090170	0	0
14776	1022	9483	13952	4309427	505266410	0	0
14777	1786	4612	4216	4309753	505314491	0	0
14778	3059	13680	10516	4310490	505415279	0	0
14779	2762	12449	13679	4310795	505452279	0	0
14780	5140	10854	12340	4311359	505531723	0	0
14781	12865	14049	66184	4311702	505581622	0	0
14782	7590	8826	17436	4311943	505627127	0	0
14783	300	12816	10185	4312894	505797526	0	0
14784	1043	8516	3472	4313805	505953298	0	0
14785	3976	10406	15688	4314758	506076501	0	0
14786	1177	3252	3453	4315157	506129809	0	0
14787	6135	14249	16434	4315619	506187321	0	0
14788	7361	9499	9682	4315650	506190196	0	0
14789	2647	14046	15536	4315782	506208418	0	0
14790	201	10833	26466	4315950	506233107	0	0
14791	2966	3554	13570	4316978	506403261	0	0
14792	2270	12219	5691	4317103	506423170	0	0
14793	9051	14226	39216	4317306	506456025	0	0
14794	1673	4333	3312	4317960	506577616	0	0
14795	4713	8412	11621	4318127	506607927	0	0
14796	1361	7987	14030	4319536	506828602	4341030	509643406
14797	6968	9127	13784	4320727	506982903	0	0
14798	127	8013	2021	4320872	507001179	0	0
14799	6379	11468	9458	4321160	507037472	0	0
14800	8992	10745	14766	4321486	507080051	0	0
14801	390	8793	16234	4321831	507124435	0	0
14802	1760	12253	15197	4321912	507136025	0	0
14803	4731	5323	5665	4322218	507183060	0	0
14804	8600	10555	30640	4322653	507255666	0	0
14805	1144	6238	11847	4322918	507301025	0	0
14806	6854	8649	18261	4323610	507412879	0	0
14807	8470	9432	9445	4324350	507532053	0	0
14808	351	1489	959	4325689	507715299	0	0
14809	9665	11473	23722	4325750	507720582	0	0
14810	9393	12271	33271	4327234	507913594	0	0
14811	836	8692	4911	4327455	507942225	0	0
14812	8736	10633	18188	4328451	508057385	4404486	519445508
14813	8304	11514	12029	4328779	508097368	0	0
14814	863	11787	3199	4328818	508102493	0	0
14815	1621	12429	9206	4328987	508124533	0	0
14816	5061	7617	19068	4329263	508165001	0	0
14817	9405	10116	19093	4329403	508185380	0	0
14818	6665	9382	3959	4329842	508251361	0	0
14819	1157	13015	7860	4330182	508305431	0	0
14820	8180	8921	8562	4331522	508488651	0	0
14821	5415	13273	3510	4331610	508502583	0	0
14822	2536	9849	12609	4331673	508512042	0	0
14823	3447	11122	17145	4332135	508572475	0	0
14824	8951	14667	16663	4332818	508667377	0	0
14825	1616	2418	5526	4333306	508726480	0	0
14826	519	6353	892	4333653	508767983	0	0
14827	5946	8780	9780	4334334	508846823	0	0
14828	5330	12850	9056	4334610	508878123	0	0
14829	5345	9235	13362	4334671	508885597	0	0
14830	9139	13083	10870	4334745	508894247	0	0
14831	2093	8354	9941	4335687	509011588	0	0
14832	5323	7251	4502	4336017	509048961	0	0
14833	8474	11264	5923	4336602	509112479	0	0
14834	4297	7817	16122	4336805	509133173	0	0
14835	2750	4414	4488	4336918	509145676	0	0
14836	5559	10767	31030	4337872	509252661	0	0
14837	3590	6116	2193	4338282	509306867	0	0
14838	5115	10502	14616	4338318	509310771	0	0
14839	1414	6703	3154	4338967	509398833	0	0
14840	13330	14711	13125	4339038	509407963	0	0
14841	10150	12031	14286	4339802	509500791	0	0
14842	11556	14436	14088	4340852	509620392	0	0
14843	5595	14796	17972	4341030	509643406	0	0
14844	9392	11921	14677	4341454	509700550	0	0
14845	4136	9423	9567	4341729	509741484	0	0
14846	11457	11896	19539	4341993	509779749	0	0
14847	3760	11551	25795	4342386	509836537	0	0
14848	10389	13538	16422	4343144	509959280	0	0
14849	12802	13221	22332	4343798	510061330	0	0
14850	1880	10737	9540	4343853	510069804	0	0
14851	2065	3714	3303	4344313	510147288	0	0
14852	11499	13160	14359	4344370	510157214	0	0
14853	11545	13852	12001	4345181	510289508	0	0
14854	9712	11387	16112	4345593	510355169	0	0
14855	9947	11624	17712	4346311	510472746	0	0
14856	10347	12151	15022	4346664	510531626	0	0
14857	2467	9383	7737	4347877	510700594	0	0
14858	10992	14081	19796	4348606	510789596	0	0
14859	6992	7585	3164	4349208	510867688	0	0
14860	2721	7871	17361	4349718	510925393	4444811	525908569
14861	970	8332	14879	4349805	510936151	0	0
14862	767	9545	1519	4350102	510975998	0	0
14863	964	8806	6768	4350249	510996451	4411989	520908570
14864	364	6980	5025	4350459	511025281	4375645	514945413
14865	3506	8560	11967	4350513	511031251	0	0
14866	13	6203	3430	4350574	511038813	0	0
14867	3798	13199	52487	4351512	511151488	0	0
14868	6902	11336	48704	4351872	511221008	0	0
14869	6849	11970	10000	4352010	511253235	0	0
14870	4920	8531	11403	4353715	511577525	0	0
14871	1218	11330	7554	4354051	511630236	0	0
14872	3928	9732	12607	4354252	511659267	0	0
14873	4228	13696	16036	4354539	511706303	0	0
14874	9794	13332	24443	4355573	511869170	0	0
14875	2245	13225	10368	4356501	512006297	0	0
14876	2572	10887	10313	4356959	512071944	0	0
14877	2572	11885	6232	4356959	512071944	0	0
14878	10887	11885	15527	4356959	512071944	0	0
14879	1487	7431	7866	4357231	512114550	0	0
14880	497	3866	4690	4357265	512118787	0	0
14881	12253	12394	34675	4357481	512155820	4394139	517429745
14882	7739	12942	8783	4357521	512164189	0	0
14883	2053	13948	15315	4357644	512185229	0	0
14884	1834	14159	12406	4358495	512346989	0	0
14885	6026	11922	9851	4359506	512525627	0	0
14886	11603	14566	35633	4359877	512585758	4381642	515745914
14887	5314	6807	28605	4359916	512592958	0	0
14888	745	7838	4967	4359966	512602646	0	0
14889	675	5203	2218	4360756	512763421	0	0
14890	3917	6318	9110	4361013	512809861	0	0
14891	4652	10619	5255	4361337	512869368	0	0
14892	1666	8101	6214	4361362	512873476	0	0
14893	5235	9957	19077	4362154	513008953	0	0
14894	3087	6232	3068	4362565	513074347	0	0
14895	10991	13455	11557	4364409	513327059	0	0
14896	12914	13115	11918	4364532	513340409	0	0
14897	1911	13057	21026	4365233	513424715	0	0
14898	1137	13662	7319	4365896	513506339	0	0
14899	6772	12159	14370	4366016	513521375	0	0
14900	4450	12335	5459	4366111	513534384	0	0
14901	10415	14003	23067	4366369	513568540	0	0
14902	9667	11707	2794	4366393	513572246	0	0
14903	11688	12225	17373	4366557	513597227	0	0
14904	9709	11314	8413	4367236	513695300	0	0
14905	6364	13899	10823	4367501	513739166	0	0
14906	3713	8273	6848	4368028	513816367	0	0
14907	3939	7536	14215	4368179	513836029	0	0
14908	1032	11366	7941	4368339	513861809	0	0
14909	2971	7274	18820	4368560	513892459	0	0
14910	2098	10402	3535	4368728	513918028	0	0
14911	5095	6923	3891	4368931	513947307	0	0
14912	2045	6312	7335	4369153	513978398	0	0
14913	1745	13124	2691	4369419	514019652	0	0
14914	1456	9752	10189	4369516	514034088	0	0
14915	7684	10237	6746	4370451	514165490	0	0
14916	9115	11624	9964	4370686	514193347	0	0
14917	12882	13840	16840	4370690	514193701	0	0
14918	651	6621	14901	4370720	514197893	0	0
14919	1946	2465	3267	4370921	514227569	0	0
14920	5480	7952	8265	4371459	514311899	0	0
14921	13045	14197	28145	4372107	514412365	0	0
14922	7336	9626	25152	4372970	514548115	0	0
14923	8652	13329	26750	4374013	514696593	0	0
14924	11980	12315	17180	4374289	514741443	0	0
14925	1478	12495	10428	4375059	514854397	0	0
14926	9424	14864	6985	4375645	514945413	0	0
14927	5047	10942	5217	4375996	514998461	0	0
14928	2579	8397	25474	4376280	515041225	0	0
14929	192	6946	5040	4377684	515236828	0	0
14930	5382	13365	17459	4377902	515262844	0	0
14931	11796	14306	20139	4378085	515288553	0	0
14932	6078	13193	20048	4378921	515405453	0	0
14933	12251	12901	8553	4379316	515465841	0	0
14934	2762	3966	9000	4381005	515677585	0	0
14935	481	1181	1392	4381164	515694521	0	0
14936	1113	2027	3749	4381178	515695749	0	0
14937	11591	14886	48815	4381642	515745914	0	0
14938	7498	12596	12470	4382320	515840381	0	0
14939	2065	13443	13138	4383003	515933441	0	0
14940	1410	3612	2083	4383412	515989495	0	0
14941	6757	13542	23217	4383572	516009796	0	0
14942	2465	4919	9432	4384716	516164620	0	0
14943	4006	13505	8282	4384768	516171625	0	0
14944	6992	14094	8754	4385003	516203345	0	0
14945	304	8530	7680	4385033	516206323	0	0
14946	11404	14311	10621	4385223	516232060	0	0
14947	9321	10361	7247	4385382	516255449	0	0
14948	995	8347	11959	4385602	516289343	0	0
14949	3058	12347	8944	4385993	516348047	0	0
14950	3023	7500	3518	4386220	516379899	0	0
14951	7389	9572	11672	4387518	516548031	0	0
14952	2254	2655	10488	4388235	516631281	0	0
14953	3337	7705	7498	4388536	516663634	0	0
14954	5504	12172	24118	4388591	516670725	0	0
14955	833	2501	2692	4388635	516677735	0	0
14956	4146	13282	22507	4388890	516711192	0	0
14957	2834	11053	8463	4389006	516726709	0	0
14958	6334	10589	16591	4389412	516790383	4436975	524812289
14959	1256	9886	6762	4390294	516913546	0	0
14960	2124	7229	5041	4390737	516975130	0	0
14961	2158	14575	6442	4391466	517059250	0	0
14962	759	8160	14285	4391969	517114020	0	0
14963	6930	10678	4872	4392094	517127257	0	0
14964	2444	10414	9526	4392544	517173852	0	0
14965	4352	7479	30885	4392641	517185696	0	0
14966	2922	14675	13777	4393572	517314821	0	0
14967	11959	12936	48471	4393629	517323234	0	0
14968	2935	13473	9302	4394031	517407313	0	0
14969	5360	14881	39557	4394139	517429745	0	0
14970	6826	14566	23991	4394363	517487203	0	0
14971	14196	14518	67081	4394716	517564252	0	0
14972	10387	13629	28528	4395738	517857626	0	0
14973	5074	6335	7802	4397478	518271569	0	0
14974	1124	5565	6211	4397537	518285076	4444109	525797894
14975	5448	11354	17478	4398700	518492388	0	0
14976	4242	12068	12361	4398787	518509205	0	0
14977	1522	8187	2480	4398859	518520683	0	0
14978	4686	12944	31270	4399135	518573876	0	0
14979	870	4666	5372	4399372	518620854	0	0
14980	2224	7628	3386	4399489	518646062	0	0
14981	432	9632	11742	4400314	518806451	0	0
14982	2339	13547	14503	4400407	518826578	0	0
14983	13	2913	3167	4400499	518845001	0	0
14984	6547	7558	18872	4402847	519204327	0	0
14985	4513	10077	31069	4402954	519221568	0	0
14986	7460	7684	4676	4403206	519262317	0	0
14987	2416	5619	9451	4403808	519354991	0	0
14988	9974	14812	23258	4404486	519445508	0	0
14989	12971	13132	29820	4404554	519454716	0	0
14990	6485	13661	8532	4404888	519520639	0	0
14991	11396	14446	24081	4405139	519565993	0	0
14992	9592	9952	39901	4405492	519632055	0	0
14993	5455	5826	10929	4406508	519852581	0	0
14994	11400	14750	47207	4406604	519869977	0	0
14995	5490	7522	16526	4408033	520190068	0	0
14996	10033	11399	44396	4408559	520290915	0	0
14997	1406	9390	10833	4408681	520316877	0	0
14998	6398	8347	10119	4410068	520590107	0	0
14999	799	6825	2394	4410430	520653399	0	0
15000	3140	11614	11916	4410526	520669303	0	0
15001	1932	5608	3194	4410716	520701955	0	0
15002	11917	14863	11221	4411989	520908570	0	0
15003	269	13151	11815	4413012	521036542	0	0
15004	683	10111	18102	4413271	521070193	0	0
15005	5989	9110	27760	4413692	521131501	0	0
15006	6916	12481	28523	4414157	521203215	0	0
15007	1774	7313	3017	4415291	521368767	0	0
15008	6281	12143	17789	4416197	521486046	0	0
15009	1578	3923	8298	4416269	521494921	0	0
15010	9187	10369	25725	4416428	521517466	0	0
15011	172	1092	1336	4417045	521614640	0	0
15012	8637	12440	33795	4417424	521668907	0	0
15013	3274	4873	8403	4417488	521679232	0	0
15014	4580	10006	9629	4418042	521770736	0	0
15015	6109	11135	21969	4418258	521804362	0	0
15016	741	10822	9016	4420230	522080085	0	0
15017	6565	13586	37646	4420551	522122664	0	0
15018	563	14218	20685	4420607	522132570	0	0
15019	12292	14340	23235	4421055	522214123	0	0
15020	6321	9399	10598	4421120	522227205	0	0
15021	4886	13033	3327	4421656	522339733	0	0
15022	7118	10063	6213	4421863	522376436	0	0
15023	8798	13779	10365	4422713	522520745	0	0
15024	10027	13379	43305	4422720	522521733	0	0
15025	10791	14762	35099	4423946	522740338	0	0
15026	6276	11126	10810	4424481	522845643	0	0
15027	4474	4549	3595	4425195	522964330	0	0
15028	8408	11975	10691	4425443	523004096	0	0
15029	2705	7402	15660	4425515	523015113	0	0
15030	3725	4667	10917	4425567	523025492	0	0
15031	1722	5369	2734	4425600	523030068	0	0
15032	4332	7762	15808	4426001	523102974	0	0
15033	3431	6674	11471	4426184	523133371	0	0
15034	2969	11203	12409	4426474	523190693	0	0
15035	1767	4025	2940	4426536	523204137	0	0
15036	8989	10887	21462	4428013	523450065	0	0
15037	1433	10640	8194	4428169	523472829	0	0
15038	659	3807	6675	4428431	523515013	0	0
15039	8520	13622	21933	4428715	523561418	0	0
15040	1195	12960	3780	4428819	523580379	0	0
15041	1738	2228	2772	4428846	523585242	0	0
15042	4702	9619	8302	4428998	523607630	0	0
15043	3575	14167	11302	4429884	523753551	0	0
15044	8283	8292	8030	4430207	523800039	0	0
15045	1276	6283	3299	4430415	523829005	0	0
15046	4236	5263	7816	4430749	523872763	0	0
15047	8431	13780	47496	4431951	524020476	0	0
15048	58	11910	20934	4432681	524131284	0	0
15049	1979	7618	7578	4432930	524175772	0	0
15050	963	12253	14931	4432998	524188167	0	0
15051	2279	7537	20389	4433973	524360378	0	0
15052	7047	12284	12640	4433982	524361306	0	0
15053	51	7661	9963	4434916	524524309	0	0
15054	6534	8301	7186	4435357	524592293	0	0
15055	524	4337	5642	4436158	524708184	0	0
15056	70	10134	6204	4436282	524725632	0	0
15057	13864	14958	30436	4436975	524812289	0	0
15058	4328	6698	5556	4438779	525039141	0	0
15059	6488	8434	17599	4438865	525045926	0	0
15060	4794	9605	5227	4439096	525072613	0	0
15061	1386	13923	19569	4439348	525105072	0	0
15062	13019	13898	32152	4439375	525108316	0	0
15063	2081	14622	9808	4439691	525160559	0	0
15064	995	7978	14151	4440579	525298280	4453951	527334530
15065	2723	5025	2704	4440659	525310608	0	0
15066	4912	10424	8256	4441232	525397165	0	0
15067	8688	8771	17236	4441731	525469868	0	0
15068	5383	11254	14691	4441778	525476619	0	0
15069	2146	13487	6902	4442429	525577194	0	0
15070	11170	14483	7673	4443289	525691254	0	0
15071	2898	10265	7235	4443563	525724887	0	0
15072	65	6297	10160	4443897	525770286	0	0
15073	14270	14974	31858	4444109	525797894	0	0
15074	428	6602	1497	4444190	525811919	0	0
15075	8924	12577	4245	4444426	525847388	0	0
15076	9736	14860	26524	4444811	525908569	0	0
15077	2491	9585	19381	4445190	525976847	0	0
15078	3110	11091	3527	4445502	526033944	0	0
15079	5294	7926	14893	4445942	526112692	0	0
15080	10974	13740	25574	4445995	526120902	0	0
15081	4151	8287	6719	4448480	526534258	0	0
15082	2971	8925	9815	4448987	526599121	0	0
15083	4166	5072	5406	4449088	526611276	0	0
15084	3206	10612	16522	4449881	526704324	0	0
15085	4095	5759	10956	4450087	526730481	0	0
15086	378	12210	18338	4450204	526743406	0	0
15087	216	1779	2106	4451002	526852210	0	0
15088	4791	10923	23637	4451151	526870514	0	0
15089	11613	12489	28171	4451570	526934007	0	0
15090	4198	12069	19225	4451820	526974359	0	0
15091	3362	8509	18464	4452487	527077964	0	0
15092	5170	12173	10589	4452597	527095466	0	0
15093	6609	7877	12646	4452649	527103448	0	0
15094	4490	10408	15472	4452708	527115263	0	0
15095	4582	7371	3566	4452777	527129817	0	0
15096	110	5683	11996	4452942	527156164	0	0
15097	3760	7673	11959	4453567	527274967	0	0
15098	2132	15064	17578	4453951	527334530	0	0
15099	397	11035	22879	4454360	527406819	0	0
15100	8110	10412	12752	4455125	527547477	0	0
15101	5055	13593	7325	4455688	527647830	0	0
15102	3081	6517	18049	4455745	527655482	0	0
15103	2569	12114	21276	4456248	527738611	0	0
