0	-1	-1	1	0	0	2	1
1	-1	-1	1	0	0	2	1
2	0	1	2	2	1	5	2
3	0	2	3	5	2	20	47
4	1	2	3	5	2	8	7
5	0	4	4	8	7	15	26
6	0	5	5	15	26	49	123
7	1	5	5	15	26	58	157
8	0	3	4	20	47	23	52
9	0	8	5	23	52	94	283
10	3	4	6	36	105	343	1598
11	6	8	9	49	123	64	182
12	1	7	6	58	157	105	318
13	2	11	11	64	182	2901	33419
14	2	9	7	94	283	1162	8645
15	0	12	7	105	318	142	487
16	9	12	11	109	335	123	387
17	2	16	13	123	387	417	2062
18	2	5	6	126	408	209	716
19	15	16	18	142	487	249	873
20	3	7	8	156	567	220	762
21	9	15	12	166	589	264	976
22	11	12	15	184	647	345	1599
23	15	18	13	209	716	711	4488
24	11	20	17	220	762	294	1267
25	1	3	4	246	868	305	1361
26	4	19	21	249	873	257	909
27	0	26	22	257	909	417	2062
28	8	21	16	264	976	4285	50316
29	6	24	22	294	1267	2081	21072
30	15	25	11	305	1361	3118	36023
31	10	25	10	343	1598	734	4731
32	10	22	21	345	1599	360	1707
33	7	12	11	357	1664	496	2724
34	0	32	22	360	1707	4562	53407
35	6	22	20	396	1980	438	2355
36	2	25	6	411	2037	3362	38677
37	17	27	35	417	2062	614	3635
38	3	16	14	422	2163	536	3079
39	32	35	41	438	2355	496	2724
40	16	25	15	477	2624	1066	7901
41	33	39	52	496	2724	1023	7204
42	33	38	25	536	3079	809	5446
43	4	27	25	564	3329	748	4829
44	8	15	11	592	3495	2662	30373
45	20	37	43	614	3635	2851	32670
46	21	35	32	635	3859	660	4082
47	26	46	53	660	4082	809	5446
48	23	25	17	711	4488	5423	67818
49	37	38	49	717	4502	1162	8645
50	15	26	28	722	4571	1279	10106
51	25	31	14	734	4731	2430	26994
52	35	43	45	748	4829	1489	13436
53	24	46	49	788	5224	1379	11914
54	42	47	78	809	5446	1287	10149
55	22	23	28	886	6366	993	6970
56	12	23	19	902	6485	2662	30373
57	7	11	14	923	6583	1946	19769
58	7	24	22	923	6583	20340	443903
59	11	24	26	923	6583	2901	33419
60	23	35	33	939	6663	1864	18856
61	37	55	63	993	6970	1204	9177
62	8	25	8	1018	7148	1320	11000
63	2	41	54	1023	7204	1641	15912
64	22	41	67	1026	7284	1287	10149
65	9	27	27	1037	7463	1662	16266
66	10	31	16	1059	7858	2039	20668
67	35	40	35	1066	7901	30821	817807
68	9	46	37	1138	8517	1359	11561
69	14	49	56	1162	8645	1471	13188
70	17	24	30	1173	8750	2055	20781
71	19	61	81	1204	9177	2310	24709
72	9	50	33	1279	10106	1662	16266
73	54	64	145	1287	10149	2149	21917
74	43	62	33	1320	11000	2149	21917
75	19	68	55	1359	11561	2129	21687
76	27	53	71	1379	11914	8115	119807
77	0	7	6	1454	13067	1782	17957
78	55	69	84	1471	13188	1558	14434
79	20	52	53	1489	13436	1606	15289
80	37	78	119	1558	14434	33830	918705
81	62	79	61	1606	15289	2951	34228
82	42	63	79	1641	15912	2624	29770
83	65	72	60	1662	16266	2525	28659
84	25	39	45	1700	16930	114798	4613990
85	9	78	89	1751	17523	7278	102550
86	50	77	34	1782	17957	1830	18455
87	31	86	44	1830	18455	7861	114356
88	38	65	41	1849	18681	4024	47773
89	14	60	40	1864	18856	2628	29827
90	9	49	54	1890	19221	3191	36755
91	2	64	69	1934	19609	2709	30977
92	19	57	32	1946	19769	4019	47743
93	16	55	39	1959	19892	4514	52649
94	3	66	19	2039	20668	3219	37055
95	54	70	108	2055	20781	5256	65136
96	29	31	32	2081	21072	3604	42836
97	0	16	12	2099	21372	7395	105374
98	21	31	22	2113	21537	3348	38560
99	68	75	92	2129	21687	3604	42836
100	73	74	178	2149	21917	2369	25694
101	61	79	116	2157	22110	7879	114786
102	42	50	53	2285	24387	2864	32792
103	16	71	92	2310	24709	4514	52649
104	1	100	179	2369	25694	4652	54845
105	51	69	70	2430	26994	5959	74824
106	72	83	93	2525	28659	9257	142759
107	8	55	32	2615	29704	4620	54230
108	64	82	146	2624	29770	25202	610788
109	1	89	41	2628	29827	14338	265669
110	44	56	30	2662	30373	3118	36023
111	38	91	83	2709	30977	3432	40244
112	17	41	65	2824	32487	13571	248189
113	20	45	51	2851	32670	4167	49093
114	82	102	132	2864	32792	4620	54230
115	20	43	33	2889	33224	10346	167867
116	13	59	37	2901	33419	11203	187872
117	20	44	19	2910	33585	6766	90777
118	81	89	101	2951	34228	4349	50764
119	2	17	15	3026	35268	9210	142049
120	30	110	41	3118	36023	3941	47077
121	21	50	40	3143	36207	3387	39063
122	71	81	142	3168	36414	4945	60176
123	82	90	133	3191	36755	3655	43413
124	29	94	41	3219	37055	3655	43413
125	25	98	26	3348	38560	12158	211755
126	46	69	88	3350	38563	3387	39063
127	17	45	56	3360	38643	4939	60091
128	36	110	36	3362	38677	6801	91448
129	121	126	128	3387	39063	56911	1811324
130	7	111	88	3432	40244	6426	83585
131	45	64	110	3525	41906	5579	69178
132	96	99	124	3604	42836	10578	174607
133	123	124	174	3655	43413	5712	70970
134	70	72	63	3856	46527	5947	74616
135	86	96	66	3906	46850	21231	475287
136	29	120	63	3941	47077	9636	149021
137	12	66	22	3997	47565	8445	128174
138	38	92	46	4019	47743	6207	79562
139	14	57	21	4024	47773	4285	50316
140	14	88	48	4024	47773	128102	5208004
141	57	88	55	4024	47773	4652	54845
142	11	98	31	4067	48313	6156	78406
143	18	37	41	4108	48731	22314	518005
144	10	20	14	4145	48955	4349	50764
145	111	113	134	4167	49093	15907	320927
146	7	19	23	4175	49193	13942	256791
147	1	11	10	4201	49556	8391	126916
148	28	139	37	4285	50316	5198	63982
149	118	144	115	4349	50764	9213	142080
150	39	113	92	4430	51788	6240	80171
151	9	69	61	4500	52506	6077	76864
152	93	103	131	4514	52649	5201	64020
153	46	75	87	4516	52705	17931	374799
154	17	34	35	4562	53407	5114	62975
155	107	114	164	4620	54230	6507	85244
156	104	141	234	4652	54845	26670	665265
157	17	66	29	4732	57112	16882	350736
158	82	127	135	4939	60091	8115	119807
159	2	122	144	4945	60176	8698	131800
160	12	90	60	4985	61018	8375	126577
161	29	154	57	5114	62975	19913	426195
162	12	33	17	5121	63036	10446	170950
163	11	46	41	5165	63620	41801	1233295
164	79	148	90	5198	63982	19015	402419
165	99	152	223	5201	64020	7567	108221
166	77	95	114	5256	65136	6507	85244
167	10	48	23	5423	67818	70525	2384461
168	56	120	60	5441	67997	18794	393946
169	93	139	60	5476	68321	55164	1742504
170	99	121	132	5529	68751	21302	479992
171	65	131	137	5579	69178	7567	108221
172	61	139	84	5653	70224	12689	225052
173	24	152	148	5706	70898	6038	75857
174	88	133	215	5712	70970	12113	210361
175	11	94	28	5838	73527	7861	114356
176	46	57	46	5914	74361	7462	106647
177	12	18	12	5932	74522	7260	102279
178	98	134	85	5947	74616	14338	265669
179	40	105	85	5959	74824	13126	236276
180	20	28	24	5994	75250	9844	154669
181	53	113	100	6011	75500	7729	111776
182	96	173	180	6038	75857	7009	96025
183	20	120	49	6062	76587	18437	386311
184	8	151	65	6077	76864	6240	80171
185	131	142	141	6156	78406	6869	92646
186	90	138	100	6207	79562	7028	96658
187	150	184	157	6240	80171	13347	242722
188	27	114	154	6286	81284	6766	90777
189	5	130	92	6426	83585	16043	325037
190	61	184	128	6461	84185	30128	787664
191	96	184	97	6480	84643	6869	92646
192	155	166	278	6507	85244	12304	214816
193	23	92	45	6575	87185	20085	433693
194	99	151	153	6630	88247	7218	101315
195	117	188	173	6766	90777	8090	119197
196	120	128	77	6801	91448	19804	423486
197	62	83	68	6855	92389	25202	610788
198	185	191	238	6869	92646	10346	167867
199	89	154	75	6944	94573	93951	3606759
200	141	182	235	7009	96025	89935	3368667
201	126	186	188	7028	96658	60282	1975326
202	5	60	37	7158	100174	27166	683143
203	56	93	58	7192	100808	14805	280408
204	70	90	84	7199	100993	14257	264066
205	144	194	167	7218	101315	17241	357891
206	82	177	91	7260	102279	10578	174607
207	16	40	26	7268	102399	150900	6406760
208	54	85	167	7278	102550	8058	118429
209	93	188	193	7328	103897	8835	134622
210	66	97	28	7395	105374	17174	356543
211	8	176	50	7462	106647	94398	3626884
212	165	171	360	7567	108221	34037	925196
213	2	86	36	7582	108704	30889	821471
214	86	191	131	7714	111524	14873	281620
215	110	181	130	7729	111776	8630	130694
216	97	176	58	7777	112850	8835	134622
217	87	175	72	7861	114356	20742	456911
218	21	101	128	7879	114786	21302	479992
219	118	181	201	7976	116809	59643	1940680
220	11	208	176	8058	118429	16649	344698
221	94	195	192	8090	119197	9636	149021
222	1	91	70	8096	119358	746097	57070894
223	76	158	206	8115	119807	33717	915099
224	74	173	181	8159	121111	33552	909476
225	20	83	68	8343	125942	17700	369945
226	26	66	37	8349	126058	11883	202762
227	44	160	71	8375	126577	11698	197466
228	130	147	98	8391	126916	129022	5238531
229	74	137	55	8445	128174	30741	813431
230	25	150	96	8586	130235	27113	681643
231	0	13	12	8596	130291	8698	131800
232	30	215	141	8630	130694	8966	137070
233	38	131	124	8655	131029	14019	258884
234	159	231	156	8698	131800	11144	186603
235	110	117	49	8727	132435	14019	258884
236	209	216	251	8835	134622	11734	197994
237	37	232	176	8966	137070	43701	1301997
238	78	182	264	9019	138282	18534	387785
239	32	119	36	9210	142049	9800	153795
240	32	149	136	9213	142080	16736	346743
241	45	106	136	9257	142759	9599	147999
242	6	208	172	9433	145406	16649	344698
243	88	139	62	9458	145789	32762	885337
244	8	131	114	9498	146257	14873	281620
245	70	195	203	9513	146446	11421	191998
246	77	92	38	9517	146470	19800	423455
247	12	52	51	9527	146636	17037	353539
248	133	241	310	9599	147999	9961	157342
249	136	221	255	9636	149021	80010	2810234
250	47	93	92	9642	149188	55829	1768108
251	114	239	168	9800	153795	21042	465192
252	78	180	108	9844	154669	11064	185108
253	92	194	185	9895	155774	10175	163504
254	99	248	402	9961	157342	75906	2606999
255	69	158	191	9970	157693	13465	245592
256	60	160	93	9995	158534	22500	521440
257	248	253	495	10175	163504	16080	325986
258	115	198	271	10346	167867	20947	462277
259	165	185	364	10395	169289	11883	202762
260	122	162	159	10446	170950	14995	285891
261	115	175	61	10474	171871	33717	915099
262	138	209	239	10480	172058	11744	198303
263	13	102	64	10556	174213	18527	387729
264	132	206	215	10578	174607	15456	306329
265	188	221	346	10661	176881	12896	229429
266	111	138	129	10771	179937	15034	287728
267	130	182	268	10958	183270	47407	1448172
268	51	61	77	10993	183942	40306	1170031
269	59	252	134	11064	185108	11464	193027
270	150	234	248	11144	186603	20868	460171
271	4	116	40	11203	187872	18356	384832
272	53	194	202	11249	188730	26334	653491
273	16	155	175	11275	189442	91447	3460397
274	48	88	58	11323	190222	21986	509541
275	36	180	30	11392	191500	114648	4607249
276	46	54	110	11404	191639	99951	3862163
277	4	245	206	11421	191998	12556	221447
278	60	269	167	11464	193027	53205	1667585
279	124	227	112	11698	197466	94752	3646023
280	99	236	343	11734	197994	54796	1730526
281	121	262	279	11744	198303	19404	412950
282	226	259	401	11883	202762	456746	29066386
283	27	106	115	12021	208231	18944	399780
284	9	94	24	12111	210359	13926	256324
285	148	174	252	12113	210361	18167	380785
286	24	125	43	12158	211755	12930	230208
287	32	103	113	12264	213945	17765	371151
288	73	126	233	12268	213957	14355	266007
289	185	241	277	12278	214110	157857	6884369
290	111	192	361	12304	214816	12930	230208
291	142	162	48	12528	220950	13222	239475
292	239	277	242	12556	221447	106332	4175910
293	110	115	63	12559	221515	16779	348030
294	147	208	177	12642	223706	14995	285891
295	132	152	255	12670	224444	104839	4101437
296	55	172	112	12689	225052	27538	693450
297	66	110	46	12696	225281	26539	661226
298	99	265	438	12896	229429	23739	558621
299	286	290	404	12930	230208	14501	270298
300	48	95	125	13081	235156	14068	260035
301	105	221	262	13123	236231	34034	925160
302	52	179	130	13126	236276	91075	3439840
303	45	76	114	13214	239217	60754	2001366
304	54	291	126	13222	239475	231666	11524257
305	122	187	299	13347	242722	14403	267076
306	186	255	291	13465	245592	46010	1403012
307	0	31	11	13475	245827	56251	1781993
308	32	188	175	13546	247711	25621	625992
309	53	112	114	13571	248189	18604	389461
310	123	166	247	13633	249722	1679011	166728347
311	150	277	298	13775	253156	15206	295789
312	29	76	93	13887	255701	48956	1501330
313	155	284	188	13926	256324	35174	970624
314	146	277	229	13942	256791	18680	391132
315	2	34	24	13997	258313	37190	1050216
316	233	235	173	14019	258884	20742	456911
317	166	300	239	14068	260035	24846	596543
318	107	204	116	14257	264066	116326	4678910
319	109	178	126	14338	265669	27552	694067
320	175	288	261	14355	266007	21986	509541
321	269	305	433	14403	267076	40043	1160700
322	111	286	126	14422	267697	15764	316793
323	38	299	418	14501	270298	14903	282432
324	12	203	64	14805	280408	42212	1244708
325	214	244	245	14873	281620	40064	1161217
326	290	323	779	14903	282432	448308	28322415
327	260	294	336	14995	285891	22760	528874
328	53	109	90	15001	286070	24072	569760
329	266	323	547	15034	287728	16080	325986
330	66	91	85	15106	291933	28776	746378
331	73	311	443	15206	295789	50048	1544408
332	88	227	112	15212	296155	37606	1065091
333	91	151	130	15244	297562	19404	412950
334	114	159	276	15277	299094	17895	374033
335	171	264	352	15456	306329	15530	308847
336	133	335	526	15530	308847	49029	1504134
337	182	322	306	15764	316793	20049	431764
338	81	182	241	15778	317152	43968	1311460
339	145	232	275	15907	320927	87115	3194056
340	96	215	162	15957	322298	33049	893632
341	26	189	113	16043	325037	21372	484141
342	257	329	1042	16080	325986	21156	469845
343	62	93	47	16577	343534	16604	343967
344	93	343	86	16604	343967	181941	8328840
345	220	242	348	16649	344698	35545	985433
346	17	173	161	16713	346068	1573356	152088695
347	174	240	351	16736	346743	18858	396117
348	102	293	116	16779	348030	29681	773123
349	4	157	32	16882	350736	24340	581247
350	22	139	36	16937	351807	20023	430899
351	125	195	199	17032	353499	55043	1738531
352	235	247	100	17037	353539	56043	1775547
353	100	187	335	17102	354878	31968	865420
354	52	210	73	17174	356543	17700	369945
355	154	205	202	17241	357891	22703	526852
356	37	68	72	17243	357947	20068	432822
357	291	323	466	17273	358502	19913	426195
358	88	178	126	17452	363825	17477	364548
359	88	203	99	17452	363825	28249	726373
360	178	203	143	17452	363825	18944	399780
361	150	358	218	17477	364548	160573	7034268
362	81	113	112	17550	366662	25595	624897
363	235	293	112	17634	368597	17834	372829
364	225	354	141	17700	369945	22388	519295
365	73	287	258	17765	371151	35947	997576
366	11	363	121	17834	372829	21156	469845
367	322	334	402	17895	374033	37335	1055269
368	153	354	160	17931	374799	44778	1346849
369	3	285	255	18167	380785	21619	495929
370	11	153	96	18281	383235	57359	1829203
371	8	271	44	18356	384832	56225	1781194
372	38	183	63	18437	386311	26670	665265
373	137	263	86	18527	387729	23094	542347
374	238	354	337	18534	387785	37335	1055269
375	99	309	206	18604	389461	351858	20299645
376	35	314	249	18680	391132	22558	522712
377	168	253	245	18794	393946	92589	3530345
378	34	234	178	18810	394453	20459	448131
379	293	322	189	18830	395170	20127	435172
380	90	347	405	18858	396117	47129	1439624
381	283	360	258	18944	399780	19275	409996
382	104	164	269	19015	402419	28188	723917
383	147	381	268	19275	409996	70324	2378262
384	281	333	409	19404	412950	30741	813431
385	56	155	183	19496	415886	21342	482568
386	226	333	167	19668	420435	58576	1887949
387	38	246	52	19800	423455	36415	1010735
388	196	226	114	19804	423486	22921	536458
389	88	121	81	19817	423724	21656	497358
390	88	248	351	19817	423724	134228	5489397
391	121	248	350	19817	423724	22703	526852
392	161	357	523	19913	426195	27552	694067
393	118	168	161	19940	427568	30675	809696
394	265	350	382	20023	430899	44747	1344948
395	6	337	311	20049	431764	60821	2004726
396	350	356	108	20068	432822	29362	759475
397	13	16	22	20082	433526	30608	806521
398	52	193	90	20085	433693	56401	1789088
399	52	379	234	20127	435172	24559	588603
400	127	290	417	20191	437997	25262	613263
401	8	61	67	20298	442366	36164	1003374
402	45	58	65	20340	443903	26227	649821
403	133	378	352	20459	448131	25595	624897
404	104	225	247	20583	451887	21086	466650
405	217	316	245	20742	456911	37919	1074886
406	131	150	202	20761	457374	42212	1244708
407	47	270	301	20868	460171	28188	723917
408	176	258	317	20947	462277	122932	4986154
409	54	354	151	20956	462550	29143	753654
410	138	251	214	21042	465192	24464	585510
411	245	404	450	21086	466650	43165	1279768
412	8	175	32	21103	467260	22663	526048
413	342	366	1163	21156	469845	60062	1960632
414	135	148	103	21231	475287	26539	661226
415	170	218	260	21302	479992	173185	7743085
416	65	385	210	21342	482568	24272	577968
417	15	341	120	21372	484141	23186	545347
418	92	369	287	21619	495929	180946	8254327
419	335	389	433	21656	497358	24092	570349
420	1	176	47	21884	506777	29143	753654
421	135	158	201	21969	509052	72577	2462902
422	274	320	319	21986	509541	60679	1996560
423	19	143	59	22314	518005	22374	519015
424	145	356	206	22368	518905	27895	713483
425	225	423	127	22374	519015	132575	5407494
426	39	364	182	22388	519295	44715	1343758
427	31	52	55	22477	521104	106469	4183846
428	256	337	399	22500	521440	53131	1665132
429	193	376	294	22558	522712	111716	4487728
430	79	412	85	22663	526048	34075	926578
431	355	391	552	22703	526852	30608	806521
432	105	133	244	22740	527992	79290	2771212
433	149	327	451	22760	528874	27538	693450
434	271	388	154	22921	536458	27895	713483
435	305	373	385	23094	542347	24988	601183
436	184	417	185	23186	545347	70763	2392904
437	8	329	551	23530	553013	24988	601183
438	117	191	116	23565	554148	56071	1776304
439	73	75	200	23646	556104	1087336	93647366
440	45	357	509	23703	557473	58724	1894554
441	4	298	441	23739	558621	49903	1538482
442	16	320	272	23805	561769	27386	688311
443	36	203	64	24024	568638	26207	649106
444	244	328	204	24072	569760	35801	993311
445	253	265	531	24076	569834	82715	2972920
446	236	419	684	24092	570349	25741	630724
447	76	378	249	24244	576838	26120	646144
448	373	416	296	24272	577968	30040	784539
449	147	349	42	24340	581247	35947	997576
450	264	410	429	24464	585510	35151	969225
451	356	399	306	24559	588603	36835	1036348
452	56	87	63	24629	590803	27091	681183
453	1	349	33	24780	595163	134164	5485994
454	6	358	131	24787	595337	362017	21015188
455	89	317	279	24846	596543	29681	773123
456	363	379	301	24866	597054	38358	1089409
457	69	139	77	24925	599320	46275	1411355
458	52	256	138	24950	599986	99101	3826362
459	435	437	936	24988	601183	31112	831246
460	108	197	214	25202	610788	48375	1477458
461	356	400	489	25262	613263	144435	6046972
462	362	403	464	25595	624897	86658	3169858
463	113	308	226	25621	625992	26199	648775
464	22	337	321	25715	629557	62338	2061218
465	385	410	397	25725	630038	28439	733462
466	63	446	738	25741	630724	30350	795305
467	11	130	97	25970	640613	29258	756144
468	205	350	203	26068	644156	39209	1131067
469	191	447	346	26120	646144	153194	6572275
470	176	463	272	26199	648775	37190	1050216
471	388	443	178	26207	649106	38399	1091043
472	161	402	122	26227	649821	44957	1355322
473	272	316	375	26334	653491	27475	690996
474	73	188	299	26451	658841	57372	1829681
475	4	55	31	26502	659880	36571	1022630
476	297	414	149	26539	661226	29948	781533
477	156	372	297	26670	665265	65689	2191971
478	83	329	607	26721	667144	38585	1100936
479	13	357	477	26779	669638	44309	1327164
480	16	50	39	26836	672609	56720	1803986
481	56	452	82	27091	681183	32103	868746
482	214	230	227	27113	681643	390405	23401626
483	202	416	247	27166	683143	70560	2385715
484	298	442	710	27386	688311	65263	2173851
485	92	473	407	27475	690996	109448	4340210
486	259	294	541	27534	693336	34982	963477
487	296	433	563	27538	693450	62580	2068360
488	319	392	649	27552	694067	48392	1477855
489	424	434	360	27895	713483	29948	781533
490	75	79	108	28111	721691	242430	12279367
491	382	407	570	28188	723917	73871	2527188
492	165	230	319	28230	725815	123846	5021872
493	238	359	363	28249	726373	92501	3524318
494	70	78	114	28306	728568	53859	1699093
495	320	355	463	28390	731708	42967	1272193
496	185	465	538	28439	733462	67090	2252187
497	73	330	230	28776	746378	369168	21612849
498	7	73	150	28951	750080	84741	3074496
499	156	198	472	29090	752523	66578	2231903
500	409	420	198	29143	753654	30474	801132
501	156	323	652	29231	755639	36415	1010735
502	337	467	403	29258	756144	38726	1108025
503	135	396	174	29362	759475	30796	816713
504	342	382	1311	29390	760662	36403	1010226
505	348	455	395	29681	773123	109715	4356814
506	476	489	509	29948	781533	36164	1003374
507	14	448	303	30040	784539	390042	23374307
508	81	216	119	30112	786974	41213	1210549
509	190	209	321	30128	787664	46335	1413905
510	165	300	348	30218	791479	45928	1400184
511	148	221	229	30265	792559	42333	1248573
512	382	466	1007	30350	795305	1400107	130459066
513	58	402	87	30409	798684	33552	909476
514	96	500	230	30474	801132	53334	1673554
515	397	431	574	30608	806521	79867	2802993
516	113	253	236	30657	809026	40830	1189792
517	24	393	178	30675	809696	46126	1406454
518	229	384	464	30741	813431	108118	4269052
519	216	503	232	30796	816713	33181	897474
520	42	67	60	30821	817807	32138	869531
521	213	328	126	30889	821471	55455	1753154
522	257	459	1431	31112	831246	536965	36547943
523	33	446	695	31246	840511	65671	2191447
524	17	70	43	31348	846443	33181	897474
525	217	362	184	31504	853041	66389	2224028
526	117	196	96	31580	855900	138052	5696334
527	232	353	476	31968	865420	40467	1174745
528	356	481	154	32103	868746	81184	2898780
529	144	520	74	32138	869531	54796	1730526
530	6	317	244	32150	869940	73036	2486962
531	341	448	409	32346	874615	34413	944080
532	160	403	412	32455	876892	40830	1189792
533	56	245	222	32489	877790	46275	1411355
534	15	384	416	32509	878195	68681	2301208
535	296	446	796	32699	883288	136691	5625899
536	243	265	408	32762	885337	506389	33947240
537	106	128	129	32861	888436	36734	1031511
538	266	400	546	33011	892535	42116	1241485
539	154	340	197	33049	893632	40766	1186083
540	142	150	123	33177	897342	46010	1403012
541	519	524	275	33181	897474	55393	1750609
542	7	446	689	33259	900026	40766	1186083
543	192	520	338	33382	903854	98031	3780395
544	65	391	377	33456	906256	162620	7132028
545	77	287	119	33509	908164	35281	975710
546	224	513	268	33552	909476	38917	1118441
547	197	382	337	33712	915021	34037	925196
548	223	261	267	33717	915099	215051	10536924
549	41	91	121	33791	917756	86658	3169858
550	58	80	141	33830	918705	99421	3839077
551	145	301	396	34034	925160	43861	1307540
552	212	547	697	34037	925196	34075	926578
553	430	552	782	34075	926578	50105	1546550
554	328	531	499	34413	944080	63786	2116478
555	19	309	132	34464	946145	56285	1783380
556	156	314	463	34665	953511	38411	1091452
557	68	236	288	34756	956511	54255	1713913
558	19	160	78	34764	956652	94352	3624705
559	100	486	719	34982	963477	88736	3289095
560	41	552	749	35070	966848	39401	1137959
561	67	233	159	35098	967712	99707	3850819
562	328	450	519	35151	969225	59575	1937187
563	157	313	217	35174	970624	79280	2770692
564	151	545	180	35281	975710	83226	2997303
565	261	345	409	35545	985433	115215	4633569
566	187	444	361	35801	993311	46942	1434947
567	365	449	300	35947	997576	78998	2758681
568	47	73	198	36000	999041	124874	5074788
569	176	424	252	36158	1003295	68621	2298350
570	401	506	576	36164	1003374	161762	7093644
571	183	430	134	36370	1009513	54694	1727262
572	71	74	114	36387	1009875	37002	1043191
573	196	504	1388	36403	1010226	88686	3284727
574	387	501	704	36415	1010735	156364	6805226
575	1	475	32	36571	1022630	48375	1477458
576	85	537	218	36734	1031511	62905	2082631
577	451	513	393	36835	1036348	62146	2056089
578	77	572	120	37002	1043191	57032	1816412
579	137	416	232	37096	1046706	123904	5023523
580	315	470	296	37190	1050216	46288	1411875
581	367	374	739	37335	1055269	798849	62529799
582	112	332	177	37606	1065091	113134	4542826
583	166	178	199	37650	1066366	66547	2230295
584	21	224	193	37685	1067423	180374	8217533
585	317	319	365	37759	1069439	66049	2208272
586	305	317	538	37798	1070739	48982	1502490
587	56	486	560	37834	1071835	139010	5753371
588	401	405	312	37919	1074886	137938	5689382
589	212	220	536	37949	1076379	153972	6634518
590	301	456	563	38358	1089409	41213	1210549
591	37	471	213	38399	1091043	92542	3527438
592	257	556	958	38411	1091452	184153	8497384
593	0	271	41	38461	1093862	62402	2063037
594	175	314	257	38472	1094407	74917	2562014
595	118	478	708	38585	1100936	270577	14251518
596	259	502	767	38726	1108025	64346	2135539
597	145	236	385	38845	1114603	44747	1344948
598	213	259	400	38883	1116501	163663	7221317
599	63	546	322	38917	1118441	104276	4069425
600	141	468	258	39209	1131067	40064	1161217
601	58	560	771	39401	1137959	43084	1276216
602	283	476	264	39587	1146408	41009	1200488
603	333	489	490	39677	1149571	42469	1253472
604	71	198	319	40030	1160205	97978	3778324
605	102	321	486	40043	1160700	94198	3617209
606	325	600	503	40064	1161217	57372	1829681
607	206	274	149	40245	1168133	155969	6784210
608	268	397	99	40306	1170031	166959	7397195
609	107	320	293	40411	1173247	119984	4840295
610	456	527	777	40467	1174745	44125	1317644
611	506	524	552	40569	1178949	42579	1257479
612	138	391	396	40624	1180879	149745	6344783
613	539	542	886	40766	1186083	64247	2131471
614	516	532	648	40830	1189792	760272	58602327
615	225	226	105	40840	1190198	80301	2833013
616	298	602	702	41009	1200488	72060	2439338
617	508	590	682	41213	1210549	69281	2329165
618	8	69	60	41291	1214354	237290	11906380
619	57	259	378	41496	1224056	94755	3646119
620	163	556	504	41801	1233295	422523	26147550
621	152	193	176	42038	1239853	49826	1535558
622	127	538	602	42116	1241485	48607	1487080
623	89	315	64	42206	1244572	45442	1380052
624	324	406	266	42212	1244708	121641	4924968
625	248	511	539	42333	1248573	281818	15059791
626	55	603	518	42469	1253472	56401	1789088
627	98	611	574	42579	1257479	1104351	95369875
628	234	298	594	42787	1266172	845088	67626469
629	430	495	548	42967	1272193	77459	2675504
630	157	601	800	43084	1276216	59956	1953579
631	75	411	505	43165	1279768	56251	1781993
632	62	294	185	43395	1290897	63143	2092713
633	229	260	214	43549	1296575	417561	25729785
634	50	520	88	43651	1300482	47431	1448894
635	47	237	229	43701	1301997	97436	3760086
636	138	329	593	43747	1303369	44950	1354819
637	315	551	420	43861	1307540	47431	1448894
638	36	338	247	43968	1311460	58669	1892006
639	431	610	1329	44125	1317644	86015	3138308
640	13	479	488	44309	1327164	201378	9551775
641	426	446	866	44715	1343758	45263	1369571
642	394	597	767	44747	1344948	58330	1874968
643	287	368	273	44778	1346849	1109828	95893221
644	31	636	603	44950	1354819	53650	1687056
645	14	472	129	44957	1355322	71427	2418769
646	501	641	1518	45263	1369571	170474	7585852
647	407	623	365	45442	1380052	378575	22401627
648	33	394	393	45460	1380582	80010	2810234
649	330	456	386	45732	1392930	53334	1673554
650	355	510	550	45928	1400184	96139	3712380
651	306	540	414	46010	1403012	55514	1754921
652	68	517	215	46126	1406454	49666	1530794
653	43	204	109	46154	1407422	72141	2442730
654	67	213	71	46248	1410589	71427	2418769
655	457	533	299	46275	1411355	50048	1544408
656	519	580	528	46288	1411875	81717	2925943
657	69	218	184	46306	1412676	52718	1647653
658	197	509	389	46335	1413905	122012	4941289
659	157	180	53	46938	1434871	59643	1940680
660	23	566	374	46942	1434947	101161	3917992
661	208	380	572	47129	1439624	88265	3257245
662	212	214	491	47246	1443392	50197	1551346
663	155	468	367	47250	1443504	51330	1602970
664	67	409	186	47321	1445754	327709	18490992
665	267	388	382	47407	1448172	48956	1501330
666	634	637	508	47431	1448894	124579	5057948
667	153	382	356	47465	1450560	52688	1646426
668	60	138	79	47775	1462067	122762	4979196
669	73	463	371	47904	1465630	91531	3467253
670	323	531	827	48188	1472146	507402	34037646
671	216	448	354	48195	1472374	100458	3885797
672	460	575	246	48375	1477458	54390	1718468
673	154	488	684	48392	1477855	249993	12845185
674	337	622	908	48607	1487080	76382	2626531
675	391	517	528	48689	1491442	52621	1644111
676	69	96	88	48761	1494127	63553	2108454
677	312	665	475	48956	1501330	56940	1812530
678	53	586	587	48982	1502490	105048	4110331
679	336	424	732	49029	1504134	125547	5115953
680	195	243	235	49370	1520423	120181	4849735
681	306	433	742	49599	1528098	62582	2068366
682	203	652	273	49666	1530794	61633	2041357
683	387	621	228	49826	1535558	70067	2369064
684	378	441	619	49903	1538482	81012	2887001
685	157	347	380	49970	1541028	205186	9791082
686	331	655	742	50048	1544408	157416	6859948
687	420	553	829	50105	1546550	50197	1551346
688	662	687	1320	50197	1551346	89703	3352682
689	128	297	82	50371	1563918	62146	2056089
690	177	259	376	50541	1574807	67551	2265954
691	20	121	48	50817	1586125	52154	1629495
692	85	500	287	50827	1586551	52573	1642054
693	329	391	897	51004	1592419	83809	3020873
694	133	409	325	51105	1596133	63931	2121970
695	406	663	569	51330	1602970	60679	1996560
696	306	450	720	51343	1603493	90893	3429082
697	237	417	296	51562	1612085	52206	1630867
698	101	553	898	51670	1615081	256606	13237164
699	237	447	425	51931	1623681	97978	3778324
700	7	524	48	52092	1628272	82437	2957652
701	369	691	303	52154	1629495	60282	1975326
702	392	697	819	52206	1630867	292249	15844358
703	28	180	40	52526	1640869	111242	4458372
704	450	692	716	52573	1642054	74885	2560906
705	147	675	538	52621	1644111	85523	3113371
706	210	667	384	52688	1646426	277817	14759177
707	305	337	605	52706	1647187	1154781	100739072
708	513	657	271	52718	1647653	152725	6526776
709	52	367	447	52936	1657575	111004	4443362
710	137	245	225	53038	1661469	102523	3975537
711	261	428	460	53131	1665132	65933	2202659
712	240	278	303	53205	1667585	243839	12383670
713	514	649	616	53334	1673554	323350	18120706
714	394	486	923	53522	1681476	95542	3685339
715	641	644	1469	53650	1687056	260528	13518678
716	444	494	318	53859	1699093	377730	22327227
717	172	557	372	54255	1713913	537539	36603604
718	62	115	41	54273	1714694	131900	5368162
719	355	672	448	54390	1718468	58669	1892006
720	430	533	307	54593	1724355	280793	14980949
721	105	623	134	54668	1726636	68514	2295008
722	500	571	332	54694	1727262	88030	3242255
723	280	529	417	54796	1730526	68902	2311059
724	285	336	778	55030	1738268	79930	2805788
725	351	394	581	55043	1738531	220799	10866604
726	27	242	194	55161	1742449	123759	5019178
727	169	209	253	55164	1742504	110388	4398237
728	22	357	481	55224	1744546	69376	2334529
729	4	541	278	55393	1750609	62582	2068366
730	463	521	352	55455	1753154	104809	4100097
731	447	514	479	55493	1754379	108118	4269052
732	143	651	455	55514	1754921	124199	5035412
733	162	402	82	55730	1764248	123298	5001371
734	48	217	89	55734	1764351	114476	4598503
735	250	403	444	55829	1768108	87482	3210353
736	223	272	408	55871	1769621	96597	3728466
737	149	352	215	56043	1775547	117571	4739422
738	94	438	135	56071	1776304	73100	2491099
739	29	446	706	56151	1778839	68902	2311059
740	371	373	130	56225	1781194	74998	2565373
741	307	631	516	56251	1781993	174200	7805577
742	555	636	725	56285	1783380	57571	1838950
743	398	626	608	56401	1789088	236079	11817247
744	4	480	42	56720	1803986	198877	9386551
745	1	334	277	56820	1808124	263704	13790658
746	129	324	192	56911	1811324	217223	10672503
747	392	677	998	56940	1812530	76993	2654713
748	471	578	298	57032	1816412	86957	3185303
749	370	465	493	57359	1829203	113086	4540137
750	474	606	802	57372	1829681	105777	4147273
751	142	280	374	57467	1834251	77340	2668881
752	147	501	662	57556	1838123	153398	6589815
753	79	742	778	57571	1838950	339707	19418776
754	270	423	307	57867	1853480	60655	1995515
755	367	504	1713	58015	1860381	154063	6643842
756	101	642	883	58330	1874968	77819	2694558
757	471	602	442	58346	1875756	76203	2619704
758	386	474	466	58576	1887949	266272	13980142
759	32	160	81	58656	1891691	113404	4555829
760	638	719	695	58669	1892006	72536	2461023
761	440	560	1258	58724	1894554	80196	2824356
762	107	384	441	58893	1905489	99101	3826362
763	70	191	127	59039	1912602	99826	3856265
764	378	552	875	59152	1917303	120029	4841997
765	96	644	635	59206	1919599	976164	81597144
766	234	562	675	59575	1937187	162542	7128432
767	389	392	604	59640	1940427	67551	2265954
768	219	659	254	59643	1940680	124955	5080631
769	7	393	166	59716	1944349	82528	2962568
770	271	457	117	59765	1945723	74202	2541034
771	278	476	316	59772	1945975	256367	13221559
772	363	374	449	59941	1952871	72146	2442866
773	328	630	890	59956	1953579	74998	2565373
774	86	413	1197	60062	1960632	157623	6870374
775	201	701	491	60282	1975326	70849	2395741
776	155	754	471	60655	1995515	87641	3220023
777	422	695	888	60679	1996560	1004670	84884339
778	203	438	174	60689	1997791	85493	3111833
779	303	423	173	60754	2001366	79260	2770068
780	63	395	365	60821	2004726	155086	6729799
781	26	220	197	60933	2011580	63427	2103768
782	30	231	23	60935	2011689	125547	5115953
783	250	641	958	61170	2021526	131717	5357130
784	320	364	402	61485	2036416	73432	2508510
785	540	682	396	61633	2041357	133805	5466517
786	169	358	186	61714	2044261	203820	9686015
787	577	689	475	62146	2056089	186846	8660482
788	93	464	360	62338	2061218	194770	9125469
789	182	580	476	62398	2062909	68279	2287405
790	218	593	169	62402	2063037	71788	2431482
791	143	186	141	62466	2065265	144225	6037889
792	9	487	568	62580	2068360	92253	3512709
793	681	729	1020	62582	2068366	200335	9481350
794	342	576	1260	62905	2082631	79290	2771212
795	386	632	352	63143	2092713	65013	2163661
796	81	106	154	63309	2099368	75678	2598902
797	216	467	155	63401	2102998	83608	3012519
798	532	781	609	63427	2103768	129938	5277429
799	315	676	112	63553	2108454	68514	2295008
800	341	529	187	63582	2109723	84376	3055925
801	58	554	521	63786	2116478	250779	12894802
802	50	694	353	63931	2121970	119650	4829065
803	71	529	155	64112	2128090	105673	4141380
804	613	663	1253	64247	2131471	298948	16304296
805	596	638	1014	64346	2135539	87484	3210387
806	66	171	153	64555	2146472	78549	2739208
807	335	781	549	64646	2150503	708416	53214121
808	360	435	528	64928	2160556	372786	21886664
809	176	298	484	64963	2161910	526550	35593681
810	466	795	1090	65013	2163661	324073	18179488
811	479	484	1187	65263	2173851	183266	8423439
812	106	523	788	65671	2191447	71168	2407778
813	63	477	351	65689	2191971	80625	2858291
814	218	521	254	65856	2199055	72146	2442866
815	188	392	677	65922	2201947	208660	10048508
816	480	711	499	65933	2202659	620436	44613355
817	303	585	479	66049	2208272	86610	3168071
818	165	433	674	66380	2223606	103094	4004306
819	525	557	472	66389	2224028	113967	4578166
820	31	583	209	66547	2230295	282158	15088070
821	499	675	1000	66578	2231903	72947	2481056
822	191	283	212	66732	2239024	687635	50899113
823	86	230	130	66938	2247743	91314	3452313
824	313	496	726	67090	2252187	68621	2298350
825	247	340	213	67378	2261046	1269293	114008994
826	690	767	980	67551	2265954	69227	2326650
827	62	333	138	67866	2276668	108856	4304581
828	611	789	1028	68279	2287405	90131	3380157
829	163	257	536	68396	2291384	407184	24789379
830	138	144	60	68399	2291402	609549	43615600
831	721	799	246	68514	2295008	101993	3950526
832	569	824	978	68621	2298350	389241	23312360
833	67	534	451	68681	2301208	95211	3665935
834	723	739	1123	68902	2311059	956354	79589502
835	1	54	79	69208	2325979	102767	3987931
836	29	826	1002	69227	2326650	149449	6326654
837	394	617	1064	69281	2329165	79942	2806277
838	494	728	595	69376	2334529	75286	2581617
839	360	394	525	69691	2352942	397097	23887860
840	96	382	301	69958	2364936	102873	3992475
841	125	683	254	70067	2369064	166446	7375786
842	360	383	411	70324	2378262	687421	50873740
843	159	241	280	70373	2379629	89062	3316171
844	167	440	532	70525	2384461	83832	3021639
845	483	557	535	70560	2385715	178172	8110426
846	436	690	561	70763	2392904	84027	3035160
847	4	406	205	70805	2394354	102597	3979231
848	465	775	888	70849	2395741	169360	7517433
849	238	812	1052	71168	2407778	471209	30489025
850	322	637	546	71255	2411397	293723	15961563
851	645	654	200	71427	2418769	84196	3045249
852	42	177	37	71716	2429450	84124	3041174
853	215	790	299	71788	2431482	86957	3185303
854	576	616	920	72060	2439338	152422	6500738
855	305	586	837	72069	2439596	250824	12897901
856	440	653	618	72141	2442730	87961	3237548
857	772	814	703	72146	2442866	536742	36527744
858	73	760	840	72536	2461023	516900	34943010
859	367	421	603	72577	2462902	130301	5292834
860	25	271	44	72637	2465945	165070	7315747
861	697	799	408	72646	2466329	79729	2795882
862	621	721	310	72682	2467529	165110	7317133
863	281	315	303	72708	2468776	94534	3634967
864	243	642	829	72811	2473790	2735193	322168449
865	53	532	461	72902	2478697	82268	2949675
866	387	821	1052	72947	2481056	116520	4687310
867	343	530	291	73036	2486962	94046	3610985
868	494	738	249	73100	2491099	98688	3807317
869	547	784	739	73432	2508510	526723	35606943
870	145	359	233	73703	2521900	90285	3390239
871	243	491	632	73871	2527188	133632	5458432
872	172	192	362	73934	2529851	402452	24387383
873	23	446	697	73966	2530751	868359	70291822
874	360	770	260	74202	2541034	131653	5354597
875	198	299	642	74613	2553734	128102	5208004
876	158	332	247	74756	2557420	123179	4996456
877	160	704	776	74885	2560906	92501	3524318
878	400	594	674	74917	2562014	107730	4246903
879	337	440	815	74971	2564208	332627	18872475
880	740	773	1020	74998	2565373	77708	2687415
881	54	838	673	75286	2581617	193099	9009840
882	83	796	214	75678	2598902	250494	12876086
883	254	551	798	75906	2606999	191261	8905262
884	35	617	702	75983	2610896	159138	6948427
885	654	757	513	76203	2619704	243839	12383670
886	226	674	945	76382	2626531	82552	2964085
887	502	596	1170	76440	2629011	220351	10836728
888	161	301	319	76464	2630519	143514	6002717
889	32	313	209	76545	2634734	486439	31998825
890	711	747	1458	76993	2654713	91388	3456580
891	11	675	537	77279	2666914	145965	6114498
892	151	667	417	77316	2668230	329176	18616459
893	309	751	488	77340	2668881	89469	3337803
894	10	629	554	77459	2675504	213260	10400482
895	205	704	883	77612	2682719	81717	2925943
896	555	880	1152	77708	2687415	120831	4883764
897	64	711	527	77814	2694346	77982	2707400
898	597	756	1268	77819	2694558	137493	5662781
899	303	897	641	77982	2707400	520800	35160154
900	142	806	184	78549	2739208	199899	9454191
901	78	645	213	78572	2740020	114856	4616388
902	281	368	439	78629	2742089	328015	18521512
903	270	381	506	78636	2742417	130800	5315651
904	327	562	855	78647	2743118	83832	3021639
905	306	590	854	78780	2749822	4260527	588562058
906	209	555	325	78852	2752632	173435	7757276
907	567	593	341	78998	2758681	80741	2867059
908	180	345	372	79119	2763885	132759	5417284
909	298	779	611	79260	2770068	243992	12394899
910	42	563	242	79280	2770692	80655	2860869
911	432	794	1504	79290	2771212	135010	5532600
912	132	242	296	79486	2782264	105552	4135752
913	190	861	536	79729	2795882	100323	3878454
914	27	515	596	79867	2802993	114505	4599804
915	281	724	1057	79930	2805788	132193	5383837
916	280	837	1407	79942	2806277	236079	11817247
917	249	648	648	80010	2810234	98688	3807317
918	45	293	106	80159	2821513	351655	20290237
919	761	772	1707	80196	2824356	491166	32406669
920	483	615	352	80301	2833013	82437	2957652
921	77	473	381	80539	2851934	189404	8805901
922	601	813	1122	80625	2858291	195728	9175961
923	43	910	267	80655	2860869	90414	3399659
924	351	907	540	80741	2867059	693856	51702381
925	684	795	971	81012	2887001	137301	5653571
926	303	528	268	81184	2898780	82381	2955344
927	166	457	191	81333	2908028	1758773	177141558
928	656	895	1411	81717	2925943	1064530	91137433
929	103	447	341	81893	2934909	142651	5959678
930	55	586	566	82220	2948014	148158	6253593
931	465	865	858	82268	2949675	253143	13037381
932	404	926	515	82381	2955344	137938	5689382
933	700	920	400	82437	2957652	268009	14076245
934	170	769	298	82528	2962568	106259	4172855
935	314	886	1174	82552	2964085	394368	23676780
936	132	445	655	82715	2972920	101491	3931255
937	195	483	420	82915	2983445	148719	6284247
938	510	564	528	83226	2997303	693512	51665135
939	617	757	1124	83518	3008801	102227	3958945
940	501	797	807	83608	3012519	406153	24698328
941	514	693	1127	83809	3020873	92904	3549093
942	844	904	1387	83832	3021639	151869	6455853
943	137	280	365	84009	3034200	0	0
944	359	846	660	84027	3035160	85236	3097072
945	245	852	240	84124	3041174	160573	7034268
946	80	463	345	84168	3043746	100790	3902218
947	268	851	277	84196	3045249	147782	6230053
948	234	800	343	84376	3055925	442603	27840432
949	241	659	189	84442	3059423	116326	4678910
950	179	498	235	84741	3074496	450371	28484593
951	48	324	81	84832	3078709	173863	7780979
952	160	648	453	84907	3081656	128047	5206532
953	165	450	652	84972	3084571	121479	4917052
954	413	533	1385	85061	3088303	622436	44769619
955	342	944	1702	85236	3097072	300677	16399843
956	0	656	529	85341	3102759	99826	3856265
957	73	778	319	85493	3111833	123179	4996456
958	164	705	628	85523	3113371	95200	3665395
959	177	363	124	85572	3116048	134881	5525118
960	316	683	401	85651	3120658	3598709	469893603
961	355	414	305	86003	3137877	161922	7099926
962	596	639	2096	86015	3138308	384734	22927453
963	185	817	620	86610	3168071	91531	3467253
964	182	729	458	86641	3169302	241397	12198393
965	12	672	252	86649	3169472	90414	3399659
966	462	549	585	86658	3169858	210766	10199498
967	748	853	597	86957	3185303	664050	48569438
968	478	499	1079	86975	3186160	106691	4196504
969	339	428	674	87115	3194056	99399	3838050
970	542	735	1133	87482	3210353	90893	3429082
971	653	805	1123	87484	3210387	430627	26797190
972	445	776	1002	87641	3220023	211027	10223699
973	277	735	650	87940	3236553	455696	28981916
974	189	856	710	87961	3237548	106332	4175910
975	499	722	804	88030	3242255	180657	8235983
976	661	687	1401	88265	3257245	139648	5797156
977	305	639	1628	88522	3273570	107383	4228377
978	392	573	1911	88686	3284727	216967	10654434
979	352	559	819	88736	3289095	1460032	138257210
980	467	843	377	89062	3316171	167764	7434376
981	483	645	376	89201	3324106	160419	7025013
982	71	821	1081	89444	3336779	94410	3627799
983	198	893	726	89469	3337803	345644	19893645
984	189	688	1412	89703	3352682	151869	6455853
985	601	683	999	89873	3365181	108771	4300072
986	200	571	369	89935	3368667	257200	13288314
987	394	828	1410	90131	3380157	466452	30058804
988	630	870	1033	90285	3390239	138666	5730584
989	923	965	519	90414	3399659	300775	16406280
990	22	290	376	90782	3423488	133632	5458432
991	696	970	1853	90893	3429082	204943	9771383
992	135	302	196	91075	3439840	162204	7114377
993	529	814	328	91225	3448387	413248	25409628
994	600	823	388	91314	3452313	114518	4600340
995	509	890	1779	91388	3456580	222444	10979709
996	273	696	895	91447	3460397	163022	7161339
997	669	963	991	91531	3467253	155507	6755633
998	767	792	1172	92253	3512709	497995	33117722
999	493	877	1139	92501	3524318	168401	7466514
1000	591	616	915	92542	3527438	247656	12690738
1001	377	509	566	92589	3530345	305918	16789493
1002	465	597	782	92849	3545240	110944	4440086
1003	656	941	1655	92904	3549093	173838	7778730
1004	114	404	379	92951	3552221	750053	57466724
1005	542	846	1250	92968	3553381	103751	4039550
1006	44	629	559	93809	3601272	501361	33386001
1007	196	356	149	93852	3602864	125958	5136664
1008	144	437	565	93881	3603713	185697	8586921
1009	189	199	167	93951	3606759	170267	7576053
1010	43	867	316	94046	3610985	102302	3964148
1011	597	605	871	94198	3617209	173185	7743085
1012	416	558	288	94352	3624705	580959	40621337
1013	154	211	85	94398	3626884	490412	32329550
1014	72	982	1114	94410	3627799	163317	7189170
1015	723	863	720	94534	3634967	159881	6991379
1016	279	347	463	94752	3646023	101127	3916753
1017	77	619	384	94755	3646119	295165	16055481
1018	43	414	128	94883	3652396	99421	3839077
1019	224	379	370	94934	3655079	142028	5926930
1020	157	166	143	95081	3661033	495890	32936828
1021	291	397	70	95175	3664623	186646	8650769
1022	435	958	1013	95200	3665395	181370	8279356
1023	566	833	812	95211	3665935	163573	7212620
1024	407	778	475	95281	3669651	579966	40542961
1025	264	714	1138	95542	3685339	838884	66886416
1026	91	125	95	95592	3688022	110045	4377770
1027	235	372	112	95872	3701712	112247	4512029
1028	103	291	140	95961	3705120	140397	5839531
1029	180	650	574	96139	3712380	123312	5001711
1030	606	806	656	96203	3715095	103512	4027715
1031	736	833	859	96597	3728466	176219	7974643
1032	694	775	816	96636	3729940	210056	10144846
1033	94	684	638	96684	3732157	116672	4694999
1034	298	682	711	96747	3735161	435375	27250554
1035	370	452	159	97355	3757663	108891	4306712
1036	256	635	322	97436	3760086	162928	7153930
1037	256	963	713	97436	3760086	238541	11990558
1038	635	963	849	97436	3760086	145524	6094084
1039	71	212	441	97570	3765192	255620	13169221
1040	124	797	196	97683	3768933	154334	6670480
1041	351	563	416	97875	3775022	98303	3790821
1042	115	498	183	97911	3776359	107598	4239397
1043	604	699	744	97978	3778324	398823	24027147
1044	75	543	393	98031	3780395	287626	15497307
1045	42	393	186	98217	3788155	977629	81768186
1046	447	1041	665	98303	3790821	222444	10979709
1047	515	590	1137	98331	3791999	317415	17659016
1048	583	861	607	98602	3804317	100458	3885797
1049	868	917	897	98688	3807317	118177	4765529
1050	163	249	296	98807	3813108	118592	4784381
1051	174	309	329	98838	3814501	116672	4694999
1052	458	762	579	99101	3826362	145890	6109719
1053	286	969	717	99399	3838050	102894	3993541
1054	550	1018	269	99421	3839077	115733	4654832
1055	447	524	292	99528	3842779	99617	3847035
1056	689	1055	374	99617	3847035	119196	4809945
1057	561	696	879	99707	3850819	1919821	198888475
1058	763	956	656	99826	3856265	287819	15509329
1059	276	846	671	99951	3862163	431401	26886335
1060	169	547	397	100291	3877163	2277731	250966169
1061	778	913	710	100323	3878454	111391	4468578
1062	566	691	409	100410	3882980	745850	57050026
1063	671	1048	961	100458	3885797	133638	5458695
1064	129	946	473	100790	3902218	425127	26328490
1065	82	426	261	100839	3904496	178447	8123259
1066	382	1016	732	101127	3916753	108856	4304581
1067	296	660	486	101161	3917992	102809	3989710
1068	130	177	100	101214	3920111	109396	4336899
1069	302	445	661	101403	3927659	112912	4533864
1070	139	936	676	101491	3931255	111004	4443362
1071	182	279	292	101542	3933132	142213	5935506
1072	18	528	160	101699	3939422	104128	4061722
1073	106	697	389	101762	3941949	176362	7990705
1074	230	831	342	101993	3950526	116317	4678746
1075	204	590	647	102007	3951069	541487	36903066
1076	437	939	1675	102227	3958945	273664	14471557
1077	134	1010	379	102302	3964148	156723	6826344
1078	479	710	702	102523	3975537	167310	7413357
1079	132	847	329	102597	3979231	256606	13237164
1080	76	835	150	102767	3987931	463099	29633702
1081	520	1067	546	102809	3989710	136771	5629174
1082	94	840	320	102873	3992475	187581	8701307
1083	481	1053	799	102894	3993541	185428	8569523
1084	818	867	965	103094	4004306	409875	25081596
1085	56	71	100	103101	4004768	145045	6074592
1086	335	428	751	103197	4009661	562322	39109109
1087	237	963	796	103219	4010661	322228	18039502
1088	659	1030	709	103512	4027715	0	0
1089	30	136	74	103608	4033189	125378	5106719
1090	449	1005	1292	103751	4039550	153972	6634518
1091	57	495	477	103912	4048846	219995	10818114
1092	381	1072	418	104128	4061722	164430	7279127
1093	226	682	310	104153	4063567	144435	6046972
1094	445	495	994	104160	4063683	933625	77153913
1095	35	599	342	104276	4069425	105394	4127012
1096	56	72	52	104294	4070410	422318	26132157
1097	291	403	400	104299	4070640	145524	6094084
1098	55	844	560	104427	4078906	108577	4290974
1099	719	831	694	104469	4081495	183177	8415212
1100	723	730	769	104809	4100097	297579	16205079
1101	295	503	429	104839	4101437	153194	6572275
1102	678	723	1004	105048	4110331	412933	25384044
1103	199	263	139	105346	4124963	106469	4183846
1104	637	1095	762	105394	4127012	180330	8214688
1105	383	805	1282	105421	4128727	110292	4391191
1106	308	697	471	105538	4135026	116317	4678746
1107	506	912	805	105552	4135752	220799	10866604
1108	154	803	190	105673	4141380	138052	5696334
1109	684	750	1421	105777	4147273	110380	4397700
1110	88	240	177	106151	4168289	112774	4529903
1111	303	934	412	106259	4172855	216107	10608875
1112	292	974	952	106332	4175910	203359	9658382
1113	427	1103	194	106469	4183846	336660	19192867
1114	225	968	1147	106691	4196504	531259	35964937
1115	235	388	163	106899	4207754	431953	26947783
1116	193	212	405	107203	4221713	116130	4671183
1117	814	977	1882	107383	4228377	433215	27082252
1118	379	498	339	107529	4235903	151548	6438789
1119	569	1042	435	107598	4239397	432185	26971689
1120	540	674	1031	107629	4241178	139156	5761425
1121	196	878	751	107730	4246903	119330	4815320
1122	329	349	579	107838	4253465	159267	6954673
1123	288	654	304	107845	4254353	160270	7016154
1124	89	332	152	108113	4268722	110944	4440086
1125	518	731	943	108118	4269052	187573	8700940
1126	566	1098	921	108577	4290974	126762	5166774
1127	597	923	652	108766	4299859	116918	4709323
1128	285	985	1251	108771	4300072	969129	80873129
1129	827	1066	870	108856	4304581	160419	7025013
1130	85	1035	248	108891	4306712	515011	34785243
1131	416	704	926	109243	4327457	224991	11112578
1132	72	383	301	109346	4333600	113039	4538366
1133	100	555	310	109383	4336132	129221	5246776
1134	441	1068	541	109396	4336899	814874	64118801
1135	206	485	498	109448	4340210	435060	27229371
1136	555	806	285	109591	4349444	121761	4929122
1137	312	338	334	109656	4352961	256192	13209849
1138	505	521	521	109715	4356814	112937	4534566
1139	867	1010	607	109726	4357777	148158	6253593
1140	13	693	908	109818	4363377	583391	40790783
1141	290	586	899	109841	4365021	124199	5035412
1142	87	1026	139	110045	4377770	136136	5603100
1143	965	982	1333	110108	4381204	873666	70863763
1144	419	1105	1715	110292	4391191	152689	6523663
1145	65	657	211	110342	4394781	439439	27542551
1146	843	1109	1701	110380	4397700	329903	18674619
1147	356	727	325	110388	4398237	791087	61778971
1148	1002	1124	934	110944	4440086	360119	20865055
1149	709	1070	1123	111004	4443362	124193	5035048
1150	3	503	177	111049	4446215	547626	37409829
1151	703	893	528	111242	4458372	143646	6010023
1152	500	1061	908	111391	4468578	768781	59583610
1153	51	429	308	111716	4487728	893085	72966474
1154	38	150	106	111880	4496055	498970	33183542
1155	846	1027	673	112247	4512029	280293	14946883
1156	297	1110	223	112774	4529903	352722	20354860
1157	229	1069	716	112912	4533864	229354	11398393
1158	799	1138	633	112937	4534566	2370430	264652903
1159	448	1132	597	113039	4538366	157857	6884369
1160	236	701	554	113052	4538838	134354	5497325
1161	509	749	814	113086	4540137	150620	6391012
1162	379	616	891	113121	4542108	215135	10542800
1163	511	582	406	113134	4542826	136094	5600702
1164	168	291	108	113161	4544176	147782	6230053
1165	506	759	590	113404	4555829	144097	6031359
1166	389	819	553	113967	4578166	242815	12308650
1167	50	329	575	114030	4580665	770475	59743809
1168	342	398	1132	114082	4582421	269115	14139118
1169	288	447	482	114227	4589451	153786	6621126
1170	429	734	383	114476	4598503	307170	16874081
1171	82	914	675	114505	4599804	134093	5482258
1172	104	994	567	114518	4600340	742061	56681596
1173	275	653	139	114648	4607249	186411	8636406
1174	84	391	395	114798	4613990	130212	5288327
1175	250	901	305	114856	4616388	130164	5286558
1176	126	936	743	114931	4620240	240031	12090085
1177	280	540	466	115095	4628157	134164	5485994
1178	163	450	470	115115	4629054	117571	4739422
1179	312	565	502	115215	4633569	493378	32621237
1180	152	332	243	115262	4635450	334142	19015633
1181	99	416	302	115357	4639493	568798	39624303
1182	162	565	426	115511	4645563	200296	9479003
1183	174	856	833	115545	4646730	135230	5546226
1184	58	541	297	115667	4652041	317200	17639715
1185	513	813	438	115690	4653111	122030	4942156
1186	306	1054	560	115733	4654832	129022	5238531
1187	145	322	260	116091	4669247	148806	6289986
1188	576	1116	623	116130	4671183	132552	5405965
1189	111	376	332	116209	4674265	120029	4841997
1190	1074	1106	813	116317	4678746	236660	11859848
1191	318	949	305	116326	4678910	519602	35101762
1192	27	866	1074	116520	4687310	120173	4849289
1193	1033	1051	967	116672	4694999	169510	7525962
1194	406	1127	854	116918	4709323	121761	4929122
1195	694	776	796	117087	4717651	171782	7659396
1196	29	59	48	117459	4735399	306361	16814338
1197	120	611	593	117541	4738218	216729	10641062
1198	737	1178	685	117571	4739422	128941	5234964
1199	39	722	373	117841	4751855	205186	9791082
1200	101	234	272	117847	4751941	280832	14983241
1201	421	1027	313	117867	4753012	146871	6166999
1202	111	757	525	118084	4761668	359510	20821608
1203	459	1049	1833	118177	4765529	255169	13138302
1204	750	1050	1098	118592	4784381	533329	36171497
1205	118	723	518	118800	4793808	138204	5704647
1206	156	414	337	118987	4801488	149745	6344783
1207	450	1056	803	119196	4809945	290492	15724036
1208	72	994	421	119325	4815273	275814	14615883
1209	44	1121	762	119330	4815320	2877534	344959360
1210	77	406	208	119465	4821290	1647290	162132406
1211	22	802	368	119650	4829065	180946	8254327
1212	277	609	499	119984	4840295	154975	6722462
1213	764	1189	1207	120029	4841997	196910	9250443
1214	192	1192	1352	120173	4849289	159663	6976236
1215	464	680	556	120181	4849735	124902	5077156
1216	965	1068	352	120353	4859229	758671	58409156
1217	110	632	215	120513	4868287	153101	6564495
1218	750	896	1954	120831	4883764	174450	7826055
1219	561	851	359	121070	4897186	721825	54583473
1220	388	1103	253	121429	4914796	1027354	87183085
1221	546	953	920	121479	4917052	336583	19187041
1222	368	624	426	121641	4924968	1269646	114052924
1223	1136	1194	1139	121761	4929122	265174	13912797
1224	76	465	468	121976	4939752	236727	11865561
1225	9	658	394	122012	4941289	171803	7660628
1226	674	1185	1346	122030	4942156	141366	5888129
1227	325	413	1408	122500	4966701	146557	6146880
1228	72	227	104	122669	4975276	155969	6784210
1229	238	668	343	122762	4979196	154334	6670480
1230	108	156	380	122780	4980304	127905	5202489
1231	408	571	451	122932	4986154	205377	9806182
1232	876	957	566	123179	4996456	147441	6207890
1233	645	733	211	123298	5001371	211461	10263099
1234	654	1029	645	123312	5001711	156462	6810885
1235	537	726	323	123759	5019178	277644	14745940
1236	271	730	392	123842	5021693	224038	11070035
1237	443	492	383	123846	5021872	1437527	135196574
1238	294	402	242	123865	5022478	1241048	110675963
1239	503	579	406	123904	5023523	397958	23955516
1240	956	1149	1652	124193	5035048	1448295	136632174
1241	732	1141	1354	124199	5035412	184987	8543718
1242	58	478	629	124432	5050225	724769	54890632
1243	242	666	680	124579	5057948	1246695	111419188
1244	631	668	584	124652	5061784	509889	34247836
1245	484	485	1117	124811	5070897	764131	59070663
1246	568	683	426	124874	5074788	327153	18431783
1247	691	1215	604	124902	5077156	2539311	290742137
1248	327	768	590	124955	5080631	151447	6433506
1249	232	446	825	124995	5083090	210337	10163749
1250	100	789	654	125041	5086721	296095	16105535
1251	206	1089	165	125378	5106719	131080	5330876
1252	111	343	130	125490	5112580	212969	10375136
1253	679	782	755	125547	5115953	289521	15640100
1254	174	591	428	125908	5134522	155394	6750289
1255	104	456	480	125911	5134621	487871	32111315
1256	776	1007	620	125958	5136664	156723	6826344
1257	529	1007	223	126244	5148988	0	0
1258	162	585	382	126401	5154813	161937	7100540
1259	417	1126	1041	126762	5166774	137493	5662781
1260	79	566	414	126968	5175252	158397	6912028
1261	212	1042	543	127440	5190739	1083516	93158056
1262	591	701	516	127778	5199154	180374	8217533
1263	68	946	382	127848	5201088	226250	11186354
1264	495	1230	843	127905	5202489	289521	15640100
1265	85	952	542	128047	5206532	168803	7488846
1266	140	875	690	128102	5208004	139628	5794664
1267	262	406	441	128155	5210462	217246	10674356
1268	119	328	105	128265	5214371	422525	26147562
1269	110	775	521	128907	5233863	138664	5730575
1270	974	1198	1395	128941	5234964	229725	11421490
1271	228	1186	658	129022	5238531	146860	6166546
1272	358	1026	221	129055	5239727	143646	6010023
1273	281	824	1005	129098	5241031	345797	19903708
1274	671	1133	664	129221	5246776	142949	5973339
1275	336	691	574	129240	5247520	185668	8584964
1276	184	833	516	129329	5251745	208174	10012771
1277	144	1068	114	129579	5263505	276308	14652507
1278	251	798	777	129938	5277429	229291	11395533
1279	401	694	392	130008	5280703	192663	8982080
1280	194	846	714	130139	5285564	172074	7678511
1281	1033	1175	943	130164	5286558	186846	8660482
1282	216	1174	453	130212	5288327	146267	6131677
1283	58	859	625	130301	5292834	151447	6433506
1284	179	795	437	130656	5309299	284810	15306994
1285	985	1072	1159	130696	5310816	1544208	148577406
1286	819	903	978	130800	5315651	192853	8992127
1287	137	1251	187	131080	5330876	226236	11185915
1288	298	441	879	131129	5333188	756056	58140732
1289	721	1066	866	131242	5339080	203359	9658382
1290	300	710	350	131312	5342347	318881	17773691
1291	72	874	293	131653	5354597	653229	47541861
1292	353	896	1487	131674	5355091	260772	13535339
1293	54	783	1036	131717	5357130	142281	5938906
1294	6	718	46	131900	5368162	142128	5931900
1295	325	419	678	132069	5375395	213857	10454960
1296	831	1198	931	132074	5375788	219364	10783467
1297	54	590	641	132129	5379229	386150	23050919
1298	424	915	1263	132193	5383837	255794	13180818
1299	768	1188	877	132552	5405965	3199455	399485413
1300	425	949	316	132575	5407494	253979	13082144
1301	237	908	548	132759	5417284	136691	5625899
1302	1127	1132	953	132941	5426793	271388	14320835
1303	155	734	253	133017	5431953	306388	16815671
1304	871	990	1008	133632	5458432	179962	8195400
1305	543	1063	1299	133638	5458695	163223	7180913
1306	785	1066	1128	133805	5466517	135230	5546226
1307	582	1171	852	134093	5482258	216729	10641062
1308	453	1177	499	134164	5485994	710069	53383279
1309	187	390	508	134228	5489397	206334	9878737
1310	86	1160	588	134354	5497325	194882	9132518
1311	642	1121	1518	134658	5514578	170474	7585852
1312	40	747	1013	134847	5523417	261528	13595310
1313	285	959	376	134881	5525118	288775	15575217
1314	87	204	128	134891	5525686	212590	10351785
1315	371	911	1548	135010	5532600	262417	13676368
1316	1183	1306	1961	135230	5546226	141157	5873637
1317	163	603	531	135654	5575937	149247	6315511
1318	380	1163	811	136094	5600702	485940	31952611
1319	41	1142	191	136136	5603100	174977	7874967
1320	535	1301	1344	136691	5625899	3271397	412469950
1321	610	1081	1323	136771	5629174	333702	18977533
1322	749	925	1464	137301	5653571	1634795	160343777
1323	898	1259	2309	137493	5662781	439701	27559797
1324	283	359	214	137821	5683458	178891	8149317
1325	588	932	827	137938	5689382	325224	18265575
1326	526	1108	286	138052	5696334	148550	6275753
1327	775	1205	1009	138204	5704647	199429	9421553
1328	220	779	349	138238	5706306	229716	11421149
1329	362	910	354	138241	5706394	2588241	298782370
1330	317	1198	924	138449	5717740	206144	9865952
1331	258	1053	988	138548	5723288	178341	8118386
1332	462	1269	985	138664	5730575	158405	6912585
1333	302	988	1163	138666	5730584	586683	41075502
1334	587	699	985	139010	5753371	195895	9186851
1335	252	1121	859	139142	5760466	326142	18342899
1336	1089	1120	1105	139156	5761425	298206	16251904
1337	159	653	253	139241	5768586	146860	6166546
1338	420	1266	737	139628	5794664	551684	37913047
1339	39	976	1442	139648	5797156	193995	9068913
1340	143	249	296	140113	5826360	168283	7459820
1341	87	1028	184	140397	5839531	254438	13102534
1342	237	731	655	140609	5849462	936296	77389884
1343	853	1142	438	140888	5861898	186111	8617984
1344	187	264	372	140892	5862001	172673	7713237
1345	1002	1069	1443	140955	5864829	165916	7355137
1346	26	1316	1982	141157	5873637	513612	34674115
1347	176	697	342	141228	5879571	449518	28418506
1348	416	1226	1556	141366	5888129	331969	18823578
1349	237	579	408	141438	5892904	531325	35971401
1350	315	1019	394	142028	5926930	984804	82586895
1351	583	1294	245	142128	5931900	166422	7374967
1352	73	1071	437	142213	5935506	142421	5947211
1353	187	1293	1193	142281	5938906	369480	21636309
1354	99	1352	529	142421	5947211	150101	6363385
1355	517	929	519	142651	5959678	332578	18868539
1356	610	1274	1441	142949	5973339	556462	38499441
1357	332	413	1275	142959	5973591	162948	7155112
1358	273	768	429	143514	6002717	287190	15471897
1359	273	888	494	143514	6002717	153006	6557260
1360	768	888	573	143514	6002717	562885	39157783
1361	1151	1272	749	143646	6010023	433727	27131526
1362	227	694	396	143710	6013072	148806	6289986
1363	756	1165	1473	144097	6031359	196719	9235484
1364	172	791	225	144225	6037889	194350	9098755
1365	461	1093	799	144435	6046972	235139	11760859
1366	217	556	535	144494	6050160	240547	12130414
1367	550	1085	241	145045	6074592	220461	10844019
1368	799	968	1191	145163	6078570	205377	9806182
1369	270	1072	408	145178	6079118	148740	6285514
1370	306	819	763	145233	6081508	147198	6187469
1371	521	552	823	145360	6086833	1695214	169097759
1372	1038	1097	1249	145524	6094084	642147	46595675
1373	2	211	52	145782	6105695	206213	9871124
1374	896	1052	1731	145890	6109719	147198	6187469
1375	60	891	570	145965	6114498	193671	9049510
1376	75	827	193	146141	6124513	417392	25711413
1377	60	1282	486	146267	6131677	210785	10200618
1378	760	1227	2103	146557	6146880	226696	11214752
1379	265	800	533	146593	6149104	224641	11094229
1380	57	1142	153	146697	6156284	218786	10752253
1381	277	619	584	146807	6162732	191508	8919646
1382	1271	1337	911	146860	6166546	262945	13723397
1383	250	1201	405	146871	6166999	215148	10543569
1384	166	654	185	147033	6178123	232090	11549816
1385	1370	1374	2494	147198	6187469	466207	30029771
1386	824	1232	1292	147441	6207890	264467	13854123
1387	947	1164	385	147782	6230053	193671	9049510
1388	97	535	808	147790	6230359	185192	8555453
1389	362	564	292	147820	6231753	222275	10971014
1390	209	253	378	148044	6246453	304586	16704821
1391	930	1139	1173	148158	6253593	258490	13381945
1392	562	1326	805	148550	6275753	161904	7099193
1393	688	937	1740	148719	6284247	374897	22074473
1394	599	1369	730	148740	6285514	270577	14251518
1395	1187	1362	656	148806	6289986	193063	9006951
1396	9	1317	536	149247	6315511	458471	29242027
1397	800	836	1189	149449	6326654	246528	12618255
1398	612	1206	733	149745	6344783	169319	7514845
1399	602	1354	793	150101	6363385	178459	8123772
1400	170	772	581	150117	6364155	201378	9551775
1401	217	722	404	150165	6366784	220351	10836728
1402	437	1205	1069	150263	6371686	185697	8586921
1403	372	1053	780	150344	6376162	448447	28334406
1404	463	814	480	150451	6382216	263765	13795402
1405	194	494	267	150508	6384612	2762547	326583170
1406	38	1161	828	150620	6391012	369699	21653835
1407	1	474	300	150689	6395426	182615	8381838
1408	207	357	492	150900	6406760	249548	12819233
1409	812	843	1068	151098	6416959	240438	12121230
1410	70	166	144	151241	6423836	231750	11528652
1411	1248	1283	1215	151447	6433506	172673	7713237
1412	367	1183	1235	151496	6436195	241356	12194373
1413	656	1118	867	151548	6438789	185145	8552804
1414	942	984	2799	151869	6455853	0	0
1415	515	1316	2535	151922	6460826	300775	16406280
1416	615	854	1025	152422	6500738	278615	14816379
1417	1098	1316	2521	152426	6501152	866005	69964453
1418	573	1144	3103	152689	6523663	392029	23513757
1419	446	708	955	152725	6526776	316745	17604723
1420	242	1359	666	153006	6557260	206317	9877500
1421	968	1217	1294	153101	6564495	244976	12490723
1422	469	1101	775	153194	6572275	330814	18744248
1423	752	856	1280	153398	6589815	181941	8328840
1424	854	1169	1402	153786	6621126	211637	10278103
1425	336	870	759	153804	6621926	1239411	110472100
1426	309	923	381	153817	6622829	231666	11524257
1427	57	278	181	153968	6634285	1367665	126404348
1428	589	1090	1828	153972	6634518	240547	12130414
1429	755	1042	1896	154063	6643842	2458417	278330517
1430	1040	1229	539	154334	6670480	219790	10805655
1431	142	147	41	154424	6679984	169360	7517433
1432	432	479	721	154750	6706337	814444	64072890
1433	1212	1272	720	154975	6722462	227554	11285681
1434	225	780	433	155086	6729799	373761	21959835
1435	389	1254	509	155394	6750289	198681	9372301
1436	997	1063	1952	155507	6755633	324946	18241789
1437	153	546	355	155663	6765973	187633	8704669
1438	607	1228	253	155969	6784210	168283	7459820
1439	252	616	810	156253	6799766	180657	8235983
1440	368	953	812	156316	6802681	458471	29242027
1441	354	574	777	156364	6805226	305918	16789493
1442	46	1234	677	156462	6810885	195728	9175961
1443	362	434	266	156613	6820045	338391	19317399
1444	1077	1256	999	156723	6826344	2439576	275406118
1445	686	1234	1387	157416	6859948	159267	6954673
1446	238	774	1461	157623	6870374	203176	9648094
1447	55	1055	320	157721	6876943	185428	8569523
1448	289	1159	874	157857	6884369	240158	12099614
1449	343	408	364	157937	6888552	457072	29092188
1450	616	1337	955	158221	6903812	242681	12298669
1451	200	1260	649	158397	6912028	545603	37228822
1452	261	1332	1046	158405	6912585	201522	9559749
1453	674	884	1610	159138	6948427	162620	7132028
1454	1122	1445	1966	159267	6954673	256817	13253869
1455	1007	1069	810	159614	6973462	268254	14089470
1456	1055	1214	1644	159663	6976236	233967	11684577
1457	138	1015	766	159881	6991379	371415	21786998
1458	277	517	384	160046	7001808	244117	12405935
1459	1123	1271	962	160270	7016154	169510	7525962
1460	187	204	241	160274	7016286	567292	39511995
1461	779	1201	486	160392	7023355	0	0
1462	981	1129	1246	160419	7025013	204623	9743335
1463	361	945	458	160573	7034268	281491	15032943
1464	583	1169	681	161012	7059368	558844	38797617
1465	269	503	308	161220	7070820	271388	14320835
1466	49	400	466	161279	7073489	851851	68264193
1467	368	570	736	161762	7093644	363324	21121619
1468	249	1392	1060	161904	7099193	577039	40317697
1469	15	961	312	161922	7099926	758014	58336175
1470	662	1258	873	161937	7100540	203981	9695507
1471	868	992	445	162204	7114377	263312	13755965
1472	173	335	500	162208	7114518	164672	7294160
1473	696	766	1395	162542	7128432	398823	24027147
1474	544	1453	1987	162620	7132028	380741	22605063
1475	28	688	1336	162727	7139267	430084	26741542
1476	135	819	538	162759	7141439	248827	12770369
1477	448	1068	396	162812	7145061	1024268	86954033
1478	524	1036	365	162928	7153930	1029940	87420107
1479	696	1357	1995	162948	7155112	174200	7805577
1480	23	697	309	162951	7155468	530730	35923624
1481	865	996	1356	163022	7161339	212916	10371795
1482	852	1305	1336	163223	7180913	260528	13518678
1483	624	1014	1380	163317	7189170	181505	8289833
1484	417	837	1184	163559	7211266	239069	12021467
1485	214	1023	943	163573	7212620	183038	8405243
1486	598	1018	528	163663	7221317	246708	12630287
1487	165	406	425	164288	7269560	288217	15537502
1488	539	1092	615	164430	7279127	0	0
1489	298	1472	938	164672	7294160	1395855	129947970
1490	132	749	617	165067	7315698	569364	39668372
1491	34	860	66	165070	7315747	496485	32997140
1492	862	910	552	165110	7317133	168204	7456356
1493	9	1121	756	165156	7319213	563991	39265149
1494	64	481	149	165266	7326607	253025	13031942
1495	799	1345	1555	165916	7355137	352722	20354860
1496	66	74	49	166354	7372793	416232	25629037
1497	818	1351	919	166422	7374967	3905281	525663500
1498	419	841	687	166446	7375786	231968	11539984
1499	529	766	749	166604	7383321	3414981	436714433
1500	431	485	959	166749	7388554	407339	24802574
1501	455	608	378	166959	7397195	1360769	125537027
1502	560	738	884	166965	7397386	245314	12521840
1503	168	828	1088	167082	7402320	310477	17177366
1504	475	797	186	167240	7410406	363469	21135250
1505	1078	1175	1007	167310	7413357	280967	14992260
1506	185	949	330	167559	7425734	492502	32528350
1507	251	672	414	167570	7426276	1497751	143032814
1508	797	980	532	167764	7434376	193213	9017348
1509	431	1226	1898	167819	7436699	215466	10567036
1510	406	1215	758	168186	7455524	189577	8812833
1511	445	1492	1083	168204	7456356	323264	18113366
1512	1340	1438	549	168283	7459820	520149	35125121
1513	265	999	1485	168401	7466514	236672	11860868
1514	399	1027	346	168519	7473457	204688	9748497
1515	520	1265	602	168803	7488846	185579	8579095
1516	376	868	498	168821	7489985	344444	19817215
1517	137	1232	588	168869	7492620	176362	7990705
1518	80	1398	852	169319	7514845	314974	17476284
1519	848	1431	929	169360	7517433	1326952	120856466
1520	503	1126	1095	169453	7522568	251963	12970159
1521	1193	1459	1929	169510	7525962	341997	19620919
1522	659	806	206	169659	7538519	216107	10608875
1523	109	243	103	170096	7566279	411479	25263168
1524	328	1009	257	170267	7576053	229354	11398393
1525	646	1311	3036	170474	7585852	196725	9235973
1526	653	682	382	170897	7610879	3040112	372799259
1527	942	1306	2515	171048	7619846	189712	8818951
1528	590	795	915	171729	7656467	4329144	602884103
1529	407	757	743	171779	7659360	441587	27738295
1530	934	1195	1094	171782	7659396	204307	9718057
1531	459	1225	1330	171803	7660628	573119	39955681
1532	260	996	1054	171824	7662367	174450	7826055
1533	46	1280	746	172074	7678511	183607	8454524
1534	24	802	370	172382	7698001	468721	30296690
1535	615	1066	837	172569	7706615	221334	10907096
1536	1344	1411	1587	172673	7713237	327688	18489146
1537	76	624	337	172915	7728171	1623685	158379243
1538	415	1011	1131	173185	7743085	252904	13024932
1539	722	1089	406	173414	7756236	221167	10895661
1540	156	906	559	173435	7757276	191080	8896587
1541	853	1081	845	173516	7761631	2663641	311088033
1542	296	331	555	173614	7767237	193099	9009840
1543	976	1003	3056	173838	7778730	175559	7913763
1544	342	951	1123	173863	7780979	204307	9718057
1545	259	721	498	173959	7787655	203917	9691821
1546	741	1479	2511	174200	7805577	176082	7958495
1547	1218	1532	3008	174450	7826055	335116	19088238
1548	56	711	479	174927	7871187	288692	15568463
1549	338	1319	432	174977	7874967	231878	11534547
1550	219	877	977	175174	7889887	277364	14726092
1551	525	852	221	175520	7911607	232381	11570206
1552	992	1543	3252	175559	7913763	292258	15844747
1553	573	844	1920	175651	7922616	281491	15032943
1554	220	990	552	175958	7948439	1304424	118257098
1555	802	1546	2864	176082	7958495	500648	33320521
1556	334	616	978	176183	7970732	183225	8418162
1557	138	1031	905	176219	7974643	499724	33239322
1558	1073	1517	977	176362	7990705	232381	11570206
1559	554	1183	1332	178094	8107707	187581	8701307
1560	619	845	913	178172	8110426	292155	15838201
1561	496	1331	1526	178341	8118386	362980	21093743
1562	937	1065	681	178447	8123259	191240	8904281
1563	99	1399	885	178459	8123772	232486	11577837
1564	315	530	268	178650	8136272	2781108	329544476
1565	201	254	590	178672	8137496	520779	35158998
1566	271	356	112	178763	8142373	211027	10223699
1567	1110	1324	391	178891	8149317	236084	11817559
1568	68	1136	322	178908	8150104	283035	15171259
1569	501	880	1672	179705	8183808	1176922	103170410
1570	833	1090	1743	179801	8187781	399960	24135055
1571	276	1304	1118	179962	8195400	855899	68791753
1572	337	1029	880	180096	8202799	181329	8276601
1573	699	1104	1187	180330	8214688	210785	10200618
1574	584	1262	709	180374	8217533	293899	15974634
1575	975	1439	1614	180657	8235983	319794	17839394
1576	355	576	420	180881	8250659	293131	15917140
1577	418	1211	655	180946	8254327	390809	23430775
1578	430	700	133	181166	8267661	217679	10703500
1579	97	1572	892	181329	8276601	3388412	432201141
1580	484	1022	1723	181370	8279356	248078	12718713
1581	844	1198	1217	181379	8280081	796050	62249212
1582	1023	1144	2527	181497	8289563	206794	9913702
1583	741	1483	1896	181505	8289833	357022	20656294
1584	796	880	1174	181819	8319110	192098	8950695
1585	344	1423	1366	181941	8328840	438445	27479470
1586	44	1407	311	182615	8381838	262945	13723397
1587	21	136	75	182727	8389522	243989	12394835
1588	489	1027	472	182926	8400295	288637	15563757
1589	413	1485	2106	183038	8405243	0	0
1590	305	784	701	183044	8405487	209305	10095079
1591	379	1099	883	183177	8415212	580352	40571799
1592	755	1556	2691	183225	8418162	208174	10012771
1593	811	1142	1326	183266	8423439	231878	11534547
1594	760	1533	1441	183607	8454524	244297	12421100
1595	379	592	1147	184153	8497384	224999	11112892
1596	1124	1241	1506	184987	8543718	209177	10085429
1597	1071	1413	1159	185145	8552804	758014	58336175
1598	1123	1388	1112	185192	8555453	595231	42022947
1599	1083	1447	1119	185428	8569523	301272	16446637
1600	420	1515	649	185579	8579095	267521	14043483
1601	651	1275	988	185668	8584964	290282	15705421
1602	1008	1402	1634	185697	8586921	938450	77627001
1603	93	1431	80	185990	8609497	305190	16749163
1604	407	1343	739	186111	8617984	526723	35606943
1605	493	1173	502	186411	8636406	554673	38304486
1606	117	1021	89	186646	8650769	3238201	406518461
1607	787	1281	1418	186846	8660482	226236	11185915
1608	367	1187	662	186890	8663193	246708	12630287
1609	76	1022	1084	187169	8680300	197025	9261500
1610	722	1125	1275	187573	8700940	399960	24135055
1611	1082	1559	1652	187581	8701307	339782	19425264
1612	800	1438	440	187619	8703775	771781	59871961
1613	1118	1437	694	187633	8704669	249924	12841862
1614	406	705	740	187710	8710789	353230	20389323
1615	356	605	558	187752	8713444	187794	8716633
1616	93	1615	597	187794	8716633	712854	53644534
1617	14	1301	555	187979	8730210	278007	14771597
1618	607	768	403	188355	8754097	221957	10950917
1619	201	836	1190	188777	8777203	199899	9454191
1620	663	921	748	189404	8805901	593462	41857562
1621	93	197	107	189449	8807447	269146	14141380
1622	488	1510	1407	189577	8812833	271412	14322731
1623	191	1106	568	189646	8815791	241397	12198393
1624	134	1527	2578	189712	8818951	1464245	138737774
1625	188	300	279	189768	8824227	1032339	87728978
1626	87	192	322	190187	8849144	372258	21848599
1627	911	1120	2535	190296	8854945	198681	9372301
1628	307	1136	296	190548	8869317	2443532	276037159
1629	223	1540	765	191080	8896587	276895	14695011
1630	232	1362	537	191116	8898249	1396278	129998669
1631	1340	1562	977	191240	8904281	423561	26224809
1632	138	883	844	191261	8905262	244507	12441574
1633	593	1048	648	191376	8911710	303977	16653862
1634	767	1381	1188	191508	8919646	487092	32053255
1635	469	1262	862	191906	8941337	1299033	117653354
1636	590	1584	1737	192098	8950695	503560	33622046
1637	195	980	550	192184	8955452	227277	11265052
1638	1033	1279	1030	192663	8982080	198224	9344790
1639	446	699	1109	192788	8988489	323360	18121571
1640	342	1286	2020	192853	8992127	243775	12377593
1641	893	1395	1144	193063	9006951	1569737	151665869
1642	881	1542	1228	193099	9009840	1096495	94535830
1643	515	1508	1106	193213	9017348	315065	17483276
1644	335	471	530	193539	9041263	494067	32702782
1645	1375	1387	955	193671	9049510	454933	28899708
1646	626	1339	1960	193995	9068913	465002	29861865
1647	10	1339	1448	194019	9071082	212969	10375136
1648	874	1364	485	194350	9098755	207861	9992316
1649	21	644	615	194495	9107928	286109	15404547
1650	239	1092	454	194518	9109705	517686	34994032
1651	608	788	459	194770	9125469	293033	15909868
1652	648	1229	736	194781	9126071	243992	12394899
1653	2	1310	590	194882	9132518	275125	14571220
1654	649	782	409	195354	9158742	295824	16089352
1655	457	1163	483	195539	9167677	195895	9186851
1656	301	1266	952	195582	9169225	306748	16840389
1657	922	1442	1799	195728	9175961	261246	13571020
1658	1334	1655	1468	195895	9186851	248827	12770369
1659	851	1363	1673	196719	9235484	441720	27749868
1660	1438	1525	3289	196725	9235973	494533	32767503
1661	1050	1213	1503	196910	9250443	351858	20299645
1662	689	1609	1166	197025	9261500	244535	12444004
1663	654	747	1069	198171	9342192	269432	14158152
1664	913	1638	1566	198224	9344790	254797	13118563
1665	768	1174	649	198242	9345618	339618	19411441
1666	1435	1627	3044	198681	9372301	213230	10396960
1667	744	901	255	198877	9386551	203809	9685229
1668	98	589	558	199106	9401739	699320	52322603
1669	691	1483	1428	199362	9417101	450183	28465775
1670	291	611	600	199384	9418456	1939004	201650264
1671	596	1327	1776	199429	9421553	828142	65543467
1672	900	1619	1374	199899	9454191	735749	56070644
1673	56	773	909	200033	9462848	337430	19246990
1674	153	393	248	200083	9466399	476503	30972251
1675	584	1182	619	200296	9479003	309091	17058966
1676	382	793	1289	200335	9481350	282083	15081057
1677	421	688	1521	200441	9488136	663215	48479387
1678	622	1149	1725	200613	9502297	359510	20821608
1679	43	135	91	201316	9549091	455906	29000251
1680	640	1400	1069	201378	9551775	302495	16532328
1681	975	1452	1850	201522	9559749	374915	22075809
1682	945	1132	541	201810	9578843	220343	10836124
1683	3	123	136	202046	9591706	219995	10818114
1684	249	519	487	202267	9603328	281818	15059791
1685	915	1388	1865	202323	9606638	636256	46088939
1686	146	776	494	202710	9624900	495071	32838458
1687	33	1241	1365	202768	9627958	427633	26517801
1688	910	1446	1703	203176	9648094	374389	22018172
1689	1112	1289	1818	203359	9658382	319794	17839394
1690	800	1667	442	203809	9685229	218081	10722920
1691	786	881	859	203820	9686015	815572	64187610
1692	608	1545	597	203917	9691821	373406	21931407
1693	378	1470	1051	203981	9695507	383278	22813292
1694	319	362	238	203993	9696688	230754	11479977
1695	278	1126	1088	204060	9700751	400660	24207513
1696	352	1174	495	204084	9702195	204404	9725411
1697	1530	1544	2217	204307	9718057	735749	56070644
1698	487	1696	1058	204404	9725411	226250	11186354
1699	1266	1462	1936	204623	9743335	231314	11505518
1700	8	1514	350	204688	9748497	419481	25920209
1701	285	991	2105	204943	9771383	919904	75817493
1702	685	1199	753	205186	9791082	275751	14611977
1703	1231	1368	1642	205377	9806182	226628	11210312
1704	751	982	1455	205403	9808124	0	0
1705	759	1230	461	206102	9862621	207465	9966054
1706	170	1330	1056	206144	9865952	441353	27713995
1707	648	1373	445	206213	9871124	239261	12035446
1708	273	1420	841	206317	9877500	422838	26169958
1709	290	1309	869	206334	9878737	278902	14840173
1710	1116	1159	1002	206505	9891412	287819	15509329
1711	1139	1164	715	206789	9913487	1587045	153754121
1712	833	1582	2978	206794	9913702	477910	31129593
1713	906	1275	899	206821	9915941	251489	12940279
1714	447	1705	710	207465	9966054	276757	14685584
1715	90	1098	614	207714	9982688	0	0
1716	245	764	1078	207725	9983346	263312	13755965
1717	285	1648	737	207861	9992316	453075	28722466
1718	49	555	181	207900	9994882	224520	11088967
1719	1276	1592	3207	208174	10012771	386167	23052111
1720	762	888	760	208560	10041008	226696	11214752
1721	45	815	720	208660	10048508	268174	14085141
1722	593	1289	907	208769	10056101	1409434	131732737
1723	90	181	154	208783	10057342	231138	11498957
1724	244	1596	1620	209177	10085429	2451429	277433907
1725	12	390	357	209238	10090582	476503	30972251
1726	877	1590	1477	209305	10095079	327122	18427746
1727	386	730	519	209767	10128712	323264	18113366
1728	417	1032	936	210056	10144846	435060	27229371
1729	762	1584	1615	210073	10145653	4001792	542697023
1730	480	1392	844	210164	10152815	279414	14885044
1731	619	688	1698	210277	10160734	3698435	487727777
1732	1249	1627	3360	210337	10163749	463323	29657329
1733	71	701	384	210343	10164020	284926	15316418
1734	966	1479	2580	210766	10199498	831134	65848049
1735	1377	1573	1673	210785	10200618	239043	12019463
1736	972	1566	1114	211027	10223699	405494	24635968
1737	1108	1121	941	211073	10228123	736025	56103807
1738	263	1233	275	211461	10263099	471273	30494434
1739	11	157	38	211555	10270918	294704	16029288
1740	880	1234	1665	211573	10271827	269452	14159165
1741	214	1424	1533	211637	10278103	270837	14275090
1742	679	735	1176	211697	10284813	705021	52824638
1743	27	901	235	212107	10318292	360240	20873895
1744	888	1073	708	212115	10318813	242078	12249241
1745	24	932	532	212468	10344328	1475270	140214007
1746	6	1314	133	212590	10351785	254408	13101294
1747	781	1026	292	212605	10352842	0	0
1748	823	1481	1486	212916	10371795	756802	58212285
1749	1252	1647	1578	212969	10375136	467099	30135319
1750	205	1054	436	212974	10375430	278550	14810737
1751	1532	1666	4098	213230	10396960	0	0
1752	25	894	558	213260	10400482	352017	20309297
1753	311	1194	1152	213505	10424151	691567	51410223
1754	917	1295	1326	213857	10454960	347120	20007651
1755	258	878	945	214199	10481632	231935	11538304
1756	349	923	299	214328	10490174	322829	18078763
1757	210	437	579	214588	10508354	329236	18621974
1758	865	1016	924	214815	10522714	412933	25384044
1759	166	446	798	214837	10523667	454135	28818362
1760	548	570	843	215051	10536924	224148	11073470
1761	231	1162	903	215135	10542800	233353	11640812
1762	824	1383	1131	215148	10543569	2636343	306106392
1763	678	932	1102	215211	10548595	276173	14642016
1764	561	1509	2057	215466	10567036	634879	45926865
1765	1111	1522	618	216107	10608875	278132	14780577
1766	251	309	282	216184	10613017	266730	14006453
1767	386	798	776	216399	10623981	422185	26123007
1768	97	590	575	216592	10634085	994760	83763539
1769	1197	1307	1445	216729	10641062	275427	14590418
1770	83	1274	724	216878	10649679	252197	12985176
1771	481	978	1993	216967	10654434	259036	13416231
1772	101	746	308	217223	10672503	312497	17316125
1773	32	1267	462	217246	10674356	233174	11627212
1774	154	1578	168	217679	10703500	288637	15563757
1775	198	528	392	218028	10720710	256944	13265027
1776	524	1690	485	218081	10722920	232824	11602107
1777	312	1095	435	218489	10739672	367193	21446016
1778	904	1543	3911	218752	10750469	288609	15562301
1779	1380	1399	946	218786	10752253	986373	82796499
1780	407	494	415	219145	10773235	320281	17896646
1781	187	1522	363	219220	10777112	477173	31044563
1782	929	1296	1272	219364	10783467	509029	34166544
1783	129	888	447	219551	10794116	663732	48536811
1784	111	991	1936	219671	10800163	567165	39503079
1785	527	1430	1015	219790	10805655	365740	21311522
1786	1091	1683	613	219995	10818114	419481	25920209
1787	1260	1351	659	220126	10825237	0	0
1788	667	1682	897	220343	10836124	373414	21931840
1789	887	1401	1574	220351	10836728	816258	64249338
1790	778	1005	1424	220449	10843112	642994	46665108
1791	86	1367	275	220461	10844019	237290	11906380
1792	725	1107	1386	220799	10866604	410096	25109260
1793	594	978	2168	220815	10867851	237448	11916805
1794	1081	1539	952	221167	10895661	221334	10907096
1795	1535	1794	1789	221334	10907096	571937	39866561
1796	135	952	519	221802	10942300	307222	16877503
1797	218	1618	531	221957	10950917	300489	16390869
1798	508	531	528	221980	10952587	301805	16487141
1799	1065	1389	553	222275	10971014	348005	20072591
1800	995	1046	2444	222444	10979709	235477	11778585
1801	37	1266	725	222509	10984116	227484	11280696
1802	200	638	482	223084	11025877	662861	48449314
1803	477	1281	1240	223322	11036744	660192	48223356
1804	113	1236	443	224038	11070035	410544	25164969
1805	464	1760	1164	224148	11073470	228647	11357458
1806	135	411	516	224458	11086250	707551	53131503
1807	585	1718	546	224520	11088967	694400	51774374
1808	958	1069	1289	224575	11091108	436596	27351470
1809	1003	1379	2188	224641	11094229	393969	23650408
1810	517	1131	1104	224991	11112578	440052	27591015
1811	1331	1595	2135	224999	11112892	382008	22706935
1812	1111	1572	1292	225212	11127471	257502	13311988
1813	39	1132	342	225349	11136986	807338	63422910
1814	39	638	288	225602	11153210	253295	13046381
1815	49	985	1048	225655	11156009	708529	53224963
1816	1287	1607	1605	226236	11185915	509889	34247836
1817	1263	1698	1440	226250	11186354	698693	52253861
1818	238	1703	1906	226628	11210312	479188	31258766
1819	1378	1720	2863	226696	11214752	267521	14043483
1820	177	1572	892	226748	11219490	375328	22126224
1821	906	1637	875	227277	11265052	261246	13571020
1822	1159	1801	1322	227484	11280696	2311780	256605037
1823	1078	1433	1422	227554	11285681	441599	27739103
1824	1161	1215	1370	227834	11306066	522922	35300843
1825	91	202	106	228565	11353174	510664	34354800
1826	1305	1805	2463	228647	11357458	319732	17834359
1827	523	1705	1156	228785	11365437	345626	19892758
1828	264	974	925	228936	11374331	617178	44384797
1829	57	1438	267	229250	11392597	439439	27542551
1830	748	1278	1075	229291	11395533	247614	12688008
1831	1157	1524	973	229354	11398393	615108	44199575
1832	658	1328	738	229716	11421149	647321	46963797
1833	1270	1330	2319	229725	11421490	317200	17639715
1834	448	1337	549	229969	11437870	492623	32540219
1835	666	1319	699	230483	11467233	289322	15622421
1836	274	1694	296	230754	11479977	0	0
1837	320	362	373	230844	11484628	2408576	270351520
1838	448	1723	450	231138	11498957	280127	14937157
1839	73	1699	2081	231314	11505518	0	0
1840	304	1426	507	231666	11524257	662620	48429737
1841	819	1410	616	231750	11528652	473743	30682759
1842	601	952	1224	231840	11532791	494067	32702782
1843	1549	1593	1758	231878	11534547	0	0
1844	273	1755	1120	231935	11538304	4185022	574645031
1845	571	1498	821	231968	11539984	395546	23765894
1846	649	1384	571	232090	11549816	250670	12887679
1847	1551	1558	1198	232381	11570206	462373	29558895
1848	49	1165	639	232446	11574824	353216	20388172
1849	38	1563	899	232486	11577837	383278	22813292
1850	453	1293	1069	232694	11592433	240158	12099614
1851	409	1776	636	232824	11602107	891873	72822401
1852	494	768	368	232845	11603353	687427	50874481
1853	580	1311	1814	232969	11613044	242275	12264100
1854	141	1773	517	233174	11627212	242223	12260463
1855	12	311	304	233263	11634636	345644	19893645
1856	443	1761	967	233353	11640812	744180	56897257
1857	685	1272	601	233791	11672163	235890	11805162
1858	458	1456	1782	233967	11684577	261918	13629045
1859	261	302	191	234009	11687473	397812	23944405
1860	887	1340	1466	234027	11689113	237912	11948769
1861	125	634	114	234240	11703089	395551	23766462
1862	598	1306	1528	234374	11712041	284622	15292161
1863	280	736	751	234504	11721400	1081990	93022558
1864	1040	1073	585	234746	11736292	273681	14472215
1865	608	876	346	234836	11743139	499509	33222442
1866	98	1365	821	235139	11760859	873666	70863763
1867	592	1800	3402	235477	11778585	425361	26344959
1868	385	519	415	235593	11785967	397942	23954255
1869	13	219	212	235675	11791217	244763	12471253
1870	1163	1252	536	235866	11803916	1047168	89331592
1871	505	1857	996	235890	11805162	396039	23808022
1872	743	916	2015	236079	11817247	747725	57206431
1873	780	1567	756	236084	11817559	333558	18963550
1874	396	1190	921	236660	11859848	374083	21983420
1875	1110	1513	1662	236672	11860868	1360973	125565174
1876	30	1224	479	236727	11865561	2885236	346013408
1877	727	778	427	237258	11904319	520239	35129043
1878	618	1791	335	237290	11906380	366187	21352220
1879	603	1793	2658	237448	11916805	244535	12444004
1880	214	444	335	237779	11939473	658686	48082252
1881	142	1860	1497	237912	11948769	389443	23329729
1882	563	874	477	238085	11961162	315259	17500161
1883	811	1037	1900	238541	11990558	270194	14220261
1884	178	1735	1758	239043	12019463	330814	18744248
1885	1484	1647	2632	239069	12021467	332619	18871703
1886	511	1707	674	239261	12035446	760759	58666492
1887	690	886	1321	239444	12049147	991644	83451760
1888	1071	1760	1135	239610	12060474	318349	17733430
1889	640	644	1091	239781	12074609	584507	40873136
1890	186	1176	843	240031	12090085	801898	62817198
1891	1448	1850	1943	240158	12099614	332360	18850061
1892	535	1409	1864	240438	12121230	808887	63552681
1893	1366	1428	2363	240547	12130414	1584307	153398908
1894	289	399	511	240559	12131929	551684	37913047
1895	304	340	288	240802	12155077	622737	44790983
1896	1132	1377	787	240839	12158124	538003	36642610
1897	341	1412	1348	241356	12194373	248589	12754208
1898	964	1623	1026	241397	12198393	341156	19545979
1899	638	1269	768	241612	12214962	257502	13311988
1900	190	1212	627	242065	12248461	338062	19289763
1901	997	1744	1699	242078	12249241	284352	15273152
1902	458	1854	655	242223	12260463	291483	15796205
1903	1138	1853	2335	242275	12264100	278550	14810737
1904	490	591	321	242430	12279367	1214625	107552472
1905	1028	1450	1095	242681	12298669	273983	14491100
1906	369	1166	808	242815	12308650	463930	29731596
1907	1286	1388	1786	243041	12326373	2148595	232615983
1908	1305	1638	2329	243340	12346993	1271266	114262155
1909	742	1640	2745	243775	12377593	574240	40049611
1910	712	885	816	243839	12383670	360447	20889697
1911	875	1587	717	243989	12394835	270417	14238439
1912	909	1652	1347	243992	12394899	955436	79505924
1913	167	1458	407	244117	12405935	462909	29612791
1914	1533	1594	2187	244297	12421100	322228	18039502
1915	13	1036	333	244461	12436533	374389	22018172
1916	94	1632	863	244507	12441574	0	0
1917	1662	1879	3824	244535	12444004	308001	16941637
1918	1373	1869	264	244763	12471253	329215	18619657
1919	360	1364	368	244931	12487271	260772	13535339
1920	459	1421	2230	244976	12490723	526110	35560738
1921	552	1502	1581	245314	12521840	1841244	188764057
1922	440	1370	1272	245767	12564817	282083	15081057
1923	456	1397	1490	246528	12618255	556293	38477961
1924	297	308	221	246650	12626078	422892	26173769
1925	92	1129	902	246663	12627203	313943	17405529
1926	1486	1608	1190	246708	12630287	397812	23944405
1927	267	384	677	246963	12648509	311629	17257068
1928	407	537	430	247496	12682366	394661	23697159
1929	21	1830	1087	247614	12688008	3355558	425981787
1930	1000	1256	1535	247656	12690738	428512	26594804
1931	403	794	1612	247918	12707671	263952	13811374
1932	466	1580	2461	248078	12718713	530801	35928985
1933	270	1573	1435	248470	12744907	430695	26803872
1934	841	1897	1602	248589	12754208	364883	21241047
1935	1476	1658	2006	248827	12770369	302894	16566335
1936	162	207	43	249129	12794087	360703	20912477
1937	722	1408	824	249548	12819233	476785	31005863
1938	17	288	246	249657	12825354	707915	53166697
1939	1063	1613	1655	249924	12841862	307663	16908880
1940	245	673	887	249993	12845185	1633584	160121032
1941	41	1093	362	250050	12848482	399485	24090456
1942	791	990	517	250162	12856602	331705	18806375
1943	882	1509	2112	250494	12876086	493662	32648770
1944	766	1846	1246	250670	12887679	427801	26530760
1945	801	1567	912	250779	12894802	310929	17210874
1946	855	1197	1430	250824	12897901	1265508	113555699
1947	253	775	676	250890	12902606	682056	50276163
1948	424	1539	612	251462	12939208	572695	39925857
1949	847	1713	1104	251489	12940279	1438035	135262574
1950	1412	1520	2330	251963	12970159	261574	13598835
1951	333	1770	854	252197	12985176	286818	15450721
1952	746	1010	508	252578	13008438	381653	22674957
1953	593	1538	1172	252904	13024932	258922	13409249
1954	488	1494	798	253025	13031942	266272	13980142
1955	931	1533	1604	253143	13037381	407059	24778726
1956	43	1814	313	253295	13046381	1856537	190708965
1957	171	1177	603	253696	13069049	277817	14759177
1958	677	1106	946	253865	13076788	268254	14089470
1959	1300	1590	1017	253979	13082144	1964007	205190735
1960	1081	1746	679	254408	13101294	381291	22649286
1961	203	1341	242	254438	13102534	297579	16205079
1962	474	1159	896	254729	13115551	463323	29657329
1963	93	1664	1605	254797	13118563	4187608	575006574
1964	221	1269	713	254973	13128720	1867533	192114261
1965	681	1494	891	255136	13136463	437688	27425966
1966	592	1203	2791	255169	13138302	356009	20588421
1967	591	1304	1221	255189	13139774	274167	14502644
1968	687	906	1154	255214	13140887	282339	15105198
1969	766	1039	1116	255620	13169221	444317	27978868
1970	930	1298	1829	255794	13180818	703542	52698935
1971	1137	1439	1144	256192	13209849	1036792	88291270
1972	533	1032	1038	256332	13219557	3005418	366941741
1973	400	771	733	256367	13221559	276757	14685584
1974	90	323	472	256369	13221596	295824	16089352
1975	1123	1573	1491	256576	13235417	568798	39624303
1976	698	1079	1227	256606	13237164	302476	16530912
1977	723	1454	2383	256817	13253869	698430	52223984
1978	1331	1775	1380	256944	13265027	345554	19887336
1979	320	1051	590	257119	13280126	277590	14741533
1980	533	986	591	257200	13288314	805474	63222365
1981	1812	1899	2060	257502	13311988	326142	18342899
1982	1099	1296	1625	257884	13342881	473903	30693321
1983	1266	1391	1863	258490	13381945	522950	35303681
1984	338	1420	907	258890	13407223	1026956	87147692
1985	537	1953	1301	258922	13409249	657583	47982461
1986	1296	1771	2924	259036	13416231	1092873	94253109
1987	459	934	1234	259124	13423587	262809	13710158
1988	27	1270	1417	259362	13441675	0	0
1989	172	689	166	259609	13461387	1221208	108280666
1990	302	533	352	260042	13490720	2467730	279772708
1991	62	1085	108	260228	13502904	674440	49620053
1992	14	1354	536	260321	13507823	0	0
1993	715	1482	2805	260528	13518678	756802	58212285
1994	1292	1919	1855	260772	13535339	763454	58966322
1995	42	338	266	261127	13563690	786625	61318953
1996	1657	1821	2674	261246	13571020	2364888	263852101
1997	890	1312	2471	261528	13595310	430811	26818070
1998	1517	1950	2918	261574	13598835	435495	27259443
1999	883	1858	2580	261918	13629045	597200	42206349
2000	189	229	147	262371	13672515	909717	74548242
2001	179	1315	1633	262417	13676368	307677	16909722
2002	774	1987	2431	262809	13710158	300658	16398754
2003	1382	1586	1222	262945	13723397	357368	20680598
2004	1482	1542	1891	263153	13741545	303945	16650831
2005	1471	1716	1523	263312	13755965	575892	40207019
2006	471	538	724	263513	13773509	311629	17257068
2007	583	745	476	263704	13790658	316983	17621761
2008	410	1186	774	263750	13794363	358354	20743141
2009	24	490	125	263763	13795326	479010	31241416
2010	7	1404	485	263765	13795402	550872	37820828
2011	391	1931	1962	263952	13811374	524170	35416063
2012	646	1567	1909	264280	13838764	1300001	117766030
2013	847	1386	1497	264467	13854123	1151987	100424273
2014	1055	1760	1135	264507	13857788	828594	65598826
2015	776	1223	1610	265174	13912797	304041	16658987
2016	686	1165	1332	265724	13949680	948733	78784035
2017	758	1954	1264	266272	13980142	3171545	395292986
2018	84	517	223	266471	13993038	293384	15937442
2019	193	980	422	266710	14005925	1810640	184750449
2020	1198	1766	967	266730	14006453	502140	33461861
2021	1462	1530	2340	267213	14028172	285577	15362566
2022	21	118	113	267434	14039513	703056	52663368
2023	1600	1819	3512	267521	14043483	365730	21310844
2024	61	324	127	267971	14074031	1800249	183048790
2025	402	933	465	268009	14076245	392708	23562464
2026	155	1721	884	268174	14085141	625846	45090780
2027	1455	1958	1756	268254	14089470	649413	47135862
2028	373	1379	619	268858	14125526	278902	14840173
2029	33	734	100	269028	14135127	566492	39460370
2030	1168	1562	1813	269115	14139118	409700	25066469
2031	54	79	131	269137	14140640	3643134	478073309
2032	637	1621	527	269146	14141380	383789	22856644
2033	7	794	1265	269259	14148010	723247	54725639
2034	32	331	464	269352	14153351	1551373	149359387
2035	1040	1663	1265	269432	14158152	405494	24635968
2036	941	1740	2792	269452	14159165	1276586	114986906
2037	413	934	1461	269785	14187231	435425	27254007
2038	719	1805	1612	269828	14190770	2590555	299213789
2039	1023	1883	2712	270194	14220261	328785	18581125
2040	714	1911	1640	270417	14238439	429809	26712339
2041	595	1394	1438	270577	14251518	721219	54524606
2042	789	1741	2009	270837	14275090	573298	39969448
2043	1302	1465	1261	271388	14320835	1174414	102867197
2044	1622	1720	2167	271412	14322731	550925	37826763
2045	479	570	1053	271529	14333379	328995	18601062
2046	359	1600	748	272106	14381284	343608	19754959
2047	294	1430	716	272730	14423030	666620	48824082
2048	637	867	711	272792	14427254	358886	20779314
2049	363	1231	563	272863	14431166	426670	26439978
2050	88	211	91	273209	14448784	388597	23263872
2051	488	1258	1031	273375	14456883	284103	15257762
2052	289	1076	1952	273664	14471557	627018	45185542
2053	611	1864	1137	273681	14472215	805065	63176078
2054	364	1905	1236	273983	14491100	492502	32528350
2055	249	826	1235	274042	14494988	346051	19923279
2056	1233	1967	1432	274167	14502644	282158	15088070
2057	1007	1543	3205	274472	14523652	373406	21931407
2058	1149	1911	1840	274626	14534924	952323	79183601
2059	13	1653	601	275125	14571220	416232	25629037
2060	9	1769	1450	275427	14590418	426882	26453496
2061	367	594	659	275516	14597576	444537	27995483
2062	811	1702	1940	275751	14611977	455098	28917973
2063	377	1208	666	275814	14615883	1045814	89188957
2064	675	1763	1630	276173	14642016	787642	61416478
2065	1277	1592	2805	276308	14652507	528899	35780295
2066	1714	1973	1443	276757	14685584	0	0
2067	316	1629	938	276895	14695011	802233	62854961
2068	736	1550	1385	277364	14726092	284780	15304872
2069	1428	1979	2418	277590	14741533	487949	32116662
2070	1235	1618	726	277644	14745940	385354	22986016
2071	706	1957	987	277817	14759177	321221	17974965
2072	1208	1617	976	278007	14771597	1580325	152883032
2073	414	1765	721	278132	14780577	651522	47350359
2074	891	1051	866	278401	14801215	280531	14962625
2075	1750	1903	2771	278550	14810737	404912	24589288
2076	254	936	1057	278599	14815309	1364670	126021298
2077	377	1416	1270	278615	14816379	457481	29134643
2078	1709	2028	1488	278902	14840173	402580	24400000
2079	295	1048	862	279007	14849555	1951901	203557850
2080	122	263	206	279348	14878962	337723	19267354
2081	347	403	703	279352	14879269	663922	48556283
2082	232	1730	985	279414	14885044	448447	28334406
2083	187	654	228	279716	14909278	2965388	359590049
2084	549	1838	571	280127	14937157	370719	21733607
2085	1155	1607	2091	280293	14946883	306643	16832535
2086	315	2074	890	280531	14962625	3669553	482757911
2087	676	1218	2042	280586	14965940	493719	32655583
2088	232	720	448	280793	14980949	439079	27519325
2089	369	1200	527	280832	14983241	0	0
2090	1003	1505	2662	280967	14992260	315758	17536203
2091	1289	1608	1528	281449	15029443	323886	18163515
2092	1463	1553	2378	281491	15032943	1788802	181472057
2093	625	1684	1026	281818	15059791	578814	40458198
2094	1676	1922	2561	282083	15081057	340411	19483460
2095	820	2056	1641	282158	15088070	1671379	165766129
2096	453	1821	908	282220	15092691	392041	23514913
2097	686	1031	1601	282230	15093711	498685	33162738
2098	203	217	130	282285	15099991	469485	30360024
2099	631	1968	1659	282339	15105198	826565	65380551
2100	1149	1568	1445	283035	15171259	1487050	141759351
2101	31	1883	1910	283108	15177209	1242530	110893730
2102	782	898	1291	283265	15191985	490412	32329550
2103	231	2051	1043	284103	15257762	499509	33222442
2104	293	1901	1762	284352	15273152	958847	79853814
2105	886	1862	2473	284622	15292161	347908	20063372
2106	278	2068	1552	284780	15304872	382685	22765242
2107	1284	1300	753	284810	15306994	439478	27544888
2108	1539	1733	790	284926	15316418	388847	23279167
2109	115	420	80	285284	15342504	392490	23546795
2110	195	994	561	285402	15351382	781728	60898542
2111	1502	2021	3224	285577	15362566	377994	22345685
2112	1074	1142	481	285644	15367602	948006	78698784
2113	1224	1649	1083	286109	15404547	413969	25464828
2114	127	635	285	286581	15437283	377037	22276476
2115	58	1482	1358	286727	15445470	370110	21687095
2116	276	1951	964	286818	15450721	476823	31009292
2117	1011	1358	1300	287190	15471897	3599071	469966278
2118	150	1073	481	287294	15479057	1517475	145355794
2119	185	1171	816	287533	15492521	289679	15653227
2120	688	1044	1713	287626	15497307	909695	74546099
2121	125	833	477	287756	15505620	301890	16492786
2122	1058	1710	1658	287819	15509329	1621586	158129569
2123	351	865	660	287992	15521941	360575	20901766
2124	1328	1487	774	288217	15537502	697577	52133748
2125	693	1340	1193	288533	15557067	692387	51518601
2126	82	1778	3990	288609	15562301	296762	16143964
2127	1588	1774	640	288637	15563757	2721779	320318423
2128	518	1548	943	288692	15568463	298206	16251904
2129	675	1313	904	288775	15575217	1142480	99106878
2130	335	1007	501	289026	15598340	597829	42293585
2131	621	1905	1271	289314	15621860	540398	36817875
2132	1068	1835	799	289322	15622421	1001348	84488692
2133	731	1433	1199	289368	15626601	422077	26116765
2134	1253	1264	1598	289521	15640100	871841	70700223
2135	706	1182	810	289574	15644463	526395	35581337
2136	1121	2119	1567	289679	15653227	338043	19288378
2137	441	1315	1989	290006	15679373	474502	30750556
2138	263	1162	955	290231	15701174	494533	32767503
2139	635	1601	1217	290282	15705421	360447	20889697
2140	355	1207	1005	290492	15724036	685994	50716779
2141	211	972	1052	291329	15786094	440344	27617355
2142	496	1902	1193	291483	15796205	476823	31009292
2143	669	1262	887	291845	15818548	630480	45477667
2144	500	1109	1619	291922	15823050	571049	39796008
2145	76	931	929	291965	15825205	482580	31612110
2146	337	1560	1219	292155	15838201	648609	47064734
2147	702	1465	1127	292249	15844358	1587863	153844231
2148	1400	1552	3833	292258	15844747	460562	29411405
2149	91	1651	528	293033	15909868	529718	35845968
2150	1283	1576	1045	293131	15917140	0	0
2151	542	900	873	293312	15931558	1002815	84671599
2152	370	926	364	293320	15931851	380853	22615418
2153	131	2018	333	293384	15937442	495991	32948180
2154	854	1225	1314	293565	15950597	312194	17292230
2155	934	1019	668	293630	15954374	390140	23380284
2156	850	1071	838	293723	15961563	365455	21289565
2157	674	1574	1617	293899	15974634	325692	18304451
2158	391	651	764	294394	16008646	402580	24400000
2159	164	1812	1382	294462	16012600	511483	34437614
2160	17	1739	51	294704	16029288	318061	17712246
2161	139	1224	489	294774	16033176	511733	34467204
2162	1017	1040	580	295165	16055481	423302	26207050
2163	19	783	976	295315	16062812	1819018	185998517
2164	1305	1682	1840	295337	16063618	316968	17620665
2165	322	760	821	295380	16066236	295909	16094119
2166	1654	1974	881	295824	16089352	2827985	337075508
2167	812	2165	1609	295909	16094119	384516	22908390
2168	1037	1250	1367	296095	16105535	331705	18806375
2169	460	2126	4204	296762	16143964	407291	24797601
2170	451	1369	714	297089	16166332	825381	65250825
2171	228	1819	2961	297217	16175787	603399	42988088
2172	1100	1961	1011	297579	16205079	1198362	105794308
2173	435	1168	1517	297609	16206915	1030986	87533893
2174	730	1744	1060	297887	16231198	0	0
2175	779	1030	829	298115	16247148	1420649	133261681
2176	1336	2128	2048	298206	16251904	454333	28836378
2177	188	1151	682	298316	16261107	333742	18980004
2178	804	1066	1985	298948	16304296	367747	21491076
2179	383	683	496	299043	16310106	1673701	166049895
2180	44	639	1340	299370	16331576	377037	22276476
2181	871	1797	1163	300489	16390869	426853	26450660
2182	921	2002	2812	300658	16398754	427801	26530760
2183	714	955	2625	300677	16399843	336592	19187508
2184	989	1415	3054	300775	16406280	870050	70499598
2185	52	1599	1164	301272	16446637	356824	20643321
2186	192	870	511	301778	16485644	361903	21007609
2187	356	1798	600	301805	16487141	758094	58344576
2188	71	1164	189	301862	16490901	2755928	325296839
2189	25	2121	481	301890	16492786	1363289	125854273
2190	56	828	1047	301960	16497298	341758	19602045
2191	538	2121	1023	302425	16527847	446027	28123326
2192	1903	1976	3562	302476	16530912	1053534	89969709
2193	743	1680	1677	302495	16532328	2530689	289618125
2194	1073	1935	2395	302894	16566335	1141697	99005634
2195	314	514	459	303285	16599424	454135	28818362
2196	367	984	1814	303290	16599780	309720	17109029
2197	73	1038	994	303327	16602814	306286	16809699
2198	2004	2018	2114	303945	16650831	366264	21358679
2199	612	1633	1044	303977	16653862	1576814	152468263
2200	1420	2015	2276	304041	16658987	341156	19545979
2201	93	1162	930	304526	16700147	2220891	242682418
2202	272	1390	580	304586	16704821	658213	48040223
2203	83	315	84	304964	16733061	800530	62698593
2204	200	537	364	305114	16742898	312018	17281075
2205	378	1603	258	305190	16749163	1034584	88011780
2206	314	823	359	305664	16776992	373414	21931840
2207	1001	1441	1343	305918	16789493	1522682	145947112
2208	601	618	831	306214	16805797	1718262	172203018
2209	407	1101	730	306220	16806220	619240	44522997
2210	1395	2197	1650	306286	16809699	2391983	267761360
2211	103	1251	257	306346	16813562	404576	24565268
2212	663	1196	415	306361	16814338	312071	17284194
2213	456	1354	830	306383	16815566	1874414	192993786
2214	38	1303	267	306388	16815671	551849	37931354
2215	957	1548	798	306470	16821032	545961	37256513
2216	1739	2085	2129	306643	16832535	314627	17448993
2217	885	1656	1465	306748	16840389	425066	26323707
2218	125	1170	409	307170	16874081	1866183	191917391
2219	78	1796	603	307222	16877503	766617	59375406
2220	731	1741	2012	307316	16884245	354547	20480356
2221	757	1850	1511	307513	16897838	508867	34155693
2222	1111	1637	962	307518	16898113	460412	29401676
2223	814	986	623	307598	16904197	1028225	87261552
2224	382	1939	1924	307663	16908880	446886	28202659
2225	425	2001	1760	307677	16909722	325176	18261305
2226	153	1236	479	307937	16936563	507402	34037646
2227	313	1917	4012	308001	16941637	378707	22414029
2228	587	1051	889	308008	16942333	440652	27649246
2229	789	1544	1599	308200	16966539	1444694	136135186
2230	1363	1675	2092	309091	17058966	597152	42201043
2231	991	1709	2722	309417	17085228	552592	38025123
2232	767	861	1012	309550	17096768	415509	25573563
2233	824	2196	2540	309720	17109029	346450	19957340
2234	610	1638	1807	309831	17118654	1771951	179174543
2235	116	683	265	310095	17144361	414115	25476367
2236	975	1503	1892	310477	17177366	1404364	130971332
2237	724	1945	1690	310929	17210874	326694	18389461
2238	736	900	592	311574	17253624	584119	40839555
2239	1927	2006	1401	311629	17257068	478722	31214916
2240	1081	1979	1136	311953	17277711	339618	19411441
2241	228	2204	462	312018	17281075	1014282	85947794
2242	114	2212	547	312071	17284194	2744000	323356944
2243	1014	2154	2428	312194	17292230	464714	29821175
2244	340	619	540	312279	17299060	1101556	95077974
2245	340	1272	383	312279	17299060	1326952	120856466
2246	619	1272	599	312279	17299060	379123	22460708
2247	472	1192	1196	312406	17308292	2115035	227934997
2248	828	1772	1336	312497	17316125	687686	50903998
2249	1326	1814	574	313639	17387777	939489	77754355
2250	58	843	302	313643	17387933	0	0
2251	1301	1472	1048	313767	17394924	338200	19300875
2252	1225	1666	3438	313810	17396715	612021	43849807
2253	1395	1925	1558	313943	17405529	632480	45679020
2254	1470	1801	1598	314291	17428540	319821	17843090
2255	76	1587	146	314361	17432595	1343765	123326195
2256	400	866	1469	314432	17436570	322818	18078272
2257	145	2216	2263	314627	17448993	509302	34187029
2258	50	97	40	314684	17454085	338267	19305782
2259	95	1518	960	314974	17476284	379298	22478380
2260	63	1643	1160	315065	17483276	403878	24513497
2261	1411	1882	1692	315259	17500161	1143358	99229154
2262	1277	2090	2776	315758	17536203	511592	34451352
2263	368	638	407	315869	17544568	483658	31743957
2264	393	459	1097	316726	17603483	617706	44421839
2265	841	1419	1209	316745	17604723	555321	38375999
2266	748	1212	797	316748	17604750	652717	47485567
2267	1545	2164	2338	316968	17620665	1160930	101406531
2268	1441	2007	1253	316983	17621761	410964	25209491
2269	1184	1833	2616	317200	17639715	452000	28627032
2270	114	898	1400	317383	17656689	451666	28596294
2271	451	1047	1443	317415	17659016	399108	24051226
2272	1200	1733	656	317447	17661681	467062	30131541
2273	242	976	1573	317759	17687631	398655	24013786
2274	391	1250	1004	317815	17692249	1789319	181536992
2275	260	2160	210	318061	17712246	361412	20969402
2276	1387	1888	1520	318349	17733430	384457	22904040
2277	471	1290	528	318881	17773691	382675	22764598
2278	767	778	778	318885	17773807	358886	20779314
2279	554	1860	1965	318987	17780998	1380231	128095577
2280	458	1357	1413	319296	17802053	914328	75059087
2281	1421	1698	2352	319386	17808694	1476920	140405151
2282	841	997	1245	319539	17820006	2207071	241122407
2283	1183	1826	3296	319732	17834359	381653	22674957
2284	1575	1689	3432	319794	17839394	2827985	337075508
2285	1423	2254	2878	319821	17843090	567292	39511995
2286	157	1780	444	320281	17896646	494889	32815882
2287	469	952	799	321168	17970044	469139	30330980
2288	240	2071	1123	321221	17974965	687635	50899113
2289	781	1568	519	321736	18010393	452690	28687964
2290	1087	1914	2983	322228	18039502	1785364	181047777
2291	133	280	517	322290	18044528	337804	19272086
2292	130	1662	1254	322648	18067686	0	0
2293	151	920	413	322783	18075896	2643542	307522305
2294	1357	2256	2744	322818	18078272	407785	24861154
2295	719	1756	747	322829	18078763	1422401	133437338
2296	914	1157	1312	323147	18103328	2964875	359495590
2297	1511	1727	1602	323264	18113366	2664259	311186056
2298	713	1116	1021	323350	18120706	568069	39573653
2299	1324	1639	1323	323360	18121571	554673	38304486
2300	952	2091	1981	323886	18163515	874002	70894145
2301	230	810	1186	324073	18179488	456966	29084136
2302	179	844	617	324208	18190170	410544	25164969
2303	345	1696	843	324764	18231439	360119	20865055
2304	273	1269	696	324874	18237689	1365327	126113432
2305	1085	1436	2052	324946	18241789	342991	19701587
2306	1262	2225	2276	325176	18261305	507011	34000441
2307	541	1325	1102	325224	18265575	531257	35964912
2308	150	906	417	325508	18289760	840973	67160199
2309	1446	2157	3078	325692	18304451	546898	37337347
2310	415	1345	1703	325899	18322611	516155	34886454
2311	1335	1981	2919	326142	18342899	724174	54824614
2312	229	1879	2713	326677	18387759	874032	70896348
2313	275	2237	1720	326694	18389461	688633	51019362
2314	1420	2225	2426	327102	18426242	2233159	244416464
2315	1726	1770	2201	327122	18427746	489740	32268999
2316	1246	1450	1381	327153	18431783	2266581	249325108
2317	25	1536	1591	327688	18489146	504894	33786002
2318	664	1334	1171	327709	18490992	416613	25654865
2319	902	1603	519	328015	18521512	353457	20407201
2320	1483	2039	4092	328785	18581125	666232	48778932
2321	155	2045	1217	328995	18601062	561903	39076547
2322	354	503	247	329124	18612196	757245	58260221
2323	892	1142	556	329176	18616459	619308	44528980
2324	1277	1918	378	329215	18619657	397958	23955516
2325	815	1757	1256	329236	18621974	825381	65250825
2326	110	1377	516	329832	18670488	1832719	187705566
2327	1017	1146	2085	329903	18674619	4176249	573119241
2328	289	966	862	329983	18680404	695773	51942691
2329	214	1798	659	330198	18700674	613388	44011926
2330	1359	1794	1446	330444	18720420	475017	30812738
2331	1422	1884	2533	330814	18744248	378242	22368120
2332	45	937	463	330949	18754374	532742	36112605
2333	223	273	381	331307	18779392	424716	26303456
2334	1942	2168	1884	331705	18806375	932189	77015411
2335	578	1348	1676	331969	18823578	426853	26450660
2336	102	1082	373	332041	18828719	417392	25711413
2337	604	1267	760	332279	18843860	0	0
2338	687	705	1367	332307	18845829	605171	43195430
2339	815	1891	2620	332360	18850061	1026562	87113296
2340	64	255	258	332527	18865283	498313	33137335
2341	139	1355	540	332578	18868539	395180	23730994
2342	226	1885	2669	332619	18871703	814518	64080658
2343	879	1192	1889	332627	18872475	386975	23122960
2344	456	1063	1262	332663	18875805	1063744	91040412
2345	1533	1873	1502	333558	18963550	580277	40565693
2346	209	1321	1516	333702	18977533	669232	49077039
2347	947	2177	959	333742	18980004	384950	22948613
2348	1124	1482	1488	333764	18981537	368974	21598308
2349	31	930	576	333985	19003762	541031	36865264
2350	720	1180	550	334142	19015633	573369	39975352
2351	1256	1603	700	334861	19071524	482516	31605157
2352	1547	2196	4822	335116	19088238	874032	70896348
2353	722	1203	2165	335760	19133654	462373	29558895
2354	317	662	730	336577	19186820	362017	21015188
2355	1066	1221	1652	336583	19187041	447999	28298124
2356	189	2183	2717	336592	19187508	354358	20466043
2357	1113	1296	1125	336660	19192867	0	0
2358	380	1026	500	337055	19222342	338846	19356174
2359	2	434	156	337192	19231007	1161231	101437787
2360	1030	1673	1565	337430	19246990	852414	68316575
2361	459	868	1185	337579	19257018	413652	25438196
2362	1049	2080	1103	337723	19267354	531325	35971401
2363	1162	2291	1408	337804	19272086	777799	60479800
2364	204	2136	1651	338043	19288378	343032	19704943
2365	37	1900	662	338062	19289763	1238986	110423848
2366	69	204	140	338100	19293021	438751	27499175
2367	10	42	31	338134	19295082	697577	52133748
2368	371	2251	1092	338200	19300875	421747	26099413
2369	702	2258	859	338267	19305782	539549	36758702
2370	854	1419	1875	338330	19311646	489951	32288299
2371	364	1443	407	338391	19317399	354071	20449294
2372	12	2358	506	338846	19356174	607631	43464293
2373	799	1069	773	338890	19359688	373640	21950254
2374	126	1314	216	338923	19362942	904246	73975215
2375	125	1278	803	338960	19365747	695191	51869721
2376	1087	1705	1257	339202	19383062	384531	22909393
2377	1471	1603	525	339376	19394068	426442	26427543
2378	1665	2240	1785	339618	19411441	364475	21206279
2379	1232	1319	757	339626	19411817	464743	29824441
2380	613	1487	1311	339635	19412199	486439	31998825
2381	608	753	877	339707	19418776	1331754	121540128
2382	323	814	672	339722	19419776	340411	19483460
2383	1611	1850	2721	339782	19425264	723652	54764690
2384	645	1638	1159	339809	19427713	485337	31899260
2385	2094	2382	3233	340411	19483460	400131	24151108
2386	1898	2200	3302	341156	19545979	474435	30744037
2387	1120	1658	2499	341252	19554130	1104351	95369875
2388	1961	2190	1289	341758	19602045	618317	44461621
2389	1521	1974	2401	341997	19620919	372143	21840044
2390	314	560	978	342013	19621893	651634	47364638
2391	52	1124	197	342387	19656269	495071	32838458
2392	300	703	165	342546	19669371	407291	24797601
2393	135	2305	2118	342991	19701587	546245	37279839
2394	1967	2364	2872	343032	19704943	1033567	87892824
2395	143	382	310	343252	19724536	646916	46941521
2396	981	1085	476	343566	19750707	765696	59272825
2397	862	2046	1058	343608	19754959	445371	28057643
2398	193	621	221	344399	19814653	348823	20135791
2399	1516	1791	773	344444	19817215	426882	26453496
2400	257	1105	1777	344748	19835864	2141523	231651328
2401	629	1627	3083	344783	19838200	848153	67933099
2402	719	1978	1828	345554	19887336	390220	23386332
2403	471	1827	1334	345626	19892758	633974	45831216
2404	983	1855	1030	345644	19893645	928453	76671567
2405	742	1273	1730	345797	19903708	0	0
2406	1112	1433	1672	345808	19904555	360240	20873895
2407	296	2055	1347	346051	19923279	848391	67955020
2408	844	2233	3072	346450	19957340	428512	26594804
2409	1315	1754	2874	347120	20007651	437635	27421397
2410	682	1328	622	347296	20020046	736408	56155189
2411	406	1078	904	347305	20021162	0	0
2412	851	1905	1295	347477	20034597	374095	21984499
2413	421	2105	2674	347908	20063372	730877	55540939
2414	745	1799	830	348005	20072591	493719	32655583
2415	566	1696	856	348009	20073031	586179	41029975
2416	1898	2398	1247	348823	20135791	654930	47722544
2417	353	605	821	349064	20153145	0	0
2418	61	217	135	349186	20161387	369896	21668665
2419	241	1159	733	349423	20173805	890946	72704336
2420	120	1778	3952	349741	20190506	362573	21059248
2421	232	413	1304	350324	20224035	802289	62860858
2422	553	742	1507	350666	20242559	1043928	89009110
2423	579	726	426	350920	20255579	546691	37319266
2424	448	1335	1155	351350	20275993	0	0
2425	280	1542	898	351580	20286641	2138801	231263775
2426	234	918	262	351655	20290237	504787	33773937
2427	375	1661	1709	351858	20299645	386975	23122960
2428	569	2183	2877	351882	20300617	922500	76140698
2429	257	678	1082	352001	20308484	383044	22795031
2430	674	2190	1955	352005	20308581	364342	21195923
2431	599	1752	880	352017	20309297	735419	56035513
2432	1156	1495	1778	352722	20354860	722375	54637096
2433	1539	1592	3097	352797	20360003	733332	55802535
2434	1791	1848	914	353216	20388172	1045548	89161140
2435	1614	2358	1240	353230	20389323	418625	25824690
2436	196	703	117	353417	20404172	0	0
2437	129	2319	647	353457	20407201	711540	53517056
2438	1282	1548	932	354032	20446210	708416	53214121
2439	930	2371	973	354071	20449294	453294	28742542
2440	478	2356	3324	354358	20466043	405688	24651316
2441	1901	2220	3711	354547	20480356	407567	24830127
2442	882	1884	1972	354793	20499652	2198111	239893132
2443	767	959	728	355634	20564768	418945	25861109
2444	968	1966	3870	356009	20588421	374095	21984499
2445	659	714	976	356454	20620295	454716	28877177
2446	16	782	34	356515	20624694	1752173	176482404
2447	892	2185	1581	356824	20643321	395089	23725649
2448	1355	1583	2415	357022	20656294	501853	33435141
2449	210	223	234	357193	20667648	508113	34095797
2450	199	2003	1297	357368	20680598	432089	26961571
2451	219	388	315	357471	20687895	360575	20901766
2452	195	493	536	357645	20701257	499862	33248782
2453	1415	1439	3345	358266	20737522	450724	28513396
2454	701	2008	1077	358354	20743141	1178010	103317360
2455	265	1428	2174	358472	20750607	370830	21741248
2456	2048	2278	1489	358886	20779314	730903	55543709
2457	1000	1428	2743	359440	20817035	1016622	86246804
2458	1202	1678	2250	359510	20821608	1619780	157909944
2459	1633	1637	1198	359830	20845034	387281	23151470
2460	1148	2303	1777	360119	20865055	417366	25708788
2461	1743	2406	1907	360240	20873895	638888	46332039
2462	472	789	598	360253	20875009	369398	21630552
2463	1910	2139	2033	360447	20889697	919071	75698181
2464	2123	2451	975	360575	20901766	2133600	230524157
2465	198	1936	281	360703	20912477	867626	70170210
2466	796	853	453	360732	20914233	3500701	452234279
2467	238	298	702	360963	20933191	410215	25122809
2468	917	1327	1657	361183	20950861	386412	23073310
2469	981	2275	586	361412	20969402	381291	22649286
2470	468	1827	1359	361416	20969821	368088	21521565
2471	87	604	363	361485	20974972	877565	71281211
2472	1443	1495	1821	361563	20980098	1175511	102992659
2473	2051	2186	1542	361903	21007609	446524	28167457
2474	454	2354	861	362017	21015188	366710	21401227
2475	787	1814	763	362242	21034583	1221387	108302327
2476	62	2420	3960	362573	21059248	509859	34243820
2477	1093	1326	596	362823	21079916	582482	40733710
2478	1515	1561	2128	362980	21093743	1204355	106452053
2479	457	1467	813	363324	21121619	578601	40442130
2480	85	1504	275	363469	21135250	566886	39485047
2481	636	1373	645	363684	21152346	568069	39573653
2482	560	2430	2704	364342	21195923	445521	28072866
2483	759	2378	1866	364475	21206279	681551	50236565
2484	468	2094	2764	364491	21208160	589502	41393135
2485	838	1934	2197	364883	21241047	397168	23892026
2486	828	1205	1546	365102	21259484	413448	25423927
2487	1354	2156	1367	365455	21289565	532513	36091022
2488	1566	2023	3624	365730	21310844	481808	31520525
2489	729	1785	1293	365740	21311522	418612	25823660
2490	782	1878	358	366187	21352220	2456787	278129773
2491	411	2198	2564	366264	21358679	584780	40895701
2492	1	2474	862	366710	21401227	2834216	338064344
2493	824	1566	838	366840	21414144	0	0
2494	448	892	713	366992	21429259	3692481	486732558
2495	1229	1314	471	367112	21438646	384531	22909393
2496	1015	1777	1155	367193	21446016	718248	54232723
2497	269	1902	789	367667	21485391	1145598	99542365
2498	1079	2178	2314	367747	21491076	622893	44803239
2499	776	806	624	367816	21496045	0	0
2500	99	1658	1560	367833	21497548	716775	54059055
2501	944	1796	1179	367999	21513724	465150	29883408
2502	559	2470	2078	368088	21521565	598913	42458248
2503	1031	1386	2151	368529	21562124	407339	24802574
2504	1603	2348	1568	368974	21598308	1431726	134509147
2505	497	1036	552	369168	21612849	1944475	202528794
2506	1155	1282	1126	369236	21618155	422525	26147562
2507	853	2462	897	369398	21630552	729052	55380537
2508	46	1353	1225	369480	21636309	1241212	110700972
2509	107	1406	860	369699	21653835	447999	28298124
2510	1698	2418	1193	369896	21668665	1569504	151636652
2511	1137	2115	1692	370110	21687095	1768359	178559232
2512	913	2084	1107	370719	21733607	449727	28433942
2513	1390	1766	660	370765	21737158	545758	37240894
2514	715	2455	3643	370830	21741248	3863399	517685211
2515	88	772	490	371167	21768790	752576	57757719
2516	1355	1550	1496	371217	21773074	506053	33912804
2517	407	1457	1067	371415	21786998	1280152	115425311
2518	1036	1420	988	372005	21830289	382685	22765242
2519	667	2389	2757	372143	21840044	653229	47541861
2520	569	1626	574	372258	21848599	733480	55823784
2521	200	1458	619	372301	21852129	444936	28025715
2522	386	1002	949	372573	21872123	0	0
2523	656	808	1056	372786	21886664	374121	21988024
2524	147	983	736	372930	21898525	463811	29718090
2525	1692	2057	3802	373406	21931407	0	0
2526	1788	2206	1256	373414	21931840	878508	71398803
2527	524	2373	816	373640	21950254	386380	23070474
2528	1434	1576	853	373761	21959835	470390	30426938
2529	781	1874	1118	374083	21983420	951690	79119588
2530	2412	2444	5165	374095	21984499	0	0
2531	1316	2523	3017	374121	21988024	601245	42755210
2532	1688	1915	2036	374389	22018172	1790926	181723558
2533	1196	1393	1788	374897	22074473	473743	30682759
2534	1681	1838	2300	374915	22075809	440178	27600982
2535	1457	1820	1658	375328	22126224	2640608	306971234
2536	1063	1445	2348	376429	22228679	1238541	110363676
2537	2114	2180	1625	377037	22276476	487831	32108050
2538	660	1009	541	377043	22277066	507011	34000441
2539	1092	1502	1302	377079	22280335	708750	53252036
2540	243	1206	399	377088	22280666	461811	29513376
2541	292	1942	759	377348	22299387	1082053	93028928
2542	716	790	487	377730	22327227	985310	82652691
2543	758	1315	2014	377737	22327596	397168	23892026
2544	583	1319	390	377949	22342691	2762832	326646545
2545	151	2111	3285	377994	22345685	649413	47135862
2546	774	2331	3730	378242	22368120	400872	24228651
2547	155	647	529	378575	22401627	1378144	127780821
2548	1203	2227	5845	378707	22414029	417366	25708788
2549	438	2246	715	379123	22460708	458451	29240063
2550	1101	2259	1389	379298	22478380	2513490	287140309
2551	1124	1200	424	379475	22495241	626497	45141333
2552	472	618	182	379520	22499667	1534699	147386166
2553	939	1774	1292	379603	22508052	488549	32171001
2554	203	631	563	380131	22556546	1338990	122595952
2555	329	423	606	380148	22557695	607973	43490369
2556	1175	1957	908	380369	22575110	4060865	553595173
2557	377	958	873	380597	22594222	571476	39832757
2558	88	1474	2028	380741	22605063	1261690	113168526
2559	813	2152	715	380853	22615418	929457	76767909
2560	1960	2469	1265	381291	22649286	943508	78224380
2561	1952	2283	3804	381653	22674957	1031332	87579704
2562	480	1811	2174	382008	22706935	1934371	200991745
2563	429	870	527	382424	22746486	2508415	286296808
2564	593	2277	569	382675	22764598	1052700	89878228
2565	2106	2518	2540	382685	22765242	462909	29612791
2566	418	2429	1369	383044	22795031	674184	49588959
2567	1693	1849	1950	383278	22813292	3672943	483366134
2568	731	2032	1006	383789	22856644	749848	57443603
2569	669	2276	1891	384457	22904040	488964	32207711
2570	1575	2167	3223	384516	22908390	500034	33263937
2571	2376	2495	1728	384531	22909393	0	0
2572	313	962	2284	384734	22927453	409750	25070836
2573	165	1264	1066	384838	22937000	789058	61569643
2574	558	2347	1037	384950	22948613	1858668	191006740
2575	170	257	627	385178	22971823	563168	39188821
2576	1097	2070	1126	385354	22986016	439079	27519325
2577	137	1297	663	386150	23050919	429795	26711703
2578	511	1719	3436	386167	23052111	1250604	111872284
2579	365	875	900	386223	23056271	3204191	400277086
2580	24	2527	833	386380	23070474	394884	23711978
2581	1746	2468	1790	386412	23073310	605278	43208148
2582	863	1960	982	386538	23085106	617008	44372194
2583	2343	2427	3598	386975	23122960	998002	84086768
2584	302	2459	1328	387281	23151470	439701	27559797
2585	806	1276	669	387954	23212518	390321	23395315
2586	727	835	332	388089	23224486	647740	46992816
2587	1556	2050	1069	388597	23263872	908588	74421148
2588	895	1269	1404	388630	23265879	470471	30433755
2589	1778	2108	4701	388847	23279167	477173	31044563
2590	832	863	1281	389241	23312360	402452	24387383
2591	457	1881	1574	389443	23329729	762171	58826704
2592	507	844	835	390042	23374307	0	0
2593	897	2155	1195	390140	23380284	760582	58645225
2594	6	2402	1833	390220	23386332	570621	39765498
2595	71	2585	750	390321	23395315	743969	56871524
2596	482	611	779	390405	23401626	0	0
2597	174	1312	1228	390726	23424751	877565	71281211
2598	548	1577	922	390809	23430775	1172428	102660866
2599	819	1850	1541	390856	23435157	463811	29718090
2600	345	1199	721	391967	23510074	501265	33377715
2601	1202	1418	3628	392029	23513757	2522629	288637666
2602	1402	2096	1977	392041	23514913	475447	30865251
2603	1455	2109	890	392490	23546795	409227	25026086
2604	1858	2025	2247	392708	23562464	402072	24351591
2605	598	2168	1767	392719	23563614	402191	24362766
2606	182	205	347	392906	23579165	604460	43107522
2607	237	1788	1073	393250	23603970	480861	31420676
2608	411	1228	554	393447	23616767	425066	26323707
2609	740	1809	2318	393969	23650408	3309610	418744876
2610	850	935	1720	394368	23676780	443255	27897690
2611	62	902	447	394488	23684599	932437	77038176
2612	170	1928	562	394661	23697159	3894176	523740818
2613	333	2580	963	394884	23711978	2131713	230242928
2614	50	2447	1609	395089	23725649	691742	51432332
2615	2341	2468	2197	395180	23730994	762096	58818044
2616	1083	2527	1615	395196	23731776	485873	31946921
2617	470	991	2125	395221	23734279	509302	34187029
2618	646	1763	2620	395278	23740135	731446	55595913
2619	851	1845	1021	395546	23765894	0	0
2620	974	1861	824	395551	23766462	2695210	316195431
2621	153	1871	1083	396039	23808022	482138	31557947
2622	422	1838	769	396220	23822333	443870	27948854
2623	225	1561	1594	396315	23829572	753913	57925672
2624	409	838	746	397002	23880829	721825	54583473
2625	839	2121	1002	397097	23887860	423561	26224809
2626	2485	2543	4211	397168	23892026	964212	80404117
2627	40	981	391	397702	23935548	570704	39771784
2628	136	1026	158	397759	23939682	1653066	162995947
2629	1859	1926	1381	397812	23944405	1046270	89237278
2630	1112	1868	1367	397942	23954255	660539	48254303
2631	1239	2324	784	397958	23955516	929872	76804435
2632	848	1362	1284	398130	23970321	1208638	106798471
2633	56	1643	1125	398183	23974543	2912405	351112435
2634	1294	2273	1619	398655	24013786	418879	25852648
2635	722	1798	860	398807	24026056	819116	64601506
2636	1043	1473	2139	398823	24027147	504215	33706319
2637	78	1054	353	399006	24042560	536697	36523354
2638	972	1424	2404	399065	24047375	755919	58125652
2639	1226	2271	2789	399108	24051226	0	0
2640	584	1703	1835	399149	24055293	1651076	162722204
2641	293	1941	425	399485	24090456	516002	34874728
2642	1334	2123	1645	399921	24131733	1042251	88874572
2643	1570	1610	3018	399960	24135055	630317	45462750
2644	995	2385	5012	400131	24151108	415520	25573915
2645	420	1695	1135	400660	24207513	435493	27259403
2646	1169	2546	4212	400872	24228651	1175511	102992659
2647	521	2121	603	401099	24256245	935272	77306532
2648	236	332	363	401643	24316344	491912	32478274
2649	251	2604	2415	402072	24351591	418625	25824690
2650	176	2605	1813	402191	24362766	473682	30678838
2651	872	2590	1643	402452	24387383	640851	46489696
2652	2078	2158	2252	402580	24400000	1274455	114694388
2653	926	2256	1737	403300	24469343	489740	32268999
2654	1041	1776	901	403776	24505151	542367	36972203
2655	1798	2260	1688	403878	24513497	553489	38150562
2656	1413	1556	1845	404159	24534652	827834	65511323
2657	93	666	547	404394	24553002	444987	28028901
2658	866	2211	1309	404576	24565268	439478	27544888
2659	1258	1486	910	404708	24575228	405383	24628136
2660	1683	2075	2907	404912	24589288	706395	52982381
2661	1362	2659	1306	405383	24628136	585690	40984075
2662	1736	2035	2379	405494	24635968	620767	44638722
2663	1849	2440	4223	405688	24651316	0	0
2664	557	1754	1614	405901	24673365	444936	28025715
2665	99	1900	719	406103	24694279	803288	62981265
2666	432	940	1051	406153	24698328	548539	37520080
2667	454	508	250	406307	24713446	700935	52488687
2668	594	1465	565	406902	24765406	414547	25509138
2669	1182	1390	804	407011	24775306	1631509	159718517
2670	836	1955	2606	407059	24778726	588490	41266166
2671	829	908	908	407184	24789379	609166	43586032
2672	2169	2392	4369	407291	24797601	464714	29821175
2673	1500	2503	3110	407339	24802574	651374	47335803
2674	914	2441	4307	407567	24830127	1362013	125701356
2675	256	2294	2837	407785	24861154	418879	25852648
2676	1079	1603	409	408756	24982605	698430	52223984
2677	600	2603	1148	409227	25026086	2324912	258326386
2678	689	2030	1895	409700	25066469	720268	54434513
2679	1917	2572	6108	409750	25070836	1670919	165703813
2680	1223	1684	1626	409759	25071649	483325	31702686
2681	1084	1279	1357	409875	25081596	440344	27617355
2682	650	1792	1936	410096	25109260	1598610	155234418
2683	15	1177	473	410156	25116584	1305223	118349020
2684	1502	2467	1586	410215	25122809	1195214	105384491
2685	400	1402	1486	410222	25123739	1038203	88467352
2686	1804	2302	1060	410544	25164969	740177	56515158
2687	1286	2268	2231	410964	25209491	955291	79492846
2688	1458	1523	487	411479	25263168	541118	36872988
2689	430	1201	398	411737	25283641	412680	25362935
2690	212	558	438	411832	25292532	889130	72510541
2691	1357	1495	2830	411997	25305411	2406897	270053192
2692	30	1900	638	412091	25314171	1629797	159367112
2693	42	1743	260	412136	25318049	511058	34395491
2694	404	1773	709	412398	25340809	496496	32998080
2695	505	2689	793	412680	25362935	426670	26439978
2696	175	1387	413	412765	25370462	1263233	113306295
2697	1102	1758	1928	412933	25384044	1469278	139472015
2698	993	1359	822	413248	25409628	660539	48254303
2699	2467	2486	2248	413448	25423927	720268	54434513
2700	308	2361	1360	413652	25438196	490193	32308455
2701	2113	2406	2755	413969	25464828	457075	29092380
2702	1121	1696	1246	414068	25472038	520333	35133744
2703	142	2235	296	414115	25476367	1625547	158649849
2704	736	2668	973	414547	25509138	431470	26892581
2705	2	286	45	414769	25526650	745458	57017796
2706	803	2206	514	414979	25540230	891517	72775610
2707	1053	2232	1729	415509	25573563	1517300	145337012
2708	306	2644	5303	415520	25573915	612368	43889258
2709	88	1766	323	415866	25601178	623489	44861109
2710	1496	2059	650	416232	25629037	525102	35493060
2711	1950	2318	3501	416613	25654865	0	0
2712	283	510	463	416985	25682389	626876	45173096
2713	2460	2548	7622	417366	25708788	480217	31348306
2714	1376	2336	566	417392	25711413	917971	75547747
2715	633	993	542	417561	25729785	459791	29356251
2716	1028	2113	1223	418108	25781987	2973863	361286156
2717	440	876	756	418375	25804951	1987025	208431640
2718	1010	1256	936	418514	25816020	592598	41757937
2719	288	2489	1526	418612	25823660	779240	60626610
2720	2435	2649	3655	418625	25824690	833927	66119133
2721	2634	2675	4456	418879	25852648	558118	38708658
2722	872	2443	1090	418945	25861109	597154	42201205
2723	1700	1786	963	419481	25920209	827324	65457558
2724	865	1198	1146	420608	26025311	1054608	90097451
2725	227	1618	474	421349	26074792	522875	35296936
2726	211	2368	1142	421747	26099413	1593515	154527693
2727	373	2133	1285	422077	26116765	2589812	299076454
2728	1657	1767	2575	422185	26123007	1298031	117555426
2729	1096	2002	2483	422318	26132157	0	0
2730	620	1058	1160	422523	26147550	611610	43810178
2731	1268	2506	1231	422525	26147562	462248	29548641
2732	1399	1708	1634	422838	26169958	908584	74421024
2733	1924	2121	698	422892	26173769	1925789	199825222
2734	999	2162	1719	423302	26207050	610611	43705435
2735	801	1294	567	423421	26215679	1020634	86654787
2736	901	2074	1079	423544	26223921	654410	47671830
2737	1631	2625	1979	423561	26224809	1334337	121876687
2738	1165	2333	971	424716	26303456	699962	52388597
2739	1118	2451	654	424776	26306473	0	0
2740	577	1883	2293	425040	26322243	429857	26717687
2741	31	878	684	425048	26322683	445182	28042528
2742	2217	2608	2019	425066	26323707	622905	44805512
2743	1064	1485	1416	425127	26328490	2042440	217187763
2744	38	1867	3416	425361	26344959	474502	30750556
2745	415	2377	785	426442	26427543	441587	27738295
2746	2049	2695	1356	426670	26439978	719389	54350687
2747	2181	2335	2839	426853	26450660	604777	43144665
2748	2060	2399	2223	426882	26453496	700579	52449444
2749	1687	1884	3123	427633	26517801	1044176	89028984
2750	1944	2182	4058	427801	26530760	712572	53613601
2751	1068	2220	2112	427953	26547522	1675936	166326719
2752	1930	2408	4607	428512	26594804	597152	42201043
2753	201	1578	321	428817	26627890	491166	32406669
2754	1017	1312	1397	429506	26687817	1710316	171100625
2755	187	2119	973	429659	26701273	1688934	168186210
2756	978	2577	2574	429795	26711703	845394	67658147
2757	278	2040	1807	429809	26712339	548466	37510886
2758	217	2740	2365	429857	26717687	569364	39668372
2759	322	1475	1462	430084	26741542	441266	27703985
2760	1357	1735	2948	430483	26782157	1230426	109479806
2761	971	2368	2215	430627	26797190	877872	71319832
2762	375	1933	1641	430695	26803872	546518	37303774
2763	1483	1997	3851	430811	26818070	492526	32530334
2764	1059	1319	862	431401	26886335	454933	28899708
2765	157	1560	942	431460	26891463	673143	49475140
2766	1933	2704	2408	431470	26892581	1224855	108728349
2767	443	1819	2927	431585	26905427	692387	51518601
2768	794	1115	1423	431953	26947783	552090	37961089
2769	139	893	509	432016	26955027	0	0
2770	197	2450	1365	432089	26961571	2035143	216153755
2771	7	1119	440	432185	26971689	702059	52584699
2772	2196	2625	2816	432383	26992808	549060	37594042
2773	1019	1766	652	432468	27002387	583552	40800907
2774	741	1117	2398	433215	27082252	445371	28057643
2775	156	1361	983	433727	27131526	696574	52025856
2776	464	1148	1255	434148	27165948	711753	53532963
2777	281	1089	353	434164	27167133	446260	28144175
2778	192	1108	468	434166	27167152	840467	67096346
2779	1673	1727	1428	434969	27223127	1129176	97834310
2780	1135	1728	1434	435060	27229371	782236	60944028
2781	939	1034	1835	435375	27250554	728590	55335209
2782	796	2037	1615	435425	27254007	1941120	202004968
2783	881	2645	1808	435493	27259403	1085149	93368408
2784	1942	1998	3435	435495	27259443	688633	51019362
2785	420	1164	155	435914	27294616	681430	50228191
2786	347	1798	879	436248	27323851	3269799	412200021
2787	788	1180	603	436342	27331640	1757390	176993291
2788	616	1808	1991	436596	27351470	932368	77031467
2789	855	2409	3711	437635	27421397	683482	50399870
2790	1952	1965	1399	437688	27425966	1021324	86721079
2791	494	1585	1480	438445	27479470	462197	29544571
2792	1922	2366	1412	438751	27499175	902605	73853390
2793	337	618	366	439069	27519020	651396	47337186
2794	2088	2576	1574	439079	27519325	807893	63470670
2795	1145	1829	478	439439	27542551	0	0
2796	2107	2658	2062	439478	27544888	453723	28780965
2797	1323	2584	3637	439701	27559797	647415	46969543
2798	2028	2088	1067	439754	27564756	476343	30956132
2799	583	711	659	440015	27588770	616111	44299057
2800	776	1810	1575	440052	27591015	2088258	224061991
2801	1165	2534	2890	440178	27600982	1185020	104174458
2802	558	1799	631	440329	27616275	716877	54067157
2803	2141	2681	2409	440344	27617355	539475	36752311
2804	821	2228	1889	440652	27649246	451233	28560670
2805	946	1603	425	440920	27672998	462342	29556302
2806	106	124	134	441136	27693901	750830	57555879
2807	2376	2759	2719	441266	27703985	1189317	104612693
2808	1232	1706	1622	441353	27713995	1441439	135685786
2809	1529	2745	1528	441587	27738295	600838	42707878
2810	314	1823	1651	441599	27739103	589209	41355181
2811	245	1659	1876	441720	27749868	972830	81188700
2812	165	525	407	441933	27772950	478126	31155900
2813	229	1703	1697	442294	27808927	926655	76537543
2814	442	2645	1407	442475	27828551	457072	29092188
2815	948	1370	1106	442603	27840432	502751	33518262
2816	253	1600	834	443077	27882326	1443436	135968195
2817	72	659	86	443177	27890751	597250	42213829
2818	3	2610	1723	443255	27897690	638323	46287574
2819	1882	2622	1246	443870	27948854	731728	55630753
2820	372	1284	500	443998	27957408	849787	68080323
2821	634	1969	1204	444317	27978868	590271	41488320
2822	548	2061	926	444537	27995483	0	0
2823	406	1776	687	444678	28005202	1516061	145188387
2824	2521	2664	2233	444936	28025715	1111450	96027389
2825	191	2657	644	444987	28028901	4153219	569337790
2826	1355	2190	1566	445108	28038593	466504	30064407
2827	117	2741	703	445182	28042528	562050	39087137
2828	2397	2774	3456	445371	28057643	904527	73995385
2829	1935	2482	4710	445521	28072866	481984	31539727
2830	230	2191	1119	446027	28123326	461614	29498890
2831	2460	2777	2130	446260	28144175	567165	39503079
2832	964	2473	2000	446524	28167457	2042440	217187763
2833	334	2224	2200	446886	28202659	3585982	467132903
2834	2355	2509	2512	447999	28298124	689358	51127196
2835	326	931	1637	448308	28322415	0	0
2836	239	1442	713	448347	28325739	724192	54826214
2837	1403	2082	1765	448447	28334406	1458454	138090565
2838	232	537	270	448630	28349571	794438	62077964
2839	134	1741	1596	448850	28367384	823365	65036355
2840	371	523	739	449249	28396415	0	0
2841	1593	1879	3984	449343	28404002	733332	55802535
2842	357	900	650	449476	28414591	997220	84015178
2843	1347	2668	907	449518	28418506	739348	56436197
2844	846	2512	1668	449727	28433942	1118359	96672680
2845	812	1074	1130	450170	28464791	2072259	221289033
2846	1397	1669	2617	450183	28465775	937411	77509365
2847	931	950	1093	450371	28484593	1179512	103534423
2848	482	2453	3572	450724	28513396	1771538	179099712
2849	208	245	370	451149	28553462	646909	46941338
2850	1438	2804	2142	451233	28560670	597576	42258059
2851	2270	2543	3414	451666	28596294	1190404	104721409
2852	1387	2689	783	451875	28615132	658134	48032497
2853	957	2269	2935	452000	28627032	515095	34792066
2854	752	1328	1011	452173	28642205	497995	33117722
2855	909	2289	1130	452690	28687964	996419	83934560
2856	946	2271	1788	452726	28691678	0	0
2857	555	940	939	452762	28694675	2685103	314873015
2858	41	2364	1703	453035	28719422	2787970	330502904
2859	1110	1614	917	453064	28721690	2106191	226430852
2860	48	1717	754	453075	28722466	0	0
2861	2028	2439	1592	453294	28742542	734791	55963559
2862	920	2796	2414	453723	28780965	2285493	252154631
2863	1759	2195	1257	454135	28818362	704915	52814668
2864	1562	2111	3905	454146	28819276	739513	56448514
2865	1324	1900	841	454246	28829323	527285	35649730
2866	635	2176	2277	454333	28836378	522811	35292017
2867	494	971	1237	454700	28875919	1124681	97374721
2868	1560	2445	1889	454716	28877177	931589	76955806
2869	1645	2764	1817	454933	28899708	919103	75701972
2870	758	2062	2406	455098	28917973	1357783	125127235
2871	711	973	1110	455696	28981916	480950	31431789
2872	1344	1679	463	455906	29000251	819327	64622050
2873	262	1582	2766	456568	29053396	1286461	116159776
2874	282	2622	1170	456746	29066386	898341	73511556
2875	1518	2301	2038	456966	29084136	738807	56393969
2876	1449	2814	1771	457072	29092188	766617	59375406
2877	2062	2701	4695	457075	29092380	663215	48479387
2878	146	1718	204	457362	29121524	813479	63990930
2879	1184	1525	3333	457404	29125028	465150	29883408
2880	2077	2675	4107	457481	29134643	2017378	213089709
2881	216	838	653	457609	29150177	485089	31876249
2882	160	1059	731	457984	29193969	0	0
2883	234	1317	687	458384	29234580	1529150	146747597
2884	21	293	75	458396	29235588	527913	35697626
2885	1166	1927	1230	458429	29238396	1327798	120953044
2886	1160	2549	1269	458451	29240063	658213	48040223
2887	1396	1440	1348	458471	29242027	773470	60028746
2888	486	2681	1898	459720	29351289	0	0
2889	789	2398	697	459777	29355093	1526832	146457395
2890	837	2715	1606	459791	29356251	1390917	129395900
2891	1180	2371	650	460089	29377547	507978	34084775
2892	1562	2222	1643	460412	29401676	471847	30545091
2893	50	1348	1584	460488	29406223	746097	57070894
2894	713	2148	4449	460562	29411405	1398840	130289091
2895	106	234	249	460580	29413980	495063	32837910
2896	904	2830	1974	461614	29498890	1172671	102685311
2897	1662	2540	1565	461811	29513376	798749	62519456
2898	428	1223	1538	461911	29521332	854862	68647010
2899	1607	2791	2898	462197	29544571	531319	35970930
2900	1269	2731	1752	462248	29548641	0	0
2901	195	2805	598	462342	29556302	0	0
2902	1847	2353	3363	462373	29558895	966319	80610768
2903	1913	2565	2947	462909	29612791	0	0
2904	1080	1867	3552	463099	29633702	0	0
2905	1732	1962	4256	463323	29657329	543458	37055671
2906	2524	2599	2277	463811	29718090	651477	47345432
2907	1071	1906	1100	463930	29731596	706036	52937366
2908	178	2220	2097	464056	29746206	720042	54413818
2909	844	1249	1357	464216	29764789	535229	36386553
2910	2243	2672	6797	464714	29821175	502795	33523240
2911	158	2379	892	464743	29824441	3304767	418137196
2912	1646	1830	3035	465002	29861865	0	0
2913	2501	2879	4512	465150	29883408	590271	41488320
2914	162	1385	2511	466207	30029771	2695205	316195087
2915	53	987	1459	466452	30058804	0	0
2916	999	2826	2705	466504	30064407	864619	69834570
2917	1122	2272	1235	467062	30131541	493888	32677337
2918	1623	1749	2146	467099	30135319	945911	78488350
2919	1467	1690	1178	467834	30218502	504894	33786002
2920	757	1529	1185	468133	30246877	470743	30454938
2921	754	1269	828	468367	30267475	1177030	103183097
2922	1482	1534	1706	468721	30296690	1664784	164825167
2923	964	1529	1201	468823	30305369	664483	48618831
2924	1214	1294	1398	468978	30317161	2465739	279423517
2925	437	2287	1350	469139	30330980	3408951	435921451
2926	330	2098	215	469485	30360024	802287	62860826
2927	1258	1465	690	469710	30377525	976407	81622987
2928	1325	2001	2460	470069	30403145	1462984	138578975
2929	561	2528	1012	470390	30426938	961341	80130939
2930	1173	2588	1543	470471	30433755	549060	37594042
2931	127	1974	528	470513	30436837	1884472	194177062
2932	177	2920	1197	470743	30454938	2400450	269112281
2933	935	1087	1970	471111	30482238	531935	36033178
2934	757	2227	4454	471195	30488479	1581461	153019345
2935	729	849	1330	471209	30489025	2305850	255789887
2936	1738	1829	542	471273	30494434	566886	39485047
2937	88	2892	1684	471847	30545091	825965	65315189
2938	1420	2004	2557	472489	30599634	551849	37931354
2939	16	703	51	473135	30645811	953672	79334806
2940	953	2650	2465	473682	30678838	550872	37820828
2941	1841	2533	2404	473743	30682759	656295	47853079
2942	647	1666	3409	473880	30691683	972284	81125895
2943	1982	2675	4462	473903	30693321	623466	44859640
2944	1601	2386	4290	474435	30744037	1335039	121966169
2945	2137	2744	5405	474502	30750556	533287	36167133
2946	1331	2330	2434	475017	30812738	1340564	122837807
2947	554	1401	903	475193	30835215	578057	40400565
2948	1090	1201	1605	475396	30859995	2371750	264804137
2949	892	2602	2394	475447	30865251	683533	50404530
2950	76	183	120	475806	30904500	502140	33461861
2951	832	2798	2045	476343	30956132	530060	35873025
2952	2543	2580	2847	476464	30967808	1144167	99347758
2953	1674	1725	605	476503	30972251	646916	46941521
2954	487	1937	1387	476785	31005863	924199	76317966
2955	2116	2142	2157	476823	31009292	602111	42857533
2956	1781	2589	5064	477173	31044563	629779	45407268
2957	62	870	241	477393	31070841	644812	46817132
2958	124	612	437	477737	31110492	1225700	108832516
2959	1712	2002	5409	477910	31129593	490347	32322337
2960	1341	2812	591	478126	31155900	877872	71319832
2961	1422	2239	2176	478722	31214916	723652	54764690
2962	877	2009	901	479010	31241416	0	0
2963	226	1818	1943	479188	31258766	3785470	503327629
2964	213	596	803	479554	31293753	753808	57913383
2965	40	1369	423	479681	31303966	2860257	342248502
2966	1156	2713	7845	480217	31348306	835636	66336674
2967	1578	2607	1206	480861	31420676	846701	67790456
2968	1593	2871	2436	480950	31431789	596774	42165324
2969	466	596	1505	481635	31503949	551374	37879611
2970	78	556	547	481750	31515397	1615361	157320244
2971	1952	2488	4132	481808	31520525	548140	37461533
2972	2668	2829	5275	481984	31539727	548140	37461533
2973	365	2621	1341	482138	31557947	794766	62109755
2974	1544	2351	1823	482516	31605157	662861	48449314
2975	2145	2158	1693	482580	31612110	515208	34801934
2976	146	1239	429	482910	31653095	2275002	250508152
2977	275	1965	921	483031	31666911	622385	44766441
2978	1221	1453	2530	483110	31676273	639941	46413877
2979	959	2680	1750	483325	31702686	883180	71897940
2980	529	2263	481	483658	31743957	2163872	234616757
2981	1136	2178	2270	484393	31811899	672010	49361387
2982	1287	1552	3439	484546	31824938	819553	64645880
2983	1495	1804	1998	484650	31834709	909743	74550983
2984	385	720	490	484942	31861950	511561	34448091
2985	1869	2881	865	485089	31876249	552647	38031871
2986	1279	2384	1551	485337	31899260	0	0
2987	878	2084	1245	485361	31900882	1510798	144462953
2988	589	2616	2151	485873	31946921	820513	64750774
2989	201	1318	999	485940	31952611	808887	63552681
2990	1934	2084	2173	485983	31956473	2782611	329772681
2991	889	2380	1520	486439	31998825	2162668	234434460
2992	160	1634	1248	487092	32053255	586857	41094261
2993	617	1454	2648	487469	32081340	537078	36559557
2994	175	327	364	487794	32105337	1009186	85396115
2995	488	2537	2274	487831	32108050	978136	81820337
2996	23	1255	493	487871	32111315	531599	35998503
2997	1585	2069	3784	487949	32116662	3791545	504443028
2998	2287	2553	2091	488549	32171001	627346	45212030
2999	1443	2569	2157	488964	32207711	1889465	194783435
3000	2315	2653	3938	489740	32268999	542367	36972203
3001	829	2370	2411	489951	32288299	663150	48473919
3002	1743	2700	1595	490193	32308455	1853845	190348504
3003	981	2959	5785	490347	32322337	1226271	108898295
3004	1013	2102	1376	490412	32329550	1759201	177205077
3005	919	2753	2028	491166	32406669	0	0
3006	520	994	448	491232	32412751	499419	33215048
3007	1363	2648	1836	491912	32478274	0	0
3008	1061	1273	1715	491939	32479621	1107217	95666478
3009	1459	2318	2133	492381	32517285	1573928	152150203
3010	144	568	212	492421	32520631	2386206	266836109
3011	1506	2054	1566	492502	32528350	2477122	281215203
3012	1930	2763	5386	492526	32530334	587917	41199580
3013	1365	1834	1348	492623	32540219	3641867	477834283
3014	235	292	291	492846	32567255	2779752	329341375
3015	1885	1982	4257	493283	32611788	656750	47898337
3016	1179	1498	1189	493378	32621237	629805	45409985
3017	459	1943	3048	493662	32648770	591764	41661895
3018	2087	2414	2872	493719	32655583	0	0
3019	2444	2917	5105	493888	32677337	3721048	491011904
3020	1644	1842	1754	494067	32702782	2678988	313791527
3021	218	978	2039	494368	32745731	4271798	590647396
3022	1660	2138	4244	494533	32767503	804655	63124114
3023	848	2286	1332	494889	32815882	2021041	213722276
3024	211	2061	709	495042	32835456	686835	50813268
3025	94	2895	268	495063	32837910	937510	77523189
3026	1686	2391	691	495071	32838458	769418	59646183
3027	890	1176	2201	495844	32931275	3232715	405498141
3028	1020	1796	662	495890	32936828	584418	40865633
3029	127	2153	389	495991	32948180	1110326	95931546
3030	177	1667	267	496464	32994774	783867	61080626
3031	1491	1898	1092	496485	32997140	573369	39975352
3032	297	2694	755	496496	32998080	2672038	312333133
3033	0	21	13	497736	33102623	1565523	151134698
3034	998	2854	2183	497995	33117722	911080	74713181
3035	11	569	261	498162	33128185	502751	33518262
3036	230	713	712	498247	33133656	527285	35649730
3037	2098	2340	388	498313	33137335	882747	71861333
3038	784	2694	1111	498344	33139770	853989	68508473
3039	515	2097	2175	498685	33162738	597200	42206349
3040	267	947	545	498713	33165050	852489	68324067
3041	1482	1855	1640	498933	33180538	508045	34089663
3042	394	1154	488	498970	33183542	500442	33300806
3043	68	1098	597	499238	33202463	586648	41072678
3044	602	2240	1400	499389	33212007	632807	45714818
3045	1411	3006	1663	499419	33215048	641887	46573639
3046	1865	2103	1389	499509	33222442	545758	37240894
3047	1557	1608	1567	499724	33239322	553560	38158905
3048	679	2452	1268	499862	33248782	547931	37441700
3049	969	1693	1725	499882	33250155	693512	51665135
3050	886	2570	4168	500034	33263937	1405909	131158989
3051	263	3042	552	500442	33300806	1716172	171930445
3052	971	1154	1229	500542	33309938	711920	53548267
3053	701	1555	3167	500648	33320521	790084	61672833
3054	915	2600	1778	501265	33377715	1216499	107737180
3055	1006	1778	4470	501361	33386001	552647	38031871
3056	146	2603	913	501836	33433592	1069251	91695675
3057	2121	2448	2892	501853	33435141	639803	46403409
3058	57	1827	1170	502086	33457625	684303	50495305
3059	2020	2950	1087	502140	33461861	759254	58468868
3060	1780	2427	2124	502372	33483162	717662	54163129
3061	513	1869	299	502586	33502664	544873	37176135
3062	2815	3035	1367	502751	33518262	921528	76027635
3063	1412	2910	8032	502795	33523240	948428	78743666
3064	598	1059	1071	502801	33523664	1194964	105345925
3065	446	1732	4044	503542	33620513	1267492	113792050
3066	1394	2533	2518	503554	33621772	944739	78364140
3067	1557	1636	2642	503560	33622046	642694	46640150
3068	247	2636	2190	504215	33706319	1220879	108241474
3069	1637	2212	965	504381	33726119	589502	41393135
3070	2426	2518	1250	504787	33773937	864288	69802169
3071	2317	2919	2769	504894	33786002	1883049	194021538
3072	681	1040	938	505254	33828315	553819	38195880
3073	757	1600	1091	505786	33884980	1044539	89061028
3074	846	2108	1351	505817	33887493	586868	41095803
3075	1897	2040	2988	505910	33896761	1111019	95990819
3076	1189	2516	1828	506053	33912804	592991	41802675
3077	159	1370	907	506240	33932906	2162996	234484999
3078	16	536	419	506389	33947240	831669	65898343
3079	2306	2538	2817	507011	34000441	2187647	238372122
3080	670	2226	1306	507402	34037646	1079613	92826300
3081	26	2891	671	507978	34084775	0	0
3082	1412	3041	2875	508045	34089663	3729773	492398883
3083	1395	2449	890	508113	34095797	2388065	267118798
3084	4	2221	1514	508867	34155693	955597	79520688
3085	407	1782	1573	509029	34166544	3684565	485411165
3086	1365	1973	1532	509052	34168332	1769549	178758128
3087	1321	1387	1708	509087	34170885	521117	35184375
3088	1211	2653	2105	509209	34178558	1147301	99824913
3089	2257	2617	4388	509302	34187029	556357	38484679
3090	1289	1640	2886	509453	34201150	1072483	92009008
3091	1793	2476	6128	509859	34243820	748565	57297833
3092	1244	1816	2189	509889	34247836	1688828	168169648
3093	126	1825	194	510664	34354800	626835	45169826
3094	1235	2046	1071	510995	34388797	722918	54692513
3095	1076	2693	1935	511058	34395491	2544388	291408843
3096	2159	2257	3645	511483	34437614	1424969	133692834
3097	957	2668	884	511534	34445536	1586506	153688716
3098	1518	2984	1342	511561	34448091	656299	47853700
3099	2262	2355	4428	511592	34451352	604173	43072069
3100	1023	2161	1301	511733	34467204	594421	41951792
3101	488	1853	2463	512143	34521392	608649	43546013
3102	1005	2482	3954	512325	34540074	0	0
3103	72	2204	397	513403	34655920	560947	38991390
3104	1346	1516	2480	513612	34674115	636101	46070873
3105	2263	2668	972	514046	34712875	543070	37027049
3106	884	1271	1360	514386	34741044	831046	65840195
3107	1048	1130	855	515011	34785243	1432804	134624705
3108	970	2853	4068	515095	34792066	2925790	353056522
3109	1664	2975	3259	515208	34801934	675400	49723399
3110	442	1902	927	515597	34840408	1035205	88087705
3111	65	2641	452	516002	34874728	1238273	110329538
3112	591	2310	1916	516155	34886454	557767	38672019
3113	646	858	2358	516900	34943010	1964007	205190735
3114	751	1397	1563	517230	34966037	3905281	525663500
3115	1650	1655	937	517686	34994032	0	0
3116	1833	1933	3754	517881	35005130	0	0
3117	318	442	388	518251	35030695	876077	71112498
3118	1010	1319	507	518414	35040458	1253928	112270479
3119	1191	2435	1545	519602	35101762	576043	40220638
3120	1278	1725	1134	519772	35108864	669232	49077039
3121	245	668	282	520005	35118708	879029	71474989
3122	1031	1512	1408	520149	35125121	580277	40565693
3123	81	1877	488	520239	35129043	1830943	187526777
3124	2702	2892	2889	520333	35133744	788589	61517341
3125	852	1565	627	520779	35158998	1382821	128429369
3126	899	2548	6486	520800	35160154	1145901	99584955
3127	820	3087	1917	521117	35184375	663922	48556283
3128	591	828	1241	522303	35262520	865195	69889815
3129	1006	1066	1291	522445	35270716	680210	50148187
3130	1002	1638	1812	522623	35280438	906829	74222820
3131	575	2385	3265	522696	35283918	587917	41199580
3132	1110	1665	826	522788	35289944	547626	37409829
3133	1312	2866	3290	522811	35292017	1436301	135037229
3134	90	2725	528	522875	35296936	941153	77970107
3135	1824	2386	4672	522922	35300843	671139	49272186
3136	1191	1983	2168	522950	35303681	532951	36132277
3137	459	768	1190	523568	35365863	650777	47283841
3138	686	2011	2704	524170	35416063	770577	59752923
3139	1189	1955	1936	524239	35421906	572078	39878691
3140	142	1725	388	524275	35425158	865950	69959288
3141	548	1799	820	524760	35466382	757112	58246722
3142	860	1445	1431	525019	35487137	2147603	232500866
3143	1337	2710	903	525102	35493060	585527	40967385
3144	1920	2622	2999	526110	35560738	1161231	101437787
3145	1520	2135	1905	526395	35581337	594421	41951792
3146	1935	2276	3526	526409	35582132	706036	52937366
3147	647	809	849	526550	35593681	1013272	85829306
3148	60	1577	688	526709	35606037	704982	52820630
3149	869	1604	1478	526723	35606943	779240	60626610
3150	1640	1918	2284	527154	35639599	783867	61080626
3151	2865	3036	1553	527285	35649730	930856	76891947
3152	35	1292	1507	527909	35697313	759695	58523813
3153	1445	2884	1462	527913	35697626	631419	45571920
3154	458	1269	659	527955	35701314	1919311	198823377
3155	1818	2392	2071	528023	35707538	648038	47015176
3156	156	1626	556	528082	35712382	0	0
3157	1553	2139	3137	528551	35749444	980128	82029719
3158	390	2065	3156	528899	35780295	669403	49091340
3159	645	804	1382	529359	35818847	2274276	250377597
3160	1401	2149	932	529718	35845968	662647	48432001
3161	2318	2951	3216	530060	35873025	809940	63652621
3162	839	1667	780	530501	35907576	3726423	491846596
3163	305	2106	1851	530527	35909639	550961	37831494
3164	1480	1652	1045	530730	35923624	747725	57206431
3165	772	1932	2910	530801	35928985	1696318	169254645
3166	212	2307	1462	531257	35964912	0	0
3167	948	1114	1490	531259	35964937	538003	36642610
3168	2680	2899	4524	531319	35970930	1085814	93457582
3169	1349	2362	1511	531325	35971401	0	0
3170	2798	2996	1560	531599	35998503	547469	37392587
3171	58	618	82	531902	36029783	1321861	120333940
3172	2607	2933	3043	531935	36033178	1013272	85829306
3173	1600	2487	2016	532513	36091022	672907	49452272
3174	1699	2332	2399	532742	36112605	1221584	108326674
3175	1487	3136	2593	532951	36132277	713234	53689458
3176	2162	2945	5985	533287	36167133	883036	71882457
3177	901	1184	510	533315	36169964	820556	64754813
3178	1204	1960	1777	533329	36171497	574746	40094009
3179	311	2306	2574	533831	36236265	3571145	464491185
3180	193	1135	543	533888	36244845	1208136	106762572
3181	1101	1274	1093	534220	36284768	909743	74550983
3182	447	1644	779	534231	36286517	1302070	118003168
3183	682	1484	1457	534530	36318807	2382217	266212671
3184	1248	1809	2778	534880	36353861	613818	44059651
3185	124	1385	2535	535166	36382259	0	0
3186	1394	2909	2087	535229	36386553	1804410	183812624
3187	311	1428	2126	535392	36403937	626346	45128098
3188	1193	1869	1179	536496	36506906	941040	77956061
3189	827	1188	761	536588	36514551	1493295	142533380
3190	2637	2680	1979	536697	36523354	801645	62791695
3191	857	2291	1220	536742	36527744	1317736	119845803
3192	522	2805	1856	536965	36547943	739378	56437665
3193	531	2993	3057	537078	36559557	779432	60648467
3194	981	1366	911	537280	36578378	766921	59405671
3195	717	1000	1287	537539	36603604	1858271	190948177
3196	1896	3167	2277	538003	36642610	3446281	442544220
3197	517	1910	994	538258	36664206	1516324	145221593
3198	779	1380	326	539336	36743465	545548	37224125
3199	2585	2803	3078	539475	36752311	0	0
3200	2369	3036	1571	539549	36758702	916182	75309261
3201	415	1483	1640	539578	36761317	1611607	156826945
3202	665	2412	1677	540298	36811553	705021	52824638
3203	353	1580	2058	540321	36812924	773192	60003814
3204	393	2131	1432	540398	36817875	747511	57190758
3205	863	1183	1136	540538	36828805	663150	48473919
3206	33	588	323	540648	36835828	1522549	145930143
3207	1976	2157	2844	540980	36861757	697229	52090525
3208	1924	2349	797	541031	36865264	587907	41198043
3209	2136	2688	2054	541118	36872988	1340944	122894967
3210	1075	2183	3272	541487	36903066	1435203	134913164
3211	296	1185	550	541908	36938215	4382968	613160121
3212	2654	3000	4839	542367	36972203	1324294	120575974
3213	144	3105	986	543070	37027049	561052	39000105
3214	1387	2905	4641	543458	37055671	585256	40937718
3215	1626	1800	2766	543648	37072372	2412842	271046394
3216	368	2453	3505	544393	37135399	560947	38991390
3217	2341	3061	839	544873	37176135	1492267	142408143
3218	1901	2891	2349	545141	37195965	3457861	444673037
3219	608	2324	477	545363	37213092	607631	43464293
3220	1386	3198	1618	545548	37224125	765640	59266563
3221	499	1451	1121	545603	37228822	1886163	194369337
3222	2513	3046	2049	545758	37240894	858926	69194626
3223	1772	2215	1106	545961	37256513	942832	78143924
3224	484	2393	2828	546245	37279839	595580	42054203
3225	2448	2762	4056	546518	37303774	0	0
3226	2418	2423	561	546691	37319266	2517884	287941610
3227	1773	2309	3540	546898	37337347	3668651	482585370
3228	1050	1546	2807	547266	37372289	0	0
3229	1433	3170	2280	547469	37392587	833808	66106012
3230	1150	3132	1003	547626	37409829	583948	40827989
3231	2501	3048	2447	547931	37441700	596406	42129143
3232	2971	2972	9407	548140	37461533	1325696	120713334
3233	1926	2757	2997	548466	37510886	642994	46665108
3234	908	2666	1423	548539	37520080	562829	39149649
3235	478	665	989	548807	37560750	804644	63122781
3236	2772	2930	4359	549060	37594042	3929413	529760957
3237	1146	2270	3101	549303	37629604	603399	42988088
3238	126	779	261	549562	37669327	0	0
3239	415	583	459	549637	37679068	2903154	349628263
3240	397	2378	1807	550759	37811739	855654	68755940
3241	2010	2940	2950	550872	37820828	1053241	89935680
3242	339	2044	2442	550925	37826763	1164443	101718915
3243	1348	3163	3407	550961	37831494	1145869	99580105
3244	286	2969	1548	551374	37879611	558728	38783854
3245	1338	1894	1248	551684	37913047	681289	50219087
3246	2214	2938	2824	551849	37931354	1220990	108255830
3247	1270	2759	2857	551895	37936793	1036187	88211136
3248	41	2768	1475	552090	37961089	715010	53905238
3249	75	1901	1754	552367	37996865	1689835	168305062
3250	2088	2231	3170	552592	38025123	1174500	102874902
3251	2985	3055	5335	552647	38031871	1444412	136099689
3252	951	2378	1866	553419	38142368	629779	45407268
3253	2506	2655	2814	553489	38150562	0	0
3254	991	3047	3420	553560	38158905	1247640	111536747
3255	642	3072	1705	553819	38195880	887363	72331243
3256	1533	1577	1401	554297	38262995	627768	45251302
3257	1605	2299	1825	554673	38304486	1179120	103475271
3258	106	2085	2184	554905	38330118	641279	46526462
3259	2265	2680	2835	555321	38375999	589107	41343846
3260	1195	2701	3551	555684	38414658	1712871	171421988
3261	1214	1292	2839	556289	38477772	0	0
3262	276	1923	1600	556293	38477961	789730	61638899
3263	119	2262	2791	556344	38482584	658847	48095672
3264	2319	3089	4907	556357	38484679	816258	64249338
3265	1356	2468	3098	556462	38499441	600157	42620932
3266	1214	1997	3823	556638	38524988	1372138	126896604
3267	623	1772	372	557052	38584475	618317	44461621
3268	229	3112	1971	557767	38672019	666232	48778932
3269	335	2721	4808	558118	38708658	665961	48752104
3270	2074	3244	2414	558728	38783854	1743170	175319367
3271	1464	2740	2974	558844	38797617	1317124	119762855
3272	1613	2369	1553	559624	38879132	1634469	160283691
3273	52	540	168	560060	38919487	0	0
3274	99	1841	708	560439	38953454	2550613	292388998
3275	3103	3216	3902	560947	38991390	878508	71398803
3276	231	3213	998	561052	39000105	804655	63124114
3277	845	1716	1613	561112	39006625	0	0
3278	5	484	714	561258	39020713	805464	63221069
3279	396	1248	698	561523	39044057	570704	39771784
3280	416	2321	1427	561903	39076547	2581603	297546321
3281	1175	2827	1008	562050	39087137	624107	44936030
3282	314	696	949	562201	39099622	843145	67419751
3283	1086	2103	1794	562322	39109109	0	0
3284	350	2240	1172	562414	39116015	721444	54547014
3285	1428	1611	3480	562569	39127787	687478	50880340
3286	2570	3234	4646	562829	39149649	609549	43615600
3287	73	1360	718	562885	39157783	1058587	90537385
3288	876	1524	504	563116	39182667	711753	53532963
3289	604	2575	946	563168	39188821	755322	58072126
3290	42	505	420	563732	39241727	731845	55646355
3291	2270	2343	3289	563779	39245452	747740	57208041
3292	1399	1493	1549	563991	39265149	610764	43721875
3293	857	1611	2355	564174	39282351	605779	43273042
3294	494	2386	3416	564715	39329671	1671379	165766129
3295	803	1080	305	565343	39381283	2136229	230905669
3296	698	2212	1313	565845	39415298	1998258	210068291
3297	1627	1810	3639	566160	39436054	1165015	101790228
3298	37	871	667	566282	39445580	2633678	305683970
3299	62	2029	108	566492	39460370	1031598	87619492
3300	2480	2936	817	566886	39485047	873603	70859448
3301	1784	2831	4066	567165	39503079	1507600	144079966
3302	1460	2285	3119	567292	39511995	682468	50309113
3303	2298	2481	1666	568069	39573653	597576	42258059
3304	407	1054	570	568467	39602706	3312153	419052566
3305	657	2224	2108	568755	39621660	759558	58504878
3306	976	1373	1453	568776	39622453	1692769	168715818
3307	1181	1975	1793	568798	39624303	576043	40220638
3308	1251	2940	2630	569217	39657762	1004217	84833955
3309	1490	2758	2982	569364	39668372	610611	43705435
3310	278	2159	1549	569648	39694825	1276586	114986906
3311	2088	2641	873	570474	39757497	655142	47744407
3312	1626	2594	2155	570621	39765498	1662936	164521709
3313	2627	3279	1089	570704	39771784	684541	50524434
3314	145	2144	1753	571049	39796008	862214	69581691
3315	261	464	382	571054	39796411	1088515	93819706
3316	1557	2557	1778	571476	39832757	0	0
3317	616	1795	2491	571937	39866561	1017308	86335934
3318	2028	3139	2555	572078	39878691	725143	54942734
3319	1431	1948	653	572695	39925857	659148	48125765
3320	163	1757	620	572717	39927468	1697069	169365916
3321	47	1785	1068	572941	39943653	1150380	100229395
3322	888	1531	1649	573119	39955681	3905787	525737362
3323	1433	2042	2729	573298	39969448	647740	46992816
3324	2350	3031	1642	573369	39975352	977280	81728226
3325	1208	2097	2022	573587	39993386	825134	65226530
3326	634	1270	1483	573865	40018997	681499	50232450
3327	464	1909	3066	574240	40049611	731728	55630753
3328	577	1196	441	574726	40092956	916676	75374863
3329	1244	3178	2361	574746	40094009	2963190	359179761
3330	2476	2945	9365	574923	40107695	1919501	198843350
3331	847	1438	458	575707	40189307	2043438	217325424
3332	1775	2005	1915	575892	40207019	0	0
3333	526	2078	1584	576018	40217757	598913	42458248
3334	3119	3307	3338	576043	40220638	0	0
3335	1925	2128	1845	576439	40261445	847548	67875194
3336	1184	1468	1357	577039	40317697	716775	54059055
3337	957	1309	827	577156	40328319	968325	80806989
3338	1486	2232	1540	577907	40388671	1051485	89757438
3339	941	2610	2847	578037	40399442	833464	66074776
3340	1160	2947	1457	578057	40400565	869315	70415067
3341	896	2479	1965	578601	40442130	613388	44011926
3342	1676	2093	2315	578814	40458198	1487050	141759351
3343	153	1512	636	579003	40473565	629096	45353734
3344	937	2159	1802	579894	40538347	651479	47345741
3345	1024	2283	3771	579966	40542961	1624094	158439957
3346	2345	3122	2910	580277	40565693	966586	80635758
3347	189	1591	975	580352	40571799	683580	50409578
3348	165	1161	1037	580945	40620783	586530	41061418
3349	1428	1483	3208	580951	40621110	852414	68316575
3350	805	1012	1302	580959	40621337	681289	50219087
3351	48	1615	575	581095	40633298	2046107	217655190
3352	785	1513	1881	581492	40663871	1034591	88012214
3353	619	2477	974	582482	40733710	1208885	106824570
3354	1378	2753	2424	582561	40738909	615426	44232725
3355	1369	2575	1035	582846	40756032	2442725	275893915
3356	1357	1666	4319	583207	40777785	734791	55963559
3357	15	1140	915	583391	40790783	0	0
3358	1652	2773	1388	583552	40800907	712003	53556127
3359	2246	3230	1602	583948	40827989	752576	57757719
3360	2126	2238	4582	584119	40839555	2032050	215623395
3361	949	3028	851	584418	40865633	1222050	108391700
3362	219	515	775	584442	40867708	804411	63098393
3363	1514	1889	1437	584507	40873136	646354	46911448
3364	1326	2491	2850	584780	40895701	683547	50405669
3365	1402	3214	5710	585256	40937718	635359	45981073
3366	63	3143	957	585527	40967385	588644	41285334
3367	270	2661	1554	585690	40984075	727021	55177220
3368	253	1718	366	586019	41014748	609166	43586032
3369	165	1386	1515	586106	41022693	719389	54350687
3370	557	2415	1144	586179	41029975	777675	60466036
3371	740	3348	1167	586530	41061418	3376316	429800464
3372	856	3043	1215	586648	41072678	1467424	139175895
3373	1333	1681	3013	586683	41075502	981017	82131372
3374	420	2992	1295	586857	41094261	1184045	104058914
3375	381	3074	1609	586868	41095803	4292080	594529507
3376	646	840	1819	586995	41108993	673170	49477801
3377	583	3208	996	587907	41198043	926219	76507120
3378	3012	3131	8651	587917	41199580	724769	54890632
3379	348	1403	896	588389	41256333	622905	44805512
3380	1407	2670	2906	588490	41266166	612156	43864782
3381	2273	3366	2530	588644	41285334	851542	68231485
3382	532	3259	3247	589107	41343846	1989904	208861286
3383	514	2810	1881	589209	41355181	1068906	91657937
3384	753	1075	1425	589274	41362273	938721	77658051
3385	2484	3069	3729	589502	41393135	619240	44522997
3386	579	2128	1175	589757	41426087	1332264	121610915
3387	248	1535	1147	590217	41481793	1543056	148438092
3388	2821	2913	5716	590271	41488320	597829	42293585
3389	655	1112	1251	590428	41507249	908584	74421024
3390	917	1170	1031	590606	41530088	1436503	135058925
3391	1274	2037	2125	591562	41640625	765179	59213927
3392	110	1920	2260	591697	41654481	1253778	112249466
3393	1888	3017	4183	591764	41661895	1052183	89827258
3394	1008	1241	1919	592097	41699709	0	0
3395	1713	2718	1835	592598	41757937	714655	53862013
3396	1495	3076	3383	592991	41802675	1396642	130040324
3397	2196	3031	2906	593000	41803425	810531	63713888
3398	1854	2479	1330	593190	41825515	2249686	246973334
3399	753	1620	1526	593462	41857562	3764885	498873689
3400	1545	2379	1255	593701	41883175	712987	53659595
3401	78	2625	1086	594360	41947631	1012766	85769980
3402	3100	3145	3206	594421	41951792	704498	52774124
3403	823	1230	510	594789	41986400	2138324	231203427
3404	907	1598	1453	595231	42022947	3624673	474578289
3405	796	3224	2982	595580	42054203	629096	45353734
3406	689	1935	2088	595757	42069664	905018	74041047
3407	427	1102	1059	595867	42079705	654528	47681514
3408	2018	3047	1790	595977	42090740	1884335	194160333
3409	23	3231	2460	596406	42129143	1321861	120333940
3410	1319	2968	2627	596774	42165324	1656463	163538296
3411	2230	2752	6699	597152	42201043	1272494	114426203
3412	264	2722	1305	597154	42201205	2870897	344006994
3413	1999	3039	4755	597200	42206349	677820	49933186
3414	2355	2817	1738	597250	42213829	2967655	359991907
3415	2850	3303	3808	597576	42258059	2406584	270007444
3416	2130	3388	6217	597829	42293585	1350188	124198934
3417	273	1447	495	598370	42383344	633531	45790386
3418	158	1818	2041	598692	42426932	600328	42643061
3419	2502	3333	3662	598913	42458248	876357	71143270
3420	11	2029	109	598922	42459740	0	0
3421	1083	1348	2355	599343	42521120	1124590	97362471
3422	1853	2700	3174	599847	42583758	1758707	177133249
3423	1114	3265	4245	600157	42620932	4152292	569169858
3424	2996	3418	2534	600328	42643061	775400	60215739
3425	405	2809	1773	600838	42707878	0	0
3426	421	1707	646	601145	42744008	0	0
3427	2397	2531	4075	601245	42755210	1301652	117954027
3428	42	1360	598	601992	42844633	806012	63281803
3429	880	1584	2194	602039	42849599	1140048	98823470
3430	2955	3234	3580	602111	42857533	0	0
3431	194	716	471	602717	42925881	1011997	85691040
3432	196	1910	893	603014	42954523	1200372	106052071
3433	1150	1960	856	603281	42978968	1541519	148249818
3434	2171	3237	6062	603399	42988088	787507	61403436
3435	587	1195	1356	603719	43023152	1263704	113353101
3436	232	742	866	603896	43041441	810322	63694012
3437	1010	1039	757	604085	43063124	859651	69283817
3438	2021	3099	6768	604173	43072069	763597	58985293
3439	1463	2606	805	604460	43107522	0	0
3440	2317	2747	4430	604777	43144665	952568	79208458
3441	111	639	1412	604884	43158975	0	0
3442	1821	2338	2242	605171	43195430	1391106	129414834
3443	1666	2581	4834	605278	43208148	3041652	373075643
3444	1917	3293	6179	605779	43273042	1074269	92187332
3445	2372	3219	983	607631	43464293	623694	44885534
3446	2353	2555	2771	607973	43490369	0	0
3447	744	1368	1233	608045	43496963	1015369	86085980
3448	1962	3101	3359	608649	43546013	851542	68231485
3449	373	829	622	608661	43547039	889459	72542406
3450	2671	3368	1274	609166	43586032	836991	66577874
3451	830	3286	4706	609549	43615600	713314	53699108
3452	151	2037	1522	609786	43637696	0	0
3453	1534	2227	4382	610552	43700370	2757386	325544589
3454	2734	3309	4701	610611	43705435	1001718	84532248
3455	911	3292	3053	610764	43721875	677820	49933186
3456	1494	1508	681	611347	43786502	680210	50148187
3457	1113	2730	1354	611610	43810178	2506857	286017321
3458	1553	2252	5358	612021	43849807	0	0
3459	689	1141	981	612104	43859105	654073	47637375
3460	784	3380	3308	612156	43864782	704310	52756256
3461	1797	2708	5834	612368	43889258	841417	67208268
3462	1906	2098	938	613148	43985524	904584	74001287
3463	1099	1394	1424	613275	43999544	1049327	89546094
3464	2329	3341	2624	613388	44011926	682468	50309113
3465	1535	3184	3615	613818	44059651	0	0
3466	26	2307	1123	614018	44083132	1822268	186386850
3467	1831	1937	1797	615108	44199575	975396	81513799
3468	1486	1707	973	615215	44209812	0	0
3469	843	1354	809	615287	44217040	3520316	455916154
3470	1752	3354	2982	615426	44232725	688419	50992521
3471	2037	2341	2001	615676	44257157	839167	66924661
3472	194	1021	223	615905	44280060	750970	57572743
3473	820	2799	868	616111	44299057	2861479	342479548
3474	341	491	683	616150	44302530	1437130	135145358
3475	2332	2582	1445	617008	44372194	707915	53166697
3476	1401	1828	1329	617178	44384797	1550810	149301765
3477	824	2264	1823	617706	44421839	2222524	242913819
3478	2388	3267	1661	618317	44461621	618811	44493772
3479	294	3478	1838	618811	44493772	903207	73895351
3480	2209	3385	4459	619240	44522997	1070570	91825408
3481	281	2462	877	619254	44524212	711284	53496971
3482	1756	2323	855	619308	44528980	3155991	392850294
3483	499	2177	1154	619634	44555491	1208664	106800670
3484	816	3012	5885	620436	44613355	2577265	296820686
3485	2662	3012	7765	620767	44638722	649118	47104541
3486	386	2977	1088	622385	44766441	1043482	88971806
3487	954	1728	2321	622436	44769619	1202528	106271139
3488	278	2116	1131	622640	44784772	1615329	157315605
3489	14	855	844	622646	44784882	2204569	240801815
3490	1391	2217	2638	622725	44789636	801472	62777532
3491	313	1895	476	622737	44790983	0	0
3492	1620	2498	3062	622893	44803239	771660	59861071
3493	2742	3379	2915	622905	44805512	1209362	106885228
3494	530	1199	617	623071	44822095	1095892	94481050
3495	487	2659	1473	623173	44832358	703135	52670005
3496	898	917	1916	623210	44834937	653697	47597585
3497	38	2943	4476	623466	44859640	1529386	146773440
3498	2709	2853	3258	623489	44861109	1557010	150021497
3499	931	3445	1841	623694	44885534	1403192	130843999
3500	311	648	691	624003	44924060	873603	70859448
3501	457	3281	1085	624107	44936030	762096	58818044
3502	75	3061	354	624294	44955745	0	0
3503	855	2026	1721	625846	45090780	905104	74049188
3504	2061	2430	2614	625851	45091258	0	0
3505	1897	3187	3474	626346	45128098	697229	52090525
3506	1746	2865	974	626411	45135076	2654892	309716657
3507	523	2551	1119	626497	45141333	931589	76955806
3508	103	3093	286	626835	45169826	747740	57208041
3509	687	2712	1292	626876	45173096	2694785	316137123
3510	134	2052	2015	627018	45185542	832374	65967183
3511	1899	2998	2859	627346	45212030	751909	57669446
3512	282	3256	1802	627768	45251302	885833	72186709
3513	79	2368	1145	628490	45309108	2704812	317821563
3514	119	2715	557	628643	45319442	1428074	134013681
3515	321	525	617	628758	45327482	724553	54866921
3516	473	699	800	628930	45340883	681220	50215143
3517	1271	2671	1566	629061	45351452	0	0
3518	3343	3405	3618	629096	45353734	691552	51408892
3519	2956	3252	6930	629779	45407268	1421981	133391417
3520	599	3016	1511	629805	45409985	1111450	96027389
3521	1975	2643	4509	630317	45462750	856539	68877829
3522	1021	2143	957	630480	45477667	929735	76791102
3523	268	1889	1168	630593	45489049	1101545	95076992
3524	691	912	344	630641	45492804	743677	56839375
3525	1682	3153	2003	631419	45571920	3538201	459282306
3526	465	570	973	631576	45587680	1748859	176071783
3527	888	1418	3422	631859	45612482	712320	53586266
3528	1316	2713	9583	632225	45648248	2279827	251329031
3529	237	2253	1734	632480	45679020	1247238	111485876
3530	1401	1973	1137	632637	45698905	2296651	254037368
3531	3044	3170	2960	632807	45714818	0	0
3532	1250	3417	1149	633531	45790386	865195	69889815
3533	1769	2427	3154	633875	45820590	0	0
3534	2403	2662	3713	633974	45831216	677459	49902575
3535	2121	3256	1878	634415	45877919	1653886	163131406
3536	1191	2380	1616	634419	45878302	767157	59428746
3537	637	639	1749	634675	45904290	1690627	168412393
3538	1764	2917	3292	634879	45926865	0	0
3539	1680	2450	2366	634966	45936179	921528	76027635
3540	485	3365	6117	635359	45981073	674184	49588959
3541	485	778	581	635984	46057928	690800	51316266
3542	2757	3104	4287	636101	46070873	759389	58483393
3543	1685	2152	2229	636256	46088939	3548006	460762660
3544	257	953	1147	636345	46098842	1156279	100935697
3545	24	3445	1000	636907	46160990	0	0
3546	515	815	1251	637176	46186585	858006	69083371
3547	2361	2818	2908	638323	46287574	752818	57789886
3548	600	2461	2165	638888	46332039	933615	77152845
3549	2951	3057	4937	639803	46403409	688664	51022357
3550	147	2978	2540	639941	46413877	1733103	174022523
3551	361	520	278	640519	46462767	2025451	214476182
3552	2644	2651	6655	640851	46489696	1433437	134694249
3553	427	3258	2239	641279	46526462	917422	75467908
3554	1925	3045	2565	641887	46573639	1280152	115425311
3555	1372	1650	1703	642147	46595675	759389	58483393
3556	504	3067	3953	642694	46640150	751909	57669446
3557	1790	3233	4421	642994	46665108	912126	74829139
3558	632	969	859	643596	46724311	0	0
3559	1399	2637	1146	644389	46785242	794386	62073212
3560	1515	2957	843	644812	46817132	978977	81906371
3561	185	1034	852	644854	46819812	0	0
3562	60	1510	791	645593	46869759	1405546	131113167
3563	1093	3363	1747	646354	46911448	843465	67457170
3564	703	2221	1551	646491	46918632	2150144	232829004
3565	727	1523	356	646892	46940567	1575162	152291663
3566	304	2849	496	646909	46941338	0	0
3567	2395	2953	915	646916	46941521	0	0
3568	317	1832	977	647321	46963797	3553963	461621535
3569	2358	2797	4137	647415	46969543	1053241	89935680
3570	2586	3323	3061	647740	46992816	1565761	151158036
3571	3155	3286	6717	648038	47015176	1408616	131584427
3572	136	482	290	648324	47038110	1402985	130822103
3573	1700	2146	1569	648609	47064734	3308270	418573785
3574	2470	3485	9124	649118	47104541	684917	50567986
3575	2027	2545	5041	649413	47135862	991957	83484102
3576	167	1553	1943	650342	47241799	1981867	207739712
3577	1214	3137	2542	650777	47283841	1879670	193653616
3578	1924	2673	3331	651374	47335803	1356404	124951813
3579	1358	2793	795	651396	47337186	1088969	93878031
3580	2533	2906	4065	651477	47345432	1346284	123701975
3581	524	3344	1845	651479	47345741	1164133	101691436
3582	356	1599	1191	651486	47346388	833666	66091156
3583	1450	2073	1676	651522	47350359	1954766	203895915
3584	959	2390	1102	651634	47364638	709541	53328815
3585	735	1312	1457	652138	47425866	0	0
3586	1255	2266	1277	652717	47485567	826140	65331850
3587	511	2044	2396	652762	47489529	709524	53327337
3588	421	2752	4808	652788	47491385	758295	58365688
3589	850	1366	1081	653124	47530370	887677	72363409
3590	1291	2519	3050	653229	47541861	751677	57643578
3591	1013	3496	2001	653697	47597585	0	0
3592	682	3459	1254	654073	47637375	757245	58260221
3593	219	2736	1280	654410	47671830	2082879	223097424
3594	33	3407	1070	654528	47681514	796709	62319288
3595	886	1577	1600	654760	47705809	0	0
3596	48	2416	1264	654930	47722544	1064530	91137433
3597	2830	3311	1992	655142	47744407	1999786	210338574
3598	1194	1842	2078	655654	47795086	782704	60980739
3599	180	1339	1466	655899	47817753	1015078	86048446
3600	1710	2941	3406	656295	47853079	696574	52025856
3601	645	3098	1471	656299	47853700	3505799	453076010
3602	1050	3015	4553	656750	47898337	981465	82182386
3603	1165	1985	1891	657583	47982461	1360769	125537027
3604	1847	2852	1981	658134	48032497	883778	71969076
3605	2202	2886	1849	658213	48040223	2678815	313756350
3606	263	2060	1514	658325	48050018	722375	54637096
3607	1	1880	336	658686	48082252	936670	77427295
3608	1937	2503	2975	658691	48082722	1379120	127934220
3609	770	3263	2908	658847	48095672	1154972	100763205
3610	376	1127	901	659016	48112493	818402	64521388
3611	3319	3363	2090	659148	48125765	0	0
3612	65	274	85	659211	48131975	812184	63875734
3613	23	1637	563	659771	48183520	758671	58409156
3614	320	1390	639	659906	48197405	0	0
3615	573	1148	2322	659909	48197650	812184	63875734
3616	1023	1803	2052	660192	48223356	1753298	176597540
3617	2630	2698	2189	660539	48254303	1241462	110740403
3618	899	1304	1649	660823	48278435	795538	62191822
3619	1865	2164	2186	661438	48333106	756676	58197931
3620	733	1327	1091	661454	48334103	778407	60542258
3621	734	2115	1447	661636	48350094	2731379	321560540
3622	1700	2315	2551	662087	48387112	2787434	330424283
3623	1840	2039	3219	662620	48429737	960839	80073695
3624	125	3160	958	662647	48432001	1038328	88481833
3625	1802	2974	2305	662861	48449314	1346284	123701975
3626	3001	3205	3547	663150	48473919	3107955	383632282
3627	1677	2877	6216	663215	48479387	0	0
3628	1783	1928	877	663732	48536811	0	0
3629	2081	3127	2620	663922	48556283	0	0
3630	367	967	999	664050	48569438	691393	51386302
3631	1667	2923	1456	664483	48618831	1601200	155598047
3632	220	703	216	664988	48670609	1148648	100017940
3633	833	3269	5259	665961	48752104	891032	72712131
3634	736	2617	2533	666010	48758131	1492499	142436978
3635	2320	3268	6063	666232	48778932	3518644	455579039
3636	685	2700	1740	666257	48781555	908685	74431839
3637	38	530	258	666552	48815627	783066	61013442
3638	723	2047	1133	666620	48824082	2264380	249009008
3639	404	1710	1249	667073	48874110	2645577	307869016
3640	1809	2830	3307	667414	48910616	1285379	116047391
3641	405	1833	2564	667427	48911604	3111030	384190610
3642	501	1404	1132	667521	48920522	0	0
3643	1928	2227	4442	669052	49061358	775027	60176770
3644	2346	3120	2650	669232	49077039	1000045	84333332
3645	1658	3158	4624	669403	49091340	1409216	131689598
3646	2345	2427	3211	669760	49130266	886803	72278275
3647	1678	2331	4258	669850	49140000	3857845	516558290
3648	327	2459	1534	670414	49204509	949553	78888739
3649	336	1043	1270	670925	49255218	1224158	108649602
3650	2448	3135	7087	671139	49272186	1498793	143136745
3651	771	1003	1971	671605	49322024	0	0
3652	561	2202	739	671936	49353620	2048607	218073199
3653	768	2981	2524	672010	49361387	806158	63297259
3654	279	2548	5957	672333	49393094	976363	81618415
3655	1059	1439	1481	672590	49420153	799734	62622060
3656	761	3173	3274	672907	49452272	1104767	95416457
3657	814	1430	793	672965	49457503	1388649	129161308
3658	1458	2765	1326	673143	49475140	781353	60866684
3659	1108	3376	2009	673170	49477801	0	0
3660	2566	3540	7486	674184	49588959	0	0
3661	1991	2278	886	674440	49620053	843145	67419751
3662	1262	3109	3775	675400	49723399	1265371	113535110
3663	296	2521	731	676328	49815294	775548	60230936
3664	1923	2302	2107	676889	49863189	2494725	284068805
3665	536	1634	1596	677323	49893125	687096	50840212
3666	277	3534	3919	677459	49902575	1275403	114823492
3667	3413	3455	7808	677820	49933186	866664	70035473
3668	1197	2362	1696	677975	49951591	777667	60465451
3669	1790	2625	2426	678916	50045156	809506	63611004
3670	3129	3456	1972	680210	50148187	688099	50956740
3671	1440	3516	1612	681220	50215143	1158174	101148200
3672	3245	3350	2550	681289	50219087	1833648	187810517
3673	819	2762	2113	681407	50226376	4280320	592115015
3674	272	2785	357	681430	50228191	702055	52584457
3675	1936	3326	1526	681499	50232450	1498793	143136745
3676	1146	2483	3567	681551	50236565	1771151	179029755
3677	981	1947	1052	682056	50276163	858006	69083371
3678	3302	3464	5743	682468	50309113	867571	70164485
3679	57	2160	65	682952	50357206	805474	63222365
3680	852	1215	593	683383	50392272	864288	69802169
3681	1935	2789	5717	683482	50399870	1727008	173279714
3682	2949	3309	5376	683533	50404530	2096531	225139821
3683	2263	3364	3257	683547	50405669	727704	55240920
3684	1880	3347	1310	683580	50409578	1059599	90630997
3685	843	1412	1515	684049	50461912	1188997	104581812
3686	112	3058	1235	684303	50495305	795049	62141542
3687	2060	3313	2539	684541	50524434	947455	78646766
3688	794	2214	1527	684892	50564704	775109	60187100
3689	1068	3574	9224	684917	50567986	0	0
3690	207	2010	511	685166	50604547	1225741	108835612
3691	106	2140	1098	685994	50716779	1023372	86883459
3692	2087	3341	4007	686181	50737122	1275193	114795471
3693	298	3024	1147	686835	50813268	3043163	373350134
3694	770	3665	1713	687096	50840212	1012250	85717038
3695	842	1069	1072	687421	50873740	945156	78406539
3696	89	1852	408	687427	50874481	1333290	121754046
3697	1068	3285	3580	687478	50880340	722040	54603346
3698	822	2288	1335	687635	50899113	825328	65246857
3699	2248	2509	2196	687686	50903998	691074	51349354
3700	125	3670	1998	688099	50956740	0	0
3701	2501	3470	4161	688419	50992521	1554369	149672095
3702	1069	2181	1824	688564	51011158	1007849	85241801
3703	2313	2784	5155	688633	51019362	705677	52894299
3704	987	3549	6347	688664	51022357	1618944	157804506
3705	2604	2834	4759	689358	51127196	898341	73511556
3706	2048	2094	3272	689761	51184982	1036465	88247982
3707	69	3541	637	690800	51316266	2149214	232697632
3708	2177	3699	2878	691074	51349354	828103	65539157
3709	2744	3630	4415	691393	51386302	1899723	196181849
3710	1681	3518	5468	691552	51408892	1584670	153443218
3711	1753	3137	2342	691567	51410223	1062277	90890509
3712	1301	2614	2157	691742	51432332	1959385	204578949
3713	274	1333	1221	692195	51492650	0	0
3714	2125	2767	4120	692387	51518601	1357783	125127235
3715	2408	3153	4534	692852	51582339	2540294	290868349
3716	938	3049	2253	693512	51665135	2055680	219317719
3717	176	2317	1637	693821	51698457	1313394	119339372
3718	924	1203	2373	693856	51702381	1197834	105737629
3719	1807	3470	3528	694400	51774374	4455744	627054244
3720	380	2519	3162	694416	51776615	778754	60576842
3721	229	2484	2819	694913	51837463	1199029	105886475
3722	438	2375	919	695191	51869721	704982	52820630
3723	2395	2473	1852	695227	51874294	0	0
3724	804	2402	3081	695361	51891285	4419803	619474785
3725	1234	2328	1507	695773	51942691	1628245	159082259
3726	1615	2634	2177	696259	51995617	716877	54067157
3727	2775	3600	4389	696574	52025856	936296	77389884
3728	3207	3505	6318	697229	52090525	716961	54075058
3729	2124	2367	805	697577	52133748	2909689	350719314
3730	831	2161	735	698147	52196115	0	0
3731	1351	3600	3651	698360	52216647	763067	58922528
3732	1977	2676	2792	698430	52223984	917550	75485389
3733	1194	1817	2294	698693	52253861	825820	65300439
3734	84	2534	2345	698964	52282330	3358025	426438952
3735	201	1668	746	699320	52322603	853354	68430630
3736	1119	1180	678	699373	52328027	1597694	155108095
3737	1149	1356	2564	699885	52380628	928749	76701356
3738	723	2738	1388	699962	52388597	1419536	133131718
3739	2317	3058	2761	700067	52398399	2684035	314711009
3740	658	2368	1481	700532	52445308	1846576	189416451
3741	341	2748	2336	700579	52449444	904848	74024360
3742	658	2667	639	700935	52488687	1790198	181634483
3743	2165	3674	1178	702055	52584457	888770	72478621
3744	838	2771	1035	702059	52584699	3057581	375483664
3745	1165	2930	2133	702218	52597205	2410351	270637220
3746	1895	3343	924	702225	52597550	767157	59428746
3747	386	2409	3041	702230	52597804	4126755	564704853
3748	5	2022	117	703056	52663368	0	0
3749	780	3495	1838	703135	52670005	908730	74437040
3750	211	1367	291	703278	52678625	825965	65315189
3751	38	1385	2508	703307	52681274	2229798	243956328
3752	1970	2741	2513	703542	52698935	1424996	133695655
3753	603	3460	3798	704310	52756256	3062690	376310520
3754	497	2996	723	704443	52769733	1068729	91640875
3755	687	3402	4035	704498	52774124	742287	56701163
3756	277	526	302	704687	52793736	762702	58884381
3757	833	2863	1708	704915	52814668	4256505	587725580
3758	3148	3722	1607	704982	52820630	2792787	331171373
3759	1742	3202	2853	705021	52824638	1920920	199038340
3760	502	1454	2369	705073	52830280	3268455	411943391
3761	446	981	1060	705419	52866402	744836	56962678
3762	1560	3703	6068	705677	52894299	743325	56799818
3763	916	3046	2796	706028	52936971	940246	77851819
3764	2907	3146	4626	706036	52937366	1288738	116498264
3765	58	2660	2929	706395	52982381	891517	72775610
3766	766	2712	1138	707140	53086513	1500254	143304298
3767	769	1806	682	707551	53131503	821094	64815696
3768	1938	3475	1691	707915	53166697	0	0
3769	807	2438	1481	708416	53214121	1393542	129696475
3770	1532	1795	2843	708468	53218820	779432	60648467
3771	1640	1815	3068	708529	53224963	1007230	85171729
3772	306	2539	1593	708750	53252036	1549423	149140685
3773	280	1455	1153	709054	53279875	820556	64754813
3774	2272	3587	3052	709524	53327337	1317076	119757635
3775	1316	3584	3063	709541	53328815	1702343	170044655
3776	2142	2260	2353	710001	53378312	728093	55281122
3777	197	1389	360	710012	53379391	1469755	139549293
3778	298	1308	937	710069	53383279	1248594	111654803
3779	538	910	788	711019	53473989	2373325	264982217
3780	2202	3481	1457	711284	53496971	772748	59961957
3781	1384	2437	832	711540	53517056	0	0
3782	702	1132	1120	711669	53527206	2582464	297714431
3783	2776	3288	1759	711753	53532963	1732748	173980097
3784	729	1945	1190	711800	53537426	2321329	257831681
3785	2294	3052	3973	711920	53548267	3238201	406518461
3786	590	3358	1951	712003	53556127	1112082	96091395
3787	1214	3527	4774	712320	53586266	801675	62794901
3788	49	2750	4107	712572	53613601	1803067	183555629
3789	1616	3516	1397	712854	53644534	733278	55797108
3790	461	3400	1744	712987	53659595	3574622	465036020
3791	2180	3175	3933	713234	53689458	986730	82841859
3792	650	3451	5256	713314	53699108	1138372	98657623
3793	383	3395	2103	714655	53862013	1150382	100229415
3794	3248	3418	3516	715010	53905238	3295343	416680832
3795	609	2107	1046	715870	53985851	1002815	84671599
3796	2500	3336	2917	716775	54059055	1260149	113030411
3797	2802	3726	2808	716877	54067157	1180065	103602805
3798	912	2171	3257	716915	54070291	1665661	164955958
3799	2037	3728	7779	716961	54075058	1527449	146528374
3800	1962	3060	3020	717662	54163129	928117	76641534
3801	1151	2338	1895	717856	54183723	2219230	242479278
3802	2496	2513	1815	718248	54232723	1068927	91660960
3803	829	1512	1085	718461	54256840	1312322	119227610
3804	1506	2047	1046	719255	54339585	771193	59818732
3805	2746	3369	2871	719389	54350687	1813650	185175672
3806	920	2144	1971	719487	54360657	1288256	116427545
3807	2908	2957	2338	720042	54413818	2249071	246884846
3808	2678	2699	4143	720268	54434513	938450	77627001
3809	799	1337	365	721047	54511152	746500	57103657
3810	918	2191	1129	721064	54512104	1009652	85442693
3811	1618	2041	1841	721219	54524606	0	0
3812	45	3284	1215	721444	54547014	1506847	144003829
3813	1219	2624	1105	721825	54583473	790084	61672833
3814	2603	3697	4470	722040	54603346	856539	68877829
3815	2432	3606	3292	722375	54637096	0	0
3816	896	2513	1812	722582	54657499	915336	75200581
3817	367	3045	2065	722878	54689043	833961	66123940
3818	520	3094	1131	722918	54692513	1221918	108373012
3819	98	2033	1287	723247	54725639	0	0
3820	2383	2961	4897	723652	54764690	2575956	296613184
3821	488	2380	1960	723807	54782261	1171785	102594178
3822	119	2311	2934	724174	54824614	867691	70177993
3823	2540	2836	1112	724192	54826214	921204	75992180
3824	220	326	955	724281	54836705	3806988	507108464
3825	3288	3515	1121	724553	54866921	1129610	97878109
3826	1242	3378	9280	724769	54890632	1581753	153053095
3827	2427	3318	4264	725143	54942734	1702375	170048848
3828	593	1609	1125	725268	54961962	762835	58899314
3829	365	1205	776	725291	54965216	1499609	143229694
3830	1790	3367	2978	727021	55177220	1315616	119595137
3831	1700	2930	1893	727578	55229924	1998258	210068291
3832	467	3683	3354	727704	55240920	0	0
3833	256	376	342	727720	55242655	883354	71918849
3834	514	3776	2583	728093	55281122	1193574	105121312
3835	797	2689	553	728098	55281694	1253740	112245272
3836	29	2781	1857	728590	55335209	1117162	96531584
3837	562	2768	1942	728704	55345187	2950823	356932783
3838	272	2507	1099	729052	55380537	1557674	150145523
3839	1874	2033	2186	729767	55445412	1915203	198357868
3840	948	1269	864	729909	55457617	882978	71878265
3841	1284	3344	2239	729985	55465322	2742027	323136637
3842	58	1976	1249	730392	55500664	903898	73948212
3843	2124	2364	2425	730528	55511188	877680	71295706
3844	154	3127	1952	730720	55527694	1790424	181661659
3845	2413	3587	5070	730877	55540939	0	0
3846	2456	2540	1888	730903	55543709	878538	71402023
3847	562	1011	1390	730928	55546173	1719231	172328213
3848	528	1435	663	731413	55591781	747832	57218632
3849	755	1788	2610	731430	55593478	1556402	149933418
3850	181	2618	2720	731446	55595913	1652243	162871874
3851	2819	3327	4312	731728	55630753	3026060	370272935
3852	1123	3290	724	731845	55646355	903898	73948212
3853	459	1810	2040	731981	55659490	907006	74244874
3854	995	2698	2601	732628	55731192	1394705	129821980
3855	818	1009	841	732709	55738928	3993898	541530176
3856	3158	3789	4553	733278	55797108	1936165	201226914
3857	2433	2841	7081	733332	55802535	852591	68336458
3858	2520	2608	1128	733480	55823784	819918	64686233
3859	2861	3356	5911	734791	55963559	1063205	90982269
3860	1639	2144	2728	735371	56030081	869961	70490877
3861	433	2431	1331	735419	56035513	0	0
3862	1672	1697	3591	735749	56070644	1594108	154601941
3863	67	2548	5880	735914	56089244	958086	79765766
3864	1737	1784	2877	736025	56103807	1383593	128524398
3865	2410	2764	1484	736408	56155189	1962541	205007483
3866	778	1582	2701	736655	56184997	0	0
3867	483	1511	1330	737917	56320172	1839876	188606803
3868	280	318	459	737972	56324017	2167909	235193110
3869	2875	2936	2580	738807	56393969	3240451	406952895
3870	36	2627	397	739209	56426263	825328	65246857
3871	2252	2843	4345	739348	56436197	784839	61160607
3872	1668	3192	2414	739378	56437665	936349	77393475
3873	1328	2864	4254	739513	56448514	0	0
3874	1474	1492	2539	740027	56500178	1216858	107777035
3875	2686	3402	4266	740177	56515158	2472771	280532434
3876	1087	1753	1948	741304	56620349	837369	66648366
3877	1289	1727	1385	741978	56674670	859637	69281983
3878	2545	2659	4195	742008	56677062	1117752	96594556
3879	1476	1572	1418	742057	56681431	874002	70894145
3880	835	1172	646	742061	56681596	0	0
3881	2142	2738	2164	742268	56699061	2962998	359143228
3882	25	3755	4039	742287	56701163	0	0
3883	1159	3323	3326	742988	56769327	3279591	413832267
3884	1760	3762	6911	743325	56799818	0	0
3885	546	3524	612	743677	56839375	1719613	172376723
3886	388	2595	864	743969	56871524	2315794	257112330
3887	1856	2694	1676	744180	56897257	1075670	92380787
3888	278	3761	1227	744836	56962678	1010141	85494737
3889	759	1114	1228	745129	56990599	1152028	100429007
3890	1015	1274	1384	745390	57012969	916297	75324364
3891	745	2705	322	745458	57017796	2204171	240752457
3892	172	2450	1381	745692	57036763	0	0
3893	1062	1292	1896	745850	57050026	2104765	226229478
3894	222	2893	1654	746097	57070894	1328998	121123004
3895	2030	3809	2178	746500	57103657	1563598	150918322
3896	705	1331	1526	746766	57124763	797899	62434632
3897	2217	3039	3640	746871	57133855	1480108	140889437
3898	1	484	711	747416	57182209	1784569	180953527
3899	684	3204	2051	747511	57190758	1130920	98004323
3900	1872	3164	3060	747725	57206431	842104	67293018
3901	3291	3508	3575	747740	57208041	2366404	264093340
3902	3284	3848	1835	747832	57218632	755647	58101128
3903	305	1741	1832	747906	57226779	1644982	161784512
3904	1951	2616	2469	748106	57249239	1228820	109272504
3905	586	800	725	748399	57283621	3115152	384857894
3906	2046	3091	6876	748565	57297833	1121549	97024369
3907	223	1525	3242	748803	57328135	971432	81058775
3908	125	2032	553	748999	57350125	832043	65932408
3909	1112	1273	1957	749782	57437544	0	0
3910	2108	2568	1796	749848	57443603	2075820	221891044
3911	1004	2772	3195	750053	57466724	1647340	162140112
3912	1226	3540	7463	750172	57480414	1628878	159192595
3913	594	1601	1245	750481	57518285	836822	66548445
3914	211	2806	184	750830	57555879	1602932	155814688
3915	1332	3472	1208	750970	57572743	1510383	144415379
3916	2951	3590	5095	751677	57643578	793713	62010674
3917	337	1193	1273	751723	57648393	1119222	96774434
3918	3511	3556	6812	751909	57669446	0	0
3919	343	2228	936	752297	57719780	2575956	296613184
3920	832	2605	2745	752344	57726747	1037752	88412492
3921	2515	3359	2092	752576	57757719	1101447	95066196
3922	200	536	643	752650	57767324	1600157	155454054
3923	575	1765	650	752678	57770731	866182	69983658
3924	1328	3547	3257	752818	57789886	952662	79220470
3925	195	2429	1255	753435	57871986	2075431	221831765
3926	1772	2964	1111	753808	57913383	1783966	180878603
3927	376	2623	1843	753913	57925672	1007729	85229215
3928	2070	2335	2402	754878	58028912	1779899	180401562
3929	68	1657	1836	755285	58068426	1376050	127424772
3930	1868	3289	1361	755322	58072126	1051078	89718199
3931	1270	3902	3230	755647	58101128	994853	83773110
3932	1915	2638	2737	755919	58125652	3800523	505999042
3933	1288	3205	2015	756056	58140732	0	0
3934	15	486	548	756401	58174811	1663236	164576314
3935	141	3516	855	756416	58175795	1000622	84392456
3936	54	3619	2264	756676	58197931	1015369	86085980
3937	1748	1993	4291	756802	58212285	2538498	290631908
3938	565	3141	1229	757112	58246722	1622683	158266460
3939	2322	3592	1501	757245	58260221	853989	68508473
3940	1469	1597	1471	758014	58336175	2656860	310010063
3941	2187	2202	1180	758094	58344576	3128588	387528409
3942	1102	3588	5812	758295	58365688	1441359	135674100
3943	1216	3613	915	758671	58409156	933615	77152845
3944	668	1404	559	758913	58436220	793616	62003984
3945	1803	3059	2327	759254	58468868	776196	60306425
3946	3542	3555	5990	759389	58483393	786123	61271299
3947	718	3305	2149	759558	58504878	759825	58538050
3948	2551	3152	1931	759695	58523813	1452664	137248447
3949	2829	3947	6859	759825	58538050	1192636	104967192
3950	614	1062	1057	760272	58602327	831410	65872825
3951	334	2593	1471	760582	58645225	1108859	95813117
3952	1886	2975	2367	760759	58666492	777284	60427005
3953	679	1083	1531	761524	58761925	1340564	122837807
3954	2615	3501	3282	762096	58818044	816908	64331177
3955	879	2591	2389	762171	58826704	1009652	85442693
3956	831	1388	1054	762228	58832978	763597	58985293
3957	1018	1594	1569	762493	58863402	1550037	149212579
3958	481	3756	384	762702	58884381	1181355	103765335
3959	525	3828	1309	762835	58899314	2375216	265222190
3960	2777	3731	4004	763067	58922528	1084113	93226070
3961	1993	3756	3107	763335	58952412	1329670	121220527
3962	1994	2225	3615	763454	58966322	0	0
3963	3438	3956	7822	763597	58985293	893345	72995306
3964	1245	3413	5872	764131	59070663	1304417	118256218
3965	2449	2469	820	764380	59108518	899015	73574676
3966	351	3391	2324	765179	59213927	2307416	256042478
3967	569	1106	723	765205	59216957	1068906	91657937
3968	118	3220	1719	765640	59266563	945451	78438408
3969	881	2396	1149	765696	59272825	906314	74169673
3970	950	1821	1110	766413	59354694	2264656	249047961
3971	2219	2876	2374	766617	59375406	835636	66336674
3972	1491	3194	977	766921	59405671	0	0
3973	3536	3746	2540	767157	59428746	815035	64133048
3974	1139	2377	1132	767410	59457118	1391106	129414834
3975	163	854	961	767765	59492324	1285379	116047391
3976	805	1587	1089	767961	59511366	0	0
3977	1665	2328	1511	768399	59551461	2124506	229257822
3978	1673	1858	2691	768568	59566715	1599812	155405348
3979	807	1152	1457	768781	59583610	840973	67160199
3980	455	3388	5995	769068	59608630	996219	83913853
3981	1332	3026	1676	769418	59646183	2357040	262705995
3982	638	1600	896	769650	59670073	1986598	208373893
3983	736	1326	694	769926	59697161	3056704	375360770
3984	1167	3089	4963	770475	59743809	835138	66267000
3985	2545	3138	5989	770577	59752923	823384	65039206
3986	1106	1737	1412	771115	59812317	839167	66924661
3987	1936	3804	1089	771193	59818732	0	0
3988	48	3492	3079	771660	59861071	0	0
3989	798	1612	1049	771781	59871961	1395577	129915466
3990	2011	3058	3132	772112	59904951	1160640	101380801
3991	820	1181	511	772731	59960776	1676881	166443042
3992	301	3780	1719	772748	59961957	1117297	96543190
3993	1597	2367	1190	772993	59985085	2630590	305236039
3994	963	3203	2678	773192	60003814	1192750	104980841
3995	61	2887	1411	773470	60028746	1044176	89028984
3996	9	2752	4612	773899	60068908	3094903	381501784
3997	493	1573	1550	774094	60088636	0	0
3998	544	2216	2506	774245	60102505	891197	72732106
3999	3052	3776	3582	774308	60107927	3851558	515382287
4000	2345	2586	1834	774956	60170612	2865022	343099249
4001	897	3643	4969	775027	60176770	2232875	244371813
4002	1761	3688	2430	775109	60187100	953672	79334806
4003	1157	3424	3250	775400	60215739	2096063	225088064
4004	716	1918	582	775528	60229815	851109	68193658
4005	210	3663	759	775548	60230936	916102	75297819
4006	2968	3945	4763	776196	60306425	2970753	360638286
4007	270	3472	471	777110	60409440	909740	74550957
4008	2698	2722	1912	777241	60423918	2222524	242913819
4009	37	3952	2402	777284	60427005	2277877	250990582
4010	675	1752	1086	777446	60441650	798037	62449891
4011	1675	3668	2315	777667	60465451	1907549	197344946
4012	1306	3370	2272	777675	60466036	0	0
4013	2363	2805	1833	777799	60479800	1361016	125569472
4014	48	1783	464	777825	60482128	0	0
4015	806	3620	1244	778407	60542258	779253	60627986
4016	1925	3720	4064	778754	60576842	845394	67658147
4017	2719	3149	3004	779240	60626610	1405527	131109963
4018	296	4015	1356	779253	60627986	1133362	98251075
4019	3193	3770	5900	779432	60648467	3080646	379106480
4020	2185	2704	2137	779871	60702964	0	0
4021	177	1480	321	780400	60766683	923753	76275872
4022	937	2771	860	780564	60786237	834149	66149542
4023	27	789	498	780651	60795079	1842064	188852642
4024	1274	3658	1990	781353	60866684	2884056	345846863
4025	153	2110	648	781728	60898542	2926577	353167408
4026	2606	2780	1781	782236	60944028	1634057	160206924
4027	35	1112	972	782612	60974979	868359	70291822
4028	1242	3598	2707	782704	60980739	1729670	173632836
4029	236	583	450	782783	60988458	2391022	267611167
4030	550	2386	3443	782925	60999990	1661452	164307418
4031	722	3637	590	783066	61013442	2137812	231132177
4032	1498	1533	1433	783149	61021080	877852	71317217
4033	508	868	368	783287	61031710	1533649	147279801
4034	3030	3150	2551	783867	61080626	891873	72822401
4035	409	1397	1340	783926	61085680	0	0
4036	1140	2402	2736	784546	61137306	1195044	105356888
4037	1216	1324	566	784736	61152017	1257561	112735688
4038	149	3871	4460	784839	61160607	2362179	263459457
4039	1849	2351	1599	784928	61168983	2732864	321779203
4040	331	1759	1241	784998	61176447	1343765	123326195
4041	138	731	525	785942	61257469	2265047	249100302
4042	3284	3946	7162	786123	61271299	1192793	104986759
4043	1636	2035	3002	786205	61279106	3278661	413662918
4044	1308	1995	765	786625	61318953	0	0
4045	1403	3434	6842	787507	61403436	2946111	356052503
4046	1966	2064	4421	787642	61416478	985080	82620909
4047	579	3049	1957	788200	61476751	0	0
4048	1867	3124	6291	788589	61517341	858982	69201371
4049	278	2573	1233	789058	61569643	1256029	112554796
4050	2866	3262	3877	789730	61638899	919656	75778751
4051	3053	3813	4272	790084	61672833	948172	78714886
4052	1349	2007	884	790320	61700726	1343033	123208533
4053	1147	1264	1168	791087	61778971	2142159	231749323
4054	1130	2028	867	791329	61799612	811173	63782779
4055	2144	2476	5579	791337	61800382	936778	77435762
4056	2736	3470	4061	791931	61857445	855654	68755940
4057	1932	2715	3003	792334	61895258	1171228	102538026
4058	1253	2264	1852	792873	61942585	2976624	361813325
4059	2416	3944	1806	793616	62003984	4015108	545439652
4060	1017	3916	5479	793713	62010674	889426	72538574
4061	128	1349	444	793809	62021223	798749	62519456
4062	124	1651	500	794180	62054887	809056	63569072
4063	1545	1663	1567	794251	62060971	2219545	242518134
4064	1345	3559	2589	794386	62073212	917515	75480605
4065	1502	2838	1154	794438	62077964	2141523	231651328
4066	1915	2382	1005	794712	62104273	864067	69781191
4067	2752	2973	5948	794766	62109755	836822	66548445
4068	645	2637	482	794964	62130199	902265	73831730
4069	3516	3686	2035	795049	62141542	2642231	307293823
4070	611	1418	3655	795434	62180461	822330	64935335
4071	1590	3618	2350	795538	62191822	1110007	95906013
4072	488	1274	1313	795871	62228114	2278242	251060524
4073	1581	1620	1965	796050	62249212	849670	68068395
4074	2225	3234	3183	796130	62257056	1036187	88211136
4075	1453	2291	2127	796341	62279624	1531475	147050926
4076	354	3594	1143	796709	62319288	0	0
4077	1051	2025	794	797006	62347929	2009374	211849844
4078	1559	1575	2946	797201	62363598	1399286	130350288
4079	460	701	517	797616	62405176	3311550	418974656
4080	3318	3896	4081	797899	62434632	1038328	88481833
4081	1132	4010	1387	798037	62449891	2724159	320605773
4082	1809	2710	2838	798539	62501334	0	0
4083	2897	4061	2009	798749	62519456	0	0
4084	813	2502	2429	798843	62529368	1323643	120515004
4085	581	1877	1166	798849	62529799	1176922	103170410
4086	41	1909	2797	799448	62593484	2529434	289463986
4087	2602	3655	3458	799734	62622060	1404400	130975013
4088	921	2616	1996	799885	62637364	1340800	122872598
4089	185	527	617	800431	62689099	1181934	103823533
4090	763	2203	211	800530	62698593	1027501	87196302
4091	368	1105	1442	801448	62775767	2524247	288842971
4092	2477	3490	3234	801472	62777532	1001060	84446294
4093	1068	3190	2079	801645	62791695	1173594	102779163
4094	48	3787	4791	801675	62794901	1104208	95354654
4095	789	2432	2254	801882	62816133	856106	68819861
4096	1890	2834	3355	801898	62817198	861114	69457246
4097	2067	3683	4195	802233	62854961	2275815	250634759
4098	376	2926	464	802287	62860826	1029820	87407375
4099	1838	2421	1754	802289	62860858	0	0
4100	269	1132	435	802374	62871083	946269	78527418
4101	687	3460	4137	802891	62937110	913770	74990571
4102	1710	2665	1721	803288	62981265	1045250	89125096
4103	43	940	832	803378	62990138	2570130	295676456
4104	860	1105	1326	803396	62992340	980128	82029719
4105	2577	2591	2237	803748	63029976	1064647	91150020
4106	858	1706	1896	803782	63033729	913770	74990571
4107	519	3362	1007	804411	63098393	0	0
4108	54	1560	991	804557	63113492	1462636	138542935
4109	1116	3235	1394	804644	63122781	1123943	97296959
4110	3022	3276	5242	804655	63124114	814444	64072890
4111	1236	2053	1529	805065	63176078	1803067	183555629
4112	3258	3278	2898	805464	63221069	1178552	103395274
4113	1980	3679	656	805474	63222365	3418021	437271522
4114	1608	1857	1263	805544	63231218	1250614	111873697
4115	2785	3428	753	806012	63281803	1781366	180574778
4116	3204	3653	3956	806158	63297259	1566151	151201452
4117	962	1387	2481	806434	63329904	0	0
4118	271	964	498	806449	63331653	908730	74437040
4119	1799	1813	895	807338	63422910	816379	64263921
4120	2794	3245	2822	807893	63470670	1012393	85730113
4121	1976	3006	1675	808397	63512762	1407413	131391030
4122	1135	2891	1148	808626	63531567	843285	67437933
4123	921	1710	1383	808824	63547792	1173855	102808004
4124	1892	2989	2863	808887	63552681	1629757	159358524
4125	2584	4062	1828	809056	63569072	1833920	187842795
4126	692	2969	1792	809062	63569110	1283466	115842078
4127	527	859	1079	809087	63571631	0	0
4128	623	1037	777	809103	63572599	0	0
4129	200	881	908	809329	63594780	0	0
4130	494	3669	2540	809506	63611004	862942	69664131
4131	838	1676	1884	809664	63625449	919656	75778751
4132	1384	2415	1041	809921	63650358	1940128	201837578
4133	1834	3161	3765	809940	63652621	0	0
4134	1511	3436	1949	810322	63694012	1192988	105022729
4135	581	1277	853	810504	63710530	1878601	193512491
4136	1155	3397	3579	810531	63713888	1328552	121054567
4137	1173	2919	1317	810789	63743102	849347	68040359
4138	2004	4054	2758	811173	63782779	2472771	280532434
4139	171	1105	1419	811689	63834441	1519744	145612052
4140	3612	3615	2407	812184	63875734	2218926	242441917
4141	1186	1860	2026	812221	63878850	0	0
4142	893	2681	1845	812752	63928133	3745327	495025698
4143	597	1365	1184	813209	63968847	1893828	195406037
4144	2878	2972	5479	813479	63990930	4104336	561367046
4145	637	1375	990	814296	64060915	1188128	104498689
4146	1432	4110	5963	814444	64072890	1640995	161241833
4147	428	2342	3068	814518	64080658	835920	66392297
4148	773	1134	1431	814874	64118801	1190775	104761243
4149	1412	3973	3775	815035	64133048	2325512	258401152
4150	426	1691	1041	815572	64187610	0	0
4151	102	2621	1136	815976	64224270	910525	74648640
4152	1789	3264	6481	816258	64249338	1075345	92331587
4153	2004	4119	2786	816379	64263921	1030903	87525276
4154	1212	2065	3304	816499	64279495	3571145	464491185
4155	213	3954	3318	816908	64331177	1129362	97853254
4156	610	2879	4110	817480	64402769	1942304	202205913
4157	3087	3946	7698	817606	64416580	1647114	162100978
4158	3327	3610	3967	818402	64521388	1241048	110675963
4159	190	2635	988	819116	64601506	2589994	299109975
4160	1390	2892	2021	819296	64618454	1465522	138888170
4161	399	2872	697	819327	64622050	962395	80240653
4162	2982	3120	4573	819553	64645880	1727369	173324492
4163	612	3858	1524	819918	64686233	1464359	138750826
4164	2315	3042	2689	820309	64728591	1057682	90443982
4165	1270	2988	3546	820513	64750774	1265151	113509876
4166	3177	3773	1663	820556	64754813	0	0
4167	2388	3767	1971	821094	64815696	1143607	99262832
4168	513	1267	528	821233	64831429	1549373	149134666
4169	382	486	810	821461	64856285	1007729	85229215
4170	139	870	254	821956	64901382	3170198	395099094
4171	1660	4070	6944	822330	64935335	1352666	124524410
4172	898	1827	2424	823146	65016721	2947664	356364055
4173	1623	2328	1430	823237	65025970	1386449	128923596
4174	2719	2839	3122	823365	65036355	0	0
4175	2216	3985	8118	823384	65039206	1087697	93694780
4176	1566	1772	420	824756	65187656	1190775	104761243
4177	1725	2614	1966	824949	65207214	834149	66149542
4178	1659	1889	2764	824991	65211941	1578756	152683183
4179	545	3325	2141	825134	65226530	3141790	390288564
4180	3698	3870	1732	825328	65246857	861849	69538806
4181	2170	2325	1970	825381	65250825	0	0
4182	1515	3733	2896	825820	65300439	2069229	220889739
4183	2937	3750	1975	825965	65315189	1611085	156771119
4184	1083	4015	2043	826019	65320901	3165298	394281163
4185	258	3586	1548	826140	65331850	1318210	119909603
4186	199	2099	1734	826565	65380551	2577142	296799051
4187	1244	2723	1547	827324	65457558	1660479	164167021
4188	709	2102	1738	827335	65459364	906314	74169673
4189	1248	1831	1563	827341	65459947	2113050	227620795
4190	377	2794	1819	827510	65479531	1354786	124769226
4191	308	2656	2020	827834	65511323	2060322	219912154
4192	2226	3708	3357	828103	65539157	1870203	192463689
4193	1671	1871	2772	828142	65543467	1014541	85977722
4194	1306	2386	4430	828257	65558493	1522679	145947054
4195	2014	2763	4986	828594	65598826	1343810	123332945
4196	1207	1493	1559	829941	65746043	1073311	92085045
4197	1065	2861	1853	830610	65802669	835375	66299600
4198	409	2347	1110	830945	65832332	1492267	142408143
4199	2623	3106	2954	831046	65840195	866664	70035473
4200	1734	2657	3127	831134	65848049	1237879	110282035
4201	523	3950	1752	831410	65872825	984882	82595937
4202	319	1534	496	831479	65879306	1875217	193089678
4203	1044	2005	1916	831538	65884854	1542828	148408198
4204	1136	3078	704	831669	65898343	1302845	118093211
4205	1164	1512	657	831967	65926222	941040	77956061
4206	3908	4110	5795	832043	65932408	0	0
4207	1079	3510	2344	832374	65967183	2252956	247422096
4208	634	2439	1061	833451	66073764	958879	79857933
4209	248	3339	3157	833464	66074776	2340139	260285222
4210	1	3582	1192	833666	66091156	3800355	505970286
4211	898	1658	2736	833683	66092953	1414366	132507853
4212	797	3229	2435	833808	66106012	939489	77754355
4213	2375	2720	4458	833927	66119133	1851484	189976105
4214	2634	3817	3684	833961	66123940	0	0
4215	4022	4177	2826	834149	66149542	1132143	98106552
4216	1879	3984	7621	835138	66267000	1398840	130289091
4217	908	2488	3996	835328	66293009	1856584	190715244
4218	2945	4197	7258	835375	66299600	1029820	87407375
4219	2966	3971	10219	835636	66336674	853885	68491685
4220	1066	4147	3800	835920	66392297	4067940	555073552
4221	1037	3093	907	836619	66514171	1151987	100424273
4222	3913	4067	7193	836822	66548445	2014441	212562155
4223	1568	3450	1596	836991	66577874	2274305	250383710
4224	1046	3347	1640	837334	66641961	1000835	84418421
4225	589	3876	2484	837369	66648366	1767031	178365594
4226	726	3031	1286	837704	66708153	2518728	288082744
4227	67	2380	1346	838149	66779745	1083639	93171168
4228	1820	3164	1937	838163	66781572	1165706	101883004
4229	595	2695	1501	838241	66794029	1871321	192617127
4230	1504	2328	1048	838367	66812616	956945	79652578
4231	1025	2311	4057	838884	66886416	0	0
4232	3471	3986	3413	839167	66924661	1110667	95958726
4233	592	1695	2046	839526	66975047	3323925	420674145
4234	480	1942	556	839843	67019105	1388496	129143225
4235	2778	2897	2033	840467	67096346	2006617	211485103
4236	2308	3979	1874	840973	67160199	1595115	154741583
4237	551	3461	6230	841417	67208268	1630289	159457720
4238	1190	1638	1843	841898	67269261	4403612	616618952
4239	930	3900	3626	842104	67293018	2658729	310307924
4240	1042	3184	2961	842265	67312758	990750	83357201
4241	1764	3333	3641	842278	67314519	1434227	134785042
4242	139	269	155	842875	67389156	0	0
4243	3282	3661	1835	843145	67419751	1342468	123123330
4244	1957	4122	1751	843285	67437933	930415	76852359
4245	1266	3563	2437	843465	67457170	853621	68459252
4246	259	3146	3890	844532	67570308	984804	82586895
4247	3670	3952	4339	844695	67587310	1704928	170451284
4248	628	3501	1679	845088	67626469	1883366	194054037
4249	2756	4016	6638	845394	67658147	1426537	133840746
4250	470	1065	533	845450	67664381	1660180	164120422
4251	2967	3193	4263	846701	67790456	928117	76641534
4252	455	2081	982	847174	67836951	966623	80640335
4253	379	1850	1258	847279	67848104	942054	78065957
4254	1516	3335	2343	847548	67875194	956175	79572695
4255	224	2401	3264	848153	67933099	1933741	200905234
4256	1594	2407	2788	848391	67955020	1428169	134027075
4257	1829	4137	1584	849347	68040359	2359622	263057698
4258	1838	1975	1941	849493	68052624	853621	68459252
4259	878	4073	2639	849670	68068395	3048342	374142700
4260	2375	2820	1303	849787	68080323	1279415	115340478
4261	170	2655	1820	850357	68129436	1471903	139840996
4262	3098	3192	3198	850478	68139465	1057182	90393498
4263	220	1874	1097	850800	68168199	1685752	167757306
4264	519	1386	1524	850814	68169438	0	0
4265	1107	4004	1387	851109	68193658	1922448	199309927
4266	1388	2489	2101	851357	68214561	1505695	143891871
4267	3381	3448	5889	851542	68231485	1329430	121183865
4268	1466	3699	2662	851851	68264193	1073927	92149732
4269	2360	3349	4773	852414	68316575	0	0
4270	1545	3040	1043	852489	68324067	1767621	178450987
4271	726	3857	7275	852591	68336458	0	0
4272	641	3735	1612	853354	68430630	1132599	98161362
4273	4245	4258	4378	853621	68459252	942794	78140631
4274	3307	4219	12012	853885	68491685	0	0
4275	3038	3939	2612	853989	68508473	1072933	92046965
4276	376	387	301	854553	68603182	1185098	104183121
4277	997	1026	1086	854654	68617048	1256625	112624215
4278	2226	2898	2017	854862	68647010	0	0
4279	3240	4056	5868	855654	68755940	986730	82841859
4280	1571	2671	2026	855899	68791753	0	0
4281	1632	4095	3098	856106	68819861	1072933	92046965
4282	3521	3814	8979	856539	68877829	979452	81950511
4283	196	985	1076	857400	69009281	2749425	324171843
4284	3546	3677	2303	858006	69083371	1201696	106188311
4285	432	454	375	858281	69120963	4075942	556629706
4286	941	1018	1255	858352	69129492	1098207	94708314
4287	431	2362	1655	858910	69192818	1111873	96070468
4288	313	3222	2237	858926	69194626	1886163	194369337
4289	1235	4048	6614	858982	69201371	2239247	245304738
4290	2545	3877	4670	859637	69281983	1902137	196517863
4291	852	3437	794	859651	69283817	3015009	368669331
4292	2407	3288	1851	859907	69317833	0	0
4293	15	555	139	861057	69452119	1052773	89885643
4294	1914	4096	5542	861114	69457246	887677	72363409
4295	1648	3876	2433	861202	69466916	1842220	188868072
4296	3434	4180	7794	861849	69538806	4294119	594996309
4297	2276	3314	3273	862214	69581691	3846640	514479666
4298	1190	4130	3353	862942	69664131	1610093	156657451
4299	1200	2328	1134	863047	69675161	1557837	150174986
4300	2661	4066	2311	864067	69781191	1198493	105811533
4301	3070	3680	1843	864288	69802169	973695	81312751
4302	601	2577	1434	864346	69809181	1061222	90786928
4303	1091	2916	3182	864619	69834570	2629073	304970018
4304	1424	3173	3418	865174	69887716	3717439	490522463
4305	3128	3532	2390	865195	69889815	1145795	99569960
4306	1254	3140	816	865950	69959288	955102	79475035
4307	1417	3703	7676	866005	69964453	981465	82182386
4308	1364	3923	875	866182	69983658	1785095	181016261
4309	3667	4199	10762	866664	70035473	2786046	330225636
4310	793	1555	3884	866742	70047515	932437	77038176
4311	20	784	410	867209	70117949	2308952	256247399
4312	479	719	925	867250	70123008	1072369	92001201
4313	2380	3678	7054	867571	70164485	0	0
4314	2465	2993	2929	867626	70170210	1279415	115340478
4315	3099	3822	7362	867691	70177993	0	0
4316	873	4027	1669	868359	70291822	0	0
4317	646	3340	2975	869315	70415067	1157983	101126994
4318	319	3860	2854	869961	70490877	883554	71942294
4319	2184	2323	3610	870050	70499598	0	0
4320	284	764	899	871378	70660192	1183214	103959869
4321	1502	2134	2482	871841	70700223	1436301	135037229
4322	690	2277	904	871968	70711523	1068252	91588761
4323	686	2752	5349	872060	70721172	2289016	252627737
4324	210	582	205	873476	70851783	1869967	192432770
4325	3300	3500	1508	873603	70859448	1608359	156473692
4326	1143	1866	2154	873666	70863763	980327	82052987
4327	916	2648	1770	873691	70865496	1013980	85912352
4328	2300	3879	3399	874002	70894145	1046374	89245039
4329	633	1174	609	874027	70896085	1005531	84977826
4330	2312	2352	7535	874032	70896348	1990937	209006875
4331	90	285	306	874234	70922117	1530356	146906284
4332	304	2206	485	874442	70945907	3501960	452473748
4333	2966	3016	9034	875590	71057231	4014586	545345307
4334	369	562	774	875920	71095988	0	0
4335	366	555	253	875958	71099582	3343168	423791722
4336	241	2742	2155	875982	71101994	2289016	252627737
4337	3117	3240	2195	876077	71112498	2421990	272460238
4338	2407	3120	2481	876337	71140970	1490156	142146994
4339	1530	3419	4756	876357	71143270	2535057	290153841
4340	1332	1438	1238	876585	71167630	0	0
4341	1225	1685	2259	876938	71206762	3126996	387223022
4342	348	1202	641	877254	71241579	0	0
4343	267	1288	1147	877315	71248909	1528494	146670848
4344	2471	2597	1591	877565	71281211	1327054	120867666
4345	1011	3843	3296	877680	71295706	1045250	89125096
4346	766	2291	1192	877846	71316758	1278836	115278255
4347	2176	4032	3481	877852	71317217	1364691	126024864
4348	2761	2960	2806	877872	71319832	3343699	423871781
4349	1365	2884	874	877953	71332154	904527	73995385
4350	486	1436	2493	878430	71390331	2865529	343188047
4351	2526	3275	5158	878508	71398803	1183235	103961905
4352	3164	3846	2933	878538	71402023	1177056	103187151
4353	1881	2829	6207	878625	71416975	2031919	215605492
4354	127	2362	1159	878926	71461078	917550	75485389
4355	1205	3121	800	879029	71474989	914238	75046391
4356	334	1439	1086	879442	71535097	1595564	154799687
4357	648	1481	1749	882230	71823674	2984999	363062513
4358	1587	1765	693	882325	71829733	0	0
4359	2593	3037	1583	882747	71861333	1263019	113288051
4360	1798	3340	1985	882799	71865011	1705144	170482909
4361	2345	3840	2366	882978	71878265	3101481	382617921
4362	97	3176	5997	883036	71882457	1210270	107004063
4363	1415	2979	4285	883180	71897940	1306307	118496107
4364	2806	2831	2264	883219	71903512	2421990	272460238
4365	2263	3833	749	883354	71918849	0	0
4366	318	1186	676	883373	71920466	1110926	95983008
4367	174	291	263	883418	71926326	1384141	128614210
4368	342	4318	3896	883554	71942294	1223518	108570933
4369	3604	3902	3816	883778	71969076	1221208	108280666
4370	1318	2802	1442	884161	72015988	0	0
4371	36	1605	508	885549	72158074	1526739	146445448
4372	885	2136	2080	885555	72158347	4333726	603745803
4373	862	1218	2264	885801	72184534	1398453	130249545
4374	6	3512	1807	885833	72186709	1893828	195406037
4375	185	1203	1974	885937	72195435	2516772	287726171
4376	976	2098	1531	886134	72215117	1790821	181708118
4377	89	392	563	886197	72222987	0	0
4378	487	3646	3774	886803	72278275	3023001	369821201
4379	1485	3255	2648	887363	72331243	986373	82796499
4380	3589	4294	6623	887677	72363409	1554369	149672095
4381	697	1773	758	888442	72446423	1577022	152492849
4382	433	3743	1629	888770	72478621	917231	75442369
4383	1732	2690	3798	889130	72510541	1126471	97559380
4384	1193	1850	2036	889216	72518110	1931958	200665234
4385	1298	4060	6742	889426	72538574	896745	73357840
4386	3449	4032	2055	889459	72542406	1010860	85576557
4387	670	1020	970	889568	72553554	2035268	216175396
4388	196	2353	2242	889631	72559193	1330234	121310389
4389	2537	3870	2022	890133	72615261	1548722	149062988
4390	1260	1975	1905	890437	72651577	1369818	126668982
4391	121	2419	773	890946	72704336	1136977	98551519
4392	1440	3633	6071	891032	72712131	0	0
4393	335	3998	2858	891197	72732106	1216671	107756735
4394	2706	3765	3443	891517	72775610	943582	78232971
4395	891	1434	970	891816	72813982	1257561	112735688
4396	1851	4034	3187	891873	72822401	1592215	154350737
4397	1153	1885	2940	893085	72966474	2057723	219590784
4398	3256	3963	9223	893345	72995306	1975385	206739871
4399	672	1978	1626	894039	73087771	0	0
4400	1262	3451	5222	894809	73176962	0	0
4401	61	474	362	896400	73331187	1679465	166802506
4402	1539	4385	7148	896745	73357840	1327951	120971330
4403	1083	1359	1293	897379	73425044	0	0
4404	1544	2985	1988	897504	73436036	999419	84260265
4405	2557	2768	2296	897584	73442970	1327054	120867666
4406	2874	3705	5929	898341	73511556	1450552	136894713
4407	1441	2088	1225	898671	73541216	975396	81513799
4408	1345	2772	4259	898891	73562347	3451118	443424125
4409	884	3965	1522	899015	73574676	1643201	161542385
4410	322	1742	1302	900485	73702610	940246	77851819
4411	85	3546	1340	900804	73724419	2127324	229618708
4412	941	1712	4105	900821	73725120	906393	74178005
4413	127	1730	900	901073	73744772	1669144	165485222
4414	86	2817	120	901409	73768907	3250809	408897958
4415	467	941	1224	901423	73770410	1450971	136950211
4416	183	449	91	901502	73776572	1065022	91200906
4417	1253	4068	1237	902265	73831730	1087419	93656633
4418	367	2792	1814	902605	73853390	2693409	315940790
4419	16	2635	871	902737	73863040	2071957	221241008
4420	93	1516	537	902913	73873433	1075482	92353944
4421	578	2941	2524	903004	73880180	2238553	245203158
4422	620	686	1246	903169	73892469	2510960	286723780
4423	2933	3479	3808	903207	73895351	3576969	465434670
4424	43	1581	1242	903622	73927404	1970120	205978393
4425	3842	3852	1973	903898	73948212	1101545	95076992
4426	1349	2374	624	904246	73975215	1115210	96374496
4427	2828	4349	4330	904527	73995385	0	0
4428	2315	3462	3139	904584	74001287	1082336	93051835
4429	3496	3741	4252	904848	74024360	1921012	199053833
4430	1520	3406	3183	905018	74041047	3238833	406635223
4431	742	3503	2446	905104	74049188	964182	80401961
4432	1532	2553	2346	905206	74057843	2460355	278608576
4433	3969	4188	2887	906314	74169673	922500	76140698
4434	2506	4412	5231	906393	74178005	1233849	109861789
4435	2090	3130	4474	906829	74222820	0	0
4436	3846	3853	3928	907006	74244874	1063801	91046423
4437	854	3588	5728	907052	74250342	1674075	166090049
4438	2732	3389	2885	908584	74421024	982752	82354727
4439	737	2587	1284	908588	74421148	1418778	133045538
4440	69	716	374	908658	74429428	1535324	147453125
4441	255	3636	1931	908685	74431839	0	0
4442	3749	4118	2336	908730	74437040	0	0
4443	411	2202	1030	908752	74439324	1242530	110893730
4444	1328	2408	3421	909510	74525589	1372030	126884695
4445	2120	2269	4329	909695	74546099	2540294	290868349
4446	1609	2000	1231	909717	74548242	1862772	191555648
4447	1801	4007	1196	909740	74550957	1691440	168526262
4448	2983	3181	3091	909743	74550983	1124393	97342291
4449	613	2176	2934	910008	74583058	1252349	112055443
4450	2408	4151	4208	910525	74648640	1546538	148822895
4451	1797	3034	2714	911080	74713181	1078081	92681856
4452	1140	2984	1398	911785	74795769	2282463	251755172
4453	273	3557	4596	912126	74829139	1010141	85494737
4454	27	611	574	913688	74984013	1705977	170594210
4455	2182	2708	8115	913734	74987249	1638340	160852446
4456	715	3285	4949	913744	74988351	1005497	84974333
4457	4101	4106	6033	913770	74990571	1427728	133973420
4458	1824	4355	2170	914238	75046391	1027354	87183085
4459	211	3574	9174	914242	75046575	1142351	99087782
4460	1696	2280	1908	914328	75059087	930415	76852359
4461	783	3546	2209	914438	75074342	1061002	90760911
4462	1919	2780	1802	914517	75082782	3322779	420521395
4463	672	892	663	914554	75089773	3536911	459051464
4464	148	3816	1849	915336	75200581	1709909	171047904
4465	466	1980	1329	915478	75217223	2076434	221996265
4466	1179	1383	907	915575	75229784	1446970	136454700
4467	658	3124	3278	915712	75245107	1560385	150545463
4468	718	2433	3138	915853	75263665	2165313	234837710
4469	2098	4005	889	916102	75297819	3953757	533997897
4470	565	802	762	916115	75299759	2182743	237570658
4471	976	3200	2972	916182	75309261	0	0
4472	1354	2275	739	916291	75323640	0	0
4473	564	3890	1564	916297	75324364	1694804	169038825
4474	322	1126	1047	916387	75337438	3175757	395891058
4475	3328	3516	1241	916676	75374863	0	0
4476	1581	4382	2846	917231	75442369	938955	77684891
4477	2897	3481	2442	917244	75443991	0	0
4478	2050	3553	2330	917422	75467908	1348477	123996396
4479	2319	4064	3108	917515	75480605	2619232	303402334
4480	3732	4354	3951	917550	75485389	2083814	223261204
4481	2714	2861	2158	917971	75547747	934691	77254838
4482	385	1761	1086	918267	75591546	1509845	144353234
4483	1809	2167	3797	918432	75613193	993177	83609102
4484	2463	2572	4317	919071	75698181	1235862	110068068
4485	2345	2869	3319	919103	75701972	0	0
4486	398	464	411	919220	75721587	1028932	87326270
4487	393	570	737	919357	75737547	1628692	159159314
4488	4050	4131	5761	919656	75778751	972738	81176316
4489	1279	1340	688	919793	75802108	979452	81950511
4490	424	1701	2311	919904	75817493	1074535	92223487
4491	2373	3823	1885	921204	75992180	1329430	121183865
4492	3062	3539	3733	921528	76027635	1407189	131355068
4493	484	646	2228	921545	76029028	2424143	272866283
4494	2428	4433	5764	922500	76140698	0	0
4495	189	1424	1494	923478	76249085	1130775	97991864
4496	2181	4021	1484	923753	76275872	4324882	602172329
4497	214	2389	2532	923850	76284816	964825	80463102
4498	611	2954	1939	924199	76317966	1509845	144353234
4499	549	681	863	924322	76330795	2700965	317164369
4500	1485	3237	4044	924755	76373294	1626146	158737843
4501	349	2384	1191	924835	76381416	1991273	209062547
4502	28	2891	666	925492	76445712	1409216	131689598
4503	336	3377	1522	926219	76507120	0	0
4504	473	726	569	926453	76523598	1199029	105886475
4505	1173	2813	1836	926655	76537543	3623511	474372871
4506	2093	3669	3452	927421	76590430	1191207	104811860
4507	1330	1784	2860	927530	76598790	1174500	102874902
4508	3800	4251	7283	928117	76641534	0	0
4509	2404	3842	2279	928453	76671567	985310	82652691
4510	1377	3737	3050	928749	76701356	0	0
4511	658	2470	1748	929076	76733334	1000573	84387078
4512	2559	3044	2115	929457	76767909	1633584	160121032
4513	397	3522	979	929735	76791102	1953974	203806393
4514	1017	2631	1168	929872	76804435	1347765	123904807
4515	4244	4460	3659	930415	76852359	1794141	182164668
4516	315	1535	861	930590	76866609	2034595	216058313
4517	147	3151	1563	930856	76891947	0	0
4518	1960	2989	1678	930863	76892887	2126853	229556849
4519	1241	2372	1860	930945	76899661	0	0
4520	1070	2077	1946	931352	76934701	956175	79572695
4521	2868	3507	3008	931589	76955806	2339590	260203434
4522	2	1811	2137	931651	76962274	1099748	94879734
4523	2334	2518	2872	932189	77015411	0	0
4524	2010	2788	2476	932368	77031467	1490344	142167999
4525	2611	4310	4331	932437	77038176	3225507	404193571
4526	3548	3943	3080	933615	77152845	2738414	322659468
4527	113	1094	1045	933625	77153913	942973	78160941
4528	1130	2259	1208	933740	77165364	3320454	420224679
4529	349	1014	1146	934013	77193286	1007849	85241801
4530	1614	4481	2898	934691	77254838	951690	79119588
4531	2647	2693	863	935272	77306532	1141067	98937131
4532	767	944	1264	935316	77311022	1328689	121076867
4533	591	2334	2097	935812	77354126	2151559	233003067
4534	1342	3727	5044	936296	77389884	1035189	88086291
4535	3872	4004	2996	936349	77393475	1752173	176482404
4536	1074	3607	678	936670	77427295	1188087	104493336
4537	1418	4055	8682	936778	77435762	0	0
4538	1304	2907	2108	936807	77437741	967077	80687952
4539	1053	2451	1032	936884	77447429	1180784	103695621
4540	2404	2846	3647	937411	77509365	1212054	107242443
4541	727	3025	521	937510	77523189	1025204	87019612
4542	883	1741	2331	937973	77573051	0	0
4543	1602	3808	5777	938450	77627001	1791356	181779889
4544	2280	3384	2838	938721	77658051	0	0
4545	2513	4476	3506	938955	77684891	0	0
4546	3541	4385	7323	939239	77721677	0	0
4547	980	1725	734	939430	77746756	0	0
4548	2249	4212	3009	939489	77754355	3685248	485532015
4549	1593	3025	1594	940165	77840801	1548722	149062988
4550	3763	4410	4098	940246	77851819	994305	83719515
4551	3188	4205	1836	941040	77956061	1139534	98770281
4552	1277	3134	642	941153	77970107	3147545	391397647
4553	1508	4253	1790	942054	78065957	949553	78888739
4554	2203	2798	1151	942289	78089435	1461035	138368622
4555	1384	4273	4563	942794	78140631	0	0
4556	2834	3223	3618	942832	78143924	1042251	88874572
4557	342	4527	2087	942973	78160941	3856020	516218287
4558	1234	1241	1999	943057	78171769	1526739	146445448
4559	230	405	341	943215	78189046	2487654	283080541
4560	2560	3417	1760	943508	78224380	4133863	565831224
4561	767	4394	4047	943582	78232971	1487671	141826874
4562	1518	3735	1598	943892	78271232	0	0
4563	2445	3066	3494	944739	78364140	3084448	379691644
4564	186	3695	1172	945156	78406539	1970120	205978393
4565	1806	2335	2192	945271	78418706	1087110	93621720
4566	2195	3968	2178	945451	78438408	2638678	306557181
4567	1124	2918	2298	945911	78488350	3048796	374198951
4568	873	1596	2203	946126	78510916	1000573	84387078
4569	1022	4100	1448	946269	78527418	1450815	136928953
4570	1736	2587	2183	946594	78560906	1185409	104217601
4571	448	840	597	947208	78622428	1298300	117581899
4572	1272	3687	2760	947455	78646766	1366266	126237515
4573	984	2705	1457	947639	78663630	1483210	141309974
4574	2112	3198	807	948006	78698784	2004829	211213058
4575	2379	4051	5029	948172	78714886	2410987	270733697
4576	396	3063	8140	948428	78743666	1611873	156856737
4577	102	2435	1293	948629	78770340	3825667	510587323
4578	2016	2090	3994	948733	78784035	1012766	85769980
4579	397	3034	2205	949467	78877145	1250837	111896446
4580	3648	4553	3324	949553	78888739	1032609	87765884
4581	3143	3507	2022	950169	78959691	1678711	166679383
4582	2335	2881	2329	950501	78997931	1059347	90606786
4583	1407	2108	1090	951224	79075680	967077	80687952
4584	73	2253	1703	951588	79110066	1207508	106711685
4585	2529	4530	4016	951690	79119588	1147804	99896186
4586	876	2392	412	951912	79140191	1082947	93108652
4587	29	2058	1862	952323	79183601	1520716	145725344
4588	157	3440	4459	952568	79208458	2469846	280088214
4589	3044	3924	4657	952662	79220470	1516061	145188387
4590	969	1590	1375	952792	79236282	1188867	104568573
4591	412	883	830	952910	79250653	1106257	95582286
4592	283	1683	251	953211	79286945	4140090	567032570
4593	2939	4002	2481	953672	79334806	1633685	160139329
4594	1184	4306	1113	955102	79475035	1244360	111123822
4595	198	2687	2469	955291	79492846	3494756	451208441
4596	552	1912	2044	955436	79505924	1691702	168561217
4597	1192	3084	2588	955597	79520688	1269551	114043550
4598	4254	4520	4289	956175	79572695	1353035	124570409
4599	109	3732	2833	956190	79573683	1592322	154362926
4600	834	2262	3899	956354	79589502	1659377	163983113
4601	3339	4230	3895	956945	79652578	1054623	90099407
4602	1832	4433	3625	957326	79690695	990428	83325087
4603	86	2597	1262	957850	79743442	1422671	133467536
4604	1163	2033	1671	957894	79748042	3245736	407908124
4605	3471	3863	7881	958086	79765766	1338563	122524964
4606	1510	1766	1040	958291	79791554	2716568	319652525
4607	805	4073	2979	958367	79799543	2267326	249420354
4608	602	2104	2026	958847	79853814	1479071	140719534
4609	2148	4208	4894	958879	79857933	2221281	242729668
4610	1392	3255	2510	960045	79987981	1983674	207983482
4611	1136	2852	1068	960150	79999320	2838356	338778571
4612	1199	2708	5676	960629	80050811	0	0
4613	2133	3623	4418	960839	80073695	0	0
4614	880	1726	2497	961090	80103532	1407413	131391030
4615	1432	2929	1733	961341	80130939	0	0
4616	1258	1402	1451	961443	80141624	1690181	168350535
4617	3633	4161	5956	962395	80240653	2310586	256437904
4618	283	3181	1208	963830	80376388	1011072	85596472
4619	1816	4431	4051	964182	80401961	3331551	421891779
4620	1757	2626	4790	964212	80404117	1299572	117709846
4621	2142	2449	1427	964608	80441193	992375	83528988
4622	3388	4497	8248	964825	80463102	1927378	200035775
4623	1125	2902	4306	966319	80610768	1063573	91022910
4624	3	3346	2913	966586	80635758	0	0
4625	1676	4252	2271	966623	80640335	1014478	85972079
4626	4538	4583	3198	967077	80687952	0	0
4627	569	2526	1508	967344	80715482	1060581	90715560
4628	2156	3337	1665	968325	80806989	1222340	108430778
4629	273	650	725	968672	80835517	1662679	164484774
4630	1761	2474	1764	968866	80850301	1801412	183223529
4631	935	1292	2661	969027	80864500	1015078	86048446
4632	392	1128	1774	969129	80873129	2587574	298649013
4633	2538	3309	3523	969188	80878792	0	0
4634	1672	2386	4676	970573	80991986	1117092	96524298
4635	252	1633	756	971091	81033523	1426743	133864219
4636	1767	2423	1202	971126	81036041	1004670	84884339
4637	2512	3907	4349	971432	81058775	0	0
4638	2094	2736	3640	971958	81101040	1812119	184934086
4639	157	2871	1139	972096	81111533	1304424	118257098
4640	2270	2942	4809	972284	81125895	2614286	302611302
4641	366	1930	1656	972320	81129534	1164905	101776871
4642	1401	3574	9528	972382	81135405	1245256	111221828
4643	649	2772	3202	972665	81169221	1181934	103823533
4644	1934	4488	7363	972738	81176316	1154781	100739072
4645	2102	2811	3167	972830	81188700	1031302	87575552
4646	578	4301	1963	973695	81312751	1206647	106646584
4647	364	2225	1901	974002	81345838	2987793	363520415
4648	1818	3871	6251	974022	81348523	2557300	293413403
4649	404	3678	5990	975304	81502932	1138557	98675284
4650	3467	4407	3022	975396	81513799	2954903	357640861
4651	765	2395	945	976164	81597144	1761171	177512868
4652	220	3654	6133	976363	81618415	0	0
4653	418	2927	977	976407	81622987	2155317	233454087
4654	2671	3324	2550	977280	81728226	1183214	103959869
4655	1367	1382	1152	977610	81766954	1026086	87078548
4656	1045	2412	1481	977629	81768186	1651379	162761293
4657	1340	2575	923	977991	81804095	1546631	148833203
4658	2239	2995	3675	978136	81820337	3461753	445291383
4659	3560	4021	1164	978977	81906371	0	0
4660	4282	4489	9667	979452	81950511	1741046	175073234
4661	3157	4104	4463	980128	82029719	0	0
4662	2410	4326	2776	980327	82052987	1647110	162100779
4663	584	3373	3206	981017	82131372	1431075	134427061
4664	3602	4307	12229	981465	82182386	1692673	168699676
4665	532	990	788	982479	82323195	1165015	101790228
4666	2884	4438	2960	982752	82354727	0	0
4667	1660	2907	4389	983055	82393538	0	0
4668	2395	2959	5719	983957	82499500	2384536	266582964
4669	1350	4246	4284	984804	82586895	0	0
4670	3012	4201	7138	984882	82595937	3295923	416764944
4671	2276	4046	5941	985080	82620909	1542517	148368236
4672	2542	4509	2766	985310	82652691	1391103	129414746
4673	272	1135	700	985562	82691725	0	0
4674	3512	3870	2199	985904	82740237	2439768	275430360
4675	2191	3589	2104	986241	82780926	2548251	292004183
4676	1779	4379	3594	986373	82796499	2646259	307989754
4677	3791	4279	9801	986730	82841859	0	0
4678	2834	3365	8222	986750	82845827	3548822	460886879
4679	180	2413	2698	988127	83063422	1075345	92331587
4680	2549	3388	6431	989571	83233294	1100549	94967011
4681	716	4602	3943	990428	83325087	0	0
4682	1797	4240	3492	990750	83357201	1274274	114671231
4683	1887	2473	2863	991644	83451760	1315046	119527618
4684	2627	3575	5432	991957	83484102	1477390	140470606
4685	1465	4621	1735	992375	83528988	0	0
4686	1947	4483	4473	993177	83609102	1628525	159130921
4687	3503	4550	5819	994305	83719515	2408576	270351520
4688	1768	3161	3791	994760	83763539	4295992	595535067
4689	984	3931	4642	994853	83773110	3217112	402757733
4690	1332	2725	1459	994908	83778996	1028932	87326270
4691	996	3980	6890	996219	83913853	1139534	98770281
4692	189	1860	1558	996379	83930596	1246690	111418948
4693	1302	2855	2083	996419	83934560	1559221	150392124
4694	244	2624	860	996714	83966341	1801222	183189862
4695	1816	2842	2255	997220	84015178	1186876	104372538
4696	2275	4131	2094	997919	84079874	2485089	282677846
4697	558	2583	3676	998002	84086768	1428805	134119567
4698	2404	4016	5094	998053	84092737	0	0
4699	561	1778	4070	998176	84110476	3565573	463500238
4700	1906	3563	2555	998406	84138516	1647290	162132406
4701	810	3521	5599	998654	84169557	4445058	624893889
4702	318	4550	4214	999298	84245824	3710692	489669794
4703	674	4404	2896	999419	84260265	1208836	106818622
4704	441	3644	3091	1000045	84333332	1513040	144772958
4705	4511	4568	3951	1000573	84387078	3050111	374385628
4706	3563	3935	2602	1000622	84392456	1048003	89411161
4707	133	4224	1814	1000835	84418421	2994040	364712332
4708	1166	4092	3787	1001060	84446294	3256875	410014986
4709	2132	2351	1499	1001348	84488692	3620127	473801172
4710	2391	3454	4898	1001718	84532248	3384042	431262613
4711	1095	3708	3220	1002003	84569688	2423886	272818919
4712	2498	2913	6826	1002799	84669229	2338159	260011273
4713	2151	3795	1919	1002815	84671599	1026562	87113296
4714	975	2956	5868	1003405	84741166	2809301	333749273
4715	141	2884	130	1003511	84753362	1064713	91157989
4716	1866	1889	1912	1003661	84769990	2572333	296038343
4717	1823	3308	4052	1004217	84833955	0	0
4718	1225	1976	1621	1004301	84842061	1724797	173042423
4719	777	4636	2090	1004670	84884339	3471431	446991430
4720	599	1410	466	1005082	84931766	1025472	87038852
4721	1381	1895	872	1005348	84959178	1031598	87619492
4722	3665	4456	6545	1005497	84974333	3918991	527774379
4723	243	4329	671	1005531	84977826	0	0
4724	1034	1193	1678	1006014	85038863	1542517	148368236
4725	386	3233	3164	1006453	85084606	2070066	220972666
4726	1685	3151	3418	1006498	85091318	1165852	101903465
4727	2283	3771	6364	1007230	85171729	0	0
4728	3927	4169	2653	1007729	85229215	3091539	380881917
4729	3702	4529	2970	1007849	85241801	1391425	129446579
4730	1381	3293	2939	1007905	85248443	1250837	111896446
4731	140	955	1750	1008789	85353531	1098238	94710712
4732	639	2994	1693	1009186	85396115	1310336	119027738
4733	3810	3955	3518	1009652	85442693	1837033	188251105
4734	873	1962	1593	1009839	85461798	1175882	103036336
4735	1713	2762	2540	1009858	85463963	3335557	422485092
4736	3888	4453	5823	1010141	85494737	1801640	183263944
4737	837	4386	3119	1010860	85576557	1280431	115462060
4738	669	4618	1579	1011072	85596472	1225741	108835612
4739	785	2165	1217	1011395	85633812	1647046	162092254
4740	2087	3431	2513	1011997	85691040	1409434	131732737
4741	88	3986	1453	1012158	85707872	2662399	310903436
4742	434	3694	1867	1012250	85717038	1232597	109731450
4743	2156	4120	3660	1012393	85730113	1604099	155965847
4744	3401	4578	5080	1012766	85769980	3017271	369000006
4745	3872	4122	3562	1012906	85786034	0	0
4746	3147	3172	3892	1013272	85829306	1064896	91181477
4747	1700	4327	2120	1013980	85912352	1456860	137885827
4748	1535	3858	1965	1014279	85947625	1023004	86854652
4749	2241	3303	2128	1014282	85947794	2684172	314733552
4750	1757	4625	2850	1014478	85972079	2085282	223551025
4751	1720	4193	3532	1014541	85977722	1310774	119075836
4752	106	1605	595	1014751	86008403	1393529	129695370
4753	3599	4631	4127	1015078	86048446	1239411	110472100
4754	3447	3936	3497	1015369	86085980	0	0
4755	2248	4119	2231	1015786	86140585	2218842	242433930
4756	2756	3924	5831	1016106	86180417	2985868	363189546
4757	120	2149	569	1016177	86189430	1932336	200718425
4758	2037	2457	4204	1016622	86246804	0	0
4759	1121	2399	1524	1016800	86270679	0	0
4760	1031	3317	3350	1017308	86335934	1849226	189699277
4761	499	3809	837	1018201	86437720	1608477	156487197
4762	241	1083	935	1019113	86523177	2257993	248150354
4763	1466	1511	1549	1019156	86527286	1048138	89426055
4764	1404	3405	3462	1019407	86549024	1030986	87533893
4765	293	1470	936	1019487	86557107	2225971	243433261
4766	2138	2714	1521	1020009	86601297	1428805	134119567
4767	1508	3149	2010	1020407	86634677	3902546	525250160
4768	2735	3521	5076	1020634	86654787	0	0
4769	182	2626	4391	1020673	86658591	3947264	532863790
4770	1440	2790	2211	1021324	86721079	1475489	140237221
4771	2410	3135	5294	1022620	86823992	1375968	127413113
4772	527	848	1364	1022869	86843863	1177030	103183097
4773	3965	4748	2785	1023004	86854652	0	0
4774	372	3691	1161	1023372	86883459	1308478	118802755
4775	1207	3424	3337	1024204	86948480	4298100	596127395
4776	291	1477	444	1024268	86954033	4056909	552829481
4777	1413	3037	1255	1025137	87014535	3620912	473924517
4778	1069	1250	1315	1025193	87019108	0	0
4779	2119	4541	1337	1025204	87019612	2149559	232747166
4780	484	4720	1176	1025472	87038852	1911632	197900013
4781	1835	4655	1851	1026086	87078548	0	0
4782	1258	2545	3667	1026229	87087311	0	0
4783	680	4404	2223	1026277	87091305	3595596	469249897
4784	1029	1714	1284	1026355	87096034	1698495	169580610
4785	841	3749	2092	1026357	87096181	1578190	152623085
4786	2339	4713	4539	1026562	87113296	1405909	131158989
4787	1757	1984	1486	1026956	87147692	1441254	135662405
4788	1737	2053	2078	1027012	87152764	2699297	316903794
4789	1220	4458	2423	1027354	87183085	2811942	334323353
4790	1790	2712	1887	1027408	87186755	0	0
4791	2871	4090	1321	1027501	87196302	1457658	137992207
4792	2817	3450	1360	1028209	87260332	3973319	537670007
4793	2223	4625	2894	1028225	87261552	1886958	194457295
4794	1823	2331	3955	1028321	87271026	2026292	214642607
4795	4486	4690	1870	1028932	87326270	0	0
4796	1710	3074	2353	1029187	87350479	3742944	494592733
4797	4098	4218	7722	1029820	87407375	1198362	105794308
4798	200	1478	600	1029940	87420107	1266035	113622226
4799	656	2360	2093	1029943	87420542	2547339	291858329
4800	994	3157	3525	1030238	87453698	1884818	194220314
4801	263	328	154	1030471	87479358	1193902	105176423
4802	74	2385	3266	1030501	87482271	0	0
4803	1459	4153	3748	1030903	87525276	0	0
4804	2173	4764	4979	1030986	87533893	1507507	144069169
4805	219	2453	3546	1030993	87534520	3322779	420521395
4806	3164	4645	4212	1031302	87575552	2978611	362137670
4807	2392	2561	3969	1031332	87579704	2218554	242402809
4808	632	1563	1070	1031433	87596071	1141161	98946779
4809	3299	4721	980	1031598	87619492	1044539	89061028
4810	1326	1581	1503	1031779	87649418	1240249	110576269
4811	152	1625	410	1032339	87728978	4309639	599087337
4812	3066	4580	5842	1032609	87765884	1211369	107146468
4813	1039	1468	1501	1032795	87792677	1567440	151367101
4814	1207	2009	928	1033518	87887604	1245256	111221828
4815	1341	2394	3056	1033567	87892824	2750774	324414307
4816	468	1882	680	1034553	88007451	1396537	130026285
4817	1740	2984	2155	1034572	88009995	4084713	558033403
4818	2205	4310	4142	1034584	88011780	1120575	96921572
4819	2594	3352	3714	1034591	88012214	4110687	562417045
4820	535	4534	5840	1035189	88086291	1467106	139118133
4821	205	3110	1094	1035205	88087705	1221918	108373012
4822	975	3128	2045	1036180	88210704	3239110	406682177
4823	3247	4074	6040	1036187	88211136	1296319	117375506
4824	1480	3706	3581	1036465	88247982	1576814	152468263
4825	841	1971	1398	1036792	88291270	1953827	203791218
4826	1446	2414	2291	1036928	88310010	2105595	226348675
4827	1016	3920	3208	1037752	88412492	0	0
4828	1739	2685	1524	1038203	88467352	1096973	94585905
4829	3624	4080	5039	1038328	88481833	0	0
4830	1801	2119	1541	1038355	88486155	2793834	331362365
4831	2698	2871	1932	1038960	88562797	1058407	90520723
4832	91	3203	2127	1039215	88593763	1084651	93300871
4833	48	1064	490	1040626	88742040	0	0
4834	162	2419	750	1040651	88743783	0	0
4835	361	3305	2326	1040829	88759283	1336214	122177558
4836	2642	4556	5263	1042251	88874572	1484585	141471848
4837	2998	3674	2448	1042423	88889714	1441597	135709477
4838	992	1335	1055	1042754	88916276	0	0
4839	1806	2506	1642	1042999	88936793	1190578	104740835
4840	2084	3348	1608	1043041	88939462	4121432	564017430
4841	575	3486	1120	1043482	88971806	1639847	161082949
4842	517	2422	1685	1043928	89009110	1085078	93358612
4843	1942	3062	1884	1044019	89016239	1265508	113555699
4844	2749	3995	4534	1044176	89028984	3172514	395444955
4845	3073	4809	2071	1044539	89061028	3739148	493963794
4846	2421	2636	3443	1045053	89106084	1555284	149792767
4847	204	4251	4347	1045064	89106806	1739255	174868056
4848	4102	4345	5017	1045250	89125096	1305960	118444996
4849	270	2434	1162	1045548	89161140	2017322	213082741
4850	1542	2063	1221	1045814	89188957	2177730	236723514
4851	1120	1316	2992	1045888	89196977	1051485	89757438
4852	194	2629	1534	1046270	89237278	4294119	594996309
4853	578	4328	3519	1046374	89245039	2963528	359245447
4854	129	1440	940	1047003	89312482	0	0
4855	1016	3490	3101	1047009	89312717	1363675	125896073
4856	652	1870	751	1047168	89331592	1510904	144475895
4857	2631	4527	1829	1047788	89391479	1247970	111575827
4858	1074	3337	1169	1047973	89408807	1414194	132483711
4859	42	486	566	1047975	89409020	1345398	123586327
4860	2481	4706	3247	1048003	89411161	1267962	113847132
4861	3062	4763	2916	1048138	89426055	3661914	481349976
4862	868	1549	681	1048690	89487543	3522551	456330876
4863	3463	4208	2485	1049327	89546094	1396642	130040324
4864	2062	2549	2655	1049349	89548196	2493812	283953033
4865	188	3349	3362	1049425	89556132	2084027	223299208
4866	2687	3352	4112	1049540	89569417	1060601	90717151
4867	1208	2143	1308	1049627	89577506	1606790	156303553
4868	584	3326	1676	1050964	89707689	1775430	179789856
4869	217	3930	1433	1051078	89718199	3301281	417607412
4870	1234	3200	2216	1051196	89730002	3955240	534334961
4871	150	1453	1702	1051416	89751949	1340526	122831806
4872	771	2984	806	1051425	89752823	2219230	242479278
4873	3338	4851	4532	1051485	89757438	1164443	101718915
4874	693	1889	1988	1052107	89819473	1250152	111823911
4875	110	3393	4213	1052183	89827258	3749879	495943251
4876	2564	2982	4008	1052700	89878228	1302070	118003168
4877	589	4293	675	1052773	89885643	1464753	138800962
4878	865	2190	1508	1053196	89931044	0	0
4879	3241	3569	7087	1053241	89935680	2829213	337267261
4880	1340	2192	3858	1053534	89969709	1192750	104980841
4881	238	4027	1236	1054031	90033458	3109490	383929798
4882	2615	2724	3343	1054608	90097451	2011482	212099391
4883	1592	4601	6586	1054623	90099407	0	0
4884	1978	2919	2558	1055046	90150185	3009844	367821870
4885	36	2634	1625	1055267	90176682	1315046	119527618
4886	379	3547	3097	1055330	90183944	1488728	141961525
4887	238	569	516	1056105	90276792	3207151	400899994
4888	3240	3686	3042	1056181	90285598	1644277	161687176
4889	1165	3995	2001	1056365	90305795	3808692	507413456
4890	2209	4262	3928	1057182	90393498	1328552	121054567
4891	1491	4164	2755	1057682	90443982	1118155	96644691
4892	1028	4831	2072	1058407	90520723	1794253	182175728
4893	1496	3287	767	1058587	90537385	1063205	90982269
4894	1446	4582	3790	1059347	90606786	1098319	94717517
4895	557	3684	1598	1059599	90630997	2569691	295596487
4896	1918	2437	911	1060161	90683733	1081142	92953584
4897	374	1379	870	1060581	90715560	1996509	209810188
4898	374	4627	1845	1060581	90715560	1214051	107488493
4899	1379	4627	2041	1060581	90715560	1791840	181847884
4900	1428	4866	5940	1060601	90717151	4342777	605592923
4901	3012	4461	7595	1061002	90760911	1356631	124975260
4902	1018	2020	1095	1061152	90779481	1349419	124107840
4903	1494	4302	1583	1061222	90786928	2460355	278608576
4904	1138	2275	731	1062243	90887265	1226954	108989516
4905	522	3711	3773	1062277	90890509	0	0
4906	2003	2591	2796	1062634	90926514	1623391	158344381
4907	3859	4893	6678	1063205	90982269	1335162	121985134
4908	857	4623	5009	1063573	91022910	1521693	145830963
4909	174	2344	1477	1063744	91040412	1087690	93694026
4910	1369	4436	4336	1063801	91046423	2124440	229248379
4911	928	3596	2675	1064530	91137433	1456126	137781812
4912	753	4105	3015	1064647	91150020	0	0
4913	423	4715	189	1064713	91157989	1266208	113642577
4914	2450	4746	5189	1064896	91181477	0	0
4915	1932	4416	2552	1065022	91200906	4147680	568330480
4916	641	2463	2899	1065118	91213902	2634769	305831343
4917	1482	2809	2864	1065537	91271565	1819411	186043052
4918	78	4101	4221	1065743	91298675	3232236	405403969
4919	1441	3279	1475	1066802	91433820	1572389	151981327
4920	1084	2756	3539	1067027	91457874	1450120	136844517
4921	1842	2819	2470	1067351	91493030	2457235	278182447
4922	3789	3843	3822	1067959	91556170	1083785	93186097
4923	1768	4322	1479	1068252	91588761	0	0
4924	71	762	522	1068355	91603445	1375124	127290875
4925	3034	3754	2906	1068729	91640875	1254260	112321493
4926	3383	3967	2604	1068906	91657937	1484099	141409689
4927	1677	3802	3336	1068927	91660960	1727142	173299066
4928	806	1938	399	1068969	91664999	2532590	289856036
4929	992	2324	574	1069126	91680664	2232724	244352425
4930	226	3056	950	1069251	91695675	4354694	608428902
4931	1220	1867	3655	1070448	91814167	1306012	118451701
4932	1021	1267	511	1070464	91815839	1753695	176641074
4933	733	3480	4541	1070570	91825408	1170132	102434395
4934	3070	3694	2963	1070768	91846290	1190332	104715258
4935	4	1341	187	1070920	91861307	1082336	93051835
4936	169	4312	985	1072369	92001201	1508391	144175139
4937	596	3090	3653	1072483	92009008	0	0
4938	1575	1647	3062	1072770	92031638	1591584	154273629
4939	4275	4281	5710	1072933	92046965	1224751	108714830
4940	378	2375	981	1073131	92068796	1561936	150737158
4941	605	4196	2045	1073311	92085045	1279196	115317861
4942	409	729	429	1073452	92100602	0	0
4943	3539	4268	5028	1073927	92149732	1164507	101724716
4944	607	4074	3332	1074168	92175824	0	0
4945	3042	3444	6667	1074269	92187332	1334744	121921762
4946	1637	4490	2861	1074535	92223487	1319535	120085274
4947	764	3900	3935	1074977	92281607	1095892	94481050
4948	1254	2702	1674	1075030	92287941	3010957	367999872
4949	4152	4679	9179	1075345	92331587	0	0
4950	923	4420	804	1075482	92353944	2281297	251570367
4951	2830	3887	2795	1075670	92380787	1117162	96531584
4952	665	1912	1729	1075976	92427034	1950735	203392024
4953	2202	2884	655	1077460	92614540	1124393	97342291
4954	459	1973	1669	1077884	92661182	2824085	336479715
4955	287	4451	2827	1078081	92681856	1298700	117621395
4956	194	2283	3449	1079517	92817636	2688160	315314144
4957	3080	3481	2183	1079613	92826300	1651012	162714739
4958	882	2415	1070	1079752	92839526	1661117	164261125
4959	1953	2794	2746	1080477	92900011	2856101	341567542
4960	3549	4896	5848	1081142	92953584	0	0
4961	1294	2943	4508	1081928	93016829	0	0
4962	140	3188	1227	1081960	93020432	1200372	106052071
4963	376	1863	1000	1081990	93022558	0	0
4964	1259	2541	1800	1082053	93028928	2872170	344206101
4965	4428	4935	3326	1082336	93051835	1098479	94737303
4966	3852	4586	1136	1082947	93108652	1491075	142261816
4967	929	1522	547	1082969	93109875	0	0
4968	514	4318	3084	1083335	93140986	1312546	119249105
4969	761	1808	2547	1083347	93141646	2159473	233978036
4970	731	3424	3013	1083424	93148136	1343175	123228504
4971	1261	3364	3393	1083516	93158056	2578552	297043417
4972	966	4227	1931	1083639	93171168	2377189	265475743
4973	1066	4326	2886	1083761	93184242	2435045	274770125
4974	113	4922	3873	1083785	93186097	1842556	188908524
4975	1465	2173	1825	1083869	93195837	3216894	402723775
4976	2225	4431	4206	1083938	93201735	1912430	198009520
4977	3960	4893	4771	1084113	93226070	0	0
4978	2309	4832	5205	1084651	93300871	1659352	163979212
4979	465	4842	2082	1085078	93358612	3477707	448183521
4980	2783	4015	3052	1085149	93368408	1087336	93647366
4981	770	1484	1301	1085487	93416074	1530496	146924921
4982	1147	3168	4849	1085814	93457582	1934110	200952902
4983	1166	2354	1283	1086970	93605878	2166788	235039956
4984	3132	4565	3018	1087110	93621720	4308957	598907187
4985	439	4980	3252	1087336	93647366	2983027	362808387
4986	3048	4417	2505	1087419	93656633	2858680	341954535
4987	1612	3943	1355	1087491	93666150	1208638	106798471
4988	518	4909	1941	1087690	93694026	2086789	223833172
4989	380	4175	8523	1087697	93694780	1163123	101597200
4990	1529	3315	1125	1088515	93819706	0	0
4991	1954	3579	1593	1088969	93878031	1586287	153662413
4992	1743	3060	2359	1089746	93972545	1266581	113691710
4993	1585	1971	2510	1090712	94067739	0	0
4994	732	2974	2278	1091777	94165833	1920763	199012662
4995	652	1369	623	1092463	94220630	2933535	354361486
4996	1263	1402	1451	1092492	94222923	1613659	157088523
4997	1064	2116	1437	1092577	94228547	1286461	116159776
4998	1352	1986	3361	1092873	94253109	3915896	527286544
4999	469	3508	632	1093033	94265487	3920838	528069631
5000	219	1147	526	1093828	94323850	4171553	572263593
5001	539	3139	2133	1094111	94345818	2392208	267801627
5002	1468	2311	3979	1094466	94369486	1456126	137781812
5003	2622	3063	8801	1095052	94411681	2465739	279423517
5004	424	1943	2318	1095512	94451599	1772665	179309955
5005	3494	4947	4552	1095892	94481050	1727606	173355099
5006	273	1662	1341	1096205	94509809	1482954	141281190
5007	1076	2278	2453	1096271	94515138	1796219	182478661
5008	2225	4080	5841	1096291	94517440	1238273	110329538
5009	496	1750	974	1096434	94529982	0	0
5010	1642	2753	1549	1096495	94535830	1717568	172117178
5011	3931	4828	4754	1096973	94585905	2075113	221777623
5012	917	2730	1808	1097147	94601812	1173096	102733568
5013	211	3515	667	1097408	94630987	0	0
5014	1070	4286	1931	1098207	94708314	3824610	510389644
5015	2480	4731	2025	1098238	94710712	3600189	470179301
5016	3037	4894	4178	1098319	94717517	0	0
5017	2009	4965	3451	1098479	94737303	1296285	117372852
5018	1789	2311	4493	1098702	94762002	0	0
5019	2665	2732	2353	1099699	94875117	1367695	126407622
5020	935	4522	3311	1099748	94879734	2740578	322958305
5021	558	4680	6509	1100549	94967011	0	0
5022	1259	1872	3056	1101041	95024762	2221597	242772652
5023	2082	3362	1760	1101151	95036256	2011064	212049920
5024	3348	3921	3129	1101447	95066196	2099517	225535385
5025	3523	4425	3141	1101545	95076992	0	0
5026	1436	2244	2492	1101556	95077974	1313279	119325545
5027	75	3119	1600	1101886	95117901	1146320	99660542
5028	1217	2398	436	1102674	95208964	3542096	459891780
5029	321	1935	2439	1103506	95291192	4024323	547208183
5030	3569	4073	6102	1104038	95337347	2828257	337108444
5031	439	4094	4991	1104208	95354654	0	0
5032	627	2387	3073	1104351	95369875	2124506	229257822
5033	1766	2302	899	1104516	95388327	0	0
5034	376	2704	1222	1104628	95401562	1151305	100339788
5035	1919	3656	3642	1104767	95416457	1866494	191961804
5036	71	1328	430	1104771	95416682	1625622	158659486
5037	2802	3143	1534	1104983	95440305	1529704	146815256
5038	647	4591	1195	1106257	95582286	1302845	118093211
5039	754	2485	2504	1106521	95606106	0	0
5040	775	3686	1726	1107162	95661419	1988721	208692256
5041	2740	3008	4008	1107217	95666478	2068520	220818678
5042	2220	3105	2984	1107549	95696181	0	0
5043	1180	1215	799	1107936	95735847	2071281	221128315
5044	992	1052	775	1108125	95754407	1246755	111426684
5045	1993	3951	4276	1108859	95813117	0	0
5046	643	2961	2449	1109828	95893221	1768228	178539912
5047	586	854	1458	1109931	95900107	1317340	119792025
5048	3436	4071	3216	1110007	95906013	1603369	155867166
5049	3029	3130	2201	1110326	95931546	1693959	168909689
5050	93	4232	3452	1110667	95958726	3876455	520442972
5051	108	4366	822	1110926	95983008	0	0
5052	121	3075	3028	1111019	95990819	1623391	158344381
5053	388	1578	247	1111304	96014825	1942304	202205913
5054	2824	3520	3744	1111450	96027389	1349811	124151260
5055	2529	3300	1935	1111608	96043985	1201270	106146040
5056	2597	4287	2883	1111873	96070468	0	0
5057	3680	3786	2544	1112082	96091395	1602932	155814688
5058	2087	2512	3149	1112672	96146258	1469278	139472015
5059	2044	3630	3166	1112712	96150977	0	0
5060	2320	3178	5869	1113463	96222743	2162391	234395729
5061	183	3141	869	1114066	96279303	1996031	209750090
5062	2028	3969	1768	1114651	96326881	1176637	103134117
5063	1869	2149	740	1114876	96345843	1625842	158692384
5064	2569	3733	4185	1114948	96352532	3163460	393929113
5065	522	4426	2055	1115210	96374496	3667216	482277313
5066	1700	2184	3404	1116209	96452671	2845229	339837376
5067	1441	4050	4654	1116423	96469006	1263704	113353101
5068	2502	4634	6754	1117092	96524298	1405527	131109963
5069	3836	4951	4652	1117162	96531584	1141657	99000390
5070	3853	3992	3759	1117297	96543190	0	0
5071	1198	3636	2425	1117506	96562298	1545631	148731817
5072	113	4312	976	1117565	96570494	1432738	134618591
5073	2603	3878	5085	1117752	96594556	1375124	127290875
5074	3073	4891	3846	1118155	96644691	1269118	113986354
5075	2844	4318	4522	1118359	96672680	1332040	121578761
5076	1464	3917	1954	1119222	96774434	1276405	114967026
5077	2134	2869	3415	1119442	96798759	2353757	262241828
5078	1777	3124	3324	1120186	96882633	1377180	127627620
5079	3207	4818	6986	1120575	96921572	1208664	106800670
5080	596	1503	1855	1120795	96943553	1481729	141121671
5081	246	756	921	1121517	97022077	0	0
5082	3343	3906	7512	1121549	97024369	1132143	98106552
5083	119	164	105	1122019	97089670	1206647	106646584
5084	1069	3557	5082	1122520	97144258	0	0
5085	2416	3697	4827	1123669	97268535	1556355	149928381
5086	30	240	147	1123839	97285631	1271245	114259421
5087	152	4109	1525	1123943	97296959	1271266	114262155
5088	4448	4953	3746	1124393	97342291	1277992	115179447
5089	3421	3971	4729	1124590	97362471	1411584	132099028
5090	1064	2867	1710	1124681	97374721	1282218	115693230
5091	1500	2537	2584	1124798	97388337	2158258	233810889
5092	1053	4383	4515	1126471	97559380	2463910	279136785
5093	1184	1580	2020	1126636	97576228	1986019	208296972
5094	1155	2062	2613	1127098	97619433	1145795	99569960
5095	2685	4453	6082	1127213	97631886	1573928	152150203
5096	636	2387	3092	1127496	97657481	2338375	260036549
5097	2500	4483	5357	1127502	97658639	1364495	125997775
5098	304	1327	1135	1128268	97741623	1418099	132978143
5099	1410	2340	402	1128297	97745205	1275193	114795471
5100	142	2644	5043	1128769	97793956	1194081	105204623
5101	1124	2779	1580	1129176	97834310	2070234	220988774
5102	2286	4155	3762	1129362	97853254	1165852	101903465
5103	162	1351	262	1129414	97858196	1851484	189976105
5104	97	3825	1133	1129610	97878109	2048827	218116159
5105	3943	4495	2409	1130775	97991864	1360501	125499749
5106	186	3899	2151	1130920	98004323	1626452	158783394
5107	465	749	890	1131217	98031419	0	0
5108	1647	3492	4510	1132136	98106070	2500852	284980821
5109	4215	5082	10338	1132143	98106552	1679465	166802506
5110	568	3670	2170	1132550	98156177	1220973	108252468
5111	903	4272	2118	1132599	98161362	1428185	134028772
5112	315	4018	1380	1133362	98251075	2010369	211969662
5113	1739	3045	1701	1133661	98280066	1234477	109929079
5114	1636	2154	3051	1134464	98357542	0	0
5115	907	3612	426	1135183	98421511	2803307	332753265
5116	1464	2318	1852	1136626	98530282	0	0
5117	4294	4391	6315	1136977	98551519	1226990	108993460
5118	901	2441	3924	1137113	98561448	1210270	107004063
5119	1078	2483	2568	1137399	98583956	0	0
5120	1220	3792	5509	1138372	98657623	1985467	208227708
5121	4327	4649	7760	1138557	98675284	1801187	183184914
5122	4551	4691	8726	1139534	98770281	1287850	116364077
5123	2303	2656	2688	1139982	98817661	3066654	377033734
5124	1205	2037	1979	1140015	98821395	1546745	148844828
5125	274	3429	2252	1140048	98823470	1694804	169038825
5126	1558	1980	1568	1140444	98870760	0	0
5127	2358	4531	1363	1141067	98937131	1285865	116091247
5128	577	4808	1463	1141161	98946779	0	0
5129	57	1656	966	1141483	98982207	1601310	155611591
5130	1960	5069	5331	1141657	99000390	3654673	480026736
5131	915	2194	3452	1141697	99005634	1880689	193769182
5132	627	1868	989	1141780	99014798	1232597	109731450
5133	1297	4459	9815	1142351	99087782	1372522	126939698
5134	242	2129	1076	1142480	99106878	1799096	182878421
5135	961	3935	1160	1142581	99123841	1904510	196883930
5136	913	1193	1503	1142931	99176178	4109150	562177124
5137	1341	1677	1705	1143062	99191976	0	0
5138	2261	3859	7603	1143358	99229154	1377269	127639760
5139	1171	1544	1798	1143551	99256077	1257192	112689563
5140	4167	4307	9647	1143607	99262832	2420126	272120297
5141	2435	2952	4087	1144167	99347758	4163765	570961940
5142	1020	1404	623	1144266	99364023	2330205	259014529
5143	759	889	290	1144280	99365852	1802407	183424774
5144	2456	2960	2080	1145076	99477612	1415471	132658556
5145	2497	4155	4107	1145598	99542365	1833736	187820044
5146	4305	5094	5003	1145795	99569960	1846099	189361620
5147	2740	3243	5700	1145869	99580105	1280112	115421178
5148	3126	4764	9948	1145901	99584955	3025812	370233914
5149	2153	5027	1933	1146320	99660542	0	0
5150	754	3088	2412	1147301	99824913	1604791	156050584
5151	1768	4585	4591	1147804	99896186	1403361	130861577
5152	3632	3741	2552	1148648	100017940	3876449	520441889
5153	1120	1476	1569	1148874	100047048	1224855	108728349
5154	1971	3984	6107	1149385	100109147	0	0
5155	1899	3400	2023	1150257	100215193	1275403	114823492
5156	377	3321	1313	1150380	100229395	1631360	159689463
5157	2240	3793	3239	1150382	100229415	1350188	124198934
5158	371	3284	1216	1150538	100249817	1347007	123802495
5159	2844	4050	5545	1150972	100301209	2121581	228854099
5160	1862	1890	2371	1151074	100312505	1179120	103475271
5161	3187	5034	3348	1151305	100339788	2204603	240806365
5162	2013	4221	2404	1151987	100424273	0	0
5163	2460	3889	3005	1152028	100429007	1155399	100817652
5164	873	2440	4021	1152238	100452243	1299603	117714034
5165	993	3029	717	1152400	100471541	2191425	238931688
5166	626	910	760	1153469	100596107	1387961	129089912
5167	677	1915	808	1153702	100619592	0	0
5168	2044	3624	3125	1153927	100641939	1188128	104498689
5169	1422	4282	9754	1153944	100643635	1892382	195194074
5170	268	1008	642	1154726	100734138	1215450	107634123
5171	707	4644	7968	1154781	100739072	3903753	525430032
5172	2791	3609	4388	1154972	100763205	1507507	144069169
5173	3395	3743	3013	1155137	100784231	2634962	305861913
5174	41	5163	3057	1155399	100817652	1286395	116151132
5175	723	4476	3263	1155814	100873795	2991557	364220840
5176	534	654	487	1156056	100907115	0	0
5177	1336	3544	2252	1156279	100935697	1293087	117038449
5178	699	4317	3400	1157983	101126994	1192793	104986759
5179	549	3671	1733	1158174	101148200	2888574	346733497
5180	1398	4051	5005	1158747	101206892	1664276	164743194
5181	683	3680	821	1159001	101233161	1213158	107383615
5182	569	716	570	1159049	101238521	1481130	141038371
5183	1752	2589	5259	1160526	101371441	1465757	138916254
5184	185	3990	3273	1160640	101380801	2113733	227720504
5185	179	2267	2423	1160930	101406531	1866450	191955013
5186	1644	3917	1803	1160974	101411586	2265649	249193711
5187	2359	3144	3155	1161231	101437787	2723878	320564696
5188	2022	4989	8636	1163123	101597200	1473006	139961676
5189	1298	3581	3108	1164133	101691436	0	0
5190	3242	4873	6974	1164443	101718915	3145681	391044048
5191	2130	4943	5529	1164507	101724716	1563892	150946299
5192	330	2050	176	1164644	101743708	1202291	106248286
5193	1492	2060	2002	1164734	101755220	1459940	138247476
5194	1542	3462	1493	1164842	101769591	2553681	292871175
5195	3524	4641	2000	1164905	101776871	1615798	157383490
5196	156	2071	1221	1164994	101787466	1241592	110761301
5197	3297	4665	4427	1165015	101790228	1230426	109479806
5198	2121	2260	1637	1165021	101790958	2347549	261324536
5199	3419	4228	5599	1165706	101883004	1626452	158783394
5200	403	1547	3360	1165803	101895220	2188231	238463500
5201	4726	5102	7180	1165852	101903465	1604791	156050584
5202	1668	3234	1981	1166129	101947699	1651076	162722204
5203	2333	2732	2015	1166392	101986431	0	0
5204	2049	2959	5972	1167737	102175071	1937317	201389083
5205	41	3510	2067	1168142	102224613	1407228	131362062
5206	827	1861	252	1168912	102320495	1360427	125488772
5207	3646	4933	7752	1170132	102434395	0	0
5208	1180	4748	2208	1170471	102466704	0	0
5209	1145	4057	3214	1171228	102538026	2437080	275048950
5210	435	1253	1140	1171369	102552487	0	0
5211	3792	3821	7216	1171785	102594178	1678326	166619408
5212	651	2598	1336	1172428	102660866	2001757	210708970
5213	566	3400	1616	1172548	102673786	2266581	249325108
5214	2896	3302	5093	1172671	102685311	2138801	231263775
5215	610	5012	2585	1173096	102733568	2288791	252596193
5216	1681	2452	2386	1173223	102746423	2783474	329896073
5217	2176	4093	4127	1173594	102779163	3866114	518203273
5218	119	4123	1398	1173855	102808004	0	0
5219	1356	2341	1981	1174064	102828819	1216149	107703703
5220	2043	3147	2110	1174414	102867197	2315380	257063795
5221	3250	4507	6030	1174500	102874902	2511894	286869877
5222	2052	2460	3729	1174645	102889561	2273380	250259208
5223	3951	4302	2905	1175068	102941300	1252819	112111938
5224	793	1127	1672	1175246	102961448	0	0
5225	2472	2646	6033	1175511	102992659	2672038	312333133
5226	4734	4943	6621	1175882	103036336	1252580	112081172
5227	2648	5062	2131	1176637	103134117	1834988	187994360
5228	485	529	481	1176914	103169769	1521693	145830963
5229	1569	4085	2838	1176922	103170410	1303535	118166670
5230	2921	4772	2192	1177030	103183097	2234797	244658603
5231	73	4352	3078	1177056	103187151	0	0
5232	662	1372	1740	1177251	103213553	1223518	108570933
5233	475	1658	1499	1177270	103215581	1911526	197886359
5234	6	2322	252	1177404	103236387	2101313	225779006
5235	681	1883	2642	1177465	103244635	0	0
5236	732	3539	2821	1177603	103262023	4105731	561614130
5237	2516	3279	2194	1177892	103302566	2194009	239267440
5238	2454	2902	4440	1178010	103317360	1733103	174022523
5239	4022	4112	3758	1178552	103395274	1480875	141000072
5240	1560	2523	1969	1178668	103410530	3759227	497788725
5241	1650	2037	1915	1178769	103424471	3889198	522840243
5242	3257	5160	4196	1179120	103475271	1285865	116091247
5243	1031	2847	1952	1179512	103534423	2225971	243433261
5244	212	3797	3168	1180065	103602805	0	0
5245	1363	4539	2505	1180784	103695621	1889927	194842588
5246	1071	3767	974	1180960	103718718	2019278	213399095
5247	17	776	484	1181001	103722515	4190857	575512744
5248	761	3958	1642	1181355	103765335	1273345	114551085
5249	308	3258	2359	1181651	103795072	2626748	304559490
5250	4089	4643	3819	1181934	103823533	0	0
5251	4320	4654	3449	1183214	103959869	0	0
5252	3683	4351	8415	1183235	103961905	2880658	345365823
5253	2372	3177	1016	1183491	103994697	1621586	158129569
5254	2971	3374	5427	1184045	104058914	1502816	143599551
5255	1351	2801	3135	1185020	104174458	2456522	278099171
5256	3152	4276	1808	1185098	104183121	1638295	160847930
5257	1524	3750	548	1185324	104207833	2420569	272192902
5258	1923	4570	3673	1185409	104217601	1737153	174611409
5259	3931	4391	4003	1186231	104304948	1595724	154819396
5260	387	4695	2307	1186876	104372538	2709548	318568677
5261	479	4536	1155	1188087	104493336	1308642	118822393
5262	371	3354	2468	1188094	104495006	2048210	217997514
5263	4145	5168	4115	1188128	104498689	1376028	127421715
5264	2124	2542	1261	1188397	104526041	1555284	149792767
5265	852	4590	1412	1188867	104568573	4358210	609100141
5266	1472	3685	2015	1188997	104581812	0	0
5267	1934	2807	4321	1189317	104612693	2714051	319271946
5268	1404	2453	3825	1189447	104627318	0	0
5269	216	494	172	1189539	104638177	1255569	112500848
5270	626	1306	1646	1190288	104711385	3176540	395997435
5271	355	4934	3165	1190332	104715258	2412842	271046394
5272	1664	2851	4980	1190404	104721409	1388496	129143225
5273	407	4839	1943	1190578	104740835	0	0
5274	4148	4176	1851	1190775	104761243	0	0
5275	894	4506	4006	1191207	104811860	1338990	122595952
5276	3949	4953	7514	1192636	104967192	1654929	163297561
5277	1578	4080	4214	1192689	104973332	2851602	340852082
5278	3994	4880	6536	1192750	104980841	1630289	159457720
5279	4042	5178	10562	1192793	104986759	2926456	353145813
5280	48	4134	1966	1192988	105022729	0	0
5281	513	795	439	1193185	105061574	2396659	268508961
5282	810	3834	3673	1193574	105121312	0	0
5283	2661	4801	1460	1193902	105176423	1384453	128663245
5284	756	5100	5926	1194081	105204623	0	0
5285	1295	2649	3093	1194513	105274714	0	0
5286	1102	3064	2075	1194964	105345925	3295823	416752009
5287	1283	4036	3361	1195044	105356888	1487671	141826874
5288	2519	2684	4343	1195214	105384491	3751407	496242876
5289	631	1290	855	1197564	105708616	1274532	114706798
5290	2084	3718	2944	1197834	105737629	2635783	305996674
5291	737	2650	2028	1198065	105762147	2536340	290321497
5292	2172	4797	8733	1198362	105794308	1955867	204034673
5293	3731	4300	5962	1198493	105811533	4241934	585039382
5294	3721	4504	3388	1199029	105886475	1629627	159335712
5295	3432	4962	2120	1200372	106052071	1806540	184174095
5296	29	1927	699	1200791	106100835	3314644	419424410
5297	437	2202	1131	1201265	106145602	1373732	127097580
5298	807	5055	2484	1201270	106146040	1308174	118767075
5299	507	2451	618	1201401	106160486	0	0
5300	545	727	372	1201596	106178247	1214625	107552472
5301	2526	4284	3559	1201696	106188311	1419482	133123852
5302	3286	5192	4822	1202291	106248286	4149536	568680326
5303	1319	4123	1574	1202323	106250619	1767031	178365594
5304	3487	4495	3815	1202528	106271139	0	0
5305	159	808	672	1202643	106285640	2865168	343126133
5306	123	1218	2087	1203651	106385926	2374479	265133235
5307	1855	2478	2432	1204355	106452053	1596181	154882183
5308	2324	4046	4799	1205407	106544546	1504643	143791030
5309	3049	3405	4707	1205911	106585914	1383492	128509561
5310	1937	3544	1971	1206301	106618446	3279446	413805585
5311	4646	5083	2068	1206647	106646584	3491314	450682884
5312	2093	4584	2729	1207508	106711685	1775430	179789856
5313	702	1545	1317	1207670	106726755	1576842	152470923
5314	2042	3180	2552	1208136	106762572	1901908	196486944
5315	264	1810	1319	1208342	106777286	0	0
5316	14	652	222	1208453	106785752	3605488	471095783
5317	2632	4987	2639	1208638	106798471	1536988	147634230
5318	3483	5079	8140	1208664	106800670	0	0
5319	4550	4703	6994	1208836	106818622	1658746	163891095
5320	2662	3353	3353	1208885	106824570	1540612	148135831
5321	4090	4438	3096	1208899	106826512	1659159	163952588
5322	193	1999	2625	1209215	106867468	1836794	188216283
5323	3493	3900	5975	1209362	106885228	1701976	169999412
5324	4362	5118	9921	1210270	107004063	1812744	185023901
5325	749	987	1903	1211083	107109598	1662936	164521709
5326	1465	4812	6150	1211369	107146468	1389145	129215086
5327	1954	4540	4445	1212054	107242443	1227851	109124272
5328	1131	3486	2014	1212297	107277741	2799693	332205872
5329	82	5181	900	1213158	107383615	2002291	210804718
5330	585	4425	2338	1213314	107402512	1710676	171147572
5331	3743	5034	2400	1213346	107407499	3246709	408083902
5332	737	2610	1935	1214034	107487039	1508490	144188423
5333	3287	4898	2563	1214051	107488493	1400795	130557843
5334	1904	5300	693	1214625	107552472	1234086	109890998
5335	388	4428	3253	1215015	107590059	1272494	114426203
5336	3702	5170	2466	1215450	107634123	1437141	135146971
5337	792	1368	1759	1215530	107642693	1496285	142878709
5338	633	1261	757	1215624	107654595	1957324	204282987
5339	4631	5219	4642	1216149	107703703	2226517	243507009
5340	821	2968	3436	1216477	107735753	1455071	137638192
5341	3054	3061	2077	1216499	107737180	1663075	164544025
5342	2907	3544	2247	1216517	107739468	2319798	257598110
5343	421	482	428	1216547	107742601	0	0
5344	880	4393	3878	1216671	107756735	1373932	127123078
5345	2080	3874	2745	1216858	107777035	1705977	170594210
5346	66	1947	692	1216913	107784138	1464621	138782196
5347	292	407	543	1217220	107820528	2041424	217064090
5348	328	1749	1668	1217295	107829150	2193100	239134898
5349	1712	2687	5209	1217300	107829615	2288403	252532790
5350	1254	2060	1878	1217815	107896712	0	0
5351	2091	2863	2785	1217899	107905820	1438404	135304618
5352	4018	4205	2013	1218465	107972875	1462163	138494004
5353	1970	2573	2895	1218559	107983983	0	0
5354	909	2945	6016	1219189	108060110	0	0
5355	2409	2745	3659	1219950	108140382	3476279	447888984
5356	2349	2650	2389	1220295	108180303	2019593	213461282
5357	1557	2347	1864	1220478	108200697	0	0
5358	165	3068	2413	1220879	108241474	1422129	133407438
5359	277	5110	2376	1220973	108252468	1574040	152163144
5360	543	3246	3162	1220990	108255830	2637913	306416376
5361	845	3287	1253	1221116	108270130	2313471	256834996
5362	1989	4369	3982	1221208	108280666	2299223	254593695
5363	2278	2475	1541	1221387	108302327	1481358	141069423
5364	3174	4556	6017	1221584	108326674	1304978	118317345
5365	258	1587	346	1221739	108348632	0	0
5366	3818	4821	2225	1221918	108373012	1579099	152722052
5367	2391	3361	1048	1222050	108391700	1680279	166956258
5368	3328	4628	2106	1222340	108430778	4404749	616808339
5369	4368	5232	5636	1223518	108570933	2172178	235808501
5370	1281	3606	2457	1223807	108607228	1413815	132433826
5371	1782	3649	2542	1224158	108649602	1375968	127413113
5372	2158	4939	6474	1224751	108714830	3879437	521059932
5373	2766	5153	3977	1224855	108728349	1517475	145355794
5374	1059	2958	1108	1225700	108832516	1317124	119762855
5375	3690	4738	2090	1225741	108835612	1512922	144758108
5376	107	1485	975	1225766	108838053	0	0
5377	865	2767	3388	1225974	108865715	2117491	228310736
5378	640	2331	3021	1226260	108896629	2979677	362306110
5379	925	3003	6756	1226271	108898295	3176540	395997435
5380	1531	4904	2061	1226954	108989516	0	0
5381	4540	5117	9962	1226990	108993460	0	0
5382	731	3654	6436	1227541	109075284	2047771	217915671
5383	1002	5327	5227	1227851	109124272	1240979	110668005
5384	109	3904	2510	1228820	109272504	0	0
5385	1023	2701	3567	1229509	109368167	1833936	187845915
5386	2760	5197	7375	1230426	109479806	2676303	313226101
5387	2151	3496	2789	1230461	109485398	3423219	438185515
5388	1806	2604	2763	1231389	109606003	3836841	512581808
5389	1189	3176	6317	1232399	109708258	1536641	147591603
5390	4742	5132	2856	1232597	109731450	1286542	116172316
5391	2391	4434	5428	1233849	109861789	2757106	325494525
5392	252	5334	801	1234086	109890998	1496848	142935884
5393	2356	5113	4418	1234477	109929079	0	0
5394	382	3889	1497	1234945	109979103	1271002	114228720
5395	326	4484	5096	1235862	110068068	0	0
5396	1994	5117	8170	1235875	110069316	0	0
5397	2126	2521	4609	1236596	110151052	0	0
5398	3063	4200	11159	1237879	110282035	1476973	140409752
5399	3111	5008	6293	1238273	110329538	2141847	231696701
5400	1264	2536	3191	1238541	110363676	1498818	143139082
5401	2365	5192	838	1238986	110423848	3013477	368435522
5402	1425	4753	4886	1239411	110472100	2148250	232574408
5403	1759	4989	9321	1239721	110507215	3164267	394080826
5404	3475	5232	3185	1239824	110521698	0	0
5405	4349	4810	2377	1240249	110576269	1513040	144772958
5406	2270	5383	6627	1240979	110668005	0	0
5407	1238	4158	4209	1241048	110675963	1317076	119757635
5408	23	2508	1238	1241212	110700972	0	0
5409	2376	3617	3446	1241462	110740403	2755928	325296839
5410	2876	5196	2992	1241592	110761301	4191033	575542367
5411	2101	4443	2940	1242530	110893730	1510383	144415379
5412	2807	4602	6344	1243270	110991308	1653668	163093879
5413	2476	2720	7615	1244251	111110452	3921926	528287704
5414	289	4594	1390	1244360	111123822	1768958	178654614
5415	1961	2731	1473	1244734	111167841	1778214	180192766
5416	4642	4814	10456	1245256	111221828	2287476	252402926
5417	1805	2335	2840	1246082	111345653	0	0
5418	2358	4054	1367	1246093	111347865	2046348	217687593
5419	1051	4692	1887	1246690	111418948	0	0
5420	79	1243	733	1246695	111419188	1588762	153937900
5421	547	5044	1112	1246755	111426684	2130140	229993327
5422	3031	3529	2826	1247238	111485876	4411665	618046733
5423	1718	3589	1262	1247254	111486723	1306012	118451701
5424	412	3254	3452	1247640	111536747	2008260	211714016
5425	2690	4857	2267	1247970	111575827	0	0
5426	1267	2897	2006	1248085	111589436	1623658	158376465
5427	122	1200	414	1248411	111631365	0	0
5428	1693	3518	4669	1248431	111633610	2047744	217910872
5429	345	3778	1285	1248594	111654803	2884892	345959508
5430	4227	4874	3334	1250152	111823911	1580325	152883032
5431	1014	2578	4550	1250604	111872284	0	0
5432	631	4114	1768	1250614	111873697	2453096	277674988
5433	4579	4730	5144	1250837	111896446	1727008	173279714
5434	255	935	1365	1250877	111900526	2710197	318678631
5435	809	1323	2793	1251985	112019247	1335909	122122248
5436	522	4738	3010	1252333	112054194	2466765	279612758
5437	3549	4449	7871	1252349	112055443	1929713	200357738
5438	1108	2715	732	1252550	112077762	0	0
5439	2078	5226	8109	1252580	112081172	0	0
5440	3534	5223	6618	1252819	112111938	1697069	169365916
5441	3037	4570	2571	1252828	112113118	1825309	186796491
5442	1339	2617	3567	1253354	112192739	1759363	177228030
5443	1969	3835	1669	1253740	112245272	2719239	320031964
5444	1730	3392	3104	1253778	112249466	1590943	154193777
5445	1115	3118	670	1253928	112270479	2087395	223932964
5446	1871	2672	5365	1254229	112316586	0	0
5447	4541	4925	3427	1254260	112321493	3436502	440572905
5448	316	2657	720	1254332	112330777	2277890	250992713
5449	442	5269	444	1255569	112500848	3293868	416474177
5450	2262	4049	4009	1256029	112554796	1566173	151203435
5451	1250	1327	1663	1256469	112606474	0	0
5452	1525	4277	4122	1256625	112624215	1914326	198255642
5453	1608	4654	3212	1256701	112634505	1263797	113362506
5454	2395	3153	1772	1257110	112681041	1304865	118306389
5455	454	5139	1929	1257192	112689563	0	0
5456	1671	2154	3090	1257364	112711366	2940715	355308793
5457	4037	4395	1536	1257561	112735688	1382513	128394202
5458	2779	4680	7859	1257703	112754053	0	0
5459	1852	3030	635	1258778	112890488	0	0
5460	2892	4010	2729	1259044	112921327	1294493	117193039
5461	3796	3816	4729	1260149	113030411	2125758	229418039
5462	132	663	491	1260259	113040254	0	0
5463	1883	2315	4101	1261410	113145222	2576672	296722778
5464	2558	2740	4321	1261690	113168526	1589786	154048015
5465	901	1830	1288	1262291	113228448	1708654	170916994
5466	1079	1468	1389	1262889	113276513	0	0
5467	195	4359	1756	1263019	113288051	1312727	119267836
5468	2081	3780	2160	1263048	113290166	2484645	282609378
5469	883	3547	3706	1263107	113294925	1908578	197489091
5470	2696	2942	3822	1263233	113306295	2077881	222240320
5471	1295	1776	1163	1263303	113312613	1286236	116134551
5472	1236	1356	1833	1263433	113324971	1645195	161818245
5473	3435	5067	6010	1263704	113353101	2386425	266866485
5474	4746	5453	7104	1263797	113362506	1987025	208431640
5475	1683	3536	1752	1264055	113392677	2294659	253602000
5476	381	2268	1511	1264958	113492387	0	0
5477	836	4165	4548	1265151	113509876	1271002	114228720
5478	2902	3662	7138	1265371	113535110	2310821	256471061
5479	1946	4843	3314	1265508	113555699	1776876	179997506
5480	3052	4798	1829	1266035	113622226	0	0
5481	76	4913	260	1266208	113642577	1420649	133261681
5482	1422	4992	3134	1266581	113691710	0	0
5483	309	3065	4158	1267492	113792050	1683627	167486543
5484	1636	2278	2515	1267669	113813146	0	0
5485	911	1616	2101	1267856	113835047	2275629	250605460
5486	1244	4860	3831	1267962	113847132	0	0
5487	2047	5168	3841	1268169	113870910	1790455	181664716
5488	1562	3278	1395	1268804	113950650	1357763	125125002
5489	2328	2776	2117	1269015	113974773	1856157	190655029
5490	4568	5074	6049	1269118	113986354	2462001	278830221
5491	2772	3344	4618	1269152	113989743	3412386	436340626
5492	825	2985	1078	1269293	114008994	0	0
5493	186	4597	2688	1269551	114043550	1944037	202464133
5494	970	1222	1559	1269646	114052924	0	0
5495	1572	2401	3963	1269996	114097793	1597694	155108095
5496	1426	2704	1354	1270541	114171340	1465772	138918573
5497	5394	5477	6045	1271002	114228720	2025588	214499797
5498	2938	5086	2704	1271245	114259421	1493187	142517862
5499	1908	5087	3854	1271266	114262155	2172032	235784421
5500	2629	3663	2112	1271320	114270054	2733032	321802113
5501	2302	2477	1213	1271865	114350235	1408616	131584427
5502	3411	5335	9952	1272494	114426203	2402746	269440616
5503	1493	5248	2398	1273345	114551085	1321199	120264624
5504	1605	3131	3767	1273354	114551965	2323332	258121912
5505	611	2745	1337	1273430	114563944	2807485	333475850
5506	1883	2614	3509	1273735	114600557	1596287	154899018
5507	1809	4682	5680	1274274	114671231	1451318	137006653
5508	1730	2652	3096	1274455	114694388	3271665	412514762
5509	1416	5289	1880	1274532	114706798	1434548	134827945
5510	527	1421	1770	1274867	114749848	0	0
5511	3692	5099	4409	1275193	114795471	0	0
5512	3666	5155	5942	1275403	114823492	2346372	261153458
5513	3354	5076	4378	1276405	114967026	1400107	130459066
5514	2036	3310	4341	1276586	114986906	1290714	116767754
5515	477	3259	3132	1276731	115007305	1374566	127213128
5516	219	385	384	1277924	115171440	1508429	144179392
5517	275	5088	3776	1277992	115179447	1962712	205028659
5518	1083	4346	1991	1278836	115278255	0	0
5519	2996	4941	2538	1279196	115317861	1890291	194894902
5520	4260	4314	4232	1279415	115340478	4288263	593771312
5521	506	5147	6209	1280112	115421178	0	0
5522	2517	3554	3632	1280152	115425311	0	0
5523	4055	4737	8698	1280431	115462060	3937924	531166000
5524	201	2013	1685	1280681	115499467	1287850	116364077
5525	510	610	1125	1280707	115501539	2276081	250681774
5526	1309	2701	3263	1280945	115535703	1312322	119227610
5527	2720	5090	5365	1282218	115693230	0	0
5528	384	4511	2157	1282470	115726104	1883366	194054037
5529	1732	1894	3871	1283330	115825909	2184273	237826799
5530	2680	4126	3418	1283466	115842078	3238633	406601810
5531	1393	1710	2742	1283542	115853511	2917176	351838677
5532	264	1069	876	1283937	115898185	4364635	610237632
5533	405	913	781	1285337	116043193	0	0
5534	3640	3975	4268	1285379	116047391	1889247	194756180
5535	607	3288	653	1285743	116080225	2985682	363162513
5536	5127	5242	5559	1285865	116091247	1564075	150968038
5537	668	976	1480	1286085	116117097	1611085	156771119
5538	795	5471	1515	1286236	116134551	3353622	425606021
5539	1867	5090	5112	1286374	116149091	1920789	199016426
5540	4458	5174	5227	1286395	116151132	1998539	210108732
5541	2873	4997	4203	1286461	116159776	2131109	230138831
5542	945	5390	3096	1286542	116172316	0	0
5543	1315	2864	5453	1286564	116176220	2246056	246439779
5544	40	4495	1509	1286632	116186403	0	0
5545	247	2617	2176	1287671	116341764	2256309	247888092
5546	5122	5524	10411	1287850	116364077	1451758	137077349
5547	1517	3806	2559	1288256	116427545	1391310	129435052
5548	3655	3764	6107	1288738	116498264	0	0
5549	1096	3237	3153	1289221	116573097	0	0
5550	2222	5514	5303	1290714	116767754	3358354	426492625
5551	90	2256	1523	1291247	116840323	1788812	181472887
5552	2152	4055	5943	1292002	116925006	2256419	247902935
5553	2545	5177	5537	1293087	117038449	1575460	152322969
5554	2941	3136	4572	1293129	117043090	0	0
5555	3258	4420	2721	1293663	117104837	1702418	170056607
5556	805	5460	3743	1294493	117193039	3103286	382895101
5557	1052	2018	802	1294697	117212019	2315388	257064045
5558	713	3091	6744	1294811	117222767	4365099	610321078
5559	2226	5017	3930	1296285	117372852	0	0
5560	4460	4823	7948	1296319	117375506	1467106	139118133
5561	24	1586	328	1296705	117418536	2695136	316185559
5562	401	1513	1552	1297105	117462265	2479150	281599581
5563	1596	2728	4081	1298031	117555426	0	0
5564	583	4571	796	1298300	117581899	1687685	168008275
5565	1470	2865	1714	1298515	117604210	1618944	157804506
5566	3945	4955	5154	1298700	117621395	1615798	157383490
5567	599	1635	1184	1299033	117653354	3012625	368296842
5568	780	4049	1598	1299059	117657585	1385797	128844559
5569	1177	2893	2050	1299505	117702792	0	0
5570	1812	4620	6082	1299572	117709846	2858938	341991423
5571	1220	5164	4274	1299603	117714034	0	0
5572	2277	3463	1952	1299933	117758630	1325110	120655565
5573	2012	2380	3220	1300001	117766030	1996438	209799511
5574	89	2093	1066	1301147	117902806	1488728	141961525
5575	1599	3287	1837	1301533	117942267	1571306	151849384
5576	3427	4646	6038	1301652	117954027	1525142	146257636
5577	3182	4876	4787	1302070	118003168	1748272	176000097
5578	4204	5038	1899	1302845	118093211	1562539	150808292
5579	1498	5229	3525	1303535	118166670	1525965	146355084
5580	1866	2084	1392	1303926	118207127	3160941	393516863
5581	2974	3964	7695	1304417	118256218	2994040	364712332
5582	1554	4639	1691	1304424	118257098	0	0
5583	589	1202	1061	1304604	118278769	1484099	141409689
5584	2961	5454	3948	1304865	118306389	3089850	380596604
5585	2763	5364	9868	1304978	118317345	2180739	237207896
5586	259	2683	837	1305223	118349020	1626714	158825755
5587	2069	2391	2615	1305898	118437501	4002365	542781274
5588	396	4848	5125	1305960	118444996	1313394	119339372
5589	4931	5423	4917	1306012	118451701	1357885	125143839
5590	3575	4363	9326	1306307	118496107	1904737	196915699
5591	368	439	360	1307396	118660532	0	0
5592	173	966	733	1307814	118716256	2552405	292676131
5593	2306	5298	4760	1308174	118767075	2175088	236281335
5594	3828	4774	2286	1308478	118802755	1748483	176025314
5595	2828	5261	4611	1308642	118822393	1971151	206109819
5596	2657	4732	2240	1310336	119027738	1340822	122875362
5597	2693	4751	3792	1310774	119075836	1441254	135662405
5598	1556	4254	3321	1310948	119092825	3162015	393666871
5599	197	2041	1506	1311741	119174372	1350262	124208623
5600	3803	5526	4348	1312322	119227610	2170085	235507991
5601	3810	4968	4213	1312546	119249105	0	0
5602	2176	5467	3804	1312727	119267836	1379991	128061063
5603	1607	5026	3910	1313279	119325545	0	0
5604	3717	5588	6762	1313394	119339372	3287879	415369703
5605	401	802	420	1314004	119411755	1789192	181520402
5606	667	1424	1758	1314723	119491462	1632468	159917622
5607	987	2546	5140	1314860	119506657	1556951	150010965
5608	4683	4885	4488	1315046	119527618	1646590	162025167
5609	1738	3669	2701	1315391	119568261	0	0
5610	825	3830	3191	1315616	119595137	1749120	176106787
5611	1305	3691	2397	1316557	119703185	2357249	262732206
5612	3774	5407	7261	1317076	119757635	2557517	293448167
5613	3271	5374	4082	1317124	119762855	1991598	209116147
5614	1214	2114	1637	1317301	119787081	1340800	122872598
5615	997	5047	2449	1317340	119792025	3931024	530033617
5616	2829	5017	8161	1317394	119799419	1363748	125903567
5617	658	3191	1609	1317736	119845803	1646009	161942992
5618	2080	4185	1754	1318210	119909603	1338246	122483382
5619	1121	1410	895	1318494	119949623	4380499	612774069
5620	832	4328	4377	1318643	119969004	1372100	126891940
5621	4252	4946	3843	1319535	120085274	1688027	168054505
5622	689	1646	2042	1320770	120222929	1630995	159614214
5623	1778	5503	6309	1321199	120264624	1613885	157117009
5624	1399	2331	3326	1321489	120294963	1497302	142983077
5625	3171	3409	2542	1321861	120333940	2288215	252504815
5626	2235	2577	928	1321955	120344112	0	0
5627	553	754	1089	1322028	120352638	2766734	327423042
5628	53	665	431	1322186	120369535	1930002	200390891
5629	1004	2345	1881	1322781	120432184	1646009	161942992
5630	1760	3339	3690	1322844	120437464	3023619	369915597
5631	419	1855	737	1322907	120444196	1812561	184997519
5632	1370	4084	3192	1323643	120515004	2146345	232348290
5633	482	2042	2236	1324259	120573609	0	0
5634	508	3212	4958	1324294	120575974	3284782	414836079
5635	1364	2110	786	1324677	120615168	0	0
5636	754	5572	2259	1325110	120655565	0	0
5637	1823	3232	10829	1325696	120713334	1891217	195009039
5638	710	2483	2091	1326810	120840816	1924667	199660936
5639	1519	2245	1312	1326952	120856466	1554783	149727779
5640	4344	4405	3887	1327054	120867666	2047771	217915671
5641	700	1186	608	1327229	120886334	1640995	161241833
5642	1736	3633	6373	1327401	120905655	2838471	338796885
5643	778	2885	1404	1327798	120953044	3014502	368592579
5644	2478	4402	9276	1327951	120971330	1732274	173920986
5645	4136	4890	7507	1328552	121054567	0	0
5646	107	4532	1296	1328689	121076867	2885236	346013408
5647	1998	3894	4572	1328998	121123004	2072288	221296297
5648	4267	4491	7774	1329430	121183865	1468501	139341875
5649	3961	4393	5965	1329670	121220527	2439913	275451456
5650	307	4388	2253	1330234	121310389	4158945	570240898
5651	2009	3667	7933	1330785	121395534	0	0
5652	1569	2380	2983	1331502	121501250	4236114	583904064
5653	470	2616	1887	1331568	121511042	0	0
5654	2381	3103	1274	1331754	121540128	1461035	138368622
5655	599	2526	1578	1331766	121541236	1463207	138603947
5656	400	5075	4939	1332040	121578761	0	0
5657	488	3386	1824	1332264	121610915	3739717	494053081
5658	90	3696	462	1333290	121754046	0	0
5659	2737	3136	4147	1334337	121876687	1714823	171721138
5660	4055	4945	12246	1334744	121921762	1821066	186225048
5661	2768	3063	9455	1334852	121939075	2657422	310084547
5662	1521	2944	6219	1335039	121966169	1511150	144505835
5663	2866	4907	8955	1335162	121985134	1851509	189979533
5664	1310	1752	1146	1335449	122041051	2004940	211228445
5665	1621	3817	2172	1335497	122050595	2062591	220165635
5666	1806	5435	3309	1335909	122122248	0	0
5667	1529	4835	3069	1336214	122177558	4413201	618317835
5668	1935	5618	3760	1338246	122483382	1343175	123228504
5669	1555	4605	10745	1338563	122524964	4004796	543275376
5670	1185	2985	1303	1338632	122535380	1791356	181779889
5671	3792	4737	8375	1338790	122560235	3144139	390747803
5672	2554	5275	4569	1338990	122595952	2555943	293218255
5673	337	849	1358	1340071	122764231	2357040	262705995
5674	2517	4538	3175	1340389	122809484	0	0
5675	336	4871	2228	1340526	122831806	0	0
5676	2946	3953	3965	1340564	122837807	3650880	479396455
5677	4088	5614	3633	1340800	122872598	1367920	126433768
5678	924	5596	2780	1340822	122875362	1534231	147340638
5679	301	3209	2316	1340944	122894967	1408285	131534042
5680	1188	3818	1754	1340970	122898359	1789192	181520402
5681	2789	4433	6598	1342063	123064201	0	0
5682	1594	4243	3276	1342468	123123330	1691764	168568380
5683	1150	3520	1688	1342636	123147938	1388649	129161308
5684	4052	4175	9002	1343033	123208533	3630338	475630190
5685	4970	5668	6773	1343175	123228504	0	0
5686	2255	4040	1387	1343765	123326195	0	0
5687	725	4195	5567	1343810	123332945	1409027	131657775
5688	88	1887	1362	1344321	123417766	1870203	192463689
5689	1051	2763	4180	1344479	123445695	0	0
5690	3405	4859	3548	1345398	123586327	1356830	124995857
5691	50	4314	2957	1345940	123659789	0	0
5692	3580	3625	6370	1346284	123701975	2692266	315784515
5693	637	5158	1636	1347007	123802495	0	0
5694	1253	2036	3547	1347553	123877096	0	0
5695	2834	4514	3680	1347765	123904807	1742789	175270336
5696	1434	2508	1658	1348378	123983712	0	0
5697	805	4478	3344	1348477	123996396	1442791	135874156
5698	446	2105	3157	1348823	124038382	0	0
5699	577	4902	1488	1349419	124107840	2889623	346951943
5700	49	2827	752	1349502	124117218	3288675	415537579
5701	3606	5054	5258	1349811	124151260	1475536	140243306
5702	3416	5157	9456	1350188	124198934	2516125	287597348
5703	3789	5599	2903	1350262	124208623	0	0
5704	2048	3307	2504	1350853	124292326	1669362	165513306
5705	461	3556	4442	1351052	124319533	1675665	166290019
5706	4171	4240	9905	1352666	124524410	0	0
5707	4426	4598	4913	1353035	124570409	1447002	136460300
5708	3668	4416	1787	1353263	124599167	3232645	405482707
5709	1735	3872	4087	1354625	124753472	0	0
5710	3956	4190	2873	1354786	124769226	2455218	277939298
5711	1657	3428	2397	1354979	124790914	1758773	177141558
5712	932	3921	2607	1355099	124804754	0	0
5713	2351	3385	4429	1355947	124904367	2474852	280839369
5714	293	3578	3394	1356404	124951813	1610046	156652330
5715	4901	5027	9195	1356631	124975260	1463241	138607706
5716	4002	5690	5978	1356830	124995857	1478921	140695423
5717	777	3720	4050	1357308	125064888	1454832	137603286
5718	266	5488	1524	1357763	125125002	1486798	141734341
5719	2870	3714	6526	1357783	125127235	1444970	136175229
5720	17	5589	4930	1357885	125143839	0	0
5721	51	3402	3220	1358248	125202987	2367291	264230653
5722	1390	2245	761	1358446	125235985	1463207	138603947
5723	5079	5206	7238	1360427	125488772	0	0
5724	3098	5105	3751	1360501	125499749	0	0
5725	1501	3603	2269	1360769	125537027	0	0
5726	81	1875	1723	1360973	125565174	1474119	140091861
5727	4013	4532	3097	1361016	125569472	1757855	177032681
5728	554	3544	1646	1361067	125576422	2024228	214267880
5729	202	259	401	1361139	125586451	1441439	135685786
5730	3	3688	1530	1361170	125590044	1915052	198341824
5731	1965	2674	5198	1362013	125701356	2564994	294682895
5732	2168	2189	1848	1363289	125854273	1413666	132410350
5733	773	844	1422	1363639	125891461	1438956	135378471
5734	282	4855	3502	1363675	125896073	0	0
5735	847	5616	8366	1363748	125903567	1806408	184151854
5736	5097	5232	7097	1364495	125997775	3434085	440145133
5737	889	2076	1266	1364670	126021298	0	0
5738	2114	4347	3766	1364691	126024864	1907549	197344946
5739	3835	3902	2388	1364725	126028802	4379472	612606575
5740	1062	1863	1160	1364744	126031254	0	0
5741	1575	2304	2310	1365327	126113432	0	0
5742	2759	4572	4222	1366266	126237515	2913602	351290348
5743	1806	4715	646	1366441	126260974	1977335	207059248
5744	95	3269	4916	1367429	126375751	1395457	129900210
5745	1427	2123	841	1367665	126404348	0	0
5746	398	5019	2443	1367695	126407622	0	0
5747	2657	5677	4180	1367920	126433768	2485089	282677846
5748	3134	3859	6439	1368134	126463256	0	0
5749	2160	5075	4573	1369380	126618784	0	0
5750	199	4390	1980	1369818	126668982	1633960	160187773
5751	1649	3256	2016	1371037	126794068	1558558	150289846
5752	1259	3695	2113	1371397	126825645	4264049	589244425
5753	4444	4504	3990	1372030	126884695	1690181	168350535
5754	2704	5620	5350	1372100	126891940	2838317	338772714
5755	1097	2007	876	1372105	126892391	2820531	335876755
5756	1214	3266	5175	1372138	126896604	3620912	473924517
5757	275	5133	9845	1372522	126939698	1825903	186878582
5758	3596	4347	4745	1373529	127072342	1893916	195416972
5759	4893	5297	1898	1373732	127097580	2281741	251648360
5760	3286	5344	8524	1373932	127123078	0	0
5761	363	3480	4571	1374362	127183419	2496389	284282322
5762	3191	5515	4352	1374566	127213128	0	0
5763	4924	5073	5607	1375124	127290875	0	0
5764	4771	5371	7836	1375968	127413113	1766579	178298418
5765	5263	5371	6657	1376028	127421715	2027961	214952383
5766	3393	3929	6019	1376050	127424772	2031704	215572169
5767	3770	5503	5241	1376180	127449065	2076637	222032946
5768	1629	3289	1711	1376937	127589650	1674050	166087601
5769	2705	5078	3369	1377180	127627620	0	0
5770	1470	5138	8476	1377269	127639760	1465757	138916254
5771	396	3679	173	1377520	127681103	2368580	264419047
5772	2050	2547	620	1378144	127780821	1562015	150745552
5773	2611	3151	2000	1378573	127849785	2359006	262969076
5774	3608	3721	5794	1379120	127934220	1637203	160707053
5775	2351	5196	1921	1379178	127942754	0	0
5776	3436	3679	931	1379193	127944431	1483210	141309974
5777	1795	5602	5593	1379991	128061063	1801187	183184914
5778	295	4394	3698	1380015	128064039	0	0
5779	1093	1733	694	1380121	128079549	0	0
5780	2080	2279	2171	1380231	128095577	1686103	167799095
5781	321	1576	853	1382140	128351162	1971679	206185165
5782	3286	5457	6182	1382513	128394202	1972312	206269938
5783	1826	3054	4241	1382684	128414790	2004940	211228445
5784	3125	5132	1616	1382821	128429369	1939004	201650264
5785	1875	4808	2732	1382932	128443133	2415053	271374135
5786	325	1101	674	1383309	128488258	2180786	237219732
5787	3109	4281	6357	1383333	128490253	1922448	199309927
5788	3411	5309	11406	1383492	128509561	1743220	175325484
5789	3314	4294	7295	1383523	128514021	2745866	323589598
5790	784	3864	3279	1383593	128524398	2438934	275317530
5791	3376	4367	2082	1384141	128614210	3441190	441563197
5792	187	5283	1617	1384453	128663245	0	0
5793	3392	5568	3858	1385797	128844559	1887277	194494013
5794	72	4224	1673	1386090	128882524	2100348	225654518
5795	1914	4173	3617	1386449	128923596	0	0
5796	164	2402	1918	1387949	129088705	2293701	253403229
5797	1726	5166	2237	1387961	129089912	1412767	132278544
5798	4234	5272	5536	1388496	129143225	0	0
5799	3657	5683	2481	1388649	129161308	3159949	393381685
5800	938	5326	6678	1389145	129215086	1996438	209799511
5801	2172	3248	2486	1390731	129377023	3520689	455990756
5802	1744	2890	2314	1390917	129395900	4358285	609116685
5803	706	2372	890	1391087	129413739	1861878	191459043
5804	198	4672	3004	1391103	129414746	3311411	418957278
5805	3442	3974	3374	1391106	129414834	4226438	582262413
5806	2344	5547	3821	1391310	129435052	3437662	440782205
5807	2534	4729	5270	1391425	129446579	1702665	170095708
5808	1760	3158	3999	1391776	129490743	1832719	187705566
5809	523	987	2105	1392584	129591932	1394067	129754288
5810	2701	2793	3121	1392847	129623454	1578674	152674527
5811	153	4752	682	1393529	129695370	1437130	135145358
5812	3769	4751	5013	1393542	129696475	1783966	180878603
5813	2434	5809	3019	1394067	129754288	0	0
5814	3541	3854	3182	1394705	129821980	1753384	176608470
5815	1420	3419	4328	1395088	129860377	1686103	167799095
5816	980	4286	1632	1395116	129863653	1515228	145083612
5817	209	5744	5109	1395457	129900210	3824724	510409769
5818	3481	3989	1926	1395577	129915466	0	0
5819	1489	1613	1632	1395855	129947970	2991914	364297901
5820	1630	2040	2177	1396278	129998669	1537968	147750862
5821	3380	4816	3586	1396537	130026285	0	0
5822	3396	4863	5868	1396642	130040324	1511291	144527702
5823	1131	2158	1690	1396805	130063411	2085413	223577128
5824	622	2745	1387	1397055	130091690	3426130	438696747
5825	3658	5012	3134	1397604	130155731	4126065	564609092
5826	615	4373	2369	1398453	130249545	2364541	263795872
5827	2894	4216	12070	1398840	130289091	1678829	166698058
5828	286	4078	2989	1399286	130350288	0	0
5829	460	4764	3676	1399887	130430312	0	0
5830	512	5513	5385	1400107	130459066	0	0
5831	1546	2043	3772	1400793	130557812	2174429	236172490
5832	1062	5333	2972	1400795	130557843	1468558	139351018
5833	1484	2906	3461	1401516	130656612	0	0
5834	1262	1540	1075	1402217	130737496	2886984	346386881
5835	3245	3572	1538	1402985	130822103	2536340	290321497
5836	2664	3499	3455	1403192	130843999	1937516	201419716
5837	1650	5151	5045	1403361	130861577	2628306	304831190
5838	899	1347	983	1403629	130893067	0	0
5839	423	1855	363	1404341	130969329	0	0
5840	2236	3907	5134	1404364	130971332	2035143	216153755
5841	2681	4087	4815	1404400	130975013	1822420	186409280
5842	1447	3808	4463	1404555	130992939	1796265	182486348
5843	4017	5068	9758	1405527	131109963	1758079	177053099
5844	499	3562	1263	1405546	131113167	2075820	221891044
5845	3050	4786	8707	1405909	131158989	2420358	272157007
5846	1897	2949	3742	1406035	131177382	0	0
5847	1077	5335	3632	1406193	131199537	2586978	298530266
5848	1249	3392	3085	1406284	131213469	1598610	155234418
5849	1933	2559	2150	1406554	131256909	3654609	480015188
5850	1457	5435	3559	1407012	131328921	1538126	147770149
5851	2676	4492	4142	1407189	131355068	1971038	206094777
5852	4774	5205	3228	1407228	131362062	0	0
5853	4121	4614	4172	1407413	131391030	0	0
5854	838	2142	1788	1407659	131429349	1434148	134775593
5855	784	1590	1103	1408038	131494568	0	0
5856	5068	5679	9070	1408285	131534042	0	0
5857	3571	5501	7930	1408616	131584427	1851603	189991916
5858	1068	4568	2303	1408680	131595322	1823689	186583222
5859	1906	5687	6375	1409027	131657775	3266755	411635391
5860	3645	4502	5290	1409216	131689598	4444157	624735905
5861	1722	4740	3420	1409434	131732737	2966462	359776854
5862	564	4924	702	1411136	132032111	1458847	138137455
5863	2311	5089	7648	1411584	132099028	1700689	169848175
5864	1055	2543	2306	1411822	132140877	0	0
5865	964	1080	608	1411847	132145200	0	0
5866	818	5797	2911	1412767	132278544	2130140	229993327
5867	2594	2988	3984	1412912	132300524	1854835	190484715
5868	2843	4863	3392	1413028	132316209	1491857	142358942
5869	473	3436	1241	1413398	132371954	0	0
5870	2304	5732	2544	1413666	132410350	1848301	189603629
5871	1107	5370	3262	1413815	132433826	3086205	379972846
5872	1397	2151	2062	1414126	132472513	2940632	355298380
5873	2262	4858	3945	1414194	132483711	3161241	393557051
5874	1791	4211	3011	1414366	132507853	0	0
5875	2792	4367	1675	1414658	132547868	0	0
5876	2324	4502	1044	1415289	132633726	1584307	153398908
5877	585	5144	2445	1415471	132658556	3171545	395292986
5878	555	4050	4009	1415603	132674936	3879946	521162846
5879	2895	3389	1500	1416078	132742148	1960253	204698696
5880	559	4748	2684	1416824	132832574	0	0
5881	509	1347	663	1417264	132886499	0	0
5882	3122	5098	2543	1418099	132978143	1745911	175714196
5883	2339	3902	4455	1418711	133039705	1991508	209100185
5884	2956	4439	6348	1418778	133045538	2019204	213385230
5885	2698	3229	3102	1419053	133074627	0	0
5886	940	2409	3681	1419061	133075380	1620176	157957671
5887	760	5301	4254	1419482	133123852	2875744	344727381
5888	3286	3738	6034	1419536	133131718	2318384	257408425
5889	2175	5481	1089	1420649	133261681	0	0
5890	3519	4032	8363	1421981	133391417	2650567	308903964
5891	1258	5358	2795	1422129	133407438	1660479	164167021
5892	1814	2295	1035	1422401	133437338	2705449	317929224
5893	1268	4603	1367	1422671	133467536	1687749	168016150
5894	1194	3589	1935	1422831	133485748	1481729	141121671
5895	1957	3001	3014	1423278	133531197	0	0
5896	901	2102	1504	1423427	133545022	0	0
5897	1866	1950	3151	1423997	133602780	0	0
5898	287	3096	3758	1424969	133692834	3850631	515211401
5899	2437	3752	3160	1424996	133695655	1450120	136844517
5900	1107	2146	2024	1425773	133771847	0	0
5901	42	3643	4467	1426275	133817290	3625324	474699618
5902	2851	4249	10052	1426537	133840746	1759512	177249523
5903	1924	2600	942	1426570	133843701	1683627	167486543
5904	1020	4635	899	1426743	133864219	2684800	314831303
5905	333	3877	1515	1427195	133911191	0	0
5906	670	2968	3263	1427498	133948562	4418344	619223485
5907	443	4457	6097	1427728	133973420	4242975	585255753
5908	838	3510	2610	1427842	133986388	2620556	303618023
5909	3514	3762	6625	1428074	134013681	1850251	189812386
5910	272	2576	1328	1428132	134022010	0	0
5911	836	4256	3790	1428169	134027075	1554109	149644295
5912	1700	5111	2468	1428185	134028772	1556402	149933418
5913	3362	3755	4810	1428496	134076342	1529386	146773440
5914	4697	4766	5197	1428805	134119567	0	0
5915	1249	3119	2370	1429156	134168845	4364207	610164393
5916	691	4934	3011	1429709	134246162	3652656	479667436
5917	524	2171	3004	1430373	134339206	1804033	183745746
5918	4230	4720	1514	1430849	134399947	2050047	218343045
5919	3560	4663	4049	1431075	134427061	1507600	144079966
5920	8	748	302	1431611	134494916	3309610	418744876
5921	543	2504	1906	1431726	134509147	1631283	159670802
5922	828	5072	2004	1432738	134618591	0	0
5923	947	3107	1132	1432804	134624705	1435203	134913164
5924	1056	4344	1965	1433391	134689847	2686298	315050835
5925	968	3582	2270	1433409	134691365	0	0
5926	3552	4955	9482	1433437	134694249	0	0
5927	98	5854	1810	1434148	134775593	0	0
5928	319	4241	3767	1434227	134785042	2485999	282818118
5929	2553	5509	3172	1434548	134827945	0	0
5930	3210	5923	4404	1435203	134913164	1537968	147750862
5931	3133	4321	5772	1436301	135037229	1767621	178450987
5932	730	3390	1383	1436503	135058925	4286883	593481669
5933	1900	4050	4504	1436516	135060509	4054974	552475856
5934	2148	5524	5518	1436657	135077335	2989041	363752765
5935	1190	1637	1363	1436705	135084001	2293651	253394486
5936	3474	5811	1365	1437130	135145358	1438756	135350480
5937	4177	5336	4432	1437141	135146971	1445299	136223578
5938	178	4443	1115	1437185	135152983	4338473	604581169
5939	1001	1237	949	1437527	135196574	2709768	318605298
5940	1373	1588	524	1437718	135223661	0	0
5941	551	1949	1500	1438035	135262574	3794872	505072005
5942	1644	2524	1266	1438317	135295210	0	0
5943	1500	5351	3744	1438404	135304618	2164635	234734240
5944	3762	5936	7433	1438756	135350480	0	0
5945	3840	5733	2286	1438956	135378471	0	0
5946	2636	5289	2994	1439161	135404761	3881403	521456656
5947	1518	3127	2769	1440465	135570376	0	0
5948	2801	4246	6780	1440929	135625362	2331465	259165671
5949	4787	5597	5278	1441254	135662405	1596181	154882183
5950	3857	3942	12893	1441359	135674100	0	0
5951	2808	5729	2023	1441439	135685786	4081120	557490813
5952	884	4837	3150	1441597	135709477	2411345	270796194
5953	662	1185	929	1442195	135796042	0	0
5954	701	3428	901	1442319	135811631	4413201	618317835
5955	393	3791	4094	1442687	135861761	1969146	205831293
5956	4260	5697	4647	1442791	135874156	3756296	497193197
5957	94	2816	853	1443436	135968195	0	0
5958	734	2074	955	1443444	135969937	1856054	190639988
5959	1092	2538	959	1444050	136054553	1626714	158825755
5960	914	3973	3136	1444131	136063726	3237662	406422093
5961	3111	3251	5787	1444412	136099689	0	0
5962	2229	5164	5620	1444694	136135186	4378001	612375551
5963	2084	5719	7097	1444970	136175229	0	0
5964	3671	5937	6044	1445299	136223578	1493206	142520154
5965	3770	4466	3750	1446970	136454700	2619335	303419836
5966	2878	5707	5117	1447002	136460300	2288215	252504815
5967	906	1128	1576	1447372	136513277	1759201	177205077
5968	1938	2209	976	1447929	136584821	1601200	155598047
5969	1240	2131	2923	1448295	136632174	1897057	195853745
5970	1331	2704	1961	1448914	136704763	0	0
5971	3393	4481	6341	1449321	136748249	2023680	214175261
5972	4920	5899	6699	1450120	136844517	2598850	300365052
5973	230	5111	2214	1450417	136877966	1722451	172751031
5974	2156	4406	6767	1450552	136894713	1643869	161626362
5975	4240	4690	4420	1450763	136921537	4375220	611965953
5976	2487	4569	2815	1450815	136928953	2137748	231122328
5977	4415	5707	6137	1450971	136950211	0	0
5978	3191	3949	8079	1451164	136979692	3934838	530640559
5979	4866	5507	9792	1451318	137006653	2491702	283659513
5980	1823	5546	11833	1451758	137077349	0	0
5981	1159	2473	2139	1451921	137110364	1602028	155701944
5982	1132	3346	3211	1452538	137226938	1736229	174485033
5983	911	3948	3435	1452664	137248447	2543618	291298471
5984	62	3665	1604	1453373	137378528	1475536	140243306
5985	1328	5717	4399	1454832	137603286	1607937	156427441
5986	672	5340	3682	1455071	137638192	1742885	175283043
5987	2115	2842	2008	1455882	137752210	2575039	296467586
5988	4911	5002	6654	1456126	137781812	4436909	623371688
5989	1685	2099	3524	1456749	137870946	2032805	215748907
5990	3104	4747	4600	1456860	137885827	0	0
5991	113	4791	1372	1457658	137992207	2032805	215748907
5992	14	2837	1772	1458454	138090565	0	0
5993	1096	5862	754	1458847	138137455	3430138	439393314
5994	2102	5193	3293	1459940	138247476	1600128	155450626
5995	979	5122	9545	1460032	138257210	2868948	343722478
5996	485	3381	2937	1460047	138259106	2999095	365730544
5997	907	1923	1831	1460821	138346082	2192856	239100672
5998	4554	5654	2425	1461035	138368622	1478850	140686955
5999	495	2018	686	1461365	138408536	1622683	158266460
6000	481	1442	759	1461557	138429685	3838302	512881284
6001	1015	2651	2363	1462105	138488386	2754164	325012865
6002	1190	5352	2826	1462163	138494004	1811571	184856629
6003	155	3362	939	1462406	138519041	1491101	142264862
6004	2598	4108	1913	1462636	138542935	0	0
6005	2407	3300	2164	1462791	138558708	1584947	153483533
6006	2928	4368	6356	1462984	138578975	0	0
6007	5655	5722	2339	1463207	138603947	0	0
6008	538	5715	9741	1463241	138607706	2081976	222920611
6009	1624	1991	2686	1464245	138737774	0	0
6010	1246	4163	1950	1464359	138750826	0	0
6011	1991	3529	1842	1464612	138781355	3163460	393929113
6012	1110	5346	869	1464621	138782196	0	0
6013	3191	4877	1895	1464753	138800962	1662679	164484774
6014	2299	4160	3344	1465522	138888170	3175757	395891058
6015	5183	5770	13735	1465757	138916254	2290925	252919279
6016	2141	5496	2406	1465772	138918573	3087414	380173560
6017	156	2777	587	1466472	139026611	2055532	219299522
6018	32	3262	1621	1466719	139062377	0	0
6019	4820	5560	13788	1467106	139118133	2562852	294280303
6020	2275	3372	1425	1467424	139175895	0	0
6021	366	578	241	1468071	139280430	3182344	396892677
6022	1297	5648	8415	1468501	139341875	1772571	179291770
6023	2589	5832	7673	1468558	139351018	1538368	147798938
6024	2697	5058	5077	1469278	139472015	0	0
6025	4109	4902	2489	1469716	139544703	2636130	306062033
6026	1048	3777	967	1469755	139549293	3000764	366015087
6027	1613	4261	2514	1471903	139840996	0	0
6028	2852	5188	9419	1473006	139961676	0	0
6029	3462	4007	1409	1473231	139991879	0	0
6030	716	4122	1466	1473475	140019687	2336649	259825331
6031	2705	4417	1282	1474002	140080149	2676303	313226101
6032	619	5726	2101	1474119	140091861	0	0
6033	1745	2559	1247	1475270	140214007	2439378	275383603
6034	2390	2906	3255	1475294	140216830	3834206	512073469
6035	1476	4770	2749	1475489	140237221	2687054	315157560
6036	5701	5984	6862	1475536	140243306	3727210	491953988
6037	2371	4015	1651	1475842	140281928	2342176	260556946
6038	2355	4092	4886	1476528	140360722	2372654	264902226
6039	501	1676	1941	1476862	140397890	0	0
6040	1976	2281	3579	1476920	140405151	1755990	176865445
6041	748	5398	11457	1476973	140409752	3123329	386441009
6042	2531	4684	8449	1477390	140470606	2723159	320470856
6043	126	5998	2513	1478850	140686955	2673842	312686594
6044	730	1197	945	1478908	140694310	4133638	565793080
6045	1416	5716	7003	1478921	140695423	0	0
6046	773	2531	3907	1479015	140709320	2115035	227934997
6047	3279	4608	2724	1479071	140719534	2495717	284185876
6048	791	3737	2705	1479534	140796688	0	0
6049	268	3897	3717	1480108	140889437	2277890	250992713
6050	3130	5239	5570	1480875	141000072	1656085	163476794
6051	3499	5182	2411	1481130	141038371	1884472	194177062
6052	1804	5363	1984	1481358	141069423	2172032	235784421
6053	5080	5894	3790	1481729	141121671	2462614	278930689
6054	3100	5006	2642	1482954	141281190	2502515	285273287
6055	4573	5776	2388	1483210	141309974	0	0
6056	4926	5583	3665	1484099	141409689	0	0
6057	603	681	1232	1484426	141454436	2597455	300217301
6058	1163	1853	2220	1484509	141464314	1776876	179997506
6059	3480	4836	9722	1484585	141471848	1876570	193251203
6060	2002	2376	3688	1484638	141480624	0	0
6061	49	3686	1284	1485600	141600309	2919123	352130528
6062	1217	1741	1748	1485953	141639879	0	0
6063	3690	5718	2035	1486798	141734341	0	0
6064	571	2035	1399	1487000	141755118	0	0
6065	2100	3342	3760	1487050	141759351	1546745	148844828
6066	1540	2419	1292	1487202	141777648	0	0
6067	54	331	521	1487578	141817374	3106537	383374295
6068	4561	5287	7408	1487671	141826874	1955867	204034673
6069	2216	2264	3226	1487934	141857637	1692769	168715818
6070	1623	2420	4520	1488002	141864696	1691702	168561217
6071	847	1675	824	1488064	141873952	3494541	451175992
6072	2040	5272	6620	1488291	141904642	1920768	199013237
6073	4886	5574	4163	1488728	141961525	4455901	627081798
6074	7	1118	344	1488752	141964169	0	0
6075	44	4481	2169	1489389	142051451	2275815	250634759
6076	1462	4338	3727	1490156	142146994	2441671	275719826
6077	742	1336	1830	1490313	142164795	2022775	214024442
6078	3774	4524	5528	1490344	142167999	0	0
6079	931	4966	1994	1491075	142261816	1782812	180756170
6080	4947	6003	4874	1491101	142264862	2267023	249379666
6081	1311	5062	3286	1491581	142324587	2638764	306574617
6082	379	5868	3581	1491857	142358942	0	0
6083	3217	4198	1949	1492267	142408143	2807027	333403576
6084	3634	3691	3631	1492499	142436978	1602234	155726514
6085	3813	5498	3809	1493187	142517862	0	0
6086	85	5964	6133	1493206	142520154	1592322	154362926
6087	640	3189	1249	1493295	142533380	1557010	150021497
6088	1422	1718	956	1495293	142776495	1535324	147453125
6089	1311	4634	6194	1495577	142806407	0	0
6090	972	5337	2761	1496285	142878709	1639964	161098732
6091	294	3323	2906	1496588	142908735	1505347	143858109
6092	1000	5392	1716	1496848	142935884	0	0
6093	2463	5624	5359	1497302	142983077	0	0
6094	43	2765	967	1497730	143030736	2222303	242881272
6095	1269	1507	935	1497751	143032814	2105568	226345235
6096	1766	4898	2127	1498087	143067109	0	0
6097	3650	3675	8613	1498793	143136745	1857711	190872202
6098	385	5400	3374	1498818	143139082	0	0
6099	3633	4556	8877	1499467	143212331	1653220	163017895
6100	64	3829	843	1499609	143229694	2959186	358378312
6101	89	2310	1743	1499990	143277947	1548688	149060372
6102	2794	3766	2712	1500254	143304298	0	0
6103	3671	5654	2886	1500286	143308679	0	0
6104	2744	4318	6270	1500532	143340893	0	0
6105	4992	5113	4060	1500743	143366711	3426763	438800096
6106	1417	1521	4450	1502608	143578321	2704479	317761270
6107	4946	5254	8288	1502816	143599551	0	0
6108	1196	5308	4847	1504643	143791030	0	0
6109	506	6091	3415	1505347	143858109	2504701	285650522
6110	929	4266	2442	1505695	143891871	1584275	153395514
6111	2569	5596	4131	1506029	143922931	1982916	207875140
6112	2696	3067	3055	1506652	143985189	1638958	160948815
6113	3058	3812	2385	1506847	144003829	0	0
6114	4804	5172	9367	1507507	144069169	0	0
6115	3301	5919	8115	1507600	144079966	0	0
6116	2348	4936	2473	1508391	144175139	2563397	294381397
6117	1826	5516	2847	1508429	144179392	1535714	147489145
6118	1099	5332	2629	1508490	144188423	0	0
6119	832	2675	3815	1509020	144255260	0	0
6120	136	3913	1308	1509104	144266498	2724203	320611113
6121	4482	4498	3025	1509845	144353234	0	0
6122	3915	5411	4148	1510383	144415379	1569504	151636652
6123	2987	4145	2235	1510798	144462953	1614996	157273914
6124	4856	5219	2732	1510904	144475895	2844089	339676743
6125	1521	4277	3015	1510931	144478389	0	0
6126	850	5662	6765	1511150	144505835	2254847	247674533
6127	384	1637	959	1511186	144511466	2017322	213082741
6128	2302	5822	6485	1511291	144527702	0	0
6129	3271	4015	4218	1511620	144572208	0	0
6130	2983	3699	4194	1512743	144735638	3202621	400018425
6131	4951	5375	4885	1512922	144758108	2283911	251948054
6132	4704	5405	5468	1513040	144772958	2393582	268014277
6133	2696	3907	3655	1513705	144878376	0	0
6134	1800	1902	3099	1513799	144892521	1637841	160791753
6135	23	4256	2801	1514154	144944641	0	0
6136	1398	5816	2365	1515228	145083612	2006441	211457590
6137	1353	4970	4206	1515255	145088000	0	0
6138	2823	4589	5344	1516061	145188387	0	0
6139	403	3197	1346	1516324	145221593	1521006	145756201
6140	2707	3096	5374	1517300	145337012	3707106	489181173
6141	2118	5373	4458	1517475	145355794	3306564	418368486
6142	910	1717	979	1517789	145393204	1915865	198435906
6143	1197	5272	5573	1518983	145527475	1568259	151472981
6144	1350	4538	2502	1519069	145536054	4102267	561001525
6145	1752	3607	894	1519377	145573381	2650567	308903964
6146	51	2101	1924	1519479	145584832	1566890	151295078
6147	2721	3727	8845	1519741	145611818	4225105	582019554
6148	678	4139	2006	1519744	145612052	1927462	200046831
6149	1586	4587	2173	1520716	145725344	1588670	153930424
6150	4590	6139	2721	1521006	145756201	0	0
6151	4908	5228	5490	1521693	145830963	2169614	235438946
6152	3792	3859	11167	1522034	145865192	3138081	389523043
6153	1018	3206	451	1522549	145930143	0	0
6154	713	5346	1308	1522627	145940275	0	0
6155	904	4194	5285	1522679	145947054	3744246	494828572
6156	2207	3540	7460	1522682	145947112	0	0
6157	2652	4504	2821	1522717	145951577	2574653	296414446
6158	2093	2947	1929	1523687	146087528	2028686	215077085
6159	114	765	767	1523903	146115662	2053010	218916005
6160	2604	3500	2938	1524101	146139613	0	0
6161	222	5576	6108	1525142	146257636	0	0
6162	1816	5579	5130	1525965	146355084	1653448	163054717
6163	4123	5583	2444	1526444	146410753	2385634	266750281
6164	4371	4558	2507	1526739	146445448	0	0
6165	2889	3899	2748	1526832	146457395	2550987	292449883
6166	3297	4347	7120	1526925	146467279	2012921	212308219
6167	91	850	615	1527244	146504040	0	0
6168	3368	3799	8145	1527449	146528374	3637122	476870415
6169	214	4343	1278	1528494	146670848	3229020	404877536
6170	261	2883	748	1529150	146747597	3327473	421253610
6171	3497	5913	9286	1529386	146773440	2894275	347887559
6172	3089	5037	5922	1529704	146815256	1991273	209062547
6173	4331	4742	2173	1530356	146906284	2927258	353277186
6174	4036	4981	4037	1530496	146924921	1902342	196552213
6175	3684	4075	3437	1531475	147050926	1568259	151472981
6176	1899	2885	1998	1531737	147080771	0	0
6177	1200	1805	1436	1532005	147109867	0	0
6178	494	2740	2407	1532366	147148234	0	0
6179	659	1882	530	1532442	147156351	1984271	208071383
6180	219	561	360	1532635	147177608	1937930	201479267
6181	3089	4033	4756	1533649	147279801	4061392	553705687
6182	2169	5678	6984	1534231	147340638	2232860	244369310
6183	331	2552	625	1534699	147386166	1646244	161976633
6184	2463	4695	4288	1534910	147409440	3132753	388322302
6185	683	2699	2476	1534984	147418147	3553175	461515303
6186	4440	6088	1330	1535324	147453125	1987751	208545013
6187	5	6117	2851	1535714	147489145	2243349	246013686
6188	156	3552	6889	1536031	147523590	3556056	461899008
6189	253	5389	6502	1536641	147591603	0	0
6190	2167	5317	4248	1536988	147634230	0	0
6191	5820	5930	6581	1537968	147750862	1920768	199013237
6192	4922	5850	7381	1538126	147770149	1794253	182175728
6193	880	2928	3480	1538280	147787754	2037831	216583135
6194	119	6023	7688	1538368	147798938	4350004	607415471
6195	1094	5073	6079	1538616	147837545	2423886	272818919
6196	2956	3493	7979	1539002	147897820	2697578	316607980
6197	270	2443	976	1540221	148083807	1609777	156624070
6198	1089	5320	3427	1540612	148135831	2578314	297000121
6199	1684	3372	1702	1541454	148242330	3828044	511006755
6200	3104	3433	3336	1541519	148249818	2034332	216014613
6201	2541	2875	2797	1542057	148313576	0	0
6202	85	620	593	1542326	148346502	0	0
6203	4671	4724	7619	1542517	148368236	0	0
6204	181	4203	2016	1542828	148408198	2363481	263634097
6205	1954	2437	1445	1542949	148424692	0	0
6206	335	3387	1499	1543056	148438092	4142162	567425729
6207	1287	3695	1259	1543336	148472658	1551920	149420003
6208	3292	4448	4640	1543789	148527533	1709866	171042893
6209	884	1285	1861	1544208	148577406	2065529	220491658
6210	190	1407	428	1544487	148611174	2320214	257654668
6211	4527	5071	3470	1545631	148731817	2960889	358731602
6212	1517	4450	4796	1546538	148822895	3115455	384910952
6213	3889	4657	2151	1546631	148833203	1732881	173998361
6214	5124	6065	5739	1546745	148844828	0	0
6215	1805	2649	3579	1547295	148911759	1675936	166326719
6216	1412	4848	6252	1548655	149057254	2567730	295204773
6217	3278	6101	2457	1548688	149060372	1910823	197794848
6218	4389	4549	3616	1548722	149062988	2048827	218116159
6219	2589	4168	5229	1549373	149134666	1666114	165029226
6220	3772	4466	2500	1549423	149140685	0	0
6221	776	2192	4033	1549504	149149915	0	0
6222	1821	3957	2444	1550037	149212579	0	0
6223	1369	3476	1737	1550810	149301765	0	0
6224	901	4904	944	1551340	149356403	2125586	229398310
6225	2034	3650	7551	1551373	149359387	0	0
6226	398	4981	1391	1551640	149391204	0	0
6227	741	6207	1775	1551920	149420003	0	0
6228	2594	2942	5242	1552656	149494734	2624615	304217990
6229	4164	4230	3737	1552702	149499631	1832848	187718455
6230	4234	5911	4346	1554109	149644295	4263641	589168327
6231	1833	2074	3185	1554165	149650653	2162610	234425375
6232	1138	1596	2027	1554278	149662150	2836052	338400785
6233	3701	4380	10784	1554369	149672095	0	0
6234	2432	4016	5842	1554463	149683203	0	0
6235	797	5639	1467	1554783	149727779	1617085	157570408
6236	876	3600	3653	1554870	149739686	1987443	208498321
6237	39	593	82	1555139	149774821	0	0
6238	4846	5264	4704	1555284	149792767	2104528	226195981
6239	3111	5085	5279	1556355	149928381	0	0
6240	2503	4837	4599	1556392	149932854	1712063	171323995
6241	3849	5912	5078	1556402	149933418	0	0
6242	2236	3251	7227	1556814	149990586	1709909	171047904
6243	363	5607	5252	1556951	150010965	2018993	213343036
6244	3498	6087	4507	1557010	150021497	2022270	213935184
6245	837	3726	3241	1557022	150023810	0	0
6246	3384	3838	2524	1557674	150145523	3522218	456266601
6247	711	4299	1594	1557837	150174986	1945838	202720268
6248	4835	5751	4342	1558558	150289846	3265895	411513381
6249	3835	4693	2636	1559221	150392124	1594626	154672419
6250	4004	4467	3860	1560385	150545463	1609777	156624070
6251	168	4266	2161	1560572	150572480	1644600	161732825
6252	2012	4349	2783	1560617	150578081	3023093	369834523
6253	1420	1694	904	1560751	150594854	4023462	547036593
6254	1328	2134	1947	1561207	150652766	2440864	275605556
6255	4720	4940	1447	1561936	150737158	2775063	328731246
6256	3553	5772	2859	1562015	150745552	1843192	188995203
6257	1586	4571	908	1562179	150765276	1724692	173029073
6258	218	5578	2027	1562539	150808292	3388412	432201141
6259	330	3895	2263	1563598	150918322	2149054	232673763
6260	189	5191	5621	1563892	150946299	1663019	164534674
6261	2673	5536	8669	1564075	150968038	0	0
6262	1721	3395	2555	1565089	151090426	2175088	236281335
6263	66	225	84	1565513	151133479	4181054	573992485
6264	2479	3033	826	1565523	151134698	1578190	152623085
6265	2828	3570	6517	1565761	151158036	0	0
6266	3335	4116	5801	1566151	151201452	2661578	310785698
6267	488	5450	4658	1566173	151203435	2249686	246973334
6268	2957	4558	2240	1566234	151211958	4325122	602213443
6269	2186	6146	2435	1566890	151295078	1862772	191555648
6270	1399	1626	1115	1567314	151349959	0	0
6271	4813	5576	7539	1567440	151367101	2734397	322035447
6272	6143	6175	9010	1568259	151472981	0	0
6273	892	1318	1228	1568641	151526597	2375077	265205197
6274	2510	6122	5341	1569504	151636652	3002506	366352011
6275	90	1854	571	1569517	151638356	2438472	275247831
6276	1641	2667	1394	1569737	151665869	0	0
6277	510	1783	795	1570481	151757425	0	0
6278	1125	4770	3154	1571037	151816693	1932336	200718425
6279	1065	2605	2028	1571064	151819695	2759671	325979704
6280	1879	1966	5449	1571102	151823516	2956289	357882536
6281	698	5344	4776	1571114	151824544	2585624	298302194
6282	2055	5575	3072	1571306	151849384	2083901	223276543
6283	1552	4919	4727	1572389	151981327	1647110	162100779
6284	793	1506	1350	1572462	151987848	1989882	208858346
6285	1925	3287	1620	1572467	151988388	0	0
6286	223	4018	1562	1573154	152067624	0	0
6287	346	3230	1164	1573356	152088695	3772877	500477104
6288	3009	5095	8215	1573928	152150203	0	0
6289	2206	5359	2735	1574040	152163144	2256297	247886767
6290	3565	4603	1618	1575162	152291663	0	0
6291	66	5553	5553	1575460	152322969	0	0
6292	2199	4824	4625	1576814	152468263	2631956	305453284
6293	3634	5313	3850	1576842	152470923	1939121	201670022
6294	2731	4381	1989	1577022	152492849	1721350	172606043
6295	564	5911	3970	1577818	152584275	3407960	435787877
6296	1353	1449	1557	1577959	152599526	2387512	267037116
6297	4785	6264	2918	1578190	152623085	2246406	246494864
6298	823	5810	3251	1578674	152674527	2864358	342986257
6299	459	4178	3700	1578756	152683183	0	0
6300	2969	5366	3730	1579099	152722052	0	0
6301	2144	4310	5503	1579222	152737252	3467399	446254498
6302	4691	5099	7292	1579347	152752262	1623658	158376465
6303	1604	3134	1267	1580125	152859504	2156298	233575866
6304	1920	4538	4338	1580142	152861353	3025948	370254244
6305	2072	5430	4310	1580325	152883032	1821194	186244182
6306	117	539	216	1580449	152900394	1944283	202499426
6307	2934	4090	4665	1581461	153019345	1969146	205831293
6308	446	3826	9964	1581753	153053095	1998186	210057609
6309	44	3588	4819	1582002	153086491	4070828	555681609
6310	4106	5193	3898	1582838	153209339	1762567	177728923
6311	1101	2302	1046	1582878	153214482	2485999	282818118
6312	2457	6110	5185	1584275	153395514	1967796	205640013
6313	1893	5876	3407	1584307	153398908	0	0
6314	807	3710	6017	1584670	153443218	1815929	185547490
6315	1911	6005	2881	1584947	153483533	2113430	227674134
6316	3197	5481	1254	1585592	153574053	0	0
6317	88	3308	2671	1585960	153619409	0	0
6318	1300	4991	1909	1586287	153662413	3278970	413716037
6319	344	3097	970	1586506	153688716	3183041	397017057
6320	1298	1711	1978	1587045	153754121	2261804	248650389
6321	2933	5144	4050	1587570	153812029	1936160	201226679
6322	347	2147	1478	1587863	153844231	2066211	220572554
6323	1983	6149	4036	1588670	153930424	2035404	216196025
6324	2235	5420	998	1588762	153937900	2120049	228657078
6325	1778	2035	5176	1589222	153982008	1858943	191043984
6326	1703	4561	5689	1589246	153984731	3418170	437297804
6327	2650	3230	2816	1589292	153990778	0	0
6328	3656	5374	4382	1589574	154022287	2256419	247902935
6329	1700	4067	6298	1589738	154041981	0	0
6330	4382	5464	5950	1589786	154048015	0	0
6331	2053	5444	4241	1590943	154193777	2850989	340764136
6332	2342	4938	5731	1591584	154273629	1925513	199783476
6333	2451	2921	1143	1591908	154313365	3562989	463069325
6334	932	4396	3702	1592215	154350737	2670452	312067078
6335	4599	6086	8966	1592322	154362926	2834462	338106347
6336	279	2894	4561	1593449	154520570	1988660	208684287
6337	2726	3474	1825	1593515	154527693	2837901	338705616
6338	3325	4246	5912	1593849	154567477	1626322	158763206
6339	216	3862	3649	1594108	154601941	2933749	354394227
6340	142	2533	1819	1594302	154629220	2959480	358437491
6341	1487	6249	3061	1594626	154672419	0	0
6342	2759	3754	2185	1594894	154710278	0	0
6343	671	4236	2228	1595115	154741583	1829321	187324509
6344	3022	4356	5330	1595564	154799687	1665661	164955958
6345	4857	5259	5832	1595724	154819396	0	0
6346	5307	5949	7710	1596181	154882183	2678988	313791527
6347	523	5506	4204	1596287	154899018	2962998	359143228
6348	738	2695	928	1596829	154984748	3032357	371362330
6349	3736	5495	4641	1597694	155108095	0	0
6350	1509	1551	2119	1597871	155131243	2121115	228792788
6351	360	514	373	1598288	155192044	0	0
6352	2682	5848	5021	1598610	155234418	1761985	177632709
6353	2483	2537	3491	1598842	155266010	1714800	171718305
6354	4684	4885	7057	1599163	155312874	2581777	297581242
6355	3978	4405	4987	1599812	155405348	2342262	260566958
6356	516	5994	3529	1600128	155450626	2079826	222570612
6357	2287	3922	1442	1600157	155454054	1799391	182918364
6358	3631	5968	2432	1601200	155598047	2007031	211540285
6359	89	5129	1006	1601310	155611591	1633960	160187773
6360	14	4112	2905	1601775	155669372	0	0
6361	206	5981	2230	1602028	155701944	2328492	258794056
6362	497	1668	788	1602129	155714379	2108854	226859543
6363	130	6084	3719	1602234	155726514	1950018	203290584
6364	3914	5057	2728	1602932	155814688	0	0
6365	2513	4565	2852	1603310	155859709	2205394	240907769
6366	4178	5048	5980	1603369	155867166	1802211	183384373
6367	1517	4743	4248	1604099	155965847	1947649	202972743
6368	1877	2275	637	1604381	156000028	1874247	192974148
6369	5150	5201	9592	1604791	156050584	2130654	230061644
6370	2116	3864	3841	1605782	156180654	0	0
6371	845	1508	1067	1606223	156236010	4074929	556462263
6372	534	1079	745	1606579	156278715	1857606	190859548
6373	889	4867	1517	1606790	156303553	3505119	452974140
6374	89	3957	1609	1607664	156400871	1628946	159207080
6375	4529	5985	5545	1607937	156427441	1972634	206315766
6376	258	5317	2910	1608136	156449544	1954739	203893467
6377	2051	4325	2539	1608359	156473692	1718262	172203018
6378	4761	5300	1209	1608477	156487197	2233855	244524923
6379	1763	4109	2496	1608556	156495354	3037395	372234485
6380	6197	6250	4836	1609777	156624070	0	0
6381	913	5714	3930	1610046	156652330	1758484	177102035
6382	4085	4298	4519	1610093	156657451	1850043	189786424
6383	4183	5537	3455	1611085	156771119	1611833	156852181
6384	1228	2048	815	1611400	156804003	2519659	288221153
6385	2837	3201	3405	1611607	156826945	1709866	171042893
6386	4260	6383	4758	1611833	156852181	0	0
6387	623	4576	8204	1611873	156856737	0	0
6388	1611	3754	2375	1612789	156980469	2025913	214565918
6389	3271	4002	5404	1613616	157083659	0	0
6390	4753	4996	5578	1613659	157088523	0	0
6391	4071	5623	8659	1613885	157117009	3638382	477137944
6392	702	2780	2253	1614148	157156387	1800882	183142038
6393	3950	5868	4449	1614244	157168656	0	0
6394	4363	6123	6520	1614996	157273914	3666408	482102060
6395	718	3488	1172	1615329	157315605	2997369	365405578
6396	438	2970	663	1615361	157320244	1864151	191704175
6397	2126	2681	5347	1615513	157343825	3665361	481898960
6398	1231	2027	2207	1615739	157374651	0	0
6399	5195	5566	7154	1615798	157383490	1656085	163476794
6400	1324	2524	950	1616755	157528751	2812080	334352144
6401	555	6235	1599	1617085	157570408	3378608	430143821
6402	2539	2772	4118	1618738	157784627	0	0
6403	3704	5565	8061	1618944	157804506	3204751	400382153
6404	2256	2458	3719	1619780	157909944	0	0
6405	2450	4258	3238	1620034	157941700	2239994	245430967
6406	1841	5886	4297	1620176	157957671	0	0
6407	1610	1905	2370	1620265	157971389	0	0
6408	534	3921	2508	1620545	158004187	3140157	389961083
6409	25	2863	1261	1620884	158044333	0	0
6410	63	1523	157	1620981	158057181	1815466	185467073
6411	5163	5453	6217	1621183	158079553	2158724	233871036
6412	5026	5668	6252	1621406	158106640	3910299	526394217
6413	2122	5253	2674	1621586	158129569	4430185	621813155
6414	3938	5999	1915	1622683	158266460	1869648	192390457
6415	4906	5052	5824	1623391	158344381	1795196	182309437
6416	3417	5624	3821	1623604	158369179	2656952	310021884
6417	5426	6302	9298	1623658	158376465	0	0
6418	1537	1872	2352	1623685	158379243	1842556	188908524
6419	2498	2636	4453	1623936	158417363	1895090	195592857
6420	3345	4224	5411	1624094	158439957	0	0
6421	751	1124	526	1624570	158514208	2927335	353290745
6422	2071	2703	1283	1625547	158649849	1969494	205885737
6423	4832	5036	2557	1625622	158659486	3201485	399821361
6424	4042	5063	7902	1625842	158692384	2514168	287239412
6425	2753	4212	2756	1625954	158709482	0	0
6426	1231	4500	4495	1626146	158737843	2123198	229087667
6427	1378	6338	8015	1626322	158763206	0	0
6428	5106	5199	7750	1626452	158783394	1780136	180427960
6429	5586	5959	1796	1626714	158825755	1749914	176216129
6430	405	518	709	1627248	158919945	2713980	319259778
6431	407	5912	2769	1627779	159008455	1686097	167797958
6432	149	4846	3558	1628026	159047497	2993880	364677508
6433	2440	4067	9272	1628072	159052578	2913197	351228643
6434	2827	3725	2210	1628245	159082259	3836574	512528297
6435	904	4173	2285	1628452	159118442	2293553	253377735
6436	1156	4686	4696	1628525	159130921	2546376	291698083
6437	3720	4487	3899	1628692	159159314	2663374	311052021
6438	1737	3912	8404	1628878	159192595	2130654	230061644
6439	3121	6374	1891	1628946	159207080	2227121	243591176
6440	3247	5294	6245	1629627	159335712	0	0
6441	394	2325	1638	1629702	159349835	0	0
6442	2905	4124	7119	1629757	159358524	1719670	172383791
6443	2692	3809	1003	1629797	159367112	1751455	176402221
6444	4237	5278	12766	1630289	159457720	2155437	233466160
6445	2799	4054	1526	1630892	159590361	0	0
6446	2967	5622	3248	1630995	159614214	1801786	183291786
6447	1312	3424	3547	1631154	159644378	0	0
6448	3127	5921	3823	1631283	159670802	4090827	558996440
6449	3372	5156	2528	1631360	159689463	2909816	350738426
6450	2669	3929	2640	1631509	159718517	1756378	176901277
6451	836	4527	2047	1631946	159816916	2128371	229757617
6452	4080	5606	5839	1632468	159917622	0	0
6453	1940	4512	3002	1633584	160121032	2042896	217251293
6454	1719	4593	5688	1633685	160139329	0	0
6455	5750	6359	2986	1633960	160187773	2269838	249800398
6456	2433	4026	4878	1634057	160206924	0	0
6457	3272	3339	4400	1634469	160283691	1998398	210087866
6458	1322	3483	2618	1634795	160343777	0	0
6459	2317	5774	7385	1637203	160707053	0	0
6460	683	1522	434	1637428	160736961	2077696	222213880
6461	2454	6134	4176	1637841	160791753	2926456	353145813
6462	1243	5256	2488	1638295	160847930	1946693	202839229
6463	3656	4455	11389	1638340	160852446	2581592	297545631
6464	300	4004	707	1638763	160921350	2779582	329318291
6465	5363	6112	4596	1638958	160948815	2350414	261703841
6466	1651	4841	1579	1639847	161082949	1819826	186091679
6467	2838	6090	3031	1639964	161098732	0	0
6468	1600	2707	2378	1640965	161238270	2645287	307823135
6469	4146	5641	6571	1640995	161241833	2819259	335666361
6470	3050	3822	7102	1641036	161248125	0	0
6471	2257	3207	5107	1641575	161327865	1944475	202528794
6472	4409	5614	3159	1643201	161542385	0	0
6473	4180	4458	3902	1643636	161596064	0	0
6474	4249	5974	13405	1643869	161626362	2445408	276377484
6475	4721	4888	3914	1644277	161687176	2601125	300706712
6476	3487	6251	4482	1644600	161732825	0	0
6477	3264	3903	6739	1644982	161784512	0	0
6478	92	5472	1865	1645195	161818245	3607838	471572455
6479	5617	5629	3490	1646009	161942992	1957324	204282987
6480	2634	6183	2244	1646244	161976633	2483683	282454631
6481	2385	3922	3876	1646530	162017034	0	0
6482	5298	5608	6972	1646590	162025167	1733221	174039927
6483	3073	4739	2308	1647046	162092254	0	0
6484	4662	6283	7503	1647110	162100779	0	0
6485	2791	4157	9178	1647114	162100978	1938323	201538016
6486	1210	4700	2763	1647290	162132406	3566296	463623541
6487	986	3911	3564	1647340	162140112	3608812	471775814
6488	1595	2403	2481	1648191	162311889	1877280	193342075
6489	257	3953	2026	1650084	162601087	3769918	499873219
6490	2523	4957	3239	1651012	162714739	2723159	320470856
6491	1054	2699	2517	1651044	162717952	3510133	453781939
6492	2640	5202	3816	1651076	162722204	1946030	202746322
6493	2023	4656	4993	1651379	162761293	3347852	424491329
6494	2062	5132	2929	1652143	162859364	4306012	598176140
6495	3850	5546	13131	1652243	162871874	2646253	307989007
6496	404	2628	405	1653066	162995947	3349966	424904203
6497	1590	6099	9578	1653220	163017895	3654673	480026736
6498	3048	6162	6398	1653448	163054717	2001272	210619455
6499	2050	5412	6435	1653668	163093879	2056525	219424231
6500	713	3535	2494	1653886	163131406	1842220	188868072
6501	899	1968	1795	1654671	163258139	4181788	574123837
6502	1246	5276	7940	1654929	163297561	2575039	296467586
6503	6050	6399	12724	1656085	163476794	2320368	257675662
6504	3410	3778	3564	1656463	163538296	1840519	188677417
6505	3510	4005	2774	1657510	163706358	3449400	443111188
6506	751	3888	1601	1657688	163732553	3312550	419107949
6507	948	4312	1268	1657844	163757445	4121667	564046871
6508	1561	5319	8520	1658746	163891095	2014654	212597902
6509	857	5321	3799	1659159	163952588	1901212	196381420
6510	1785	4978	6220	1659352	163979212	2046407	217694211
6511	3931	4600	7129	1659377	163983113	1786674	181208108
6512	2359	4250	689	1660180	164120422	1663528	164627622
6513	4187	5891	4342	1660479	164167021	2293834	253425325
6514	511	4958	1299	1661117	164261125	3792039	504529943
6515	1106	3324	2113	1661374	164298165	1714481	171667007
6516	3694	4030	5156	1661452	164307418	0	0
6517	1064	3149	1951	1661715	164348740	2151712	233021992
6518	1819	1865	3209	1661818	164364210	1723735	172910817
6519	4629	6013	2620	1662679	164484774	1939065	201660648
6520	4253	5223	4163	1662727	164491233	0	0
6521	3312	5325	4058	1662936	164521709	2511438	286800333
6522	3645	6260	10245	1663019	164534674	0	0
6523	4601	5341	5972	1663075	164544025	2033011	215785032
6524	3523	3934	1716	1663236	164576314	0	0
6525	6003	6512	1628	1663528	164627622	3529656	457574973
6526	764	5180	5880	1664276	164743194	0	0
6527	858	2922	2546	1664784	164825167	1902375	196555829
6528	2608	3808	4697	1665383	164914928	1680279	166956258
6529	3798	6344	8587	1665661	164955958	0	0
6530	3828	6219	6354	1666114	165029226	2244303	246171239
6531	1281	2749	4066	1666426	165083552	3889198	522840243
6532	2475	4402	7911	1668290	165370358	0	0
6533	2186	4413	1411	1669144	165485222	1918003	198679394
6534	3634	5704	5037	1669362	165513306	2647546	308255659
6535	716	3064	1389	1670130	165615552	0	0
6536	2679	3762	12176	1670919	165703813	3388318	432178939
6537	1276	5596	2756	1670944	165707207	1825025	186761648
6538	2095	3294	5057	1671379	165766129	2359496	263039167
6539	1127	4243	2487	1672464	165906204	2033249	215829254
6540	495	2824	2696	1672593	165922629	0	0
6541	587	1998	3478	1673242	165996187	1721915	172673393
6542	1150	2179	673	1673701	166049895	3963842	535944487
6543	1525	4331	3342	1673922	166075898	0	0
6544	385	5768	1894	1674050	166087601	1734337	174216048
6545	4437	5276	13242	1674075	166090049	2616515	302947652
6546	821	4541	1521	1674418	166134862	0	0
6547	1065	5705	4703	1675665	166290019	2364485	263787520
6548	2751	6215	5691	1675936	166326719	2480579	281872269
6549	1452	5346	1738	1676771	166428400	2214370	241975640
6550	1986	3991	3435	1676881	166443042	3429964	439362840
6551	1965	4823	6931	1677297	166496789	1801786	183291786
6552	1035	2885	1389	1677685	166543537	1762058	177644604
6553	221	376	441	1678199	166604589	2139907	231420805
6554	777	3009	3021	1678285	166614093	2425523	273170039
6555	2705	5211	7261	1678326	166619408	0	0
6556	3362	4581	2797	1678711	166679383	0	0
6557	799	1490	729	1678777	166689866	3707117	489182798
6558	3354	5827	14494	1678829	166698058	2809512	333784633
6559	310	2589	4948	1679011	166728347	1798836	182845033
6560	4401	5109	10700	1679465	166802506	1768958	178654614
6561	1033	3039	2813	1679844	166874115	2475095	280870948
6562	2057	2268	4458	1680029	166908764	0	0
6563	5367	6528	5745	1680279	166956258	2352798	262076423
6564	780	3268	2336	1680700	167029171	0	0
6565	768	2871	1364	1682979	167402062	2852836	341049011
6566	4809	4894	4770	1683317	167443644	2671523	312226360
6567	5483	5903	5100	1683627	167486543	0	0
6568	793	795	1372	1684446	167595364	1771538	179099712
6569	2622	3500	1460	1684452	167596071	1907219	197295569
6570	342	3662	4817	1684454	167596378	1976253	206875066
6571	1574	3617	2898	1684648	167620406	1764630	178038892
6572	1560	3927	2756	1685719	167753059	0	0
6573	4263	5320	4450	1685752	167757306	3237720	406430415
6574	31	6431	2779	1686097	167797958	0	0
6575	5780	5815	6499	1686103	167799095	0	0
6576	1828	2867	2162	1686356	167833579	0	0
6577	1962	2331	3429	1686573	167863832	3711213	489733876
6578	604	1365	1118	1686848	167902502	0	0
6579	413	4139	2582	1686999	167921032	2251026	247169931
6580	3305	5564	2904	1687685	168008275	3696871	487439897
6581	4227	5893	2713	1687749	168016150	2343709	260758160
6582	626	3572	808	1688001	168051693	3919496	527849974
6583	839	5621	4368	1688027	168054505	2845454	339876123
6584	335	2824	2585	1688461	168116502	2006441	211457590
6585	1604	2531	3756	1688597	168136776	3093637	381285454
6586	3092	4654	4739	1688828	168169648	1702418	170056607
6587	1653	2755	1563	1688934	168186210	1949938	203280602
6588	544	1917	4201	1689795	168300304	0	0
6589	3249	4190	3573	1689835	168305062	0	0
6590	4616	5753	5441	1690181	168350535	0	0
6591	2444	3537	5619	1690627	168412393	0	0
6592	1424	4447	2598	1691440	168526262	0	0
6593	1152	1572	1788	1691605	168548223	3486993	449984124
6594	4596	6070	6564	1691702	168561217	2045812	217612845
6595	3254	5682	6696	1691764	168568380	0	0
6596	2140	4664	13234	1692673	168699676	1811328	184822484
6597	3306	6069	4679	1692769	168715818	0	0
6598	340	5049	2363	1693959	168909689	2388065	267118798
6599	1338	1513	2222	1694034	168920317	0	0
6600	353	2129	1239	1694057	168922468	4419933	619498305
6601	245	2478	2331	1694164	168940446	4237900	584262760
6602	4473	5125	3816	1694804	169038825	4218616	580854021
6603	1371	2629	2204	1695214	169097759	2259412	248355072
6604	1905	2273	2668	1695351	169116527	0	0
6605	794	2341	1800	1695435	169129340	0	0
6606	1799	4195	5539	1696203	169238510	0	0
6607	2061	3165	3569	1696318	169254645	1735342	174356482
6608	3284	4094	5963	1696671	169306778	2208843	241342721
6609	1369	2407	1755	1696757	169318572	3182724	396960809
6610	691	1156	271	1696978	169352291	2450294	277255421
6611	3320	5440	7238	1697069	169365916	0	0
6612	659	2634	1672	1697239	169393446	2212162	241742552
6613	2452	3927	2379	1697966	169503870	0	0
6614	63	4784	1338	1698495	169580610	1749120	176106787
6615	14	296	119	1698985	169647142	2321329	257831681
6616	840	3279	999	1699066	169657635	0	0
6617	4060	5863	13127	1700689	169848175	2701085	317181002
6618	4871	5323	7677	1701976	169999412	1941116	202003984
6619	4582	5716	8307	1702095	170012507	1955099	203934198
6620	3775	4438	5948	1702343	170044655	0	0
6621	3015	3827	8521	1702375	170048848	1713089	171449752
6622	5555	6586	7460	1702418	170056607	0	0
6623	2359	5807	5426	1702665	170095708	1869648	192390457
6624	2272	2748	2879	1702901	170137118	0	0
6625	1863	2549	1466	1703314	170210253	1719231	172328213
6626	1207	4247	5142	1704928	170451284	0	0
6627	4360	5317	4624	1705144	170482909	3754044	496748250
6628	4454	5345	3319	1705977	170594210	1800785	183129100
6629	662	1644	1021	1706220	170631401	3885972	522254545
6630	60	707	638	1706692	170690516	0	0
6631	1049	2604	3144	1707198	170751165	2012672	212270233
6632	4488	5465	7049	1708654	170916994	3782032	502589134
6633	4466	4874	2895	1709792	171035061	2806959	333393671
6634	6208	6385	8045	1709866	171042893	2418237	271830794
6635	4464	6242	9076	1709909	171047904	2263355	248860704
6636	695	2754	1966	1710316	171100625	0	0
6637	663	5330	2705	1710676	171147572	1769883	178815898
6638	488	3720	3811	1711338	171227645	3321588	420365110
6639	152	315	155	1711589	171262640	2511438	286800333
6640	5515	6240	7731	1712063	171323995	0	0
6641	350	2338	1403	1712651	171396488	3526888	457071632
6642	3260	3809	3916	1712871	171421988	2581777	297581242
6643	4134	4933	6490	1712904	171425894	0	0
6644	2067	3943	1853	1713049	171444489	0	0
6645	3053	6621	11688	1713089	171449752	2082191	222956428
6646	1233	4978	5416	1713360	171492651	1931075	200539902
6647	2252	4326	5592	1713716	171549400	0	0
6648	977	4158	5595	1713900	171577296	2627442	304674049
6649	3736	6515	2791	1714481	171667007	3254039	409496524
6650	2774	6353	5889	1714800	171718305	4204553	577996197
6651	230	5659	4243	1714823	171721138	1807122	184265372
6652	3051	5537	2032	1716172	171930445	2437080	275048950
6653	1179	2113	1585	1716325	171951196	2529434	289463986
6654	4322	5346	1596	1717250	172078160	1888153	194611669
6655	5010	5332	3484	1717568	172117178	2326460	258525229
6656	1871	2075	3767	1717619	172121835	0	0
6657	1076	5435	4468	1718214	172197553	0	0
6658	2208	6377	3370	1718262	172203018	1726599	173239510
6659	1727	1947	1195	1718393	172216852	0	0
6660	2994	5536	5923	1718829	172273982	0	0
6661	3847	6625	2856	1719231	172328213	3469300	446594592
6662	285	3326	1735	1719281	172334685	3505119	452974140
6663	1189	3885	944	1719613	172376723	1973810	206512823
6664	1505	6442	8126	1719670	172383791	2075953	221912665
6665	1821	2423	1301	1720516	172500927	0	0
6666	1638	3212	5869	1721065	172568859	1785364	181047777
6667	4352	6294	4922	1721350	172606043	0	0
6668	1846	6541	4049	1721915	172673393	1814417	185297492
6669	124	2352	4863	1722038	172692168	3634336	476333435
6670	1094	5973	3208	1722451	172751031	3902546	525250160
6671	1505	2096	1915	1722781	172791862	3584573	466792703
6672	3264	6518	8116	1723735	172910817	3282097	414314551
6673	1030	6257	1564	1724692	173029073	2491702	283659513
6674	2311	4718	4540	1724797	173042423	2139761	231399281
6675	4532	6658	4634	1726599	173239510	3866737	518335527
6676	1925	4662	3678	1726835	173263655	2088258	224061991
6677	3681	5433	10861	1727008	173279714	1866188	191917632
6678	2951	4927	5381	1727142	173299066	2236926	244978038
6679	4162	4808	5643	1727369	173324492	0	0
6680	1465	5005	4860	1727606	173355099	4059311	553256149
6681	1391	4177	3139	1728497	173487877	2202369	240526493
6682	2626	4028	6918	1729670	173632836	3973319	537670007
6683	51	2053	1151	1730634	173751510	2180364	237142651
6684	513	3125	714	1731267	173818939	3938437	531275207
6685	3662	5076	5729	1731703	173860648	2047744	217910872
6686	1814	2926	503	1732019	173894736	1901842	196476958
6687	855	4215	3663	1732194	173912670	2085413	223577128
6688	2145	5644	10205	1732274	173920986	2577142	296799051
6689	1020	3783	1902	1732748	173980097	3855697	516164878
6690	1640	6213	4171	1732881	173998361	3412244	436323409
6691	3550	5238	6980	1733103	174022523	2241020	245612981
6692	2673	6482	10082	1733221	174039927	2744221	323378770
6693	1565	3619	2776	1733765	174128091	0	0
6694	3233	6544	4891	1734337	174216048	0	0
6695	1399	2147	1920	1734759	174275627	1873706	192909922
6696	2721	2828	7912	1735300	174350356	3824785	510420671
6697	273	6607	3744	1735342	174356482	0	0
6698	1079	2622	1098	1735485	174379144	3500701	452234279
6699	3992	5982	4930	1736229	174485033	0	0
6700	5258	5345	6418	1737153	174611409	2967106	359890997
6701	298	1174	833	1737258	174624651	2344124	260827184
6702	4813	4885	3126	1738082	174732194	1760738	177443336
6703	3580	4847	8412	1739255	174868056	3235797	406065493
6704	2921	4405	3124	1739483	174896200	2336649	259825331
6705	3833	4660	10009	1741046	175073234	2379142	265738503
6706	1799	2919	1731	1741128	175083510	3980384	538986431
6707	2037	5722	2222	1741655	175148419	3556056	461899008
6708	1290	3665	1946	1742527	175240245	0	0
6709	1833	2803	4728	1742639	175252635	0	0
6710	1271	5695	4338	1742789	175270336	0	0
6711	2022	5986	3795	1742885	175283043	0	0
6712	3343	3618	2285	1743079	175307870	0	0
6713	1608	1872	2677	1743137	175314858	2111530	227362363
6714	3270	4866	6526	1743170	175319367	2172371	235842720
6715	187	3494	774	1743186	175321017	4375558	612022296
6716	3111	5788	11858	1743220	175325484	3811412	507889707
6717	2757	3282	2756	1744490	175521168	0	0
6718	3042	3346	3398	1745566	175669069	0	0
6719	1833	2982	5758	1745770	175695959	2158428	233832701
6720	4240	5882	5504	1745911	175714196	2272902	250192011
6721	515	3447	1807	1746655	175811481	2666608	311514916
6722	3774	5577	7839	1748272	176000097	2141009	231568545
6723	272	2216	2331	1748397	176015150	4253783	587193615
6724	2073	5594	3007	1748483	176025314	0	0
6725	310	5180	5252	1748819	176067317	0	0
6726	1558	3526	1950	1748859	176071783	2239139	245287021
6727	5610	6614	4529	1749120	176106787	2042454	217189275
6728	2892	4706	4245	1749481	176151890	0	0
6729	159	4857	1973	1749555	176163994	2055680	219317719
6730	5010	6429	3345	1749914	176216129	0	0
6731	940	6443	1810	1751455	176402221	1833891	187839409
6732	766	1005	1925	1752151	176480903	1847018	189463357
6733	2446	4535	3030	1752173	176482404	0	0
6734	147	1151	538	1752207	176486266	2818190	335482439
6735	215	852	167	1752408	176509346	4371028	611339066
6736	2714	3616	2618	1753298	176597540	2014315	212541508
6737	3658	5814	4508	1753384	176608470	0	0
6738	1569	3686	2907	1753543	176626177	2192281	239030645
6739	1019	4932	881	1753695	176641074	0	0
6740	1388	3105	1780	1753988	176669995	2185682	238057755
6741	2594	3496	3749	1754445	176715417	1770550	178926451
6742	2452	5624	3862	1754610	176732235	1875578	193133897
6743	550	6040	3720	1755990	176865445	1994673	209572582
6744	2209	3151	2283	1756141	176878135	2674338	312787830
6745	921	6450	3021	1756378	176901277	2232860	244369310
6746	5	2787	607	1757390	176993291	0	0
6747	579	1335	1091	1757490	177002051	2684088	314720121
6748	1152	2861	2500	1757721	177021593	0	0
6749	4056	5727	7158	1757855	177032681	2462009	278831266
6750	2521	5843	10377	1758079	177053099	0	0
6751	4808	6381	5000	1758484	177102035	2171587	235722415
6752	3422	3507	4293	1758707	177133249	0	0
6753	927	5711	2588	1758773	177141558	2037844	216584761
6754	688	1813	1662	1758961	177167783	0	0
6755	3004	5967	2952	1759201	177205077	1760738	177443336
6756	2342	5442	6236	1759363	177228030	2758472	325727517
6757	5607	5902	15192	1759512	177249523	0	0
6758	68	5160	2408	1760662	177432781	0	0
6759	6702	6755	6078	1760738	177443336	0	0
6760	2531	4651	3962	1761171	177512868	3665699	481963041
6761	715	6352	6490	1761985	177632709	2141009	231568545
6762	2988	6552	3540	1762058	177644604	0	0
6763	2190	2257	3310	1762322	177685697	0	0
6764	1157	6310	4614	1762567	177728923	2018993	213343036
6765	2741	3230	1687	1763349	177847279	4313526	599981419
6766	5178	5662	9619	1763927	177934645	3745327	495025698
6767	5193	6005	4166	1764180	177969284	3745516	495064187
6768	2951	6571	4943	1764630	178038892	0	0
6769	175	3746	952	1764829	178067880	2044282	217430279
6770	2145	3870	1326	1765979	178225605	3551689	461310387
6771	1243	3594	1750	1766425	178280222	0	0
6772	120	5153	1610	1766550	178295080	2113395	227669948
6773	1142	5764	7975	1766579	178298418	0	0
6774	2821	4225	3688	1767031	178365594	0	0
6775	2821	5303	2778	1767031	178365594	3646917	478727418
6776	4225	5303	4058	1767031	178365594	3087502	380191129
6777	4270	5931	6815	1767621	178450987	1986716	208388211
6778	1433	4444	4141	1768093	178522273	3984676	539792503
6779	1569	5046	4121	1768228	178539912	3180137	396519881
6780	2511	3692	5699	1768359	178559232	2121115	228792788
6781	5414	6560	12090	1768958	178654614	2692321	315789705
6782	2798	3374	2362	1769270	178708830	0	0
6783	2365	6257	1570	1769319	178718965	2986484	363289937
6784	1017	3086	1916	1769549	178758128	0	0
6785	969	6637	3379	1769883	178815898	1836972	188240232
6786	643	4215	3099	1769920	178821195	2586712	298485775
6787	2158	2186	1275	1770319	178887514	2534462	290082970
6788	3726	6741	5926	1770550	178926451	2134319	230622375
6789	2767	3546	4178	1770882	178986988	0	0
6790	3676	4680	9998	1771151	179029755	0	0
6791	2848	6568	4944	1771538	179099712	3827301	510885222
6792	2234	4839	3449	1771951	179174543	2733437	321871162
6793	1401	2511	2096	1772056	179195400	1829180	187307537
6794	3170	6022	9975	1772571	179291770	2804261	332918946
6795	3251	5004	7653	1772665	179309955	2079826	222570612
6796	1975	5337	3250	1775076	179733513	1999476	210278641
6797	4868	5312	4405	1775430	179789856	1966360	205450701
6798	575	3198	358	1775612	179819506	2394231	268126709
6799	544	5588	5502	1775736	179837671	0	0
6800	1908	4026	4110	1775810	179847699	0	0
6801	672	2422	1753	1776808	179988380	3406869	435633511
6802	5479	6058	5534	1776876	179997506	2049286	218202263
6803	1532	5457	2590	1777563	180095427	2463707	279104754
6804	1025	1198	1823	1777809	180132169	0	0
6805	257	1551	716	1778001	180162208	2159326	233955762
6806	4312	5415	2398	1778214	180192766	0	0
6807	223	2529	1324	1778408	180219922	2277383	250904079
6808	1455	3928	3212	1779899	180401562	4357854	609028072
6809	489	6428	8110	1780136	180427960	1795005	182281040
6810	3308	3838	3729	1781136	180546887	0	0
6811	4115	5597	4545	1781366	180574778	0	0
6812	1489	3580	5003	1781622	180606931	3856957	516373548
6813	2386	6429	5098	1781661	180611440	0	0
6814	3045	6079	3657	1782812	180756170	2534657	290108537
6815	912	6399	7450	1783595	180838493	2073057	221432810
6816	786	859	789	1783754	180855645	2379500	265787769
6817	3926	5812	6124	1783966	180878603	0	0
6818	605	2671	1394	1784043	180887582	0	0
6819	421	3898	912	1784569	180953527	0	0
6820	4308	4467	4153	1785095	181016261	1799391	182918364
6821	2290	6666	8852	1785364	181047777	3986233	540089022
6822	1838	2176	2498	1785984	181124685	0	0
6823	534	1517	1004	1786156	181146133	4170735	572102221
6824	1855	3374	1599	1786646	181205299	3079749	378962262
6825	601	6511	7900	1786674	181208108	3613118	472586636
6826	1145	1557	1116	1787056	181256587	2137846	231135591
6827	1744	4249	7346	1787956	181366544	4111377	562527887
6828	2092	2939	2429	1788802	181472057	0	0
6829	2483	5551	3389	1788812	181472887	0	0
6830	290	1873	1117	1788974	181494547	1870442	192491838
6831	463	3778	1163	1789009	181499673	2561920	294129822
6832	5605	5680	2174	1789192	181520402	2095380	225010828
6833	2274	6544	2898	1789319	181536992	1877280	193342075
6834	2359	4935	343	1789496	181557676	3487611	450086231
6835	1893	3742	3002	1790198	181634483	1813650	185175672
6836	1360	3844	2525	1790424	181661659	2363473	263633426
6837	5487	5811	4523	1790455	181664716	1888153	194611669
6838	1275	4376	2105	1790821	181708118	0	0
6839	2216	2532	4165	1790926	181723558	1812561	184997519
6840	5317	6310	6537	1791227	181762939	2673691	312658588
6841	4543	5670	7080	1791356	181779889	2965388	359590049
6842	1275	1930	2109	1791790	181841247	2770283	328004610
6843	4386	4899	4096	1791840	181847884	0	0
6844	4101	4294	9679	1792573	181952591	2303169	255327187
6845	4268	4515	6321	1794141	182164668	2065606	220500008
6846	4892	6192	9453	1794253	182175728	0	0
6847	163	1250	695	1794971	182277787	2511806	286854768
6848	2947	6809	9013	1795005	182281040	0	0
6849	2551	6415	6248	1795196	182309437	3058707	375647433
6850	1771	5007	4446	1796219	182478661	1897934	195955067
6851	1753	5842	5615	1796265	182486348	3176007	395922617
6852	4402	4461	9357	1798537	182803390	3546605	460540582
6853	3168	6559	9472	1798836	182845033	3601271	470361206
6854	1185	5134	1514	1799096	182878421	2149959	232806616
6855	6357	6820	5595	1799391	182918364	2268247	249559139
6856	927	2254	1789	1800044	183018233	0	0
6857	1549	2021	2772	1800137	183033062	3351247	425156653
6858	1361	2024	876	1800249	183048790	1973418	206445842
6859	86	2975	1727	1800478	183082574	2838039	338726551
6860	440	1723	663	1800528	183089898	3046405	373864969
6861	4305	6628	5709	1800785	183129100	0	0
6862	4438	6392	5138	1800882	183142038	1858668	191006740
6863	5121	5777	13353	1801187	183184914	0	0
6864	4694	5054	4604	1801222	183189862	2221281	242729668
6865	4169	4630	2574	1801412	183223529	2871707	344132057
6866	1394	4736	6553	1801640	183263944	2505747	285825173
6867	6446	6551	10179	1801786	183291786	0	0
6868	3370	6366	7124	1802211	183384373	2192778	239091150
6869	4656	5143	1771	1802407	183424774	1920763	199012662
6870	3788	4111	5636	1803067	183555629	3733919	493081619
6871	2361	3746	2109	1803957	183735024	3195159	398710779
6872	2267	5917	5342	1804033	183745746	4351297	607710304
6873	332	3186	2199	1804410	183812624	2104569	226201705
6874	956	2806	663	1804531	183835798	0	0
6875	1443	2078	1754	1805748	184050417	0	0
6876	2257	5735	10629	1806408	184151854	2333240	259388097
6877	4163	5295	3644	1806540	184174095	0	0
6878	634	2927	778	1806848	184225186	1819481	186052154
6879	2810	6651	5894	1807122	184265372	1855963	190628541
6880	106	1633	741	1807755	184367843	1918932	198783526
6881	263	2905	4320	1807883	184386275	2161934	234329929
6882	1765	2019	1040	1810640	184750449	0	0
6883	1146	6596	14935	1811328	184822484	2109006	226885048
6884	5258	6002	6499	1811571	184856629	2731939	321635264
6885	1234	2749	3768	1811921	184904826	0	0
6886	1222	4638	4066	1812119	184934086	3411906	436282934
6887	1410	2831	2274	1812229	184949052	2326666	258556539
6888	5631	6839	4902	1812561	184997519	0	0
6889	2164	5324	11761	1812744	185023901	2011482	212099391
6890	2042	3603	3900	1813062	185082640	2713980	319259778
6891	3805	6835	5873	1813650	185175672	2077696	222213880
6892	3817	6668	6114	1814417	185297492	0	0
6893	67	879	850	1815038	185396658	3920172	527952270
6894	2445	4753	5103	1815223	185426463	0	0
6895	709	2199	1491	1815326	185445117	2020649	213654074
6896	6410	6658	3527	1815466	185467073	2167762	235171162
6897	451	2448	2721	1815648	185501154	2037346	216510905
6898	750	6314	6819	1815929	185547490	4417224	619023752
6899	2163	3372	2191	1819018	185998517	2986962	363375358
6900	1919	4917	3232	1819411	186043052	3170108	395086841
6901	3695	6878	1850	1819481	186052154	3762009	498320203
6902	354	6466	1652	1819826	186091679	0	0
6903	2338	4603	2629	1819879	186095539	2819471	335706098
6904	2496	5631	1892	1820141	186125117	0	0
6905	855	4843	2721	1820701	186186512	2922667	352615751
6906	4904	5660	12977	1821066	186225048	2426506	273370079
6907	265	6305	4656	1821194	186244182	2513455	287135222
6908	3466	5886	4804	1822268	186386850	2567158	295088202
6909	151	5841	4876	1822420	186409280	0	0
6910	1114	2283	4443	1822819	186468148	2159226	233938652
6911	1594	1954	2239	1822824	186469064	2371750	264804137
6912	3542	3971	6661	1823512	186559060	2905986	350097898
6913	1089	5858	2377	1823689	186583222	3134821	388816450
6914	2964	6537	3559	1825025	186761648	2445408	276377484
6915	3518	5441	6189	1825309	186796491	1955854	204033226
6916	1047	6442	8256	1825425	186812392	2230860	244099220
6917	4763	5757	11394	1825903	186878582	3178185	396225554
6918	511	2268	1482	1826660	186994110	0	0
6919	1560	2428	3790	1827380	187089607	0	0
6920	453	1806	549	1828261	187202519	2944840	355857713
6921	138	2283	3342	1828858	187274303	2238430	245187525
6922	2143	6793	2983	1829180	187307537	4391516	614660370
6923	1080	6343	2378	1829321	187324509	2956289	357882536
6924	318	2352	4938	1829872	187393854	0	0
6925	1527	5048	5731	1830143	187429090	2230520	244054023
6926	1290	2757	2157	1830189	187433717	2394504	268168833
6927	454	3606	1645	1830745	187504985	0	0
6928	3123	4327	2258	1830943	187526777	2217143	242265243
6929	2326	5808	4515	1832719	187705566	2040693	216970437
6930	1986	4601	6819	1832763	187709951	2912745	351160518
6931	5526	6229	7000	1832848	187718455	2637616	306348022
6932	43	3672	2575	1833648	187810517	1840343	188658493
6933	3350	5145	5409	1833736	187820044	2277877	250990582
6934	3243	6731	5217	1833891	187839409	2343236	260688881
6935	256	4125	1921	1833920	187842795	2219990	242570554
6936	5385	5551	5090	1833936	187845915	0	0
6937	323	1285	1577	1834256	187893587	2856101	341567542
6938	1216	2332	815	1834766	187966414	0	0
6939	4540	5227	5778	1834988	187994360	1907422	197325451
6940	600	5420	991	1835542	188071525	2738245	322637448
6941	3466	3945	3450	1836653	188200797	3102955	382845708
6942	2896	5322	4599	1836794	188216283	4110042	562314450
6943	6086	6785	9512	1836972	188240232	2442370	275833433
6944	4190	5182	2389	1836990	188244163	3707439	489233082
6945	1387	4733	3903	1837033	188251105	0	0
6946	1408	3385	4221	1838859	188496741	3959217	535129240
6947	797	896	1307	1839513	188567349	3908309	526118042
6948	380	400	822	1839671	188583115	0	0
6949	294	979	996	1839834	188602845	4132744	565657821
6950	1869	3867	1542	1839876	188606803	1870442	192491838
6951	1226	6932	3921	1840343	188658493	1917881	198666423
6952	557	6504	3852	1840519	188677417	2985868	363189546
6953	250	3609	3000	1840666	188694808	2628306	304831190
6954	1634	1921	2769	1841244	188764057	2678296	313658616
6955	174	1159	812	1841937	188838851	1981949	207748159
6956	1986	3958	3308	1841988	188843253	2276118	250689571
6957	1593	4023	1824	1842064	188852642	3544687	460259361
6958	4295	6500	4927	1842220	188868072	0	0
6959	1187	3668	1956	1842361	188883933	0	0
6960	4974	6418	6225	1842556	188908524	2814449	334806569
6961	2120	6256	4572	1843192	188995203	2094774	224937920
6962	3731	3772	5244	1843634	189051071	3027238	370466705
6963	272	792	770	1843871	189080867	3813189	508311062
6964	438	2257	2379	1844063	189105998	4206253	578390605
6965	1766	2972	5557	1844301	189138099	0	0
6966	2149	3548	2693	1844542	189169517	2671959	312313756
6967	170	6069	3358	1845513	189290331	3353829	425640133
6968	3368	5146	5369	1846099	189361620	1898945	196081072
6969	3740	6512	2170	1846576	189416451	2432110	274367311
6970	1976	6732	3152	1847018	189463357	4428496	621411207
6971	1273	4294	6547	1847641	189528445	0	0
6972	645	5870	2673	1848301	189603629	2966899	359855767
6973	4760	5327	7795	1849226	189699277	2437662	275124126
6974	3096	6382	8164	1850043	189786424	0	0
6975	581	3625	3044	1850119	189795699	2059861	219853493
6976	5183	5909	11884	1850251	189812386	2071281	221128315
6977	900	1684	671	1850500	189848682	0	0
6978	1895	3496	2204	1850917	189902532	0	0
6979	4213	5103	4720	1851484	189976105	2482865	282320675
6980	3060	5663	11079	1851509	189979533	2101313	225779006
6981	2183	5857	10555	1851603	189991916	2317917	257349107
6982	2144	4906	4415	1852000	190060537	0	0
6983	485	1886	1081	1853433	190289303	3195122	398706218
6984	1759	3002	2393	1853845	190348504	1903296	196698721
6985	3812	5867	5199	1854835	190484715	2118023	228381632
6986	4023	4155	3816	1855451	190565611	2106191	226430852
6987	4383	6879	9692	1855963	190628541	2480579	281872269
6988	1518	5958	1807	1856054	190639988	3524014	456591616
6989	4970	5489	5130	1856157	190655029	0	0
6990	692	1956	600	1856537	190708965	0	0
6991	4049	4217	5229	1856584	190715244	3346631	424283396
6992	973	6372	1395	1857606	190859548	3653988	479907159
6993	1757	6097	9192	1857711	190872202	3276201	413240987
6994	2660	3195	4194	1858271	190948177	0	0
6995	2574	6862	6175	1858668	191006740	2993901	364681850
6996	3814	6325	9646	1858943	191043984	3246709	408083902
6997	1081	2370	2421	1859721	191171165	2456092	278043164
6998	759	1059	752	1859934	191202556	0	0
6999	2947	4160	2924	1860029	191214432	2835649	338325783
7000	800	5803	1077	1861878	191459043	2163465	234559184
7001	1094	4064	3583	1862500	191527503	0	0
7002	280	713	959	1862656	191543432	2218804	242429690
7003	4446	6269	3666	1862772	191555648	1865513	191842415
7004	532	5168	3537	1863485	191632768	2436551	274973966
7005	68	548	304	1863831	191671460	1999476	210278641
7006	4628	6396	2328	1864151	191704175	2239247	245304738
7007	2917	3735	1981	1864726	191765711	0	0
7008	63	3176	6039	1865376	191826896	2024440	214299830
7009	3216	7003	7171	1865513	191842415	3758252	497591603
7010	1239	6537	3162	1866096	191907511	2363481	263634097
7011	1348	2218	1965	1866183	191917391	0	0
7012	4596	6677	12905	1866188	191917632	0	0
7013	3697	5185	6003	1866450	191955013	2943268	355629365
7014	5035	5718	5166	1866494	191961804	3622497	474205389
7015	44	1964	724	1867533	192114261	0	0
7016	3481	4660	10544	1868618	192258953	3034911	371763475
7017	6414	6623	7341	1869648	192390457	2634255	305759842
7018	705	4324	743	1869967	192432770	0	0
7019	4192	5688	4719	1870203	192463689	2707300	318215743
7020	6830	6950	2659	1870442	192491838	2209328	241406053
7021	1146	2342	4370	1870530	192502946	0	0
7022	322	592	1084	1870640	192517812	3477050	448045450
7023	103	2971	4224	1870811	192543441	2478557	281483902
7024	3816	4798	2412	1871146	192589139	2776232	328879141
7025	2680	4229	3127	1871321	192617127	0	0
7026	1206	2246	936	1872806	192808285	2601082	300699110
7027	70	5623	6339	1873151	192845777	2598036	300280027
7028	3705	6695	6679	1873706	192909922	0	0
7029	912	5722	1057	1874228	192971470	0	0
7030	2855	6368	1767	1874247	192974148	0	0
7031	322	2213	956	1874414	192993786	2082879	223097424
7032	1799	5182	1123	1874705	193026196	0	0
7033	6302	6368	7929	1874871	193046487	2343470	260720796
7034	886	4202	1441	1875217	193089678	3493695	451036987
7035	2688	6742	4349	1875578	193133897	2554047	292931428
7036	1373	4388	2294	1876107	193196707	0	0
7037	6059	6559	14670	1876570	193251203	2475994	281013117
7038	6488	6833	5379	1877280	193342075	3021445	369604509
7039	4629	5226	7346	1878595	193512083	0	0
7040	1559	4135	2185	1878601	193512491	0	0
7041	3507	5047	2577	1878648	193518895	2996617	365255233
7042	1038	2614	2458	1879318	193609069	3565326	463460105
7043	1357	3577	3817	1879670	193653616	3053019	374807986
7044	1380	4738	1732	1880679	193768194	0	0
7045	3181	5131	4545	1880689	193769182	0	0
7046	4654	4700	5105	1881566	193868973	0	0
7047	609	2072	1269	1881802	193896292	2041424	217064090
7048	2481	2933	2615	1883033	194020134	0	0
7049	843	3071	3049	1883049	194021538	3731182	492634346
7050	4248	5528	3836	1883366	194054037	2927898	353389985
7051	2922	5959	2665	1883420	194061264	0	0
7052	1709	3091	6997	1883949	194117439	0	0
7053	869	3408	2529	1884335	194160333	2348858	261499542
7054	2895	4809	1229	1884440	194173400	0	0
7055	2931	6051	2939	1884472	194177062	3525969	456884629
7056	1409	4800	4593	1884818	194220314	0	0
7057	986	1187	629	1886158	194369118	3875667	520285770
7058	3221	4288	3358	1886163	194369337	2332673	259313244
7059	2760	3696	3356	1886165	194369542	1924371	199619938
7060	717	3442	2614	1886725	194430041	0	0
7061	2280	4793	4307	1886958	194457295	2149054	232673763
7062	5793	6560	14558	1887277	194494013	2262579	248742982
7063	858	1950	3170	1887353	194503066	2435816	274871307
7064	6654	6837	6119	1888153	194611669	2635878	306012423
7065	1346	5534	6250	1889247	194756180	0	0
7066	2886	2999	3426	1889465	194783435	0	0
7067	2523	5245	3561	1889927	194842588	4125827	564581279
7068	895	5519	3421	1890291	194894902	2579886	297275475
7069	1480	5188	8945	1891119	194998482	0	0
7070	969	5637	11503	1891217	195009039	0	0
7071	551	5169	10150	1892382	195194074	2167762	235171162
7072	2211	2329	916	1892767	195256610	1975434	206748868
7073	4143	4374	2991	1893828	195406037	0	0
7074	1483	1523	1483	1893862	195409858	2435816	274871307
7075	3294	5758	8161	1893916	195416972	2214370	241975640
7076	2607	4832	3200	1894254	195467825	3352764	425455954
7077	4004	6419	5035	1895090	195592857	0	0
7078	1358	4721	1301	1895465	195646230	4341264	605174046
7079	2363	3309	4390	1896369	195766204	0	0
7080	2165	5969	3744	1897057	195853745	2436081	274911669
7081	2027	2049	2319	1897703	195926199	2704618	317784367
7082	645	6850	4575	1897934	195955067	0	0
7083	959	2946	2558	1898206	195987455	0	0
7084	2223	5097	5980	1898525	196027328	2062238	220117072
7085	2001	6968	7002	1898945	196081072	2598877	300368059
7086	518	771	780	1899131	196106611	4088974	558714374
7087	1289	3709	5281	1899723	196181849	0	0
7088	2396	3319	1129	1899852	196200195	4365369	610367219
7089	1912	5153	2916	1900114	196237636	2050492	218425665
7090	177	512	1019	1900289	196258573	3953202	533868953
7091	758	1011	1337	1900725	196316996	0	0
7092	1776	6950	2027	1901006	196352025	3315308	419526887
7093	1128	4974	5124	1901013	196352609	2070080	220973626
7094	1939	1999	4235	1901135	196371332	0	0
7095	365	6509	4057	1901212	196381420	3717992	490588149
7096	2785	3662	3930	1901301	196394513	0	0
7097	3290	6686	923	1901842	196476958	2567260	295108754
7098	736	1311	1926	1901887	196483418	2723878	320564696
7099	5312	5314	5281	1901908	196486944	2729580	321305361
7100	766	4290	5345	1902137	196517863	0	0
7101	5578	6343	4127	1902271	196540612	2979677	362306110
7102	3069	6174	5002	1902342	196552213	3415971	436870083
7103	1712	3749	4816	1902358	196553608	2500644	284943607
7104	2710	6527	3196	1902375	196555829	1966664	205488564
7105	3663	6984	3124	1903296	196698721	0	0
7106	2681	5057	3901	1904038	196814442	2458836	278388766
7107	1831	3454	5674	1904140	196829290	2946111	356052503
7108	285	5135	1412	1904510	196883930	3053482	374876505
7109	3665	5590	10922	1904737	196915699	2525984	289053443
7110	2455	2779	3602	1904761	196920459	0	0
7111	257	1508	1027	1906846	197251311	2001076	210584801
7112	4412	6569	5565	1907219	197295569	2320866	257753737
7113	388	6939	5892	1907422	197325451	2393750	268042001
7114	4011	5738	6081	1907549	197344946	3533307	458301561
7115	283	5469	3821	1908578	197489091	4094547	559582304
7116	1532	2513	1714	1908601	197493779	1940184	201845758
7117	2850	5195	4142	1909060	197559313	3435754	440436979
7118	615	814	359	1909222	197581554	0	0
7119	762	1764	2498	1909375	197599534	2475745	280974375
7120	790	3096	3814	1909525	197622265	2098569	225400279
7121	2202	3089	4968	1909617	197634765	0	0
7122	148	306	328	1910370	197741771	2710069	318657127
7123	1043	2788	2735	1910623	197771579	4054974	552475856
7124	2308	6217	2874	1910823	197794848	0	0
7125	1274	2615	2861	1911466	197878771	0	0
7126	3718	5233	3872	1911526	197886359	3037044	372159123
7127	4753	4766	5648	1911585	197892958	0	0
7128	4780	5074	5022	1911632	197900013	3665082	481848515
7129	1845	4243	2656	1912164	197974551	1989882	208858346
7130	2970	4976	4753	1912430	198009520	0	0
7131	713	1899	1384	1912904	198072057	0	0
7132	1739	1949	1142	1914217	198244984	1956939	204223777
7133	188	5452	4276	1914326	198255642	0	0
7134	956	2603	1419	1914679	198298184	3350802	425066077
7135	74	5730	1563	1915052	198341824	2388074	267120277
7136	3839	4383	5984	1915203	198357868	0	0
7137	1183	2893	2417	1915479	198393116	2284506	252028606
7138	2043	6142	2240	1915865	198435906	0	0
7139	2896	6256	4833	1916065	198459247	2536497	290343044
7140	486	1942	1058	1916479	198511130	2267712	249478832
7141	583	4263	1296	1916502	198514274	4297342	595916138
7142	4284	6951	6224	1917881	198666423	2890982	347208286
7143	4693	6533	3494	1918003	198679394	2351848	261915399
7144	101	1780	531	1918178	198700201	2237053	244995439
7145	5514	6880	5082	1918932	198783526	2388519	267193057
7146	670	3640	4134	1919015	198791743	0	0
7147	3154	4351	5817	1919311	198823377	0	0
7148	1938	3330	9611	1919501	198843350	2582464	297714431
7149	1057	3604	2860	1919821	198888475	3637781	477011722
7150	421	689	283	1920670	199003109	2737074	322481400
7151	4994	6869	4049	1920763	199012662	0	0
7152	6072	6191	13201	1920768	199013237	2927999	353408250
7153	2495	5539	5583	1920789	199016426	0	0
7154	3759	4814	3781	1920920	199038340	2585624	298302194
7155	2184	4429	7306	1921012	199053833	0	0
7156	1360	1808	1862	1921155	199081801	4437420	623486023
7157	1464	6419	5134	1921803	199197514	3075538	378357724
7158	4265	5787	7744	1922448	199309927	2599295	300426183
7159	2610	5444	4824	1922602	199339946	0	0
7160	1360	7059	3929	1924371	199619938	2193100	239134898
7161	5607	5638	7231	1924667	199660936	0	0
7162	1524	4747	2377	1925248	199743350	2881700	345506973
7163	672	6332	5977	1925513	199783476	4221728	581429854
7164	178	2733	783	1925789	199825222	3573382	464842257
7165	2045	2766	3461	1925909	199842237	0	0
7166	101	2338	1483	1927339	200030952	4249874	586548290
7167	2568	4622	9254	1927378	200035775	1999044	210194852
7168	3954	6148	5288	1927462	200046831	0	0
7169	295	5437	8126	1929713	200357738	0	0
7170	2526	5628	1687	1930002	200390891	2985085	363071717
7171	974	2611	1157	1930082	200399779	0	0
7172	2943	3728	10780	1930253	200421664	2379500	265787769
7173	4295	5341	4510	1930528	200459926	2813123	334549378
7174	4371	5351	3293	1930865	200507793	2012921	212308219
7175	479	6646	5893	1931075	200539902	3652082	479581684
7176	3746	4384	2960	1931958	200665234	2515875	287551794
7177	96	3405	3014	1932005	200671740	2015369	212739539
7178	4757	6278	3723	1932336	200718425	0	0
7179	385	2335	1859	1933388	200856478	2064459	220376190
7180	2294	4255	6008	1933741	200905234	2207361	241158046
7181	967	5503	2995	1933761	200907780	0	0
7182	3106	4982	6209	1934110	200952902	0	0
7183	856	5564	1414	1934293	200980228	1947649	202972743
7184	2562	6658	5544	1934371	200991745	0	0
7185	3432	6321	4943	1936160	201226679	3283964	414675789
7186	1819	3856	7416	1936165	201226914	2854593	341308058
7187	686	1468	1802	1936275	201239878	0	0
7188	5547	6086	8692	1936341	201249916	2996617	365255233
7189	4464	5204	7821	1937317	201389083	2046407	217694211
7190	1533	4005	1505	1937331	201391322	4362281	609844899
7191	1548	5836	3934	1937516	201419716	0	0
7192	1126	6180	1281	1937930	201479267	2065777	220521848
7193	5610	6485	12369	1938323	201538016	2381154	266039963
7194	1232	4600	4465	1938665	201595879	3350802	425066077
7195	1670	5784	2216	1939004	201650264	1978666	207266009
7196	1465	6519	2928	1939065	201660648	2861479	342479548
7197	1032	6293	4666	1939121	201670022	0	0
7198	1274	3888	1891	1939566	201744476	2319798	257598110
7199	4132	6099	9918	1940128	201837578	3218259	402948858
7200	3132	7116	2540	1940184	201845758	0	0
7201	5153	6618	9246	1941116	202003984	0	0
7202	188	2782	1769	1941120	202004968	2099522	225536007
7203	4052	4085	2050	1941495	202071334	2510529	286648242
7204	101	431	668	1941747	202117517	2070080	220973626
7205	4156	5053	4357	1942304	202205913	0	0
7206	682	820	482	1942345	202212048	2773432	328511645
7207	23	922	1135	1943553	202394775	2515282	287441938
7208	3478	4532	2925	1943679	202413231	0	0
7209	1097	5493	3088	1944037	202464133	3407150	435673172
7210	4746	6306	4108	1944283	202499426	2299223	254593695
7211	1083	2518	1787	1944406	202518580	2957949	358165743
7212	2505	6471	5659	1944475	202528794	3077586	378642308
7213	2634	2967	2825	1944538	202540035	0	0
7214	2918	3182	2925	1945685	202697629	2143225	231916318
7215	1085	6247	1694	1945838	202720268	0	0
7216	1228	4190	1923	1945877	202724982	3977093	538374904
7217	4868	6492	5492	1946030	202746322	4068272	555140173
7218	357	4587	2328	1946522	202812813	0	0
7219	1756	2944	4589	1946577	202820886	0	0
7220	1436	6462	4440	1946693	202839229	2590012	299112405
7221	1280	1926	1904	1947191	202909066	2477122	281215203
7222	774	2348	2685	1947362	202934204	2050480	218423002
7223	6367	7183	5662	1947649	202972743	2672394	312410691
7224	3046	4908	6398	1949512	203222072	0	0
7225	815	1224	1145	1949515	203222215	0	0
7226	3975	5662	7180	1949678	203242543	2647236	308189032
7227	3301	6587	5629	1949938	203280602	2088172	224050718
7228	1131	6363	4645	1950018	203290584	0	0
7229	3805	4952	4600	1950735	203392024	1975073	206696386
7230	4139	5046	3868	1951210	203461643	2292174	253144160
7231	4628	5205	3732	1951652	203523271	3755755	497085308
7232	584	2079	1055	1951901	203557850	0	0
7233	741	2403	1850	1953100	203713085	0	0
7234	3001	3247	5268	1953250	203730096	0	0
7235	982	4825	2479	1953827	203791218	0	0
7236	4513	4904	1710	1953974	203806393	2915155	351536300
7237	1092	1147	743	1954042	203813846	0	0
7238	2390	6376	3888	1954739	203893467	0	0
7239	3583	5261	2831	1954766	203895915	3038265	372410052
7240	3584	6619	9409	1955099	203934198	1965930	205402080
7241	2365	3946	6652	1955180	203944497	0	0
7242	1321	6915	7512	1955854	204033226	2296466	253997633
7243	5292	6068	16141	1955867	204034673	0	0
7244	3408	7132	2932	1956939	204223777	3099379	382277016
7245	5338	6479	4247	1957324	204282987	0	0
7246	1162	3128	2132	1958936	204520033	3411910	436283318
7247	1306	3207	3972	1959190	204553929	0	0
7248	783	3712	3115	1959385	204578949	4009435	544341270
7249	634	5534	4356	1959981	204659441	2236123	244852897
7250	3127	3278	2631	1960110	204678888	2674338	312787830
7251	5879	6619	9807	1960253	204698696	2109462	226973163
7252	1155	1575	2287	1960522	204737435	0	0
7253	1682	5146	5544	1961001	204804831	3806571	507028408
7254	430	1619	1275	1961763	204909881	2209493	241427099
7255	513	1239	493	1962310	204979251	0	0
7256	1711	3865	2199	1962541	205007483	0	0
7257	3554	4252	3547	1962604	205014556	3866481	518278253
7258	956	5517	4305	1962712	205028659	0	0
7259	108	797	301	1963230	205092228	3112107	384368817
7260	1959	3113	3375	1964007	205190735	0	0
7261	3688	4177	3493	1964619	205262618	2656001	309883053
7262	326	7240	10188	1965930	205402080	2696322	316386339
7263	3367	6797	5959	1966360	205450701	2098683	225417184
7264	1832	3800	3758	1966569	205475389	2418237	271830794
7265	3214	7104	7837	1966664	205488564	2048403	218031458
7266	1162	3704	7238	1967339	205580513	2082191	222956428
7267	3002	5346	2287	1967641	205620228	2318042	257365296
7268	5106	6312	7336	1967796	205640013	2224905	243277425
7269	1953	4599	4005	1968673	205763397	0	0
7270	2207	4052	2227	1969072	205820833	2685459	314926938
7271	4359	5158	2799	1969100	205825564	0	0
7272	5955	6307	8759	1969146	205831293	0	0
7273	1855	6422	1587	1969494	205885737	3125508	386907872
7274	4424	4564	2414	1970120	205978393	0	0
7275	2922	3466	2829	1970468	206024558	0	0
7276	3247	5851	6999	1971038	206094777	2801422	332450100
7277	2922	5595	6317	1971151	206109819	2495586	284169233
7278	3942	5781	6665	1971679	206185165	4137929	566569788
7279	3914	5782	6366	1972312	206269938	0	0
7280	5118	6375	9469	1972634	206315766	0	0
7281	2467	6858	1578	1973418	206445842	2300577	254881138
7282	3395	5259	5838	1973446	206450838	2070276	220994554
7283	321	6663	1377	1973810	206512823	0	0
7284	2191	7229	5623	1975073	206696386	2294688	253608623
7285	701	4398	9526	1975385	206739871	2397345	268617204
7286	20	1896	795	1975401	206743336	3529656	457574973
7287	286	7072	959	1975434	206748868	0	0
7288	850	3955	2935	1976020	206836787	0	0
7289	2169	2913	8716	1976068	206844427	2423031	272654604
7290	151	6570	4878	1976253	206875066	0	0
7291	491	734	659	1976726	206962451	0	0
7292	2171	3068	5151	1976863	206987067	0	0
7293	327	5743	982	1977335	207059248	2845734	339922414
7294	207	5275	4032	1977629	207107656	0	0
7295	1454	2644	6978	1978095	207178905	2443532	276037159
7296	185	6023	7814	1978103	207180115	2645623	307875992
7297	4185	7195	3764	1978666	207266009	2564265	294542845
7298	1758	4301	2767	1979363	207376088	0	0
7299	4156	4939	9820	1979776	207443500	4133638	565793080
7300	3174	3623	5618	1981153	207640422	0	0
7301	1977	5547	4942	1981414	207679498	0	0
7302	3576	5330	4281	1981867	207739712	0	0
7303	2211	6955	1069	1981949	207748159	2147453	232484837
7304	195	6111	4304	1982916	207875140	3633505	476193189
7305	1259	5292	9774	1982936	207877029	4004596	543233710
7306	2473	5815	5870	1983409	207950934	0	0
7307	3522	3852	1681	1983522	207965504	3099587	382310246
7308	2204	4610	2874	1983674	207983482	3530896	457792088
7309	404	6179	777	1984271	208071383	3187759	397666297
7310	157	1011	900	1985149	208188010	0	0
7311	4090	5120	5720	1985467	208227708	0	0
7312	918	5093	2126	1986019	208296972	0	0
7313	3249	3982	2650	1986598	208373893	3084543	379706005
7314	1445	6777	8202	1986716	208388211	0	0
7315	2717	5474	7860	1987025	208431640	2635715	305987990
7316	3555	6236	5356	1987443	208498321	0	0
7317	2977	4902	2016	1987643	208529090	2357620	262776827
7318	2239	6186	2731	1987751	208545013	2467950	279804801
7319	132	3042	612	1988257	208625792	3231569	405288878
7320	4324	6336	4766	1988660	208684287	2709548	318568677
7321	341	5040	1839	1988721	208692256	3233109	405570614
7322	6284	7129	4006	1989882	208858346	2603446	301097778
7323	2999	3382	5404	1989904	208861286	2274235	250371820
7324	1920	2937	3914	1990137	208893501	2639645	306742809
7325	1339	3535	3320	1990757	208979915	3665699	481963041
7326	4330	6240	12134	1990937	209006875	0	0
7327	4501	6172	7113	1991273	209062547	3004286	366684760
7328	2011	5883	6417	1991508	209100185	2026292	214642607
7329	1152	5613	4990	1991598	209116147	2257993	248150354
7330	2776	4015	2499	1994078	209494009	0	0
7331	2889	3323	3426	1994360	209532652	2238430	245187525
7332	2878	6743	3924	1994673	209572582	3825514	510560417
7333	1742	2838	1446	1994758	209585081	0	0
7334	780	2686	1425	1994918	209606749	2193398	239176896
7335	5061	5078	4193	1996031	209750090	3020660	369490712
7336	2824	4192	5590	1996335	209786248	0	0
7337	5573	5800	9898	1996438	209799511	0	0
7338	3323	4897	3599	1996509	209810188	0	0
7339	2353	5063	2905	1997134	209904034	0	0
7340	3823	5931	6884	1997193	209911950	3613743	472712014
7341	1468	6308	11024	1998186	210057609	2025451	214476182
7342	3296	3831	3206	1998258	210068291	2516772	287726171
7343	5519	6457	6938	1998398	210087866	2028809	215097275
7344	772	5540	5676	1998539	210108732	2501977	285174784
7345	4178	7167	12018	1999044	210194852	2377189	265475743
7346	2389	2570	5624	1999457	210274785	3146667	391233064
7347	6796	7005	3554	1999476	210278641	0	0
7348	901	1115	376	1999607	210305052	0	0
7349	3241	3597	4942	1999786	210338574	2662399	310903436
7350	647	5336	2831	2000501	210485836	0	0
7351	111	3118	590	2000654	210516114	2313937	256894435
7352	40	3754	738	2000900	210556179	2785835	330200574
7353	321	1038	1282	2001016	210574866	3147904	391467122
7354	1662	7111	2193	2001076	210584801	4140090	567032570
7355	6208	6498	11038	2001272	210619455	0	0
7356	3086	5776	2463	2001277	210619905	0	0
7357	914	5212	1932	2001757	210708970	2601082	300699110
7358	1491	2884	141	2001934	210741597	0	0
7359	5329	5931	6672	2002291	210804718	0	0
7360	4574	6344	6137	2004829	211213058	2254771	247663655
7361	2000	2546	3877	2004929	211227155	3311411	418957278
7362	133	2797	3811	2004934	211227681	2293970	253451378
7363	5664	5783	5387	2004940	211228445	3561116	462719797
7364	6136	6584	4950	2006441	211457590	0	0
7365	4235	4381	2791	2006617	211485103	3189913	397916280
7366	256	5690	3641	2006894	211522769	2685459	314926938
7367	3644	6358	5082	2007031	211540285	2176327	236480871
7368	2419	5424	4185	2008260	211714016	0	0
7369	1418	4077	3897	2009374	211849844	0	0
7370	2338	2891	2017	2009426	211855484	4228636	582641687
7371	4886	5631	3834	2009565	211871846	2252956	247422096
7372	1806	5112	1896	2010369	211969662	2266737	249341178
7373	4246	5023	5650	2011064	212049920	0	0
7374	854	5211	8136	2011407	212089542	2196015	239545411
7375	4882	6889	15104	2011482	212099391	2298433	254420844
7376	2266	3444	6976	2012492	212244500	0	0
7377	2802	6631	3775	2012672	212270233	4332463	603517551
7378	6166	7174	10413	2012921	212308219	0	0
7379	2057	3067	5847	2013513	212411054	0	0
7380	2696	3570	3474	2013786	212453606	3360597	426877618
7381	389	4236	1955	2013918	212472429	0	0
7382	422	2807	3038	2014293	212536721	3037448	372246226
7383	1878	6736	2953	2014315	212541508	3618204	473514223
7384	4222	5320	10546	2014441	212562155	0	0
7385	2093	6508	9546	2014654	212597902	2050480	218423002
7386	1558	1958	1923	2014781	212621783	0	0
7387	639	7177	4343	2015369	212739539	4294718	595154514
7388	1016	2010	948	2016321	212915965	0	0
7389	2846	4645	5784	2016452	212933790	2940051	355229226
7390	155	4084	2593	2016788	212991409	0	0
7391	4849	6127	2121	2017322	213082741	3123216	386419145
7392	2478	2880	6235	2017378	213089709	3132768	388324940
7393	1888	5644	10411	2017994	213187954	0	0
7394	6243	6764	9866	2018993	213343036	2221697	242784007
7395	1396	5884	6884	2019204	213385230	2542604	291163207
7396	432	1006	803	2019220	213387953	4270377	590359136
7397	1428	5246	2802	2019278	213399095	2571553	295909232
7398	3818	5356	3520	2019593	213461282	2184620	237883749
7399	2973	4836	6604	2019683	213474633	0	0
7400	349	3870	429	2020052	213552975	2573180	296191355
7401	3390	6895	2522	2020649	213654074	0	0
7402	2036	3023	4124	2021041	213722276	3066732	377045133
7403	2149	2257	2791	2021478	213798899	0	0
7404	1402	1854	1586	2021839	213865152	3288675	415537579
7405	1249	6244	5332	2022270	213935184	2896871	348428891
7406	5058	5124	5128	2022276	213936025	2187897	238412097
7407	4514	6077	2998	2022775	214024442	3542950	460009217
7408	1104	4693	2845	2023279	214110736	0	0
7409	5971	6065	10101	2023680	214175261	3750643	496087550
7410	2379	5728	2403	2024228	214267880	3274387	412965558
7411	5599	7008	7545	2024440	214299830	0	0
7412	3551	7341	11302	2025451	214476182	2293970	253451378
7413	1322	5497	7509	2025588	214499797	0	0
7414	2385	6388	5608	2025913	214565918	2964923	359504981
7415	4794	7328	10372	2026292	214642607	4400564	616172245
7416	390	5765	7008	2027961	214952383	4285898	593286460
7417	4891	6158	4684	2028686	215077085	0	0
7418	7111	7343	7965	2028809	215097275	0	0
7419	3346	4598	7199	2028815	215098174	3267247	411723809
7420	4100	5870	2979	2029915	215291506	0	0
7421	519	2627	623	2030344	215363202	0	0
7422	2190	2498	3361	2030355	215364825	4447179	625333251
7423	2794	5876	2618	2031590	215555521	2041568	217082311
7424	3565	5766	6375	2031704	215572169	2707313	318218652
7425	3839	4353	8393	2031919	215605492	0	0
7426	2881	3360	5235	2032050	215623395	0	0
7427	2684	3336	2943	2032773	215743860	0	0
7428	5989	5991	4896	2032805	215748907	0	0
7429	3828	6523	7097	2033011	215785032	0	0
7430	597	2137	2374	2033056	215792678	2734954	322126726
7431	61	6539	2550	2033249	215829254	2486447	282887235
7432	5551	6200	4859	2034332	216014613	0	0
7433	4516	6250	4721	2034595	216058313	2922257	352562078
7434	2770	5840	6499	2035143	216153755	4141033	567210482
7435	1147	4387	1295	2035268	216175396	3470691	446856729
7436	4436	6323	7964	2035404	216196025	2478249	281425970
7437	4809	6897	3701	2037346	216510905	0	0
7438	528	6193	3634	2037831	216583135	0	0
7439	3795	6753	3634	2037844	216584761	2296471	253998689
7440	2107	3217	1592	2038865	216734571	0	0
7441	1828	6002	3751	2039509	216821073	2475789	280980649
7442	3549	3852	5661	2040462	216940497	0	0
7443	4748	6929	6480	2040693	216970437	2671478	312216915
7444	5347	7047	1812	2041424	217064090	0	0
7445	1442	7423	3295	2041568	217082311	2546376	291698083
7446	2743	2832	3416	2042440	217187763	2360198	263149779
7447	3153	6727	5991	2042454	217189275	0	0
7448	1634	3495	2661	2042499	217195841	2393527	268005242
7449	938	6453	3530	2042896	217251293	0	0
7450	2497	3331	1247	2043438	217325424	0	0
7451	1020	6769	1095	2044282	217430279	0	0
7452	4458	5151	6761	2044515	217459296	0	0
7453	3755	5188	12671	2045483	217569879	2195814	239514234
7454	468	5111	2321	2045541	217577855	3335008	422404813
7455	1042	6594	6747	2045812	217612845	3053542	374883927
7456	1251	3351	740	2046107	217655190	3160677	393482493
7457	2801	5418	4257	2046348	217687593	0	0
7458	6510	7189	14041	2046407	217694211	3364318	427493276
7459	5428	6685	10398	2047744	217910872	4041547	550051901
7460	5382	5640	10323	2047771	217915671	0	0
7461	2064	5262	4098	2048210	217997514	4002909	542882852
7462	1507	2028	1033	2048393	218030367	3492759	450901277
7463	856	7265	8455	2048403	218031458	3380009	430356793
7464	3652	5575	2576	2048607	218073199	3841690	513515855
7465	2137	5312	4718	2048638	218080598	0	0
7466	5104	6218	4749	2048827	218116159	0	0
7467	1442	6802	6211	2049286	218202263	2601125	300706712
7468	1597	5918	2673	2050047	218343045	2236123	244852897
7469	7222	7385	12231	2050480	218423002	0	0
7470	4036	7089	5652	2050492	218425665	2395304	268293295
7471	967	1482	1933	2051688	218672981	2908634	350548067
7472	1661	3500	2194	2052343	218792768	3850287	515151221
7473	1517	5087	2113	2052515	218820053	0	0
7474	4124	5172	7251	2052608	218841460	2657534	310103774
7475	4855	6159	3868	2053010	218916005	2546688	291748678
7476	820	6017	796	2055532	219299522	2094528	224913490
7477	3716	6729	4226	2055680	219317719	3952631	533723278
7478	3291	5017	6740	2056344	219401927	2104197	226153109
7479	151	952	514	2056507	219422909	2498899	284667959
7480	3587	6499	8831	2056525	219424231	3462240	445362505
7481	973	1622	2057	2056804	219462459	2072877	221403018
7482	668	4397	3019	2057723	219590784	0	0
7483	1702	1800	3197	2058490	219691579	0	0
7484	4110	6975	8286	2059861	219853493	0	0
7485	445	628	1125	2060210	219897923	0	0
7486	9	4191	2025	2060322	219912154	0	0
7487	2026	2044	3051	2060775	219961962	3212211	401888462
7488	1033	5097	5995	2061757	220065894	0	0
7489	3158	7084	9136	2062238	220117072	0	0
7490	1015	5815	5048	2062256	220119268	0	0
7491	5665	5727	5269	2062591	220165635	3459615	444958483
7492	4478	7179	4189	2064459	220376190	2514622	287319374
7493	611	3353	1526	2065481	220486252	0	0
7494	3339	6209	4708	2065529	220491658	2471306	280304111
7495	467	6845	6418	2065606	220500008	2227121	243591176
7496	144	2618	2634	2065676	220508199	0	0
7497	73	7192	1426	2065777	220521848	2118706	228479457
7498	757	6322	1920	2066211	220572554	2765584	327195003
7499	568	2157	1815	2066386	220592002	3146744	391248087
7500	1817	3117	1828	2066672	220623427	2445331	276365631
7501	4627	4893	2275	2067185	220682231	2628187	304811528
7502	763	2427	1836	2067525	220715554	0	0
7503	551	5041	4404	2068520	220818678	0	0
7504	2348	4182	4384	2069229	220889739	2104765	226229478
7505	458	571	272	2069806	220946566	0	0
7506	2985	4725	4029	2070066	220972666	3251867	409102600
7507	7093	7204	5792	2070080	220973626	2186812	238237019
7508	5101	5201	8760	2070234	220988774	4423219	620150990
7509	5374	7282	6946	2070276	220994554	2805292	333105689
7510	2897	3435	2921	2070778	221063623	0	0
7511	2244	4691	7430	2071119	221105398	3055022	375113719
7512	5043	6976	12683	2071281	221128315	3788983	503991967
7513	2081	3752	3216	2071345	221139269	0	0
7514	1016	1928	893	2071417	221155180	0	0
7515	998	2644	6184	2071876	221229119	2559807	293800791
7516	4094	4419	5662	2071957	221241008	3952430	533684520
7517	2845	5151	5721	2072259	221289033	0	0
7518	3381	5647	7102	2072288	221296297	2793210	331250199
7519	2671	7481	2965	2072877	221403018	2529576	289479557
7520	439	6815	7650	2073057	221432810	0	0
7521	2304	2648	1059	2074350	221663668	3256875	410014986
7522	357	2792	1878	2074982	221759112	2181014	237265472
7523	3110	5011	5681	2075113	221777623	0	0
7524	3925	5918	2769	2075431	221831765	2268863	249657965
7525	3910	5844	3059	2075820	221891044	2083814	223261204
7526	4424	6664	9368	2075953	221912665	0	0
7527	937	1068	520	2076370	221985382	2963528	359245447
7528	4465	4483	5126	2076434	221996265	2414327	271262814
7529	818	4911	3349	2076494	222006431	0	0
7530	1924	5767	5462	2076637	222032946	2627442	304674049
7531	6460	6891	6307	2077696	222213880	0	0
7532	200	5470	4057	2077881	222240320	2138324	231203427
7533	3126	4395	7456	2078863	222412306	3057065	375411387
7534	4221	5851	5049	2079633	222542350	3261362	410769498
7535	6356	6795	11182	2079826	222570612	2135106	230726794
7536	543	7116	2052	2080678	222718423	0	0
7537	1372	2203	1333	2081168	222798217	0	0
7538	88	2515	531	2081472	222844300	0	0
7539	485	6008	10148	2081976	222920611	2294324	253530846
7540	6645	7266	18926	2082191	222956428	0	0
7541	3451	3944	5265	2082242	222967466	2104197	226153109
7542	3593	7031	2236	2082879	223097424	3870963	519220333
7543	239	613	922	2083664	223233087	3610793	472179251
7544	4480	7525	7010	2083814	223261204	0	0
7545	5964	6282	9116	2083901	223276543	0	0
7546	3984	4865	8325	2084027	223299208	2678925	313777449
7547	2218	4750	3259	2085282	223551025	2462009	278831266
7548	5823	6687	5353	2085413	223577128	0	0
7549	142	283	146	2086092	223702299	2666608	311514916
7550	2294	2722	3834	2086660	223809435	2171706	235738305
7551	1054	4988	2210	2086789	223833172	0	0
7552	775	2429	1573	2086859	223843964	4192646	575799461
7553	1609	5445	1754	2087395	223932964	4407306	617259918
7554	346	7227	5790	2088172	224050718	2851095	340778928
7555	2800	6676	5253	2088258	224061991	0	0
7556	3224	4968	5912	2088931	224169703	3351917	425285702
7557	868	937	669	2089424	224243399	2644342	307660494
7558	1220	4415	1477	2090448	224397140	2759544	325954121
7559	2225	5902	11812	2090657	224424449	0	0
7560	4194	7089	7346	2091343	224517870	0	0
7561	2961	5089	6905	2092382	224655279	2968872	360225648
7562	138	2062	1986	2092487	224668226	2215101	242052034
7563	660	2526	1630	2092709	224696489	3540397	459648631
7564	306	1350	685	2092806	224709996	2555943	293218255
7565	265	7476	1142	2094528	224913490	0	0
7566	2740	6961	6865	2094774	224937920	0	0
7567	886	6832	3119	2095380	225010828	0	0
7568	1400	3333	2165	2095589	225036683	3896581	524186272
7569	231	868	261	2095744	225053011	0	0
7570	1774	4003	3418	2096063	225088064	0	0
7571	616	2956	5766	2096401	225123686	0	0
7572	437	3682	5927	2096531	225139821	0	0
7573	2483	6229	5603	2096931	225187189	2179981	237074752
7574	55	4062	528	2097222	225222358	2359266	263002044
7575	3286	5843	14404	2098100	225338065	2274276	250377597
7576	2164	7120	5654	2098569	225400279	3574622	465036020
7577	1043	7263	6703	2098683	225417184	0	0
7578	3387	5024	4276	2099517	225535385	3350776	425061835
7579	575	7202	1801	2099522	225536007	2913197	351228643
7580	793	5110	3190	2099607	225547909	3504503	452885294
7581	1365	3197	1793	2099668	225555982	2631352	305361076
7582	3041	5794	3313	2100348	225654518	0	0
7583	4419	4478	3201	2100938	225732706	0	0
7584	5234	6980	11331	2101313	225779006	0	0
7585	329	1235	870	2103177	226037314	0	0
7586	7478	7541	12005	2104197	226153109	0	0
7587	1647	6238	6152	2104528	226195981	2176327	236480871
7588	1828	6873	3124	2104569	226201705	0	0
7589	3893	7504	6280	2104765	226229478	3806571	507028408
7590	303	6095	1049	2105568	226345235	0	0
7591	3363	4826	3728	2105595	226348675	0	0
7592	678	1191	892	2105819	226376192	2957075	358019692
7593	5067	5566	9808	2106076	226414304	0	0
7594	2859	6986	4733	2106191	226430852	0	0
7595	295	6645	11943	2107030	226561718	0	0
7596	5526	6450	5903	2107233	226593593	2600440	300603088
7597	4328	6623	8825	2107485	226637997	0	0
7598	1218	3537	3703	2108312	226771797	0	0
7599	5428	6362	5457	2108854	226859543	2127324	229618708
7600	2715	6883	15477	2109006	226885048	0	0
7601	776	5711	2868	2109152	226913536	0	0
7602	3581	7251	11652	2109462	226973163	4331105	603250624
7603	2507	4940	1878	2110276	227130203	0	0
7604	2902	3141	4183	2110382	227149360	2891703	347355377
7605	1482	1563	2221	2110441	227161320	3260501	410597813
7606	1162	6713	3568	2111530	227362363	3422102	437976831
7607	1753	4535	4148	2111897	227425036	2328889	258843526
7608	773	4189	2453	2113050	227620795	0	0
7609	854	6772	2530	2113395	227669948	2514485	287296131
7610	3979	6315	4338	2113430	227674134	2175817	236398922
7611	3863	4293	6019	2113538	227689313	0	0
7612	5184	5994	6566	2113733	227720504	0	0
7613	1013	4048	6376	2114692	227877852	2998686	365656063
7614	35	4131	1904	2114864	227907985	0	0
7615	2247	6046	5103	2115035	227934997	4209553	579105697
7616	2395	2533	2098	2115069	227939992	0	0
7617	2591	4629	2299	2115838	228075339	0	0
7618	5377	6305	7698	2117491	228310736	0	0
7619	1954	6985	5997	2118023	228381632	0	0
7620	1617	6149	2728	2118384	228435423	2180170	237109299
7621	4863	7497	3911	2118706	228479457	3542096	459891780
7622	518	5011	5218	2119038	228524445	3077586	378642308
7623	3798	6324	4255	2120049	228657078	2366404	264093340
7624	946	1341	529	2120438	228709112	2977767	362006225
7625	150	411	542	2120521	228721419	0	0
7626	6350	6780	7818	2121115	228792788	2624915	304261478
7627	886	2787	1548	2121138	228797166	2404754	269755143
7628	4250	5159	6078	2121581	228854099	3367879	428124807
7629	3401	4381	1844	2122137	228927138	3238627	406600745
7630	4398	4760	12573	2122146	228928556	0	0
7631	1071	6426	4787	2123198	229087667	2809301	333749273
7632	517	4910	4514	2124440	229248379	0	0
7633	3977	5032	4584	2124506	229257822	2183369	237667697
7634	624	2431	1146	2125565	229395816	3323372	420603890
7635	491	6224	1514	2125586	229398310	3156484	392911899
7636	4725	5461	7893	2125758	229418039	3527884	457246096
7637	3145	3290	2325	2125821	229427237	2320866	257753737
7638	3764	4518	6304	2126853	229556849	3889686	522936506
7639	3548	4931	5820	2127114	229592531	2761023	326246892
7640	122	5366	2367	2127191	229602322	2938295	355021161
7641	4411	7599	6797	2127324	229618708	0	0
7642	3270	5467	4170	2127896	229696830	0	0
7643	2364	4610	4161	2127999	229709176	3654982	480087004
7644	5682	6451	5323	2128371	229757617	0	0
7645	1652	3042	1224	2128991	229840986	3711357	489751582
7646	1009	2477	763	2129261	229877816	0	0
7647	852	2560	1302	2129601	229921772	4091701	559128002
7648	105	5110	2240	2129653	229927680	3918515	527705726
7649	1494	4338	2630	2129821	229950692	2351928	261928001
7650	5421	5866	4023	2130140	229993327	2365859	264013230
7651	6369	6438	17996	2130654	230061644	2407462	270143625
7652	1918	5541	4467	2131109	230138831	3006546	367183380
7653	2613	4327	2733	2131713	230242928	2707760	318288942
7654	2614	4570	3792	2131762	230250729	0	0
7655	877	2847	1869	2131778	230253088	0	0
7656	1613	2109	774	2132488	230370035	2495586	284169233
7657	679	5854	2520	2133400	230498411	2178982	236914667
7658	1064	2464	1448	2133600	230524157	0	0
7659	484	4908	5719	2133698	230538902	2758487	325731091
7660	3444	6788	12105	2134319	230622375	4009037	544252569
7661	240	1433	856	2134538	230651583	0	0
7662	921	4558	2380	2134723	230674152	3835056	512227506
7663	6569	7535	12642	2135106	230726794	2549776	292241642
7664	39	2869	1858	2135238	230749643	0	0
7665	2175	2468	2486	2136019	230874560	0	0
7666	3295	4597	2893	2136229	230905669	2151921	233050038
7667	2987	5976	4060	2137748	231122328	4413350	618338884
7668	18	4031	596	2137812	231132177	0	0
7669	1245	6826	2233	2137846	231135591	0	0
7670	3403	7532	4567	2138324	231203427	3308039	418545889
7671	3778	5164	4958	2138789	231262885	0	0
7672	2425	5214	5991	2138801	231263775	0	0
7673	1443	6674	4806	2139761	231399281	0	0
7674	1034	6553	1152	2139907	231420805	3137734	389456062
7675	3178	6533	3188	2140865	231551749	0	0
7676	281	2999	2436	2140938	231560195	3049584	374312400
7677	6722	6761	14329	2141009	231568545	0	0
7678	2400	4065	2931	2141523	231651328	0	0
7679	2018	5399	6516	2141847	231696701	2159961	234047449
7680	3134	4053	1696	2142159	231749323	2769833	327932251
7681	62	3126	6494	2142277	231768557	0	0
7682	3434	7214	8987	2143225	231916318	3117145	385233443
7683	1677	2145	2450	2144117	232055772	2232875	244371813
7684	852	2751	2149	2144369	232090274	3918991	527774379
7685	3106	6451	3407	2144712	232137977	3091136	380813602
7686	4955	5632	6019	2146345	232348290	4455919	627085905
7687	4301	5076	3797	2147010	232430831	0	0
7688	346	7303	1230	2147453	232484837	3385964	431681916
7689	2952	3142	4278	2147603	232500866	2616091	302876262
7690	5402	6695	6806	2148250	232574408	0	0
7691	1865	1907	2132	2148595	232615983	4135853	566169834
7692	379	6837	4712	2148867	232648259	0	0
7693	6259	7061	6570	2149054	232673763	3383671	431182492
7694	142	3707	668	2149214	232697632	2218554	242402809
7695	4779	6086	7470	2149559	232747166	3137734	389456062
7696	4325	6854	3022	2149959	232806616	2224905	243277425
7697	641	3564	2417	2150144	232829004	0	0
7698	4533	5037	3631	2151559	233003067	3317404	419829071
7699	1588	4764	3934	2151712	233021992	0	0
7700	1588	6517	2423	2151712	233021992	3760499	498040895
7701	4764	6517	5413	2151712	233021992	0	0
7702	3204	7666	4325	2151921	233050038	0	0
7703	269	1600	783	2151999	233061597	3627169	475038724
7704	347	4992	2710	2154568	233374529	2626769	304563163
7705	4653	5138	8580	2155317	233454087	0	0
7706	3786	6444	14717	2155437	233466160	0	0
7707	545	6303	1386	2156298	233575866	3644814	478369989
7708	576	5242	4414	2157679	233736909	3666344	482089623
7709	1655	5715	9678	2157764	233747550	2790802	330884289
7710	380	5091	2989	2158258	233810889	0	0
7711	2625	6719	6760	2158428	233832701	0	0
7712	651	6411	6631	2158724	233871036	3250884	408911491
7713	1711	3565	1071	2159206	233937023	2993901	364681850
7714	2030	6910	6256	2159226	233938652	0	0
7715	5539	6805	5828	2159326	233955762	0	0
7716	2718	4969	3483	2159473	233978036	2780074	329390515
7717	4536	7679	7194	2159961	234047449	0	0
7718	333	2309	3208	2161685	234298508	3556878	462013141
7719	2401	6881	7403	2161934	234329929	0	0
7720	814	5060	6123	2162391	234395729	3982109	539301541
7721	1977	6231	5568	2162610	234425375	2253642	247512700
7722	2991	4968	4604	2162668	234434460	0	0
7723	3077	5006	2248	2162996	234484999	0	0
7724	3388	7000	6793	2163465	234559184	0	0
7725	1898	2115	2384	2163669	234589607	0	0
7726	2980	4429	4733	2163872	234616757	0	0
7727	2409	3203	4932	2164533	234717258	0	0
7728	1124	5943	3896	2164635	234734240	2243349	246013686
7729	4458	4468	5308	2165313	234837710	4199155	576916204
7730	205	2438	1099	2166152	234961326	3534751	458610810
7731	3427	4983	5358	2166788	235039956	3076382	378473199
7732	611	4737	3671	2166967	235064039	2363473	263633426
7733	2045	5976	3868	2167028	235073269	4361139	609636220
7734	6896	7071	13677	2167762	235171162	0	0
7735	1511	3868	1542	2167909	235193110	0	0
7736	383	1932	2729	2169155	235376017	0	0
7737	1170	6151	5873	2169614	235438946	0	0
7738	3669	6442	9545	2170056	235503330	0	0
7739	4646	5600	6311	2170085	235507991	0	0
7740	1222	6751	5426	2171587	235722415	0	0
7741	5411	7550	6774	2171706	235738305	0	0
7742	5499	6052	5838	2172032	235784421	2192856	239100672
7743	2448	5369	8051	2172178	235808501	0	0
7744	1428	6714	8354	2172371	235842720	0	0
7745	1833	2222	3281	2174078	236124243	3086664	380048254
7746	4420	5831	4309	2174429	236172490	3253051	409318177
7747	2737	6023	9652	2174580	236196767	2715823	319537653
7748	1294	3717	1683	2174850	236241469	2532900	289892055
7749	4787	5678	4266	2174960	236258780	0	0
7750	5593	6262	7315	2175088	236281335	0	0
7751	3091	7610	10466	2175817	236398922	3279254	413766236
7752	7367	7587	11234	2176327	236480871	0	0
7753	2820	4850	1721	2177730	236723514	2501676	285121229
7754	2124	3963	8596	2178646	236860389	0	0
7755	729	1960	957	2178750	236875666	2864358	342986257
7756	729	3640	3585	2178750	236875666	2391389	267668990
7757	1960	3640	3986	2178750	236875666	0	0
7758	6955	7657	3332	2178982	236914667	3122510	386280458
7759	3960	5831	7776	2179394	236975104	3106082	383296327
7760	795	7573	5955	2179981	237074752	0	0
7761	2332	4643	3665	2180139	237102244	2200847	240307358
7762	1773	7620	3190	2180170	237109299	4112266	562675433
7763	3402	6683	4357	2180364	237142651	2390374	267508681
7764	1533	4236	2620	2180655	237194368	4348554	607088825
7765	5313	5585	11185	2180739	237207896	0	0
7766	4466	5786	1581	2180786	237219732	2223959	243142858
7767	755	7522	3591	2181014	237265472	0	0
7768	1450	4470	1717	2182743	237570658	0	0
7769	4456	5325	6852	2182909	237595983	3458687	444799419
7770	3206	3728	6641	2183015	237610328	3751156	496186693
7771	587	7633	5144	2183369	237667697	4220456	581192455
7772	4246	5529	7761	2184273	237826799	2695012	316165432
7773	3119	4440	1919	2184597	237878711	0	0
7774	2145	7398	4449	2184620	237883749	4377572	612313683
7775	1957	4302	2037	2185515	238029287	0	0
7776	3369	4281	4613	2185598	238045005	2971589	360817411
7777	1217	6740	1995	2185682	238057755	2699297	316903794
7778	4820	5026	8332	2185960	238097221	3605820	471153628
7779	476	1547	3157	2186570	238200028	2299899	254736027
7780	1641	4747	3264	2186781	238232556	2729501	321298017
7781	1234	7507	6437	2186812	238237019	0	0
7782	3079	4018	4173	2187647	238372122	0	0
7783	1693	7406	6179	2187897	238412097	3437752	440800077
7784	114	5200	3492	2188231	238463500	3830331	511399772
7785	1847	7000	2275	2189095	238607291	0	0
7786	65	5453	3239	2189196	238623157	4361884	609771209
7787	833	1218	2405	2189685	238698594	0	0
7788	3125	5165	1344	2191425	238931688	0	0
7789	710	3935	1080	2191481	238939032	2449232	277069003
7790	1584	2268	2427	2191684	238962900	2326101	258478477
7791	804	1568	1575	2191946	238992057	2418898	271925384
7792	2730	6738	4067	2192281	239030645	2195215	239440308
7793	1773	6868	7586	2192778	239091150	2935357	354618525
7794	5997	7742	7669	2192856	239100672	2795367	331602981
7795	5348	7160	5597	2193100	239134898	3519788	455814252
7796	2768	7334	2848	2193398	239176896	3840729	513330956
7797	1613	5237	2888	2194009	239267440	3189500	397865602
7798	294	6377	2716	2194539	239349362	3610292	472085094
7799	3097	7792	4951	2195215	239440308	2974112	361338696
7800	2816	7453	13505	2195814	239514234	2951354	357016281
7801	3992	7374	9855	2196015	239545411	0	0
7802	1514	3345	4117	2196790	239677101	2592494	299559825
7803	1287	3367	1741	2197090	239726260	2571871	295960442
7804	1502	3587	3280	2197361	239767367	3623950	474445557
7805	1057	3222	2928	2197437	239779523	0	0
7806	868	3579	1044	2197609	239810695	2923621	352749759
7807	375	2442	2178	2198111	239893132	0	0
7808	1311	6444	14284	2198521	239956804	3381102	430548000
7809	1222	1328	775	2199495	240119754	3770799	500066608
7810	5382	7761	10101	2200847	240307358	2240442	245504848
7811	661	3365	6282	2201587	240414330	0	0
7812	3040	6681	3684	2202369	240526493	0	0
7813	243	5071	2487	2203912	240719052	2780074	329390515
7814	4946	6850	7307	2203979	240725692	2507709	286168291
7815	3891	6070	4842	2204171	240752457	3987599	540365976
7816	3489	4804	5823	2204569	240801815	0	0
7817	3396	5161	6731	2204603	240806365	0	0
7818	1942	2433	3614	2204883	240843697	3347590	424447069
7819	3467	6365	4649	2205394	240907769	2990070	363943513
7820	2114	3973	2825	2206029	240994654	0	0
7821	942	6742	5249	2206448	241042728	3487434	450053736
7822	785	5454	2168	2206618	241064180	0	0
7823	1435	2282	1754	2207071	241122407	3037448	372246226
7824	2310	7180	7711	2207361	241158046	0	0
7825	1921	3671	3193	2208100	241251114	4065621	554593245
7826	117	6046	3926	2208645	241317676	0	0
7827	1193	6608	6930	2208843	241342721	2853482	341140552
7828	3147	7020	3508	2209328	241406053	0	0
7829	4837	7254	3723	2209493	241427099	2546632	291740498
7830	2478	2541	2887	2209838	241472503	2519924	288259504
7831	662	6612	2163	2212162	241742552	0	0
7832	560	1399	1542	2212285	241754191	0	0
7833	3741	5964	8380	2212345	241759714	3719649	490793977
7834	6549	7075	9899	2214370	241975640	0	0
7835	5716	7562	7964	2215101	242052034	2800946	332379446
7836	177	4322	916	2215823	242132456	3004286	366684760
7837	772	6681	3588	2216368	242188294	0	0
7838	338	3835	794	2216458	242196661	4085131	558109343
7839	266	6628	3448	2216515	242201870	2832593	337804898
7840	2034	2245	847	2216651	242216901	3164750	394176209
7841	5363	6928	3799	2217143	242265243	2542946	291210513
7842	335	6367	4600	2217692	242322613	2983027	362808387
7843	4807	7694	4637	2218554	242402809	2544004	291358144
7844	2756	7002	3533	2218804	242429690	2351928	261928001
7845	1197	4755	2824	2218842	242433930	0	0
7846	4140	6172	8329	2218926	242441917	0	0
7847	3801	4872	2701	2219230	242479278	0	0
7848	1325	6663	1771	2219433	242504754	0	0
7849	1780	4063	1982	2219545	242518134	4063438	554134189
7850	1426	6935	2302	2219990	242570554	0	0
7851	2190	3732	3839	2220193	242595892	0	0
7852	957	2791	1799	2220858	242679116	4323575	601943790
7853	2201	5639	2242	2220891	242682418	0	0
7854	832	2852	1761	2220909	242684264	3285330	414948103
7855	4609	6864	9498	2221281	242729668	0	0
7856	2597	5022	4284	2221597	242772652	3296741	416897718
7857	2689	7394	10264	2221697	242784007	2906404	350167404
7858	3737	6094	3531	2222303	242881272	2548045	291971241
7859	3477	4008	3735	2222524	242913819	2395802	268375122
7860	5359	5648	10150	2222611	242927478	3978619	538654383
7861	3202	4295	4110	2223571	243081141	2663507	311071425
7862	219	7766	1782	2223959	243142858	2792611	331143516
7863	1871	6429	2792	2224211	243179519	0	0
7864	862	1594	1751	2224603	243235425	2751295	324516376
7865	7268	7696	10358	2224905	243277425	3391781	432921463
7866	276	1068	210	2225507	243367031	3105380	383197552
7867	4765	5243	2888	2225971	243433261	2469445	280028476
7868	5339	6418	6994	2226517	243507009	0	0
7869	1641	2362	2247	2226546	243511010	0	0
7870	6439	7495	8309	2227121	243591176	2401138	269206544
7871	163	1495	1596	2227489	243643816	4048997	551362476
7872	1631	4053	2145	2227714	243680908	0	0
7873	3251	3481	6212	2228470	243780619	0	0
7874	3921	6695	4012	2229289	243892250	2815500	335012326
7875	3588	3751	7316	2229798	243956328	2667867	311678300
7876	2186	6925	6242	2230520	244054023	2281297	251570367
7877	1680	6916	9325	2230860	244099220	2858869	341980421
7878	386	4929	741	2232724	244352425	0	0
7879	6182	6745	10005	2232860	244369310	2748440	324000586
7880	4001	7683	7419	2232875	244371813	2744221	323378770
7881	596	1445	2154	2233082	244403719	3865645	518112922
7882	2314	5049	4627	2233159	244416464	0	0
7883	6378	6527	3755	2233855	244524923	2304793	255596216
7884	2814	5230	3599	2234797	244658603	3096430	381770759
7885	4393	6450	5498	2235564	244770065	0	0
7886	170	5663	9087	2235879	244815462	0	0
7887	7249	7468	7029	2236123	244852897	3765174	498929397
7888	2810	6678	7032	2236926	244978038	0	0
7889	3646	7144	3742	2237053	244995439	0	0
7890	6921	7331	6768	2238430	245187525	3951848	533584709
7891	2883	4421	3211	2238553	245203158	0	0
7892	1491	5589	4983	2239088	245279428	2746621	323712552
7893	208	219	368	2239137	245286989	0	0
7894	6726	7160	5879	2239139	245287021	0	0
7895	4289	7006	8942	2239247	245304738	2817167	335309403
7896	1746	6796	3383	2239900	245413004	2761483	326338634
7897	3269	6405	8046	2239994	245430967	0	0
7898	6343	7810	12329	2240442	245504848	2896871	348428891
7899	3857	6691	14061	2241020	245612981	2809512	333784633
7900	560	5836	4204	2242911	245948861	3253838	409462002
7901	6187	7728	6747	2243349	246013686	0	0
7902	2807	6530	9073	2244303	246171239	3494541	451175992
7903	3351	4053	1743	2245499	246356681	2325512	258401152
7904	5543	5719	11979	2246056	246439779	4326701	602467173
7905	4397	6297	5858	2246406	246494864	3727216	491955087
7906	285	4317	3227	2246615	246526575	0	0
7907	3370	4070	4799	2247773	246695847	0	0
7908	812	6820	4941	2248021	246733209	3296741	416897718
7909	1767	3344	2578	2248947	246869404	2366876	264163409
7910	2897	3807	3903	2249071	246884846	2590439	299193095
7911	727	2136	1820	2249078	246886050	3735587	493367281
7912	2289	6358	2951	2249322	246920524	4307016	598416392
7913	2849	4240	3331	2249441	246935664	2684035	314711009
7914	3398	6267	5988	2249686	246973334	4338038	604495733
7915	1323	2078	3797	2250106	247031491	0	0
7916	647	4328	3764	2250126	247034120	2646253	307989007
7917	1	6579	2583	2251026	247169931	0	0
7918	2410	6732	2547	2251309	247209272	3361373	427017011
7919	476	1107	954	2251324	247210603	0	0
7920	2598	5052	3950	2251569	247245383	3025632	370210213
7921	4207	7371	6178	2252956	247422096	2294688	253608623
7922	261	540	184	2253019	247431143	3112107	384368817
7923	1690	4395	1412	2253089	247443004	2727762	321092389
7924	2891	4307	8326	2253640	247512511	0	0
7925	919	7721	7275	2253642	247512700	2849210	340484100
7926	3302	7360	9256	2254771	247663655	2351324	261830686
7927	3119	6126	8310	2254847	247674533	3811112	507829385
7928	1491	5057	2610	2255010	247695587	0	0
7929	3616	6289	4787	2256297	247886767	0	0
7930	108	5545	2322	2256309	247888092	0	0
7931	5552	6328	10325	2256419	247902935	3579702	465898173
7932	4301	5183	7102	2256690	247948832	0	0
7933	4762	7329	5925	2257993	248150354	0	0
7934	2367	4108	1022	2259260	248335585	0	0
7935	22	6603	2219	2259412	248355072	3065439	376835562
7936	601	3069	1736	2260281	248470956	0	0
7937	1841	5228	1097	2260797	248533442	2747624	323870020
7938	723	6869	2188	2260984	248555558	2614129	302589328
7939	63	331	497	2261182	248578524	3285330	414948103
7940	1977	5400	5574	2261525	248614548	2471267	280299712
7941	3487	5117	8636	2261683	248634908	0	0
7942	452	6320	2041	2261804	248650389	2534269	290059357
7943	503	7062	14732	2262579	248742982	0	0
7944	3379	6635	9972	2263355	248860704	0	0
7945	423	1227	1467	2263944	248948171	0	0
7946	1083	3638	1932	2264380	249009008	2647236	308189032
7947	3079	3970	3927	2264656	249047961	0	0
7948	4509	5182	2849	2264730	249058330	0	0
7949	2713	4041	8147	2265047	249100302	0	0
7950	3313	5186	2892	2265649	249193711	0	0
7951	2316	5213	2997	2266581	249325108	3358913	426592884
7952	862	7372	2206	2266737	249341178	4004596	543233710
7953	3144	6080	7873	2267023	249379666	2465842	279441503
7954	280	4607	3322	2267326	249420354	0	0
7955	815	7140	1735	2267712	249478832	3573618	464875662
7956	4501	4987	2546	2267844	249496497	3251259	408980783
7957	4752	6855	6190	2268247	249559139	2457999	278272631
7958	1920	5899	5390	2268305	249567927	0	0
7959	2743	7524	4185	2268863	249657965	3222408	403600789
7960	3299	6455	3094	2269838	249800398	0	0
7961	3767	5660	12928	2271568	250028084	0	0
7962	6720	7328	11921	2272902	250192011	3140646	390057755
7963	4917	5348	4532	2273149	250226631	2532463	289840976
7964	179	5222	3814	2273380	250259208	2658506	310270691
7965	6175	7323	8841	2274235	250371820	0	0
7966	3159	7575	15786	2274276	250377597	0	0
7967	4223	4733	5114	2274305	250383710	0	0
7968	2976	3302	3548	2275002	250508152	2990529	364029693
7969	2434	3403	1424	2275048	250516176	3161564	393599894
7970	5289	5485	2956	2275629	250605460	2792481	331124780
7971	4097	6075	6364	2275815	250634759	0	0
7972	2159	2697	3310	2275828	250636510	3079127	378865905
7973	1172	2105	3040	2275980	250662337	2881589	345492350
7974	1164	5525	1233	2276081	250681774	0	0
7975	4393	6956	6166	2276118	250689571	2567158	295088202
7976	2993	6807	3972	2277383	250904079	3578386	465650719
7977	1060	1726	1874	2277731	250966169	0	0
7978	4009	6933	7811	2277877	250990582	2750336	324325145
7979	5448	6049	4437	2277890	250992713	4037300	549445932
7980	4072	6743	5033	2278242	251060524	0	0
7981	1616	2312	3310	2278738	251149428	0	0
7982	2586	3528	9915	2279827	251329031	3120918	385976480
7983	961	2715	847	2280845	251498972	2691735	315726926
7984	4950	7876	7046	2281297	251570367	0	0
7985	2153	5759	2231	2281741	251648360	0	0
7986	2094	4452	3959	2282463	251755172	0	0
7987	320	938	789	2283489	251894414	0	0
7988	264	6131	5100	2283911	251948054	0	0
7989	4786	7137	6956	2284506	252028606	4252139	586894646
7990	2862	6332	8145	2285493	252154631	0	0
7991	4447	6419	5649	2285937	252212220	2748440	324000586
7992	2087	3279	2740	2286494	252283626	2776161	328869160
7993	437	2173	2068	2286772	252317190	2795540	331630859
7994	1691	5416	11315	2287476	252402926	3560378	462584961
7995	1627	4224	4175	2288022	252478267	3598327	469816073
7996	5625	5966	7659	2288215	252504815	0	0
7997	2572	5349	7493	2288403	252532790	2634769	305831343
7998	3542	5215	6872	2288791	252596193	0	0
7999	4323	4336	7504	2289016	252627737	3771783	500268565
8000	4417	6955	2049	2289902	252767327	2452971	277657808
8001	30	3330	9376	2290620	252873358	2674390	312797608
8002	3205	6015	14871	2290925	252919279	0	0
8003	30	6820	4164	2291076	252947229	0	0
8004	1746	4026	1914	2291167	252965550	3557448	462100596
8005	963	5418	1987	2292095	253130793	2577265	296820686
8006	1878	7230	4203	2292174	253144160	0	0
8007	2621	5621	4926	2292605	253219019	2348624	261467304
8008	3269	6435	7093	2293553	253377735	0	0
8009	5935	6910	5806	2293651	253394486	2541974	291082980
8010	2751	5796	4030	2293701	253403229	0	0
8011	5245	6513	6847	2293834	253425325	2304793	255596216
8012	7362	7412	15113	2293970	253451378	3604307	470885048
8013	5186	7539	11951	2294324	253530846	0	0
8014	5475	6051	4163	2294659	253602000	0	0
8015	7284	7921	11801	2294688	253608623	0	0
8016	6303	7242	8779	2296466	253997633	0	0
8017	4382	7439	5263	2296471	253998689	3396816	433923791
8018	3530	4731	2887	2296651	254037368	0	0
8019	2233	4800	6065	2296663	254039464	2424798	273006089
8020	5606	7375	16862	2298433	254420844	3287893	415371796
8021	5362	7210	8090	2299223	254593695	4216451	580443929
8022	6743	7779	6877	2299899	254736027	0	0
8023	6139	7281	2924	2300577	254881138	3608812	471775814
8024	924	6844	10219	2303169	255327187	0	0
8025	1297	3714	4761	2303725	255420377	0	0
8026	3070	6719	7008	2304002	255464754	4307366	598512265
8027	664	5264	1447	2304087	255484386	2927258	353277186
8028	1285	5543	6612	2304354	255526382	0	0
8029	3025	5060	6137	2304496	255549645	0	0
8030	7883	8011	10602	2304793	255596216	0	0
8031	1583	1718	2077	2305293	255693161	3719061	490711889
8032	2237	2935	3020	2305850	255789887	3299910	417403496
8033	1154	2333	487	2306268	255865470	0	0
8034	183	3966	2373	2307416	256042478	4280558	592158330
8035	556	6646	5879	2308516	256189765	2830513	337481796
8036	2259	4311	1370	2308952	256247399	0	0
8037	1017	1792	1770	2309975	256370166	3557375	462089942
8038	383	4617	6224	2310586	256437904	0	0
8039	870	5478	7371	2310821	256471061	3311058	418913193
8040	1575	3961	4721	2310950	256486788	0	0
8041	5884	6175	9785	2311185	256521697	2885936	346150633
8042	164	647	455	2311502	256569368	3417587	437187186
8043	76	906	396	2311547	256574558	2525984	289053443
8044	1822	6215	4901	2311780	256605037	3366471	427866067
8045	2930	4201	3295	2312010	256637054	3981218	539139257
8046	495	1575	2077	2313166	256797946	0	0
8047	5361	6365	4105	2313471	256834996	2874091	344495456
8048	674	7351	1498	2313937	256894435	0	0
8049	2678	5220	4005	2315380	257063795	2406053	269936512
8050	5557	5780	2973	2315388	257064045	0	0
8051	3175	6929	7108	2315740	257107366	2388278	267151292
8052	61	3886	927	2315794	257112330	2707313	318218652
8053	2073	3323	3450	2315991	257139736	0	0
8054	1671	2387	4275	2316848	257239002	2338561	260062544
8055	5373	6981	14532	2317917	257349107	3001250	366109836
8056	5444	7267	5391	2318042	257365296	3840441	513277088
8057	3337	5888	6861	2318384	257408425	2778955	329239599
8058	6305	6438	12714	2319438	257546747	2587246	298580664
8059	5342	7198	4138	2319798	257598110	2608568	301868149
8060	992	6210	624	2320214	257654668	3552080	461361830
8061	1888	6503	13859	2320368	257675662	3121607	386098761
8062	7112	7637	7890	2320866	257753737	3447727	442792451
8063	3784	6615	1309	2321329	257831681	2663507	311071425
8064	5504	7761	7432	2323332	258121912	0	0
8065	175	1371	851	2323661	258162056	3495147	451270256
8066	800	2572	2471	2324098	258222874	2977165	361900629
8067	3632	5143	506	2324610	258288264	2411281	270784133
8068	2696	4235	2446	2324702	258300547	2504377	285600830
8069	2677	6240	5747	2324912	258326386	2711684	318900105
8070	2506	4531	1989	2325420	258390342	0	0
8071	4149	7903	5518	2325512	258401152	0	0
8072	899	2322	888	2325787	258435123	0	0
8073	135	1960	745	2325798	258436539	0	0
8074	2006	7790	3151	2326101	258478477	2613244	302461029
8075	1670	5444	3704	2326306	258504735	0	0
8076	2349	6655	4060	2326460	258525229	0	0
8077	729	3717	1915	2326544	258536935	2420126	272120297
8078	87	6887	2318	2326666	258556539	3379848	430333535
8079	3735	6218	4362	2328362	258777907	2504701	285650522
8080	650	1172	1117	2328436	258787538	4108411	562063371
8081	1053	6361	2947	2328492	258794056	0	0
8082	185	1041	557	2328642	258811114	2478355	281444642
8083	2696	5515	3545	2328761	258826502	0	0
8084	2074	7607	5014	2328889	258843526	2649187	308613455
8085	681	6530	7096	2329588	258938206	3612385	472461326
8086	604	5142	942	2330205	259014529	0	0
8087	329	1346	2529	2330930	259104148	0	0
8088	5087	7111	2552	2331420	259161593	2704812	317821563
8089	830	5948	6840	2331465	259165671	3719101	490716135
8090	2574	6797	5442	2331568	259179213	0	0
8091	1050	1454	2262	2331889	259220717	3744246	494828572
8092	1766	7058	3640	2332673	259313244	3831299	511561015
8093	726	4732	1887	2333044	259362158	0	0
8094	1477	6876	11025	2333240	259388097	3130686	387914640
8095	957	1841	935	2333581	259437318	4257590	587955355
8096	1452	5385	4613	2333614	259441955	0	0
8097	512	4070	4662	2334261	259529857	0	0
8098	70	6259	2293	2334917	259618313	0	0
8099	801	4195	5507	2336373	259793069	3615641	473072733
8100	514	3193	3287	2336386	259794376	0	0
8101	4189	5264	2824	2336531	259810835	0	0
8102	6030	6704	4590	2336649	259825331	0	0
8103	4055	4180	7311	2337736	259960517	0	0
8104	1551	4712	7047	2338159	260011273	3548822	460886879
8105	3122	5096	4500	2338375	260036549	2360518	263206361
8106	6664	8054	12401	2338561	260062544	4005493	543444044
8107	4521	5292	11741	2339590	260203434	0	0
8108	1675	4111	2148	2339594	260203776	4034117	548977388
8109	1210	3190	2187	2340004	260265819	0	0
8110	659	4209	3210	2340139	260285222	3593417	468825583
8111	410	3777	574	2341218	260439501	0	0
8112	1138	2859	1438	2341774	260507897	2649319	308644036
8113	844	6037	2183	2342176	260556946	0	0
8114	1341	6355	5171	2342262	260566958	0	0
8115	2043	3163	3112	2343198	260685085	3805840	506904709
8116	5054	6934	8961	2343236	260688881	2786046	330225636
8117	2829	7033	12639	2343470	260720796	2613244	302461029
8118	3945	6581	5040	2343709	260758160	2825206	336661835
8119	6559	6701	5781	2344124	260827184	2553050	292774046
8120	2642	5882	4188	2345290	261006198	0	0
8121	3867	4084	3759	2346088	261120138	0	0
8122	5512	5564	6738	2346372	261153458	3635726	476583646
8123	4002	7728	6326	2346491	261173060	2430380	274080625
8124	4078	5198	4583	2347549	261324536	3582924	466488069
8125	4032	5682	4709	2348503	261454898	3477361	448109411
8126	1483	8007	6306	2348624	261467304	0	0
8127	3557	7053	6950	2348858	261499542	0	0
8128	788	2435	1600	2349088	261528358	0	0
8129	1971	6607	4713	2349212	261544965	2545023	291498523
8130	1468	4549	2654	2349633	261601695	2982646	362757094
8131	2660	6465	7503	2350414	261703841	0	0
8132	1003	2883	2342	2351119	261803018	3256767	409994695
8133	3152	5275	5513	2351190	261812698	0	0
8134	995	7926	11035	2351324	261830686	3498826	451880237
8135	2804	5392	2690	2351343	261832918	0	0
8136	4598	7143	7783	2351848	261915399	3117049	385212888
8137	7649	7844	6163	2351928	261928001	2422591	272569729
8138	967	1588	1069	2352084	261956145	0	0
8139	2130	3015	4758	2352770	262071906	2959560	358453758
8140	3828	6563	6870	2352798	262076423	0	0
8141	1100	5077	4184	2353757	262241828	0	0
8142	674	4305	3298	2353871	262261722	0	0
8143	138	2010	531	2355127	262457445	0	0
8144	1145	2146	1430	2355296	262479341	0	0
8145	3508	4628	1951	2355344	262486174	0	0
8146	260	1847	1357	2356111	262590058	0	0
8147	3981	5673	3034	2357040	262705995	2420358	272157007
8148	5329	5611	3297	2357249	262732206	3659308	480933216
8149	2374	7317	2232	2357620	262776827	0	0
8150	1881	4055	7076	2357651	262781833	0	0
8151	4396	5156	4500	2358021	262834770	3590460	468213631
8152	4137	6618	8994	2358292	262870591	3320585	420239551
8153	1207	3474	1486	2358325	262874982	3084543	379706005
8154	4230	5773	3048	2359006	262969076	0	0
8155	2841	3308	6614	2359186	262990567	0	0
8156	2534	7574	2828	2359266	263002044	0	0
8157	5205	6538	7124	2359496	263039167	0	0
8158	4257	6504	5148	2359622	263057698	0	0
8159	2201	7446	4346	2360198	263149779	2536171	290299442
8160	3172	8105	7543	2360518	263206361	0	0
8161	660	688	1694	2360879	263264831	0	0
8162	356	4988	2013	2361070	263295151	2789871	330755291
8163	3986	4038	5872	2362179	263459457	0	0
8164	6836	7732	6196	2363473	263633426	0	0
8165	6204	7010	5178	2363481	263634097	2987997	363557505
8166	4556	5362	7600	2363720	263674026	3531188	457843629
8167	551	2138	1351	2364397	263774349	0	0
8168	1019	6547	5073	2364485	263787520	0	0
8169	238	3716	2517	2364518	263791644	2402892	269461824
8170	3356	5826	6688	2364541	263795872	4047576	551097383
8171	471	6736	2796	2364667	263816585	0	0
8172	1996	3915	3882	2364888	263852101	0	0
8173	2502	7650	6101	2365859	264013230	0	0
8174	3901	7623	7830	2366404	264093340	2375216	265222190
8175	3309	7909	5560	2366876	264163409	4291313	594377904
8176	793	5721	4240	2367291	264230653	0	0
8177	1271	5771	831	2368580	264419047	2486490	282893609
8178	2241	5783	4703	2369448	264531743	2624610	304217701
8179	1158	3633	5892	2370430	264652903	0	0
8180	0	4123	1384	2370826	264700836	3741652	494348975
8181	2948	6911	3844	2371750	264804137	3356931	426255707
8182	3541	6038	5467	2372654	264902226	0	0
8183	4289	4736	12437	2372949	264933452	2946308	356086783
8184	2406	4202	2168	2373027	264943045	0	0
8185	3779	7284	6411	2373325	264982217	2403011	269481017
8186	2549	5306	2802	2374479	265133235	0	0
8187	625	2983	2537	2374793	265169143	0	0
8188	1791	6273	1503	2375077	265205197	2429097	273871613
8189	3959	8174	9139	2375216	265222190	0	0
8190	810	4110	6332	2375791	265297905	0	0
8191	2203	3874	2623	2376302	265366009	2436551	274973966
8192	1406	1725	1185	2377021	265455162	3511252	453957763
8193	102	6310	3951	2377041	265458643	3477707	448183521
8194	4972	7345	13949	2377189	265475743	0	0
8195	4596	6705	12053	2379142	265738503	0	0
8196	80	1174	514	2379253	265755270	0	0
8197	6816	7172	11569	2379500	265787769	0	0
8198	1457	3672	3316	2379771	265830022	2846893	340114267
8199	4140	5784	4023	2379776	265830443	0	0
8200	2307	7193	13471	2381154	266039963	3161564	393599894
8201	1804	4922	4265	2381525	266100833	0	0
8202	3926	4481	3269	2381730	266135700	0	0
8203	2216	3265	5227	2381849	266153948	3385346	431549889
8204	3183	4073	3422	2382217	266212671	0	0
8205	4101	4636	5339	2382556	266267421	2821168	335978168
8206	5421	5814	4294	2383188	266370579	2838848	338863282
8207	766	6182	7659	2383675	266445582	0	0
8208	950	1480	544	2383747	266456490	2478249	281425970
8209	4668	6858	6595	2384536	266582964	0	0
8210	636	6869	2364	2384852	266635090	0	0
8211	1385	5096	5586	2384927	266645335	2441830	275742680
8212	1442	2994	1041	2384955	266649064	3343069	423776512
8213	2702	6163	3690	2385634	266750281	4138266	566643607
8214	2160	3010	263	2386206	266836109	0	0
8215	3499	4561	5888	2386327	266852212	0	0
8216	152	5473	6141	2386425	266866485	2854709	341325548
8217	1588	6296	2029	2387512	267037116	0	0
8218	2145	5485	3030	2387777	267074098	2624610	304217701
8219	3083	6598	3253	2388065	267118798	0	0
8220	6742	7135	5425	2388074	267120277	3148281	391536286
8221	6182	8051	14092	2388278	267151292	3016214	368835813
8222	2222	7145	6044	2388519	267193057	0	0
8223	888	4177	2285	2388805	267246498	2665833	311416501
8224	1045	2876	1957	2390186	267477781	3286389	415129969
8225	5047	7763	5815	2390374	267508681	0	0
8226	279	4029	562	2391022	267611167	0	0
8227	5200	5937	7792	2391060	267617812	0	0
8228	2670	7756	6191	2391389	267668990	0	0
8229	431	5997	2383	2391600	267700705	0	0
8230	2210	3454	6351	2391983	267761360	3673361	483436362
8231	841	5001	2387	2392208	267801627	3108539	383748090
8232	7362	7448	6472	2393527	268005242	0	0
8233	3738	6132	6856	2393582	268014277	0	0
8234	940	7113	6699	2393750	268042001	0	0
8235	2087	6798	2400	2394231	268126709	3385346	431549889
8236	5435	6926	4950	2394504	268168833	2768500	327716748
8237	875	7470	6294	2395304	268293295	2770954	328110344
8238	4489	7859	4423	2395802	268375122	0	0
8239	2561	5281	4243	2396659	268508961	0	0
8240	2959	3571	12126	2396742	268521649	2639549	306718392
8241	3773	7285	10679	2397345	268617204	3134104	388622609
8242	2855	3442	3372	2397988	268729515	3543273	460057260
8243	5766	6586	10758	2398775	268857536	2424143	272866283
8244	2491	3978	5255	2399511	268972199	0	0
8245	4306	7372	2712	2400173	269071912	2454688	277877884
8246	2932	5023	2957	2400450	269112281	0	0
8247	3807	7870	10647	2401138	269206544	0	0
8248	2665	7111	1746	2401351	269239495	0	0
8249	1620	5448	1468	2401967	269333173	0	0
8250	2184	5502	13006	2402746	269440616	2559222	293703556
8251	2140	8169	3522	2402892	269461824	0	0
8252	1687	8185	7776	2403011	269481017	0	0
8253	60	6968	5402	2403981	269640448	0	0
8254	526	7627	1644	2404754	269755143	3631322	475810033
8255	898	2980	1749	2404898	269773837	4000203	542481709
8256	984	3887	3088	2405634	269880533	3810434	507708599
8257	253	8049	4190	2406053	269936512	0	0
8258	1294	3368	412	2406560	270003397	0	0
8259	3415	4031	4398	2406584	270007444	0	0
8260	592	2691	3788	2406897	270053192	0	0
8261	2782	3826	10895	2406959	270061548	0	0
8262	359	5198	1736	2407198	270101413	0	0
8263	4603	7651	19258	2407462	270143625	0	0
8264	621	2929	1188	2407556	270161169	0	0
8265	1837	4687	6192	2408576	270351520	3452508	443711558
8266	390	906	676	2409346	270479931	4065621	554593245
8267	650	2065	3355	2409740	270544233	0	0
8268	690	3745	2509	2410351	270637220	2747104	323789205
8269	1687	5644	10641	2410594	270674435	2703556	317610441
8270	3530	4575	6166	2410987	270733697	3882690	521699892
8271	5460	8067	3235	2411281	270784133	2529005	289412279
8272	3240	5952	4957	2411345	270796194	0	0
8273	3986	4898	3257	2411965	270906698	2964875	359495590
8274	3215	5271	5931	2412842	271046394	2801894	332518187
8275	4052	5647	5456	2414188	271241945	3077421	378619301
8276	1985	4962	2528	2414248	271251242	0	0
8277	103	7528	5218	2414327	271262814	3063704	376510665
8278	3135	4211	7408	2415051	271373847	3809676	507578606
8279	2482	5785	5436	2415053	271374135	0	0
8280	2360	3674	1922	2415248	271405560	4083638	557857838
8281	1147	2271	1768	2416357	271563213	0	0
8282	5496	7285	10880	2416416	271570182	0	0
8283	2302	4241	4258	2416470	271578085	2927333	353290587
8284	1103	3445	1122	2417381	271711349	0	0
8285	3326	3576	3426	2418009	271802627	3947274	532864592
8286	6634	7264	11803	2418237	271830794	0	0
8287	1149	6864	5727	2418436	271858629	0	0
8288	1282	5857	8383	2418758	271905403	0	0
8289	206	7791	1666	2418898	271925384	2563902	294474678
8290	5140	8077	11562	2420126	272120297	2799802	332219152
8291	908	1312	1385	2420314	272149134	0	0
8292	5845	8147	11741	2420358	272157007	2614801	302687243
8293	5257	7193	12917	2420569	272192902	3821056	509803856
8294	975	2398	1025	2421230	272324954	2595751	300016682
8295	1748	5078	4810	2421740	272416409	0	0
8296	4337	4364	4459	2421990	272460238	0	0
8297	2607	8137	7236	2422591	272569729	2821797	336080254
8298	3705	7289	13475	2423031	272654604	2885292	346021524
8299	497	1783	677	2423717	272784688	4199155	576916204
8300	4711	6195	9299	2423886	272818919	0	0
8301	6513	6586	9081	2424140	272866045	0	0
8302	4493	8243	12986	2424143	272866283	0	0
8303	619	8019	6443	2424798	273006089	2447161	276708410
8304	3049	6554	4746	2425523	273170039	2441778	275734032
8305	3903	6906	14809	2426506	273370079	3773051	500510162
8306	3775	4321	5545	2427322	273551944	0	0
8307	3025	5222	3997	2428674	273804426	2649319	308644036
8308	828	8188	2531	2429097	273871613	0	0
8309	1511	3672	3633	2429469	273935091	3624385	474523790
8310	2228	6869	2660	2429875	274002149	2927940	353397742
8311	1081	8123	6872	2430380	274080625	0	0
8312	3438	5415	8241	2430442	274090519	0	0
8313	1472	2299	1823	2431870	274332675	2606353	301541702
8314	2872	6969	2633	2432110	274367311	0	0
8315	4679	7468	5371	2433669	274590682	0	0
8316	169	760	755	2433672	274590993	0	0
8317	2023	4040	4753	2433777	274607950	0	0
8318	792	4973	3454	2435045	274770125	0	0
8319	1521	5259	5932	2435426	274814108	3555767	461861898
8320	7063	7074	4653	2435816	274871307	2724095	320596687
8321	115	7080	3777	2436081	274911669	4118343	563616817
8322	1531	2231	4052	2436127	274917581	0	0
8323	2381	2448	3292	2436299	274941539	0	0
8324	7004	8191	6160	2436551	274973966	2891407	347293293
8325	5209	6652	5246	2437080	275048950	4365099	610321078
8326	4596	6973	9839	2437662	275124126	3162265	393701788
8327	3429	6275	2765	2438472	275247831	0	0
8328	722	5790	3611	2438934	275317530	4420675	619641475
8329	6033	7144	1778	2439378	275383603	0	0
8330	1444	1544	2122	2439576	275406118	0	0
8331	2974	4674	4022	2439768	275430360	0	0
8332	353	5435	3128	2439779	275431602	0	0
8333	4156	5649	10075	2439913	275451456	3987599	540365976
8334	5202	6254	3928	2440864	275605556	3429852	439342548
8335	1479	6076	5722	2441671	275719826	2649180	308610920
8336	7129	8304	7402	2441778	275734032	0	0
8337	4452	8211	6984	2441830	275742680	4225820	582140347
8338	3040	6943	10057	2442370	275833433	2813123	334549378
8339	3355	4868	2711	2442725	275893915	0	0
8340	156	4558	2233	2442919	275930694	2563748	294448645
8341	2021	5470	6162	2442960	275937478	2924833	352927625
8342	3237	3433	3957	2442977	275941292	3761481	498226474
8343	143	761	1299	2443283	275992726	2651014	309001789
8344	1628	7295	7274	2443532	276037159	2969275	360310236
8345	6269	6844	12114	2444052	276126504	3779557	502060059
8346	5011	7198	6645	2444269	276167372	2821942	336104327
8347	2020	7500	2795	2445331	276365631	0	0
8348	6474	6914	16964	2445408	276377484	3534336	458522996
8349	1924	2391	418	2446959	276669509	0	0
8350	3282	8303	7392	2447161	276708410	0	0
8351	3042	3570	3549	2447233	276721541	2758450	325724554
8352	2621	5937	5515	2448099	276881592	3935112	530689713
8353	2992	3623	4467	2449029	277035009	0	0
8354	4988	7033	9870	2449124	277048039	2668222	311728701
8355	4051	7789	5352	2449232	277069003	0	0
8356	355	6610	473	2450294	277255421	0	0
8357	3335	6111	5976	2450864	277348596	0	0
8358	3397	3907	6148	2451425	277433596	0	0
8359	773	1724	2510	2451429	277433907	0	0
8360	1736	8000	3163	2452971	277657808	0	0
8361	980	5432	2145	2453096	277674988	0	0
8362	468	8245	2915	2454688	277877884	2869582	343820247
8363	5233	5710	4372	2455218	277939298	0	0
8364	2328	2960	1453	2455381	277959440	0	0
8365	4033	6321	4418	2455919	278021325	0	0
8366	4631	6997	5082	2456092	278043164	2658729	310307924
8367	709	5255	3582	2456522	278099171	3584791	466841833
8368	550	2490	499	2456787	278129773	2515666	287516507
8369	5297	5625	3673	2457135	278171031	0	0
8370	4921	7541	7735	2457235	278182447	2604635	301287912
8371	1664	3765	4495	2457923	278262932	3181974	396829827
8372	3515	7957	6807	2457999	278272631	2587574	298649013
8373	1429	2524	2632	2458417	278330517	2878951	345150932
8374	3955	5758	7134	2458671	278364895	4247521	586139795
8375	2952	5607	7987	2458732	278374077	0	0
8376	3695	7106	4973	2458836	278388766	0	0
8377	1283	1318	1436	2460053	278567059	2738700	322699538
8378	4432	4903	3929	2460355	278608576	0	0
8379	1039	2606	788	2460928	278684737	3347556	424440952
8380	3053	3859	9078	2461007	278695055	0	0
8381	3214	5474	11745	2461757	278793968	2671478	312216915
8382	1482	5490	7385	2462001	278830221	2798639	332071263
8383	6749	7547	10417	2462009	278831266	0	0
8384	6053	7607	7938	2462614	278930689	3037395	372234485
8385	1635	5935	2225	2462634	278934595	2475360	280912717
8386	2508	6803	3815	2463707	279104754	0	0
8387	893	5092	5003	2463910	279136785	0	0
8388	1756	1803	1539	2464327	279204344	0	0
8389	6336	6986	8377	2464518	279232522	0	0
8390	80	3153	1581	2464533	279235494	3377587	429992142
8391	3903	4636	3034	2465204	279340931	0	0
8392	2206	5407	4568	2465696	279416826	0	0
8393	2924	5003	10199	2465739	279423517	3665410	481908193
8394	5678	7953	10653	2465842	279441503	3432311	439811155
8395	1380	5436	3163	2466765	279612758	2695012	316165432
8396	669	1990	723	2467730	279772708	3235655	406037545
8397	6229	7318	6468	2467950	279804801	4315251	600323173
8398	2021	2929	3352	2468570	279902991	2834643	338137242
8399	1335	7867	3747	2469445	280028476	0	0
8400	2287	5374	1907	2469454	280029485	3678548	484364557
8401	2198	6422	3397	2469659	280059147	0	0
8402	1177	4588	4925	2469846	280088214	0	0
8403	2894	7940	10023	2471267	280299712	0	0
8404	1812	4700	3847	2471298	280303501	0	0
8405	4404	7494	6696	2471306	280304111	3221762	403498846
8406	2689	6002	3224	2472607	280508443	0	0
8407	3875	4138	7024	2472771	280532434	0	0
8408	2934	3692	8461	2474097	280732932	0	0
8409	218	5713	4557	2474852	280839369	2584616	298123773
8410	2945	6561	8218	2475095	280870948	0	0
8411	3755	3982	4931	2475317	280905828	0	0
8412	149	8385	2340	2475360	280912717	0	0
8413	3471	7119	4499	2475745	280974375	0	0
8414	1542	7441	4306	2475789	280980649	0	0
8415	2660	7037	17577	2475994	281013117	2497856	284492954
8416	2824	6530	8587	2476758	281148991	0	0
8417	1925	2391	1099	2476989	281189708	2500165	284866915
8418	3011	7221	3470	2477122	281215203	4069771	555467480
8419	3088	6504	5669	2477482	281286238	0	0
8420	7436	8208	8508	2478249	281425970	0	0
8421	5644	8082	9833	2478355	281444642	4209126	579022307
8422	4003	7023	7474	2478557	281483902	0	0
8423	5196	5562	2773	2479150	281599581	2626718	304554996
8424	3904	5435	5262	2479849	281737100	2691873	315740312
8425	1256	3054	2398	2479917	281749623	0	0
8426	6548	6987	15383	2480579	281872269	2993114	364522317
8427	62	5211	7224	2481569	282072986	4338473	604581169
8428	3243	7004	6944	2481707	282101263	0	0
8429	210	1470	901	2482759	282297806	2565362	294751737
8430	2958	6979	5157	2482865	282320675	0	0
8431	970	3489	1977	2482893	282324429	2547717	291917734
8432	1348	6480	3800	2483683	282454631	0	0
8433	274	5468	2218	2484645	282609378	0	0
8434	4696	5747	6274	2485089	282677846	3113178	384534020
8435	2634	3655	3100	2485181	282691159	0	0
8436	899	3432	1534	2485349	282716050	0	0
8437	5928	6311	4813	2485999	282818118	3944886	532509664
8438	5688	7431	3912	2486447	282887235	3147395	391372258
8439	1949	8177	1935	2486490	282893609	2841578	339307350
8440	1081	2910	7343	2486523	282899097	0	0
8441	3922	4559	984	2487654	283080541	0	0
8442	1842	3309	4206	2487974	283127768	0	0
8443	2122	4880	5516	2489008	283281267	0	0
8444	1035	7289	8875	2489260	283313826	3380944	430518633
8445	2590	5623	7590	2489529	283354420	2695562	316260770
8446	6896	7072	4443	2491558	283636902	2987280	363431550
8447	5979	6673	11356	2491702	283659513	2676182	313196893
8448	5093	7240	11429	2492731	283803394	0	0
8449	2757	4864	4462	2493812	283953033	2511806	286854768
8450	3507	3664	3226	2494725	284068805	2530689	289618125
8451	7277	7656	7091	2495586	284169233	0	0
8452	6047	6889	14485	2495717	284185876	0	0
8453	5761	6465	9167	2496389	284282322	3589943	468092232
8454	1254	5622	2470	2496716	284328516	0	0
8455	52	1965	936	2497611	284460414	2770283	328004610
8456	2588	8415	18981	2497856	284492954	4342777	605592923
8457	2047	3703	5871	2498324	284574774	2536867	290396726
8458	655	7479	813	2498899	284667959	3296911	416929606
8459	887	5807	6440	2499708	284795601	4049486	551446417
8460	1737	6528	5638	2500021	284843587	2751268	324510788
8461	2728	4602	6200	2500158	284866372	4233908	583470094
8462	6005	8417	3263	2500165	284866915	0	0
8463	1151	7103	5344	2500644	284943607	2707924	318316404
8464	5108	5448	5230	2500852	284980821	4127256	564767051
8465	4585	6807	5340	2500952	284995464	2643715	307549514
8466	2024	6955	939	2501136	285023484	3666344	482089623
8467	3310	4786	6088	2501436	285076432	4052170	551959691
8468	4336	7753	3876	2501676	285121229	3143944	390710400
8469	7266	7344	12914	2501977	285174784	2946156	356058544
8470	4456	6652	6981	2502410	285256521	2792787	331171373
8471	3741	6054	4978	2502515	285273287	2758487	325731091
8472	909	1558	1588	2504078	285547887	0	0
8473	375	8068	2652	2504377	285600830	2740578	322958305
8474	6109	8079	7777	2504701	285650522	0	0
8475	2107	4634	5429	2505316	285755282	2506227	285909332
8476	1672	4826	3665	2505389	285767811	3117732	385366546
8477	2823	3496	2603	2505433	285773932	0	0
8478	4478	6866	8883	2505747	285825173	3100036	382379227
8479	256	8475	5522	2506227	285909332	2587246	298580664
8480	3970	7251	10917	2506826	286011498	3526019	456891200
8481	818	3457	2028	2506857	286017321	0	0
8482	1015	5200	4080	2506927	286030535	3584066	466687090
8483	1469	7814	7619	2507709	286168291	2721568	320290983
8484	1783	2563	974	2508415	286296808	0	0
8485	3385	6302	11021	2509633	286495620	0	0
8486	894	3339	3401	2510241	286598032	0	0
8487	3091	3188	7307	2510428	286630642	0	0
8488	4050	7203	5927	2510529	286648242	3509056	453607156
8489	737	2809	1743	2510796	286693766	0	0
8490	2422	4422	2753	2510960	286723780	2993880	364677508
8491	6521	6639	4213	2511438	286800333	3021312	369586536
8492	46	179	117	2511630	286828660	0	0
8493	6847	8449	5157	2511806	286854768	0	0
8494	1552	5221	9282	2511894	286869877	3088941	380431510
8495	1695	6907	5744	2513455	287135222	0	0
8496	679	2550	2121	2513490	287140309	0	0
8497	2115	6424	9260	2514168	287239412	2668222	311728701
8498	1010	1104	1078	2514223	287251176	0	0
8499	7587	7609	8682	2514485	287296131	3793499	504824522
8500	7047	7492	5458	2514622	287319374	2828257	337108444
8501	2890	5664	2752	2514854	287359413	3951848	533584709
8502	3416	7207	7352	2515282	287441938	0	0
8503	202	5952	3187	2515454	287474510	0	0
8504	2272	4451	3370	2515559	287495055	3125508	386907872
8505	2345	8368	2001	2515666	287516507	0	0
8506	2266	7176	3757	2515875	287551794	0	0
8507	4501	5702	10647	2516125	287597348	0	0
8508	4375	7342	5180	2516772	287726171	0	0
8509	1229	3226	904	2517884	287941610	3510133	453781939
8510	1181	4226	1588	2518728	288082744	3234248	405789608
8511	280	2340	601	2519398	288183931	0	0
8512	2146	6384	2034	2519659	288221153	0	0
8513	7830	7921	9065	2519924	288259504	0	0
8514	1330	3493	3839	2521308	288466853	4135194	566057148
8515	796	6443	1157	2522459	288617735	4402936	616512472
8516	2601	3620	4719	2522629	288637666	2948438	356518028
8517	3285	6080	8354	2523434	288736078	0	0
8518	1937	2614	2433	2523439	288736444	2679843	313978573
8519	1654	3318	2964	2523810	288786622	0	0
8520	868	4091	1691	2524247	288842971	0	0
8521	3286	4917	7510	2524437	288866634	3279254	413766236
8522	1944	2563	1773	2524488	288875620	0	0
8523	7109	8043	11318	2525984	289053443	0	0
8524	144	6933	5423	2526713	289142983	0	0
8525	679	3777	1092	2528450	289349350	0	0
8526	1699	5475	3688	2528953	289405593	2711470	318868316
8527	514	8271	3465	2529005	289412279	0	0
8528	4070	5129	4621	2529379	289456894	0	0
8529	4086	6653	4382	2529434	289463986	0	0
8530	3380	7519	5871	2529576	289479557	0	0
8531	1828	4042	8087	2529599	289481643	0	0
8532	724	819	1250	2530089	289545978	2959156	358373379
8533	4276	4674	2500	2530271	289570125	3871675	519389284
8534	2193	8450	4903	2530689	289618125	2944455	355792287
8535	906	4452	1723	2531092	289674489	4437288	623458514
8536	223	3899	2257	2531616	289742151	3271270	412451205
8537	2205	3690	769	2531887	289775431	2931189	354007845
8538	857	7963	5235	2532463	289840976	0	0
8539	4697	4928	4075	2532590	289856036	2903684	349712781
8540	3457	7748	3037	2532900	289892055	3349462	424800451
8541	4742	5499	5721	2533503	289962236	3990139	540874511
8542	1436	3445	2935	2533729	289992558	0	0
8543	300	7942	2166	2534269	290059357	0	0
8544	6087	6787	2524	2534462	290082970	3471176	446944856
8545	612	6814	4053	2534657	290108537	0	0
8546	2373	4339	5529	2535057	290153841	2751268	324510788
8547	2886	5979	11061	2535968	290271045	3381191	430567759
8548	2527	8159	5162	2536171	290299442	0	0
8549	5291	5835	3566	2536340	290321497	3069926	377523368
8550	6895	7139	6324	2536497	290343044	3522218	456266601
8551	1342	8457	6526	2536867	290396726	3643835	478194378
8552	417	3937	4411	2538498	290631908	3041483	373043783
8553	3847	5935	2753	2538658	290652580	0	0
8554	1071	3104	2772	2539017	290700618	3727777	492048840
8555	1247	5054	4348	2539311	290742137	0	0
8556	3006	3061	747	2540173	290853487	3623078	474301440
8557	3715	4445	8863	2540294	290868349	0	0
8558	838	2090	3257	2541737	291056374	0	0
8559	1815	8009	6854	2541974	291082980	2944061	355734286
8560	7395	8049	10889	2542604	291163207	0	0
8561	2625	7841	4801	2542946	291210513	2754840	325110236
8562	5862	5983	4137	2543618	291298471	3337823	422896384
8563	419	4609	5327	2543662	291306389	4307366	598512265
8564	5341	7843	6714	2544004	291358144	0	0
8565	3095	6517	3886	2544388	291408843	3300774	417529404
8566	916	2656	3252	2544873	291475210	3668651	482585370
8567	4199	8129	7667	2545023	291498523	2561916	294129054
8568	1445	2036	4179	2545217	291528779	0	0
8569	2322	4774	1408	2545324	291545201	0	0
8570	6436	7445	7991	2546376	291698083	0	0
8571	1106	7829	4194	2546632	291740498	3204416	400310894
8572	2789	7475	7579	2546688	291748678	3888764	522763032
8573	143	2385	3274	2547105	291817282	4063381	554122044
8574	1187	4799	2353	2547339	291858329	2771497	328207048
8575	4337	8431	4172	2547717	291917734	0	0
8576	1965	7858	4422	2548045	291971241	2870405	343938303
8577	2276	4675	3624	2548251	292004183	3910507	526428715
8578	81	4872	867	2548501	292045193	0	0
8579	3076	4747	3948	2549307	292168004	3469300	446594592
8580	3727	6793	6485	2549350	292175181	2582621	297743648
8581	4760	7663	15992	2549776	292241642	3191135	398070586
8582	555	1199	505	2549934	292268884	2860267	342250259
8583	1415	3684	3845	2550368	292341568	3348556	424620383
8584	623	3274	772	2550613	292388998	2877409	344943459
8585	3948	6165	4679	2550987	292449883	0	0
8586	3406	5757	11933	2552306	292659057	3004343	366696155
8587	50	1946	1458	2552347	292668639	0	0
8588	361	5592	951	2552405	292676131	3719189	490727339
8589	4409	8119	7303	2553050	292774046	0	0
8590	538	3560	1389	2553446	292836685	4279268	591912415
8591	4049	5194	2726	2553681	292871175	0	0
8592	907	7035	4690	2554047	292931428	2851602	340852082
8593	5672	7564	5254	2555943	293218255	0	0
8594	1666	2103	4087	2556115	293244091	0	0
8595	3766	6243	6390	2556859	293347170	2571871	295960442
8596	20	1150	185	2557144	293390065	2805292	333105689
8597	2678	6553	2336	2557163	293391783	2799693	332205872
8598	2350	4648	6801	2557300	293413403	0	0
8599	3658	4794	5281	2557316	293416437	0	0
8600	968	5612	8340	2557517	293448167	0	0
8601	630	4695	3055	2557818	293500444	2675532	313057130
8602	323	1410	562	2558045	293533725	0	0
8603	463	730	578	2559129	293690569	0	0
8604	2028	8250	13625	2559222	293703556	3755755	497085308
8605	6986	7515	10000	2559807	293800791	0	0
8606	2873	5341	4843	2560647	293934446	3235509	406009878
8607	4890	8567	11595	2561916	294129054	2754840	325110236
8608	6831	6835	4165	2561920	294129822	3312974	419168167
8609	606	4329	1112	2561991	294140985	0	0
8610	5836	6019	17243	2562852	294280303	0	0
8611	1937	5777	6417	2563036	294315762	0	0
8612	1926	4367	1453	2563329	294366848	0	0
8613	4672	6116	5239	2563397	294381397	2755082	325152967
8614	6740	8340	4013	2563748	294448645	3811412	507889707
8615	2032	8289	2193	2563902	294474678	3359003	426609919
8616	5108	7297	8274	2564265	294542845	4201894	577481784
8617	4483	6925	9528	2564651	294613519	3422696	438077030
8618	4411	5731	6538	2564994	294682895	0	0
8619	3706	8429	4173	2565362	294751737	0	0
8620	2696	7921	6591	2565389	294756145	0	0
8621	1377	4672	3252	2566652	294998019	2841578	339307350
8622	6908	7975	10970	2567158	295088202	4255558	587521088
8623	4736	5751	7839	2567170	295091553	0	0
8624	2688	7097	1410	2567260	295108754	0	0
8625	3519	6216	13182	2567730	295204773	2606799	301608072
8626	1807	5464	4867	2567981	295258775	0	0
8627	6058	7371	6054	2568451	295351216	3235655	406037545
8628	992	4895	1794	2569691	295596487	0	0
8629	120	4103	873	2570130	295676456	0	0
8630	5982	7120	7025	2570963	295813177	3686870	485815958
8631	3004	4104	2702	2571368	295877469	2889970	347017618
8632	4636	7397	4004	2571553	295909232	2892472	347524312
8633	7803	8595	8131	2571871	295960442	0	0
8634	2170	4716	2626	2572333	296038343	0	0
8635	4226	7400	1715	2573180	296191355	0	0
8636	1854	5185	2940	2573416	296227045	0	0
8637	3684	3911	4505	2573578	296249368	3353622	425606021
8638	3301	4373	6330	2573744	296274633	3035380	371837172
8639	751	6157	3195	2574653	296414446	3981703	539230569
8640	5987	6502	9948	2575039	296467586	0	0
8641	3820	3919	5833	2575956	296613184	0	0
8642	4798	5463	4701	2576672	296722778	0	0
8643	2894	3265	7547	2576689	296725636	3086859	380083364
8644	4186	6688	11939	2577142	296799051	0	0
8645	3484	8005	7872	2577265	296820686	0	0
8646	790	6198	3596	2578314	297000121	0	0
8647	3822	4971	6327	2578552	297043417	3759230	497788756
8648	1884	7068	5179	2579886	297275475	3156484	392911899
8649	2495	6040	4050	2580144	297318221	3174371	395710019
8650	234	1716	1234	2580399	297361556	0	0
8651	2073	4116	4677	2580981	297450609	0	0
8652	1059	5072	1647	2581332	297504427	0	0
8653	1793	6463	13557	2581592	297545631	3513077	454245524
8654	3158	3280	4583	2581603	297546321	2916801	351782508
8655	6354	6642	10973	2581777	297581242	0	0
8656	3782	7148	10731	2582464	297714431	0	0
8657	530	8580	6729	2582621	297743648	0	0
8658	281	917	927	2583206	297866642	0	0
8659	1612	8409	4997	2584616	298123773	3058707	375647433
8660	6281	7154	8557	2585624	298302194	3392751	433120605
8661	330	984	1497	2586655	298473957	3337658	422866278
8662	179	6786	3184	2586712	298485775	0	0
8663	105	5847	3702	2586978	298530266	0	0
8664	8058	8479	18236	2587246	298580664	4029659	548157649
8665	4632	8372	8581	2587574	298649013	0	0
8666	178	6254	2032	2588048	298743624	3328650	421421620
8667	1329	3766	1492	2588241	298782370	2695866	316313029
8668	1632	3706	4116	2588876	298905638	0	0
8669	240	5524	1821	2589484	299011988	3803657	506537303
8670	2543	2727	3299	2589812	299076454	3400092	434576714
8671	2543	2866	4291	2589812	299076454	0	0
8672	2727	2866	3562	2589812	299076454	0	0
8673	991	3219	2330	2589842	299082427	0	0
8674	550	4159	1129	2589994	299109975	0	0
8675	4052	7220	5324	2590012	299112405	3179140	396360919
8676	88	391	391	2590221	299152423	0	0
8677	2515	7910	4393	2590439	299193095	0	0
8678	2038	2140	2617	2590555	299213789	0	0
8679	271	7802	4157	2592494	299559825	0	0
8680	5488	8294	2420	2595751	300016682	4451580	626276226
8681	3413	7683	7205	2596210	300072308	3921656	528235398
8682	2119	6057	2048	2597455	300217301	3152313	392294165
8683	1202	7027	6864	2598036	300280027	4404841	616824433
8684	5972	6117	9546	2598850	300365052	2810657	334037276
8685	2439	7085	7975	2598877	300368059	0	0
8686	2130	7158	8245	2599295	300426183	0	0
8687	4352	5133	12748	2599352	300432844	3380604	430456325
8688	2009	3335	1970	2599879	300515628	0	0
8689	816	1807	1045	2599895	300517181	2783474	329896073
8690	3637	7761	3923	2600107	300550077	0	0
8691	6466	7596	7482	2600440	300603088	0	0
8692	7026	7357	2868	2601082	300699110	3779507	502047799
8693	6475	7467	10125	2601125	300706712	3885830	522228260
8694	2498	5450	6323	2601522	300774630	0	0
8695	5317	5383	7866	2602490	300937661	2879962	345268748
8696	4199	6229	6691	2603227	301062614	0	0
8697	7322	7742	9844	2603446	301097778	3240305	406923235
8698	887	8370	8905	2604635	301287912	2711470	318868316
8699	4066	5811	1687	2605092	301357344	0	0
8700	4016	8313	5887	2606353	301541702	0	0
8701	373	8625	13268	2606799	301608072	2985174	363085032
8702	383	4801	422	2607644	301742583	3316710	419724503
8703	763	5586	964	2607753	301756965	2925790	353056522
8704	4909	8059	5615	2608568	301868149	4455919	627085905
8705	2784	8368	3934	2609180	301956319	0	0
8706	1460	1968	1395	2609507	301998817	0	0
8707	1440	4085	1978	2610143	302085528	4194796	576139505
8708	1116	4314	3334	2610403	302121116	0	0
8709	1593	5339	5968	2611007	302199715	0	0
8710	1335	2828	4315	2613025	302439974	0	0
8711	8074	8117	15790	2613244	302461029	3578247	465627554
8712	937	976	1821	2613312	302470191	3182468	396914624
8713	287	1685	1978	2613446	302488694	0	0
8714	4763	7938	3737	2614129	302589328	2643903	307583794
8715	4486	4640	5220	2614286	302611302	0	0
8716	8292	8304	16487	2614801	302687243	4341048	605126331
8717	4013	5868	5225	2615300	302757639	4126091	564613084
8718	5100	5747	9223	2615713	302817634	0	0
8719	253	5704	2689	2615896	302845528	0	0
8720	1171	7689	4953	2616091	302876262	0	0
8721	1557	6545	14147	2616515	302947652	0	0
8722	185	2748	2364	2616890	303015097	3443254	441962431
8723	367	5321	3498	2617902	303187731	0	0
8724	2780	6273	2662	2618207	303242904	2940051	355229226
8725	4479	7343	10046	2619232	303402334	0	0
8726	5965	6191	10331	2619335	303419836	3458687	444799419
8727	6175	6244	7944	2619799	303500019	3467885	446340186
8728	5908	6895	4101	2620556	303618023	0	0
8729	797	4648	6406	2620755	303652471	3850287	515151221
8730	1240	6080	6526	2621471	303768865	0	0
8731	3684	5638	3401	2622331	303904117	0	0
8732	3549	5967	6513	2622476	303929301	0	0
8733	2657	3023	1879	2623054	304007802	3165298	394281163
8734	2029	5935	1463	2623600	304084554	0	0
8735	4395	7351	1560	2623703	304096781	3079093	378861960
8736	258	4482	1357	2624085	304152104	3506336	453159985
8737	8178	8218	7733	2624610	304217701	3300774	417529404
8738	2082	6228	6227	2624615	304217990	0	0
8739	4836	7626	13081	2624915	304261478	0	0
8740	3657	6166	7913	2625004	304277177	0	0
8741	735	7240	9853	2625961	304429740	3842467	513666547
8742	854	8423	3693	2626718	304554996	3886444	522332993
8743	4201	5249	4111	2626748	304559490	2635907	306018052
8744	2999	7704	4867	2626769	304563163	0	0
8745	729	2523	1334	2627202	304633400	2795367	331602981
8746	6648	7530	11057	2627442	304674049	0	0
8747	2502	7501	4353	2628187	304811528	0	0
8748	5837	6953	8045	2628306	304831190	0	0
8749	7	4303	3187	2629073	304970018	0	0
8750	2685	4599	4319	2629323	305018648	0	0
8751	3836	3993	3047	2630590	305236039	4420301	619565312
8752	4610	7581	4303	2631352	305361076	3470046	446736368
8753	1615	6292	5183	2631956	305453284	4026771	547666490
8754	374	3298	1004	2633678	305683970	4014310	545298608
8755	60	6975	3077	2634231	305757465	0	0
8756	5234	7017	7593	2634255	305759842	3859784	516947714
8757	4916	7997	10392	2634769	305831343	2842481	339441841
8758	5767	6444	18007	2634863	305846546	3413265	436457230
8759	3761	5173	4073	2634962	305861913	0	0
8760	6070	7315	12380	2635715	305987990	3677441	484155605
8761	3268	5290	4915	2635783	305996674	0	0
8762	361	7064	6337	2635878	306012423	0	0
8763	2233	8743	6651	2635907	306018052	0	0
8764	1327	6025	3498	2636130	306062033	0	0
8765	1762	3520	2642	2636343	306106392	0	0
8766	4	6931	7003	2637616	306348022	0	0
8767	1188	5360	3785	2637913	306416376	3378735	430163349
8768	2761	5193	4217	2638067	306442672	3656827	480465613
8769	3495	5477	6021	2638403	306508191	3790180	504198316
8770	2751	6094	3079	2638474	306519209	2885275	346019495
8771	4566	8074	5329	2638678	306557181	0	0
8772	1907	6081	5072	2638764	306574617	0	0
8773	6097	8240	20739	2639549	306718392	3105630	383227708
8774	1586	7324	4225	2639645	306742809	0	0
8775	395	5965	4061	2640388	306922522	0	0
8776	615	2535	1763	2640608	306971234	3995233	541759604
8777	1210	4069	2243	2642231	307293823	0	0
8778	2370	2634	3494	2642745	307384801	0	0
8779	78	6586	4823	2643012	307430209	0	0
8780	2293	7064	6532	2643542	307522305	3937642	531111381
8781	4301	8465	7183	2643715	307549514	3429852	439342548
8782	3363	8714	5174	2643903	307583794	3088877	380418952
8783	3317	7557	3160	2644342	307660494	3333798	422217107
8784	593	6468	2419	2645287	307823135	3286389	415129969
8785	3168	3639	5773	2645577	307869016	0	0
8786	2222	7296	8776	2645623	307875992	0	0
8787	4216	7657	10141	2646006	307941974	0	0
8788	2049	2989	1562	2646185	307975747	2940632	355298380
8789	6495	7916	16895	2646253	307989007	4098032	560169291
8790	1425	4676	4353	2646259	307989754	0	0
8791	2287	4564	1971	2646911	308126640	0	0
8792	7226	7946	9112	2647236	308189032	3525836	456863355
8793	5322	6534	7662	2647546	308255659	3499310	451963080
8794	186	8335	5822	2649180	308610920	2670156	312026122
8795	81	8084	5075	2649187	308613455	0	0
8796	8112	8307	5435	2649319	308644036	0	0
8797	4461	5164	6230	2649521	308691281	4336592	604234332
8798	2376	4950	2061	2649733	308738488	0	0
8799	5890	6145	9257	2650567	308903964	3195640	398792150
8800	8117	8343	13938	2651014	309001789	0	0
8801	320	5730	1791	2652974	309395765	3437708	440790749
8802	679	3506	1706	2654892	309716657	3666455	482112582
8803	2717	7374	8892	2655283	309773713	2750336	324325145
8804	1789	5501	2787	2655383	309786737	3301534	417647066
8805	5269	5513	4550	2655760	309842917	0	0
8806	3026	7261	4184	2656001	309883053	0	0
8807	137	3940	1493	2656860	310010063	3850464	515182358
8808	2391	6416	4018	2656952	310021884	0	0
8809	3121	5661	9737	2657422	310084547	2958412	358241726
8810	227	7474	7322	2657534	310103774	0	0
8811	275	1933	1465	2657680	310126890	0	0
8812	2156	7964	4652	2658506	310270691	3442795	441878690
8813	4239	8366	8708	2658729	310307924	0	0
8814	2399	7474	8024	2659453	310440047	0	0
8815	3409	5170	3102	2659797	310508120	2877409	344943459
8816	624	4013	2099	2660476	310617060	2950823	356932783
8817	5617	7005	1913	2661387	310757050	0	0
8818	1227	6266	7209	2661578	310785698	3585060	466907588
8819	4741	7349	6395	2662399	310903436	3886582	522360562
8820	3083	6437	4789	2663374	311052021	3246184	407987048
8821	7861	8063	5419	2663507	311071425	0	0
8822	1541	3540	6962	2663641	311088033	0	0
8823	1055	6047	3016	2663815	311114490	3832162	511698505
8824	2297	6663	2546	2664259	311186056	0	0
8825	6701	8223	3118	2665833	311416501	2745337	323515611
8826	6721	7549	1953	2666608	311514916	0	0
8827	3358	6267	6046	2666968	311560536	4415039	618638431
8828	291	527	524	2667611	311644100	0	0
8829	629	4734	2141	2667693	311656676	3910509	526428772
8830	6289	7875	10051	2667867	311678300	0	0
8831	8354	8497	19130	2668222	311728701	0	0
8832	954	8794	7207	2670156	312026122	0	0
8833	821	6334	4702	2670452	312067078	0	0
8834	6488	7374	10617	2671154	312170287	2903808	349733422
8835	7443	8381	18225	2671478	312216915	0	0
8836	6109	6566	8185	2671523	312226360	0	0
8837	1965	6966	3584	2671959	312313756	0	0
8838	3032	5225	6788	2672038	312333133	3488537	450240423
8839	4858	7223	6831	2672394	312410691	2779582	329318291
8840	891	1207	1340	2673240	312572939	0	0
8841	4632	6840	8311	2673691	312658588	0	0
8842	1828	2749	4048	2673746	312666492	0	0
8843	5188	6043	11149	2673842	312686594	3197055	399042244
8844	6744	7250	4914	2674338	312787830	0	0
8845	4270	8001	10419	2674390	312797608	3636834	476803194
8846	701	7222	2988	2675490	313049338	3016545	368889065
8847	1321	8601	4378	2675532	313057130	0	0
8848	537	8447	11485	2676182	313196893	0	0
8849	1494	3279	847	2676232	313208472	0	0
8850	5386	6031	8657	2676303	313226101	0	0
8851	3011	4855	4667	2677487	313494845	3028643	370697197
8852	1805	6954	3933	2678296	313658616	0	0
8853	5047	7144	1989	2678489	313691970	0	0
8854	3192	3605	3705	2678815	313756350	0	0
8855	6850	7546	12771	2678925	313777449	4170815	572116445
8856	3020	6346	9464	2678988	313791527	0	0
8857	716	1679	409	2679068	313809573	4013144	545093974
8858	3401	8518	3519	2679843	313978573	0	0
8859	1571	2474	1979	2680454	314112180	0	0
8860	1781	2495	834	2683321	314612565	3089850	380596604
8861	31	7620	2738	2683472	314636132	2833481	337946551
8862	3739	7913	6092	2684035	314711009	0	0
8863	6673	6747	2655	2684088	314720121	0	0
8864	2617	4749	4253	2684172	314733552	0	0
8865	533	3562	1013	2684521	314789910	4024701	547282906
8866	5904	7005	1203	2684800	314831303	0	0
8867	1467	3382	3983	2685060	314866731	0	0
8868	2857	7557	1608	2685103	314873015	3301281	417607412
8869	7270	7366	5868	2685459	314926938	3528480	457356932
8870	2335	5924	3641	2686298	315050835	0	0
8871	5586	6443	1840	2686834	315124254	0	0
8872	2278	6035	3527	2687054	315157560	0	0
8873	1164	4956	3557	2688160	315314144	0	0
8874	5468	6719	7918	2690724	315617377	3937924	531166000
8875	1879	4227	4004	2691658	315719236	3402424	434952782
8876	1507	7983	1261	2691735	315726926	2980033	362363057
8877	349	8424	5294	2691873	315740312	2732070	321653149
8878	5692	5999	7056	2692266	315784515	3152323	392296278
8879	4433	6781	14977	2692321	315789705	3513810	454419147
8880	609	3343	929	2692672	315838025	0	0
8881	3285	5782	9662	2693185	315911337	0	0
8882	979	4418	2633	2693409	315940790	3385964	431681916
8883	5221	8188	7533	2694348	316076387	0	0
8884	1379	3509	1825	2694785	316137123	0	0
8885	7772	8395	10924	2695012	316165432	0	0
8886	3213	5561	1314	2695136	316185559	3352538	425409203
8887	2850	6528	6839	2695195	316194085	3075017	378279457
8888	2914	4108	3502	2695205	316195087	4443954	624703166
8889	2620	6419	5277	2695210	316195431	0	0
8890	7047	8445	8859	2695562	316260770	0	0
8891	695	8667	2061	2695866	316313029	2789871	330755291
8892	2995	7262	12462	2696322	316386339	0	0
8893	2783	6196	9787	2697578	316607980	2894783	347993612
8894	4788	7777	4073	2699297	316903794	3091132	380813174
8895	975	2892	2447	2700186	317040136	3048342	374142700
8896	4330	4832	9662	2700219	317044179	3388342	432184423
8897	2061	4499	1522	2700965	317164369	0	0
8898	2433	6617	16224	2701085	317181002	0	0
8899	1318	3749	2649	2701663	317283975	3067083	377105359
8900	1112	7539	11100	2701705	317288620	2884683	345929470
8901	3982	8269	11537	2703556	317610441	0	0
8902	3325	6106	6472	2704479	317761270	2800994	332386486
8903	5793	7081	6177	2704618	317784367	2860282	342252628
8904	3513	8088	3697	2704812	317821563	4052156	551956561
8905	1475	8088	3888	2705288	317902953	4218756	580880252
8906	2898	5892	2573	2705449	317929224	0	0
8907	5374	7019	5827	2707300	318215743	0	0
8908	7424	8052	7302	2707313	318218652	0	0
8909	4131	7653	4617	2707760	318288942	3462240	445362505
8910	821	8463	6344	2707924	318316404	0	0
8911	5612	5911	11051	2709439	318552615	3561691	462828682
8912	5260	7320	7073	2709548	318568677	3446281	442544220
8913	1187	5939	1209	2709768	318605298	0	0
8914	1192	4384	3110	2709847	318621954	3079749	378962262
8915	1530	7122	1422	2710069	318657127	3267591	411787792
8916	368	5434	1525	2710197	318678631	0	0
8917	8526	8698	12593	2711470	318868316	3141562	390239553
8918	3245	8069	6995	2711684	318900105	0	0
8919	369	1064	728	2711687	318901200	2832091	337731534
8920	6430	6890	4609	2713980	319259778	0	0
8921	4648	5267	10572	2714051	319271946	0	0
8922	1012	7017	7629	2714350	319313231	3856957	516373548
8923	4064	7747	12241	2715823	319537653	0	0
8924	1908	4606	3369	2716568	319652525	4161142	570560352
8925	2308	6166	7537	2716703	319672220	4128635	564972073
8926	548	689	349	2716974	319713353	0	0
8927	1515	3256	2003	2717310	319765665	4270377	590359136
8928	1783	2574	1484	2717659	319815394	3844263	514019646
8929	2274	5443	2673	2719239	320031964	2846115	339985751
8930	1761	4143	2087	2719452	320057106	0	0
8931	4573	5964	7501	2721523	320286412	2733478	321877917
8932	4940	8483	8600	2721568	320290983	3864607	517908598
8933	1338	2127	1377	2721779	320318423	0	0
8934	1147	5063	1065	2722510	320402577	0	0
8935	834	3397	4029	2723010	320453978	3226307	404344281
8936	2302	4512	2732	2723146	320469889	0	0
8937	6042	6490	11688	2723159	320470856	0	0
8938	2393	2926	2333	2723468	320511396	0	0
8939	5187	7098	5081	2723878	320564696	0	0
8940	3664	8320	6760	2724095	320596687	2971589	360817411
8941	2425	2843	1805	2724103	320597701	3034736	371738026
8942	3695	4081	2459	2724159	320605773	0	0
8943	1139	6120	1915	2724203	320611113	3002506	366352011
8944	1822	4627	2830	2724421	320639039	0	0
8945	1948	3392	2872	2724486	320647882	0	0
8946	1404	4606	1520	2724550	320656385	0	0
8947	3450	4725	4438	2725533	320788200	0	0
8948	877	1014	1890	2726360	320900315	3610793	472179251
8949	1750	4931	4091	2726543	320928873	3842467	513666547
8950	3681	4706	8319	2726729	320953765	3354241	425718755
8951	2773	7923	2064	2727762	321092389	4099166	560390716
8952	5400	7780	6455	2729501	321298017	0	0
8953	6136	7099	7646	2729580	321305361	0	0
8954	5560	5931	13720	2729890	321346365	0	0
8955	1022	8084	6027	2729987	321359340	3471431	446991430
8956	3392	7284	7883	2730426	321423296	0	0
8957	3059	3324	2729	2730640	321453688	0	0
8958	3621	3646	4658	2731379	321560540	3866316	518245047
8959	1031	1317	1390	2731934	321634856	4099333	560423143
8960	1355	6884	7018	2731939	321635264	4170463	572053757
8961	6215	8877	8873	2732070	321653149	2833315	337914613
8962	4039	4736	7422	2732864	321779203	3198012	399227280
8963	5500	6126	8877	2733032	321802113	0	0
8964	3379	6792	4345	2733437	321871162	3719101	490716135
8965	1002	8931	8283	2733478	321877917	0	0
8966	202	6271	7576	2734397	322035447	3657301	480556076
8967	3920	7430	5119	2734954	322126726	0	0
8968	864	1496	878	2735193	322168449	2923621	352749759
8969	5989	7010	6686	2735376	322196867	0	0
8970	2928	3248	3935	2735448	322211757	0	0
8971	1584	3560	2017	2736325	322366746	3130280	387837190
8972	997	5163	3996	2736900	322452694	0	0
8973	2	7150	285	2737074	322481400	3110479	384097624
8974	1104	2670	3368	2737988	322604443	3028930	370746533
8975	2162	6940	1571	2738245	322637448	2853485	341140913
8976	1804	4526	3523	2738414	322659468	3132582	388294750
8977	2727	8377	2721	2738700	322699538	3642474	477952962
8978	1699	3551	2214	2739461	322809812	0	0
8979	362	2601	3740	2739597	322830472	3165086	394239289
8980	5020	8473	5963	2740578	322958305	3559728	462468548
8981	3086	4205	2189	2740869	322995550	0	0
8982	4468	7351	3728	2741680	323094111	0	0
8983	1733	3841	2623	2742027	323136637	0	0
8984	2242	6414	2462	2744000	323356944	0	0
8985	6692	7880	17501	2744221	323378770	2761483	326338634
8986	1954	2384	1957	2744684	323434483	0	0
8987	6072	8825	9738	2745337	323515611	0	0
8988	5022	7023	7280	2745462	323530861	0	0
8989	5789	5971	13636	2745866	323589598	3096430	381770759
8990	7892	8000	7032	2746621	323712552	3246184	407987048
8991	5593	8268	7269	2747104	323789205	0	0
8992	5173	7192	4294	2747275	323815351	3873382	519804522
8993	1811	6686	2638	2747419	323836390	0	0
8994	3945	4042	9489	2747462	323844591	0	0
8995	3026	7937	1788	2747624	323870020	3598327	469816073
8996	7879	7991	15654	2748440	324000586	3000764	366015087
8997	2219	4283	1679	2749425	324171843	4414619	618558753
8998	941	2635	1987	2749833	324243904	0	0
8999	2100	5062	3213	2750325	324323132	0	0
9000	7978	8803	16703	2750336	324325145	0	0
9001	2627	4815	3447	2750774	324414307	0	0
9002	452	2288	1186	2751070	324467846	0	0
9003	8460	8546	11167	2751268	324510788	2886348	346235657
9004	2828	7864	5207	2751295	324516376	3554504	461691667
9005	3323	6001	5092	2754164	325012865	0	0
9006	8561	8607	16396	2754840	325110236	0	0
9007	1533	8613	5985	2755082	325152967	3179140	396360919
9008	911	4486	1915	2755561	325237876	0	0
9009	2188	5409	3635	2755928	325296839	0	0
9010	3338	6862	6678	2756385	325370997	0	0
9011	1596	7879	11511	2756498	325388725	0	0
9012	530	5639	1556	2756895	325457634	3809732	507586590
9013	2664	5391	7042	2757106	325494525	0	0
9014	155	1182	590	2757113	325495599	0	0
9015	2446	3453	4416	2757386	325544589	0	0
9016	77	4568	2209	2757430	325553179	4368265	610847873
9017	849	2112	1533	2757444	325554989	0	0
9018	599	3265	3420	2757668	325590522	4167717	571581851
9019	5327	8351	7994	2758450	325724554	0	0
9020	2392	6204	2181	2758455	325724864	3501029	452295483
9021	1266	6756	6926	2758472	325727517	3333648	422194513
9022	7659	8471	10697	2758487	325731091	0	0
9023	1829	2817	353	2759442	325933066	0	0
9024	3464	7558	4101	2759544	325954121	0	0
9025	3720	6279	5190	2759671	325979704	2954013	357495192
9026	300	6419	4578	2760310	326107957	3162314	393709869
9027	214	1108	321	2760446	326138086	0	0
9028	4903	7639	7403	2761023	326246892	3060297	375907533
9029	1799	5735	8919	2761379	326317703	0	0
9030	7896	8985	20884	2761483	326338634	0	0
9031	1405	6195	6346	2762547	326583170	3316710	419724503
9032	1847	2558	3226	2762655	326606333	3278970	413716037
9033	2544	6382	4909	2762832	326646545	0	0
9034	5192	8601	3231	2765023	327097542	3794436	504994393
9035	3799	4573	9236	2765474	327173820	2960844	358722883
9036	5412	7498	8264	2765584	327195003	2863684	342869031
9037	5923	8607	12727	2766335	327340600	0	0
9038	5321	5627	4185	2766734	327423042	3678269	484309278
9039	1163	1666	3450	2768449	327710505	0	0
9040	2948	8236	6555	2768500	327716748	4198766	576832792
9041	1212	6891	6372	2769093	327812017	3472805	447271229
9042	1962	2595	1646	2769107	327814085	0	0
9043	2406	7680	3368	2769833	327932251	0	0
9044	6842	8455	3045	2770283	328004610	2913779	351318000
9045	1145	2023	3723	2770899	328103588	0	0
9046	2998	8237	8385	2770954	328110344	3204416	400310894
9047	2354	4556	4348	2771346	328178643	4131509	565441234
9048	1730	2896	2818	2771357	328179597	0	0
9049	3022	8574	6597	2771497	328207048	0	0
9050	1265	5153	2111	2773025	328450231	2844845	339780745
9051	2932	7206	1679	2773432	328511645	0	0
9052	1026	5038	1290	2774228	328618029	3271665	412514762
9053	3094	6621	9592	2774714	328682183	2863684	342869031
9054	711	5552	6403	2774811	328694474	0	0
9055	2693	6255	1707	2775063	328731246	0	0
9056	3406	7992	4828	2776161	328869160	3087414	380173560
9057	6498	7024	8810	2776232	328879141	0	0
9058	3923	6210	1078	2777794	329095174	0	0
9059	2314	4711	5646	2778153	329140811	0	0
9060	100	3181	1271	2778428	329176613	0	0
9061	1974	2446	506	2778472	329180869	2972219	360954110
9062	1767	6383	4231	2778618	329199785	3822735	510090489
9063	1177	8057	7327	2778955	329239599	0	0
9064	2784	5038	4630	2779051	329250069	0	0
9065	3313	3715	5623	2779559	329315787	0	0
9066	6464	8839	7538	2779582	329318291	4316185	600507776
9067	3014	3765	3220	2779752	329341375	3493757	451046945
9068	7716	7813	5970	2780074	329390515	4188804	575176976
9069	1564	5536	5827	2781108	329544476	0	0
9070	1367	6306	457	2781283	329568784	0	0
9071	250	3741	2428	2781357	329580483	3898789	524595471
9072	4550	6463	15487	2781464	329595714	0	0
9073	790	1233	380	2781652	329624685	0	0
9074	2392	2990	2338	2782611	329772681	0	0
9075	5216	8689	3431	2783474	329896073	0	0
9076	651	5049	2615	2784807	330074414	0	0
9077	3581	3593	3125	2785167	330119045	0	0
9078	1266	5105	3099	2785176	330119929	0	0
9079	1549	7352	1170	2785835	330200574	0	0
9080	4309	8116	19723	2786046	330225636	2858869	341980421
9081	5159	7813	8032	2787374	330415464	0	0
9082	1549	3240	2239	2787401	330418588	2909426	350677414
9083	3622	4379	5199	2787434	330424283	0	0
9084	828	2858	2731	2787970	330502904	0	0
9085	386	1187	427	2788027	330510745	0	0
9086	8162	8891	4074	2789871	330755291	2968432	360130828
9087	3755	4572	6795	2789980	330769931	2881700	345506973
9088	4983	5319	8277	2790491	330839616	0	0
9089	116	8007	4963	2790686	330867181	2878042	345027105
9090	3834	7709	12261	2790802	330884289	0	0
9091	847	3986	1617	2790929	330901981	3513271	454278076
9092	3799	8112	9217	2792473	331123810	0	0
9093	3327	7970	6022	2792481	331124780	3116115	385037603
9094	3749	7862	3620	2792611	331143516	0	0
9095	1553	4287	3575	2792744	331164130	0	0
9096	3758	8470	8588	2792787	331171373	3192608	398283477
9097	4588	7518	11561	2793210	331250199	0	0
9098	275	1279	422	2793304	331266990	3386013	431692322
9099	454	4830	1672	2793834	331362365	4298913	596365844
9100	7794	8745	9003	2795367	331602981	0	0
9101	3210	7993	5340	2795540	331630859	3677485	484163862
9102	1460	4243	2076	2796333	331763598	0	0
9103	234	869	895	2798604	332067215	0	0
9104	3868	8382	7844	2798639	332071263	4226285	582233591
9105	5328	8597	4350	2799693	332205872	4236114	583904064
9106	246	8290	11600	2799802	332219152	3801038	506085434
9107	4585	7835	11980	2800946	332379446	4015951	545587465
9108	1517	8902	7060	2800994	332386486	0	0
9109	380	7276	7404	2801422	332450100	3719189	490727339
9110	3631	8274	7387	2801894	332518187	0	0
9111	3619	6415	8010	2802578	332633314	4352415	607953925
9112	5115	6781	12516	2803307	332753265	3620578	473863362
9113	44	4122	1159	2803908	332861451	3406869	435633511
9114	2703	6794	10271	2804261	332918946	0	0
9115	1226	7963	5878	2804737	333001566	3196155	398885342
9116	7509	8596	7131	2805292	333105689	2834643	338137242
9117	1554	1886	1226	2805350	333116603	0	0
9118	5096	7650	7115	2805436	333129388	0	0
9119	2889	6633	3592	2806959	333393671	0	0
9120	6083	6878	2727	2807027	333403576	0	0
9121	3710	5505	6805	2807485	333475850	0	0
9122	1441	2215	1575	2807647	333501240	3579702	465898173
9123	556	629	1011	2807855	333535303	3247262	408206015
9124	3602	6350	6672	2808996	333705050	4241564	584962973
9125	4714	7631	10655	2809301	333749273	3011083	368021099
9126	6558	7899	28555	2809512	333784633	3415646	436804078
9127	3363	6485	10615	2809587	333801346	0	0
9128	8019	8684	15611	2810657	334037276	4304536	597819804
9129	3056	3113	3271	2811019	334122911	4229530	582778515
9130	3923	4789	3073	2811942	334323353	3964675	536095123
9131	4461	6400	3159	2812080	334352144	2970365	360559689
9132	7173	8338	14567	2813123	334549378	3324043	420690436
9133	4956	5058	6598	2813786	334681082	0	0
9134	5394	6960	7722	2814449	334806569	3871721	519401242
9135	2062	2977	2861	2814747	334858077	3579837	465920662
9136	1273	7874	5017	2815500	335012326	0	0
9137	277	3230	1209	2815936	335098773	0	0
9138	618	2111	3284	2816778	335249332	0	0
9139	2011	4223	3558	2817049	335289863	0	0
9140	4641	7895	10598	2817167	335309403	0	0
9141	1064	3119	2018	2817519	335373889	0	0
9142	155	680	399	2817562	335380090	0	0
9143	896	6734	1690	2818190	335482439	0	0
9144	2594	6469	8404	2819259	335666361	0	0
9145	2076	6903	3686	2819471	335706098	0	0
9146	5755	8169	3393	2820531	335876755	2989439	363827907
9147	2970	8205	5886	2821168	335978168	3053019	374807986
9148	3444	8297	13415	2821797	336080254	0	0
9149	3436	8346	7511	2821942	336104327	0	0
9150	701	5053	550	2822170	336141364	3159034	393256671
9151	907	8058	13055	2822323	336170136	0	0
9152	1985	3669	3727	2822364	336177794	0	0
9153	2428	4182	5773	2823675	336409853	0	0
9154	2657	4954	2216	2824085	336479715	0	0
9155	3584	8118	6142	2825206	336661835	0	0
9156	1846	4815	3627	2825468	336701630	3343168	423791722
9157	892	3205	1553	2825851	336763284	0	0
9158	1456	7227	7273	2825932	336775676	3223928	403877267
9159	2544	5481	650	2826255	336828855	3451231	443443834
9160	2166	2284	4313	2827985	337075508	0	0
9161	719	6933	5857	2828219	337104700	0	0
9162	5030	8500	11560	2828257	337108444	0	0
9163	4642	4879	16615	2829213	337267261	3282808	414447221
9164	2149	5390	3384	2829866	337378484	0	0
9165	6149	8035	8052	2830513	337481796	3029336	370821380
9166	1549	6845	6753	2830870	337539154	0	0
9167	2265	8919	1937	2832091	337731534	3222408	403600789
9168	177	1591	895	2832135	337737480	0	0
9169	5816	7058	4990	2832144	337739060	0	0
9170	5002	7839	7427	2832593	337804898	0	0
9171	1048	8961	9480	2833315	337914613	4077395	556863783
9172	2181	8861	3901	2833481	337946551	0	0
9173	2892	4089	2260	2834127	338049827	0	0
9174	387	2492	914	2834216	338064344	2868369	343649973
9175	830	6335	9026	2834462	338106347	3859387	516866418
9176	8398	9116	10483	2834643	338137242	0	0
9177	207	2644	5038	2834693	338145630	3128588	387528409
9178	3609	6999	5832	2835649	338325783	0	0
9179	1106	6232	2498	2836052	338400785	0	0
9180	584	6136	2558	2837310	338610375	0	0
9181	2972	6337	7100	2837901	338705616	0	0
9182	5243	6859	3679	2838039	338726551	0	0
9183	5041	5754	9358	2838317	338772714	4252919	587024236
9184	4611	4799	3161	2838356	338778571	4043434	550345896
9185	1827	5642	7529	2838471	338796885	0	0
9186	1096	4655	1204	2838560	338812842	2958860	358317674
9187	2836	8206	5007	2838848	338863282	0	0
9188	8439	8621	5187	2841578	339307350	0	0
9189	3778	8757	11329	2842481	339441841	3148985	391678384
9190	2063	3684	1976	2843209	339552364	0	0
9191	2757	3292	3356	2844043	339669691	0	0
9192	6124	6436	7428	2844089	339676743	0	0
9193	4459	9050	11285	2844845	339780745	0	0
9194	694	6903	2954	2844907	339790419	2986416	363277964
9195	4531	6975	3907	2845188	339831582	0	0
9196	5066	8398	6756	2845229	339837376	0	0
9197	100	6583	4546	2845454	339876123	0	0
9198	1683	4057	3139	2845457	339876370	0	0
9199	3796	7293	3899	2845734	339922414	0	0
9200	7623	8929	6928	2846115	339985751	0	0
9201	1931	6961	6184	2846323	340016939	0	0
9202	4331	5411	3246	2846646	340077410	0	0
9203	1462	8198	4562	2846893	340114267	0	0
9204	1259	3424	3575	2848635	340399987	0	0
9205	3424	6065	6294	2848777	340420024	3381080	430543845
9206	3560	7925	8118	2849210	340484100	0	0
9207	2637	8019	6418	2849335	340503108	0	0
9208	5351	6165	5533	2849799	340580458	3207151	400899994
9209	1359	6331	4735	2850989	340764136	0	0
9210	3153	7554	7252	2851095	340778928	0	0
9211	5277	8592	8904	2851602	340852082	0	0
9212	681	6565	2106	2852836	341049011	0	0
9213	1634	7827	8118	2853482	341140552	0	0
9214	1478	8975	1936	2853485	341140913	3492759	450901277
9215	2224	3848	2587	2853660	341168924	3687300	485895818
9216	227	6584	2656	2854274	341259489	3368086	428171826
9217	1678	7186	9141	2854593	341308058	3758252	497591603
9218	6099	8216	15018	2854709	341325548	4239842	584625211
9219	4959	6937	4323	2856101	341567542	0	0
9220	3451	5400	7897	2857089	341723400	0	0
9221	1028	3896	1666	2857544	341792297	3086859	380083364
9222	4986	6035	5254	2858680	341954535	0	0
9223	7877	9080	29048	2858869	341980421	0	0
9224	346	5570	6243	2858938	341991423	0	0
9225	2319	7284	6142	2859417	342084632	0	0
9226	4712	5722	7587	2859486	342097626	3505126	452975042
9227	2965	5764	8259	2860257	342248502	4061046	553630670
9228	2724	8582	1651	2860267	342250259	0	0
9229	2516	8903	7673	2860282	342252628	3486675	449933517
9230	3473	7196	3796	2861479	342479548	3513077	454245524
9231	139	723	438	2863403	342823643	0	0
9232	9036	9053	17856	2863684	342869031	0	0
9233	6298	7755	4208	2864358	342986257	0	0
9234	769	1259	1207	2864519	343014288	3918515	527705726
9235	1645	4000	2789	2865022	343099249	3118136	385456168
9236	51	5305	686	2865168	343126133	0	0
9237	3623	6769	4171	2865507	343183800	0	0
9238	4877	5976	3490	2865510	343183908	3028835	370729729
9239	1827	4350	3649	2865529	343188047	0	0
9240	2472	2942	5230	2865688	343217541	4288263	593771312
9241	227	9174	985	2868369	343649973	3100449	382448795
9242	14	2371	414	2868421	343656543	3719807	490823167
9243	3096	4490	5956	2868858	343710133	2933535	354361486
9244	346	7179	2020	2868868	343711179	3250884	408911491
9245	831	5995	9791	2868948	343722478	3568920	464086725
9246	2998	8362	5006	2869582	343820247	3846597	514472010
9247	2902	8576	7785	2870405	343938303	3341205	423466147
9248	2144	3412	2924	2870897	344006994	3417903	437250995
9249	223	6192	7587	2871052	344033251	0	0
9250	1142	6865	2713	2871707	344132057	0	0
9251	2687	7424	8606	2871858	344156000	0	0
9252	4964	6840	8337	2872170	344206101	0	0
9253	2578	2758	5801	2872200	344210019	0	0
9254	935	5935	2537	2873691	344442046	3959574	535198250
9255	1698	8047	5163	2874091	344495456	0	0
9256	270	5887	4502	2875744	344727381	0	0
9257	1748	5143	1776	2875813	344736473	3002102	366276331
9258	2030	4646	3776	2876628	344845914	2942399	355523851
9259	1376	7093	5317	2877159	344914157	0	0
9260	8584	8815	3874	2877409	344943459	3385490	431581208
9261	1209	3172	3805	2877534	344959360	0	0
9262	6878	9089	5741	2878042	345027105	3239460	406750164
9263	369	8373	2887	2878951	345150932	0	0
9264	203	7281	1636	2879806	345252185	3526888	457071632
9265	5647	8695	12438	2879962	345268748	0	0
9266	876	5252	8662	2880658	345365823	4171553	572263593
9267	618	7973	3100	2881589	345492350	3732830	492904581
9268	3029	4167	2360	2881603	345494097	0	0
9269	7162	9087	9172	2881700	345506973	4269550	590209386
9270	170	2987	1377	2882396	345604423	0	0
9271	412	5705	4474	2883244	345723740	3048796	374198951
9272	81	5409	3507	2883295	345732432	0	0
9273	3749	4225	4322	2883977	345833114	0	0
9274	3184	4024	4768	2884056	345846863	3694476	487045821
9275	249	5967	1831	2884143	345859228	3271397	412469950
9276	555	8900	11232	2884683	345929470	3276201	413240987
9277	5429	5430	4619	2884892	345959508	0	0
9278	1663	2430	3024	2884911	345961700	4291696	594455780
9279	1876	5646	1775	2885236	346013408	0	0
9280	3059	8770	4166	2885275	346019495	3189189	397831860
9281	6314	8298	19492	2885292	346021524	0	0
9282	3	5733	1425	2885358	346033478	3060293	375906972
9283	2965	8041	10208	2885936	346150633	0	0
9284	4903	7315	9443	2886067	346176633	3036171	371983184
9285	2422	4148	2938	2886348	346235657	0	0
9286	2422	9003	12674	2886348	346235657	4436172	623204045
9287	4148	9003	12598	2886348	346235657	3038265	372410052
9288	1948	5834	1687	2886984	346386881	0	0
9289	3244	4831	3480	2888529	346725254	0	0
9290	5179	8479	7255	2888574	346733497	0	0
9291	633	3200	1785	2888965	346814442	0	0
9292	2090	2502	4740	2889465	346918866	3266755	411635391
9293	4068	5699	1970	2889623	346951943	4216877	580521534
9294	8218	8631	5732	2889970	347017618	0	0
9295	673	3960	4688	2890420	347107638	4389700	614293993
9296	7142	8250	19230	2890982	347208286	0	0
9297	500	5728	1844	2891300	347273780	0	0
9298	184	8324	6225	2891407	347293293	2959036	358348947
9299	1816	2706	2119	2891534	347318902	0	0
9300	6981	7604	14738	2891703	347355377	0	0
9301	1670	6296	2157	2891727	347359826	4080554	557404746
9302	3721	8632	6823	2892472	347524312	3114257	384696060
9303	1323	4420	2846	2892828	347597893	3336437	422645823
9304	534	1703	2058	2894022	347841670	3664930	481822164
9305	3135	6171	13958	2894275	347887559	0	0
9306	3358	3575	6429	2894768	347990417	0	0
9307	1069	8893	10448	2894783	347993612	0	0
9308	1109	2332	1884	2894859	348009344	0	0
9309	3967	8178	5426	2895787	348213195	0	0
9310	1140	2664	2522	2896054	348269177	0	0
9311	7405	7898	17661	2896871	348428891	0	0
9312	739	6438	9110	2897248	348513460	0	0
9313	1226	4023	1844	2898097	348695479	3790049	504173190
9314	1449	5120	5873	2898771	348838909	0	0
9315	1688	5921	3609	2900822	349218347	2904927	349927321
9316	847	3521	4714	2901096	349268256	3201896	399889130
9317	1524	5499	4111	2901169	349284563	0	0
9318	1711	2365	1377	2901177	349285819	0	0
9319	6921	7587	9494	2901643	349368270	3091557	380885414
9320	4873	6388	6907	2901784	349395614	0	0
9321	2370	3239	2334	2903154	349628263	0	0
9322	2524	5139	2534	2903362	349658328	0	0
9323	776	8539	4546	2903684	349712781	3027655	370534854
9324	866	3457	2406	2903782	349730659	3951024	533463251
9325	2230	8834	12709	2903808	349733422	3898605	524560192
9326	5424	6460	3886	2904610	349874954	0	0
9327	2597	9315	4837	2904927	349927321	0	0
9328	6912	7721	12229	2905986	350097898	0	0
9329	287	2703	409	2906121	350121567	3832106	511690544
9330	3767	7857	10946	2906404	350167404	4407045	617212821
9331	961	2347	1264	2906637	350208324	3910072	526359760
9332	6091	6442	10025	2906809	350237644	3130082	387801711
9333	2560	7471	3198	2908634	350548067	0	0
9334	2234	4638	5447	2908687	350555560	3212480	401932890
9335	208	9082	2406	2909426	350677414	4190008	575359751
9336	1541	3729	1650	2909689	350719314	3283295	414552514
9337	423	3580	4124	2909710	350721898	0	0
9338	995	6449	4307	2909816	350738426	0	0
9339	1919	3917	1641	2911136	350937184	0	0
9340	2762	2864	5546	2911300	350960102	0	0
9341	856	2633	1743	2912405	351112435	4087391	558462802
9342	465	6930	7216	2912745	351160518	0	0
9343	1689	3829	2594	2912788	351167412	3059745	375822308
9344	6433	7579	11073	2913197	351228643	0	0
9345	89	5742	4262	2913602	351290348	3940011	531615148
9346	4050	9044	6922	2913779	351318000	0	0
9347	334	386	443	2914048	351364981	0	0
9348	6344	7236	7040	2915155	351536300	4264095	589250846
9349	773	6687	4553	2915181	351539622	0	0
9350	3017	3826	12328	2915843	351636554	0	0
9351	1982	6581	4338	2916799	351782400	3396707	433902329
9352	3521	8654	9092	2916801	351782508	0	0
9353	2757	5531	4549	2917176	351838677	0	0
9354	401	1104	829	2917328	351866479	0	0
9355	4211	4283	3812	2917431	351883247	0	0
9356	494	5892	1149	2918019	351975161	0	0
9357	797	3067	2797	2918876	352098717	4147333	568259359
9358	4809	6921	4322	2919031	352118458	3341344	423490872
9359	6061	8054	5559	2919123	352130528	3816025	508879420
9360	6876	8445	18219	2921108	352403528	0	0
9361	898	3707	1905	2921627	352478861	4057637	552946842
9362	7433	8613	9960	2922257	352562078	0	0
9363	1925	6905	3623	2922667	352615751	0	0
9364	4155	5981	5457	2923525	352737987	4429727	621698029
9365	7806	8968	1922	2923621	352749759	2950332	356851562
9366	6025	9036	10753	2923631	352750916	0	0
9367	448	8341	6458	2924833	352927625	0	0
9368	2300	3583	3657	2925529	353021795	0	0
9369	3108	8703	5032	2925790	353056522	0	0
9370	5279	6461	14738	2926456	353145813	3069926	377523368
9371	458	4228	2075	2926491	353151339	3311114	418920165
9372	2875	4025	2686	2926577	353167408	0	0
9373	578	8218	3150	2927229	353271978	4180254	573838193
9374	6173	8027	3620	2927258	353277186	4268732	590066254
9375	7763	8283	8615	2927333	353290587	0	0
9376	4996	6421	1977	2927335	353290745	3434139	440153128
9377	7050	7554	9626	2927898	353389985	3133370	388447909
9378	8310	8592	7350	2927940	353397742	3530896	457792088
9379	1007	7152	13350	2927999	353408250	3259478	410430516
9380	6570	7266	12055	2928223	353455593	3004311	366688871
9381	316	373	259	2929416	353698773	3424385	438400820
9382	1381	1745	1116	2929911	353780658	3062022	376190563
9383	1314	6820	4281	2930730	353929091	0	0
9384	6247	8537	2363	2931189	354007845	0	0
9385	4995	9243	6579	2933535	354361486	0	0
9386	6339	8043	4045	2933749	354394227	0	0
9387	3195	7474	8538	2934350	354480446	3914581	527050606
9388	844	3319	1185	2934902	354556251	0	0
9389	5732	7793	9434	2935357	354618525	0	0
9390	2445	5986	4658	2935528	354644574	0	0
9391	1718	2023	3693	2937205	354881577	0	0
9392	1296	3937	5222	2937522	354928146	0	0
9393	4951	7640	5162	2938295	355021161	0	0
9394	7389	8724	8446	2940051	355229226	2986484	363289937
9395	950	3119	1780	2940311	355261151	0	0
9396	5872	8788	3624	2940632	355298380	3084335	379674354
9397	149	3885	727	2940650	355300315	0	0
9398	5456	5697	6434	2940715	355308793	3381340	430602681
9399	213	8011	6883	2941387	355398233	0	0
9400	2092	9258	6154	2942399	355523851	0	0
9401	5248	6681	4781	2942451	355531680	0	0
9402	4373	7013	8267	2943268	355629365	0	0
9403	376	8559	7103	2944061	355734286	0	0
9404	3361	4060	6330	2944105	355742096	0	0
9405	8534	9080	24626	2944455	355792287	3476279	447888984
9406	3032	6920	1304	2944840	355857713	3072309	377914339
9407	4045	7107	12516	2946111	356052503	0	0
9408	8377	8469	14350	2946156	356058544	3700563	488098247
9409	878	8183	13111	2946308	356086783	0	0
9410	1366	1680	1604	2946340	356093371	3143088	390541074
9411	2059	5848	3686	2946542	356132780	0	0
9412	3136	3669	4594	2946560	356135651	3462350	445379054
9413	4172	7862	4206	2947664	356364055	0	0
9414	2508	8516	5944	2948438	356518028	3475392	447728808
9415	544	1007	526	2948751	356577602	0	0
9416	1115	1696	658	2948755	356578728	0	0
9417	2971	4226	5418	2950125	356810807	3525988	456887232
9418	3224	9365	4750	2950332	356851562	4188755	575170888
9419	3837	8816	4041	2950823	356932783	2955236	357693653
9420	2465	2618	2901	2951246	356998641	0	0
9421	7800	8250	26511	2951354	357016281	4204553	577996197
9422	3609	9025	8098	2954013	357495192	0	0
9423	2655	6278	4842	2954604	357593462	0	0
9424	4532	5566	6418	2954897	357640485	0	0
9425	548	4650	3289	2954903	357640861	3879437	521059932
9426	256	9419	4134	2955236	357693653	0	0
9427	6325	8613	10415	2955243	357694898	4002381	542784501
9428	3820	4065	6051	2955725	357784019	0	0
9429	6280	6923	7827	2956289	357882536	3369793	428549085
9430	6208	7592	5532	2957075	358019692	3106082	383296327
9431	5200	7211	5147	2957949	358165743	0	0
9432	455	1644	809	2958198	358207356	0	0
9433	4600	8809	13636	2958412	358241726	0	0
9434	2260	4897	2030	2958581	358270932	4138266	566643607
9435	4275	9186	3816	2958860	358317674	0	0
9436	935	1324	1388	2959025	358347095	0	0
9437	8473	9298	8877	2959036	358348947	3224187	403927568
9438	5333	8532	3813	2959156	358373379	0	0
9439	3580	6100	4908	2959186	358378312	3652656	479667436
9440	5949	6340	7097	2959480	358437491	3633560	476201369
9441	4497	8139	7290	2959560	358453758	0	0
9442	1530	4927	4430	2960063	358570484	3767450	499379148
9443	758	9035	9702	2960844	358722883	3774385	500798264
9444	4646	6211	5433	2960889	358731602	3254000	409491147
9445	3064	4226	2357	2961929	358940385	3794872	505072005
9446	4185	5771	1721	2962227	358996840	0	0
9447	3881	6347	6368	2962998	359143228	4367530	610731333
9448	2298	3329	3382	2963190	359179761	0	0
9449	4853	7527	4039	2963528	359245447	3566901	463727878
9450	2296	8273	4569	2964875	359495590	3506336	453159985
9451	3055	7414	10078	2964923	359504981	0	0
9452	2083	6841	7308	2965388	359590049	3627169	475038724
9453	5861	7282	9258	2966462	359776854	4284119	592930775
9454	3751	6165	5256	2966818	359840339	3081448	379237412
9455	3137	6972	3863	2966899	359855767	0	0
9456	3995	6700	7829	2967106	359890997	0	0
9457	3414	4499	2601	2967655	359991907	0	0
9458	2185	4454	1738	2968109	360071958	0	0
9459	1332	8240	13111	2968144	360078067	0	0
9460	896	4406	7081	2968378	360121420	0	0
9461	3704	9086	10421	2968432	360130828	3430138	439393314
9462	3823	7561	8017	2968872	360225648	3785313	503291265
9463	7800	8344	20779	2969275	360310236	3465455	445906881
9464	1694	9131	3397	2970365	360559689	0	0
9465	2050	4006	4854	2970753	360638286	0	0
9466	7776	8940	11373	2971589	360817411	0	0
9467	3096	9061	4151	2972219	360954110	0	0
9468	1471	3971	2819	2972804	361076686	0	0
9469	1048	1097	1007	2973072	361129463	3027847	370570743
9470	5968	7104	4172	2973346	361186829	3592412	468623483
9471	2716	6688	11428	2973863	361286156	0	0
9472	2558	5174	5085	2973996	361312154	0	0
9473	5349	7799	10160	2974112	361338696	0	0
9474	2950	4058	1972	2976624	361813325	0	0
9475	859	7318	3334	2976778	361840772	0	0
9476	286	3062	1410	2976878	361857637	4092260	559214514
9477	4589	8066	7128	2977165	361900629	0	0
9478	1725	7624	886	2977767	362006225	3395275	433641213
9479	4806	7172	14992	2978611	362137670	3114257	384696060
9480	5378	7101	7148	2979677	362306110	0	0
9481	8139	8876	6019	2980033	362363057	0	0
9482	2342	4236	4543	2980736	362479241	0	0
9483	1477	3108	4464	2981241	362555095	0	0
9484	1629	8130	3419	2982646	362757094	3653427	479804969
9485	4985	7842	7852	2983027	362808387	4060865	553595173
9486	247	5367	1099	2983859	362916866	3144139	390747803
9487	191	508	216	2984879	363046548	0	0
9488	648	4357	2142	2984999	363062513	3271270	412451205
9489	7170	7250	4318	2985085	363071717	0	0
9490	2954	3377	2383	2985155	363081426	0	0
9491	5046	8701	15717	2985174	363085032	3769058	499689246
9492	4858	5535	1822	2985682	363162513	3312153	419052566
9493	4756	6952	9683	2985868	363189546	0	0
9494	3359	9194	4556	2986416	363277964	3607875	471580139
9495	6783	9394	10016	2986484	363289937	3062451	376261467
9496	1417	6899	4712	2986962	363375358	4440992	624211486
9497	3648	8446	5977	2987280	363431550	3549912	461051455
9498	2095	4647	3542	2987793	363520415	3932922	530331073
9499	4087	8165	8636	2987997	363557505	0	0
9500	3606	4229	3015	2988737	363698147	0	0
9501	179	2258	125	2988977	363739941	0	0
9502	3828	5934	6643	2989041	363752765	3242569	407360613
9503	1211	4374	2175	2989109	363767540	3408951	435921451
9504	6315	9146	6274	2989439	363827907	3207911	401051015
9505	1600	7819	5298	2990070	363943513	3265895	411513381
9506	2694	8424	5971	2990132	363954078	3568247	463967914
9507	1564	7968	3816	2990529	364029693	0	0
9508	5629	6755	4833	2990820	364083497	3507191	453291190
9509	1202	3633	5784	2991222	364162652	4295297	595319019
9510	3692	5175	7270	2991557	364220840	0	0
9511	7626	7923	9230	2991757	364267249	0	0
9512	1179	5819	2134	2991914	364297901	3981218	539139257
9513	2022	8426	15496	2993114	364522317	3162543	393749776
9514	6432	8490	6311	2993880	364677508	0	0
9515	6995	7713	7246	2993901	364681850	0	0
9516	4707	5581	9509	2994040	364712332	0	0
9517	1284	7883	4192	2994074	364718916	0	0
9518	4729	8223	5255	2994850	364893515	3982854	539440952
9519	1144	6307	6380	2994866	364897118	0	0
9520	7041	7188	11269	2996617	365255233	0	0
9521	1666	4761	3881	2997001	365329864	0	0
9522	241	5840	5270	2997263	365384041	3592077	468556647
9523	531	6395	1581	2997369	365405578	0	0
9524	1094	7613	7370	2998686	365656063	0	0
9525	5967	5996	4513	2999095	365730544	0	0
9526	330	5599	1591	3000134	365911298	3525969	456884629
9527	1505	4433	3894	3000612	365990818	0	0
9528	6026	8996	16621	3000764	366015087	0	0
9529	4286	8055	15787	3001250	366109836	0	0
9530	3565	9257	2132	3002102	366276331	3098093	382067928
9531	6274	8943	7256	3002506	366352011	0	0
9532	7327	7836	8029	3004286	366684760	0	0
9533	5822	9380	17923	3004311	366688871	0	0
9534	4290	8586	16603	3004343	366696155	0	0
9535	4359	5981	3722	3004761	366798178	3062022	376190563
9536	1972	4756	6869	3005418	366941741	0	0
9537	5082	7524	10281	3006439	367161963	3402247	434920344
9538	5432	7652	6235	3006546	367183380	3530383	457702920
9539	2858	6363	5422	3006622	367198474	0	0
9540	715	3551	1747	3007143	367314655	3025812	370233914
9541	1979	4884	3148	3009844	367821870	0	0
9542	2885	3251	6565	3010954	367999588	0	0
9543	4948	8429	2575	3010957	367999872	3500254	452144251
9544	1583	9125	12551	3011083	368021099	0	0
9545	3175	3496	4509	3011177	368038632	3345779	424171212
9546	2563	4828	2051	3011204	368043639	0	0
9547	2034	4185	2012	3011412	368082906	0	0
9548	1742	8409	5733	3011989	368188086	0	0
9549	3231	5567	3631	3012625	368296842	0	0
9550	455	5401	1117	3013477	368435522	3672943	483366134
9551	1720	5543	6213	3013878	368497749	3203040	400081819
9552	5643	8162	3417	3014502	368592579	0	0
9553	4291	5543	6247	3015009	368669331	3079122	378865489
9554	2475	8221	14855	3016214	368835813	0	0
9555	2019	8846	3410	3016545	368889065	3107351	383518190
9556	4744	6254	7027	3017271	369000006	0	0
9557	3881	5085	6991	3018691	369218864	0	0
9558	6136	6786	5464	3018927	369257826	0	0
9559	2864	5668	7665	3020231	369434954	4068272	555140173
9560	3980	7335	10188	3020660	369490712	0	0
9561	3288	8491	4717	3021312	369586536	0	0
9562	739	7038	6085	3021445	369604509	3650880	479396455
9563	4378	4964	5574	3023001	369821201	4109420	562217366
9564	2980	6252	3264	3023093	369834523	3978619	538654383
9565	6023	7331	11099	3023282	369867822	3851558	515382287
9566	1374	3670	3703	3023487	369897529	3084245	379661295
9567	2831	5630	5820	3023619	369915597	3850631	515211401
9568	1663	7920	5019	3025632	370210213	0	0
9569	5148	9540	11695	3025812	370233914	0	0
9570	3835	4032	1986	3025847	370240049	0	0
9571	3204	6304	5770	3025948	370254244	3388732	432264294
9572	3851	7038	9691	3026060	370272935	3041652	373075643
9573	1792	3099	5814	3026236	370298265	3200050	399584435
9574	5112	6962	6624	3027238	370466705	0	0
9575	8929	9323	7219	3027655	370534854	0	0
9576	1551	4725	3385	3027727	370547619	3232348	405426095
9577	94	9469	1026	3027847	370570743	4322864	601816978
9578	3306	8851	6120	3028643	370697197	0	0
9579	7549	9238	3636	3028835	370729729	0	0
9580	1129	4108	1861	3028853	370732146	0	0
9581	1982	5677	5258	3028882	370737960	0	0
9582	3076	8974	5196	3028930	370746533	0	0
9583	1730	9165	8896	3029336	370821380	0	0
9584	4038	7189	12281	3030025	370955581	0	0
9585	623	4379	2712	3030957	371121783	4314694	600211443
9586	4250	6348	1461	3032357	371362330	3699662	487950716
9587	3920	6788	8671	3032671	371413591	0	0
9588	782	7973	3063	3032686	371416787	0	0
9589	3428	4308	1473	3033438	371537126	3117145	385233443
9590	1821	5757	10720	3034489	371700654	3742091	494423522
9591	7371	8941	5639	3034736	371738026	0	0
9592	3219	7016	11021	3034911	371763475	0	0
9593	3306	8638	7783	3035380	371837172	0	0
9594	2669	9284	10247	3036171	371983184	0	0
9595	1057	5660	13125	3036339	372021922	0	0
9596	7126	7880	11291	3037044	372159123	0	0
9597	6379	8384	10434	3037395	372234485	0	0
9598	7382	7823	4792	3037448	372246226	3886422	522330419
9599	165	1813	565	3037915	372336468	0	0
9600	7239	9287	15429	3038265	372410052	0	0
9601	1526	4171	7326	3040112	372799259	0	0
9602	6628	8552	7730	3041483	373043783	0	0
9603	3443	9572	14525	3041652	373075643	3697447	487537491
9604	2102	3693	2438	3043163	373350134	0	0
9605	5731	7497	6624	3043284	373369260	0	0
9606	2870	4367	2669	3044285	373542663	0	0
9607	1437	6677	11216	3044494	373578016	0	0
9608	121	2748	2263	3046236	373838773	0	0
9609	2422	6860	2170	3046405	373864969	0	0
9610	114	6175	3569	3048128	374115696	0	0
9611	4259	8895	5086	3048342	374142700	0	0
9612	587	4567	2858	3048796	374198951	3899599	524746351
9613	587	9271	5034	3048796	374198951	3724366	491537607
9614	4567	9271	6772	3048796	374198951	3715227	490261357
9615	819	5738	4238	3048889	374213999	0	0
9616	4928	7676	2835	3049584	374312400	3575401	465171907
9617	2430	4705	5906	3050111	374385628	0	0
9618	1496	6685	5778	3050752	374483024	0	0
9619	5437	7263	13830	3050767	374485535	0	0
9620	7043	9147	9703	3053019	374807986	0	0
9621	1808	6864	5893	3053141	374823503	0	0
9622	4445	5157	7568	3053232	374837149	3544493	460233552
9623	24	7108	1429	3053482	374876505	0	0
9624	883	7455	7545	3053542	374883927	0	0
9625	1048	2205	865	3054997	375110022	0	0
9626	1318	7511	8241	3055022	375113719	0	0
9627	740	3320	750	3055273	375151271	0	0
9628	3983	4520	2640	3056704	375360770	4243339	585331828
9629	548	2002	2698	3057028	375405506	0	0
9630	1489	7533	8394	3057065	375411387	0	0
9631	4438	8105	7385	3057373	375453001	0	0
9632	3744	5220	3145	3057581	375483664	0	0
9633	1686	3136	2662	3057752	375510981	0	0
9634	2058	5831	5612	3058209	375578986	3803933	506577986
9635	163	2854	1052	3058244	375583446	0	0
9636	579	2725	706	3058622	375635401	0	0
9637	6849	8659	11245	3058707	375647433	3462886	445472582
9638	530	5292	8977	3059125	375715653	0	0
9639	2797	9343	6231	3059745	375822308	0	0
9640	101	5987	2124	3059872	375843202	4152292	569169858
9641	4349	9282	2299	3060293	375906972	0	0
9642	3355	9028	8438	3060297	375907533	0	0
9643	272	953	854	3060821	375994665	0	0
9644	4873	9382	5648	3062022	376190563	0	0
9645	4873	9535	8254	3062022	376190563	0	0
9646	9382	9535	4838	3062022	376190563	3149817	391836619
9647	2583	4237	9828	3062440	376260081	0	0
9648	8338	9495	20073	3062451	376261467	0	0
9649	2218	3753	4207	3062690	376310520	0	0
9650	169	2043	1321	3062840	376341736	0	0
9651	5071	8277	7643	3063704	376510665	4192957	575843846
9652	2726	4232	4555	3063995	376565631	0	0
9653	1222	7935	2645	3065439	376835562	0	0
9654	1590	6937	2278	3066256	376972316	0	0
9655	4061	5123	3132	3066654	377033734	0	0
9656	1798	7402	4652	3066732	377045133	3212211	401888462
9657	3160	8899	3581	3067083	377105359	3452007	443606730
9658	8549	9370	18304	3069926	377523368	0	0
9659	640	4644	7851	3070054	377544096	0	0
9660	4055	4559	5920	3070065	377546193	0	0
9661	1252	1661	1633	3071034	377707214	4377572	612313683
9662	4265	5382	7823	3071324	377754350	0	0
9663	408	9406	1621	3072309	377914339	3505799	453076010
9664	1530	2191	2117	3073582	378094155	0	0
9665	1443	3373	3279	3073716	378109523	3249009	408549673
9666	2257	5233	3762	3074436	378200178	0	0
9667	5040	6527	4272	3074511	378210701	0	0
9668	1608	7942	2703	3074643	378228794	4268065	589951343
9669	2268	2395	1563	3074903	378263809	3897351	524334840
9670	1315	8887	8387	3075017	378279457	0	0
9671	3386	7157	6309	3075538	378357724	0	0
9672	3011	7731	6924	3076382	378473199	0	0
9673	685	4986	2885	3077157	378584294	0	0
9674	2209	8275	6186	3077421	378619301	4147333	568259359
9675	7212	7622	10877	3077586	378642308	0	0
9676	6537	8735	4316	3079093	378861960	3840441	513277088
9677	671	9553	6601	3079122	378865489	0	0
9678	3741	7972	5646	3079127	378865905	0	0
9679	318	2893	1700	3079495	378922618	0	0
9680	6824	8914	4709	3079749	378962262	3894063	523721169
9681	414	3079	2920	3079985	378998072	0	0
9682	4019	5443	7569	3080646	379106480	0	0
9683	1845	4733	4339	3080837	379138261	0	0
9684	6254	9454	7203	3081448	379237412	4322506	601754585
9685	2383	6509	6520	3082274	379364158	3559728	462468548
9686	1246	5075	4948	3082693	379424458	4128635	564972073
9687	698	4060	6377	3083638	379576813	0	0
9688	1348	3149	3034	3084089	379638933	0	0
9689	1395	9566	4359	3084245	379661295	0	0
9690	66	9396	3640	3084335	379674354	0	0
9691	4563	7683	5944	3084448	379691644	0	0
9692	7313	8153	4136	3084543	379706005	4333991	603787731
9693	3828	8049	5130	3084725	379732615	0	0
9694	2289	3369	2034	3085295	379825778	3121607	386098761
9695	212	2797	3997	3085584	379872762	0	0
9696	289	2157	1894	3085655	379884358	3497634	451677718
9697	3360	5871	7844	3086205	379972846	0	0
9698	537	7745	3410	3086664	380048254	0	0
9699	8643	9221	9213	3086859	380083364	0	0
9700	6016	9056	7234	3087414	380173560	0	0
9701	2585	6776	4727	3087502	380191129	3639930	477463292
9702	2263	8782	5581	3088877	380418952	0	0
9703	3061	8494	9581	3088941	380431510	0	0
9704	5584	8860	4782	3089850	380596604	0	0
9705	854	7214	3845	3089957	380613641	0	0
9706	192	420	325	3090079	380636485	0	0
9707	4116	8894	8029	3091132	380813174	0	0
9708	1690	7685	3849	3091136	380813602	4105731	561614130
9709	4571	4728	3250	3091539	380881917	0	0
9710	6260	9319	15115	3091557	380885414	0	0
9711	953	2213	1482	3092030	380974937	3506890	453243793
9712	5165	7016	11261	3092304	381030631	3774077	500729049
9713	2826	5261	2721	3093388	381239360	0	0
9714	2329	6585	4415	3093637	381285454	3377746	430014018
9715	1570	3506	2717	3093757	381305031	0	0
9716	1958	3250	4116	3094037	381353734	3470691	446856729
9717	3996	8159	8958	3094903	381501784	0	0
9718	3254	4329	4029	3095205	381557364	0	0
9719	2464	8803	9867	3095659	381636255	3587308	467464193
9720	7884	8989	17235	3096430	381770759	3692179	486677161
9721	2985	9530	2997	3098093	382067928	4121069	563974126
9722	949	3259	3024	3099190	382251487	0	0
9723	3548	7244	5097	3099379	382277016	0	0
9724	5215	7307	4266	3099587	382310246	0	0
9725	6544	8478	10777	3100036	382379227	3205081	400456546
9726	5822	9241	6853	3100449	382448795	0	0
9727	490	2611	555	3101412	382606600	4368068	610814763
9728	1906	4361	3174	3101481	382617921	0	0
9729	6428	6941	11200	3102955	382845708	0	0
9730	3108	5556	7811	3103286	382895101	3213891	402190782
9731	2767	7866	3137	3105380	383197552	0	0
9732	566	8773	21100	3105630	383227708	0	0
9733	63	4826	2345	3105973	383280383	0	0
9734	2384	3862	4750	3106016	383284851	0	0
9735	7759	9430	13308	3106082	383296327	0	0
9736	5485	6067	2622	3106537	383374295	3302452	417790748
9737	4636	5890	9565	3107270	383502808	0	0
9738	4239	9555	7036	3107351	383518190	4260305	588515487
9739	4002	6324	3428	3107788	383604631	3786869	503610382
9740	3737	8483	10183	3107940	383630362	3232236	405403969
9741	2166	3626	4428	3107955	383632282	0	0
9742	5262	8231	4855	3108539	383748090	0	0
9743	4881	5027	2836	3109490	383929798	3565573	463500238
9744	6788	8973	6211	3110479	384097624	0	0
9745	433	6215	4030	3110692	384130717	0	0
9746	3641	6552	3953	3111030	384190610	0	0
9747	3402	5142	3829	3111975	384348845	3367169	427984480
9748	7259	7922	485	3112107	384368817	0	0
9749	4209	8434	9431	3113178	384534020	0	0
9750	9302	9479	21815	3114257	384696060	0	0
9751	2211	5585	10125	3114328	384706752	0	0
9752	252	3905	833	3115152	384857894	0	0
9753	1793	6212	6964	3115455	384910952	4235885	583857440
9754	70	4219	10249	3115505	384921492	3133720	388527639
9755	4359	5917	4587	3115704	384955732	3583932	466665757
9756	2559	9093	6737	3116115	385037603	3804938	506752721
9757	6943	8136	17295	3117049	385212888	0	0
9758	7682	9589	10460	3117145	385233443	0	0
9759	4484	4766	5838	3117628	385345534	0	0
9760	8476	8770	6744	3117732	385366546	0	0
9761	4028	9235	5496	3118136	385456168	0	0
9762	2219	7866	813	3118620	385556248	0	0
9763	364	1053	858	3118793	385595366	3796619	505387403
9764	7982	9061	10421	3120918	385976480	0	0
9765	616	8001	10078	3121275	386037671	0	0
9766	8061	9694	15893	3121607	386098761	3260501	410597813
9767	917	7758	3980	3122510	386280458	0	0
9768	2362	3769	2584	3122930	386365831	0	0
9769	4219	7391	12340	3123216	386419145	3260393	410578518
9770	4360	6041	13442	3123329	386441009	0	0
9771	6151	6932	8065	3123717	386522242	4392909	614945285
9772	1797	5793	4389	3123787	386541461	0	0
9773	5102	6814	7419	3125116	386825571	0	0
9774	7273	8504	4957	3125508	386907872	0	0
9775	2456	3157	4626	3125888	386984320	0	0
9776	3290	7148	10031	3126535	387125782	0	0
9777	1046	4341	2924	3126996	387223022	3606128	471215481
9778	2598	4672	3688	3127935	387408026	0	0
9779	3941	9177	6218	3128588	387528409	0	0
9780	1261	4061	987	3128623	387534884	3494057	451097370
9781	5337	8019	7824	3129701	387737848	0	0
9782	2501	8324	7339	3130062	387796801	0	0
9783	355	9332	10227	3130082	387801711	3635563	476550532
9784	2315	4074	5384	3130173	387817046	3440351	441382633
9785	648	8971	2410	3130280	387837190	4061046	553630670
9786	977	2948	3233	3130573	387892868	3337823	422896384
9787	1607	8094	12443	3130686	387914640	0	0
9788	2870	7813	4893	3130962	387971581	4057503	552926025
9789	1801	8976	4248	3132582	388294750	3559231	462385749
9790	6054	6184	6930	3132753	388322302	4064378	554334277
9791	2683	7392	6708	3132768	388324940	0	0
9792	646	3161	4734	3132939	388362394	0	0
9793	3710	9377	15094	3133370	388447909	3438423	440935863
9794	2768	7803	3164	3133572	388495483	0	0
9795	655	5412	6643	3133607	388503562	0	0
9796	1977	9754	12632	3133720	388527639	0	0
9797	3373	4842	4698	3134090	388620006	0	0
9798	3691	8241	11777	3134104	388622609	3212363	401911430
9799	2122	6913	4035	3134821	388816450	4100622	560678992
9800	4112	8069	8645	3135586	388986590	3426372	438734874
9801	1226	4235	3379	3136206	389132375	3452007	443606730
9802	7674	7695	8622	3137734	389456062	3245736	407908124
9803	4452	6152	12565	3138081	389523043	3765839	499057141
9804	5072	5147	6676	3138196	389548157	0	0
9805	4366	6408	3184	3140157	389961083	3828806	511133249
9806	185	7962	12062	3140646	390057755	4098157	560190622
9807	2735	3384	1992	3140878	390099068	3493757	451046945
9808	7439	8917	16227	3141562	390239553	0	0
9809	4179	4762	3076	3141790	390288564	0	0
9810	7790	9410	4031	3143088	390541074	3758234	497588669
9811	895	4235	2916	3143234	390570170	3933967	530502244
9812	5356	7254	3664	3143472	390618883	0	0
9813	665	8468	4258	3143944	390710400	0	0
9814	5671	9486	9474	3144139	390747803	0	0
9815	2026	4000	2718	3145045	390928537	0	0
9816	711	5190	7434	3145681	391044048	3369021	428378937
9817	7179	7346	7483	3146667	391233064	0	0
9818	1918	7499	2079	3146744	391248087	0	0
9819	3390	5887	5285	3147215	391339301	0	0
9820	1109	8438	5333	3147395	391372258	0	0
9821	1685	4552	2507	3147545	391397647	3553963	461621535
9822	3646	5005	7763	3147623	391412132	0	0
9823	4755	7353	3513	3147904	391467122	0	0
9824	493	8220	5788	3148281	391536286	0	0
9825	782	9189	11352	3148985	391678384	0	0
9826	4192	6278	6511	3149362	391747735	0	0
9827	2379	2614	2366	3149574	391789948	0	0
9828	1068	2459	1298	3149674	391808189	3694700	487087232
9829	2110	9646	5399	3149817	391836619	0	0
9830	2504	8682	3616	3152313	392294165	0	0
9831	4425	8878	9029	3152323	392296278	3171585	395298015
9832	3513	6652	3177	3153626	392503486	0	0
9833	360	3482	998	3155991	392850294	3809676	507578606
9834	3202	4668	7396	3156016	392854022	0	0
9835	1453	4363	5895	3156156	392871583	0	0
9836	7635	8648	6693	3156484	392911899	0	0
9837	2082	8055	15517	3158366	393164244	3181206	396692034
9838	3075	4884	5546	3158429	393172887	0	0
9839	3370	9150	1694	3159034	393256671	0	0
9840	4582	7441	6080	3159516	393321452	0	0
9841	3303	5799	4147	3159949	393381685	3222880	403681006
9842	379	7456	929	3160677	393482493	0	0
9843	5580	7592	2284	3160941	393516863	3195015	398692065
9844	5873	8294	4970	3161241	393557051	0	0
9845	7969	8200	14895	3161564	393599894	3594534	469028324
9846	423	5598	3380	3162015	393666871	3792582	504643549
9847	1214	8326	11191	3162265	393701788	0	0
9848	2214	9026	4845	3162314	393709869	0	0
9849	638	9513	15743	3162543	393749776	0	0
9850	5064	6011	6027	3163460	393929113	4206253	578390605
9851	4460	5403	11229	3164267	394080826	0	0
9852	490	3738	1496	3164286	394085000	3733894	493078408
9853	2227	7840	4859	3164750	394176209	3353791	425635361
9854	3003	8979	9525	3165086	394239289	0	0
9855	1454	8816	4065	3165188	394259716	0	0
9856	4184	8733	3922	3165298	394281163	3289163	415644225
9857	1794	4115	1705	3167883	394748628	3833996	512037747
9858	6123	9082	4474	3167969	394761621	0	0
9859	4193	4244	4523	3168565	394859679	3730065	492441068
9860	4497	4553	4322	3169916	395057804	4343503	605807104
9861	5985	6900	7631	3170108	395086841	4135540	566114725
9862	3226	4170	815	3170198	395099094	4363117	609983665
9863	1472	3343	1136	3171126	395236024	0	0
9864	2017	5877	3709	3171545	395292986	0	0
9865	110	9831	9059	3171585	395298015	0	0
9866	1281	2793	1309	3171634	395304741	0	0
9867	4381	4844	5292	3172514	395444955	0	0
9868	6598	7876	8605	3173476	395582030	0	0
9869	805	8649	5064	3174371	395710019	0	0
9870	4474	6014	4391	3175757	395891058	3573382	464842257
9871	6851	7254	6890	3176007	395922617	3969351	536981272
9872	5270	5379	8402	3176540	395997435	0	0
9873	711	4411	1800	3177325	396113050	3347852	424491329
9874	6917	7610	15732	3178185	396225554	0	0
9875	8675	9007	11309	3179140	396360919	3194240	398558336
9876	480	1471	484	3179189	396367783	0	0
9877	276	3143	1013	3179423	396403430	3194240	398558336
9878	1718	5278	6717	3179925	396483527	0	0
9879	2003	6068	8630	3180019	396500343	0	0
9880	5496	6779	5475	3180137	396519881	0	0
9881	4550	9837	19615	3181206	396692034	0	0
9882	2806	8371	4629	3181974	396829827	0	0
9883	4101	6021	4378	3182344	396892677	0	0
9884	5111	8712	3939	3182468	396914624	3629961	475562739
9885	1263	6609	2137	3182724	396960809	3339918	423254254
9886	892	6319	1387	3183041	397017057	3352764	425455954
9887	4865	8689	4407	3187702	397658689	0	0
9888	7309	8310	3437	3187759	397666297	0	0
9889	946	4671	6286	3188658	397770699	0	0
9890	4310	4763	5433	3188758	397781796	0	0
9891	9280	9694	6200	3189189	397831860	0	0
9892	6426	7797	7383	3189500	397865602	4167412	571530505
9893	6207	7365	4050	3189913	397916280	0	0
9894	389	5861	3501	3190419	397982912	3991050	541035302
9895	5062	8581	17760	3191135	398070586	0	0
9896	179	610	862	3191313	398097347	0	0
9897	2461	6275	2478	3191440	398114980	3675460	483803946
9898	2473	4300	3853	3191713	398156408	3866481	518278253
9899	3296	4799	3406	3191738	398160448	3583615	466612189
9900	528	5385	3721	3192066	398209180	0	0
9901	3088	4173	3535	3192353	398246907	3223928	403877267
9902	4327	9096	10358	3192608	398283477	0	0
9903	5314	6781	14642	3192766	398310760	3835708	512345320
9904	685	5561	708	3193170	398383511	0	0
9905	9875	9877	12322	3194240	398558336	3427397	438907251
9906	2730	9843	3444	3195015	398692065	3221445	403450388
9907	5638	6983	3172	3195122	398706218	0	0
9908	534	6871	2525	3195159	398710779	0	0
9909	6229	8799	12994	3195640	398792150	3231118	405211411
9910	338	9115	6119	3196155	398885342	0	0
9911	3606	8843	12663	3197055	399042244	4449561	625815228
9912	3690	6541	3989	3197632	399151698	3939885	531590020
9913	4030	4440	3817	3197977	399221556	0	0
9914	4103	8962	8254	3198012	399227280	0	0
9915	1299	7676	3313	3199455	399485413	4196199	576341637
9916	1495	9573	7369	3200050	399584435	0	0
9917	2216	4611	3197	3200544	399670583	0	0
9918	1458	6423	2941	3201485	399821361	0	0
9919	6563	9316	10459	3201896	399889130	0	0
9920	6052	6130	6178	3202621	400018425	3438423	440935863
9921	4853	9551	9732	3203040	400081819	0	0
9922	2579	7759	8676	3204191	400277086	0	0
9923	2071	4632	2761	3204242	400284574	0	0
9924	3232	4736	15230	3204333	400297673	3328650	421421620
9925	8571	9046	12579	3204416	400310894	0	0
9926	1446	3355	2496	3204425	400313040	3432936	439926735
9927	613	6403	8947	3204751	400382153	0	0
9928	1971	9725	11921	3205081	400456546	0	0
9929	3318	5260	4862	3205310	400506160	4221513	581387130
9930	4887	9208	6049	3207151	400899994	0	0
9931	1287	3522	1144	3207837	401040859	0	0
9932	8989	9504	19910	3207911	401051015	0	0
9933	5100	6981	15598	3207934	401056175	0	0
9934	4021	4259	2960	3209482	401400559	0	0
9935	4355	5536	6359	3210193	401538937	3976272	538211509
9936	557	4293	427	3211126	401708994	0	0
9937	168	5239	3818	3211940	401845623	0	0
9938	7487	9656	7703	3212211	401888462	0	0
9939	6384	9798	12592	3212363	401911430	0	0
9940	3839	9334	7633	3212480	401932890	0	0
9941	3509	3870	1689	3212630	401961871	3920510	528007538
9942	3981	7024	4088	3213470	402114615	0	0
9943	831	9730	8057	3213891	402190782	3294449	416549009
9944	4354	5140	10806	3214923	402383043	0	0
9945	4793	5525	4019	3214995	402393419	0	0
9946	4975	5780	3996	3216894	402723775	0	0
9947	4689	9419	8683	3217112	402757733	0	0
9948	4283	5030	7178	3217618	402845936	0	0
9949	2175	7199	10747	3218259	402948858	3362574	427208639
9950	2716	4763	2772	3218656	403016841	0	0
9951	3516	3624	1758	3219050	403082030	0	0
9952	1132	2575	928	3219687	403183698	3977093	538374904
9953	3445	5663	9938	3220678	403333488	0	0
9954	609	1229	636	3221032	403386823	0	0
9955	5068	9906	10198	3221445	403450388	0	0
9956	8405	8586	18629	3221762	403498846	3346620	424282017
9957	7959	9167	6122	3222408	403600789	0	0
9958	7763	9841	8504	3222880	403681006	3500040	452101452
9959	3906	6308	16840	3223208	403737778	3348811	424666484
9960	36	1390	384	3223606	403819088	4201972	577495457
9961	9158	9901	10808	3223928	403877267	0	0
9962	9282	9437	10302	3224187	403927568	0	0
9963	2212	4467	3693	3225309	404155897	0	0
9964	2067	4525	5269	3225507	404193571	3271530	412493488
9965	632	4839	1827	3225549	404201674	0	0
9966	1534	1970	2199	3225768	404246849	0	0
9967	7222	7499	4500	3226104	404305973	3586508	467261792
9968	3246	8935	6853	3226307	404344281	3278737	413677520
9969	6368	8061	14496	3226909	404470126	3367811	428110270
9970	1380	7471	2086	3227728	404643149	0	0
9971	473	3208	1172	3228777	404834073	3511520	454001138
9972	2437	3172	3690	3228821	404842173	0	0
9973	5243	6169	3230	3229020	404877536	0	0
9974	2130	3369	2016	3229397	404938392	0	0
9975	678	6109	4002	3230459	405108761	0	0
9976	5179	9909	14727	3231118	405211411	0	0
9977	5863	7319	8260	3231569	405288878	0	0
9978	4918	9740	14404	3232236	405403969	3973509	537699583
9979	3885	9576	3997	3232348	405426095	0	0
9980	4632	5708	3561	3232645	405482707	0	0
9981	224	3027	2382	3232715	405498141	3412700	436381584
9982	1330	7321	2763	3233109	405570614	0	0
9983	1758	3029	1313	3233246	405595763	0	0
9984	4640	5612	12070	3233332	405611851	0	0
9985	683	8510	1816	3234248	405789608	0	0
9986	2390	5596	3218	3234978	405911647	0	0
9987	1357	7170	2962	3235328	405975262	0	0
9988	3518	8606	8461	3235509	406009878	3246237	407996049
9989	8396	8627	6777	3235655	406037545	3845519	514258021
9990	2880	6703	12519	3235797	406065493	3745659	495093251
9991	1208	5960	3557	3237662	406422093	3465455	445906881
9992	3868	6573	4909	3237720	406430415	0	0
9993	1606	3785	4062	3238201	406518461	0	0
9994	131	2055	1345	3238494	406574061	0	0
9995	196	7629	1921	3238627	406600745	4134046	565860694
9996	4185	5530	4966	3238633	406601810	0	0
9997	8177	8606	5674	3238693	406613418	4038622	549632716
9998	75	4430	3238	3238833	406635223	0	0
9999	3663	4177	2697	3239099	406679422	0	0
10000	675	4822	2573	3239110	406682177	0	0
10001	2839	6840	8133	3239454	406749077	0	0
10002	2610	9262	7461	3239460	406750164	3742065	494418899
10003	2756	8697	12418	3240305	406923235	0	0
10004	2582	3869	3562	3240451	406952895	0	0
10005	1881	3496	3413	3241474	407163713	0	0
10006	1056	2395	684	3242065	407269781	4094006	559503035
10007	5238	9502	11083	3242569	407360613	0	0
10008	3378	3447	9884	3244095	407639295	0	0
10009	2314	3978	5117	3245078	407797884	3677485	484163862
10010	1884	3111	2210	3245311	407836166	3405875	435496873
10011	4604	9802	10293	3245736	407908124	3841690	513515855
10012	8820	8990	11821	3246184	407987048	0	0
10013	4375	9988	10435	3246237	407996049	3754345	496804235
10014	453	2099	1692	3246499	408045489	0	0
10015	5331	6996	12046	3246709	408083902	0	0
10016	1895	2395	598	3246789	408101778	0	0
10017	2463	9123	3044	3247262	408206015	0	0
10018	2450	6854	2811	3247472	408248063	0	0
10019	1841	9665	3895	3249009	408549673	0	0
10020	536	8941	2213	3249082	408564935	0	0
10021	1952	5976	3323	3249139	408577131	3780616	502289852
10022	1089	2753	395	3249561	408660030	0	0
10023	2644	6907	9668	3249662	408680504	0	0
10024	5478	6350	9257	3249984	408742922	0	0
10025	1513	4374	3292	3250080	408765781	0	0
10026	4126	4414	1912	3250809	408897958	0	0
10027	7712	9244	8651	3250884	408911491	3469562	446641784
10028	6749	7956	9704	3251259	408980783	0	0
10029	914	1004	975	3251429	409011746	0	0
10030	3742	7506	4668	3251867	409102600	0	0
10031	1109	3148	2109	3252305	409184793	3631775	475888617
10032	4407	7746	5534	3253051	409318177	0	0
10033	7101	7900	8331	3253838	409462002	0	0
10034	2228	6251	3050	3253937	409479702	0	0
10035	1804	9444	5876	3254000	409491147	0	0
10036	3000	6649	6729	3254039	409496524	0	0
10037	4406	4756	11760	3255403	409754634	3268455	411943391
10038	1640	4018	3376	3256077	409879153	0	0
10039	573	2507	2285	3256261	409908442	0	0
10040	5936	7303	2434	3256486	409948573	4026320	547587033
10041	449	8132	2384	3256767	409994695	0	0
10042	4708	7521	4846	3256875	410014986	0	0
10043	2865	5503	3239	3257572	410136161	0	0
10044	2557	9379	14223	3259478	410430516	0	0
10045	1619	9769	13530	3260393	410578518	0	0
10046	7605	9766	18114	3260501	410597813	0	0
10047	7534	7640	7416	3261362	410769498	0	0
10048	1754	9258	5102	3262679	411009476	0	0
10049	3606	5986	5196	3262878	411044347	3595596	469249897
10050	2520	7041	3151	3265292	411424767	0	0
10051	1317	3366	1488	3265534	411459513	0	0
10052	6248	9505	9640	3265895	411513381	0	0
10053	761	5774	7052	3266629	411615506	3546307	460494815
10054	2380	6136	3676	3266699	411627664	0	0
10055	5859	9292	11115	3266755	411635391	0	0
10056	3771	3868	3527	3267072	411691479	0	0
10057	6348	7419	8127	3267247	411723809	3674779	483679522
10058	387	3107	907	3267335	411739278	0	0
10059	7629	8915	3266	3267591	411787792	0	0
10060	2415	5487	4697	3268177	411897170	0	0
10061	3760	10037	14129	3268455	411943391	0	0
10062	1247	8595	6994	3268497	411952425	3507033	453266707
10063	3686	6095	2170	3269690	412178953	3848233	514790771
10064	1207	2786	1682	3269799	412200021	4135979	566190448
10065	55	7495	6446	3270823	412378696	3422226	437997253
10066	8536	9488	4399	3271270	412451205	3582096	466344336
10067	1320	9275	3175	3271397	412469950	0	0
10068	1741	9964	6802	3271530	412493488	0	0
10069	5508	9052	4386	3271665	412514762	3939418	531487787
10070	2352	3078	5241	3272410	412647705	0	0
10071	1357	6686	1778	3273720	412864881	0	0
10072	1660	5688	4651	3274055	412915825	0	0
10073	3187	7410	4529	3274387	412965558	4046661	550924598
10074	3718	6705	12382	3275504	413132815	0	0
10075	6993	9276	20424	3276201	413240987	4382794	613131809
10076	5270	5321	4742	3276773	413354722	0	0
10077	755	3083	2603	3276904	413375624	3575193	465133988
10078	3863	4043	8882	3278661	413662918	3584573	466792703
10079	5347	9968	7396	3278737	413677520	3584716	466826028
10080	6318	9032	5135	3278970	413716037	0	0
10081	7751	8521	17976	3279254	413766236	3920572	528020873
10082	3523	5310	3139	3279446	413805585	3365893	427767318
10083	1421	3883	4620	3279591	413832267	3574413	464999452
10084	4366	8534	5579	3279600	413833941	0	0
10085	1550	1900	1604	3279949	413903038	4196759	576440882
10086	1071	5370	2749	3280052	413922888	4197737	576628877
10087	155	2671	1072	3280464	414005149	0	0
10088	4112	5221	8928	3282068	414310004	0	0
10089	1318	6672	8927	3282097	414314551	3447982	442834189
10090	2429	9163	17697	3282808	414447221	4234844	583643837
10091	436	9336	1835	3283295	414552514	3650071	479263797
10092	6419	7185	9396	3283964	414675789	0	0
10093	1700	5634	5308	3284782	414836079	3803610	506530259
10094	7854	7939	2258	3285330	414948103	0	0
10095	8224	8784	4376	3286389	415129969	0	0
10096	502	2716	1626	3287766	415352000	0	0
10097	5508	5604	9858	3287879	415369703	0	0
10098	5665	8020	19034	3287893	415371796	3335531	422480832
10099	5638	9495	12107	3288131	415420138	0	0
10100	5663	7501	11230	3288570	415507602	0	0
10101	5700	7404	2338	3288675	415537579	4331105	603250624
10102	4063	9856	5489	3289163	415644225	3596536	469433028
10103	3026	4168	1219	3289783	415768231	4050174	551582878
10104	50	3853	2068	3291665	416123553	0	0
10105	2519	4058	4609	3291848	416151500	0	0
10106	147	5449	454	3293868	416474177	0	0
10107	787	9943	8532	3294449	416549009	0	0
10108	787	9694	2509	3294705	416586283	4013144	545093974
10109	1561	3794	5042	3295343	416680832	0	0
10110	3655	5536	7040	3295467	416698102	4118461	563631961
10111	4793	5286	4969	3295823	416752009	4202478	577596547
10112	366	4670	7259	3295923	416764944	3416994	437071826
10113	3704	4109	7741	3296161	416799788	3586209	467186165
10114	7856	7908	9225	3296741	416897718	0	0
10115	5336	6607	6035	3296897	416926151	3367037	427964601
10116	4653	8458	1790	3296911	416929606	0	0
10117	3954	5461	8011	3297444	417025342	0	0
10118	804	3885	1865	3299587	417356968	0	0
10119	7382	8032	6058	3299910	417403496	0	0
10120	5091	7262	12772	3300644	417508578	0	0
10121	8565	8737	11619	3300774	417529404	0	0
10122	4869	8868	3041	3301281	417607412	0	0
10123	5066	8804	6191	3301534	417647066	0	0
10124	3917	4073	3238	3301789	417685821	3765174	498929397
10125	6921	9736	5964	3302452	417790748	0	0
10126	2911	8770	3971	3304767	418137196	0	0
10127	4121	4123	3058	3305205	418193787	0	0
10128	2932	5774	6991	3305998	418294322	3991050	541035302
10129	608	6141	4557	3306564	418368486	4431818	622205343
10130	3398	4559	1671	3306632	418376690	3950417	533371859
10131	2648	7670	4930	3308039	418545889	0	0
10132	1614	3573	2309	3308270	418573785	3369021	428378937
10133	5089	6415	10553	3308520	418604303	0	0
10134	2609	5920	2620	3309610	418744876	0	0
10135	3921	8039	9463	3311058	418913193	0	0
10136	2193	9371	3752	3311114	418920165	3701114	488204841
10137	5804	7361	6881	3311411	418957278	3634336	476333435
10138	4079	4227	1863	3311550	418974656	0	0
10139	3304	9492	2392	3312153	419052566	0	0
10140	4543	7108	7189	3312163	419053627	4356697	608791249
10141	5032	6506	4674	3312550	419107949	3513210	454266165
10142	3865	5986	5166	3312759	419137271	3736212	493481267
10143	5421	8608	5277	3312974	419168167	4443797	624679385
10144	1541	2383	3566	3313004	419171872	0	0
10145	4707	4908	6823	3313095	419186039	0	0
10146	674	4966	2044	3313226	419205114	0	0
10147	1943	4140	4519	3313934	419312779	0	0
10148	3915	4847	5555	3313990	419321741	0	0
10149	2611	5296	1146	3314644	419424410	0	0
10150	2130	3602	5054	3314768	419442058	3381080	430543845
10151	6551	7092	8958	3315308	419526887	0	0
10152	1640	5842	6483	3316690	419721370	0	0
10153	8702	9031	6768	3316710	419724503	0	0
10154	1624	7698	6209	3317404	419829071	0	0
10155	1925	4528	2110	3320454	420224679	0	0
10156	6292	8152	13619	3320585	420239551	0	0
10157	3368	8137	6529	3321297	420329106	4062883	554019863
10158	6638	8191	6434	3321588	420365110	0	0
10159	1186	4378	4334	3322049	420423828	0	0
10160	977	8571	5822	3322202	420442441	0	0
10161	808	1021	598	3322347	420463182	3711193	489731122
10162	4462	4805	5348	3322779	420521395	4108489	562076495
10163	3868	7634	1605	3323372	420603890	0	0
10164	3921	4233	4138	3323925	420674145	4029659	548157649
10165	2184	8277	8272	3323980	420681190	4044091	550458625
10166	1884	6296	3315	3324036	420689560	0	0
10167	1297	9132	15208	3324043	420690436	0	0
10168	1397	2808	2811	3324114	420700235	3697260	487504426
10169	2692	7244	3570	3324195	420714843	3698996	487824170
10170	3906	4437	12604	3324549	420778276	4323575	601943790
10171	1948	4100	1047	3325717	420982670	0	0
10172	191	3392	2357	3326490	421102991	0	0
10173	1202	2240	1661	3326560	421113438	0	0
10174	3750	7223	5953	3326675	421131517	4078994	557146333
10175	5138	6170	8351	3327473	421253610	0	0
10176	3912	8294	8488	3328482	421397849	3436936	440644006
10177	405	7361	4122	3328627	421419260	0	0
10178	8666	9924	17262	3328650	421421620	3392395	433045628
10179	159	6289	2879	3329153	421509017	3886163	522286602
10180	420	2446	81	3330749	421770204	0	0
10181	898	4619	5319	3331551	421891779	4002417	542790915
10182	3145	3352	3786	3331839	421934811	3489346	450375196
10183	6462	7772	10249	3331974	421953665	0	0
10184	1970	4443	2859	3333042	422112056	4307132	598448981
10185	2814	5983	4842	3333535	422180023	3369922	428581809
10186	4809	9021	7906	3333648	422194513	3689344	486247758
10187	806	3668	1849	3333652	422195291	0	0
10188	5670	8783	4463	3333798	422217107	0	0
10189	1455	4391	1583	3334032	422257711	3339918	423254254
10190	5405	5599	3883	3334334	422303313	4265319	589462744
10191	1508	7454	2853	3335008	422404813	0	0
10192	1832	4600	4637	3335098	422416318	0	0
10193	505	10098	19429	3335531	422480832	0	0
10194	2511	4735	4232	3335557	422485092	0	0
10195	8643	9488	9689	3335754	422522726	0	0
10196	3151	9303	4399	3336437	422645823	0	0
10197	2626	5481	4471	3337254	422797180	3404757	435330111
10198	2614	8661	3106	3337658	422866278	0	0
10199	8562	9786	7370	3337823	422896384	0	0
10200	217	1702	825	3338637	423046436	0	0
10201	667	2192	3918	3338780	423069491	0	0
10202	2457	8851	7410	3339589	423198023	3436806	440624369
10203	9885	10189	3720	3339918	423254254	3691972	486644288
10204	1031	4793	3753	3340626	423372967	0	0
10205	972	1799	1555	3340667	423377328	4351297	607710304
10206	637	9247	8205	3341205	423466147	0	0
10207	99	190	220	3341238	423472678	0	0
10208	2746	9358	5678	3341344	423490872	0	0
10209	356	5097	5429	3342184	423631531	0	0
10210	1210	8212	1249	3343069	423776512	0	0
10211	4335	9156	3880	3343168	423791722	0	0
10212	2531	4348	5823	3343699	423871781	0	0
10213	5826	9545	6878	3345779	424171212	0	0
10214	768	859	857	3346470	424262617	0	0
10215	2853	9956	21564	3346620	424282017	0	0
10216	6362	6991	6017	3346631	424283396	0	0
10217	4070	8379	4443	3347556	424440952	0	0
10218	7818	8112	5052	3347590	424447069	0	0
10219	2863	4498	3196	3347756	424473477	0	0
10220	6493	9873	6793	3347852	424491329	0	0
10221	5845	8583	12552	3348556	424620383	0	0
10222	3183	9959	18297	3348811	424666484	4147473	568285055
10223	1137	4995	957	3349278	424763425	3457184	444568902
10224	3936	8540	5301	3349462	424800451	4197097	576500999
10225	4449	6496	3339	3349966	424904203	0	0
10226	261	7578	4337	3350776	425061835	0	0
10227	7134	7194	5884	3350802	425066077	0	0
10228	158	6857	2907	3351247	425156653	3762128	498344428
10229	4430	7556	9095	3351917	425285702	0	0
10230	389	8886	1395	3352538	425409203	4425663	620771535
10231	7076	9886	4587	3352764	425455954	3533791	458411058
10232	5538	8637	6020	3353622	425606021	3487397	450047575
10233	1973	9853	5592	3353791	425635361	0	0
10234	3121	6967	3640	3353829	425640133	0	0
10235	2190	3586	2324	3354004	425674863	4017374	545859456
10236	1720	3899	2811	3354014	425676653	3747743	495528549
10237	5322	8950	10944	3354241	425718755	0	0
10238	1929	6111	5218	3355558	425981787	0	0
10239	3453	5206	4634	3355621	425995620	0	0
10240	806	8181	3997	3356931	426255707	0	0
10241	3563	7562	3733	3357744	426389512	4123330	564259053
10242	3734	8043	2741	3358025	426438952	4335446	604039567
10243	5112	5550	6683	3358354	426492625	0	0
10244	2946	4016	6498	3358633	426541752	0	0
10245	2308	7951	3414	3358913	426592884	3948631	533084326
10246	3214	8615	6834	3359003	426609919	0	0
10247	6645	7380	15162	3360597	426877618	4044971	550604787
10248	4248	7918	4226	3361373	427017011	3369922	428581809
10249	3117	3158	3544	3361413	427024207	0	0
10250	4060	9949	16226	3362574	427208639	0	0
10251	946	8825	3463	3364253	427485390	0	0
10252	1770	7458	14765	3364318	427493276	4297292	595904784
10253	2476	4939	9670	3365164	427641257	0	0
10254	3171	5632	3274	3365773	427745673	0	0
10255	7993	10082	5207	3365893	427767318	0	0
10256	5062	8044	6669	3366471	427866067	0	0
10257	210	10115	6063	3367037	427964601	0	0
10258	7341	9747	14853	3367169	427984480	3671062	483027486
10259	4589	9969	19153	3367811	428110270	0	0
10260	7628	8979	9818	3367879	428124807	3513381	454306135
10261	841	5283	1714	3367949	428141811	0	0
10262	1194	9216	3510	3368086	428171826	3440351	441382633
10263	2422	9551	7720	3368781	428328790	0	0
10264	5277	6079	6208	3368824	428337437	0	0
10265	9816	10132	9743	3369021	428378937	0	0
10266	1733	9429	8211	3369793	428549085	3529237	457492770
10267	10185	10248	9068	3369922	428581809	0	0
10268	344	2617	2211	3370635	428740948	4014257	545288999
10269	37	2057	3240	3372877	429192000	3792463	504618075
10270	5765	7092	8684	3373427	429302266	0	0
10271	446	6826	1800	3374666	429528038	0	0
10272	368	3153	1622	3374670	429528406	4008870	544221069
10273	7076	8539	7275	3375401	429643765	0	0
10274	392	6794	10498	3375591	429677333	4413672	618394944
10275	1605	3371	1669	3376316	429800464	0	0
10276	1078	8390	2283	3377587	429992142	4391516	614660370
10277	2182	9714	7227	3377746	430014018	3422797	438096627
10278	4708	5010	5336	3378018	430052635	0	0
10279	1862	6951	5449	3378219	430084482	3501960	452473748
10280	2099	6401	3258	3378608	430143821	3729546	492358754
10281	35	8767	3805	3378735	430163349	0	0
10282	3893	7176	4856	3379324	430253146	3932753	530305198
10283	1464	3941	1861	3379501	430278471	4069975	555509381
10284	1620	8078	3066	3379848	430333535	0	0
10285	3235	7463	9444	3380009	430356793	0	0
10286	2604	8687	14995	3380604	430456325	4388134	613998756
10287	24	8444	8892	3380944	430518633	0	0
10288	9205	10150	11348	3381080	430543845	0	0
10289	3745	7808	16417	3381102	430548000	0	0
10290	3887	8547	12737	3381191	430567759	0	0
10291	5879	9398	7934	3381340	430602681	0	0
10292	3455	5631	3790	3381744	430722213	3538201	459282306
10293	2378	4198	2895	3382393	430878412	3458460	444762937
10294	4663	7693	9776	3383671	431182492	3480510	448753524
10295	4101	4710	9035	3384042	431262613	0	0
10296	8203	8235	7627	3385346	431549889	4166624	571401066
10297	8592	9260	8564	3385490	431581208	3894984	523877333
10298	7688	8882	3863	3385964	431681916	0	0
10299	4087	9098	3880	3386013	431692322	4259878	588428041
10300	1376	4606	1233	3387588	432036929	0	0
10301	225	6536	12244	3388318	432178939	0	0
10302	2921	8896	10490	3388342	432184423	0	0
10303	1579	6258	2919	3388412	432201141	3666449	482111182
10304	7395	9571	12654	3388732	432264294	4128505	564954031
10305	1225	1791	669	3388781	432275740	0	0
10306	1304	2115	2366	3388877	432299997	0	0
10307	457	4935	264	3390709	432711331	3745516	495064187
10308	3983	4087	4152	3390974	432761440	0	0
10309	119	6925	5746	3391140	432794015	0	0
10310	2172	7865	11369	3391781	432921463	0	0
10311	1402	10178	18331	3392395	433045628	3647353	478795652
10312	3560	8660	9400	3392751	433120605	0	0
10313	1307	9478	1738	3395275	433641213	0	0
10314	2737	5887	6233	3395395	433662661	0	0
10315	1174	6339	4044	3395501	433682844	4177883	573422415
10316	4326	7013	8157	3396526	433869639	0	0
10317	2658	9351	5647	3396707	433902329	0	0
10318	5995	8017	14808	3396816	433923791	0	0
10319	1229	10098	19377	3397164	433993098	0	0
10320	1429	2179	2392	3399681	434507132	0	0
10321	4263	8670	4396	3400092	434576714	0	0
10322	1879	3087	4366	3400748	434686390	0	0
10323	2224	9537	12205	3402247	434920344	0	0
10324	3889	8875	5232	3402424	434952782	0	0
10325	4013	4448	4924	3403067	435062324	0	0
10326	4596	5445	2714	3403460	435128523	0	0
10327	1891	10197	6414	3404757	435330111	4427656	621223262
10328	1552	10010	5462	3405875	435496873	3576969	465434670
10329	816	5755	1375	3406400	435573316	0	0
10330	6801	9113	2912	3406869	435633511	0	0
10331	5884	7209	9436	3407150	435673172	0	0
10332	1480	6295	4279	3407960	435787877	4206065	578351222
10333	1358	8743	4540	3408188	435819239	3623078	474301440
10334	2925	9503	3525	3408951	435921451	0	0
10335	2586	5061	1201	3408977	435924470	0	0
10336	1590	4898	2546	3409689	436014521	0	0
10337	820	3655	1690	3409852	436036672	3676818	484051730
10338	4199	6886	7020	3411906	436282934	0	0
10339	3796	7246	5049	3411910	436283318	0	0
10340	3363	6179	1967	3412162	436313471	0	0
10341	6690	8341	10333	3412244	436323409	3768914	499661494
10342	2118	5491	5099	3412386	436340626	0	0
10343	2079	9981	3244	3412700	436381584	4041745	550082999
10344	5967	8758	19583	3413265	436457230	0	0
10345	1738	6615	394	3414183	436604298	0	0
10346	1499	4693	2832	3414981	436714433	3741678	494352047
10347	4268	7404	4248	3415091	436729035	0	0
10348	8712	9126	30376	3415646	436804078	0	0
10349	4507	6511	9989	3415915	436860048	0	0
10350	2168	7102	6369	3415971	436870083	0	0
10351	4388	4584	3945	3416086	436896541	0	0
10352	5872	10112	9321	3416994	437071826	0	0
10353	1660	8042	3744	3417587	437187186	0	0
10354	369	6836	2780	3417722	437217493	0	0
10355	4609	9248	7818	3417903	437250995	0	0
10356	4113	6170	1404	3418021	437271522	3848687	514874279
10357	2201	6326	6619	3418170	437297804	0	0
10358	6607	8876	4830	3419407	437543507	3625870	474803898
10359	3384	4391	2198	3420533	437736448	4217568	580660940
10360	2502	7606	5646	3422102	437976831	0	0
10361	1639	10065	7555	3422226	437997253	3606128	471215481
10362	1028	3582	1331	3422435	438032680	0	0
10363	4879	8617	16615	3422696	438077030	3596786	469478874
10364	8341	10277	13389	3422797	438096627	0	0
10365	5387	6026	3756	3423219	438185515	0	0
10366	4121	9381	1934	3424385	438400820	0	0
10367	2419	6764	5347	3425148	438539030	3665410	481908193
10368	2102	3362	2066	3425360	438575012	4195185	576199110
10369	73	5824	1532	3426130	438696747	4187995	575064053
10370	1067	7818	4100	3426238	438713986	4252919	587024236
10371	8439	9800	10580	3426372	438734874	0	0
10372	1092	1987	1652	3426629	438779206	0	0
10373	2973	6105	5401	3426763	438800096	4446209	625134069
10374	4224	6854	3154	3427348	438899110	0	0
10375	596	9905	13089	3427397	438907251	0	0
10376	2985	6796	4115	3427522	438929808	0	0
10377	3297	10112	10898	3429143	439221781	0	0
10378	8334	8781	11111	3429852	439342548	3443788	442059603
10379	2685	6550	4921	3429964	439362840	0	0
10380	5993	9461	11175	3430138	439393314	0	0
10381	3427	5502	14027	3430513	439465289	0	0
10382	1271	3252	2524	3430803	439525081	0	0
10383	3850	8394	13373	3432311	439811155	0	0
10384	4785	9926	4588	3432936	439926735	0	0
10385	5052	5736	10125	3434085	440145133	3963925	535958482
10386	3047	9376	3544	3434139	440153128	3551689	461310387
10387	53	6727	4578	3434654	440246544	0	0
10388	2230	7117	6234	3435754	440436979	0	0
10389	930	7587	6718	3435797	440444622	0	0
10390	2884	5447	3502	3436502	440572905	0	0
10391	4344	10202	9001	3436806	440624369	0	0
10392	6854	10176	10002	3436936	440644006	0	0
10393	1409	5806	4889	3437662	440782205	4002365	542781274
10394	3177	8801	2301	3437708	440790749	0	0
10395	2171	7783	9140	3437752	440800077	0	0
10396	3408	6344	7120	3437975	440845883	0	0
10397	47	8917	12646	3438334	440920167	0	0
10398	9793	9920	21272	3438423	440935863	3513271	454278076
10399	9784	10262	8894	3440351	441382633	0	0
10400	1662	3579	1961	3440557	441427298	0	0
10401	56	5791	2101	3441190	441563197	0	0
10402	1572	5124	2859	3442408	441811035	0	0
10403	419	8812	5085	3442795	441878690	0	0
10404	5835	8722	3902	3443254	441962431	0	0
10405	9798	10378	22888	3443788	442059603	0	0
10406	3196	8912	9350	3446281	442544220	0	0
10407	6837	8062	12413	3447727	442792451	0	0
10408	3229	10089	11207	3447982	442834189	0	0
10409	2402	7610	6166	3448227	442880298	0	0
10410	1469	5593	5072	3448523	442942667	4408940	617556166
10411	2374	3200	1787	3448873	443009711	0	0
10412	3783	6505	4533	3449400	443111188	0	0
10413	2170	3294	4130	3450076	443237539	4422839	620079668
10414	857	4695	2958	3450522	443313304	4223309	581717919
10415	6240	8758	22606	3450712	443343833	0	0
10416	1077	7062	14937	3451014	443402060	0	0
10417	4408	4563	7753	3451118	443424125	0	0
10418	4301	9159	2493	3451231	443443834	0	0
10419	9657	9801	6960	3452007	443606730	4389782	614309163
10420	8265	8335	11914	3452508	443711558	4258147	588063870
10421	3124	8537	3658	3452780	443776942	0	0
10422	232	2982	3580	3453068	443832516	4293546	594841447
10423	1439	2375	1613	3454705	444148591	3835708	512345320
10424	2733	5110	2868	3454872	444176876	0	0
10425	1677	2068	2906	3455233	444248041	0	0
10426	3214	10223	5598	3457184	444568902	4341363	605200317
10427	6449	8574	4881	3457210	444572554	0	0
10428	1852	3218	2717	3457861	444673037	0	0
10429	2136	10293	4462	3458460	444762937	0	0
10430	7769	8726	17183	3458687	444799419	0	0
10431	4656	7491	6750	3459615	444958483	3998257	542210328
10432	613	9736	3508	3459646	444964580	0	0
10433	1812	4658	4967	3461753	445291383	3818230	509306230
10434	3363	9146	4830	3462218	445359100	0	0
10435	7480	8909	13448	3462240	445362505	4279268	591912415
10436	1049	9412	5491	3462350	445379054	0	0
10437	351	1230	579	3462571	445419090	0	0
10438	4194	9637	15675	3462886	445472582	4021873	546725658
10439	786	4199	3140	3463311	445552390	0	0
10440	9463	9991	24336	3465455	445906881	3952631	533723278
10441	3168	4939	10234	3467074	446199247	0	0
10442	1805	6301	6667	3467399	446254498	0	0
10443	3666	8727	11863	3467885	446340186	0	0
10444	1812	3204	2724	3468686	446488323	0	0
10445	6661	8579	6804	3469300	446594592	0	0
10446	4182	10027	11547	3469562	446641784	0	0
10447	3523	8752	5471	3470046	446736368	0	0
10448	7435	9716	5411	3470691	446856729	0	0
10449	5590	8544	11850	3471176	446944856	0	0
10450	4719	8955	8117	3471431	446991430	0	0
10451	150	4820	5932	3471589	447025999	3609057	471834263
10452	3301	3752	6579	3471813	447069950	0	0
10453	4584	9041	8075	3472805	447271229	0	0
10454	86	4054	901	3472934	447296641	0	0
10455	1193	1286	1945	3473895	447474671	3538776	459388905
10456	3562	6192	8172	3474171	447522284	4255447	587496121
10457	2142	6439	3084	3474326	447546855	0	0
10458	537	9414	6073	3475392	447728808	0	0
10459	3011	6498	7964	3475614	447769580	0	0
10460	1946	3592	2684	3475674	447781003	0	0
10461	5355	9405	28285	3476279	447888984	0	0
10462	2641	3610	1326	3476743	447981779	0	0
10463	5374	7022	2192	3477050	448045450	0	0
10464	5824	8125	6096	3477361	448109411	3981125	539120454
10465	4979	8193	6033	3477707	448183521	0	0
10466	1559	1896	2119	3478625	448375695	0	0
10467	1749	6523	7550	3478939	448437996	0	0
10468	4380	7578	10899	3478973	448446577	0	0
10469	2662	9968	9232	3479542	448566418	0	0
10470	932	2275	725	3479595	448579754	3578255	465628587
10471	2864	4962	5132	3480401	448728985	0	0
10472	8058	10294	22490	3480510	448753524	4137345	566447632
10473	2944	4609	9184	3481398	448954999	0	0
10474	4347	4380	10104	3481515	448981220	3491624	450727078
10475	3139	9566	5639	3483011	449289179	0	0
10476	285	9115	6130	3483391	449363364	0	0
10477	3674	4048	6648	3483848	449453936	3624102	474476521
10478	5091	9229	10257	3486675	449933517	3735381	493332139
10479	6593	7680	3484	3486993	449984124	3645822	478538812
10480	796	10232	6174	3487397	450047575	0	0
10481	267	7821	5517	3487434	450053736	4005493	543444044
10482	2298	6834	1364	3487611	450086231	0	0
10483	3442	8838	9030	3488537	450240423	0	0
10484	369	10182	4041	3489346	450375196	0	0
10485	3403	7446	3926	3490659	450589166	0	0
10486	4646	5311	4031	3491314	450682884	0	0
10487	952	6631	3597	3491502	450713079	0	0
10488	180	10474	10128	3491624	450727078	0	0
10489	1978	6962	6624	3491698	450738326	3980382	538986124
10490	7462	9214	2969	3492759	450901277	0	0
10491	2385	7034	4674	3493695	451036987	0	0
10492	9067	9807	5212	3493757	451046945	0	0
10493	6847	9780	1682	3494057	451097370	0	0
10494	532	7791	1987	3494309	451135208	3722257	491197644
10495	6071	7902	9897	3494541	451175992	0	0
10496	4595	4742	4336	3494756	451208441	3724215	491514342
10497	4728	4789	5076	3495136	451268891	0	0
10498	4820	8065	6691	3495147	451270256	0	0
10499	1513	4865	4847	3495322	451298821	0	0
10500	878	6439	2565	3496192	451439349	0	0
10501	623	8079	4426	3496451	451483462	0	0
10502	1294	8183	12483	3496984	451570271	4152767	569255415
10503	7360	9696	8031	3497634	451677718	0	0
10504	1856	9194	3921	3498121	451763462	0	0
10505	1527	8134	13550	3498826	451880237	0	0
10506	3554	8793	10227	3499310	451963080	0	0
10507	3672	6126	9315	3499727	452040302	0	0
10508	3196	9958	10781	3500040	452101452	0	0
10509	1913	9543	2982	3500254	452144251	0	0
10510	2466	6698	1551	3500701	452234279	0	0
10511	1477	4497	2928	3500946	452278308	0	0
10512	3431	9020	2652	3501029	452295483	4002417	542790915
10513	4332	10279	5934	3501960	452473748	0	0
10514	1437	7580	3545	3504503	452885294	0	0
10515	6373	6662	3252	3505119	452974140	3594732	469069829
10516	2765	9226	8529	3505126	452975042	0	0
10517	3601	9663	3092	3505799	453076010	0	0
10518	1219	1686	853	3506315	453157091	0	0
10519	8736	9450	5926	3506336	453159985	0	0
10520	6405	9711	4720	3506890	453243793	0	0
10521	5165	10062	7711	3507033	453266707	0	0
10522	2507	3433	1753	3507102	453275674	0	0
10523	9241	9508	5818	3507191	453291190	0	0
10524	3513	4664	13374	3507339	453315640	0	0
10525	2496	8488	7082	3509056	453607156	0	0
10526	515	8815	3676	3509788	453724542	0	0
10527	6491	8509	3421	3510133	453781939	0	0
10528	2750	5701	9316	3510415	453827275	0	0
10529	6502	8192	9125	3511252	453957763	0	0
10530	320	9971	1433	3511520	454001138	0	0
10531	1203	2401	4916	3512711	454185635	0	0
10532	2944	7689	8568	3512790	454197437	0	0
10533	8653	9230	17353	3513077	454245524	0	0
10534	6499	10141	11109	3513210	454266165	0	0
10535	9091	10398	22889	3513271	454278076	4059211	553235289
10536	7296	10260	17632	3513381	454306135	0	0
10537	8879	9969	29473	3513810	454419147	0	0
10538	90	3564	1605	3514727	454662402	0	0
10539	574	7385	10250	3515395	454839574	0	0
10540	851	5248	1842	3515727	454925598	4405427	616934789
10541	1866	5776	1752	3516685	455152125	0	0
10542	3405	4366	3658	3518032	455455323	0	0
10543	295	3635	6318	3518644	455579039	0	0
10544	4355	4561	4847	3518911	455637040	0	0
10545	1288	2394	3751	3519366	455729566	0	0
10546	2559	7795	6312	3519788	455814252	0	0
10547	3469	3639	2058	3520316	455916154	0	0
10548	5801	7680	4182	3520689	455990756	4078936	557135644
10549	430	829	621	3520879	456026812	0	0
10550	2432	2496	2933	3521947	456225285	0	0
10551	1183	3248	2308	3522033	456238994	0	0
10552	6246	8550	8848	3522218	456266601	3915628	527234732
10553	1481	4862	2037	3522551	456330876	0	0
10554	214	6988	1938	3524014	456591616	0	0
10555	4748	6468	4343	3524416	456652574	0	0
10556	2872	5632	3655	3525697	456843516	0	0
10557	2134	8792	10710	3525836	456863355	4092977	559332953
10558	7055	9526	4530	3525969	456884629	0	0
10559	959	9417	5542	3525988	456887232	0	0
10560	7732	8480	14588	3526019	456891200	0	0
10561	6641	9264	3039	3526888	457071632	0	0
10562	7031	7636	8849	3527884	457246096	0	0
10563	4539	8869	6900	3528480	457356932	3948631	533084326
10564	7494	10266	12919	3529237	457492770	0	0
10565	6525	7286	2423	3529656	457574973	0	0
10566	4057	9538	9238	3530383	457702920	0	0
10567	7308	9378	10224	3530896	457792088	3798429	505663546
10568	6985	8166	12799	3531188	457843629	0	0
10569	133	725	755	3531672	457945526	4241923	585036994
10570	2744	4237	9646	3531710	457951505	0	0
10571	1819	6614	4201	3532201	458054503	0	0
10572	8298	8438	17387	3532249	458065956	0	0
10573	3049	8574	4078	3532538	458130584	0	0
10574	1374	6925	7462	3532636	458156030	3871675	519389284
10575	7114	7688	7311	3533307	458301561	3946884	532810877
10576	2895	10231	4836	3533791	458411058	3878150	520805994
10577	1984	8348	17871	3534336	458522996	0	0
10578	1018	7730	1227	3534751	458610810	0	0
10579	244	2936	656	3535793	458831532	0	0
10580	524	2360	1608	3536079	458882882	0	0
10581	3523	4463	1831	3536911	459051464	0	0
10582	384	5488	1804	3537693	459195536	0	0
10583	3525	10292	5793	3538201	459282306	0	0
10584	349	10455	1977	3538776	459388905	0	0
10585	1641	7563	2774	3540397	459648631	0	0
10586	700	3706	3320	3541350	459790007	3603090	470683991
10587	395	3431	782	3541528	459814500	0	0
10588	5028	7621	4347	3542096	459891780	0	0
10589	192	1667	533	3542205	459905389	0	0
10590	1171	5503	3073	3542817	459991767	0	0
10591	1971	9538	7379	3542891	460000684	0	0
10592	929	7407	3339	3542950	460009217	4095950	559826511
10593	5135	8242	4532	3543273	460057260	0	0
10594	7104	8886	4510	3543352	460069172	0	0
10595	3704	9622	13915	3544493	460233552	0	0
10596	2387	2847	3592	3544663	460255573	0	0
10597	6957	7803	3565	3544687	460259361	0	0
10598	2390	10053	8030	3546307	460494815	0	0
10599	6852	6895	10848	3546605	460540582	3684132	485344980
10600	3171	4454	656	3547562	460697403	0	0
10601	3034	3543	4412	3548006	460762660	0	0
10602	4678	8104	15269	3548822	460886879	4196199	576341637
10603	1399	5209	4007	3549858	461043353	0	0
10604	5270	9497	7623	3549912	461051455	0	0
10605	6770	10386	4870	3551689	461310387	3713047	489978261
10606	2819	8060	1870	3552080	461361830	4229599	582788534
10607	2169	2302	4821	3552355	461400092	0	0
10608	927	2746	1547	3553071	461501806	0	0
10609	1690	6331	4683	3553148	461511433	0	0
10610	4715	6185	2606	3553175	461515303	0	0
10611	3568	9821	3484	3553963	461621535	4150819	568916947
10612	5794	9004	6880	3554504	461691667	0	0
10613	574	4621	2131	3555295	461800680	0	0
10614	450	8319	6361	3555767	461861898	3628599	475314308
10615	6188	6707	9111	3556056	461899008	4329144	602884103
10616	4043	8480	13919	3556772	461994771	3662789	481477401
10617	208	7718	3375	3556878	462013141	0	0
10618	5257	5312	3277	3556998	462028767	0	0
10619	2402	3602	6381	3557247	462068405	0	0
10620	1426	5099	783	3557363	462087536	4225200	582033430
10621	8037	9784	7154	3557375	462089942	0	0
10622	7622	8004	7132	3557448	462100596	4103012	561132001
10623	768	3998	2760	3558076	462208056	0	0
10624	3367	9736	4176	3558650	462294652	0	0
10625	5608	9789	8736	3559231	462385749	0	0
10626	404	2060	1697	3559264	462392448	3700943	488175720
10627	8980	9685	12483	3559728	462468548	0	0
10628	975	7994	12119	3560378	462584961	4454703	626869390
10629	2058	7363	7227	3561116	462719797	0	0
10630	2661	8911	12357	3561691	462828682	0	0
10631	965	4066	1257	3561820	462854556	0	0
10632	4573	6333	2600	3562989	463069325	0	0
10633	5474	8183	19541	3564130	463258866	0	0
10634	360	2688	630	3564163	463265074	0	0
10635	439	1149	1323	3564978	463406869	3806841	507077836
10636	1576	7042	2878	3565326	463460105	0	0
10637	4699	9743	6906	3565573	463500238	0	0
10638	292	6486	3005	3566296	463623541	0	0
10639	4955	6841	9907	3566538	463662916	0	0
10640	838	7229	5195	3566643	463681297	0	0
10641	4572	9449	6799	3566901	463727878	0	0
10642	270	7613	6624	3567167	463776940	3829123	511188213
10643	7424	9506	12346	3568247	463967914	0	0
10644	4621	4979	3509	3568595	464031433	3584791	466841833
10645	6426	9245	14286	3568920	464086725	4445058	624893889
10646	987	2038	3022	3569148	464125445	0	0
10647	3035	6830	1378	3569738	464235470	0	0
10648	231	4620	4802	3570831	464438249	3707117	489182798
10649	3179	4154	5878	3571145	464491185	0	0
10650	1155	6378	1882	3571549	464563230	0	0
10651	7164	9870	5174	3573382	464842257	0	0
10652	1559	7955	3067	3573618	464875662	4220142	581138586
10653	3376	6242	9046	3573681	464885209	0	0
10654	1471	7546	8770	3574343	464987136	0	0
10655	579	10083	4852	3574413	464999452	3833418	511931023
10656	3790	7576	7398	3574622	465036020	0	0
10657	6236	10077	6256	3575193	465133988	0	0
10658	2506	9616	3961	3575401	465171907	0	0
10659	4423	10328	9270	3576969	465434670	0	0
10660	773	8711	16680	3578247	465627554	0	0
10661	1861	10470	839	3578255	465628587	0	0
10662	6864	7976	8576	3578386	465650719	0	0
10663	4824	6851	9196	3578695	465708598	0	0
10664	5948	6319	7750	3578815	465731762	0	0
10665	7931	9122	11900	3579702	465898173	0	0
10666	2297	9135	4463	3579837	465920662	0	0
10667	632	2328	1047	3581013	466140941	0	0
10668	2870	7085	9408	3581161	466168527	0	0
10669	4069	5461	6764	3581335	466204932	0	0
10670	36	10066	4405	3582096	466344336	0	0
10671	701	1375	873	3582124	466349642	0	0
10672	2275	8124	4793	3582924	466488069	3733894	493078408
10673	2678	4024	3885	3583172	466532216	0	0
10674	5428	9899	8075	3583615	466612189	0	0
10675	1100	1188	1392	3583701	466628276	3685215	485526120
10676	8697	9755	14431	3583932	466665757	0	0
10677	4844	7261	8027	3584047	466683305	3620600	473865517
10678	2796	8482	6142	3584066	466687090	0	0
10679	6671	10078	10797	3584573	466792703	0	0
10680	4663	10079	10602	3584716	466826028	0	0
10681	8367	10644	7091	3584791	466841833	0	0
10682	3089	4908	9397	3584859	466858894	0	0
10683	4265	8818	8596	3585060	466907588	3954856	534249232
10684	622	2833	2802	3585982	467132903	0	0
10685	135	10113	7807	3586209	467186165	3938450	531277108
10686	5708	8580	8272	3586446	467246927	0	0
10687	6166	9967	11620	3586508	467261792	0	0
10688	500	9719	10065	3587308	467464193	0	0
10689	77	6271	7545	3587993	467644780	0	0
10690	5807	8453	14437	3589943	468092232	0	0
10691	2077	8151	5770	3590460	468213631	0	0
10692	5610	9522	8461	3592077	468556647	0	0
10693	2203	3865	1568	3592218	468585820	0	0
10694	288	9470	4405	3592412	468623483	0	0
10695	1004	8110	3589	3593417	468825583	0	0
10696	3942	9845	20707	3594534	469028324	0	0
10697	5330	10515	5590	3594732	469069829	0	0
10698	4783	10049	7419	3595596	469249897	3734072	493108348
10699	6235	10102	6956	3596536	469433028	0	0
10700	657	2928	2644	3596653	469453050	0	0
10701	6	10363	16620	3596786	469478874	3775987	501204666
10702	3835	5758	5298	3597308	469598295	0	0
10703	7995	8995	5963	3598327	469816073	0	0
10704	960	1947	1077	3598709	469893603	3931666	530137819
10705	292	1831	1215	3599038	469959565	0	0
10706	1684	2117	1787	3599071	469966278	0	0
10707	2451	5015	2340	3600189	470179301	0	0
10708	6853	8398	12824	3601271	470361206	0	0
10709	1953	3969	2321	3601463	470393053	0	0
10710	1266	1758	1614	3601764	470446392	0	0
10711	4199	7532	7011	3601987	470484372	0	0
10712	2602	10586	5297	3603090	470683991	0	0
10713	619	8012	15491	3604307	470885048	0	0
10714	340	5316	384	3605488	471095783	3738820	493914949
10715	5585	6444	22634	3605642	471121711	0	0
10716	6266	7778	14133	3605820	471153628	0	0
10717	545	6499	6554	3605822	471153685	0	0
10718	2273	4784	2857	3606048	471201923	0	0
10719	9777	10361	10479	3606128	471215481	3987311	540309629
10720	4863	9098	2907	3606647	471328333	4106410	561731481
10721	6478	6521	5923	3607838	471572455	4269868	590269220
10722	3800	9494	7576	3607875	471580139	3964669	536094210
10723	6487	8023	6488	3608812	471775814	3762128	498344428
10724	1052	10451	6511	3609057	471834263	0	0
10725	4221	6897	3628	3609698	471972543	0	0
10726	1651	2611	906	3609900	472011355	0	0
10727	2489	7798	4009	3610292	472085094	0	0
10728	7543	8948	2812	3610793	472179251	0	0
10729	2762	8085	8737	3612385	472461326	0	0
10730	6584	9816	10019	3612599	472497653	3766114	499115432
10731	6825	8348	24864	3613118	472586636	0	0
10732	6475	7340	10798	3613743	472712014	0	0
10733	8099	8684	15053	3615641	473072733	4315783	600425122
10734	439	4645	3367	3617237	473371399	0	0
10735	4869	7383	4386	3618204	473514223	3986277	540097409
10736	2003	9780	2209	3619552	473729119	0	0
10737	1659	4709	3172	3620127	473801172	3711213	489733876
10738	2400	4725	4941	3620365	473834063	0	0
10739	2058	9112	14356	3620578	473863362	0	0
10740	1907	10677	9813	3620600	473865517	0	0
10741	4777	5756	6430	3620912	473924517	3811112	507829385
10742	2849	3164	1415	3621800	474089614	4038243	549581093
10743	1934	5338	2359	3621956	474116479	0	0
10744	3509	5959	2251	3622354	474180058	0	0
10745	113	7014	5217	3622497	474205389	0	0
10746	8556	10333	5287	3623078	474301440	0	0
10747	3506	4505	2810	3623511	474372871	0	0
10748	736	2294	3152	3623807	474420730	0	0
10749	2540	6250	4259	3623829	474425070	3726019	491786765
10750	5871	7804	6542	3623950	474445557	0	0
10751	7162	7239	5208	3623952	474445619	0	0
10752	646	10477	8166	3624102	474476521	4409112	617592679
10753	6792	8309	7082	3624385	474523790	0	0
10754	2807	3404	4172	3624673	474578289	0	0
10755	562	5228	1000	3625290	474692792	4150896	568930913
10756	5901	6359	5473	3625324	474699618	4387861	613953837
10757	2890	10358	6436	3625870	474803898	0	0
10758	1373	3022	4296	3626017	474830572	0	0
10759	773	8576	5312	3626934	474999168	0	0
10760	7703	9452	8091	3627169	475038724	3856596	516309142
10761	6260	8335	11343	3627495	475100328	0	0
10762	120	10614	6402	3628599	475314308	0	0
10763	2947	6384	1718	3629559	475492341	0	0
10764	3204	9884	5371	3629961	475562739	0	0
10765	5684	7783	15181	3630338	475630190	0	0
10766	2091	4605	9409	3630940	475740008	4174024	572713192
10767	6672	8254	9760	3631322	475810033	4189438	575267292
10768	1572	10031	2989	3631775	475888617	0	0
10769	34	4244	1773	3631906	475915706	3696179	487317061
10770	1580	7304	6027	3633505	476193189	0	0
10771	5348	9440	8765	3633560	476201369	0	0
10772	6669	10137	11744	3634336	476333435	0	0
10773	1272	9573	6035	3635525	476545548	0	0
10774	3817	9783	12292	3635563	476550532	0	0
10775	2947	4373	3167	3635687	476576427	4023285	547002352
10776	7656	8122	7512	3635726	476583646	0	0
10777	3951	4359	3054	3636599	476762604	3864607	517908598
10778	4480	7688	5181	3636637	476769875	0	0
10779	2851	8845	13833	3636834	476803194	0	0
10780	5682	6168	11421	3637122	476870415	0	0
10781	212	7149	3220	3637781	477011722	4339666	604821092
10782	5540	6391	13886	3638382	477137944	3815586	508791328
10783	692	1727	806	3639411	477357382	0	0
10784	5237	6340	4013	3639432	477362657	0	0
10785	1378	9701	6830	3639930	477463292	0	0
10786	1189	3168	4856	3640963	477668317	3947274	532864592
10787	690	5854	2164	3641110	477696020	3942506	532105089
10788	2293	5113	2114	3641172	477705803	4033534	548885840
10789	4386	6744	4338	3641318	477737109	0	0
10790	3013	5538	2863	3641867	477834283	3898174	524481191
10791	6269	9028	9838	3642443	477947290	0	0
10792	4770	8977	4932	3642474	477952962	0	0
10793	331	2031	574	3643134	478073309	0	0
10794	3477	8551	8349	3643835	478194378	0	0
10795	6429	7707	3182	3644814	478369989	0	0
10796	2138	2988	3106	3645254	478441692	0	0
10797	466	2322	985	3645643	478509298	0	0
10798	7152	10479	16685	3645822	478538812	0	0
10799	291	2690	486	3646175	478597982	0	0
10800	1557	6775	3683	3646917	478727418	4070830	555681817
10801	568	10311	18529	3647353	478795652	0	0
10802	2205	5192	434	3648529	479004102	4001126	542603440
10803	272	1161	1016	3648666	479027995	4020161	546378532
10804	772	3256	1850	3648918	479076587	0	0
10805	3024	5599	2215	3649312	479137173	0	0
10806	833	4694	1311	3649672	479203571	0	0
10807	3483	10091	2989	3650071	479263797	0	0
10808	3095	8891	3996	3650374	479316081	4203066	577708764
10809	5443	5835	3207	3650680	479366096	0	0
10810	5676	9562	10050	3650880	479396455	3782899	502769240
10811	3095	7175	7828	3652082	479581684	0	0
10812	70	3519	6960	3652405	479625646	0	0
10813	6666	8549	9435	3652410	479625993	4130909	565344543
10814	5916	9439	7919	3652656	479667436	4111921	562619105
10815	1391	9484	4592	3653427	479804969	0	0
10816	3701	6992	5556	3653988	479907159	0	0
10817	4193	4788	4850	3654346	479969793	0	0
10818	5849	7080	5894	3654609	480015188	0	0
10819	5130	6497	14909	3654673	480026736	0	0
10820	7643	9719	14028	3654982	480087004	4287985	593712488
10821	5024	7533	10585	3655561	480204759	0	0
10822	3705	7250	7390	3656224	480345486	0	0
10823	1413	8768	5084	3656827	480465613	3752687	496494096
10824	1711	8966	8291	3657301	480556076	4135979	566190448
10825	1431	6337	1866	3658828	480844269	0	0
10826	673	8148	3981	3659308	480933216	0	0
10827	2310	2778	2171	3659611	480987120	0	0
10828	1520	6339	4744	3660800	481178731	0	0
10829	3542	3586	5564	3661744	481324422	0	0
10830	1921	4861	4497	3661914	481349976	0	0
10831	1583	4445	6225	3662150	481383240	0	0
10832	7802	10616	18036	3662789	481477401	0	0
10833	743	2886	1877	3663717	481630012	4015716	545545313
10834	1685	9304	3923	3664930	481822164	3727130	491943081
10835	5421	7128	6134	3665082	481848515	0	0
10836	5687	6594	12131	3665117	481854843	3965763	536302841
10837	6397	6435	7632	3665361	481898960	0	0
10838	8393	10367	15546	3665410	481908193	3994078	541555943
10839	6760	7325	7282	3665699	481963041	0	0
10840	7708	8466	5353	3666344	482089623	0	0
10841	3036	6394	7232	3666408	482102060	0	0
10842	8063	10303	4228	3666449	482111182	0	0
10843	1406	8802	2534	3666455	482112582	0	0
10844	4075	6432	5685	3666958	482219473	0	0
10845	5065	9488	4197	3667216	482277313	0	0
10846	416	6101	1953	3667764	482397563	0	0
10847	3227	8566	6792	3668651	482585370	0	0
10848	2086	2520	1464	3669553	482757911	0	0
10849	1042	1310	771	3670981	483012803	0	0
10850	5066	10258	18257	3671062	483027486	0	0
10851	3191	3600	4626	3672050	483213292	0	0
10852	2144	3632	1835	3672360	483267027	0	0
10853	1989	3598	2244	3672757	483336011	0	0
10854	2567	9550	3067	3672943	483366134	0	0
10855	1511	1868	1498	3672991	483372843	3805998	506932707
10856	2807	8230	9070	3673361	483436362	0	0
10857	2211	6492	4073	3673720	483501895	0	0
10858	3358	4250	1921	3673746	483506855	0	0
10859	809	3254	3904	3674236	483587448	0	0
10860	4965	10057	11453	3674779	483679522	0	0
10861	122	3252	2008	3675137	483747960	0	0
10862	4836	8820	10052	3675261	483770467	0	0
10863	5857	9897	10408	3675460	483803946	0	0
10864	741	2362	1619	3676390	483976712	0	0
10865	313	10337	1878	3676818	484051730	0	0
10866	2945	8760	17785	3677441	484155605	0	0
10867	9101	10009	10457	3677485	484163862	0	0
10868	2503	9038	6336	3678269	484309278	0	0
10869	7424	8400	8282	3678548	484364557	3712050	489843558
10870	6621	8637	13026	3679580	484561003	0	0
10871	2056	3008	3147	3681064	484827099	0	0
10872	2929	5777	6605	3681339	484876295	0	0
10873	4732	5863	9341	3681597	484915247	0	0
10874	1933	3953	2966	3682279	485039619	0	0
10875	71	2280	1494	3682603	485093232	0	0
10876	2211	5468	2417	3683743	485284819	3839879	513175307
10877	6544	10599	12742	3684132	485344980	0	0
10878	3085	4455	9688	3684565	485411165	0	0
10879	8205	10675	6731	3685215	485526120	0	0
10880	4548	6931	10009	3685248	485532015	0	0
10881	2050	3603	1982	3685676	485602206	4261230	588711406
10882	4303	5169	12936	3686244	485699110	0	0
10883	217	1518	924	3686557	485759794	3868253	518641822
10884	1297	8630	7666	3686870	485815958	4015716	545545313
10885	1624	9215	5165	3687300	485895818	0	0
10886	5781	10186	8759	3689344	486247758	0	0
10887	1924	2936	763	3689756	486307449	0	0
10888	2352	6533	6233	3689835	486322498	0	0
10889	1223	6065	4899	3690272	486392066	0	0
10890	6903	7313	5279	3690776	486467281	4391860	614733448
10891	3006	10203	4168	3691972	486644288	4166223	571339816
10892	192	9720	17513	3692179	486677161	0	0
10893	1909	2494	3458	3692481	486732558	0	0
10894	5277	8230	10565	3694155	486994339	0	0
10895	2260	4946	4021	3694411	487034868	0	0
10896	6666	9274	10637	3694476	487045821	0	0
10897	953	9828	1950	3694700	487087232	3990639	540961005
10898	4589	10769	6430	3696179	487317061	4059311	553256149
10899	6080	6558	19368	3696404	487353612	0	0
10900	5099	6580	3306	3696871	487439897	4167412	571530505
10901	411	2728	3025	3696894	487443169	0	0
10902	7745	10168	6092	3697260	487504426	0	0
10903	5225	9603	20558	3697447	487537491	0	0
10904	1731	5418	3065	3698435	487727777	4008270	544086311
10905	1348	1799	2109	3698762	487782874	4093087	559352406
10906	3145	10169	5475	3698996	487824170	0	0
10907	7607	9586	5609	3699662	487950716	0	0
10908	1549	9408	14782	3700563	488098247	0	0
10909	1811	10626	3832	3700943	488175720	0	0
10910	2797	10136	7389	3701114	488204841	0	0
10911	2344	8909	5879	3702346	488437996	0	0
10912	2279	3507	3084	3703637	488659161	0	0
10913	1965	6961	5463	3703718	488672384	4294981	595221209
10914	129	4303	3310	3703745	488675665	0	0
10915	1703	3679	1707	3704373	488773091	0	0
10916	219	5793	4059	3705081	488881159	0	0
10917	5364	7322	10023	3705223	488905208	0	0
10918	2340	6140	5632	3707106	489181173	0	0
10919	6557	10648	5531	3707117	489182798	0	0
10920	479	5457	2013	3707232	489199980	0	0
10921	4783	6944	4612	3707439	489233082	3832709	511796805
10922	2635	6124	3592	3708149	489337109	0	0
10923	1727	4702	4733	3710692	489669794	0	0
10924	3970	10161	1708	3711193	489731122	0	0
10925	6577	10737	6601	3711213	489733876	3938860	531368192
10926	118	7645	1325	3711357	489751582	3765839	499057141
10927	2057	10869	11487	3712050	489843558	0	0
10928	345	3198	674	3713012	489972997	0	0
10929	4089	10605	5487	3713047	489978261	0	0
10930	5440	9614	13390	3715227	490261357	0	0
10931	1521	6127	2888	3715960	490354907	0	0
10932	3100	4304	4719	3717439	490522463	0	0
10933	3955	7095	6446	3717992	490588149	0	0
10934	3923	4130	3190	3718772	490677320	0	0
10935	1927	5670	1980	3718787	490678329	4348554	607088825
10936	1446	4551	3297	3718982	490700698	4272872	590853578
10937	3753	8031	5875	3719061	490711889	3743241	494642737
10938	8089	8964	11185	3719101	490716135	0	0
10939	8588	9109	8355	3719189	490727339	0	0
10940	4543	7833	14157	3719649	490793977	0	0
10941	1686	9242	908	3719807	490823167	0	0
10942	1011	2939	922	3721042	491011071	0	0
10943	2679	3019	11213	3721048	491011904	0	0
10944	3027	9003	13368	3721676	491107806	4423219	620150990
10945	4177	5097	7323	3721769	491122681	0	0
10946	5159	10494	7532	3722257	491197644	0	0
10947	5102	8638	10092	3723061	491331595	3895374	523942295
10948	4356	6460	1520	3723932	491470496	0	0
10949	800	10496	4523	3724215	491514342	4268065	589951343
10950	1043	9613	5778	3724366	491537607	4019110	546169295
10951	2958	10749	4696	3726019	491786765	0	0
10952	3162	4784	2064	3726423	491846596	0	0
10953	1881	10834	5420	3727130	491943081	0	0
10954	6036	6932	9437	3727210	491953988	0	0
10955	2971	7905	9990	3727216	491955087	0	0
10956	1484	8001	10560	3727649	492023834	4342379	605481160
10957	4086	8554	5569	3727777	492048840	4287065	593518814
10958	666	8601	3563	3728005	492092783	0	0
10959	3304	10280	3828	3729546	492358754	3826471	510740017
10960	3082	5648	10649	3729773	492398883	4433869	622683595
10961	3124	9859	7412	3730065	492441068	3780616	502289852
10962	3246	3938	4053	3730386	492496913	0	0
10963	1072	7049	3209	3731182	492634346	0	0
10964	998	2956	6236	3731655	492710902	3836841	512581808
10965	379	4561	4236	3731902	492750573	4059211	553235289
10966	4196	4521	4567	3732449	492846151	0	0
10967	2648	9267	3463	3732830	492904581	3944440	532439283
10968	2698	5100	5865	3732981	492928568	0	0
10969	9852	10672	6289	3733894	493078408	0	0
10970	3550	6870	8176	3733919	493081619	4279510	591960766
10971	5182	10698	7989	3734072	493108348	4387861	613953837
10972	3518	10478	13875	3735381	493332139	3774385	500798264
10973	643	7911	2093	3735587	493367281	0	0
10974	6132	10142	10634	3736212	493481267	3856596	516309142
10975	1067	5537	1966	3737743	493739457	0	0
10976	5727	6067	3618	3737978	493774983	0	0
10977	1995	3179	2840	3738239	493815471	0	0
10978	1317	4584	2234	3738599	493876177	0	0
10979	3262	10714	1984	3738820	493914949	0	0
10980	3260	4845	5622	3739148	493963794	4417910	619140987
10981	5657	6435	4109	3739717	494053081	0	0
10982	7395	7620	9612	3740818	494221380	4233778	583450110
10983	3344	8370	9537	3741455	494318726	0	0
10984	8180	8903	7561	3741652	494348975	0	0
10985	359	10346	2931	3741678	494352047	0	0
10986	2613	10002	8424	3742065	494418899	0	0
10987	4770	9590	12931	3742091	494423522	0	0
10988	1735	2320	5765	3742917	494588299	4357214	608889720
10989	587	4796	2913	3742944	494592733	0	0
10990	8794	10937	11697	3743241	494642737	4083520	557836644
10991	1131	2587	1995	3743846	494751460	0	0
10992	6155	8091	7547	3744246	494828572	0	0
10993	1097	2974	2223	3744588	494892861	0	0
10994	4142	6766	11464	3745327	495025698	0	0
10995	6767	10307	4430	3745516	495064187	3894984	523877333
10996	3413	8466	5694	3745614	495084476	0	0
10997	1538	9990	13650	3745659	495093251	4308957	598907187
10998	4894	9886	5177	3746306	495240768	0	0
10999	275	7398	3550	3747364	495454986	3805998	506932707
11000	1019	4839	2012	3747629	495507517	0	0
11001	4991	10236	4404	3747743	495528549	0	0
11002	4301	6152	13010	3747769	495534522	0	0
11003	2084	4875	4784	3749879	495943251	3958057	534911111
11004	2213	5788	12236	3750243	496009703	0	0
11005	6559	7409	15049	3750643	496087550	0	0
11006	6584	7770	9226	3751156	496186693	3832162	511698505
11007	2365	5288	5005	3751407	496242876	4279322	591920779
11008	1873	3188	1935	3752103	496381470	0	0
11009	1505	10823	6091	3752687	496494096	0	0
11010	1238	7926	9498	3753689	496682651	0	0
11011	6627	7799	9575	3754044	496748250	0	0
11012	766	10013	11110	3754345	496804235	0	0
11013	1202	9589	1998	3754380	496811306	0	0
11014	7231	8604	17357	3755755	497085308	4293526	594836698
11015	3292	5956	6196	3756296	497193197	0	0
11016	3062	4602	4992	3756915	497321694	0	0
11017	88	9810	4072	3758234	497588669	0	0
11018	7009	9217	16312	3758252	497591603	4293206	594763139
11019	3620	5240	3060	3759227	497788725	0	0
11020	7492	8647	10516	3759230	497788756	0	0
11021	2000	7700	2570	3760499	498040895	4125827	564581279
11022	2026	5872	2946	3760650	498066729	0	0
11023	305	8342	4256	3761481	498226474	0	0
11024	1881	3770	4340	3761616	498250085	0	0
11025	620	668	583	3761861	498293386	0	0
11026	4137	5485	3418	3761932	498305589	3817184	509106423
11027	2412	3410	3922	3761966	498311888	0	0
11028	6901	8878	8906	3762009	498320203	0	0
11029	10228	10723	9395	3762128	498344428	0	0
11030	152	8792	9243	3763047	498532967	0	0
11031	3201	7431	4190	3763751	498662543	0	0
11032	650	8745	1884	3764391	498783497	0	0
11033	2774	3399	3924	3764885	498873689	4164592	571081241
11034	7887	10124	10267	3765174	498929397	4186249	574812272
11035	9803	10926	13890	3765839	499057141	0	0
11036	1722	3637	1165	3766009	499092266	0	0
11037	2932	10730	11216	3766114	499115432	0	0
11038	4298	9442	7783	3767450	499379148	3888764	522763032
11039	186	808	628	3767496	499389495	4451580	626276226
11040	1011	6090	3632	3768093	499507949	0	0
11041	6155	7731	10643	3768356	499555160	0	0
11042	1377	10341	10819	3768914	499661494	0	0
11043	7010	9491	18879	3769058	499689246	0	0
11044	5647	6489	6598	3769918	499873219	0	0
11045	6170	7809	1523	3770799	500066608	0	0
11046	515	3949	7433	3771371	500178673	0	0
11047	419	7999	7937	3771783	500268565	0	0
11048	2719	5584	5474	3772832	500469126	0	0
11049	3901	6287	4739	3772877	500477104	0	0
11050	4159	8305	15797	3773051	500510162	3937688	531119531
11051	3323	4479	5837	3773876	500686209	0	0
11052	9712	9909	24255	3774077	500729049	0	0
11053	9443	10972	23577	3774385	500798264	3869428	518864712
11054	173	4500	4192	3775611	501109287	0	0
11055	2616	4258	3556	3775943	501196363	0	0
11056	5976	10701	19435	3775987	501204666	0	0
11057	3125	6663	1571	3777021	501486847	0	0
11058	4747	5331	4520	3778067	501733782	3964669	536094210
11059	2682	8692	4804	3779507	502047799	0	0
11060	1347	8345	12456	3779557	502060059	0	0
11061	6304	6764	8952	3780264	502211849	4158977	570245931
11062	10021	10961	10735	3780616	502289852	4094771	559622400
11063	582	2818	1900	3781864	502551278	0	0
11064	6632	9035	16285	3782032	502589134	0	0
11065	520	5625	2602	3782401	502672463	0	0
11066	2684	10810	11636	3782899	502769240	0	0
11067	765	10730	10654	3783225	502840357	0	0
11068	3851	8941	6117	3783804	502963521	3953757	533997897
11069	4024	9462	10007	3785313	503291265	4328040	602687038
11070	2963	3097	2827	3785470	503327629	0	0
11071	4002	9739	5858	3786869	503610382	0	0
11072	2358	4312	1425	3786893	503615444	0	0
11073	1252	3182	909	3788345	503889644	4361285	609661411
11074	6951	7634	5067	3788521	503917508	0	0
11075	1160	7512	13237	3788983	503991967	0	0
11076	3720	9313	5006	3790049	504173190	0	0
11077	1495	6881	5875	3790055	504174195	0	0
11078	5928	8769	9788	3790180	504198316	0	0
11079	6005	6506	3765	3790969	504344581	3944440	532439283
11080	2055	4597	3823	3791026	504354470	0	0
11081	2997	8297	11020	3791545	504443028	0	0
11082	4824	6573	8031	3791911	504505675	3818230	509306230
11083	1482	6514	2635	3792039	504529943	0	0
11084	1888	2656	2980	3792396	504603941	0	0
11085	6210	10269	3668	3792463	504618075	0	0
11086	86	9846	3414	3792582	504643549	3806136	506956243
11087	1671	1703	3418	3792719	504671592	0	0
11088	2954	4023	1885	3792825	504691217	0	0
11089	524	8499	8725	3793499	504824522	3852669	515598232
11090	3137	9034	4421	3794436	504994393	0	0
11091	5941	9445	3857	3794872	505072005	0	0
11092	4339	4682	8248	3795853	505255944	0	0
11093	249	9763	1113	3796619	505387403	0	0
11094	1637	10567	10774	3798429	505663546	3976805	538317465
11095	6396	8250	13669	3799086	505765944	0	0
11096	2531	8343	4316	3799877	505896409	0	0
11097	4210	7478	7932	3800355	505970286	3921638	528232453
11098	3932	7220	7177	3800523	505999042	0	0
11099	4005	4823	6799	3800549	506003465	4197139	576510351
11100	3894	9106	13254	3801038	506085434	0	0
11101	5793	8174	11688	3801197	506116808	0	0
11102	3131	10093	8573	3803610	506530259	0	0
11103	2053	8669	2958	3803657	506537303	0	0
11104	6373	9634	7129	3803933	506577986	0	0
11105	103	9756	6829	3804938	506752721	4179013	573613238
11106	3546	8516	5970	3805143	506786842	4043158	550302479
11107	788	2748	2583	3805514	506851879	0	0
11108	4204	8115	3816	3805840	506904709	0	0
11109	10855	10999	5048	3805998	506932707	0	0
11110	4474	11086	4461	3806136	506956243	4092170	559200570
11111	7253	7589	11824	3806571	507028408	0	0
11112	9	10635	1328	3806841	507077836	0	0
11113	252	3824	1063	3806988	507108464	0	0
11114	216	7769	6910	3808320	507345659	0	0
11115	4889	7443	8481	3808692	507413456	0	0
11116	8278	9833	8406	3809676	507578606	4086371	558298349
11117	2871	9012	2666	3809732	507586590	0	0
11118	5867	6432	7542	3810061	507644516	0	0
11119	1555	6633	5759	3810369	507697698	0	0
11120	941	8256	4215	3810434	507708599	0	0
11121	1117	2682	3818	3811077	507822757	0	0
11122	7927	10741	14740	3811112	507829385	0	0
11123	8289	9408	16016	3811380	507884830	0	0
11124	6716	8614	15871	3811412	507889707	0	0
11125	8094	10082	14164	3811755	507973616	0	0
11126	4003	6963	4020	3813189	508311062	0	0
11127	4305	7870	10699	3815155	508711427	0	0
11128	8423	10782	16659	3815586	508791328	0	0
11129	114	9359	5691	3816025	508879420	0	0
11130	581	11026	4157	3817184	509106423	0	0
11131	2564	9833	1567	3817333	509132324	3890428	523074910
11132	10433	11082	12998	3818230	509306230	0	0
11133	6210	8293	13345	3821056	509803856	0	0
11134	1622	3286	6053	3821127	509816277	0	0
11135	1407	3371	1467	3821727	509927843	0	0
11136	5736	9062	11328	3822735	510090489	4002381	542784501
11137	4470	8151	5262	3823788	510257216	0	0
11138	2380	6292	5936	3824359	510348716	0	0
11139	5014	9156	5558	3824610	510389644	0	0
11140	5817	9158	12382	3824724	510409769	0	0
11141	468	6696	8115	3824785	510420671	0	0
11142	3002	7332	5519	3825514	510560417	0	0
11143	4577	5143	1583	3825667	510587323	0	0
11144	4924	10959	4350	3826471	510740017	0	0
11145	2058	5710	4713	3826708	510777442	3876449	520441889
11146	1486	4306	1344	3826891	510809932	4455338	626981621
11147	852	6791	4981	3827301	510885222	0	0
11148	6199	8067	2208	3828044	511006755	0	0
11149	183	4326	2203	3828559	511092181	0	0
11150	5190	9805	10158	3828806	511133249	0	0
11151	6139	10642	7970	3829123	511188213	0	0
11152	3765	7784	6421	3830331	511399772	0	0
11153	4600	10869	12181	3830492	511426088	0	0
11154	1403	8092	4420	3831299	511561015	0	0
11155	2073	4665	1509	3832001	511676555	0	0
11156	7528	9329	5535	3832106	511690544	0	0
11157	8823	11006	12242	3832162	511698505	0	0
11158	8074	10921	7763	3832709	511796805	0	0
11159	4741	6451	3500	3833271	511906631	0	0
11160	5491	10655	9470	3833418	511931023	0	0
11161	700	6509	3847	3833421	511931444	3892996	523541268
11162	786	9857	1891	3833996	512037747	0	0
11163	1126	6034	4176	3834206	512073469	4121432	564017430
11164	2402	7662	4208	3835056	512227506	0	0
11165	9903	10423	16255	3835708	512345320	3910072	526359760
11166	1249	5774	6619	3836056	512418811	4359920	609423437
11167	6434	6553	2651	3836574	512528297	4037923	549533291
11168	1735	8183	14110	3836711	512557100	0	0
11169	5388	10964	8999	3836841	512581808	0	0
11170	7937	8979	4837	3836892	512592785	0	0
11171	3029	7892	5372	3838257	512873866	0	0
11172	3017	6000	3807	3838302	512881284	0	0
11173	338	1841	857	3839072	513034960	0	0
11174	882	1668	772	3839514	513114206	0	0
11175	7887	10876	9446	3839879	513175307	0	0
11176	8056	9676	9707	3840441	513277088	0	0
11177	3959	7796	4157	3840729	513330956	3951963	533602214
11178	7464	10011	12869	3841690	513515855	0	0
11179	8741	8949	13944	3842467	513666547	0	0
11180	6586	7776	9352	3842808	513735462	0	0
11181	159	9494	4700	3844192	514007483	0	0
11182	2725	4952	2203	3844219	514011556	0	0
11183	2979	3231	4197	3844249	514017245	0	0
11184	5209	8928	4698	3844263	514019646	0	0
11185	2149	8200	13999	3844967	514152387	0	0
11186	8816	9989	8876	3845519	514258021	0	0
11187	172	4253	1342	3845612	514278011	0	0
11188	4347	9246	8487	3846597	514472010	0	0
11189	3417	4297	3768	3846640	514479666	0	0
11190	651	6798	772	3847986	514743947	0	0
11191	3839	10063	4356	3848233	514790771	0	0
11192	7564	10356	2089	3848687	514874279	4209660	579125007
11193	3187	4518	3804	3849152	514955794	0	0
11194	1721	7448	3381	3850106	515121492	0	0
11195	1636	4458	3907	3850211	515140576	0	0
11196	1549	5098	1567	3850284	515151006	4363152	609989752
11197	7472	8729	8600	3850287	515151221	0	0
11198	4780	8807	2669	3850464	515182358	0	0
11199	5898	9567	9578	3850631	515211401	0	0
11200	1979	4345	3886	3850700	515222700	0	0
11201	3999	9565	14681	3851558	515382287	0	0
11202	3925	7035	5604	3851623	515395260	0	0
11203	1888	3231	3582	3851776	515425154	0	0
11204	2634	8077	3534	3852295	515523757	0	0
11205	3656	11089	11999	3852669	515598232	4276316	591444988
11206	997	1419	1946	3852884	515641647	0	0
11207	405	5602	4049	3853983	515864538	0	0
11208	6689	9743	4738	3855697	516164878	0	0
11209	3158	4557	5243	3856020	516218287	0	0
11210	664	6587	1749	3856143	516239821	0	0
11211	10760	10974	18725	3856596	516309142	0	0
11212	6812	8922	12632	3856957	516373548	0	0
11213	2470	7628	7437	3857713	516533607	0	0
11214	3336	3647	5615	3857845	516558290	0	0
11215	2061	9990	13178	3858040	516596523	0	0
11216	4522	7543	3059	3859292	516848696	0	0
11217	5540	9175	14253	3859387	516866418	4160435	570445463
11218	2821	8756	8797	3859784	516947714	0	0
11219	4655	7704	3862	3860186	517034820	0	0
11220	2116	6761	7454	3861081	517228132	0	0
11221	6401	8089	8439	3862200	517448970	0	0
11222	4173	7392	7665	3862652	517537780	3870963	519220333
11223	1277	2514	3757	3863399	517685211	0	0
11224	7037	7055	17609	3863936	517779303	0	0
11225	987	5093	3430	3864066	517801254	4154908	569631791
11226	8932	10777	11654	3864607	517908598	4001792	542697023
11227	1094	7881	3148	3865645	518112922	0	0
11228	721	7323	5538	3865997	518181781	0	0
11229	1199	5217	4500	3866114	518203273	4166223	571339816
11230	2536	8958	7006	3866316	518245047	0	0
11231	7257	9898	7400	3866481	518278253	0	0
11232	3210	6675	7906	3866737	518335527	0	0
11233	703	2193	1717	3866956	518382911	0	0
11234	4113	4985	3908	3867374	518466570	0	0
11235	71	10232	6101	3867746	518536630	0	0
11236	7199	10883	10842	3868253	518641822	0	0
11237	2723	5702	10419	3868972	518777057	0	0
11238	1134	3766	1679	3869062	518793553	0	0
11239	3265	11053	26675	3869428	518864712	0	0
11240	3984	4657	5886	3869859	518967677	0	0
11241	3950	5249	3416	3870551	519121098	0	0
11242	3374	4585	5311	3870579	519127137	0	0
11243	7542	11222	9901	3870963	519220333	0	0
11244	8533	10574	9962	3871675	519389284	0	0
11245	6462	9134	10210	3871721	519401242	0	0
11246	2376	4718	2878	3872040	519489765	0	0
11247	532	7332	4336	3873292	519789202	0	0
11248	29	8992	4316	3873382	519804522	0	0
11249	1522	9873	2006	3874447	520029449	0	0
11250	2240	2847	2229	3874656	520072816	0	0
11251	4162	7063	7743	3874813	520106384	0	0
11252	4726	7057	4047	3875667	520285770	0	0
11253	7265	9701	12564	3875853	520322782	0	0
11254	5152	11145	7265	3876449	520441889	0	0
11255	3151	5050	5005	3876455	520442972	0	0
11256	4180	7856	6016	3876805	520522553	0	0
11257	289	5808	4276	3877697	520717460	0	0
11258	8903	10576	11013	3878150	520805994	0	0
11259	5372	9425	9763	3879437	521059932	0	0
11260	5878	10293	6904	3879946	521162846	0	0
11261	291	8478	8931	3880082	521188377	4307016	598416392
11262	243	4013	1895	3881318	521439839	4339685	604823497
11263	1552	5946	6246	3881403	521456656	0	0
11264	9	2550	1394	3882323	521630775	0	0
11265	1407	8270	6466	3882690	521699892	0	0
11266	2890	7249	5962	3882961	521751006	0	0
11267	319	5528	2283	3884744	522050140	0	0
11268	4449	5610	6125	3884997	522091654	0	0
11269	1058	8693	10781	3885830	522228260	0	0
11270	4869	6629	2454	3885972	522254545	4198681	576812397
11271	2364	10179	4530	3886163	522286602	0	0
11272	6381	9598	8722	3886422	522330419	0	0
11273	4183	8742	5668	3886444	522332993	3952048	533618001
11274	2620	8819	7219	3886582	522360562	0	0
11275	143	7361	3918	3886799	522399331	3959217	535129240
11276	8572	11038	15362	3888764	522763032	0	0
11277	5241	6531	5981	3889198	522840243	0	0
11278	6834	7638	6647	3889686	522936506	0	0
11279	4598	11131	5856	3890428	523074910	0	0
11280	8054	8625	17457	3890701	523124039	0	0
11281	2272	6920	1205	3890721	523127579	3961132	535480877
11282	298	6641	1841	3891265	523231440	0	0
11283	5243	5515	5084	3891565	523288255	0	0
11284	4599	11161	6680	3892996	523541268	0	0
11285	3541	3925	1836	3893119	523562537	4452236	626417015
11286	4348	6311	3852	3893929	523698434	0	0
11287	6676	9680	8387	3894063	523721169	0	0
11288	2612	8340	2795	3894176	523740818	0	0
11289	10297	10995	12994	3894984	523877333	0	0
11290	2798	3051	1619	3895041	523885370	0	0
11291	5334	10947	10785	3895374	523942295	0	0
11292	1891	6465	6539	3895418	523950733	0	0
11293	1678	6729	3698	3895432	523955549	0	0
11294	5328	7183	3428	3895485	523963266	0	0
11295	3146	3412	4831	3895594	523990011	0	0
11296	1531	6185	3806	3896196	524106591	0	0
11297	6396	7568	2828	3896581	524186272	0	0
11298	464	9669	1884	3897351	524334840	0	0
11299	1864	10790	3448	3898174	524481191	0	0
11300	6170	9325	13457	3898605	524560192	0	0
11301	3870	9071	2825	3898789	524595471	0	0
11302	5347	9612	3401	3899599	524746351	0	0
11303	171	7809	912	3899974	524818934	0	0
11304	776	1743	706	3900084	524836256	0	0
11305	2105	4373	4737	3900319	524880739	0	0
11306	4008	4354	3071	3901327	525055216	0	0
11307	9	2269	2621	3902415	525229096	4230802	582981797
11308	4767	6670	5218	3902546	525250160	4018852	546123427
11309	6692	9747	13911	3903384	525374609	0	0
11310	1030	5171	8624	3903753	525430032	0	0
11311	1497	3114	2482	3905281	525663500	4373787	611754487
11312	2256	3322	3118	3905787	525737362	0	0
11313	682	2513	933	3906061	525777114	0	0
11314	6741	8580	10234	3906172	525793392	4411665	618046733
11315	460	5882	2757	3906571	525854801	0	0
11316	1421	6365	4146	3906743	525882187	0	0
11317	651	3665	2010	3906881	525904196	4170703	572095616
11318	363	4489	800	3906924	525911210	0	0
11319	913	6931	7536	3907164	525946093	0	0
11320	1806	7203	2566	3907549	526005972	0	0
11321	5246	6947	2281	3908309	526118042	0	0
11322	263	1821	939	3908402	526130416	0	0
11323	4528	6435	3493	3909112	526233473	0	0
11324	9331	11165	17519	3910072	526359760	0	0
11325	2738	6412	7223	3910299	526394217	0	0
11326	1643	8577	4730	3910507	526428715	0	0
11327	4460	8829	4049	3910509	526428772	0	0
11328	202	8935	4066	3912179	526703353	4363152	609989752
11329	915	3810	2186	3913784	526933649	0	0
11330	2852	9163	17398	3913956	526958359	0	0
11331	5135	6786	4259	3914064	526974531	0	0
11332	5972	9387	15237	3914581	527050606	0	0
11333	2764	2977	1783	3915093	527139417	4179960	573781727
11334	1276	8693	10641	3915316	527178552	0	0
11335	19	4410	1320	3915392	527193089	0	0
11336	1587	10552	8923	3915628	527234732	0	0
11337	4998	7024	5773	3915896	527286544	0	0
11338	7648	9234	3447	3918515	527705726	4029298	548097777
11339	3818	5655	2709	3918625	527722543	0	0
11340	4722	7684	8694	3918991	527774379	0	0
11341	2255	6513	4488	3919296	527821825	0	0
11342	20	6469	6579	3919447	527842418	0	0
11343	830	6582	868	3919496	527849974	0	0
11344	6893	7242	8362	3920172	527952270	0	0
11345	388	6188	7003	3920269	527968305	4318401	600986265
11346	58	9941	1711	3920510	528007538	0	0
11347	6844	10081	27655	3920572	528020873	0	0
11348	4999	8052	1559	3920838	528069631	0	0
11349	191	5156	1410	3921456	528196630	0	0
11350	868	11097	8181	3921638	528232453	0	0
11351	8681	9264	8841	3921656	528235398	4402835	616497711
11352	3060	5413	9739	3921926	528287704	0	0
11353	6455	9903	17628	3922922	528489192	0	0
11354	2471	5507	6043	3923180	528556420	0	0
11355	4027	8606	5815	3924069	528754708	0	0
11356	4213	5424	7910	3926246	529179080	0	0
11357	4255	11053	26841	3927707	529442138	0	0
11358	1519	6511	8058	3928667	529634857	0	0
11359	3107	3236	5214	3929413	529760957	0	0
11360	5615	7013	8452	3931024	530033617	0	0
11361	3234	5541	5626	3931103	530044795	0	0
11362	1587	10704	1152	3931666	530137819	0	0
11363	1305	2553	2591	3932745	530304206	0	0
11364	659	10282	4909	3932753	530305198	0	0
11365	1020	9498	3685	3932922	530331073	0	0
11366	5572	8931	9453	3933521	530429723	4088771	558683402
11367	5595	9811	7527	3933967	530502244	0	0
11368	6957	7732	5495	3934564	530596697	0	0
11369	2086	8185	7301	3934716	530621380	4232230	583202405
11370	2043	5978	9340	3934838	530640559	0	0
11371	6895	8352	7006	3935112	530689713	0	0
11372	4172	4196	3983	3937085	531016476	0	0
11373	1329	8780	6886	3937642	531111381	4203025	577699911
11374	4825	11050	17195	3937688	531119531	0	0
11375	5523	8874	16616	3937924	531166000	0	0
11376	4683	5032	5936	3937961	531173718	0	0
11377	3226	6684	1275	3938437	531275207	0	0
11378	1739	10685	7845	3938450	531277108	0	0
11379	274	10925	6659	3938860	531368192	0	0
11380	495	10069	4849	3939418	531487787	0	0
11381	1669	9912	5417	3939885	531590020	0	0
11382	821	9345	5262	3940011	531615148	0	0
11383	7866	10787	2374	3942506	532105089	0	0
11384	567	981	676	3943939	532365011	0	0
11385	10967	11079	7228	3944440	532439283	0	0
11386	2111	8437	8037	3944886	532509664	0	0
11387	4913	10575	7500	3946884	532810877	0	0
11388	2606	4769	4738	3947264	532863790	0	0
11389	8285	10786	8282	3947274	532864592	0	0
11390	6905	8123	9047	3947461	532895534	0	0
11391	5659	5726	5870	3948255	533025441	0	0
11392	10245	10563	10314	3948631	533084326	0	0
11393	1228	6207	1363	3950085	533322075	0	0
11394	6541	10130	5149	3950417	533371859	0	0
11395	1005	9324	3656	3951024	533463251	0	0
11396	4911	5373	6652	3951391	533519769	0	0
11397	7890	8501	9520	3951848	533584709	0	0
11398	8381	11177	15902	3951963	533602214	0	0
11399	4416	11273	5759	3952048	533618001	0	0
11400	2314	6684	3140	3952276	533657325	0	0
11401	4195	7516	10648	3952430	533684520	0	0
11402	120	6022	8456	3952433	533684864	0	0
11403	7477	10440	28562	3952631	533723278	4281398	592331912
11404	4443	7090	2049	3953202	533868953	0	0
11405	4469	11068	7006	3953757	533997897	4017374	545859456
11406	3785	10683	12569	3954856	534249232	4252195	586905160
11407	4870	6767	6382	3955240	534334961	0	0
11408	876	5768	1958	3957432	534790937	0	0
11409	1315	11003	6332	3958057	534911111	0	0
11410	1103	1695	1227	3959009	535092621	0	0
11411	6946	11275	8139	3959217	535129240	0	0
11412	8372	9254	9344	3959574	535198250	0	0
11413	841	7693	6824	3960604	535386410	0	0
11414	1495	8868	3163	3960726	535408111	4169634	571920406
11415	5211	11281	8421	3961132	535480877	0	0
11416	5904	7008	6938	3961793	535596202	0	0
11417	4650	7325	6342	3963031	535803479	0	0
11418	1459	7043	4779	3963040	535804987	4100080	560566040
11419	2147	2817	1213	3963152	535824294	0	0
11420	5750	8550	8304	3963255	535837432	0	0
11421	6542	9032	3899	3963842	535944487	3985137	539881214
11422	10385	11068	16242	3963925	535958482	0	0
11423	791	5592	874	3964189	536012141	0	0
11424	3525	7057	2632	3964322	536035468	0	0
11425	10722	11058	12096	3964669	536094210	0	0
11426	1687	9130	4438	3964675	536095123	0	0
11427	5082	10836	19643	3965763	536302841	0	0
11428	2037	3119	3006	3966621	536482776	3998593	542257226
11429	460	1204	1312	3968339	536808659	0	0
11430	2310	6124	4435	3968776	536882789	0	0
11431	4223	7742	7434	3968903	536905857	3969454	536999113
11432	998	4831	3104	3969285	536971649	4341048	605126331
11433	7202	9871	8659	3969351	536981272	0	0
11434	9714	11431	11849	3969454	536999113	0	0
11435	4880	8601	6913	3970907	537264088	0	0
11436	868	2346	1765	3971071	537291836	0	0
11437	6191	6912	13242	3971133	537300960	0	0
11438	1154	4483	3903	3971444	537355976	0	0
11439	1464	5862	1383	3972900	537602470	4389782	614309163
11440	5498	5700	3456	3973148	537640831	0	0
11441	4792	6682	8278	3973319	537670007	4238058	584294960
11442	2885	9978	15634	3973509	537699583	0	0
11443	4225	5413	10099	3973606	537718920	0	0
11444	2079	5931	6634	3974871	537963698	0	0
11445	882	2637	567	3975749	538124380	4010784	544631414
11446	4159	8820	5777	3976267	538210813	4002909	542882852
11447	8037	9935	8129	3976272	538211509	4433869	622683595
11448	6353	11094	14265	3976805	538317465	0	0
11449	7216	9952	2851	3977093	538374904	4094006	559503035
11450	7860	9564	13414	3978619	538654383	0	0
11451	361	10926	1543	3978731	538675716	4043158	550302479
11452	686	9109	8146	3979592	538844219	0	0
11453	4925	10489	9530	3980382	538986124	0	0
11454	3143	6706	2634	3980384	538986431	0	0
11455	6319	10464	7066	3981125	539120454	0	0
11456	8045	9512	5429	3981218	539139257	0	0
11457	1060	9242	811	3981595	539208658	0	0
11458	3989	8639	4244	3981703	539230569	0	0
11459	3705	7720	10882	3982109	539301541	0	0
11460	7931	9518	15580	3982854	539440952	0	0
11461	1226	2182	4158	3983405	539549667	4086570	558329350
11462	2600	6778	4862	3984676	539792503	0	0
11463	3639	9067	4469	3985014	539858141	4211701	579549015
11464	5705	11421	8341	3985137	539881214	0	0
11465	1728	4577	2229	3985345	539921924	0	0
11466	6023	6821	16525	3986233	540089022	0	0
11467	410	10735	4600	3986277	540097409	0	0
11468	2223	4647	2524	3986634	540173315	4066396	554762007
11469	202	10719	10516	3987311	540309629	4356822	608813096
11470	7815	8333	14917	3987599	540365976	0	0
11471	439	1213	1407	3988603	540578606	0	0
11472	3246	5728	4470	3989552	540769116	0	0
11473	21	8541	5733	3990139	540874511	0	0
11474	5111	10897	4068	3990639	540961005	0	0
11475	9894	10128	10492	3991050	541035302	0	0
11476	1122	3855	1420	3993898	541530176	0	0
11477	6240	10838	20145	3994078	541555943	0	0
11478	5263	8776	5878	3995233	541759604	4146964	568200857
11479	243	4994	2340	3998191	542203160	0	0
11480	696	10431	7470	3998257	542210328	0	0
11481	2495	11428	3477	3998593	542257226	0	0
11482	55	2315	2229	3999206	542342091	0	0
11483	218	4355	928	3999390	542367315	0	0
11484	5271	8255	4914	4000203	542481709	0	0
11485	743	5130	5939	4000906	542573759	0	0
11486	7041	10802	3011	4001126	542603440	0	0
11487	597	6886	4451	4001164	542607541	0	0
11488	4203	10786	6772	4001171	542608996	4271042	590490436
11489	1729	11226	13269	4001792	542697023	0	0
11490	1201	9381	572	4002240	542760867	4009355	544328490
11491	5587	10393	7504	4002365	542781274	0	0
11492	9427	11136	21743	4002381	542784501	0	0
11493	10181	10512	7971	4002417	542790915	4309639	599087337
11494	7461	11446	9875	4002909	542882852	0	0
11495	1221	7229	5520	4002987	542898980	0	0
11496	3373	9112	15529	4003029	542905528	0	0
11497	7305	7952	11980	4004596	543233710	0	0
11498	5669	7780	14009	4004796	543275376	0	0
11499	1156	6981	10778	4004997	543326308	0	0
11500	8106	10481	17918	4005493	543444044	0	0
11501	2641	2875	2463	4005879	543543859	0	0
11502	4743	10904	6725	4008270	544086311	0	0
11503	1902	8206	4949	4008486	544134764	0	0
11504	3490	10272	4260	4008870	544221069	0	0
11505	469	7660	12451	4009037	544252569	0	0
11506	5903	11490	1514	4009355	544328490	0	0
11507	6298	7248	6366	4009435	544341270	0	0
11508	2010	6011	2327	4010438	544552527	0	0
11509	7660	11445	12672	4010784	544631414	4293526	594836698
11510	3200	8065	2422	4012754	545025071	0	0
11511	8857	10108	2918	4013144	545093974	0	0
11512	2176	3353	3022	4013327	545128619	0	0
11513	4410	10268	3513	4014257	545288999	0	0
11514	421	8754	1205	4014310	545298608	4407660	617318467
11515	3069	4333	9999	4014586	545345307	4164592	571081241
11516	2804	5816	3521	4014816	545384778	0	0
11517	1349	4059	2214	4015108	545439652	0	0
11518	10833	10884	9543	4015716	545545313	0	0
11519	2157	9107	13597	4015951	545587465	0	0
11520	10235	11405	9330	4017374	545859456	0	0
11521	5477	7221	6452	4017479	545880921	0	0
11522	514	11308	5448	4018852	546123427	0	0
11523	1710	4219	11221	4018955	546139835	4316185	600507776
11524	2643	10950	8796	4019110	546169295	0	0
11525	556	2917	1698	4019219	546190383	0	0
11526	4468	6246	5662	4020045	546358075	0	0
11527	5886	10803	4697	4020161	546378532	4162259	570732326
11528	6566	10011	15063	4020181	546382292	0	0
11529	4239	9853	8485	4020471	546445604	0	0
11530	1007	10438	15824	4021873	546725658	0	0
11531	7289	10775	11883	4023285	547002352	4420080	619522683
11532	2144	5091	4203	4023405	547024214	0	0
11533	5311	6253	2972	4023462	547036593	4175537	572986579
11534	5029	7530	7901	4024323	547208183	4402253	616416197
11535	3254	8865	4433	4024701	547282906	0	0
11536	1266	6619	8997	4025732	547480284	0	0
11537	1439	1750	1246	4026163	547558096	4448189	625545586
11538	6231	10040	5619	4026320	547587033	0	0
11539	852	8753	5220	4026771	547666490	0	0
11540	4479	4656	4589	4027935	547874697	0	0
11541	3565	4164	3045	4028349	547943858	0	0
11542	10235	11338	5771	4029298	548097777	0	0
11543	8664	10164	22374	4029659	548157649	0	0
11544	1672	8094	12399	4030221	548262840	0	0
11545	1938	5169	10000	4031187	548454933	0	0
11546	290	1411	1576	4031515	548519026	0	0
11547	403	3604	2333	4032013	548614054	0	0
11548	1686	6436	5190	4032469	548701151	0	0
11549	388	3486	1202	4033092	548813142	0	0
11550	897	10788	2641	4033534	548885840	0	0
11551	1009	8108	2315	4034117	548977388	0	0
11552	773	7995	5065	4034702	549068880	0	0
11553	7979	8385	6662	4037300	549445932	0	0
11554	2740	6934	7510	4037465	549470227	0	0
11555	4849	5994	4455	4037497	549474184	0	0
11556	1183	11167	3484	4037923	549533291	0	0
11557	3299	4407	1333	4038126	549565004	0	0
11558	4739	10742	2632	4038243	549581093	0	0
11559	1220	9997	5927	4038622	549632716	0	0
11560	695	7952	2775	4039333	549732775	0	0
11561	6266	8653	19358	4040017	549830270	0	0
11562	2119	4763	2365	4040550	549909714	0	0
11563	4251	7459	14661	4041547	550051901	0	0
11564	4049	10343	4477	4041745	550082999	4341887	605340000
11565	3786	3994	4629	4041752	550084170	0	0
11566	3381	8572	10109	4042697	550231021	0	0
11567	11106	11451	7513	4043158	550302479	4105113	561506598
11568	2241	9184	3623	4043434	550345896	0	0
11569	3801	10165	10167	4044091	550458625	0	0
11570	4383	8653	17355	4044762	550567601	0	0
11571	5271	10247	18327	4044971	550604787	0	0
11572	3583	9358	5998	4045519	550705402	0	0
11573	792	2102	1859	4046154	550829352	0	0
11574	9247	10073	12314	4046661	550924598	0	0
11575	4096	8170	10043	4047576	551097383	0	0
11576	7795	9247	13382	4048190	551209523	0	0
11577	5787	7871	7953	4048997	551362476	0	0
11578	7445	8459	9735	4049486	551446417	0	0
11579	3218	6673	3913	4049644	551475644	0	0
11580	4428	4486	3550	4049670	551483934	0	0
11581	4481	10103	3377	4050174	551582878	4443860	624687543
11582	3380	5577	7693	4050245	551597313	4100087	560567322
11583	940	2876	2578	4050354	551616710	0	0
11584	3754	4125	2551	4050765	551695146	0	0
11585	6326	9550	6806	4051827	551893976	0	0
11586	311	8203	5525	4051838	551897866	0	0
11587	5171	8904	11665	4052156	551956561	0	0
11588	1398	8467	6821	4052170	551959691	0	0
11589	3340	5272	6437	4052459	552014005	0	0
11590	1171	2184	3729	4054168	552328794	4341363	605200317
11591	1729	2055	2850	4054341	552365399	0	0
11592	5497	8220	11470	4054813	552444186	0	0
11593	5933	7123	7239	4054974	552475856	0	0
11594	4808	6120	2378	4055659	552606313	0	0
11595	1389	8437	5105	4055747	552624711	0	0
11596	4776	7813	2931	4056909	552829481	0	0
11597	5095	5933	10586	4057434	552914963	0	0
11598	3688	9788	6420	4057503	552926025	0	0
11599	1954	9361	2703	4057637	552946842	0	0
11600	1052	3534	4292	4058082	553030606	0	0
11601	10535	10965	27125	4059211	553235289	4302651	597343325
11602	6680	10898	11290	4059311	553256149	0	0
11603	2049	2749	3686	4059664	553340164	0	0
11604	2556	9485	8760	4060865	553595173	4065690	554604618
11605	9227	9785	10669	4061046	553630670	0	0
11606	3226	6181	5317	4061392	553705687	0	0
11607	1404	10157	7009	4062883	554019863	0	0
11608	6134	8573	6373	4063381	554122044	0	0
11609	872	7849	2344	4063438	554134189	0	0
11610	6635	8845	19495	4063443	554134484	0	0
11611	1178	3208	1267	4063817	554216591	0	0
11612	2886	4810	2772	4063941	554246991	0	0
11613	5245	9790	9435	4064378	554334277	0	0
11614	4708	4893	4554	4065532	554575863	0	0
11615	7825	8266	3869	4065621	554593245	0	0
11616	6143	11604	14333	4065690	554604618	0	0
11617	4564	11468	3696	4066396	554762007	0	0
11618	144	8868	1622	4067792	555044522	0	0
11619	1937	4220	4624	4067940	555073552	4218616	580854021
11620	6080	7923	6286	4068078	555102005	0	0
11621	7217	9559	13157	4068272	555140173	0	0
11622	3703	8418	8625	4069771	555467480	0	0
11623	1113	10283	2055	4069975	555509381	0	0
11624	4301	6796	5093	4070620	555637716	0	0
11625	6309	6490	8058	4070828	555681609	0	0
11626	8550	10800	10007	4070830	555681817	0	0
11627	2561	6416	7625	4071018	555718319	0	0
11628	135	6111	4197	4072767	556076930	0	0
11629	78	5078	3408	4073406	556197622	0	0
11630	5097	7014	10523	4073422	556199448	0	0
11631	6371	10248	5293	4074929	556462263	0	0
11632	1688	3091	7831	4075863	556617630	0	0
11633	4285	9419	4416	4075942	556629706	0	0
11634	1260	2809	1942	4076365	556696661	0	0
11635	3139	4259	4575	4077347	556856523	0	0
11636	8341	9171	15642	4077395	556863783	0	0
11637	3542	8473	6939	4078355	557032203	0	0
11638	450	10548	4611	4078936	557135644	0	0
11639	1498	10174	6640	4078994	557146333	0	0
11640	5930	9301	6561	4080554	557404746	0	0
11641	2131	5951	3294	4081120	557490813	0	0
11642	9712	10990	22958	4083520	557836644	0	0
11643	7657	8085	9616	4083605	557851680	0	0
11644	5473	8280	7932	4083638	557857838	0	0
11645	4712	5087	8351	4083831	557884662	0	0
11646	4817	8340	4388	4084713	558033403	0	0
11647	623	7838	858	4085131	558109343	0	0
11648	460	2585	883	4085453	558162175	0	0
11649	3317	11116	10897	4086371	558298349	0	0
11650	286	11461	4201	4086570	558329350	0	0
11651	988	4157	8731	4086883	558380280	0	0
11652	1261	1609	1627	4087254	558441350	0	0
11653	1286	9341	2721	4087391	558462802	0	0
11654	3070	11366	10703	4088771	558683402	0	0
11655	7086	7818	4394	4088974	558714374	0	0
11656	1229	1876	822	4090414	558939706	0	0
11657	6448	7436	11787	4090827	558996440	0	0
11658	77	2188	195	4091333	559072219	0	0
11659	7397	7647	4104	4091701	559128002	0	0
11660	1618	6780	6102	4092140	559196063	0	0
11661	6284	11110	5811	4092170	559200570	0	0
11662	3264	9476	6317	4092260	559214514	4428496	621411207
11663	1497	10557	11629	4092977	559332953	0	0
11664	2081	10905	2812	4093087	559352406	0	0
11665	10006	11449	3535	4094006	559503035	0	0
11666	6021	7115	4062	4094547	559582304	0	0
11667	6077	11062	12565	4094771	559622400	0	0
11668	6302	10592	10631	4095950	559826511	0	0
11669	2928	4196	4019	4096215	559866402	0	0
11670	3510	10174	7968	4097287	560045371	0	0
11671	298	8789	17333	4098032	560169291	0	0
11672	2630	9806	13429	4098157	560190622	0	0
11673	5844	8951	3327	4099166	560390716	0	0
11674	3604	8959	3371	4099333	560423143	0	0
11675	8447	11418	16135	4100080	560566040	0	0
11676	6793	11582	9789	4100087	560567322	0	0
11677	2630	9799	5402	4100622	560678992	0	0
11678	1131	6144	3428	4102267	561001525	0	0
11679	4793	10622	10026	4103012	561132001	0	0
11680	4144	7210	9587	4104336	561367046	0	0
11681	6172	7935	8141	4104868	561463811	0	0
11682	273	11567	7688	4105113	561506598	4299249	596461255
11683	5236	9708	6670	4105731	561614130	0	0
11684	5413	10720	10522	4106410	561731481	4233246	583365299
11685	2878	2931	732	4107956	561992492	4377006	612231349
11686	2709	8080	1440	4108411	562063371	4144386	567790802
11687	776	10162	5819	4108489	562076495	0	0
11688	3478	5136	3164	4109150	562177124	0	0
11689	8313	9563	7397	4109420	562217366	0	0
11690	3974	6942	5731	4110042	562314450	0	0
11691	4819	5586	4551	4110687	562417045	4255374	587482036
11692	985	8450	4225	4111335	562522268	4237900	584262760
11693	1989	6827	7512	4111377	562527887	0	0
11694	7880	10814	15338	4111921	562619105	0	0
11695	7762	8783	6350	4112266	562675433	0	0
11696	932	2301	1701	4112355	562691932	0	0
11697	1728	7815	5778	4113046	562817410	0	0
11698	3762	5974	12835	4114874	563124644	0	0
11699	2322	5034	1469	4116247	563335223	0	0
11700	377	5243	2197	4117127	563462858	0	0
11701	1192	4210	2266	4118322	563614312	0	0
11702	8321	9274	8545	4118343	563616817	0	0
11703	9811	10110	9956	4118461	563631961	0	0
11704	4037	9721	3563	4121069	563974126	0	0
11705	4840	11163	5784	4121432	564017430	0	0
11706	3097	9215	3471	4121441	564018950	0	0
11707	6507	7351	1858	4121667	564046871	0	0
11708	88	3583	1717	4122192	564115778	4263155	589086491
11709	1249	5702	10281	4122945	564208784	0	0
11710	8459	10241	10173	4123330	564259053	0	0
11711	604	2279	2284	4123542	564288330	0	0
11712	3926	6745	4132	4124491	564411679	0	0
11713	3374	6279	3323	4125673	564560644	0	0
11714	7067	11021	6131	4125827	564581279	0	0
11715	827	5242	4334	4125987	564599488	0	0
11716	5825	6378	4343	4126065	564609092	0	0
11717	3846	8717	7113	4126091	564613084	0	0
11718	1516	2610	2218	4126156	564621647	0	0
11719	1907	3747	4827	4126755	564704853	4126825	564711917
11720	6963	11719	5597	4126825	564711917	0	0
11721	7506	8464	9259	4127256	564767051	0	0
11722	515	6614	1912	4127713	564837619	0	0
11723	2998	10304	14745	4128505	564954031	0	0
11724	8925	9686	12485	4128635	564972073	0	0
11725	390	6692	10433	4129065	565046925	0	0
11726	771	10813	9751	4130909	565344543	0	0
11727	1469	6756	6548	4131206	565390158	0	0
11728	7579	9047	6149	4131509	565441234	0	0
11729	2877	8949	8786	4131996	565523517	0	0
11730	876	6949	1243	4132744	565657821	0	0
11731	6044	7299	10765	4133638	565793080	0	0
11732	4560	4956	5209	4133863	565831224	0	0
11733	1605	9995	2423	4134046	565860694	0	0
11734	312	8948	1983	4134896	566006390	0	0
11735	1182	8514	4265	4135194	566057148	0	0
11736	4689	9861	12273	4135540	566114725	0	0
11737	3347	6155	6260	4135660	566135987	0	0
11738	7691	8458	2945	4135853	566169834	0	0
11739	2572	5625	4826	4135929	566183664	0	0
11740	10064	10824	9973	4135979	566190448	0	0
11741	2972	10472	27765	4137345	566447632	0	0
11742	456	7278	6966	4137929	566569788	0	0
11743	4551	9036	10100	4138229	566637754	0	0
11744	8213	9434	5720	4138266	566643607	0	0
11745	6448	7000	4900	4138474	566689795	0	0
11746	4592	7354	2444	4140090	567032570	0	0
11747	875	7434	7141	4141033	567210482	0	0
11748	6206	10108	4008	4142162	567425729	0	0
11749	1891	4704	5034	4143311	567620819	0	0
11750	5174	10965	7293	4143765	567690642	4375220	611965953
11751	4457	11686	7473	4144386	567790802	0	0
11752	1101	2601	4057	4144414	567795307	0	0
11753	1837	7732	4044	4144894	567873474	0	0
11754	1639	4386	3164	4145449	567969114	0	0
11755	4451	5732	4562	4145898	568040764	0	0
11756	351	5330	2537	4146058	568068127	0	0
11757	1172	3895	2745	4146781	568175451	0	0
11758	8868	11478	7486	4146964	568200857	0	0
11759	9357	9674	8983	4147333	568259359	0	0
11760	5310	6870	7607	4147451	568280133	0	0
11761	1385	10222	20791	4147473	568285055	4423136	620133625
11762	4470	4915	3314	4147680	568330480	0	0
11763	241	5370	2593	4149175	568615221	0	0
11764	1853	5377	5202	4149230	568625898	0	0
11765	4303	5302	8004	4149536	568680326	4278029	591715955
11766	7242	10611	10996	4150819	568916947	0	0
11767	5405	10755	3377	4150896	568930913	0	0
11768	3423	9640	6369	4152292	569169858	0	0
11769	4493	10502	14711	4152767	569255415	0	0
11770	4235	4895	3631	4152937	569287259	0	0
11771	2825	8976	4167	4153219	569337790	0	0
11772	1195	11225	4226	4154908	569631791	0	0
11773	3189	3297	4400	4156865	569940807	0	0
11774	1672	3949	8233	4157152	569981459	0	0
11775	117	3751	2527	4158218	570138268	0	0
11776	2061	5650	2912	4158945	570240898	0	0
11777	6506	11061	10553	4158977	570245931	4368661	610911902
11778	1540	8271	3794	4159087	570260131	0	0
11779	9920	11217	20431	4160435	570445463	0	0
11780	2842	8924	4019	4161142	570560352	0	0
11781	5317	11527	7336	4162259	570732326	0	0
11782	1767	7969	2200	4162468	570768770	0	0
11783	3707	8714	4374	4162683	570802208	0	0
11784	5141	5783	8328	4163765	570961940	0	0
11785	635	8080	1346	4163862	570975526	0	0
11786	3921	4351	7250	4164429	571056054	0	0
11787	11033	11515	13923	4164592	571081241	0	0
11788	62	3031	1100	4165072	571162317	0	0
11789	1497	2169	5123	4165783	571273921	0	0
11790	10891	11229	8668	4166223	571339816	0	0
11791	1760	4256	3631	4166392	571366694	0	0
11792	3498	10296	10885	4166624	571401066	0	0
11793	9892	10900	10689	4167412	571530505	0	0
11794	9018	9856	7342	4167717	571581851	0	0
11795	5772	9504	6894	4168944	571800411	0	0
11796	145	4006	4897	4169318	571867814	0	0
11797	2917	4487	1972	4169436	571884920	0	0
11798	3541	11414	3744	4169634	571920406	0	0
11799	559	5868	4111	4170034	571982940	0	0
11800	8960	10168	9829	4170463	572053757	0	0
11801	2757	11317	3817	4170703	572095616	0	0
11802	1295	6823	1682	4170735	572102221	0	0
11803	98	8855	12793	4170815	572116445	0	0
11804	5000	9266	9188	4171553	572263593	0	0
11805	2969	9564	4769	4171857	572323604	4220456	581192455
11806	2741	10358	5514	4173923	572697134	0	0
11807	6521	10766	13467	4174024	572713192	4295106	595256472
11808	1645	6181	5711	4175301	572940648	0	0
11809	5233	10247	16661	4175320	572943698	0	0
11810	3772	11533	4565	4175537	572986579	4265319	589462744
11811	90	2327	2139	4176249	573119241	0	0
11812	5702	8576	13878	4177102	573281496	0	0
11813	1833	3506	3293	4177193	573297582	0	0
11814	2199	4440	1418	4177394	573333888	0	0
11815	2325	10315	5300	4177883	573422415	0	0
11816	6842	11105	8938	4179013	573613238	0	0
11817	2211	3329	2618	4179072	573623392	4179708	573736155
11818	5197	9429	12254	4179263	573656777	0	0
11819	2762	11817	4259	4179708	573736155	0	0
11820	173	11333	1931	4179960	573781727	0	0
11821	533	9958	8726	4179963	573782621	0	0
11822	6680	9373	8010	4180254	573838193	0	0
11823	4922	6263	3906	4181054	573992485	0	0
11824	6501	6985	6994	4181788	574123837	0	0
11825	832	1768	1553	4183803	574461994	0	0
11826	4718	6582	2429	4184831	574615644	0	0
11827	3870	4892	2469	4184917	574629143	0	0
11828	2	1844	1122	4185022	574645031	0	0
11829	7504	11034	14651	4186249	574812272	0	0
11830	1560	4200	4040	4186460	574840258	0	0
11831	854	1963	2525	4187608	575006574	0	0
11832	7194	10369	5997	4187995	575064053	0	0
11833	186	2586	432	4188496	575136017	0	0
11834	70	9418	4780	4188755	575170888	0	0
11835	3293	9068	8325	4188804	575176976	0	0
11836	1646	2521	2579	4189208	575234405	0	0
11837	1240	9901	5187	4189237	575238176	0	0
11838	9754	10767	20009	4189438	575267292	0	0
11839	4711	9335	5626	4190008	575359751	0	0
11840	2748	7366	5864	4190418	575429380	0	0
11841	883	5247	1282	4190857	575512744	0	0
11842	5234	5410	3244	4191033	575542367	0	0
11843	929	3164	1386	4191945	575691355	0	0
11844	2737	3515	2596	4192296	575745711	0	0
11845	7527	7552	2093	4192646	575799461	0	0
11846	1945	9651	8555	4192957	575843846	0	0
11847	774	4325	2705	4193324	575903136	0	0
11848	4454	6378	1783	4193474	575927506	0	0
11849	3256	3474	2084	4194272	576060991	4257590	587955355
11850	451	8707	2284	4194796	576139505	0	0
11851	1977	10368	4449	4195185	576199110	0	0
11852	4114	6568	2635	4195760	576280377	0	0
11853	231	1437	367	4196062	576324502	4337938	604479588
11854	9915	10602	18582	4196199	576341637	0	0
11855	5984	10438	17279	4196290	576355967	0	0
11856	3844	4520	3898	4196632	576417820	0	0
11857	1513	10085	3089	4196759	576440882	0	0
11858	1170	3287	1101	4196860	576459090	0	0
11859	9026	10224	9879	4197097	576500999	0	0
11860	3025	11099	7067	4197139	576510351	0	0
11861	1921	6332	7312	4197665	576616438	0	0
11862	1919	10086	3117	4197737	576628877	0	0
11863	4164	7979	7126	4198076	576694516	0	0
11864	4724	7509	8624	4198623	576801501	0	0
11865	9508	11270	7287	4198681	576812397	0	0
11866	7276	9040	13554	4198766	576832792	0	0
11867	7729	8299	5985	4199155	576916204	0	0
11868	24	7587	6169	4199422	576970390	0	0
11869	1942	5311	2585	4200549	577217113	0	0
11870	277	7629	2050	4201657	577430363	0	0
11871	3163	8616	10125	4201894	577481784	0	0
11872	5713	9960	4813	4201972	577495457	0	0
11873	573	10111	6357	4202478	577596547	0	0
11874	4645	11373	10053	4203025	577699911	0	0
11875	3916	10808	9091	4203066	577708764	0	0
11876	2139	4862	1898	4203573	577814005	0	0
11877	735	1944	1690	4204411	577971192	0	0
11878	6650	9421	32400	4204553	577996197	0	0
11879	4918	6893	5071	4205640	578265935	0	0
11880	815	6814	4334	4205856	578309927	0	0
11881	291	430	133	4206038	578346562	4389481	614252236
11882	3617	10332	6468	4206065	578351222	0	0
11883	1393	5670	3043	4206163	578371382	4408269	617432856
11884	6964	9850	8406	4206253	578390605	0	0
11885	4627	5401	2346	4206488	578446801	0	0
11886	1139	4696	2701	4207045	578576622	0	0
11887	7703	8421	10616	4209126	579022307	0	0
11888	410	5402	5100	4209443	579084719	0	0
11889	6035	7615	7852	4209553	579105697	0	0
11890	4428	6011	4981	4209604	579116740	0	0
11891	6770	11192	3415	4209660	579125007	0	0
11892	2855	6184	5418	4209857	579168170	0	0
11893	7404	11463	6055	4211701	579549015	0	0
11894	6542	9793	15767	4212246	579654910	0	0
11895	3265	7145	8180	4213499	579903528	0	0
11896	3831	6704	5017	4214695	580128799	0	0
11897	3414	5783	5979	4214959	580172012	0	0
11898	1858	3803	2867	4215420	580256867	0	0
11899	1196	5435	2841	4215539	580275253	0	0
11900	1415	5579	6060	4215689	580300244	0	0
11901	277	9909	13200	4215869	580333123	0	0
11902	6934	8021	13307	4216451	580443929	0	0
11903	2766	9293	4378	4216877	580521534	0	0
11904	4958	5026	3562	4216879	580521807	0	0
11905	3088	10359	4303	4217568	580660940	0	0
11906	6602	11619	8440	4218616	580854021	0	0
11907	7346	8905	9512	4218756	580880252	0	0
11908	2675	10652	5904	4220142	581138586	0	0
11909	7771	11805	9913	4220456	581192455	0	0
11910	3087	9929	6570	4221513	581387130	0	0
11911	7163	7530	11439	4221728	581429854	0	0
11912	2560	2653	3002	4222453	581566186	0	0
11913	4260	5678	4083	4222831	581631371	0	0
11914	6182	10414	9942	4223309	581717919	0	0
11915	819	6147	9317	4225105	582019554	0	0
11916	1197	9789	4841	4225121	582021037	0	0
11917	6489	10620	2809	4225200	582033430	0	0
11918	570	3895	2754	4225758	582130526	0	0
11919	360	8337	7127	4225820	582140347	0	0
11920	2004	9971	3063	4225922	582158688	0	0
11921	1677	9104	9365	4226285	582233591	0	0
11922	3279	5805	4072	4226438	582262413	0	0
11923	3110	7370	2944	4228636	582641687	0	0
11924	1908	9129	5600	4229530	582778515	0	0
11925	4593	10606	4351	4229599	582788534	0	0
11926	1140	8224	2865	4229744	582808767	4241564	584962973
11927	3955	6394	8909	4230342	582906566	0	0
11928	1541	11307	3466	4230802	582981797	0	0
11929	4784	8567	8951	4231272	583052537	0	0
11930	963	11369	7921	4232230	583202405	0	0
11931	2057	5583	4266	4233159	583353205	0	0
11932	7645	11684	11746	4233246	583365299	4378604	612463007
11933	8	10982	9616	4233778	583450110	0	0
11934	8304	8461	10946	4233908	583470094	0	0
11935	4360	6207	3244	4234485	583571656	0	0
11936	2810	9571	7421	4234775	583630876	0	0
11937	1102	10090	18701	4234844	583643837	0	0
11938	1432	9753	7685	4235885	583857440	0	0
11939	5652	9105	7333	4236114	583904064	0	0
11940	864	1940	1716	4236470	583980748	4391215	614601611
11941	6601	11692	6556	4237900	584262760	0	0
11942	5294	11441	11666	4238058	584294960	0	0
11943	104	1355	698	4238596	584401980	0	0
11944	5618	9218	16772	4239842	584625211	0	0
11945	5204	6557	6701	4240920	584841864	0	0
11946	271	9969	14536	4241267	584907869	0	0
11947	9124	11926	9537	4241564	584962973	0	0
11948	1313	3310	1925	4241760	585007397	0	0
11949	1167	10569	1330	4241923	585036994	0	0
11950	2491	5293	8526	4241934	585039382	0	0
11951	492	2940	2784	4242527	585163336	0	0
11952	818	7367	5756	4242557	585170529	0	0
11953	2446	9543	2609	4242755	585209098	0	0
11954	5907	6395	7269	4242975	585255753	0	0
11955	5903	9628	3582	4243339	585331828	0	0
11956	3956	4665	1842	4244056	585489139	0	0
11957	5772	8216	6761	4245294	585732301	0	0
11958	5473	9518	11265	4245405	585752934	4273884	591031940
11959	1720	3526	1733	4245666	585803399	0	0
11960	7507	8374	12926	4247521	586139795	0	0
11961	159	8931	7645	4248284	586275928	0	0
11962	706	9096	8972	4248842	586376185	0	0
11963	7102	7166	6485	4249874	586548290	0	0
11964	701	2796	2365	4250456	586642394	0	0
11965	4348	8697	12650	4251843	586851699	0	0
11966	7989	8423	9729	4252139	586894646	0	0
11967	1177	11406	13035	4252195	586905160	0	0
11968	9183	10370	13458	4252919	587024236	4420301	619565312
11969	4089	9230	4413	4253636	587161828	0	0
11970	1735	8874	9591	4253664	587167158	0	0
11971	6723	6944	4720	4253783	587193615	0	0
11972	1253	7610	5093	4254554	587336614	0	0
11973	8043	11691	4947	4255374	587482036	0	0
11974	3921	10456	10264	4255447	587496121	0	0
11975	1484	8622	12154	4255558	587521088	0	0
11976	6298	6438	11655	4256355	587692564	0	0
11977	263	579	296	4256437	587711907	0	0
11978	3757	5634	6666	4256505	587725580	0	0
11979	2883	6072	7307	4256558	587733404	0	0
11980	606	7158	8247	4257321	587899536	4306012	598176140
11981	8095	11849	3019	4257590	587955355	0	0
11982	6112	10420	14969	4258147	588063870	0	0
11983	6030	6460	1900	4258244	588082142	0	0
11984	4927	10299	7216	4259878	588428041	0	0
11985	1112	6259	3215	4259894	588431580	0	0
11986	3333	9738	8620	4260305	588515487	0	0
11987	3650	9488	9229	4260343	588523928	0	0
11988	905	950	1089	4260527	588562058	0	0
11989	673	2712	1147	4260821	588619678	0	0
11990	8191	10881	4605	4261230	588711406	0	0
11991	236	11708	1968	4263155	589086491	0	0
11992	7068	7633	8005	4263387	589128716	0	0
11993	1628	6230	4642	4263641	589168327	0	0
11994	2615	3754	2920	4263695	589175581	0	0
11995	880	5752	3133	4264049	589244425	0	0
11996	2959	9348	12449	4264095	589250846	0	0
11997	3495	3893	3369	4264263	589281267	0	0
11998	10190	11810	8448	4265319	589462744	0	0
11999	831	2454	1323	4265920	589579699	0	0
12000	1753	11068	7269	4265937	589584323	0	0
12001	9668	10949	7226	4268065	589951343	0	0
12002	7172	9374	14400	4268732	590066254	0	0
12003	1081	1662	1712	4269213	590147287	0	0
12004	3521	9269	13681	4269550	590209386	0	0
12005	5722	10721	6684	4269868	590269220	0	0
12006	7396	8275	6259	4270377	590359136	0	0
12007	7396	8927	2806	4270377	590359136	0	0
12008	8275	8927	7459	4270377	590359136	0	0
12009	1198	6486	3448	4270873	590456807	0	0
12010	6953	11488	9772	4271042	590490436	0	0
12011	2902	3021	5402	4271798	590647396	0	0
12012	4028	4173	4137	4272179	590722652	0	0
12013	137	10936	3319	4272872	590853578	4389740	614300319
12014	4721	11958	12137	4273884	591031940	0	0
12015	3235	7259	1290	4274240	591094732	0	0
12016	982	11205	13080	4276316	591444988	0	0
12017	2355	2866	3929	4277977	591709584	0	0
12018	268	2264	1174	4277985	591710282	0	0
12019	2999	3137	3347	4278014	591713675	0	0
12020	3098	11765	9346	4278029	591715955	0	0
12021	7969	8056	6815	4278905	591855377	0	0
12022	8590	10435	14837	4279268	591912415	0	0
12023	3165	11007	7915	4279322	591920779	0	0
12024	4318	10970	11030	4279510	591960766	0	0
12025	3673	7004	5650	4280320	592115015	0	0
12026	6651	8034	6616	4280558	592158330	0	0
12027	3319	8580	7138	4280681	592183875	0	0
12028	939	11403	29686	4281398	592331912	0	0
12029	4009	5435	5195	4281859	592442467	0	0
12030	3910	4036	4532	4282556	592605027	0	0
12031	1023	9453	10070	4284119	592930775	0	0
12032	3755	11007	9040	4285116	593132250	0	0
12033	7416	10370	11108	4285898	593286460	0	0
12034	1242	7959	4814	4286344	593374129	0	0
12035	4597	5932	3971	4286883	593481669	4348404	607058843
12036	4302	10957	7003	4287065	593518814	0	0
12037	1846	5164	4592	4287640	593641953	0	0
12038	5550	10820	19331	4287985	593712488	0	0
12039	5520	9240	9462	4288263	593771312	0	0
12040	1986	3278	3638	4290326	594197547	0	0
12041	3026	8802	2397	4290470	594225462	0	0
12042	363	8175	5672	4291313	594377904	0	0
12043	6614	9873	3138	4291326	594379659	0	0
12044	1144	3821	3675	4291613	594442984	0	0
12045	4459	9278	12198	4291696	594455780	0	0
12046	1314	9497	6105	4291852	594486288	0	0
12047	1579	3375	2501	4292080	594529507	0	0
12048	2640	6525	3463	4292147	594542095	0	0
12049	9280	10190	8049	4292439	594602796	0	0
12050	2042	7890	8777	4292853	594691019	0	0
12051	844	11018	16844	4293206	594763139	0	0
12052	11014	11509	30029	4293526	594836698	0	0
12053	5808	10422	7579	4293546	594841447	0	0
12054	4296	4852	9328	4294119	594996309	0	0
12055	5502	7387	14295	4294718	595154514	0	0
12056	642	10913	6230	4294981	595221209	0	0
12057	4248	11807	15146	4295106	595256472	0	0
12058	1404	9509	6264	4295297	595319019	0	0
12059	739	11461	4864	4295739	595462147	0	0
12060	4268	4688	6453	4295992	595535067	0	0
12061	4114	9503	3438	4296805	595771084	0	0
12062	2466	10252	15218	4297292	595904784	0	0
12063	7141	9637	12541	4297342	595916138	0	0
12064	1052	1093	889	4297895	596066445	0	0
12065	4775	7157	8471	4298100	596127395	0	0
12066	8606	9099	6515	4298913	596365844	0	0
12067	801	11682	8209	4299249	596461255	0	0
12068	1454	6635	11042	4299676	596572767	0	0
12069	715	11601	28594	4302651	597343325	0	0
12070	2691	2941	5234	4304498	597808319	0	0
12071	3734	9128	17956	4304536	597819804	4429727	621698029
12072	2028	5743	1265	4305805	598130174	0	0
12073	6494	11980	11176	4306012	598176140	0	0
12074	1674	4034	2799	4306512	598295591	0	0
12075	2872	7993	2531	4306759	598355156	0	0
12076	7912	11261	11882	4307016	598416392	0	0
12077	1426	10184	3240	4307132	598448981	0	0
12078	8026	8563	12335	4307366	598512265	0	0
12079	1846	7354	2764	4307491	598541377	0	0
12080	8670	9171	12779	4308438	598774930	0	0
12081	4984	10997	16668	4308957	598907187	0	0
12082	28	433	467	4309163	598962639	0	0
12083	1844	5019	3473	4309503	599054573	0	0
12084	4811	11493	8381	4309639	599087337	0	0
12085	2293	6765	2100	4313526	599981419	0	0
12086	2560	6211	4735	4314153	600102233	0	0
12087	1251	10652	3232	4314611	600195333	0	0
12088	1775	9585	3104	4314694	600211443	0	0
12089	2007	3704	6823	4315006	600273163	0	0
12090	4966	8397	7604	4315251	600323173	4383924	613327881
12091	34	10733	15075	4315783	600425122	0	0
12092	9066	11523	18759	4316185	600507776	4341214	605160628
12093	8733	9215	4466	4316494	600575392	0	0
12094	6464	11345	7710	4318401	600986265	0	0
12095	6670	10881	5190	4318766	601063584	0	0
12096	6832	7448	4835	4319412	601198490	0	0
12097	4764	9906	6906	4320080	601320683	0	0
12098	4110	4382	6871	4320547	601408357	0	0
12099	168	9684	7263	4322506	601754585	0	0
12100	4788	9577	3104	4322864	601816978	0	0
12101	7852	10170	14403	4323575	601943790	0	0
12102	4496	5336	3950	4324882	602172329	0	0
12103	3697	6268	5820	4325122	602213443	0	0
12104	2035	3843	3690	4326497	602435821	0	0
12105	1569	7904	13651	4326701	602467173	0	0
12106	1409	2921	1896	4326770	602476431	0	0
12107	10235	11069	12331	4328040	602687038	0	0
12108	2937	11062	12419	4328174	602709521	0	0
12109	5311	7185	7011	4328297	602732218	0	0
12110	3683	6677	14118	4328706	602805871	0	0
12111	1528	10615	10026	4329144	602884103	0	0
12112	7602	10101	13990	4331105	603250624	0	0
12113	1004	9798	12156	4331300	603288071	0	0
12114	1267	5181	1262	4331644	603357395	0	0
12115	904	7377	4630	4332463	603517551	0	0
12116	3058	4372	3250	4333726	603745803	0	0
12117	2132	9692	4935	4333991	603787731	0	0
12118	726	6053	3984	4334084	603804081	0	0
12119	5398	7183	12573	4334401	603861657	0	0
12120	3840	10242	3605	4335446	604039567	0	0
12121	3292	8809	11286	4336576	604232133	0	0
12122	7629	8797	8074	4336592	604234332	0	0
12123	180	468	227	4336798	604274975	0	0
12124	3519	11428	9936	4337429	604385666	0	0
12125	5777	11853	5960	4337938	604479588	0	0
12126	7299	7914	15808	4338038	604495733	0	0
12127	5938	8427	8339	4338473	604581169	0	0
12128	4093	6388	4454	4338595	604605679	0	0
12129	2812	10258	15260	4338701	604625641	0	0
12130	95	617	790	4339623	604811268	0	0
12131	10698	10781	10639	4339666	604821092	0	0
12132	6889	11262	13656	4339685	604823497	0	0
12133	8716	11432	19591	4341048	605126331	0	0
12134	469	593	387	4341100	605139376	0	0
12135	2724	12092	19905	4341214	605160628	0	0
12136	2778	7078	1769	4341264	605174046	0	0
12137	10426	11590	9327	4341363	605200317	0	0
12138	4122	11564	5625	4341887	605340000	4438977	623819280
12139	6278	10956	13714	4342379	605481160	0	0
12140	4900	8456	24921	4342777	605592923	0	0
12141	8878	9860	11378	4343503	605807104	0	0
12142	6163	9720	19679	4343826	605898588	0	0
12143	880	6860	1683	4346884	606712823	0	0
12144	839	1622	1932	4346973	606734775	0	0
12145	578	12035	4091	4348404	607058843	0	0
12146	7764	10935	4600	4348554	607088825	0	0
12147	4160	5862	2723	4348624	607104305	0	0
12148	8061	9935	20218	4348634	607105861	0	0
12149	6395	8319	7104	4350001	607414965	0	0
12150	4437	6194	13416	4350004	607415471	0	0
12151	5536	6615	5678	4350447	607519130	0	0
12152	6872	10205	6897	4351297	607710304	0	0
12153	3043	4623	4903	4351594	607773554	0	0
12154	3101	4145	3453	4351724	607798869	0	0
12155	4606	4898	2885	4351963	607850890	0	0
12156	6124	9111	10742	4352415	607953925	0	0
12157	2632	4930	2234	4354694	608428902	0	0
12158	511	2508	1454	4355881	608653613	0	0
12159	1518	10140	8041	4356697	608791249	0	0
12160	6584	11469	13101	4356822	608813096	4449643	625834625
12161	7327	10988	12878	4357214	608889720	0	0
12162	126	6808	3300	4357854	609028072	0	0
12163	4173	5265	2842	4358210	609100141	0	0
12164	1521	5802	4243	4358285	609116685	0	0
12165	793	11166	7639	4359920	609423437	0	0
12166	1116	5801	2891	4360879	609590505	0	0
12167	7733	10775	7035	4361139	609636220	0	0
12168	6955	11073	1721	4361285	609661411	0	0
12169	4359	7786	4822	4361884	609771209	0	0
12170	422	7190	1824	4362281	609844899	0	0
12171	299	5812	5417	4362560	609889776	0	0
12172	6664	9862	8941	4363117	609983665	0	0
12173	11196	11328	5633	4363152	609989752	0	0
12174	5915	7844	5903	4364207	610164393	0	0
12175	265	5532	1222	4364635	610237632	0	0
12176	5558	8325	11990	4365099	610321078	0	0
12177	5418	7088	2496	4365369	610367219	0	0
12178	8518	8758	20440	4366013	610477135	0	0
12179	2638	9447	8772	4367530	610731333	0	0
12180	1119	9727	990	4368068	610814763	0	0
12181	9016	10086	4958	4368265	610847873	0	0
12182	4061	5528	2601	4368287	610851124	0	0
12183	4871	5965	5452	4368321	610857650	0	0
12184	3720	11777	13715	4368661	610911902	0	0
12185	5142	5351	3408	4368869	610949090	0	0
12186	2532	2721	6492	4368901	610954344	0	0
12187	1492	2819	1798	4369755	611115526	0	0
12188	3957	6735	1736	4371028	611339066	0	0
12189	621	823	306	4371606	611431375	0	0
12190	4520	10683	10542	4373211	611668978	0	0
12191	6514	7721	6867	4373497	611709363	0	0
12192	635	2653	1966	4373625	611728632	0	0
12193	340	11311	2644	4373787	611754487	0	0
12194	2097	4736	7424	4374762	611899745	0	0
12195	5975	11750	11713	4375220	611965953	0	0
12196	2667	6715	1024	4375558	612022296	0	0
12197	2697	5131	5380	4375611	612033197	0	0
12198	2239	11685	2133	4377006	612231349	0	0
12199	7774	9661	6082	4377572	612313683	0	0
12200	3182	5962	6399	4378001	612375551	0	0
12201	203	4101	4195	4378089	612388887	0	0
12202	8962	11932	19168	4378604	612463007	0	0
12203	4809	5739	3368	4379472	612606575	0	0
12204	4068	8758	18489	4380026	612693062	0	0
12205	775	5619	1386	4380499	612774069	0	0
12206	889	10479	3693	4381470	612932302	0	0
12207	1086	1523	854	4381924	613006773	0	0
12208	16	1375	581	4381969	613014911	0	0
12209	2821	9044	4249	4382673	613115748	0	0
12210	7072	10075	21340	4382794	613131809	0	0
12211	2492	3211	1412	4382968	613160121	0	0
12212	3673	6077	3943	4383912	613326178	0	0
12213	2339	12090	10224	4383924	613327881	0	0
12214	600	7050	4094	4384633	613440416	0	0
12215	1057	8625	14061	4385422	613565794	0	0
12216	10756	10971	13462	4387861	613953837	0	0
12217	801	10286	15516	4388134	613998756	0	0
12218	1452	4761	1883	4388285	614023802	0	0
12219	5684	6143	14575	4388597	614079452	4428939	621509901
12220	6963	8968	1648	4388741	614107183	0	0
12221	2472	9909	14815	4389005	614160782	0	0
12222	7477	11881	4359	4389481	614252236	0	0
12223	3931	9295	7918	4389700	614293993	0	0
12224	1698	12013	4377	4389740	614300319	0	0
12225	10419	11439	8343	4389782	614309163	0	0
12226	1375	5026	3062	4390492	614457511	0	0
12227	1507	11940	2130	4391215	614601611	0	0
12228	6922	10276	5266	4391516	614660370	0	0
12229	4785	10890	7371	4391860	614733448	0	0
12230	3817	9771	10130	4392909	614945285	0	0
12231	2638	5291	4432	4395066	615360812	0	0
12232	2102	2929	2303	4396528	615608791	0	0
12233	1261	1379	1076	4398345	615874877	0	0
12234	991	9374	5473	4398800	615937120	0	0
12235	1052	9576	3964	4398907	615952497	0	0
12236	4172	7434	8923	4399798	616067594	0	0
12237	1201	3060	2437	4400376	616146917	0	0
12238	7385	7415	19918	4400564	616172245	0	0
12239	2053	3589	2218	4400938	616225276	0	0
12240	2676	3593	1689	4401121	616250128	0	0
12241	10189	11534	9484	4402253	616416197	0	0
12242	4045	9503	9017	4402566	616459227	0	0
12243	5002	11351	12820	4402835	616497711	0	0
12244	2153	8515	1490	4402936	616512472	0	0
12245	4238	9903	16485	4403612	616618952	0	0
12246	3488	4379	3779	4404080	616696187	0	0
12247	4656	5368	3587	4404749	616808339	0	0
12248	8269	8683	17505	4404841	616824433	0	0
12249	7910	10540	5745	4405427	616934789	0	0
12250	1850	2304	1765	4405507	616951172	0	0
12251	3052	4653	2206	4405602	616968073	0	0
12252	2932	9330	12143	4407045	617212821	0	0
12253	1533	7553	2500	4407306	617259918	0	0
12254	2585	11514	1874	4407660	617318467	0	0
12255	1452	5069	5698	4408032	617382516	0	0
12256	1362	11883	3439	4408269	617432856	0	0
12257	1028	4420	677	4408788	617527919	0	0
12258	8681	10410	12277	4408940	617556166	0	0
12259	5943	10752	11910	4409112	617592679	0	0
12260	2757	3780	3264	4410575	617861253	0	0
12261	5422	11314	13060	4411665	618046733	0	0
12262	2404	2553	2322	4411669	618047114	0	0
12263	848	7281	2466	4411801	618073260	0	0
12264	1051	5503	2727	4412324	618170982	0	0
12265	5667	5954	3970	4413201	618317835	0	0
12266	5050	7667	7512	4413350	618338884	0	0
12267	6197	10274	11474	4413672	618394944	0	0
12268	2575	4470	1389	4414037	618457098	0	0
12269	6742	8997	5541	4414619	618558753	0	0
12270	366	5646	1417	4414825	618595440	0	0
12271	3670	3797	4780	4414968	618625438	0	0
12272	4138	8827	8804	4415039	618638431	0	0
12273	467	8584	869	4415249	618679471	0	0
12274	1781	3839	2549	4416842	618957866	0	0
12275	5772	6326	6309	4416862	618961103	0	0
12276	3049	6898	8544	4417224	619023752	0	0
12277	2803	7183	3823	4417417	619057610	0	0
12278	4982	10980	10471	4417910	619140987	0	0
12279	1506	5906	3593	4418344	619223485	0	0
12280	3348	3724	4118	4419803	619474785	0	0
12281	3242	6600	3681	4419933	619498305	0	0
12282	10101	11531	14221	4420080	619522683	0	0
12283	8751	11968	16505	4420301	619565312	0	0
12284	8328	11038	11394	4420675	619641475	0	0
12285	254	1287	589	4421178	619742451	0	0
12286	2022	4872	919	4421642	619838761	0	0
12287	1853	7804	5094	4422225	619963707	0	0
12288	2210	10413	5780	4422839	620079668	0	0
12289	6354	11761	27848	4423136	620133625	0	0
12290	382	1972	1307	4423144	620135605	0	0
12291	7508	10944	22128	4423219	620150990	0	0
12292	264	4252	1197	4424163	620374344	0	0
12293	1350	10440	24730	4424188	620380609	0	0
12294	10230	10477	8043	4425663	620771535	0	0
12295	3191	10358	6050	4425854	620817779	0	0
12296	1603	6926	2237	4427363	621155664	0	0
12297	667	10820	14384	4427386	621163078	0	0
12298	3326	10327	7897	4427656	621223262	0	0
12299	6970	11662	9469	4428496	621411207	0	0
12300	5586	12219	15412	4428939	621509901	0	0
12301	9364	12071	23413	4429727	621698029	0	0
12302	6413	8088	5226	4430185	621813155	0	0
12303	1765	2140	1623	4430483	621885335	0	0
12304	7508	10129	13317	4431818	622205343	0	0
12305	1230	3209	2434	4432567	622385508	0	0
12306	3408	5337	3549	4432693	622411855	0	0
12307	3702	5436	4834	4433772	622667041	0	0
12308	3046	6845	7710	4433786	622669867	0	0
12309	10960	11447	18778	4433869	622683595	0	0
12310	1097	2023	3912	4433879	622685897	0	0
12311	3462	9286	13612	4436172	623204045	0	0
12312	5988	7183	8068	4436909	623371688	0	0
12313	5599	8535	3229	4437288	623458514	0	0
12314	7156	8552	6273	4437420	623486023	0	0
12315	1300	2549	1031	4437502	623500343	0	0
12316	2194	12138	8020	4438977	623819280	0	0
12317	1040	2635	1056	4440499	624126561	0	0
12318	1396	9496	5248	4440992	624211486	0	0
12319	3008	11590	5444	4442352	624439615	0	0
12320	1475	2120	3049	4443002	624548396	0	0
12321	8304	10143	10023	4443797	624679385	0	0
12322	329	11581	3924	4443860	624687543	0	0
12323	4839	8888	5144	4443954	624703166	0	0
12324	2383	5860	8011	4444157	624735905	0	0
12325	9047	9394	12794	4444508	624791708	0	0
12326	3365	5346	6402	4444551	624798921	0	0
12327	4701	10645	19885	4445058	624893889	0	0
12328	2507	10373	6298	4446209	625134069	0	0
12329	3681	4199	8671	4446568	625210392	0	0
12330	6823	8838	7792	4446793	625259996	0	0
12331	6151	7422	8851	4447179	625333251	0	0
12332	281	5050	3731	4447189	625335212	0	0
12333	17	5463	4114	4447276	625354156	0	0
12334	10470	11537	1971	4448189	625545586	0	0
12335	3993	6632	8239	4449225	625749446	0	0
12336	5428	9911	17332	4449561	625815228	0	0
12337	9952	12160	14029	4449643	625834625	0	0
12338	2452	6951	4457	4449706	625847354	0	0
12339	5206	8438	4164	4451575	626275869	0	0
12340	8680	11039	3048	4451580	626276226	0	0
12341	211	1028	190	4452045	626378151	0	0
12342	4054	11285	2703	4452236	626417015	0	0
12343	2186	9801	3890	4454175	626784306	0	0
12344	2119	10628	12935	4454703	626869390	0	0
12345	699	3399	1951	4454919	626906609	0	0
12346	6635	11146	10420	4455338	626981621	0	0
12347	3719	4196	5087	4455744	627054244	0	0
12348	788	855	1197	4455787	627061267	0	0
12349	3211	6073	4713	4455901	627081798	0	0
12350	7686	8704	11634	4455919	627085905	0	0
12351	4896	6200	4247	4456314	627172403	0	0
